"code","iso","country","PBD.ind.1996","PBD.ind.1997","PBD.ind.1998","PBD.ind.1999","PBD.ind.2000","PBD.ind.2001","PBD.ind.2002","PBD.ind.2003","PBD.ind.2004","PBD.ind.2005","PBD.ind.2006","PBD.ind.2007","PBD.ind.2008","PBD.ind.2009","PBD.ind.2010","PBD.ind.2011","PBD.ind.2012","PBD.ind.2013","PBD.ind.2014","PBD.ind.2015","PBD.ind.2016","PBD.ind.2017","PBD.ind.2018","PBD.ind.2019","PBD.ind.2020","PBD.ind.2021","PBD.ind.2022","PBD.ind.2023","PBD.ind.2024","PBD.ind.2025"
4,"AFG","Afghanistan",0,0,0.455719138541482,0.239560776413384,0.356074436713115,0.548192701692358,1.56650081922827,1.77826612613298,1.61306781046585,1.779529480318,2.13327004440366,2.56821912730773,3.06118637124332,3.42102933633672,3.86637712274276,3.10282813899815,2.60940505519856,2.83096189186026,2.69899380310484,3.09771379080576,3.65584422938245,4.57969419166476,4.8265479751865,5.91494793681582,6.58753371005834,3.58883449928634,5.94830576614955,6.14889281105931,NA,NA
8,"ALB","Albania",36.4651757302191,36.592278148603,37.0224397806974,36.9551699976709,36.2749340007423,35.928393002644,34.9737551341695,33.9634448455394,33.7826381539608,33.8471127901005,34.7709474461146,35.7471406839715,35.9963336054477,36.653710820882,37.2299554154786,37.6679772369954,38.2637451443143,38.8232804164462,39.2748644825732,39.6323147102778,40.4816369655358,41.0342997018423,41.5742687562208,42.2818751099132,44.0110159857818,44.5576953003912,44.6558649705805,45.8727767832291,NA,NA
12,"DZA","Algeria",21.2198340357144,21.3830548506193,21.4416902980417,21.6517469440871,21.9748969010133,22.4538473379628,22.9382151477612,23.5415814528685,24.1560644494385,24.874083253968,25.3406473290838,25.5932459759221,25.9041414532626,26.1736819510534,26.2990395431474,26.4627705955231,26.3766896776996,26.6739050205286,26.4715091990162,26.1636416619509,26.2957010288955,26.2228884488339,26.235506120263,26.4463666040783,27.801527912511,28.6359313162081,28.3513784703037,28.2124455685145,NA,NA
20,"AND","Andorra",80.6300436269901,81.2666526057816,81.6593858525948,82.0937978771111,82.4824380775187,83.5817727287029,84.2638562256973,85.4458034432046,86.6110217927638,87.6308628873557,88.9811282380536,90.1822793003912,91.4126639044678,92.4799981296841,93.0423432779228,94.0627903414842,95.0680474830433,95.9892427914313,96.9478328581456,97.3949786127147,98.217738286023,98.8674701981702,99.5934637117962,100,100,100,100,100,NA,NA
24,"AGO","Angola",48.6752482408007,49.0866447534766,47.2230920620099,46.2702094165524,46.01734355718,45.5835634244948,44.8973608458193,44.6351055868636,44.6551706088636,44.480853155052,43.1716770408989,42.8379619078575,42.143398647524,41.8723051117353,41.8078417831677,41.9445137898992,42.4926814672088,42.757247398065,42.9110758412913,43.3220859660207,44.3315511188492,45.0340814754995,45.6189376099853,46.082006058866,46.1372528823146,45.4719279425738,44.4543248348507,43.5418365825103,NA,NA
660,"AIA","Anguilla",NA,NA,NA,NA,NA,NA,NA,NA,NA,NA,NA,NA,NA,NA,NA,NA,NA,NA,NA,NA,NA,NA,NA,NA,NA,NA,NA,NA,NA,NA
28,"ATG","Antigua and Barbuda",46.8022505997927,47.8601502200087,49.157930827852,50.4827790861851,53.3218404051579,53.7429022150514,54.8214219388903,54.9545922333569,56.6021978993549,56.4730747119694,58.5849951184629,59.6422342342442,60.8854308024466,61.9295797530985,63.1209736755618,63.7516713568417,64.6685002035425,64.7359103895995,65.5003468179961,65.8556287309153,66.6657212179854,66.4069845415636,67.759893944134,69.0195238113718,69.822579858085,72.6186203985973,72.7447291663683,72.3467235889193,NA,NA
32,"ARG","Argentina",36.4902851005114,37.824937149499,37.9494409442499,38.270584746778,41.2584824601142,42.2517996067389,42.6281713958385,43.5633162413331,45.6083707553732,46.7756600471535,47.6560481384277,47.0429603674213,49.1431067874993,49.9528360409131,49.884516079811,50.8489491516085,51.8163109532998,53.1068331450718,55.033144005199,55.3741111765081,54.9222931966991,56.7951674459605,57.7372500666129,58.6160100964656,59.7832058579047,59.0691157115616,57.2662471447097,60.6774347541014,NA,NA
51,"ARM","Armenia",12.0667101940621,13.0163150450617,14.120313831878,14.6972788585881,15.3130081617945,16.0807721146443,16.4219229344351,16.5146280926024,16.2529910606234,16.0580401305492,16.3892138773325,17.0080579201437,18.1279153962785,19.2256977268651,20.2467232896381,21.375616346528,22.1454851195466,23.2323099069308,24.4657106890965,26.1438163296171,26.3543841307461,25.8885829284918,27.2676960335092,28.6311751191454,30.1930644700039,31.7410418957568,32.4263551898853,36.483328347098,NA,NA
533,"ABW","Aruba",NA,NA,NA,NA,NA,NA,NA,NA,NA,NA,NA,NA,NA,NA,NA,NA,NA,NA,NA,NA,NA,NA,NA,NA,NA,NA,NA,NA,NA,NA
36,"AUS","Australia",50.2978686135127,51.7726312396768,52.9223673747124,54.4387400007066,56.4717783455447,57.8641499117878,59.2775366697747,61.0246923513048,62.7764621755642,64.9214534860771,66.6115414181468,67.6141312470374,68.4506879197495,70.6510971801296,72.5310885604358,74.2197824476267,76.4445881882725,77.7945095698042,78.6108133729549,79.7217124596451,81.5798581139255,83.2286446519919,84.7526903303407,85.4027596505874,88.0525227095785,88.7852137578053,88.956349707549,90.4786211216409,NA,NA
40,"AUT","Austria",50.477396972466,50.6081285418865,50.8475824931077,51.5016817033879,53.5144939697543,55.5008045473736,57.4438902594758,59.8117020311162,62.1617350104896,63.4356720080349,64.5319747306457,65.7830456938541,67.242090178351,67.5053165909377,68.5468609868378,70.1566060049635,71.1052226092719,72.2389185358157,73.8708335930921,74.0244419986337,75.5954578805395,76.8290435081222,77.8068782534177,79.1956605211082,79.7725146453541,81.3778001983624,81.0246395715361,82.2546794395062,NA,NA
31,"AZE","Azerbaijan",7.72339442708666,8.47765688066475,8.73318960022732,8.59464087338719,8.5679849938991,8.71434463044471,8.19743905350381,7.60760518312006,7.38767267845424,6.94197756329234,7.05525656630975,7.88438758631506,8.49524214185847,8.98433852414547,9.43570129536359,9.58050882309115,10.073317977464,10.9339926821929,11.7711699566165,12.5601675184427,12.9629663751393,13.6238957759347,14.334897146886,14.0217779037339,12.649193357378,14.0284137040569,18.8780600556177,19.5997916297649,NA,NA
44,"BHS","Bahamas",51.56342524605,51.8681125837857,51.9285479492751,50.8143871193843,50.6132401930245,50.9914800491081,51.1913982564387,53.6031920318445,53.3139778445808,53.640994151568,54.3082866091952,56.1695865941105,55.9718067788569,56.176275729337,55.8936584654838,56.7618629545014,58.2858763348248,58.6917283959674,58.857805540878,58.2373416764805,58.3281238293238,58.4642632472896,58.679987652382,57.5829112966579,56.9247533023177,50.9641679516734,57.3423450022549,59.3118932392435,NA,NA
48,"BHR","Bahrain",21.864716866034,21.582415751566,22.2202423355034,23.1942251704625,23.7717664726421,24.8106897274994,25.5411911510417,26.3262409752626,27.8909260985316,29.7745880820685,31.7557746948811,34.2942265264245,37.1302814941192,39.8176558186682,41.8886955214656,43.6558200240742,45.3469986758033,47.6747296719678,49.8916508897381,49.3774394001876,51.5531551840469,53.2491289509225,53.1807282871873,56.3194932020367,57.5660137850632,56.9256036235064,57.1825528003441,56.2564927219507,NA,NA
50,"BGD","Bangladesh",30.4266321638516,29.6426536798696,28.503516111634,27.2456451570265,26.5806407312611,24.9752170149733,23.2966345184414,21.3284708396674,19.6683009001409,17.9760546436849,16.9477691670253,16.9040066868076,17.2706779382822,16.8492958192537,16.4882507056798,15.3325442696394,13.2627356302054,13.0481388945418,13.0383587507614,14.0230511074706,14.3201134464962,15.3708445766767,15.4726911142285,16.9142555161455,18.6282368044283,16.479088377781,16.9604458082448,17.2145169694297,NA,NA
52,"BRB","Barbados",55.2034937794495,56.3062076170895,59.3830937266448,61.1920974811239,62.0328519876392,63.1895311749137,65.0148581633154,64.9508302505902,67.247130667513,69.468444701787,68.756516278344,69.291651242898,69.229022742763,70.635460591078,72.4206186545988,73.4401368979316,74.2892390704747,73.6504238667603,73.3651463140336,73.0745542328688,72.9126021338855,72.8184086718559,72.7948202288619,72.8660487126546,72.302095257884,71.5639421704912,70.9135525887272,71.3429530970301,NA,NA
112,"BLR","Belarus",1.0796999287499,0.211815693011872,0,0,0,0,0,0,0,0,0.0364907105078629,0.616286996684451,0.889044413117816,0.57654756361741,0.425962934458965,1.85286802162923,3.12801011377036,4.42120954601575,5.78167601180051,6.91038386763081,7.88463614201119,8.71391164456169,9.18844590801281,9.71442573420124,11.0521170099385,11.5169299337044,10.5126717976948,10.7266672624296,NA,NA
56,"BEL","Belgium",44.9035365161323,46.5383466382864,46.6674611335491,47.5688459005919,49.3042513838429,51.2477719559432,51.9789025103616,53.155023197526,55.4498685481737,57.3519127163912,59.6301045984568,61.1119239468282,62.4086748538453,64.1806583696322,65.8421245386986,68.038594704821,69.1945928683231,70.7481935630323,73.0321292614264,73.7156547634583,75.4846934167642,76.8863677537329,78.4826964803114,80.3606661237719,81.5723044411708,82.5167460633189,82.1766842244042,83.7596610289544,NA,NA
84,"BLZ","Belize",40.7514624526981,41.2857712336339,41.995146396228,40.9837311395315,39.213298723947,42.79065399642,43.8077631575901,44.5679349357184,46.5487789428144,47.7307739849631,50.4738852544187,51.561101132992,52.6304753291236,52.5349535767687,53.6881725093534,53.8954352774465,54.9394983035833,55.7413363866831,55.7683568233515,55.6529714096258,55.7377156772482,56.021744228322,56.4092311004031,57.1077137736847,57.6361288401335,58.1285707566717,59.9692296801661,60.1396106850979,NA,NA
204,"BEN","Benin",44.117847515715,43.7058175161809,42.8276947118315,42.4900581015299,41.8463769352114,43.1517725749459,44.1645881724045,45.917878056532,47.8249410247643,48.6523951244116,48.3909904092568,49.0293380829834,47.8229941353153,46.9036032438675,46.4299914631461,45.3859127981048,44.6592557049922,45.5018458367165,45.6794406374205,42.2495508838638,44.1527352085674,44.796370561522,46.0847533866013,46.9275178405607,47.1559420742614,49.2658759528999,49.7120418935307,49.3175390561556,NA,NA
60,"BMU","Bermuda",52.7010206330204,55.4960763966936,56.9024392834384,57.267336221375,59.2806409557565,61.6679993926541,66.1343983941177,68.1221980159278,67.7185002542035,68.6091265603594,69.1756677668444,71.0110484694869,74.8359349266779,78.0105523918324,79.9083274576683,78.4453262449475,79.2861245382774,79.6534812124054,80.74727947565,81.1783994084237,82.32260813808,83.5587262842046,83.9043103580342,84.2475243894209,84.0623837418793,83.845423589728,83.8454235643855,84.0301772002681,NA,NA
64,"BTN","Bhutan",28.2620561976003,27.1850250183388,27.6733230119192,27.6833606992693,27.6816120795382,27.3293407349818,27.4578171223385,27.1466154133735,27.2631877943038,27.8156070290601,28.6862796354391,29.8208615023563,31.3841214860945,33.2065835724972,34.3184026957295,34.3449233535652,33.8321160967312,34.6746995820467,34.8357998741823,35.8960222192261,36.716625996742,38.0339083807795,38.9541018024885,40.5557796033056,42.1345430546598,41.684168141643,42.0754851554565,42.7497627531177,NA,NA
68,"BOL","Bolivia",31.2776323028638,31.9401371647949,32.4791198987346,32.893014067808,33.2531902534873,33.3622994682718,33.6511259737589,33.5133988565616,33.3097887631191,33.2869621689126,33.5376893795044,34.4105398707893,35.4571431317394,36.6347174087351,37.5106508734546,37.9053510074314,37.8126403545623,38.0111605403869,38.0430577109107,38.0343140520671,38.0463300393795,38.5252866583165,38.7716931221315,39.1237140665619,31.740747374542,34.8104604200982,39.8110749155914,41.451524869048,NA,NA
70,"BIH","Bosnia and Herzegovina",24.4017625512261,24.5937938361547,24.9167897302863,25.0954733087748,25.4482771807606,25.8716067073119,26.8786077962496,27.5323961818769,28.0667661292656,28.3568491824308,29.0530402556215,29.911553580659,30.8928562270247,31.7298452291477,32.4650456245976,32.6565244787111,33.5710221288325,34.2688581142036,34.6209080493647,34.4007584490575,35.3802003513096,35.5567541325185,35.6942962382118,36.4212952246583,37.1724609622284,38.050107403207,38.638486654049,39.0564783220737,NA,NA
72,"BWA","Botswana",57.028886478291,55.0184720066285,52.8295196035433,51.0538204607886,49.4975856749872,48.8141189876693,50.0237448978236,52.9348924968127,56.2094489530461,58.1343489940298,55.8108479712868,60.163215093244,61.0829673667071,61.6823442229304,62.4507787069465,62.7338300986876,62.8665675084662,63.2951887093224,63.5357664356096,63.0431452773187,62.7192220948579,63.4575110692853,63.6801072140885,63.8804625406546,64.0435313126025,59.9352857467795,62.2394234675509,61.6702982160155,NA,NA
76,"BRA","Brazil",44.4029124776701,45.5165386287015,45.9526674400338,46.7713479014168,47.7941516751883,48.6605097664432,49.4363357732457,49.8859205860077,50.4220575132347,52.2600232529736,52.914825751679,53.5850623604977,54.1878923447451,55.0804401278785,55.5428743543978,56.2114944288454,57.6065939994957,58.6012250039402,59.8253550948458,60.2552486458928,60.5806024164575,62.088767775497,63.423664966714,64.2756821981598,65.6528640323606,65.7548608868938,65.6137324632889,67.3472022515199,NA,NA
92,"VGB","British Virgin Islands",NA,NA,NA,NA,NA,NA,NA,NA,NA,NA,NA,NA,NA,NA,NA,NA,NA,NA,NA,NA,NA,NA,NA,NA,NA,NA,NA,NA,NA,NA
96,"BRN","Brunei Darussalam",74.1492405666864,74.5692829631266,75.0039180604575,75.7946201301009,76.3937810936531,76.9594205796316,77.4292047233911,78.2056479324289,79.4574705570505,80.1376165188543,81.3993533063585,83.112233811234,84.4976596369227,85.519770170163,86.4407304125058,87.4438914549389,88.5150518008502,89.5275752550298,90.1941565507992,90.4677068727637,91.0861617848418,91.5408713520256,91.7870366716604,91.8329926089831,92.2841646508079,92.9410436856361,93.8909287788002,94.7216419646088,NA,NA
100,"BGR","Bulgaria",17.2014937913256,16.1409184631328,16.6241111859655,18.0316019496567,19.3780281878982,19.8319810968449,20.375552711436,21.209174992154,22.2992051085595,22.5438219522249,23.3657392721181,25.1447155048662,26.8859987988712,27.1686235954712,27.6510282482003,28.6665087117164,30.4620727927243,31.6016726622951,32.1024665088027,32.4491897489947,32.8483534496716,33.2102053031304,34.2860508716558,34.6742702527543,34.2798991073731,33.9963242361465,35.826128172397,37.8481466633254,NA,NA
854,"BFA","Burkina Faso",57.7904495961318,57.6964877515049,57.1791313788556,56.3275156029428,55.1940470689243,56.1571674128324,56.0069750175054,57.0781929377917,56.9896718059239,56.536003586294,55.8166796180724,56.5412121189831,56.9529266566281,57.6032031646526,58.2932178883168,59.1065629264166,57.9969544638449,59.3974584907322,59.2212099571425,54.463868091121,55.4391859832353,56.2970069426954,57.1706776198459,58.8904707867113,59.3844274748618,61.5842855744948,56.7703316228397,54.104255978509,NA,NA
108,"BDI","Burundi",61.6693106484004,61.2355633314415,61.0876454846763,60.6078178730873,59.9153112701078,59.5915629611565,59.3233275044956,59.1111032283541,57.8961144244112,56.465254445253,55.1956074205316,53.7345581274542,52.2385265305511,51.8065625036323,51.4625048254976,50.8222450156493,50.3522567031625,50.4823586319664,49.8644499650804,49.5369099754899,49.4598798924191,49.7036866084586,50.349117424847,50.3773393371099,49.6825541819322,45.9969375166865,48.005618567862,46.8671692014301,NA,NA
132,"CPV","Cabo Verde",50.324713056852,49.2269553839642,48.1852744751087,47.3055523090305,47.0264422149633,46.8853491115036,47.1552913610527,47.5572804199423,47.9139889930537,48.1472096264842,48.3034462987951,48.578069897554,49.9209117952989,50.8152855827032,51.5630611029142,49.1226218493782,47.9492556095872,50.1768028565413,51.2097265332781,48.4525845432586,50.0251133445319,48.784700535667,51.6835657570359,51.0418195640305,52.1036768554313,53.1505351311775,50.8955298040568,50.4272332396313,NA,NA
116,"KHM","Cambodia",39.4723096313307,39.4532076026514,38.893424322194,39.0953004905796,39.3803561243684,38.9991812663985,38.8188829206177,38.7644061616326,38.463355498697,38.0934828528059,38.3795276303039,38.0329422821411,38.1196449881865,38.3962139939228,38.5729855996529,39.2763171378772,38.8137493432027,38.1380873127947,38.6950483173618,38.4580764201754,38.0888464229938,38.758089153056,38.4657493978174,38.2501723250216,37.7135500614903,39.5356501722892,38.4809858246088,36.9747067214549,NA,NA
120,"CMR","Cameroon",42.44515935685,41.732671209401,40.3966170542829,39.1997755568133,37.5419291439114,37.8063210445089,37.3207227772664,38.0663709360572,38.5977296949244,38.541153623788,37.4140541929036,37.614989699093,36.3610793871905,35.4058965838669,34.721202432285,34.4016251739128,33.7707546398814,34.1840629938056,34.5331288644417,31.7229188544562,33.6695004735054,34.4741665066963,34.7234418049197,35.1593088102452,35.4207623577818,35.6468862445995,35.344973811236,34.4266697742454,NA,NA
124,"CAN","Canada",56.6549900579799,57.8570759217854,59.3709524017579,60.8733386452022,62.7127571350314,64.6673048724449,66.0929780393834,67.5278680923325,69.4206716675259,71.1043315564709,73.0788630604375,74.2534829484739,75.5078981665108,77.443168702353,79.1099749906733,80.9613779174028,82.0746688657598,82.981063555985,83.9012685624195,84.5972830658063,85.6484880538526,86.4718427103195,87.3594715696325,88.8547196795916,88.4255442314245,89.5932794331202,90.4435733957012,90.3477256350423,NA,NA
136,"CYM","Cayman Islands",NA,NA,NA,NA,NA,NA,NA,NA,NA,NA,NA,NA,NA,NA,NA,NA,NA,NA,NA,NA,NA,NA,NA,NA,NA,NA,NA,NA,NA,NA
140,"CAF","Central African Republic",36.1879809308143,36.7312466382402,36.1706957744724,36.0016343371041,36.7596894275852,37.1220793010989,37.0751446539507,37.8595565783314,38.4255164602176,38.8973152848866,39.0912294404403,39.6111702944737,40.204446934417,39.9084351198758,38.442859391697,37.3679378930021,37.3800832414824,37.5316848066901,38.0363245219007,36.8474699249716,37.4191936446551,37.2481342486446,37.8054860756771,37.0089429055432,36.8411787213712,37.4441212768506,33.8673571531486,32.9461594458564,NA,NA
148,"TCD","Chad",36.8315194917327,36.2138502178142,35.6448767294278,35.0299510106597,34.0751402642165,33.4093172083813,32.7553774443681,32.6858247245215,32.4462709812858,32.1101766057189,32.1978449837777,32.2141730987356,32.3241683867703,32.2175521096587,31.772575383536,31.2143831420534,30.7186424930239,31.5412754774241,32.01050233609,29.0784974267289,30.265684478481,30.9094729130884,31.2259010206439,31.7360641163458,31.4188113015162,33.0539579694837,29.0711571561055,28.0283570080388,NA,NA
152,"CHL","Chile",65.7938214728904,67.5202435528732,68.057920350503,68.7742858376042,69.5451117707186,69.8031582266157,70.5026921620473,71.0112129276359,72.1080600714501,73.2577180158476,74.4223332361324,75.148754068498,77.0553751424143,78.2129015352959,78.4473026870027,79.7586351439585,80.4924507024592,80.9606434719527,81.4409139016904,82.3373109725478,83.9192007548331,84.9771724015321,86.2214167132088,86.9795110154541,88.5012855315543,88.5691728384331,88.3904000098694,89.6846807368512,NA,NA
156,"CHN","China",28.4833006022328,28.9291377862627,29.2738879173507,29.5470809649611,29.9208345556149,30.5539758875219,31.5513598659239,32.4252247447512,33.8715520513716,34.8771688628802,35.5236389480245,35.9059411145563,36.4776735562914,36.9971182029066,37.6689455080473,38.0526628066349,39.1437983142341,38.7878080336331,39.58219899065,39.6399735376709,39.0033693861384,38.8383594121573,41.1911687642708,44.3100898064841,46.623604802362,44.470320948935,43.9689598268007,45.3457928238846,NA,NA
170,"COL","Colombia",46.2676756327788,49.1298574092249,51.3755577053874,51.5012737242454,52.039406504206,53.2301576148434,54.0284236720671,54.5384048833461,54.6612363342255,54.7577738012847,55.3190294252353,56.3449779212811,57.2446207777478,58.8013492112166,59.4083544207394,60.2648091023704,60.8545249516996,61.3971302365577,61.4521941395911,61.5168071017708,62.0932311274579,62.5425261225155,62.8695005634856,64.3480837386222,64.2284738638413,64.8116948747552,65.2635420112496,66.714717474978,NA,NA
174,"COM","Comoros",86.4862701208099,87.357709582776,86.3826434313474,86.8585146157235,85.1950745888553,85.9085399062503,84.7286989543034,85.1543446172105,86.8598032036286,85.4698415534256,87.3853602812902,85.0887114656112,85.9157739186755,87.3587102140789,88.7819234229321,87.9882305953247,88.4360147266083,87.7629412359926,85.4953160257236,85.4423241692597,85.4713216511412,86.241234974313,87.3766944695221,87.2526221402941,84.6227310169826,80.0191721435605,85.8474462066947,85.3486202432107,NA,NA
184,"COK","Cook Islands",54.0059335605436,52.9746831145399,53.1970892719848,53.1480619194867,53.0431311364927,52.7070798917714,52.5089512412945,53.122643292892,53.7320466450087,54.1666037323717,54.6011684944634,55.0496558231565,55.4200591483178,55.6688471363279,55.7211078928536,56.1758801629571,56.1857716011364,56.2699437622546,56.5595599287767,56.6904354075355,57.6175123501847,57.8074082366226,58.5663539265818,59.66411259759,59.4291395329599,55.6531260610276,58.0286430109509,58.5585556415214,NA,NA
188,"CRI","Costa Rica",37.7446953914245,40.4993819122704,41.7873331981044,41.6333913233616,41.6133982923007,42.6255318700506,43.7950488874826,46.0671500082623,46.8072143852138,47.348443479165,48.4800522876968,49.8698055540464,50.7678192206573,50.8585693928058,50.6721817239983,50.702181981463,50.7963581097329,52.1605786923899,52.4281553685291,54.0488232859229,55.2166742912473,55.9136761574377,57.4008970955739,60.0550644089461,60.4452381064942,58.2725592992604,56.7838835032009,56.003849782739,NA,NA
384,"CIV","Cote d'Ivoire",52.5984380519634,51.4351094267323,50.2875271412643,49.5089630965744,48.390968273574,49.5395757532875,49.4624653529215,50.8091468459393,51.1171167762359,51.3565863608053,51.3457294238923,52.4658740415622,52.5604504501733,53.1485325571471,53.6809690507342,51.748492270169,49.2220800812673,48.6593762001006,47.8164205570878,42.7575040756389,43.4126909138924,44.282125750281,44.5331761898072,46.6127436399536,45.7486150417203,47.3314434246955,43.2453293704882,41.9030325397616,NA,NA
191,"HRV","Croatia",38.034252232513,37.7678028917992,38.1104380997118,39.036166314383,39.4759297565202,40.1197084446906,40.2206726181985,39.3754498353215,41.4233937981801,41.6928939395255,42.347982248738,43.210533579358,43.7005596190817,44.3177997468976,44.9280956227382,46.6161722708747,47.7268146989033,49.1868652373444,50.3569533401112,50.8273352750937,52.4298141710078,53.3197114924049,55.3116234793915,56.5881542700243,56.6854357359169,57.0259151369448,57.6189791292439,59.4648527756306,NA,NA
192,"CUB","Cuba",28.2839872333173,29.7926054193484,30.7551359341725,31.967317751485,33.6579549610082,34.9602897870516,36.3849933152168,36.9252335491464,37.1071177552439,36.8650890183902,37.9439137908228,38.7402014748538,38.859508086428,39.2824115002682,39.3974226861189,41.1557983418213,42.0902992887203,41.9793891914559,41.5812338185325,41.4073083057429,41.5227134618024,40.8329160488123,41.4080204417819,41.9607784985312,41.7547211414086,39.466821141403,46.068707411837,45.3989781357256,NA,NA
531,"CUW","Curacao",NA,NA,NA,NA,NA,NA,NA,NA,NA,NA,NA,NA,NA,NA,NA,NA,NA,NA,NA,NA,NA,NA,NA,NA,NA,NA,NA,NA,NA,NA
196,"CYP","Cyprus",38.8774443234608,38.9718320564741,39.5211280849265,40.8742956945736,41.511235981097,42.8031708742388,43.6620369461506,44.851036516269,45.5614638119004,46.94441039678,48.2741235939864,49.2762673229131,50.8426638773289,52.3639784765639,53.7723010026856,55.7233749037785,57.2502834538431,58.9474687051733,60.3051612042226,61.4111403949566,62.6686661489257,63.7516524980504,64.9934595037702,66.0585668482188,67.1533122628249,68.2072244068433,70.0883576814954,71.3827170938913,NA,NA
203,"CZE","Czechia",36.2872624152807,37.2389133246211,38.9616759845699,40.060847085354,41.6346111626354,42.4366413154921,43.1253058849641,44.0327745741833,45.124262340589,46.163662929738,47.3527127648459,47.4985965606365,48.3302850573027,49.033438180965,49.6957090338786,50.1613047925414,51.1439081106859,52.5629606693266,54.6623468737753,55.6006935114931,57.2790070009528,58.0710522231682,59.2437008924615,60.224084952499,59.7212519018017,61.073403226006,62.1872316794923,64.1641395790139,NA,NA
180,"COD","Dem. Rep. Congo",42.4252988039531,42.6217602703399,42.0661845144171,41.1637019165233,40.5237786978245,40.2265787699544,39.3449231887165,39.099179035021,38.7486969326921,38.4344464100985,37.9392071608296,37.6911014506728,37.1722592686892,36.9038134964384,36.7088701517618,36.3696903974499,36.237216675666,36.1091959401378,35.5355143552421,35.240954387406,35.2543057076223,34.9058444587969,34.3080376229456,33.9541747973861,31.9886255542697,32.7222847707994,29.6849871803344,29.6537240932117,NA,NA
208,"DNK","Denmark",48.1745328438364,50.5631194776194,52.3815798672814,53.6463304547884,56.3069944964411,57.2688273471052,59.1992117843245,61.0032336480206,63.4927946198691,66.0307224816076,68.0120464457361,69.882708857834,72.1531077016012,73.9619920406999,76.2234625044527,79.3698602410372,81.4146336451558,83.5257706663113,85.7036113890167,86.5480959227887,87.6611973483136,88.725311632298,90.1467834121949,91.5995066260178,92.6897158484505,92.2462590550217,92.5012039002974,93.5586496290041,NA,NA
262,"DJI","Djibouti",74.1356288212765,74.1734904685914,73.1619416603945,72.7591500774189,72.3443659838309,72.1744010026042,72.1531406185261,73.4775473165538,72.0454002287712,71.9068419661296,71.4016130476592,70.7532857473864,69.9979079790448,70.1800909178327,69.7218659934541,68.989958739031,67.9550314142985,68.101022428974,69.5238114751273,68.325170309817,68.6864565340277,68.2543219855275,69.5069188969221,69.6522359892957,70.9820331717923,68.1661359461982,69.3135732297278,68.2466196434731,NA,NA
212,"DMA","Dominica",46.7650922103939,47.5423789840886,47.7465310886739,48.7442867324821,49.4396399086957,50.1828260181654,50.829919230924,51.084398305134,51.5700151569536,51.9602275912944,52.3407637916253,52.7911932354328,53.1422424902124,53.4585101182251,53.4453048711525,53.5879420366982,53.565442222895,53.630250581399,53.7453250898713,53.7657898658081,54.023366059569,54.3507641215677,54.7140273501998,54.9300030150471,54.4333883073174,55.8630409930806,57.417167748441,57.8498371558467,NA,NA
214,"DOM","Dominican Republic",28.650974463861,29.394897296769,30.0452935897099,30.4014626924553,30.45647006296,30.6296418801213,31.2445247255778,31.4694197641721,31.4449010098903,31.142587916419,30.6973809405407,30.1847158669224,29.7153215424037,29.1763605585955,28.5057397805506,27.4342917549715,26.7153809105749,26.4010043005803,26.0959698873479,24.9795077591071,24.4129540577559,23.9204947159171,23.2940522921735,22.938970457047,20.8912382811363,20.6668810588584,20.2908424199702,20.9415178329532,NA,NA
218,"ECU","Ecuador",39.8220512450247,39.5921603828253,38.6473967388353,37.7651266807545,38.2669933413822,38.9972060355489,39.3640735191827,40.7349792729272,42.0248314742242,41.4919440054099,42.1642299723885,43.6755829945232,45.6685435269896,48.4115465897619,51.033941389057,52.1451014560384,53.0512868581329,54.0509407152904,54.1427432352086,53.9170358898797,52.3167489983015,51.3817588503678,51.1338649915519,49.6299205625695,47.8390352494977,47.2556876437098,46.5910976213065,47.1197546505996,NA,NA
818,"EGY","Egypt",0,0,0,0,0,0,0,0,0,0,0,0,0,0,0,0,0,0,0,0,0,0,0,0,0,0,0,0,NA,NA
222,"SLV","El Salvador",33.3385756134502,34.3100879381424,35.1532709934349,35.1981761270605,36.0432983464247,36.6003541268933,37.0164583858669,37.2877843926073,37.3823603883939,37.3028412567977,37.3388687518796,37.3144796968367,37.3511893688544,38.0076499112755,38.4084273774237,38.9546765530413,37.5281661946669,36.7694194953071,35.9543464611681,35.3815719053585,36.1132054474295,36.0352530455029,36.1396236576483,35.9797269150818,34.8544731522013,33.4387155336557,34.5100013110007,34.822023808572,NA,NA
226,"GNQ","Equatorial Guinea",33.1876107162104,31.7675926958748,31.1449895217838,30.1428465072223,29.4440733004077,29.8232237980528,30.7971697174009,32.2397534512572,33.0896860797556,33.2525727341533,34.3139193239118,35.3715607251228,36.0309114153318,35.889214000819,36.5099242587939,37.9338372303926,39.3891068231818,40.5459975123727,40.618460096053,39.8738780764629,40.0892049773848,39.7026174075575,39.7683381874463,40.0151934039127,39.0396211822016,38.061122755943,35.6414334097946,34.8329431128601,NA,NA
232,"ERI","Eritrea",57.5940862379675,56.9504475311198,56.4538664957511,55.8557312349792,55.5676637987848,55.9266169082402,55.4090891711082,55.7321469512334,55.7153066562937,55.7384060923328,55.4522613002547,55.0865315446786,54.7264005560866,54.4996549474666,54.5053581603557,54.3240153390326,53.6486434938628,53.3942601747555,54.6080116900171,53.3470593917219,53.5064814623286,53.2314578365962,53.2173196117016,54.2499136132329,54.7174328678864,54.7826575946431,49.5486121052069,50.4987482479259,NA,NA
233,"EST","Estonia",12.8833746778658,14.4650845231303,14.8187172935457,15.3320485916646,16.1022007326865,16.8100991158228,17.0184512602937,17.7853452069945,19.2566825846823,20.6413190368053,22.070791728504,23.7340021853331,25.4290530653369,27.8280844900917,29.5878406877885,32.5927540214088,34.5275770284981,37.1325595763272,39.3592416511726,41.5069808565752,43.0181752328205,45.1240522832657,47.6772235881654,50.9719256916327,52.8719426150243,52.7013120295614,53.8669238985226,54.4433766659887,NA,NA
748,"SWZ","Eswatini",44.9192382471885,45.885305589202,46.942174689505,47.2187969191653,46.9927188942642,45.6209777802672,45.1152004545066,43.6860812542527,42.217597498247,42.3419810672819,43.9680611559344,45.9661747381819,46.7285906946387,47.2780283130888,48.4984259349676,49.8965110909319,50.9889421913557,52.3797599979101,54.231671483079,56.1353175125488,57.742445298483,57.8863319848625,57.6998839405575,57.5815506080332,55.3306266265392,52.7468471600543,54.3917870823855,55.1971166967078,NA,NA
231,"ETH","Ethiopia",62.6313578671086,61.6840234110449,60.8467118968325,60.1243092295461,59.6539045043919,59.2369469166334,58.9088100310917,58.8701482844948,58.5562000372434,57.7734263997699,56.7305858550233,55.5298242574654,54.3389848720516,53.6910262961865,52.9518753986527,52.3985827681742,52.3789662618054,52.5779249044054,53.1965395373068,53.470483633986,53.7235610574746,53.7264764084543,53.7092239683272,53.9567149535679,54.6128706625609,52.0901295774171,51.3238914042969,50.2640989701779,NA,NA
234,"FRO","Faeroe Islands",NA,NA,NA,NA,NA,NA,NA,NA,NA,NA,NA,NA,NA,NA,NA,NA,NA,NA,NA,NA,NA,NA,NA,NA,NA,NA,NA,NA,NA,NA
238,"FLK","Falkland Islands",NA,NA,NA,NA,NA,NA,NA,NA,NA,NA,NA,NA,NA,NA,NA,NA,NA,NA,NA,NA,NA,NA,NA,NA,NA,NA,NA,NA,NA,NA
242,"FJI","Fiji",34.9616161760748,34.4091579169167,33.4836301468143,33.0364148825893,32.942916963299,32.4572743562693,31.7179178586232,31.8288848863027,31.63813046971,31.6863020893027,31.4803531731396,31.4045094600411,31.2955261705097,30.8520278235831,31.4527062053188,32.0806188031056,32.4134452750003,32.7917865741334,33.2179532139573,33.5816619746682,34.0257371389871,34.6507283516528,35.045978821281,35.8616294962844,36.4135166978756,36.3763947576967,35.3851443347122,34.6364748449035,NA,NA
246,"FIN","Finland",59.2272484557894,60.3312939371443,60.7379790434418,61.4113331372158,62.5763874521318,64.0919306295092,64.8582338444428,66.2692664439612,68.1625938581062,69.4455495367101,70.3867544595724,71.4517506511529,72.6601636725191,73.8354271976208,74.9202436683869,76.7272809330815,78.2085457235419,80.0558739765734,81.3509722503603,82.4816394449208,83.689199781208,85.1408308845533,86.9095561819719,88.8166660135814,89.6584889273641,90.0796155396996,90.9729834216263,90.0802648203393,NA,NA
250,"FRA","France",70.5722904521044,71.5735963275634,71.7667386552206,72.3137497365845,73.0095378579649,73.7787881109478,74.6386778806653,75.4271673677004,78.2789230128407,79.0643497431013,80.7312598907788,81.956831980424,83.0879519984521,84.6409884364077,86.0400219843448,87.8550007780873,88.7108801565758,90.1944610457496,91.9792253828621,92.1722279347912,93.4947859270438,94.5124075285326,95.297006437489,96.2869014838319,97.1007575402837,99.0221211799201,97.6573309960329,97.5924995865423,NA,NA
258,"PYF","French Polynesia",NA,NA,NA,NA,NA,NA,NA,NA,NA,NA,NA,NA,NA,NA,NA,NA,NA,NA,NA,NA,NA,NA,NA,NA,NA,NA,NA,NA,NA,NA
266,"GAB","Gabon",62.5917969238804,61.7634206699171,61.5839640413872,62.2325708400421,61.6880702729593,61.1811941977298,60.0365938900923,59.7878286132171,59.3931176261601,58.4896878684685,58.0015326553456,57.6381351002103,57.8399645949231,58.1607211130202,58.8105553464289,59.1132828351898,59.0110945206157,58.058203983375,57.821756978367,56.5585325473106,56.8635815614203,57.4335202042507,57.7502315352567,57.8684041125276,57.4024688412372,58.058908275396,55.4576140251762,55.30393721439,NA,NA
270,"GMB","Gambia",55.3876374427681,55.6761537514291,53.0821429496793,50.2431139319506,52.6091492322867,54.7169813284854,54.5734415203916,54.3091596562573,51.4459762362763,50.3263079120081,51.1304483447415,51.2653937886176,53.1251092263339,52.6409671123977,53.7521687817535,57.1615043813403,55.8862264490457,57.7608766452195,54.4163276949697,53.0367161768747,51.4266353916923,46.7478065590275,48.0025206276667,46.470462871567,46.0809877432335,46.2882876523032,44.2800180651575,42.1870913570011,NA,NA
268,"GEO","Georgia",2.59080584684192,2.06696010889658,2.7905391764878,2.31853624887042,1.53622948428773,1.39300175841566,2.90707816710058,5.1184120925043,6.57116957783002,8.30497303060841,9.41926385098746,8.92454951046254,7.98915814165129,8.42917097595146,9.55395342242659,13.6624175810771,15.1492816892629,16.654432249171,17.6889301761806,19.926588029351,22.5194891673062,22.6188149375957,23.412244984568,25.2664617884147,25.8844442430262,25.8893574932048,26.9988670697452,28.6708270958082,NA,NA
276,"DEU","Germany",52.3654929993728,53.0841491042323,53.6672176262719,54.8310738002777,56.9121655316074,58.295700380281,59.2829581398197,60.2702082675892,62.5959734353524,64.1784702799576,65.7847272217076,67.2015861992709,68.8785728885085,70.0567226557422,71.3395841547783,73.2694143774488,74.1613589704397,74.8159737368584,76.6047979993072,76.4031361126081,77.9301625653059,78.959439856256,79.754399528617,81.0169350296392,81.2004391516509,81.5104011360147,81.5746758288367,81.6081737320078,NA,NA
288,"GHA","Ghana",40.4653700846897,40.2548589444795,39.5869882552876,39.5016497976938,38.8601987373366,40.7613931354208,42.6662394886706,45.9171671931905,48.2834261598084,49.858918315631,50.7856921754367,52.8810329986822,52.2885413660252,52.1656782999007,51.9233453676639,50.0231142099941,48.8752363584827,50.2193109737891,50.352043592835,45.625591757248,45.78306645225,45.7240288766993,45.9888757884462,46.6056780719568,46.2209607524139,46.6733936696306,44.7391736217495,45.7130909817953,NA,NA
300,"GRC","Greece",39.8238234388228,40.2866817010992,40.6207047679648,40.936454235248,41.6607588857923,42.7643658470597,43.0750941344339,42.9829460833636,44.0141486678703,45.6008064835386,46.1665285746794,44.7271864219159,47.8889780600419,46.8311801782529,47.6182479357501,48.2110017526803,49.3113713074045,52.652674254131,56.0966794498005,57.1935579525734,58.677814559612,58.8726887667983,60.3306489558191,60.9090566303853,61.3109577732744,61.3250362356146,62.3062382202258,63.0409055671115,NA,NA
304,"GRL","Greenland",42.7171638146866,42.9149950972957,43.2330818049403,43.8197466592407,44.467311193058,45.0930501884181,45.957970863232,46.8286898152858,47.8265895036793,48.8995446012,50.1556706751453,51.5785484849871,53.3149438631717,54.591032160346,55.6137005223986,56.6791962680584,57.5740226219825,58.9204769285056,59.8017546127531,60.2598752504498,61.5087444559559,62.6494790462009,63.9657177879966,65.421087364688,63.7227054846235,65.1622937344208,68.1841016613126,70.0648046352701,NA,NA
308,"GRD","Grenada",38.656229082885,38.4522589330246,39.3336748080277,42.4464420560651,43.8855463112195,44.2698181234846,45.0579090554529,45.0105155018722,44.7374388159377,45.4048158801242,47.6925738286271,49.9377992682448,48.5688644951984,49.9800715238198,50.5913882419466,51.3313197530461,52.2292720695346,52.1911937947521,52.4416458104615,54.1625831659181,53.1874671702066,54.5834037307589,54.6074676007115,56.8867024144288,55.9606000489219,54.4361915389175,56.3875282592971,57.2473849659561,NA,NA
320,"GTM","Guatemala",34.8643152619176,36.860139623794,36.4389902476411,37.7762072006613,42.3502041238377,44.1093504784029,46.3996827682158,46.5018948910701,46.5341890869338,46.5474461667364,45.9807998078673,45.2716632631542,45.6763164668693,45.482694287136,44.1538444445087,42.331262155298,41.9842652430603,42.6930995041052,42.2984712597556,42.0297361028235,41.9572976325933,41.8083690587095,41.8757590090122,41.5427519626765,39.1525263845078,37.6720118884616,39.5439013861772,42.1544248695642,NA,NA
831,"GGY","Guernsey",NA,NA,NA,NA,NA,NA,NA,NA,NA,NA,NA,NA,NA,NA,NA,NA,NA,NA,NA,NA,NA,NA,NA,NA,NA,NA,NA,NA,NA,NA
324,"GIN","Guinea",38.775378048883,38.8216730732487,38.500563097841,38.4784043095174,38.7207677804311,39.2572404544341,39.6784828869358,40.4032207996301,40.9886552283593,41.0433266688808,40.1398429117663,40.0218010543474,39.6303880033898,39.162490776448,39.0474950477857,38.6319117122479,37.9761737858215,39.3323511353458,38.6523136537794,36.0770733922088,36.8583247215,37.0450487287586,37.357564259059,37.8359993092512,38.2885293268589,38.5305491248463,34.508832276765,34.2351496552673,NA,NA
624,"GNB","Guinea-Bissau",37.9093876231171,37.9632974164013,40.035395886896,39.8018051641261,39.2774810831949,38.3225790580282,37.3620861376331,36.7839802031384,36.2508006934395,33.9358185180662,34.9688542081146,34.9958333698037,33.7308614510561,34.1203656193036,33.7965844721269,33.3601923714464,32.1940363538432,34.2026778411735,33.6238834408523,30.7465522055784,30.7511212423612,29.5998710160862,29.8480640769884,29.9950172709384,30.0942350849133,32.040522711045,27.7327271646449,27.2722250033715,NA,NA
328,"GUY","Guyana",18.8538413903964,19.1144743096828,21.6653156647791,23.6047593259745,27.1404873993427,24.1964895114011,23.7010705514729,22.2039471906656,21.9778613137584,22.3610418771464,22.8155444297516,22.846642924536,23.2032014333299,22.9865953883574,24.6699484626331,25.0186421804168,25.1210229047326,26.4899268681291,27.0300581104207,27.9432924794769,29.5976167842653,32.354182452891,34.370721049049,38.7210651515728,36.9771374975081,35.3243171226698,37.2622329215233,37.4229032002546,NA,NA
332,"HTI","Haiti",18.3839636629739,17.2123421013681,18.2357257260564,17.3205442431955,17.1123017404995,16.6445437308012,16.6459345840817,16.4657133741989,16.0618091700876,16.3997683923117,16.4785055543728,16.195263303399,16.179407563786,16.3108463963452,16.5812206297147,15.625035842089,15.21084763774,14.4431458019928,13.9894760878622,13.6019599988145,13.2864805718627,13.1646502300232,12.7189746737725,12.5590768463355,13.2775121097666,12.7614479688743,11.4776343906586,10.6157994739731,NA,NA
336,"VAT","Holy See",NA,NA,NA,NA,NA,NA,NA,NA,NA,NA,NA,NA,NA,NA,NA,NA,NA,NA,NA,NA,NA,NA,NA,NA,NA,NA,NA,NA,NA,NA
340,"HND","Honduras",29.7756466572511,29.422086818757,29.3914301674744,28.7537336991655,28.5915440958365,28.4678951492748,28.3269912844271,28.198682286603,28.1712484095529,28.4070570711487,28.7247752470608,29.1151862353601,29.5269756972398,29.9592055328108,30.0982830547041,29.5183484337681,28.6577115374792,28.3831330769259,28.5972994664727,28.5390379598459,29.501314998314,29.8999025879749,30.189863581148,30.6265757566022,31.5420968378658,29.8193106047796,29.7353648360095,29.4046902643094,NA,NA
344,"HKG","Hong Kong",NA,NA,NA,NA,NA,NA,NA,NA,NA,NA,NA,NA,NA,NA,NA,NA,NA,NA,NA,NA,NA,NA,NA,NA,NA,NA,NA,NA,NA,NA
348,"HUN","Hungary",21.7973933756135,22.4054628466813,22.3993728700675,22.9096673597801,24.4856754414515,25.7680640553724,26.3062899624093,26.2589125882739,26.1655016926574,25.0800877466833,26.5120997079393,27.9709047629254,29.2938397784904,30.2664357580998,30.9249933935375,32.2486177023712,33.484862849659,34.8039187622987,35.6093188298797,35.9903389662094,36.6269056684766,36.7246473101807,37.5149303245207,38.3116663096758,38.1597780480388,38.6131999902849,39.6222289931996,40.8112483606018,NA,NA
352,"ISL","Iceland",49.7297405337901,50.63502435895,51.5860660235129,52.4727596344907,54.7338341999428,55.8816073039645,56.7983606413673,57.9206288737579,59.2873000538071,62.0409746660596,62.5617691317038,63.8329683709615,65.339407799019,66.8564112544865,68.2315822015062,70.0151944702036,71.6048618328169,72.8555886791391,73.9000833042263,74.506360407992,76.6926634601392,77.6103044652118,78.7623592586134,80.1549564934434,81.3510181937377,83.3592299381363,82.1639011255575,81.8519554974848,NA,NA
356,"IND","India",24.1689218227447,22.7441050966592,22.1591016007465,22.4354839581503,22.9215192992626,23.2158739330524,23.403169355976,24.0624485385713,25.139380165353,25.2919627682708,23.7807902160221,22.7079599564257,22.9494759006101,23.4273593451731,23.3353012299836,21.7459537520317,20.035620981156,20.4471448650589,20.6816078600809,21.3371511908048,20.76916445278,21.9818000341887,23.0457840271561,26.2524374811856,28.2470846804497,24.6251438140737,27.769696652952,28.0381560720121,NA,NA
360,"IDN","Indonesia",34.7377453373204,34.4449349005161,34.3954906394318,34.278389083152,34.1350479191775,33.9995179999919,33.6773492510341,33.0123322129492,30.2291176077657,31.6977831377717,31.1191456379263,30.7855466915618,30.2733796780355,30.0193181320111,29.9767064827364,30.1498179953662,29.5554012971202,29.3872267720568,29.5724518958582,29.4617014752969,29.9299856478441,30.8506289944558,31.3237083822364,31.9788653635426,31.9547968846403,29.578731275352,33.0635128328604,33.6029717247715,NA,NA
364,"IRN","Iran",13.6204221415395,14.0158097621301,14.3344390292447,14.7318680503241,15.1535548915286,15.7371169027639,16.4826919102822,16.2369093254256,18.9400705089501,20.2323453906399,21.3855402539874,22.4073037907752,23.4247654342546,24.3448432993765,25.3596307655698,26.2801889333884,27.3896835824549,28.0451500204591,28.7325780664263,28.8802346549303,29.6380563848095,30.8663613753563,31.6551241915787,33.0753992928292,34.023378162648,36.8727785673229,37.9412642098403,37.922268802338,NA,NA
368,"IRQ","Iraq",21.9360029131794,21.0819852853455,20.192825911058,19.4405216436905,18.8081961125086,18.4504746826955,18.0794604906569,17.8918359407586,17.8158070945167,17.7142427075271,17.4899880827137,17.1636669954686,16.9752629551578,17.6041031818869,18.1518894061673,19.2560043303301,20.0055880883501,21.144765457633,22.0926031058107,21.8185522020693,22.9220397198964,23.5567255107706,23.2219898724268,23.4102817520657,23.0041778512054,23.9112747425327,23.1676012000609,22.6235316898473,NA,NA
372,"IRL","Ireland",36.4786367803128,38.164956780125,38.8407279429968,40.3829400715434,42.6839101604761,45.2644018344863,47.0570592698901,49.5233326343903,51.5706390095297,53.8724507710716,55.6200682094272,57.2876959602135,59.3538264534904,61.6102828408756,63.9188013022272,65.792741146494,66.5952205618097,68.1558072893444,70.489622435486,71.1460015632234,72.4109167940254,74.2763328352807,75.5457905672353,76.9487794717944,78.4759071859644,81.5194803532493,80.4952363902168,80.7112105227836,NA,NA
833,"IMN","Isle of Man",NA,NA,NA,NA,NA,NA,NA,NA,NA,NA,NA,NA,NA,NA,NA,NA,NA,NA,NA,NA,NA,NA,NA,NA,NA,NA,NA,NA,NA,NA
376,"ISR","Israel",52.5849102648034,54.1253923819641,54.2425549382363,57.5838942209282,59.8511260144444,62.0322622802241,64.099383237795,65.8229724845792,67.7853875942828,69.636372608805,70.8628326673179,72.2310730121679,75.0813842373304,77.6835069622099,79.64103818669,80.8813342428332,83.0561253077519,84.7143364961848,86.3050102684398,86.9499354403286,88.127727044242,89.2798034442993,90.8066743744398,91.6643640137793,92.5423855699702,93.9183642875661,94.4817157091894,95.7704306634829,NA,NA
380,"ITA","Italy",57.1594349405617,57.6862036952048,57.6368493857578,59.0618226064562,60.825362584225,62.1926238223057,62.4635025398006,61.8841205369646,64.6207585052532,65.2710670879923,67.2729653838607,68.5173944559124,69.7005519914312,71.1909170070156,72.8972610799803,73.8779953791104,74.7159885550565,76.6563626971114,78.179526193553,77.9459885852772,80.5495870930583,81.3006097631637,83.5744887528176,84.6033452729981,85.0985163166878,86.4582694670483,86.7394289086195,88.0784436275635,NA,NA
388,"JAM","Jamaica",63.3486668741482,64.5019693281756,63.6602309316955,63.0768042165733,62.2139965031993,62.2629843838184,62.559877750879,62.9808105551935,64.5418374708467,67.0070852580739,67.0959408804414,67.2772900981819,66.1005602725215,67.5683373856164,65.8801523856537,66.2123077327462,64.2479475986515,62.2980815351524,60.251785728085,59.0221519763401,58.3841175839313,58.3662916880052,58.7730483463424,59.4874255401177,59.6684808813986,59.0226006676461,60.2808462373187,61.3502244575077,NA,NA
392,"JPN","Japan",88.4038209247891,89.6417608939164,90.5815804045256,90.9057656766141,92.9693824293981,94.1001679528359,94.974538356986,95.6146649206913,96.8414980103247,96.8743193618071,98.116235852986,99.2256125665608,99.9805241230427,100,100,100,100,100,100,100,100,100,100,100,100,100,100,100,NA,NA
832,"JEY","Jersey",NA,NA,NA,NA,NA,NA,NA,NA,NA,NA,NA,NA,NA,NA,NA,NA,NA,NA,NA,NA,NA,NA,NA,NA,NA,NA,NA,NA,NA,NA
400,"JOR","Jordan",61.7686691927183,61.7121862173264,61.736439548617,61.6785404230365,61.4980048819405,61.3161262200765,61.3050931482052,61.7866029567329,61.8227790585029,61.8327274837251,62.247583557374,63.7831236075455,65.0418160204701,66.1315820194834,67.4139027568289,68.8800933488089,70.0491566134254,70.7917510409699,71.9042318528168,72.5687675084526,73.6315179780031,74.1127950812498,74.2628608336895,74.743472048998,74.9254075510252,73.2489570791372,75.5876713983216,76.889030998416,NA,NA
398,"KAZ","Kazakhstan",6.85745952602568,7.61008843693303,8.10016971713146,7.54202738185738,7.68977815749592,7.10711151998186,6.1158972980992,5.32195875177328,6.1003772644457,5.63230004668719,5.35130007866496,6.02914017673214,8.60176916335571,13.7944137279272,17.3446022304225,19.08792607441,21.5054066028435,22.482964517553,25.0152992307225,29.2199469601199,32.0885001002309,33.7018245606597,33.9485443084216,34.9471624857369,34.5518284055972,34.7417877531255,40.39656680197,39.9192437096429,NA,NA
404,"KEN","Kenya",77.9029167064597,76.9350419252807,75.9587756874453,75.1020306865428,74.0893851162457,74.0798662003811,73.78500701312,74.2250128939975,73.7191627072459,73.744382338474,74.0042385946762,73.8740544215824,73.5028677488669,73.4606377073927,73.2754325896435,72.9632814368562,73.1293303561839,73.7431485463474,74.2700412607948,74.3631116913143,74.9811344614626,76.2011343559027,76.4866415117501,77.1617022000584,73.9644339354388,71.5272842265678,76.596472486541,76.1657057207388,NA,NA
296,"KIR","Kiribati",54.6056819362282,53.9463779056445,53.281488643965,52.8570412919376,52.3991287210731,52.008107843879,51.4784113523748,51.0867950809847,50.7587663313992,50.611496332309,50.4617391806473,50.4940267127473,50.4909384457351,50.5508053301392,50.6866691626752,50.7337787128989,50.7690876600969,50.8788117020947,51.1800768548333,51.4133481685934,51.6596299752297,51.9133916133486,50.8125835470584,52.2867698191654,52.4537731748612,51.1256373168168,51.0029913269712,50.4320100015924,NA,NA
689,"XKX","Kosovo",NA,NA,NA,NA,NA,NA,NA,NA,NA,NA,NA,NA,NA,NA,NA,NA,NA,NA,NA,NA,NA,NA,NA,NA,NA,NA,NA,NA,NA,NA
414,"KWT","Kuwait",8.08870030430616,7.14441252204799,8.24382847269237,9.8922022359268,12.1738299586116,11.3738059944233,10.9459608401382,11.2805572900835,13.3927186131461,14.8571877809091,15.0545370373803,16.277094628465,16.9339793694108,19.3328658447546,20.6119610647014,21.664098568792,24.0366436321005,26.1703193182375,28.0663978799429,28.3609933906578,27.9647141307019,28.0692434152509,28.4780970122416,28.6273797777478,31.7874600806241,32.3445101416676,30.5673327600998,32.2495481694968,NA,NA
417,"KGZ","Kyrgyzstan",7.89728476461143,8.49794106697718,8.84404913056274,9.29072075222435,8.23596805757774,7.45214270474486,6.30614720972339,5.38995277248966,5.1226173739653,3.92238347544918,2.74873209324301,2.42912441372984,2.64622381428606,3.26157471118668,3.31944555759731,3.26571122319628,3.26000693130156,4.44467211895383,5.39016553837715,6.31494744492598,7.45922959563291,8.90796759385658,10.736046172556,13.213930341491,16.1545095040052,15.042424489667,16.7611404837048,16.3681011407235,NA,NA
418,"LAO","Laos",28.8841321977261,28.5551706297777,27.9782903411938,27.7023338166621,27.7224723780266,27.5389074509215,27.3895449958106,27.1693612160063,27.078822716243,26.9585991508198,26.9166711918992,26.6963217311094,26.8107131962932,26.8560127768841,27.0181044967858,27.3382180384131,27.4137836757141,26.8022501498949,26.9186232028371,26.6292735381849,26.061200036604,26.4577949617695,26.2823964875891,26.151786360021,26.185314944677,27.3448552067453,25.4802739557825,25.0806099388001,NA,NA
428,"LVA","Latvia",12.3787871969315,14.118071346279,14.8009610785046,15.7478956046323,15.7012540461874,15.7977466050497,15.7685964935134,15.7510161890208,15.1904949535678,15.0241436756015,15.048176882645,15.2708366208317,17.1321651557822,18.8612665111034,20.5773721425609,21.8746656828306,23.7941720659717,25.8652741972687,27.6108833939772,29.2771926339481,31.1194989485848,33.174364615981,34.680819299455,36.5747819535814,36.4567730274567,36.2155083346486,36.2212411801814,37.6891121425775,NA,NA
422,"LBN","Lebanon",65.3838682582667,65.4535104920521,65.6285959294578,66.0120086514136,66.3987311008822,67.1483124286219,68.0015797966493,68.5880681439807,68.6312747092737,68.1823607115716,67.2702700377749,66.285682081346,65.5449688177011,65.2616321040784,65.2008681408747,63.6466456022669,61.5424910097549,59.4809739359849,58.8114143782193,60.5728498623864,64.858032747547,67.1854866771881,65.1676550288247,58.3016655657399,52.6729836157282,68.126342388136,65.3934063304034,65.0759406034205,NA,NA
426,"LSO","Lesotho",44.5286494284825,43.1142030063329,42.0361645476786,40.7429386424307,39.3743336982792,34.6252066537198,31.3597231853692,32.9505712064202,34.4670699408302,38.2038937606066,43.1458715789995,46.4587096833755,47.3261474856914,46.5267615382019,45.8122832930957,45.0827446680265,44.5505256202799,43.7119712102114,42.0090285632073,41.2342113534747,42.2305136971182,43.8713084180713,44.5606508448336,45.4319617422207,46.6626644092339,45.0573985433889,42.0044855643031,40.5528212736197,NA,NA
430,"LBR","Liberia",41.664890089142,42.9731447172354,41.4563295211747,40.2700285566095,39.1527097199735,39.3883412069612,38.8841909161021,39.2012341034131,38.8846505382239,39.4786014815371,38.5434498059208,39.1056431782077,38.3206022647178,37.2411032694603,36.2266121588975,34.1884617372125,32.6532152426876,32.7758037418343,33.606831269005,30.9884253149065,32.1241293045264,33.5840938445232,33.4811383209035,33.4705716345546,31.1251226646438,28.7508105838256,29.615685670337,28.6024900879592,NA,NA
434,"LBY","Libya",36.1178369079617,35.9152495301365,35.2338243315259,34.6858117375184,34.4695781185494,33.9905119246403,33.3722814694281,33.1432645590161,32.7855400177118,32.6063654389045,32.5607058678319,32.8498733991932,33.3222847694325,33.4988012084345,34.2373537902169,35.5538914865183,36.4363794825417,36.0712479699399,36.548945710354,36.5737234280193,36.8428297630909,37.4939078331675,36.836719232974,37.4999565446398,36.3608303519404,33.6025411755755,36.7294721834591,36.741013783576,NA,NA
438,"LIE","Liechtenstein",NA,NA,NA,NA,NA,NA,NA,NA,NA,NA,NA,NA,NA,NA,NA,NA,NA,NA,NA,NA,NA,NA,NA,NA,NA,NA,NA,NA,NA,NA
440,"LTU","Lithuania",13.0148083150233,14.5193365733477,15.9983221217535,16.7557327030453,17.1970184638875,16.4690756728316,16.0808940902686,15.7493745754987,15.122078832036,14.1913154272994,13.9953367161587,14.9346949421609,16.3292995046381,17.6157393017505,18.5951963062159,19.6412211409562,20.9367765574198,22.584407798371,23.6788707857451,24.3520608306037,25.8309896010354,27.7193637631341,29.4913755844459,30.1642356352185,30.4045223389918,31.199269211453,32.9856799154719,34.6524119757512,NA,NA
442,"LUX","Luxembourg",56.5813259572793,58.0306295577133,60.1517326811441,62.2077622636871,63.8216534985952,65.1750083123814,65.8694159250047,66.3415832036105,68.1999005285833,69.8279398253542,71.1127149008333,74.1277224012395,76.2140485489726,79.4155263507675,81.1857000095614,82.2055047114175,83.8983596887748,85.1887214043769,87.1455775529525,88.6593852691989,88.8949713894338,90.1867622235624,92.1463518486204,95.0601619720113,97.1886387190059,100,100,100,NA,NA
446,"MAC","Macao",NA,NA,NA,NA,NA,NA,NA,NA,NA,NA,NA,NA,NA,NA,NA,NA,NA,NA,NA,NA,NA,NA,NA,NA,NA,NA,NA,NA,NA,NA
450,"MDG","Madagascar",53.9418348750944,53.879823828984,53.8903111727799,53.2281610226936,52.9467959330345,52.85919824444,52.914846697536,53.4648334615169,53.727687984954,54.0297409088398,53.7016005427272,53.0563932625301,52.1514518477172,51.7630953539301,51.4166599471513,51.1797195852614,51.5065185321306,51.5845273440409,52.0763219151201,51.8990275527296,51.813183392402,52.4381669328131,52.166284497904,52.4630945136047,53.2338859334883,51.3018372590641,48.660242450402,48.5733293186675,NA,NA
454,"MWI","Malawi",51.9588141668376,51.3011130074585,50.7929740592168,50.5114039108073,49.1019472484719,48.6544099739201,47.6978603964021,47.8940255305628,47.1147042000253,47.8546281253342,48.9827731873578,50.2962633158632,50.7941849342344,50.6148921785331,49.8913986900118,49.7590685245215,50.3977554350069,51.5327967487861,51.9731199030425,52.2423815061088,52.680275634435,53.6202092926618,53.8665290697998,53.9553529497014,54.2477747996563,42.9590350773437,50.7739342914208,50.6651792707964,NA,NA
458,"MYS","Malaysia",46.7835815246317,46.9944373820947,46.0527462504127,45.4459037671306,45.3980577314531,45.857197746066,46.0093974154487,46.5839288923444,47.6228815132548,48.9302007877481,50.3679984520863,51.4087327035747,52.327431988946,53.4146215193924,54.3991004064608,55.7281021564581,57.0613946624481,57.8942436788551,58.8650406485962,59.1584254672441,59.3932579305107,59.8597330807613,60.037587033106,61.2394796480851,62.7819171456227,62.1053502061949,59.7479383376571,62.9056491188433,NA,NA
462,"MDV","Maldives",36.4895796820089,36.6265681935724,37.1093224508082,37.8849068571014,38.3550669674585,38.5293924627383,38.7253989074737,39.1043903847951,38.9020905826463,39.7382180471017,40.2564317870629,40.8519176232484,41.6022780878913,42.1733788368996,42.6691897199941,43.249954951973,43.7263435722912,44.0579981880828,44.7086470771391,45.2336055489463,45.1737989076756,45.3410975691411,45.672928920885,46.1598004019349,46.6211463314205,46.1998821723512,44.9607629272614,43.688069346532,NA,NA
466,"MLI","Mali",45.8814052355664,45.7359809079604,44.9638566585159,44.4871614282373,44.0798934720414,44.5886706429891,44.8154699751577,45.445988643364,45.663725933372,45.9554810405815,45.375187009569,44.8837349401612,44.4412487970454,43.9074026279271,43.7380228118904,44.6726326699549,44.4694629998466,46.9055112304434,46.1701627828454,42.2007491349419,42.9739565599382,41.9724595828853,42.1272826942177,43.2301143603681,44.5489712433156,43.4153991968998,40.8471244971595,39.6318591519181,NA,NA
470,"MLT","Malta",30.2655974476351,29.9546350868929,31.186020510796,30.7477632590754,32.0835238905301,34.2400984588018,35.720463904819,36.8419691197123,38.6973314097786,38.2648038645065,39.6546238002323,41.8003474837639,43.9123601169137,45.8172616109997,46.2709368284304,44.4745075507898,44.7054510382843,48.8031469508523,51.572597341582,52.8971396807803,55.1118141755244,55.6561157319374,56.7414193688215,56.2951563311992,57.8516092033396,59.0338979709818,59.8378256962215,61.5494229683991,NA,NA
584,"MHL","Marshall Islands",23.3355649347207,22.8561789560346,22.1810951717223,21.778258063367,20.7196092644906,20.9855903015619,20.5481644887777,20.0227022038834,19.6311412953882,19.3601225729284,19.0873479637956,18.6788970912589,18.3379654028829,18.124694928157,17.9786514619423,17.856706425229,17.7506142335549,17.610557918098,17.6413522134266,17.7879383162424,17.8324873997654,17.9524194817587,18.1253713893472,18.3733524406253,17.9370506978698,15.6375050713371,16.6877288356521,16.4602263436177,NA,NA
478,"MRT","Mauritania",44.4644832659188,43.5916414116037,41.6117553275584,41.9714349287288,40.491454974928,39.5847890705443,38.7104218362557,39.2209991760022,38.2006985547,38.1608486632683,36.7117478519368,38.1104916849996,38.7422386119635,37.2970710611773,37.9026253843242,38.4072379173928,36.3077277183432,39.1440606506849,41.0907412452442,39.026536972705,41.5036998491134,39.5886588014616,40.7398219539281,39.661799318862,40.0987359111358,38.4751574656752,35.8378024701448,36.2632066730166,NA,NA
480,"MUS","Mauritius",37.8202511421302,37.5876521553978,38.1155096029671,39.8632098544184,41.6686699745037,42.327870898177,43.0322810717083,43.4428887147772,43.5740403816152,43.0381613336328,44.805494508245,45.9589356414999,48.2925186128066,49.7555484534797,51.4684166341029,53.0787844169747,53.7000994685401,53.9834221664683,54.1699408209687,54.3804614393694,55.0036625527026,55.3986300347704,54.2129297030244,55.1794311748766,53.9503818020228,50.4276743123867,49.8235532573333,48.6680450822595,NA,NA
484,"MEX","Mexico",45.6221111419859,45.5015922999495,46.1008645407515,46.8321667183039,48.0393460035967,48.5475758323991,48.43095741473,48.5226375278156,49.0591990811364,49.2880813494897,49.5800252769735,49.1867738029541,48.5653245835341,48.9287527851932,47.5600609153893,48.1711455322883,48.6485877379758,48.8148763849355,48.5095884189961,47.9082843968901,47.1028437239926,46.5137668510358,46.2279824559172,45.956981284975,45.2004923980803,44.1056522433398,45.4984191093679,47.1840855949934,NA,NA
583,"FSM","Micronesia",22.9892121303182,22.8390999604749,22.5723070176244,22.4218009434425,21.1477697219111,22.3956630699056,22.1089202697819,22.2129439341337,22.2920430404368,22.634708633366,22.9947326854946,23.2839728625472,23.7166545269868,24.2452734544175,24.9074228272903,25.499827472327,25.9931842175556,26.3384583359451,26.8140470612639,27.4014347816461,28.0997589908263,28.4722242350782,29.0708874573072,29.593694026306,29.0577911843178,25.5921227499792,29.3961755867343,30.1137406881806,NA,NA
498,"MDA","Moldova",0.0896822461820648,1.86209094380133,3.69576614571785,3.63584118544044,3.94660090028336,4.55826780677882,4.19281371207134,3.92240755422488,4.23186147501004,4.01334911897125,4.55708411606689,5.10012863279673,5.75194194980718,5.84329906462156,6.01751013106185,7.75377009334862,9.24578221414274,10.2962735451824,11.0112310093061,11.8150252514847,13.6064707083806,15.1036566293668,16.6234836624852,19.1401424673746,22.1987179302067,23.8673099466552,22.420373033988,22.7410817192636,NA,NA
492,"MCO","Monaco",57.3445932553057,57.3951946754504,57.3114525036027,57.5896341463935,58.1622640415583,59.0873467029356,60.1360298388014,61.0653093713637,62.2005619518409,63.2355824346958,65.0262407725662,67.1996832084769,69.5040975577621,71.5382485459441,73.0241529823632,75.0181661286094,77.2077641919657,79.6666838153791,82.6604139109323,85.4257382145204,89.0664865503945,92.2162149706263,94.9596444771899,98.3267477938849,99.2261382392453,100,100,100,NA,NA
496,"MNG","Mongolia",2.71752509755375,2.35021069468367,2.58975727890498,2.94710200473577,3.02134343803708,3.0032411213665,3.51241415998756,4.63360464839838,5.70226240174675,6.55222412709765,7.83624056681606,9.40300503580609,10.2080889216793,10.5616764054003,10.7088633064229,11.0590742795816,11.9931789596356,13.7946092337551,16.122448380643,17.8835418485377,19.9710205482743,22.4741861436552,24.5859204011557,27.0711245511958,28.4305274251883,25.6054901086891,26.0566584312864,28.3609099634775,NA,NA
499,"MNE","Montenegro",32.6052664143537,32.58712097413,32.3196063155488,32.6652449423284,32.5260666525607,32.3989959041099,32.1466380442234,32.1831856953839,31.9242223192068,32.0588894679786,32.8971514376365,33.5099279150905,34.0068645836592,34.760509437611,35.3257469467029,35.8527345896977,36.9319090856129,38.0240872942637,38.8117360717243,39.3478109261644,40.7362219183638,41.9613170623148,42.8544390436928,44.2995388945019,44.5957328319369,45.5498253997718,45.6252034534391,45.7958868268576,NA,NA
504,"MAR","Morocco",7.66223058183499,7.68132967432882,7.44655973929386,7.29830503647229,7.26244423087553,7.55812846013663,7.81732266418237,8.16818983119649,8.58014906337051,9.1348527959602,9.68243034489731,10.2036855867505,10.918748593325,11.8189174825334,12.5789045743957,13.4245880510757,14.1551502191496,14.6257502347332,15.2952598015096,15.520020258775,16.1374722920555,16.2722184435026,16.9448151038287,17.276468007687,17.261078822481,17.1948988988352,17.2815640432668,18.012450715026,NA,NA
508,"MOZ","Mozambique",67.6063337904971,67.061875277444,66.287202487971,65.6074824381798,64.7751486353315,64.7597944222725,63.7061433463123,63.2908854336035,62.2788299080254,61.4619851455176,61.2603148763839,61.9720837755461,60.9258340511985,61.0720352208723,61.1078481114416,60.4996228943253,59.6308259246049,59.1283062250839,59.8165345019852,59.7779606700276,59.9352589014028,60.0600456018818,59.7722582889431,58.78590215131,58.509014333163,56.6056143714866,57.231926932299,57.1040986678917,NA,NA
104,"MMR","Myanmar",18.5603298572488,18.3324691578631,17.9852705776982,17.9972790910077,17.95204004568,17.9897247916707,18.0416915785559,18.0148988737987,17.8500557622029,17.633846556016,17.8003004930488,17.9505388268523,14.9685914944628,18.7055075040519,19.0946948228622,19.8852497523276,19.7508502044315,19.2822389924248,19.5034106590723,19.7633931218555,19.4495672573217,20.0887654919492,19.9086788503919,19.837387029212,19.7922513346074,18.0478583583868,20.476393803185,19.9313734341259,NA,NA
516,"NAM","Namibia",50.8685283133156,50.8173206525415,50.7751513853165,50.3939151096869,49.9483674747322,49.9814616118027,49.325044626567,48.9894056243345,49.7980841874236,50.4556850984009,51.3720345314168,51.1024489475372,50.7858254649941,50.8584920147301,51.0360333645748,50.7799274625212,50.9875312878042,51.7722867226751,52.7267857042705,52.822788997424,53.3620576527877,54.4541026376005,54.9842372862112,55.1422743628516,55.9071876105187,51.3726833697864,54.6756131175498,54.6641125969365,NA,NA
520,"NRU","Nauru",32.8350560697674,31.7667474826184,30.6325479607391,29.6432770712567,28.6804053844523,27.713963814192,26.7813065887286,25.7458296632794,24.9207991105143,24.496202800393,24.2527486302716,24.0196346373068,24.036774556042,24.0342144287191,24.0833057523514,24.2476196225836,24.4730573571288,24.6611255481258,25.0322325905171,25.3513838155068,25.2986038233769,25.3718883697401,25.6616221624403,25.9261243357195,24.9986598020177,21.7009374036672,24.0944787539377,24.0672433205903,NA,NA
524,"NPL","Nepal",28.5109805076376,27.7940735478738,27.1608325074026,26.6360107355713,26.3255431029923,26.1297459135573,26.0937055034164,25.8756638197113,26.242607573709,26.9590406265958,28.3286638756667,29.5518034616556,30.9914275392755,32.0740515382275,33.2875949441451,32.8977148382558,31.7961199041316,33.0139176539935,33.3484978777892,35.3355839708793,35.7065287187613,37.174212316327,37.4563130386336,38.5639404102013,40.5988327275347,36.6101624450255,36.926962227768,37.5100763718001,NA,NA
528,"NLD","Netherlands",54.7518028058953,56.2918938472324,57.2249062206435,58.4842599591961,60.5927899096804,62.6588188713782,64.1534786429059,65.993080500072,69.1295118177366,71.5663968615571,74.2220657413066,76.6012654242118,78.8746068961544,81.0856528143103,82.9088046084191,84.9966955757405,86.1682235787242,87.5141122461093,89.4674364914971,90.0067741260012,91.3894991620558,92.8513468455757,93.7126888617379,95.241350892224,96.431244659485,96.7645135964959,96.8353965147209,97.4660403574602,NA,NA
540,"NCL","New Caledonia",NA,NA,NA,NA,NA,NA,NA,NA,NA,NA,NA,NA,NA,NA,NA,NA,NA,NA,NA,NA,NA,NA,NA,NA,NA,NA,NA,NA,NA,NA
554,"NZL","New Zealand",35.740961768994,37.5021322758072,38.995968250609,40.0110902892161,41.574613196778,42.4769730478818,43.7243026093246,45.2866403258723,46.7043410653824,49.1403505115196,50.6993093668676,52.3249532299604,54.2173474802396,55.5886500059121,57.1193575087758,58.375555949676,59.9454418580991,61.8837335661427,62.8098230685779,63.9205595454895,65.2638459471208,65.5819625666424,66.2762293231435,67.5889964534472,69.1776917020656,69.0454468779725,68.8150615434127,68.543994136826,NA,NA
558,"NIC","Nicaragua",52.1427672497993,52.5749533686648,50.5718547718964,53.0852613141929,52.619161136533,52.0502815858385,51.0515422259164,50.1839726247048,49.5700552378879,49.2483974122295,49.0174919345952,48.6733332770713,48.2246602821325,47.6800549209339,47.0810973573295,46.1989051915577,45.7793569948576,44.7155907747322,43.8466073442514,43.1010735202168,43.1185765146054,42.6012905026328,41.7137324489367,39.8640318352369,38.9358851656762,38.7107168411757,42.6530736615666,47.512093892463,NA,NA
562,"NER","Niger",41.9110463003639,41.1384061503931,40.0815251268045,39.6323276079338,38.1892978179322,38.3230853687456,37.1747188101513,37.4626203432314,37.7287167115551,38.6787301835514,38.4257455924126,39.2089154589347,39.1239134290028,39.4844826219727,39.8172911688154,39.4702157089942,39.7472671627367,41.3081595506288,41.9539227460543,35.6947190643575,35.9213317484059,37.6455454587835,37.3742923821664,39.2773572147708,37.7048541966181,40.3381894179694,38.170775107674,34.8498358255588,NA,NA
566,"NGA","Nigeria",49.3379360105266,48.4011294894606,47.0337840796777,45.8983389530277,44.4153883149298,44.1711016631444,43.6960592394511,44.2997794168304,44.4130420611372,44.553905622902,44.660003151709,45.3303006316659,44.993693023747,44.4135063291466,43.4614869581041,42.3019661938607,40.9822208584478,41.6477058150729,41.5250817789043,37.3311511115066,39.6898817158614,40.3658316007444,42.167325824228,43.7644725177091,43.5323411385342,44.5160670496286,42.6912219597449,42.0042548516305,NA,NA
570,"NIU","Niue",47.5501287787939,47.1196791849876,46.7186896391908,46.3488288274354,46.1780939616213,46.012881767468,45.9180762837425,45.8151018608176,45.9613575285773,46.1436232703502,46.3949480334102,46.7918558716001,47.2083610766521,47.5365178731286,48.022408239493,48.4312964291752,48.6222402360677,48.8226426485819,49.0267987764555,49.4089983855536,49.8496728555802,50.1857536654,50.4690666079444,50.5933023062867,53.4285960292331,51.4674919765234,49.6483120004589,50.0667896501416,NA,NA
408,"PRK","North Korea",35.8563273109634,35.1944928455846,34.5076558806276,33.8064786212163,33.2016663646533,32.6310043441719,32.1438778637839,31.5662336613726,31.0045102569124,30.6331880564273,30.5743473510937,30.6254271437285,30.7784080100551,30.9193602037029,30.8469253194581,30.2719386116246,30.1916658806696,29.0289781623345,29.1437150526966,29.2547381671049,29.7028516958022,29.5501392598479,30.0645897537426,30.4814951403875,30.8065670599886,30.3396303982111,29.1947541992127,28.2595704828338,NA,NA
807,"MKD","North Macedonia",26.864164983853,26.7780180535836,26.9833791752434,27.0117727673379,27.1393666831365,27.514643571561,27.9644316757931,28.7647091290758,29.4447273081695,29.6269248737976,30.0522420389419,30.7680943246821,31.7005182508146,32.7772290912967,33.5437319087239,33.7609961292293,35.022578293865,36.1595455200313,36.9861950440125,37.7514014245609,38.950491474195,39.5733371978877,40.2999811737953,41.0550195904691,42.9512788542252,44.1595019515742,43.833132157676,44.6251629765597,NA,NA
578,"NOR","Norway",58.7172978143033,59.8771236512194,60.4037390854174,61.6499609752366,63.9350822245852,65.0732798187042,66.3022825500912,68.578056260301,71.0807953293275,73.4424390120621,75.2281618186792,76.4362328654284,77.9270205703628,79.8967647814703,81.5676669142843,83.294640637296,84.6590937129523,86.8128956116948,89.2133581520045,90.9182973130315,93.0963646403569,95.4915916932423,97.5993811954073,99.869627804707,100,100,100,100,NA,NA
512,"OMN","Oman",27.8937147213201,27.9820862221388,28.0072367894793,28.4878352955444,28.6718155112748,29.47660556961,29.4480288822013,29.9062094489693,30.1673241693696,30.0619179021023,29.7113249094621,29.8891821438938,31.6328009566477,33.6059199696885,34.4244387286699,34.7045395102498,35.4274214274343,37.4266584652587,39.0260083831391,38.9924797988386,40.6464721574649,41.3773169283084,43.4455308781968,46.6721175909673,47.3067099005023,46.3111726045447,50.4440490862966,52.4650595827081,NA,NA
586,"PAK","Pakistan",25.8405074303824,25.6998544761142,25.2463019444703,24.9337919993778,24.443625981606,24.2294238943441,23.8934404218301,23.5145577049178,23.1372618374578,21.991185007938,23.0772000714361,23.258919503054,23.8963270040795,24.4651723999614,24.9423059937987,24.0047064945357,22.5483587832516,22.1170655288447,21.6913014069355,22.4843423545547,22.7747039028911,24.0580134045185,24.5164402423892,26.0452413628324,26.3440538087117,23.5531183062511,24.8033133666646,22.5049950621458,NA,NA
585,"PLW","Palau",45.2522385168001,44.8022610630865,44.1725024292586,43.7892578648047,43.4525671052508,43.2866256287402,43.2062802232313,43.1671319419134,43.4072380183406,44.2117425700035,44.5117759858774,44.9386952667126,45.4467231966369,45.8002002893972,46.1138752754125,46.2760260384888,46.4720099305552,46.5300034437981,46.6373912396885,46.8944725463948,47.6394946893274,48.2259429148956,48.5846085663251,50.7803795102452,50.1405860412224,47.6176100794975,49.5804879102688,50.2349566976812,NA,NA
591,"PAN","Panama",42.8328404194981,43.7655155741886,47.9899644758561,50.2859524356813,50.494365925918,50.9908362080818,51.4783227763249,51.2462510747894,50.5673474104896,50.3376383768093,50.7873327687065,50.8483458788768,51.8014797810905,50.6655055401171,50.7032376095467,51.315044606056,52.8753305998305,53.0081546959409,54.2042551180818,55.2689006922106,55.3938613322642,55.4321239609538,54.9637803508841,54.4639315112269,53.1685488587381,52.1715149043084,52.5671475700797,52.9511034050158,NA,NA
598,"PNG","Papua New Guinea",37.4425247001628,37.0986329382667,36.851914093163,35.8656059727931,35.3158303979269,35.299550511369,34.9353317372558,34.7343562834254,34.6783787502432,34.5933523626229,34.4692563676126,33.4475704975927,33.3651199277879,33.5143539780821,32.3011065801544,31.8724401777149,31.9560473396708,32.9616158376036,32.7621678396493,31.9538502688024,33.0817794632111,33.2570807648213,33.5568957093461,33.1304243726168,34.5513702783252,36.2747583551982,33.9576836855552,33.5221503673187,NA,NA
600,"PRY","Paraguay",49.5723547028046,50.3210520939051,50.845293217839,51.7524300194023,52.6559704779093,53.3775903057994,53.6642583702916,53.631855492925,52.844909405636,52.1291826028559,51.748624887513,51.1303672526077,51.0616750172139,50.805786266936,50.4213909897524,50.4326429007648,50.6506069048988,51.2092993564307,51.2258343716693,51.1863449754028,50.7893920738456,50.457704102988,50.1442487879888,49.8361320506917,49.9046277402861,49.3204227132138,52.9169058385775,52.7788186463795,NA,NA
604,"PER","Peru",51.0752667296305,53.49795801099,55.7043873212831,58.5259348326584,60.8620795140441,62.5322149668194,63.3377276772562,62.6109203987819,62.2569158012287,63.1197322707533,64.8499981442411,66.024106604813,66.8058201266981,67.6828879943698,68.5535552483466,69.6101785829421,70.5100323795133,71.9374712239711,73.1874005449845,74.4510710477474,73.7624967461204,71.6764292335234,70.1674755928195,69.5937623754178,68.8118929674473,64.3104361525054,67.434888790371,67.4911317997452,NA,NA
608,"PHL","Philippines",29.7045232631504,29.5051914986004,29.3634518172802,29.4558473771678,29.2563972046912,28.7965026023876,28.5576147988556,29.2707381319114,29.6293197807324,29.3715384226293,29.7790821538225,30.4345572386368,30.376001583733,30.1324975948815,30.447683976013,30.844712219069,30.2630405900843,29.852814541288,29.9335254866585,29.3076261221913,28.7024557749945,28.7435392181016,28.2369000599767,27.91822808955,29.3983836255819,24.3912232009043,26.8536350805343,29.7897005981443,NA,NA
616,"POL","Poland",25.4343005750276,26.1572204153859,27.4626533507181,28.2897915303506,30.6851613420594,32.3453588732756,33.9361681318329,34.4503960371742,35.6323146358135,36.600859271684,37.2479835303811,37.8678167512231,38.5626322563234,39.449776429359,41.2316418172558,42.9909301058911,43.5303008810518,44.924968847322,46.8130846296907,47.2735382151238,48.6438656354402,49.0685094447265,49.5805418774767,50.5744707224532,51.1929312516156,53.5729320149573,52.8711782984323,54.7567077121678,NA,NA
620,"PRT","Portugal",37.5035322392037,38.8530061495725,39.3185533758903,40.2784119631506,42.1211191939739,43.1778036261823,43.8532092802561,45.0553379778433,48.1598341927439,50.5599256558146,52.9383305944792,54.8902168181116,56.8514813454459,58.9147327123533,60.5339234569627,62.7833327057577,63.6746019524575,64.5632572924427,64.5787537437394,65.0601819880334,65.5087391364413,66.3564575730873,67.0121840206109,67.8946177729619,68.5084046147315,70.5191140736062,69.7593233017174,70.6970070538166,NA,NA
634,"QAT","Qatar",38.3573237378042,38.9095536212453,38.96502498812,39.3616511369203,40.0156960182616,40.5426212752154,41.0498192785439,41.5961186757973,42.422419708591,43.0059610043215,44.2778797117296,46.7876505241725,49.7745576322838,53.3044036773314,57.2822442393836,60.8395779683135,63.9814337434043,68.6071661096892,72.8502024125025,72.6068963297487,76.293271568975,77.2995896273396,76.5969162860275,77.8892558973497,79.4374737644607,80.0168974769442,81.1768958540362,73.0753356880356,NA,NA
178,"COG","Republic of Congo",46.1254433274565,44.2769564560819,45.881197482189,44.7112808405678,44.1651963653955,45.2694850490556,44.5026005460616,43.4315555196065,43.051466794351,42.0414170246204,41.4042191417701,40.7215601671242,39.9124508875901,39.2724052358622,39.2259929956221,39.5454966355551,39.3943517143863,39.5547273199331,39.6121014994959,38.9463024020508,39.1483140767441,39.3242014158407,39.6527383497289,38.9417019870374,38.616300507144,38.355427047212,35.9421417624702,35.2855192314264,NA,NA
642,"ROU","Romania",28.2447958121194,28.608724941044,29.7188486655348,31.0760844404886,32.4054232345781,32.5494289625657,32.2084733844027,32.8473541162785,34.2094646016159,34.7399035841137,35.7642958146334,37.1031657151346,38.1833163608001,38.871591666335,39.7388758685072,41.384689799068,42.5882826624703,43.8538133619377,44.3486310892919,44.3496507529014,45.437919005232,45.9301977612415,46.4873008025562,47.2582657745286,48.3870025969007,48.9691736199895,48.958202580391,51.4123050006436,NA,NA
643,"RUS","Russia",10.6078296352012,11.6405310916282,11.6452093228246,8.9722745964928,7.35227168886813,6.3316293288127,4.70693356433074,4.00865815635703,4.79387522054807,5.29798380989862,7.4012946615227,9.04813386834208,9.55268909665349,10.741494378935,11.1805007346715,13.1217438893088,14.6402582401052,16.6158745294102,18.4112716227228,19.3670007740474,20.8349857741082,22.8759743237911,23.9593575406085,25.3304063466252,25.1527012105335,26.1554990975882,29.1811060257728,28.2997660680499,NA,NA
646,"RWA","Rwanda",53.5878088400915,53.9372414445823,54.1757260604132,54.090135652256,54.0314297554885,54.3662906813911,53.8679035582817,53.5123432017925,52.4253592565256,51.9388392955763,51.261325794112,51.421539355946,51.8488725933445,52.1921855527015,52.7343651549576,52.7738715587399,52.7960352003832,52.507933607359,52.4462251958366,52.7425922643007,53.2099270466126,53.5080737814603,53.6095437354452,53.4141096594796,53.4650260579565,52.1871356223025,50.6685212952039,49.9623638843639,NA,NA
652,"BLM","Saint Barthelemy",NA,NA,NA,NA,NA,NA,NA,NA,NA,NA,NA,NA,NA,NA,NA,NA,NA,NA,NA,NA,NA,NA,NA,NA,NA,NA,NA,NA,NA,NA
659,"KNA","Saint Kitts and Nevis",34.1489745683937,35.5944645321468,36.7014881178836,37.4489405937687,37.7984536713189,38.906477369347,39.6208683368775,41.7969524905217,43.7518869253859,44.8773533167935,47.0682098389977,49.6206785001499,50.8482395528036,52.12286358583,52.7125954974014,52.537685671627,54.3231694513726,55.6408215964904,55.6978595722318,56.1793901786464,57.0301595239346,57.8941925144382,58.805526161149,59.566163567779,59.1232639514945,58.7740755910732,60.1504535885348,60.3623053376182,NA,NA
662,"LCA","Saint Lucia",47.9394572397218,49.5730871547344,51.3861017413644,52.1974894084918,55.8306507248081,57.1665705929473,57.6812159989883,57.6268750924281,57.9666572837551,56.185101384509,59.0131493073268,60.3721535094259,61.9266989757188,62.3852527012722,62.1422288382767,64.1921651366057,64.9247942309331,64.3674519115082,66.3612160996881,67.4308006879904,67.921280923221,69.1278449024191,70.1501386778987,71.8615526308403,72.8242567979375,71.9877550679727,73.0284875381907,72.5907719085824,NA,NA
882,"WSM","Samoa",50.2207965140939,49.4435870148142,48.6040785205523,47.8960404435045,47.2828280219072,46.7205266006802,46.1923521448011,45.5954845172527,45.1036590750991,44.7480407165851,44.5026172973327,44.4160073890299,44.4807765742019,44.4097756283193,44.6287586523862,44.6370894037191,44.7044418335942,44.6844744816818,44.7274171160672,44.878776977401,45.0520957257733,45.2691524122156,45.2822023573923,44.4255082385476,45.2814573331478,43.3924406257487,43.9701995809728,42.9016409066515,NA,NA
674,"SMR","San Marino",76.5081366194248,77.3694994551031,78.160775302689,79.4797542482238,80.812007459935,82.1133054632879,83.597009822109,85.3294897271003,87.5602455673991,89.4926628346719,91.6737174604668,94.016416548294,96.4109729961646,98.9603169742135,100,100,100,100,100,100,100,100,100,100,100,100,100,100,NA,NA
678,"STP","Sao Tome and Principe",59.4938925094817,58.0954765837583,56.4618513145945,54.8132995399364,55.6659709589868,54.5188577110889,53.5137179360683,52.6542703430475,51.3905723125671,48.9155022601996,47.4548434822446,46.8963174867725,47.1955515172072,47.5595945315114,46.5736415149141,46.8617858244089,47.9759405468033,47.4208333884216,46.9397762850896,46.0835719283438,46.6951626907687,48.1097978649506,49.0127597139575,49.0470651425699,44.9691800725829,46.6303324082485,48.2335461942028,48.4771364923407,NA,NA
682,"SAU","Saudi Arabia",37.4430836015228,38.0994440737297,38.3762186589907,38.4844574488805,37.9149235251407,37.2385263694865,35.9152123245578,34.4039083572225,32.4888426746553,30.6597087428507,28.9105853587135,27.9124568798191,27.0176968404544,26.3945310833195,26.1773629392155,26.8719546474981,27.6418526178907,29.3123811101458,31.7484550112439,30.7998779324991,33.0757708282914,33.2467541887322,33.5025988961453,33.7037567969884,32.5475988953287,32.5199322853431,33.8365037173255,35.5063016104459,NA,NA
686,"SEN","Senegal",60.0260058886152,60.9494387900714,60.8068852281707,60.7805079892415,61.7299855483425,53.6859756921523,53.6653539374354,57.230721664494,56.709295595618,57.0095048018201,57.5084837912605,56.9251568719961,55.910626721334,54.556312783811,56.5063923932349,55.8809106958872,55.3265029965506,58.2113037051938,56.631340709787,55.7606166576994,56.0325086752537,55.5210918389799,58.1068936896121,56.21260019923,57.4023484766547,58.068375870489,54.3489271283073,54.7657185292204,NA,NA
688,"SRB","Serbia",24.2883917587727,23.9426703199681,23.894042568059,24.3075218028113,24.7137781718642,25.1046183039468,25.7018927404693,26.4808273641386,27.2104510524935,28.0112388514651,29.1356159875589,30.4663615917348,31.5250760456418,32.8662915921458,34.2109663291845,35.3117045574208,36.9517243365684,38.2651385454263,39.3262609593417,40.1068274811185,41.3399696029649,42.1788016338188,42.9435594183128,43.9829814049448,44.4798164101647,44.6260949428896,45.3096655228994,45.6652986373092,NA,NA
690,"SYC","Seychelles",52.6870334548896,53.1977400953032,53.7338334569389,54.2663405419228,54.5543093710921,54.6518533932408,54.6340262654334,54.5439030591164,54.5540766391245,54.6844763019861,55.5514383054015,56.1565562129246,56.9533392558751,57.4611387383234,58.1318556238639,58.4834698816997,59.1932635660415,60.2370669926078,61.4421780673039,62.5922516815005,63.1376587957556,64.5262285063755,66.2370679266759,67.6341309527242,69.7557724100986,68.3519457502527,70.4027877082338,67.3055887945725,NA,NA
694,"SLE","Sierra Leone",44.6558600452143,45.7783609883513,45.4872473006171,45.5432311836491,44.9206547626586,45.5828040046963,45.2285965954494,44.8470640448543,44.6788767499553,43.9787687963613,42.6578466640133,42.5993888457388,42.6783430467268,42.1899317711013,41.0337086688075,39.2346986518655,37.6322186745186,38.1805635214834,37.6518844977063,34.5643164380159,35.6133286170286,35.7048887350053,35.6890103255853,36.3772516122641,35.5544046907346,36.7767359471317,35.0823166818842,33.834422486429,NA,NA
702,"SGP","Singapore",41.4419198088381,42.1869729478322,43.5809046715493,44.4948070308344,46.3791444290098,47.2512074929874,49.8861071339841,50.9691113471751,53.0813378303908,54.9794288648399,55.7372699603608,56.0780190354859,57.6440537708611,60.2558019908649,62.6286898579273,65.541601361979,67.4093759689945,69.4038747573476,70.0939006476523,70.7706775927119,71.5702386712874,71.8013328831275,72.8911913213718,73.0455426189826,73.1523221492192,73.398393453426,73.8741793060867,73.9229818642807,NA,NA
534,"SXM","Sint Maarten",NA,NA,NA,NA,NA,NA,NA,NA,NA,NA,NA,NA,NA,NA,NA,NA,NA,NA,NA,NA,NA,NA,NA,NA,NA,NA,NA,NA,NA,NA
703,"SVK","Slovakia",29.8737735846434,29.8038367451152,29.7903688584459,29.929400724976,30.4394109547306,30.9100673593578,31.5050757675624,31.7538049207762,31.8637623640898,32.0394977957626,32.6252936205098,33.5887809113329,34.9017213555279,36.1834835134399,37.562419843667,39.4839847033337,41.6305361281138,43.2350484600331,44.868151843109,45.7521428931643,46.9228323739404,47.8106885118612,48.9904447219889,50.3699429495975,50.804435318979,51.0128980005417,51.7778884428127,53.1751727804681,NA,NA
705,"SVN","Slovenia",61.4259739400161,61.7329893637196,62.1212493305959,63.8961054516152,65.5239804295188,66.6691152466015,68.5001423562559,69.0210739733502,70.2042173402987,71.5911630209668,73.9114351602704,75.6071576146544,76.6965915569177,78.1684052198501,79.448983865055,80.9032969182755,82.3195682641912,83.5659575002829,84.4801404197718,85.1794724033707,86.7661384451165,87.5789461149333,88.6997114351765,90.5815473577183,91.5406775944082,92.9919905289751,93.3431197434223,94.8809368769447,NA,NA
90,"SLB","Solomon Islands",20.7360593264337,20.1928544022289,20.2836008637433,20.9554951965061,20.4898335802041,21.1481536210541,21.3913386085537,21.4835201747317,21.9380386980686,21.4115063213748,20.6458178226493,21.2491056141491,21.7730904923274,19.5309242438884,19.539685053473,16.0376300952659,14.4371107189694,13.2836651316122,11.74594340233,11.8697959104499,12.9344364799725,13.0348420617004,13.0655848189317,12.1580997774087,11.365216488068,10.9289795000227,9.31521063201399,9.11593430896593,NA,NA
706,"SOM","Somalia",78.5529381516066,77.6705548107533,76.6169388002648,75.7805478085308,74.4406364071702,74.1855482760797,73.713269428905,73.6479713954143,72.9407602602045,72.2469900814753,72.0570975572906,71.5876339067036,71.6105169674515,71.3646001216802,71.4534910019262,70.8337415367935,70.8969886845986,71.1760707328238,71.2579291723016,71.1244864896503,70.632446036764,70.2312637383262,70.0833624184594,70.3111797657798,69.8300773093116,63.0088127101994,68.2081699715226,67.2635818131423,NA,NA
710,"ZAF","South Africa",48.1145492590243,48.2742853209971,47.4051382378928,48.0485488021594,49.0015574819789,49.3130344919264,49.6906669028658,49.9647729524588,51.5527254507686,51.5570153194632,50.5489770386198,49.9895347573864,49.4154101476166,48.0394184477553,47.4222103603086,46.9157419876907,47.4426579810822,47.6689458929643,47.3128470496851,47.4075294169127,48.2064823326439,49.5243816163797,50.5686933666421,53.1458136206442,55.3024924463557,54.8201750379465,55.1415078563883,54.4166589581713,NA,NA
410,"KOR","South Korea",66.2874846188045,66.1579062656295,66.7643662772003,67.4867181936443,68.7625326108457,70.1532851845421,70.9158812802713,72.205771768109,73.5612286524061,75.2388677566541,76.9965734981882,79.1251066390093,81.3012883596701,83.4316185107877,84.6599935688101,86.0319757271466,87.2779505705949,89.1344226512606,91.0338260882546,92.5220677919197,94.0557432756075,95.6482040891048,96.5845087472844,98.4344514124395,99.0812635269651,100,99.23210729318,100,NA,NA
728,"SSD","South Sudan",59.7720448293894,60.672294227899,59.5427815939293,59.1032784282381,58.2178410226367,58.9573282042161,58.7390575891466,57.6900065687766,56.8231466213975,56.6000769959126,55.0719996442364,55.0080255065138,55.254023661523,55.1482708796481,55.276431508056,55.0596145662992,54.80086987657,54.6474692997518,55.1953807023352,53.7254712947358,53.8560618655767,53.9504873598302,54.0309496035906,54.3284184215829,54.1337031395781,55.2697187189823,51.0300720806306,50.0296081168886,NA,NA
724,"ESP","Spain",59.548178631062,60.6396128448244,60.6553185819977,60.6501039651785,62.4955376865607,63.8443202798908,64.391405160717,64.799439415855,66.6107967532844,67.1996901567829,69.4193675705994,70.5121072758378,72.452637903637,74.532917692218,76.3972071985759,77.9714535869717,78.8161187122333,80.5946947853506,81.8620884491532,81.8209263914087,83.5057766238605,84.4849278715783,85.2403175572617,86.9398310771741,87.4124185798414,88.8619204572341,88.0542473179417,89.3349752135351,NA,NA
144,"LKA","Sri Lanka",38.188324621307,38.4661825853043,38.1501894588747,38.4874481630921,39.2096030256187,39.2852058891419,39.7559363965315,40.3188220976512,36.8749272019573,39.9846075925419,40.034176249489,40.003050761642,40.7646927182427,40.9714072241773,41.7628728244723,43.1591332193929,43.8151424367747,44.1378584366076,44.6755220032434,45.5965136823354,46.196687014613,46.4824544558158,46.7262419450714,48.5626142616367,49.509452789291,50.6076435731404,45.9723886608466,44.6646887060268,NA,NA
670,"VCT","St. Vincent and the Grenadines",33.5913842427131,32.6487726505499,33.6850418417719,35.3755591429453,37.1001607994742,38.4095856582667,38.954246770948,39.7563509287233,40.8054423594484,40.1930694087109,40.5424931066123,39.9989503152157,39.398057267008,41.2730319799948,42.3303159048557,42.4302611257448,42.8825492914422,43.4623005226201,44.375079698752,46.4554242725027,46.3715304664498,47.3649533739672,47.8363319824673,48.6803702978822,47.9664581256779,48.0853424575477,48.1785642033244,48.2978917962484,NA,NA
275,"PSE","State of Palestine",28.7393008966672,28.6707009783046,28.7160296788461,28.908706205219,29.0244228141114,29.2418801000941,29.3086887324851,29.4127646206405,29.6913169382591,30.0155554416015,30.3196247053654,30.7749020732036,31.3503343812021,32.0730042846494,33.0046491209501,34.4629837670309,36.1410875939153,37.3559106386555,38.9211040175025,39.4887483211272,40.7487362342638,41.2875292750256,41.8504034792523,42.7907501001095,45.4274351873522,44.9727829689451,45.0663246148271,44.4165460879756,NA,NA
729,"SDN","Sudan",0,0,0,0,0,0,0,0,0,0,0,0,0,0,0,0,0,0,1.47260311941118,0.745989561645118,1.6615502824697,1.98980148539805,2.68703821372411,3.83561114850627,3.92651827619662,3.87447687142186,3.98808355114157,4.38844180486606,NA,NA
740,"SUR","Suriname",38.8788306999136,39.0747326484578,39.4638099617961,39.7848464434991,41.2059706131966,41.7245293493471,41.6918018541763,42.2729929612446,42.7631323196947,43.1902556438529,43.7383077189798,44.4558846778292,45.1922537418542,45.7053533412094,46.2222659736545,46.9164140298201,46.7412333229152,47.4775958525652,47.6192528295156,47.8251552000297,47.9781179637073,48.0966241998276,48.1989598545739,48.7002168387534,49.7629409980701,47.2519558607287,51.4773363602986,53.1133920903339,NA,NA
752,"SWE","Sweden",55.9214642028465,56.7879598578938,57.4107071635502,58.3585423505444,60.0371462535156,61.2721682488177,62.3303847052571,64.0249981298781,66.1027925865007,67.4099970288322,68.679762055146,70.1104356454627,71.633826094114,73.3324942370498,74.6381192394387,76.3777082195801,77.768916700823,79.6818801949985,81.4431031463104,82.6956259371094,84.1071327887234,85.6068351473203,87.1495070717,89.2625036814483,90.0819448746694,91.9085054732512,92.467410467098,92.6341547943504,NA,NA
756,"CHE","Switzerland",49.5974570950024,50.4030526957409,51.0885935380633,52.2479127855851,54.1994255582795,55.8506303060936,56.9645007321797,58.1423358447422,60.3428389590947,61.3870786376027,62.9098501625571,64.5973719094698,66.0590443130545,67.376869366831,68.8614529209643,70.9556791120995,71.8463229252252,73.4407203386496,74.99694484779,76.1896670701992,77.8396508016127,78.9168703858282,80.1320371177198,81.0620334797542,81.7141027487079,83.5639975983136,82.3706563052448,85.0921376529794,NA,NA
760,"SYR","Syria",4.15240299260753,4.28268380723175,4.90131404423079,5.34840843116615,4.80815179627278,4.67189116222369,4.73252912410331,4.59543680938343,4.89181808386516,5.51685603598312,6.13561601020287,6.57233295323984,7.40882226016475,8.3095999141626,9.24946081086102,10.1214456229294,10.7876667751307,11.1958145488569,11.6776774199453,11.8689532325174,12.5221146839217,13.0645402403642,13.6661549457993,14.1457548060492,15.3570334764432,16.1950082527576,15.048396946589,15.4489758801672,NA,NA
158,"TWN","Taiwan",61.9362813005248,63.5842214820826,65.1539510141725,66.4742858361731,68.0407913407664,68.6624382657381,69.5567261902645,69.6893549956899,69.4655433996917,70.5969877906596,72.3188504964807,73.1015792050752,73.7139250194188,74.9187481969629,75.4964529409202,75.5734012118823,75.902923806581,76.170890756036,75.9065536643599,76.3347258213754,76.5031614042171,77.7280693507808,79.3729773407964,81.0263305666018,82.6868004779089,82.8240936367044,83.3875126576834,84.1100279717565,NA,NA
762,"TJK","Tajikistan",10.5514871103504,12.373102101228,12.9756728914398,13.0458753899964,12.3154281537857,11.0221788009465,9.86409320962846,8.81335096735016,8.50952313503282,8.72191795521837,9.60229680047917,10.5045481683891,11.225084304813,11.4142907184159,11.3254583617799,10.5325678772986,11.3597839612063,12.0872660979983,11.9427339426787,10.8846342982389,9.93261836684221,10.6503741977082,11.8689034162627,11.5678968776774,13.503303948606,11.0446843452248,6.81543461804907,6.71320162742661,NA,NA
834,"TZA","Tanzania",66.2612479527181,65.2266122502405,64.5780463838429,64.5715739508968,64.1922122291061,64.0450233223673,63.2781248879921,62.8716089573014,62.3676998964511,62.3966331392949,62.2130585000487,61.8945424846658,61.872517016806,62.3740093721301,61.9203453953626,61.0278916868543,60.2751879807934,60.3660205010961,60.9368938433146,61.251623588894,61.7749327650504,63.1095787735021,63.9307618196276,65.0903270199706,64.1068786122681,61.5412067735926,67.0134241672616,66.0442231299793,NA,NA
764,"THA","Thailand",55.7026035822394,59.4918756676892,58.7128084294303,55.2651944080987,54.2009103096319,54.0644638409726,54.5291349670067,55.119527384938,55.5878908126364,56.5831454311788,58.7216602326957,60.4637541358602,62.4880148565835,64.6676881594894,65.8412894425535,67.9711556804058,69.2946182701065,69.7714040079089,71.2474497346735,72.0622410032527,72.3135229728017,75.0295978312629,76.2323239937971,75.8967453515577,76.2493004212241,75.9799736598753,74.402302855673,76.0817858407353,NA,NA
626,"TLS","Timor-Leste",35.3471866091107,35.2474557594534,35.0764360777859,35.2007490525443,34.8816445683067,34.9981363124941,35.5928622085406,35.2324659490187,36.5261772258392,36.4194722462022,36.7026346848491,36.8831889035271,37.6985445131656,37.0269396431864,36.8617201310008,34.9806258455465,33.7885219265993,33.6945771237569,33.7132480825484,33.4840568709714,33.1559576441327,32.8665587844667,32.3130664702958,32.0275047580556,31.3094696128812,32.2921284852999,32.5717801122325,32.0693299039763,NA,NA
768,"TGO","Togo",39.5815722548666,39.1720939487994,38.1207255445636,37.6044133175671,36.5390578259066,37.2126270315067,38.268005290861,40.3565159225267,41.6286597192872,42.2939612393636,41.8316819556528,42.6206089096477,41.4451555640728,40.4928895447752,40.005932805531,39.9736799184386,39.9153114785319,42.2023362858342,42.8112162345584,38.0663960028272,38.5990976280339,37.7148844088547,38.0979559707436,38.9130085677759,38.9133403424849,38.7923528315522,36.0810723078189,35.3274816642442,NA,NA
776,"TON","Tonga",37.5494640316367,37.096361281031,36.853874433088,36.6328134162986,36.4692749609238,36.3609744812185,36.2679864254994,36.1248302000113,35.8744965553617,35.6508594964356,35.4939735347131,35.4105966819727,35.4260839873968,33.4801669539978,35.4518177678102,35.7166102588008,35.8655609453557,36.0214118302833,36.2598891277642,36.6710040824171,37.0324838650393,37.5234307411406,37.9370147849308,38.441650924529,38.0422877895763,35.2843739210343,36.9537922882494,36.7932881109752,NA,NA
780,"TTO","Trinidad and Tobago",37.0314676289558,36.769783025502,36.8683053893922,37.9226592227723,39.9685283166988,41.4850369346055,42.3760435374636,43.1287817623207,45.1534423391232,46.3504633618624,47.7571242837188,50.0883150816039,51.3560312017606,52.5903902051362,53.8390666555691,55.2846319778812,56.7657271121351,57.3458773629144,57.3892011398395,57.1867594645033,57.3552541117813,57.3823158660941,57.5358665172723,57.5857986136571,56.9396984893476,54.1728488710568,54.7859620754763,55.6797003517601,NA,NA
788,"TUN","Tunisia",43.874861971165,43.7816061715237,43.5410310090372,43.509455252449,43.9142946066259,44.4724256383633,45.1110451269498,45.5739383744774,46.1694701735689,46.6720521985424,47.0434151645696,47.3459486226073,47.6880013229019,48.0963802524786,48.7016032598693,49.6484383173672,50.1803830976197,50.8907963782773,50.9492827250355,51.6040975341483,51.7674518102584,52.6076811701301,53.181663532295,53.9474447972337,56.8912042137881,60.7787116326563,58.7137724965621,55.3829374728691,NA,NA
792,"TUR","Turkiye",25.3474112742103,25.7377915900829,26.0474635444003,27.6369273060634,28.4934065990927,30.0568116399227,31.1873812091821,31.6711239711299,32.4720123313595,32.705613592784,32.8080662947013,34.1255660004443,37.1356243313268,41.5814515733905,43.2672780667251,43.2215424133662,43.1318501348004,41.7197986781004,40.7340453438379,40.2271568159084,40.2191455376815,41.4008237940099,42.7483718456569,43.4498864120743,43.7270035108584,43.7316657810757,45.8636301431121,48.5842993358107,NA,NA
795,"TKM","Turkmenistan",1.48898013199339,1.07899517369886,1.20577291196712,0.895404170783308,1.71527843064332,1.78762298425555,1.08454137190188,0.516444523155513,1.32272431868844,2.1587563350993,3.08870051209136,3.37841373019118,5.77748200883643,7.94884190003222,9.08942861638549,9.41096942685539,9.78216110976541,10.0949710965042,9.86327135090403,10.1111381983002,10.7300469136725,11.1190794229166,11.766804048107,12.3626162747768,12.8619614601448,12.9188387613957,13.7492217408484,14.3793589547854,NA,NA
796,"TCA","Turks and Caicos Islands",NA,NA,NA,NA,NA,NA,NA,NA,NA,NA,NA,NA,NA,NA,NA,NA,NA,NA,NA,NA,NA,NA,NA,NA,NA,NA,NA,NA,NA,NA
798,"TUV","Tuvalu",19.6833533458112,19.0044576156061,18.2694145090955,17.8683303121722,17.2449832256396,17.108160106053,16.7292616627671,16.3633055094469,16.1029949189568,16.1307016558121,16.1637142897356,16.1757918628492,16.2832114118701,16.2127863044487,16.1300033917964,16.0310155288904,15.9058588292772,15.7284510816465,15.6411741388684,15.6676154703883,15.5151498588639,15.530614472082,15.6844386232964,16.0218813409602,15.3172464443072,12.729790404806,14.682169271149,15.3880494278359,NA,NA
800,"UGA","Uganda",51.2660445670451,51.0821535663059,50.618751620213,50.3996082210502,49.6091856706641,49.9231265663187,49.7874241106351,50.5080700934261,50.7442116856424,50.8579288719269,50.2347398511823,49.7246239154104,49.1918248386539,48.9289138588584,49.2636643049429,48.6823912805897,47.9016860330284,47.6924609782471,47.7571577069675,47.6286564762169,48.4993446654797,49.4502263517483,49.8597775298994,50.8738784927,51.5923055183196,48.4327144467422,50.5515728599575,49.4822995692622,NA,NA
804,"UKR","Ukraine",24.9782000503594,25.0615413981274,25.665154598856,24.6192775682792,23.5899592922767,23.485620362891,22.5689629713403,21.4762963593542,21.0819264381484,19.6613526770075,19.9155697684867,20.0986621086051,20.6581839498192,22.283882153859,23.251531921269,24.9547325818991,25.5491400666635,25.7022516063796,27.0726386818739,28.9291518874316,29.7628146978576,29.5648047528259,30.7810580112008,31.112569527615,30.3568666646672,32.8871111601824,35.5300795813884,36.1557690359629,NA,NA
784,"ARE","United Arab Emirates",59.9963760972024,60.588800984827,59.5583935054494,59.0927359166054,58.8980879595925,59.8174911644234,61.2504343378873,62.4172552648467,63.2943955866779,63.1407789270872,64.1473593870138,65.2883307467352,65.7430540171913,66.3735958931561,66.651918637043,66.9117328395753,67.1133953598382,67.7488509079983,67.8245879818504,67.0143433241673,68.3914098279531,69.0006584698496,69.6097925587384,70.588480086867,73.4624193149647,73.6933947568961,74.1650108323661,73.5937193891187,NA,NA
826,"GBR","United Kingdom",55.3565891090877,56.7438360780563,57.6052259795364,58.9049334463701,61.1650770725859,62.4444951391493,63.7471378751633,65.3400806204612,68.2030085562306,70.2224896048528,72.5536634626236,74.2079861765893,75.8442071564036,78.2095350444198,79.9602093697897,82.6593832721132,83.9221302533058,85.0538180803161,86.801142100981,87.1288229466322,88.1506563597014,88.8445767930618,89.597272835003,90.5698599120438,89.9089722860036,90.1533398134067,89.9913678528809,88.2509865772725,NA,NA
840,"USA","United States of America",55.5008232058096,56.7864644858758,57.8001807494441,58.213834065865,59.6024991998909,60.7961250646476,61.7560860729512,63.1428595277399,65.219657224405,66.2149382540019,67.9259850158639,69.6594954935901,70.5741259295512,72.2836062715188,73.3919937284142,74.3330620636567,75.2596136111906,75.858492672536,76.724859610507,77.0757410199948,77.7797775734356,78.2626851676958,78.8208951171429,80.6101459203177,80.3383677668355,81.0628816337579,81.4089148190237,82.769766097714,NA,NA
858,"URY","Uruguay",36.020538121557,38.2399381590646,38.2441186408125,38.7158733348335,40.9890439937273,41.892686709533,42.7011702110796,42.9305542773243,44.1245779341815,45.4329321194458,46.6059388696472,46.7152930480778,48.4651451819424,49.9405445113713,50.3218028903531,50.685728404167,51.6466564491137,53.4001608743358,54.6439236576315,54.642503087376,54.6425140427008,55.6984640059088,56.6082785617584,58.5947859480016,60.0877832976984,58.7093762790044,55.8308703266932,58.7384605505809,NA,NA
860,"UZB","Uzbekistan",6.76364093956362,6.29761777626638,5.71367721087663,5.73713379638475,5.91898269248667,6.27377402482692,5.98841816387302,5.68041685614955,4.76055596076787,4.16428403191095,3.34089809233497,2.994210920813,2.88652558765747,3.22674236022976,2.47946573258517,2.19190714706616,2.27810755449769,3.24541770510123,4.20427184054917,5.23279043582082,6.34925374079428,7.29194997797553,7.96402568583181,9.15653726845642,10.567744148022,11.8986348011845,11.0752067633957,11.6088881987993,NA,NA
548,"VUT","Vanuatu",26.0548052160215,25.8971692129303,25.6928686990407,25.2733328203553,26.8640878494607,26.2941380441147,28.787818392599,30.578952266463,30.4097582469143,28.432759329501,27.674454645761,26.5364194931446,25.9780182690875,26.4026204635583,26.4175215185815,25.3030239331709,25.0190416887341,24.5311164631473,24.2603714853479,24.4150325693894,24.5877059541244,24.9553983190329,25.0560808885191,25.3634099401001,25.4768954199985,25.9145344940032,25.3443036740696,25.0513248462846,NA,NA
862,"VEN","Venezuela",22.7117487285469,23.9021097784797,24.8546677898658,23.5469311217331,25.8330621207289,26.0764129276338,26.6407815066284,26.8000995881237,27.2891523722716,28.0807081145915,28.5121751072692,28.6850904571196,28.7004776398194,28.9977046839151,29.0119612508826,29.3005535892994,30.2743461170451,30.5857330390484,29.7659518283536,29.1837929607155,28.8150861503823,27.9222911703413,25.9021176756712,23.1217796715556,21.8087330522987,20.8730542119997,19.7750202609061,17.9745572618503,NA,NA
704,"VNM","Viet Nam",50.1546738736622,50.5347366233351,50.7256605294744,51.2325756599982,51.5346118185097,51.6071370093274,51.418168213747,51.355711394106,51.2969933514215,51.2118974209444,51.1709106931027,51.0698310888075,51.0927707339545,51.2240371554062,51.6509583913704,52.3312485364112,52.5332396145253,52.5694455458345,53.1535869737112,53.6805558547461,53.7414336016113,54.5099904008185,54.6384191547447,54.8426443773204,55.345966128359,56.7494816185292,56.3956307137923,56.1368220218629,NA,NA
876,"WLF","Wallis and Futuna Islands",NA,NA,NA,NA,NA,NA,NA,NA,NA,NA,NA,NA,NA,NA,NA,NA,NA,NA,NA,NA,NA,NA,NA,NA,NA,NA,NA,NA,NA,NA
732,"ESH","Western Sahara",NA,NA,NA,NA,NA,NA,NA,NA,NA,NA,NA,NA,NA,NA,NA,NA,NA,NA,NA,NA,NA,NA,NA,NA,NA,NA,NA,NA,NA,NA
887,"YEM","Yemen",0,0,0.453071350580359,0.337722121006678,0.495950845123005,1.13987824025406,1.68583383675184,2.47808775062278,2.70328173357667,3.10821704424015,3.43180002056455,4.24579701322867,4.33343698411956,5.02977159024906,6.23272797792575,6.13520004933709,5.79895069466576,6.39951900641537,8.11367153093434,7.78642938106039,9.13925861532161,9.72770556294113,10.286800109649,10.1257339420378,10.3150880310521,10.827147281449,10.530342498645,11.1852083677514,NA,NA
894,"ZMB","Zambia",54.8668071806418,53.8522860433456,52.8009918318682,51.6791799281192,50.4399011543574,48.4299631399938,48.2624618393961,48.0164639029636,47.4082993681054,46.5289948937792,45.4077109432252,45.0506296744419,44.1085411952838,43.7969828684704,43.850094317211,43.5141621891998,43.9700459984266,44.9211894667684,45.3861903307088,45.4990760386379,45.6703260784462,46.5752554713593,47.3104589683686,47.7152799378811,46.6353746726027,42.0000167096685,46.5012853005545,46.1658684484856,NA,NA
716,"ZWE","Zimbabwe",49.5882644471214,47.9169483981768,46.9161969342779,46.2709201935898,45.7861513115036,45.1021983718841,44.6565945516814,44.294470201472,45.0391515126384,45.6927381309988,46.7832765295388,49.12609137994,48.4467680770635,48.5812444558697,49.4572026521748,47.977491542778,47.5238651765384,47.9440009118115,48.4926153960151,48.3198079859308,47.9375247159054,49.2311384101521,49.0300028427676,49.3942513892802,49.738662638816,44.0894031847949,50.3531312019302,50.8045011094318,NA,NA
