"code","iso","country","TBN.ind.1996","TBN.ind.1997","TBN.ind.1998","TBN.ind.1999","TBN.ind.2000","TBN.ind.2001","TBN.ind.2002","TBN.ind.2003","TBN.ind.2004","TBN.ind.2005","TBN.ind.2006","TBN.ind.2007","TBN.ind.2008","TBN.ind.2009","TBN.ind.2010","TBN.ind.2011","TBN.ind.2012","TBN.ind.2013","TBN.ind.2014","TBN.ind.2015","TBN.ind.2016","TBN.ind.2017","TBN.ind.2018","TBN.ind.2019","TBN.ind.2020","TBN.ind.2021","TBN.ind.2022","TBN.ind.2023","TBN.ind.2024","TBN.ind.2025"
4,"AFG","Afghanistan",0,0,0,0,0,0,0,0,0,0,0,0,0,0.314138569646999,0.314138569646999,0.314138569646999,0.314138569646999,0.314138569646999,0.314138569646999,0.314138569646999,5.53751727836603,5.5383802039888,5.5383802039888,7.8865727349355,11.6781593105198,11.6781593105198,11.6781593105198,11.6781593105198,11.6781593105198,11.6781593105198
8,"ALB","Albania",54.5826842136017,54.6941433001967,54.6941433001967,55.681782192417,55.681782192417,55.681782192417,55.7340430173223,56.4782889978703,56.4875290866413,56.5528725652347,59.2283626185007,61.8147102892403,64.62969736875,64.6296973686347,64.6562551614017,64.8736915306913,67.250863565488,68.2374136203457,68.2374136203457,68.2374136203457,68.2374136203457,68.2374136203457,71.6114309481713,71.6114309481713,71.6114309481713,71.6114309481713,71.6114309481713,71.6114309481713,71.6114309481713,71.6114309481713
12,"DZA","Algeria",86.7428587509073,86.7428587509073,86.7428587509073,86.742976257933,86.742976257933,88.9599500014173,88.9599500014173,89.6932120827277,89.8756162305263,89.8756162305263,89.8756162305263,89.8756162305263,99.6636622467967,99.674826457616,99.674826457616,99.674826457616,99.674826457616,99.674826457616,99.674826457616,99.674826457616,99.674826457616,99.674826457616,99.674826457616,99.7086654386753,99.7086654386753,99.7086654386753,99.7086654386753,99.7086654386753,99.7086654386753,99.7086654386753
20,"AND","Andorra",17.9213433226777,17.9213433226777,17.9213433226777,17.9213433226777,59.651661053241,59.651661053241,59.651661053241,59.9197905211893,59.9197905211893,59.9197905211893,59.9197905211893,59.9197905211893,59.9197905211893,59.9197905211893,59.9197905211893,59.9197905211893,59.9197925186633,89.6783005207913,89.678300558172,89.678300558172,89.678300558172,89.678300558172,89.678300558172,89.678300558172,89.678300558172,89.678300558172,89.678300558172,89.678300558172,89.678300558172,89.678300558172
24,"AGO","Angola",17.0595209235261,17.0595209235261,17.0595209235261,17.0595209235261,17.0595209235261,17.0595209235261,17.0595209235261,17.0595209235261,17.0595209235261,17.0595209235261,17.0595209235261,17.0595209235261,17.0595209235261,17.0595209235261,17.0595209235261,34.1140745351397,34.1140745351397,34.1140745351397,34.1140745351397,34.1140745351397,34.1140745351397,34.1140745351397,34.1140745351397,34.1140745351397,34.1140745351397,34.1140745351397,34.1140745351397,34.1140745351397,34.1140745351397,34.1140745351397
660,"AIA","Anguilla",0,0,0,0,0,0,0,0,0,0,0,0,0,0,0,0,0,0,0,0,0,0,0,0,0,0,0,0,0,0
28,"ATG","Antigua and Barbuda",18.1240770660856,18.1240770660856,18.1240770660856,18.1240770662983,18.1240770662983,18.1240770662983,18.1240770662983,18.1240770662983,18.1240770662983,50.720126827874,50.720126827874,50.720126827874,51.4593531785017,51.4593531785017,51.4593531785017,51.4593531785017,51.4593531785017,51.4593531785017,51.4593531799293,51.4593531799293,51.4593531799293,51.4593531799293,51.4593531799293,51.4593531799293,51.4593531799293,51.4593531799293,51.4593531799293,51.4593531799293,51.4593531799293,51.4593531799293
32,"ARG","Argentina",17.1591112240804,17.9011789805467,17.9932175059036,19.235409956605,20.5987406567841,21.2866645261366,21.6261029870763,22.524410003315,23.3768852613619,23.8467330516321,24.1235252124583,24.1393610282963,24.2626806859214,25.6178485342169,25.64878520933,25.8751877845879,25.9673145364407,25.9996658834931,26.1605873764821,26.7723968689494,26.7749504643177,26.9297002817828,27.1203424283484,27.1378579541818,27.1378579541818,27.8434505002941,27.8502851766948,27.8502851766948,27.8502851766948,27.8502851766948
51,"ARM","Armenia",99.995937959288,99.995937959288,99.995937959288,99.995937959288,99.995937959288,99.995937959288,99.995937959288,99.995937959288,99.995937959288,99.995937959288,99.995937959288,99.995937959288,99.995937959288,99.995937959288,99.995937959288,99.995937959288,99.995937959288,99.995937959288,99.995937959288,99.995937959288,99.995937959288,99.995937959288,99.995937959288,99.995937959288,99.995937959288,99.995937959288,99.995937959288,99.995937959288,99.995937959288,99.995937959288
533,"ABW","Aruba",5.68214625758337,5.68214625758337,5.68214625758337,5.68214625758337,43.4266121015403,43.4266121015403,43.4266121015403,43.4266121015403,43.4266121015403,43.4266121015403,43.4266121015403,43.4266121015403,43.4266121015403,43.4266121015403,43.4266121015403,43.4266121015403,43.4266121015403,43.4266121015403,43.4266121015403,43.4266121015403,43.4266121015403,43.4266121015403,43.4266121015403,43.4266121015403,43.4266121015403,43.4266121015403,43.4266121015403,57.977681320455,57.977681320455,57.977681320455
36,"AUS","Australia",15.9551632563669,16.0923776859781,16.3044478460191,16.9990134214116,18.433303436401,18.5592208086454,23.6074564922145,23.9090561878082,24.309707230667,24.8415933164204,25.6161309651426,28.5636337991234,29.1683167453046,31.468336349847,32.6532294837307,35.1426056125633,40.6967295162283,46.759244913977,51.2319953127517,55.663521800604,57.8412116108247,58.4481679283027,58.928991724429,59.1900936882363,64.0957046051173,71.2337040103767,72.589878742421,72.692196172669,72.692196172669,72.692196172669
40,"AUT","Austria",62.9456357539717,66.9649349986333,69.899718188384,70.7299797467337,71.2243917860963,73.2072798230673,77.370254430568,77.5101377735997,78.8260418868413,79.860084666545,83.448449311901,83.6592826273883,83.9256346612797,84.1672178222797,84.2898890423467,85.862428860158,85.862432522559,85.9215858596237,86.1046593124,86.1472710043287,86.1472770468417,86.1511492717293,86.1891133856757,86.192666365427,86.527336941424,86.9060786110693,86.95199508217,86.958241447665,87.3500796320843,87.3500796320843
31,"AZE","Azerbaijan",64.8097394583307,64.8097394583307,64.8097394583307,64.8097394583307,64.8097394583307,65.1172036425383,65.1172036425383,65.5232426778083,66.091574115512,66.091574115521,66.610229184077,66.610229184077,66.628380465309,66.6283804652293,66.6283804652293,66.6283804652293,66.6283804652293,66.6283804652293,66.6283804652293,66.6283804652293,66.6283804652293,66.6283804652293,66.6283798398807,66.6283798398807,66.6283798398807,66.6283798398807,66.6283798398807,66.6283798398807,66.6283798398807,66.6283798398807
44,"BHS","Bahamas",2.54340379978193,21.1928684594796,21.1928684594796,21.1928684594796,21.1928684594796,21.1928684594796,28.298558100773,28.298558100773,28.298558100773,28.298558100773,28.298558100773,28.298558100773,28.298558100773,28.3010815047378,28.3010815047378,28.3010815047378,79.34473094717,79.34473094717,79.34473094717,82.5670686977527,82.5670686977527,82.5670686977527,82.5670686977527,82.5670686977527,82.5670686977527,82.5670686977527,82.5670686977527,82.5670686977527,82.5670686977527,82.5670686977527
48,"BHR","Bahrain",2.70624531060068,2.70624531060068,2.70624531060068,2.70624531060068,2.70624531060068,2.70624531060068,2.70624531060068,2.92623686488203,2.92623686488203,2.92623686488203,8.6845572346339,8.6845572346339,8.6845572346339,8.6845572346339,8.6845572346339,8.6845572346339,8.6845572346339,8.6845572346339,8.6845572346339,8.6845572346339,8.6845572346339,8.6845572346339,8.6845572346339,8.6845572346339,8.6845572346339,8.6845572346339,8.6845572346339,8.6845572346339,8.6845572346339,8.6845572346339
50,"BGD","Bangladesh",11.6499779646173,11.6499779646173,11.6499779646173,11.7869746631082,12.0059923549814,12.1527257506894,12.1527257506894,12.1527257506894,12.1616434894844,12.1674455976093,12.1846522982118,12.2340005159436,12.2340005159436,12.5057906624613,13.0123772029855,13.0566431071046,13.0588338628984,13.072397761997,13.072397761997,13.0772578948495,13.0774511661677,13.4749923573373,13.4768466267295,13.6606166271016,13.9386452010948,13.9561855899015,13.9561855899015,14.0128981029956,14.0128981029956,14.0142938616496
52,"BRB","Barbados",1.58995574700472,1.58995574700472,1.58995574700472,1.58995574700472,1.58995574700472,1.58995574700472,1.58995574700472,1.58995574700472,1.58995574700472,1.58995574700472,1.58995574700472,1.58995574700472,1.58995574700472,1.58995574700472,1.58995574700472,1.58995574700472,1.58995574700472,1.58995574700472,1.58995574700472,1.58995574700472,1.58995574700472,1.58995574700472,1.58995574700472,1.58995574700472,1.58995574700472,1.58995574700472,1.58995574700472,1.58995574700472,1.58995574700472,1.58995574700472
112,"BLR","Belarus",23.3477816606087,23.3477816606087,23.3477816606087,23.4677067154721,23.4677067154721,26.113920955212,26.4373656578448,26.4373656578448,26.4373656578448,26.5128720477658,26.5128720477658,26.5128720477658,26.5128720477658,26.5128720477658,26.5649077224385,26.5649077224385,27.309282007533,28.1997531677409,29.4872724110295,30.0258416758822,30.0258416758822,30.0258416758822,30.0258416758822,30.0258416758822,30.0258416758822,30.0258416758822,30.0258416758822,30.0258416758822,30.0258416758822,30.0258416758822
56,"BEL","Belgium",11.10134117099,11.1772130365646,11.1925057009758,11.4603980684425,12.1632249679402,12.1961975180862,12.2472872742976,19.8832877756856,23.009469553892,23.0784973882317,23.0859065754315,23.1732228330179,23.1994077205296,23.58494704422,23.6004807732028,23.616946679415,23.6359475471945,23.6801747244912,28.3645692531325,30.0131563096673,48.451330628317,48.4796513024753,48.6626675732067,48.80710083987,48.9146153424567,49.2070576192223,52.0199793167233,53.9933875633903,54.5034580529197,54.5101619173673
84,"BLZ","Belize",92.9651129161283,92.9651129161283,93.6091444693937,93.6091444693937,93.609144469374,94.1051249907183,94.1857262567587,94.1857262566957,94.1857262566957,94.189313154667,94.18936334433,94.2515741970673,94.251574197239,94.251665101315,94.3482775896513,94.3482775896513,94.3482775896513,94.3517285444433,94.3517285444433,94.5564510846097,94.5564510846097,94.5564510846097,94.5564510846097,94.5564510846097,94.5564510846097,94.5564510846097,94.7830458147183,94.7830458147183,94.7830458147183,94.7830458147183
204,"BEN","Benin",79.103949048476,79.103949048476,79.103949048476,79.103949048476,100,100,100,100,100,100,100,100,100,100,100,100,100,100,100,100,100,100,100,100,100,100,100,100,100,100
60,"BMU","Bermuda",6.7439125552557,6.7439125552557,6.7439125552557,6.7439125552557,6.7439125552557,6.7439125552557,6.7439125552557,6.7439125552557,6.7439125552557,6.7439125552557,6.80078059950167,6.80078059950167,6.86255833229017,6.86255833229017,6.86255833229017,6.86255833229017,6.86255833229017,6.86255833229017,6.86255833229017,6.86255833229017,6.86255833229017,6.86255833229017,6.86255833229017,6.86255833229017,6.86255833229017,6.86255833229017,6.86255833229017,6.86255833229017,6.86255833229017,6.86255833229017
64,"BTN","Bhutan",75.8167358396033,75.8167358396033,75.8167358396033,76.402822424183,76.402822424183,76.402822424183,76.402822424183,76.402822424183,76.402822424183,76.402822424183,76.402822424183,76.402822424183,80.1323973554317,80.1323973554317,80.1323973554317,80.1323973554317,80.1464801736743,80.1464801736743,80.146480173577,80.146480173577,80.146480173577,80.146480173577,80.146480173577,80.146480173577,80.146480173577,80.146480173577,80.146480173577,80.146480173577,80.146480173577,80.146480173577
68,"BOL","Bolivia",56.2843706614383,66.133021767606,67.3812811726867,67.382202221375,68.5938089319703,71.499288561716,74.6373923950953,74.660318097189,75.8758020370367,76.3860778598423,76.545339346075,80.8552315217273,80.8552315217273,80.9482504246623,81.5004019117653,81.5004019117653,81.5004019117653,84.953028072147,84.953028072147,84.953028072147,84.953028072147,84.953028072147,84.953028072147,84.953028072147,84.953028072147,84.953028072147,84.953028072147,84.953028072147,84.953028072147,84.953028072147
70,"BIH","Bosnia and Herzegovina",24.1422580109239,24.1422580109239,24.1422580109239,24.1422580109239,24.1422580109239,24.1429518813769,24.1465268647122,24.1789824645699,24.1789824645699,24.1789824645699,24.2271172355449,24.3011157418852,27.0270666077964,27.5896020621741,27.5896020621741,27.6360262324975,27.6398011353209,27.7109626191639,27.7370951750028,27.7401069587608,27.7424392939161,27.9578066552922,27.9826389410781,28.1516210353508,29.1930964771724,29.491652572578,30.6622623797276,30.6632477550352,30.7210942811201,30.7210942811201
72,"BWA","Botswana",82.2567964173247,82.2567964173247,82.2567964173247,82.2567964173247,82.2567964173247,82.2567964173247,82.2567964173247,82.2567964173247,82.2567964173247,82.2567964173247,82.2567964173247,82.2567964173247,82.2567964173247,82.2567964173247,82.2567964173247,82.2567964173247,82.2567964173247,82.2567964173247,82.2567964173247,82.2567964173247,82.2567964173247,82.2567964173247,82.2567964173247,82.2567964173247,82.2567964173247,82.2567964173247,82.2567964173247,82.2567964173247,82.2567964173247,82.2567964173247
76,"BRA","Brazil",30.8694638819749,34.316834853029,38.5600663192843,41.339846205632,46.204867360394,50.4520586234897,58.6903340174353,60.920539027031,64.57280958194,68.839666490428,74.9468064318733,74.9987095989263,75.14791036133,75.3118000676733,75.6842305215113,75.713179677923,75.726410787573,75.7489670324123,75.7721137061937,76.1096953176587,76.1146583760603,76.1744898719053,76.5831350543327,76.5974120327233,76.6226260403843,76.6285877961653,76.712167384206,76.7394545787447,76.7431617045623,76.7431617045623
92,"VGB","British Virgin Islands",7.1226753924182,7.1226753924182,7.5516214973468,31.725428863764,31.725428863764,31.725428863764,31.725428863764,31.9653278486803,31.9653278486803,31.9653278486803,31.9653278486803,31.9653278486803,32.0448386548837,32.0448386548837,32.0448386548837,32.0448386548837,32.0448386548837,32.0448386548837,32.0448386548837,32.0448386548837,32.0448386548837,32.0448386548837,32.0448386548837,32.0448386548837,32.0448386548837,32.0448386548837,32.0448386548837,32.0448386548837,32.0448386548837,32.0448386548837
96,"BRN","Brunei Darussalam",100,100,100,100,100,100,100,100,100,100,100,100,100,100,100,100,100,100,100,100,100,100,100,100,100,100,100,100,100,100
100,"BGR","Bulgaria",15.9261042225819,15.9373995832842,15.9373995832842,15.9423045499813,16.6041553140875,16.9176888020207,60.107942050082,60.1715143669127,60.190307807561,60.232540906391,60.2628988685417,99.8624955876273,99.8624955876277,99.862495587628,99.862495587628,99.8624955876277,99.8624955876277,99.8624955876277,99.862495587628,99.8624955876277,99.8624955876277,99.862495587628,99.8692323486657,99.8692323486657,99.9101434595007,99.937839209618,99.937839209618,99.9378392096183,99.937839209618,99.937839209618
854,"BFA","Burkina Faso",42.939254776152,42.939254776152,42.939254776152,42.939254776152,44.130047448218,45.5954418411397,45.6410052508047,45.6410052508047,45.6410052508047,45.6410052508047,45.6410052508047,45.6410052508047,45.717984411853,54.0956175194267,54.0956175194267,54.0956175194267,54.0956175194267,54.0956175194267,54.0956175194267,54.1010827779857,54.3890384470057,54.4730762367937,54.4730762367937,54.480546473079,55.307857987808,55.307857987808,55.307857987808,55.307857987808,55.307857987808,55.307857987808
108,"BDI","Burundi",18.8962325344969,18.8962325344969,18.8962325344969,18.8962325344969,19.8883729058515,19.8883729058515,20.3380661302805,20.3380661302805,20.3380661302805,20.3380661302805,20.3380661302805,20.3380661302805,20.3380661302805,20.3380661302805,20.3380661302805,20.3596559919333,20.3596559919333,26.43602020582,26.43602020582,26.43602020582,26.43602020582,26.43602020582,26.43602020582,26.43602020582,26.43602020582,26.43602020582,26.43602020582,26.43602020582,26.43602020582,26.43602020582
132,"CPV","Cabo Verde",0,0,0,0,0,0,0,48.729882986019,48.729882986019,49.7129264365697,49.7129264365697,49.7129264365697,49.7129264365697,49.7129264365697,49.7129264365697,49.7129264365697,49.7129264365697,49.7132826587093,49.7132826587093,49.7132826587093,49.7132826587093,49.7132826587093,49.7132826587093,49.7132826587093,49.7132826587093,49.7132826587093,49.7132826587093,49.7132826587093,49.7132826587093,49.7132826587093
116,"KHM","Cambodia",46.0802544701897,46.0802544701897,46.0802544701897,46.3480395031913,46.3480395031913,46.4649485303703,46.4649485303703,46.4649485303703,46.4649485303703,46.4649485303703,46.4649485303703,46.4649485303703,46.4649485303703,46.4649485303703,46.4649485303703,46.4649485303703,46.4649485303703,46.4649485303703,46.4649485303703,46.857318369296,86.5961831332057,100,100,100,100,100,100,100,100,100
120,"CMR","Cameroon",7.92033967061843,7.92033967061843,7.92033967061843,7.92033967061843,12.8758945105314,14.4300536585345,14.4300536585345,14.4300536585345,15.6748770431534,19.6391420993988,19.6420953774284,23.72705559377,24.5408917114546,24.9605573196863,26.2333407982035,26.2333407982035,30.321586572324,30.321586572324,31.5106875798344,32.2210208357298,32.2210208357298,32.2210208357298,33.0647989921849,33.0647989921849,33.0647989921849,33.0647989921849,33.0647989921849,33.0647989921849,33.0647989921849,33.0647989921849
124,"CAN","Canada",18.0415017599997,18.327379383643,19.2657078087658,20.0335838980998,20.3252213075764,21.1258634526269,21.2510918336611,23.0145555155261,23.4061551366315,24.1893022383341,24.4207800623566,24.5288166039619,25.4140742052903,26.3316713738876,26.593230775762,27.3793059787078,28.8202698485623,30.020896326459,30.1147356332469,31.3631129160722,31.660298593698,31.7754001412059,35.2394821519667,37.8738201987923,38.0489099957243,38.7623672730407,38.9830488244503,39.4070866024693,40.0779514397653,40.0779514397653
136,"CYM","Cayman Islands",25.7438407699086,29.0525012489442,29.0525012489442,29.0525012489442,29.0525012489442,29.0525012489442,29.0525012489442,29.0525012489442,29.1799412088331,29.1799412088331,29.1799412088331,29.1799412088331,29.1799412088331,29.1799412088331,30.2229322548037,30.2275825358869,30.2399492303782,30.6358132264851,30.6872870137648,30.6872870137648,30.6872870137648,30.6872870137648,30.6872870137648,30.6872870137648,30.6872870137648,30.6872870137648,30.6872870137648,30.6872870137648,30.6872870137648,30.6872870137648
140,"CAF","Central African Republic",39.18435972042,39.18435972042,39.1844106486393,39.1844106486393,39.1844106486393,39.1844106486393,39.1844106486393,39.1844106486393,39.1844106486393,39.7253585613343,39.7253585613343,39.7253585613343,39.7253585613343,39.7532766365217,39.7532766365217,39.7532766365217,39.7532766365133,39.7532766365133,39.7532766365133,39.7532766365133,39.7532766365133,39.7532766365133,39.7532766365133,39.7532766365133,39.7532766365133,39.7532766365133,39.7532766365133,39.7532766365133,39.7532766365133,39.7532766365133
148,"TCD","Chad",37.9561617089037,37.9561617089037,37.9561617089037,37.9561617089037,37.9561617089037,39.8852561506557,39.8852561506557,39.8852561506557,41.959130946,49.6103244955393,56.4474899852827,56.4474899852827,60.1946895675827,60.1946895675827,60.391290030091,60.391290030091,60.391290030091,60.391290030091,60.391290030091,60.391290030091,60.391290030091,60.391290030091,60.391290030091,60.391290030091,60.391290030091,60.391290030091,60.391290030091,60.391290030091,61.48466009488,61.48466009488
152,"CHL","Chile",44.1215015627977,44.121501562801,44.2089997070613,44.2302441724973,44.4191441830037,44.4191441830037,44.4191441830037,44.419937091154,44.4924697913607,47.6023003525057,47.617517992636,47.6211284940337,47.6857439722913,47.8913835361217,48.1749625359537,48.183817081321,48.183817081321,48.1912298950673,48.7071168176877,48.8833275038783,48.8929315421357,48.8992476226113,51.2695802251447,54.6687928960503,54.7048665618337,54.7167442427213,54.9441236186097,56.1236996517547,56.1272899319937,56.1272899319937
156,"CHN","China",0.50254240253645,0.50887535715753,0.50887535715753,0.573859398018937,0.573859398018937,0.573859398018937,1.13561122630857,1.13561122630857,1.25824694735131,1.25824694735131,1.25824694735131,1.25824694735131,1.34216766094757,1.34228359229057,1.34228359229057,1.52903521284862,1.52903521284862,1.61349371095998,1.61349371095998,1.64014889539932,1.64014889539932,1.64014889539932,2.6540622705597,2.6540622705597,2.78820453200537,2.78820453200537,2.89476971071507,2.89476971071507,2.89476971071507,2.89476971071507
170,"COL","Colombia",45.5951647468053,45.60913438963,46.9338553160737,46.9795750223727,47.0790010696843,47.0826981825627,50.1741280117227,50.1778453958353,50.1803093974507,51.777052248088,52.2364115050327,53.6853238233797,54.8385417397337,59.4196786926833,60.5733206657997,60.865154532706,60.9645019213123,61.4175033283257,63.022771955323,71.1151404276323,71.658437216327,73.0486094160623,79.0056601310323,83.6531286619787,84.207913423304,84.857587656804,85.2433903647543,85.5128769369663,85.852019322467,85.852019322467
174,"COM","Comoros",2.32472336014638,2.32472336014638,2.32472336014638,2.32472336014638,2.32472336014638,2.32472336014638,2.32472336014638,2.32472336014638,2.32472336014638,2.32472336014638,33.9939547154423,33.9939547154423,33.9939547154423,33.9939547154423,100,100,100,100,100,100,100,100,100,100,100,100,100,100,100,100
184,"COK","Cook Islands",2.95746345001657,2.95746345001657,2.95746345001657,2.95746345001657,2.95746345001657,2.95746345001657,2.95746345001657,2.95746345001657,2.95746345001657,2.95746345001657,2.95746345001657,2.95746345001657,2.95746345001657,2.95746345001657,2.95746345001657,2.95746345001657,2.95746345001657,2.95746345001657,2.95746345001657,2.95746345001657,2.95746345001657,2.95746345001657,2.95746345001657,2.95746345001657,2.95746345001657,2.95746345001657,2.95746345001657,2.95746345001657,2.95746345001657,2.95746345001657
188,"CRI","Costa Rica",72.874340896183,72.9024699317503,73.3616264686947,73.4812996145333,79.5674686954633,79.7412377782817,79.926304227777,80.3101954402323,80.6714125938983,80.6763068595907,80.6879418804323,80.6949064337543,80.6949064337543,80.7743229072777,84.152710117863,84.1611629784747,84.1654953146563,84.243749456426,84.3042321264857,84.3042321264857,84.3042321264857,84.3042321264857,84.3042321328753,84.579910218121,84.5799102181167,84.803199721912,84.8031997219133,84.8091953032573,84.8091953032573,84.8091953032573
384,"CIV","Cote d'Ivoire",73.2455566030337,73.2455566030337,73.2455566030337,73.2455566030337,73.2455566030337,73.2455566030337,73.2455566030337,73.2455566030337,73.2455566030337,74.1241681351413,74.1241681351413,74.1241681351413,74.1241681351413,74.1241681351413,74.1241681351413,74.1241681351413,74.1241681351413,74.1257049682717,74.1257049682717,74.1257049682717,74.1257049682717,74.1257049682717,74.192509343394,74.808949601729,74.821397644426,74.821397644426,75.0461458490663,75.728106709604,75.728106709604,75.728106709604
191,"HRV","Croatia",27.7114709944437,27.7167532065198,27.90557641706,33.0566389585067,33.0876269876035,33.9645466165577,33.9702059409247,34.2065122437707,34.2065122437707,34.2065122437813,35.0824624879027,35.0824624879097,35.0824624879097,35.082462487938,35.0982035347517,40.1789242068727,40.1789242068727,98.9367523802737,100,100,100,100,100,100,100,100,100,100,100,100
192,"CUB","Cuba",0,0,0,0,0,24.2540584178155,29.7658134032516,29.7658134032516,29.7658134032516,29.7658134032516,29.7658134032516,29.7658134032516,30.4036472387429,30.4036472387429,39.5026935009313,39.5026935009313,41.662899728734,41.662899728734,41.662899728734,41.662899728734,41.662899728734,41.662899728734,41.662899728734,41.662899728734,41.662899728734,41.662899728734,41.662899728734,41.662899728734,41.662899728734,41.662899728734
531,"CUW","Curacao",26.769980589447,26.769980589447,26.769980589447,26.769980589447,26.769980589447,26.769980589447,26.769980589447,26.769980589447,26.769980589447,26.769980589447,26.769980589447,26.769980589447,26.769980589447,26.769980589447,26.769980589447,26.769980589447,26.769980589447,54.294936993746,54.294936993746,54.294936993746,54.294936993746,54.294936993746,55.337037748538,55.337037748538,55.337037748538,55.337037748538,55.337037748538,55.337037748538,55.337037748538,55.337037748538
196,"CYP","Cyprus",100,100,100,100,100,100,100,100,100,100,100,100,100,100,100,100,100,100,100,100,100,100,100,100,100,100,100,100,100,100
203,"CZE","Czechia",48.8940295206427,48.9370599344127,49.0393921321653,49.357274100734,49.383960053,49.4014105406657,49.428115509248,49.4284451237127,56.917834177473,61.112038494044,61.2995806611227,61.2997467921333,62.6441328094927,62.965702497699,62.9688435426207,63.59390924348,63.7429787555517,64.0038388705273,64.2455666779253,65.8167545885703,66.4175896266243,68.3516900429537,69.666321942326,69.73642781586,69.8418405330563,69.8607477710367,69.8723538800673,69.8996089075747,69.9132068556717,69.9132068556717
180,"COD","Dem. Rep. Congo",29.5910075249819,29.5910075249819,29.5910075249819,29.5910075249819,29.5910075249819,29.5910075249819,29.5910075249819,29.5910075249819,31.5119289003707,31.5119289003707,33.3852362399823,37.3802246542697,45.0977481488637,45.6364509604353,45.6364509604353,45.6364509902223,45.784574985607,45.784574985607,45.784574985607,45.784574985607,47.06463084791,49.3689072864277,49.3689072864277,49.437491826732,49.437491826732,49.437491826732,49.437491826732,49.437491826732,49.437491826732,49.437491826732
208,"DNK","Denmark",46.1110509617493,46.1110754340147,46.1222789900757,46.1314961775243,46.1449307266187,46.191031249612,46.2540026281087,46.27969347048,46.3406239045963,46.359271980791,46.3646711928407,46.4524140397433,46.4603667207173,46.7603013804557,46.7889294490473,50.1734028362937,50.1810173266647,50.1892030342283,50.1952392655093,50.1998550170463,50.24302559779,50.254291242174,50.29024211293,50.2972275225517,50.2972275225517,50.3160748466437,50.3180317064147,50.3221566602497,50.3221566602497,50.322155469825
262,"DJI","Djibouti",0,0,0,0,0,0,0.254378618396592,0.254378618396592,0.254378618396592,0.254378618396592,0.254378618396592,0.254378618396592,0.254378618396592,0.254378618396592,0.254378618396592,0.254378618396592,0.254378618396592,4.42400806374403,4.42400806374403,4.42400806374403,4.42400806374403,4.42400806374403,4.42400806374403,4.42400806374403,4.42400806374403,4.42400806374403,4.42400806374403,4.42400806374403,4.42400806374403,4.42400806374403
212,"DMA","Dominica",55.634370363029,55.634370363029,55.634370363029,55.634370363029,70.3766868540993,70.3766868540993,70.3766868540993,70.3766868540993,70.3766868540993,70.3766868540993,70.3766868540993,70.3766868540993,70.3766868540993,70.3766868540993,70.3766868540993,70.3766868540993,70.3766868540993,70.3766868540993,70.3766868540993,70.3766868540993,70.3766868540993,70.3766868540993,70.3766868540993,70.3766868540993,70.3766868540993,70.3766868540993,70.3766868540993,70.3766868540993,70.3766868540993,70.3766868540993
214,"DOM","Dominican Republic",17.136000612092,17.136000612092,17.136000612092,17.136000612092,17.136000612092,17.136000612092,18.1769926828711,18.1769926828711,55.58497968746,55.58497968746,55.58497968746,55.58497968746,55.58497968746,65.908402669971,65.908402669971,67.0423763035463,67.0423763035463,68.922475925492,68.9224759253697,68.9224759253713,68.9398007531423,68.9398007531423,68.9398007531423,68.9398007531423,68.9398007531423,69.884691949663,70.0576162656717,70.0576162656717,70.0576162656717,70.0576162656717
218,"ECU","Ecuador",31.2913751138676,31.2913751138676,31.2913751136198,38.962864501905,39.74697520557,39.7469752369533,40.128667101122,40.707656209588,47.030462380226,47.030462380226,47.2966627748473,47.2966627748477,47.2992724102997,47.299272410297,53.1674154249483,53.2342440733793,53.780765007224,53.780765007224,54.8716113788203,54.8716113788203,54.8994801171207,62.5858820397753,63.2416143227897,63.5701789304357,63.595341714388,63.9768814176973,64.1591729327803,64.2793334255867,64.2832235466613,64.439619237233
818,"EGY","Egypt",19.0589276940593,19.0589276940593,20.2031533862661,20.222315561294,20.222315561294,20.222315561294,23.8291383437471,25.327831704979,25.327831704979,25.327831704979,25.327831704979,42.5810798677113,42.5810798677113,42.5810798677113,42.6218224235563,42.6218224235563,42.6268308790467,42.6268308790467,42.6268308790467,42.6268308790467,42.6268308790467,42.6268308790467,42.6268308790467,42.6268308790467,42.6268308790467,42.6268308790467,42.6268308790467,42.6268308790467,42.6268308790467,42.6268308790467
222,"SLV","El Salvador",0,0.254623011714402,0.254623011714402,0.254623011714402,0.254623011714402,0.254623011714402,0.254623011714402,0.254623011714402,0.254623011714402,13.6704098251714,13.6704098251714,14.4560748393948,15.231671051919,15.5890854614382,18.3751951365962,22.8075541848574,22.8122111250051,22.8274133625118,23.495186991849,23.7883649031433,23.8910137931373,24.0112826850635,24.0206722663736,24.0566746162348,24.0566746162348,24.0566746162348,24.0566746162348,24.0566746162348,24.0566746162348,24.0566746162348
226,"GNQ","Equatorial Guinea",23.9252238594712,23.9252238594712,23.9252238594712,23.9252238594712,58.873384674481,58.873384674481,58.873384674481,59.1585600357627,59.1585600357627,59.1585600357627,59.1585600357627,59.1585600357627,59.1585600357627,59.1585600357627,59.1585600357627,59.1585600357627,59.1585600357627,59.1585600357627,59.1585600357627,59.1585600357627,59.1585600357627,59.1585600357627,59.1585600357627,59.1585600357627,59.1585600357627,59.1585600357627,59.1585600357627,59.1585600357627,59.1585600357627,59.1585600357627
232,"ERI","Eritrea",0,0,0,0,0,0,0,0,0,0,0,0,0,0,0,0,0,0,0,0,0,0,0,0,0,0,0,0,0,0
233,"EST","Estonia",31.5113858576669,35.7349810205147,36.567030397311,36.885203455064,36.885203455864,36.954700681023,37.5571228817347,38.356434670483,50.7992880871633,54.4917522954677,57.572197533811,59.3275871988613,59.3333492747323,59.600293990273,60.233731373397,60.3336712231117,60.3539321415683,60.5019285787947,60.939521805607,60.9700125478587,61.0700556269363,61.415606400718,61.973134676804,64.0281732983367,64.335377692224,64.6436038757607,65.2341570708053,65.747438755372,65.7845828772737,65.7845828772737
748,"SWZ","Eswatini",13.3079783857983,13.3079783857983,13.3079783857983,13.3079783857983,13.3079783857983,13.3079783857983,13.3079783857983,13.3079783857983,13.3079783857983,13.3079783857983,13.3079783857983,13.3079783857983,13.3079783857983,13.3079783857983,13.3079783857983,13.3079783857983,13.3079783857983,13.5360496487982,13.5360496487982,13.9700403679044,13.9700403679044,13.9700403679044,13.9700403679044,13.9700403679044,15.5319467727418,15.5319467727418,15.5319467727418,15.5319467727418,15.5319467727418,15.5319467727418
231,"ETH","Ethiopia",34.316514521649,34.316514521649,34.477237036229,34.477237036229,34.755557021608,34.755557021608,34.755557021608,34.787868916802,34.787868916802,35.0464310527043,36.205054669253,36.7549241977273,36.7549241977273,36.7549241977273,37.7626413335143,41.043050371422,41.1577488695147,41.521739348254,41.5217393482503,42.05660625802,42.7366265697393,56.4981460670467,56.4981460670467,56.4981460670467,56.4981460670467,56.4981460670467,56.4981460670467,56.4981460670467,56.4981460670467,56.4981460670467
234,"FRO","Faeroe Islands",0,0,0,0,0,0,0,0,0,0,0,0,0,0,0,0,7.2750561740688,7.2750561740688,7.2750561740688,7.2750561740688,7.2750561740688,7.2750561740688,7.2750561740688,7.2750561740688,7.2750561740688,7.2750561740688,7.2750561740688,7.2750561740688,7.2750561740688,7.2750561740688
238,"FLK","Falkland Islands",1.48966513785014,1.48966513785014,1.48966513785014,1.48966513785014,1.48966513785014,1.78255397405836,1.78255397405836,1.78255397405836,1.78255397405836,1.78255397405836,1.78255397405836,1.78255397405836,1.78255397405836,1.78255397405836,1.78255397405836,1.78255397405836,1.78255397405836,1.78255397405836,1.78255397405836,1.78255397405836,1.78255397405836,1.78255397405836,1.78255397405836,1.78255397405836,1.78255397405836,1.78255397405836,1.78255397405836,1.78255397405836,1.78255397405836,1.78255397405836
242,"FJI","Fiji",4.07216192955123,4.32925564172747,4.32925564172747,4.32925564172747,4.3498964376668,4.3498964376668,4.3498964376668,4.3498964376668,4.48639569873957,4.48639569873957,8.13611065960937,8.13611065960937,8.13611065960937,8.13611065960937,8.13611065960937,8.13611065960937,8.13611065960937,8.13611065960937,8.13611065960937,8.13611065960937,8.13611065960937,8.13611065960937,8.13611065960937,8.13611065960937,8.13611065960937,8.13611065960937,8.13611065960937,8.13611065960937,8.13611065960937,8.13611065960937
246,"FIN","Finland",28.0766869158683,28.1312156802133,32.3652136830766,32.3970641246281,32.4673303600163,32.5099508616315,32.5835623934866,32.6333299733154,33.937378839157,34.2584840995453,34.30389540122,34.346073671522,34.412865401598,34.4597817404727,34.5126544655317,34.585790436979,34.641223107411,34.7054595012783,35.367154197416,42.249872048369,42.2927564643407,42.7327115581237,42.781756945071,42.8675825870587,42.9447401949327,43.194576421815,43.331262374507,43.3970593478773,43.4810483352363,43.4843176452567
250,"FRA","France",40.16603584178,40.833117983939,43.8382968921047,45.2000717837037,45.2063739411167,48.8753726188727,48.8934473366873,49.1943889454373,51.867986527772,52.1339469580783,53.858542663818,62.786227514348,64.605256400126,68.2751640096733,68.5619958736793,69.5639033341903,69.7001814879537,69.7823193629973,73.0252898075797,73.9141965541173,74.8193890339803,75.5814241639623,79.908149500826,83.176477398641,84.241685095353,85.4134836209263,85.9684601362083,86.1082676610387,86.5587161666263,86.5587161666263
258,"PYF","French Polynesia",5.29408168869893,5.62371872808717,5.62371872808717,5.62371872808717,5.62371872808717,5.62371872808717,5.62371872808717,5.62371872808717,5.62371872808717,5.62371872808717,5.62371872808717,5.62371872808717,8.32045064284563,8.32045064284563,8.4058537580666,8.4058537580666,8.4058537580666,8.4058537580666,8.4058537580666,8.4058537580666,10.1518539810697,10.1518539810697,10.1518539810697,10.1518539810697,10.1518539810697,10.1518539810697,10.1518539810697,10.1518539810697,10.1518539810697,10.1518539810697
266,"GAB","Gabon",15.1148855077184,15.1148855077184,15.1148855077184,15.1148855077184,15.1148855077184,15.1148855077184,49.004840632838,49.004840632838,49.004840632838,49.004840632838,49.245858358669,54.2075744155523,54.2075744155523,72.85991156728,73.099760070937,73.099760070937,73.2018463358623,73.2018463358623,73.2018463358623,73.2018463358623,73.2018463358623,73.497074956035,73.497074956035,73.497074956035,73.497074956035,73.497074956035,73.521237960719,73.521237960719,73.521237960719,73.521237960719
270,"GMB","Gambia",15.8486098691737,15.8486098691737,15.8486098691737,15.8486098691737,15.8486098691737,17.5346411590918,17.5346411590918,17.5346411590918,17.5346411590918,17.5346411590918,17.5346411590918,17.6676197196465,17.6676197196465,17.6676197196465,17.6676197196465,17.6676197196465,17.6676197196465,17.6676197196465,25.1023220001622,25.1023220001622,25.1023220001622,25.1023220001622,25.1023220001622,25.1023220001622,25.1023220001622,25.1023220001622,25.1023220001622,25.1023220001622,25.1023220001622,25.1023220001622
268,"GEO","Georgia",61.3120270369533,61.3120270368933,61.3180906581247,61.3180906581247,61.3180906581247,61.3180906581247,61.3180906581247,61.3771410060943,61.3771410060943,61.3771410060943,61.3794368611853,64.697267388033,64.697267388033,64.697267388033,64.697267388033,65.3346954528717,65.4648273699077,65.469711945297,65.48498771834,65.48498771834,65.509577680364,65.509577680364,65.509577680364,65.509577680364,65.5095776803317,70.8379220250717,70.88246786622,74.1979067067853,74.9283208080257,74.9283208080257
276,"DEU","Germany",55.848795258011,59.7655411613753,64.0144301677803,65.947063091945,69.3634656157197,76.1057660337557,77.0842013913107,79.039248525169,88.57182940456,92.4979350376797,97.1899576215657,100,100,100,100,100,100,100,100,100,100,100,100,100,100,100,100,100,100,100
288,"GHA","Ghana",49.0111218845133,49.0111218845133,49.0111218845133,49.0111218845133,49.0111218845133,49.0111218845133,49.0111218845133,49.531053515905,49.531053515905,49.531053515905,49.531053515905,49.531053515905,49.531053515905,49.531053515905,49.531053515905,49.531053515905,49.531053515905,49.531053515905,49.531053515905,49.531053515905,49.531053515905,49.531053515905,49.531053515905,49.531053515905,49.531053515905,49.531053515905,49.531053515905,49.531053515905,49.531053515905,49.531053515905
300,"GRC","Greece",32.4276379274585,38.4487410024317,38.7457142987373,38.860457793638,39.244543626379,46.6666627421777,56.340681913119,57.1556879729007,58.5468312700187,62.8900733735347,64.0233753473393,65.0976447448337,75.191460507571,79.460510288199,93.62989242022,100,100,100,100,100,100,100,100,100,100,100,100,100,100,100
304,"GRL","Greenland",100,100,100,100,100,100,100,100,100,100,100,100,100,100,100,100,100,100,100,100,100,100,100,100,100,100,100,100,100,100
308,"GRD","Grenada",26.627206700928,26.627206700928,26.627206700928,26.627206700928,26.627206700928,26.627206700928,26.627206700928,26.627206700928,26.627206700928,26.627206700928,26.627206700928,26.627206700928,26.627206700928,26.627206700928,26.627206700928,26.627206700928,27.252158389124,27.252158389124,27.252158389124,27.252158389124,27.252158389124,27.252158389124,27.252158389124,27.252158389124,27.252158389124,27.252158389124,27.252158389124,27.252158389124,27.252158389124,27.252158389124
320,"GTM","Guatemala",46.6193122706817,48.181770798959,48.421701523255,48.546916625578,49.8469824139643,50.0512652192937,50.2303802928493,51.409974039322,51.7070570254547,53.3171053688003,64.7560351316767,65.040464762391,65.17238812151,65.327109619601,65.4562871281887,65.5170133382867,65.537022781042,65.645154196423,66.2348011816037,66.2393609019813,66.3147598259317,66.425503480898,66.4330959563007,66.541977401807,66.551461941964,66.551461941964,66.551461941964,66.551461941964,66.551461941964,66.551461941964
831,"GGY","Guernsey",0,0,0,0,0,0,0,0,0,0,0,0,0,0,0,0,0,0,0,0,24.4598894645429,24.4598894645429,24.4598894645429,24.4598894645429,24.4598894645429,24.4598894645429,24.4598894645429,24.4598894645429,24.4598894645429,24.4598894645429
324,"GIN","Guinea",50.3737908218357,50.3737908218357,50.3737908218357,50.3737908218357,50.3737908218357,50.3737908218357,89.2904547094943,89.2904547094943,89.2904547094943,94.2765838088383,94.2765838088383,96.2763371811813,96.2763371811813,96.2763371811813,96.2763371811813,96.2763371811813,96.2763371811813,96.2763371811813,96.2763371811813,96.2763371811813,96.2763371811813,96.2763371811813,96.2763371811813,96.2763371811813,96.2763371811813,96.2763371824427,96.2763371824427,96.2763371824427,96.2763371824427,96.2763371824427
624,"GNB","Guinea-Bissau",46.5038704498673,46.5038704498673,46.5038704498673,46.5038704498673,59.0824647954527,59.0824647954527,59.0824647954527,59.0824647954527,59.0824647954527,61.287057020959,61.287057020959,71.619026529308,71.619026529308,71.619026529308,71.619026529308,71.619026529308,71.619026529308,71.619026529308,78.927880905849,87.8990266769093,87.8990266769093,87.8990266769093,87.8990266769093,87.8990266769093,87.8990266769093,87.8990266769093,87.8990266769093,87.8990266769093,87.8990266769093,87.8990266769093
328,"GUY","Guyana",6.87389009378817,6.87389009378817,6.87389009378817,6.87389009378817,6.87389009378817,6.87389009378817,6.87389009378817,6.87389009378817,6.87389009378817,6.87389009378817,6.87389009378817,16.6492983237678,16.6492983237678,16.6492983237678,16.6492983237678,27.8468325099277,27.8468325099277,27.8468325099277,27.8468325099277,27.8468325099277,27.8468325099277,27.8468325099277,27.8468325099277,27.8468325099277,27.8468325099277,27.8468325099277,27.8468325099277,27.8468325099277,27.8468325099277,27.8468325099277
332,"HTI","Haiti",6.920307463232,6.920307463232,6.920307463232,6.920307463232,6.920307463232,6.920307463232,6.920307463232,6.920307463232,6.920307463232,6.920307463232,6.920307463232,6.920307463232,6.920307463232,6.920307463232,6.920307463232,6.920307463232,6.920307463232,7.34823179522743,12.6565220832263,15.5218868906261,15.5218868906261,21.7306610953862,21.7306610953862,21.7306610953862,21.7306610953862,25.0129408987271,25.0129408987271,25.0129408987271,25.0129408987271,25.0129408987271
336,"VAT","Holy See",0,0,0,0,0,0,0,0,0,0,0,0,0,0,0,0,0,0,0,0,0,0,0,0,0,0,0,0,0,0
340,"HND","Honduras",51.9078491996513,51.9078491996513,51.9078491996513,54.3018496535193,54.3018496537257,54.3018496537257,54.3018496537257,54.301849653732,54.301849653732,54.918522507973,56.129999763073,56.129999763073,56.129999763073,56.129999763073,56.3843471176977,56.3843471176977,58.4919885972637,58.6555061179653,58.6555061179653,58.6626979318927,59.3594231269763,59.3602766610777,59.368591810371,59.371095664683,59.371095664683,59.3710956646543,59.3710956646543,59.3710956646543,59.3710956646543,59.3710956646543
344,"HKG","Hong Kong",100,100,100,100,100,100,100,100,100,100,100,100,100,100,100,100,100,100,100,100,100,100,100,100,100,100,100,100,100,100
348,"HUN","Hungary",23.5388413820492,29.1542783021766,29.9277830867995,30.2057621086221,30.2105550322468,30.2105631257364,31.7708723456976,31.7710234027322,56.442139721806,56.4567675864377,56.7727889850447,56.8726488501297,56.8726490354617,56.9040403979713,73.7115643225817,73.7209238627483,73.883683179341,73.9069358699777,73.9093290296537,73.910077068571,73.910077068571,73.9141730642947,73.9141953946213,73.9141953946213,73.9167932177107,73.916971982827,73.916971982827,73.925073784466,73.925073784466,73.925073784466
352,"ISL","Iceland",43.3910701665037,43.3910701665037,43.3911320135563,43.3999928381217,43.4005337873207,44.07715324183,44.078359353842,44.301792518231,44.3017926926343,44.315506860228,44.3181010430933,44.407701574049,44.4077015740287,44.433653296473,44.433653296473,44.5293092712687,44.568654593225,45.075026368586,45.0778060371833,45.0778060371833,45.3495903481353,45.3495903481353,45.3495903481353,45.3495903480853,46.789731054743,47.609544256647,47.6122230142,47.6122230142,47.6122230142,47.6122230142
356,"IND","India",0.195465681483888,0.195465681483888,0.195465681483888,0.195465681483888,0.195465681483888,0.195465681483888,0.609035375244493,0.609035375244493,0.609035375244493,0.639352834124737,0.639352834124737,0.639352834124737,0.639352834124737,0.639352834124737,0.639352834124737,0.639352834124737,0.65206278055301,0.65206278055301,0.65206278055301,0.65206278055301,0.65206278055301,0.65206278055301,0.65206278055301,0.90789821715282,0.922251223530867,1.11222403995319,1.12725587724162,1.12725587724162,1.12725587724162,1.12725587724162
360,"IDN","Indonesia",35.5249519088937,36.9776136214147,36.9790369923863,36.986232624007,37.0895339155923,37.0895439247897,37.0895439247897,37.2780504603087,37.2792930851757,37.2792930851753,37.7329476167333,37.7332980730377,37.7332980730407,37.7366732404517,37.736673240452,37.83970065344,37.839710683524,37.8401338673093,37.8401338673143,37.840133867334,37.840133867334,37.8401338673337,37.8401338673347,37.8401338673347,37.8401338673347,37.8401338673347,37.8401338673347,37.8401338673347,37.8401338673347,37.8401338673347
364,"IRN","Iran",15.9635831139539,15.9643620122215,15.9643620122215,15.9724013684263,16.268721810118,19.6297356646773,20.198871411208,20.2472091152344,20.2472091152344,20.2472091152344,20.2472091152344,20.2472091152344,20.2472091152344,20.2472091152344,20.2506761373385,20.2519610079216,20.2519610079216,20.2519610079216,20.2519610079216,20.2519610079216,20.2563584577327,20.2563584577327,20.2563584577327,20.2563584577327,20.2563584577327,20.2563584577327,20.2563584577327,20.2563584577327,20.2563584577327,20.2563584577327
368,"IRQ","Iraq",0,0,0,0,0,0,0,0.859179810072243,0.859179810072243,0.859179810072243,0.859179810072243,1.88774301908745,1.88774301908745,1.88774301908745,1.88774301908745,1.88774301908745,1.88774301908745,2.93330204076967,4.8838780767827,4.8838780767827,4.8838780767827,4.8838780767827,4.8838780767827,4.8838780767827,4.8838780767827,4.8838780767827,4.8838780767827,4.8838780767827,4.8838780767827,4.8838780767827
372,"IRL","Ireland",14.8867992931911,14.8867992931911,15.2311418111834,15.2311418111834,15.2311418111834,15.2311418111834,15.2370492590157,15.7834723981113,15.7834723980001,17.6555819600791,18.6554716712901,26.2623668508333,26.282848273156,26.3034649043093,26.7040303846233,26.7496434301534,26.7496434301534,26.7496434301534,26.7496434301534,26.7496434301534,26.9815171953686,27.4312680526349,27.9392151753537,31.5285686845488,32.1195835347436,37.0453730837123,38.496800068858,46.7923852333947,46.7923852333947,46.7923852333947
833,"IMN","Isle of Man",3.9259963036087,3.9259963036087,3.9259963036087,3.9259963036087,4.02475853112797,4.26166558510253,4.26166558510253,4.26166558510253,4.62422733230423,5.7473229417829,6.04988893158413,6.22294331444757,12.439649942805,12.8163113328849,12.8163113328849,13.1222452425314,13.204655331258,13.227520664329,13.227520664329,13.227520664329,13.227520664329,13.227520664329,13.227520655817,13.227520655817,13.2505666198612,13.4486541696652,14.3276532339991,14.3276532339991,14.3276532339991,14.3276532339991
376,"ISR","Israel",48.3779663038177,48.379438415293,48.379438415293,48.382656020349,48.417892349755,48.4872439624167,49.4787764837223,57.585498876587,57.7253664820633,58.267507854789,58.377898930502,60.0738482313893,63.9639746306933,66.489642155406,67.7340152708447,68.0499736778663,68.0547868218757,68.1824973208147,68.3002004570187,68.3057909787097,68.4241025342503,68.7410991797287,69.137929631184,70.649381578979,70.6493815790003,72.278010776394,72.9179568712743,73.0954221216723,73.0954221216723,73.0954221216723
380,"ITA","Italy",28.9630189038529,31.4775561087536,34.6167676689463,36.5129717951073,37.5690880685937,37.674408101598,38.0994250707457,41.2392481156297,43.6006898769887,48.9005088430393,51.202794251586,54.703287156966,54.8515812035297,56.7609079958607,56.8039502843097,56.8043606666893,56.8915004187667,57.4277518443507,58.9507111025523,60.4899284391247,63.1548761216097,67.0231309402037,68.9274110374477,71.5996812507133,71.9578712979963,71.9790719433083,72.0645928555887,72.0652831320777,72.0652831320777,72.0652831320777
388,"JAM","Jamaica",35.9697072410037,50.415462117281,50.6584918403153,60.5399888988533,60.5399888988533,60.5399888988533,60.5399888988533,60.5399888988533,61.9545891345867,62.078054276055,62.0954356699543,62.0954356699543,62.0954356699543,62.0954356698297,62.0954356698297,62.0954356698297,62.0954356698297,62.0954356698297,62.507314131084,62.507314131084,63.0569773240177,63.0569773240177,63.0569773240177,63.0569773240177,63.0569773240177,63.3920280460207,63.3920280460207,63.3920280460207,63.3920280460207,63.3920280460207
392,"JPN","Japan",61.900767999741,62.3023247891153,62.597608048363,62.7274563771787,64.2195621846597,65.0686686778733,65.4773637531563,67.552901420215,68.969675850315,70.240362446933,71.504293677807,73.936429034619,74.701497713641,75.0682591878597,75.374067222664,75.8932423053917,76.3994298814677,76.8938437683303,78.814783316774,79.9404319438923,80.7277780249907,82.751901799843,86.7844272959387,88.701126517637,90.8207090066213,91.6580000047953,93.5944718921543,95.2379450760367,95.7666314228943,95.7893518768767
832,"JEY","Jersey",51.7651293938473,51.7651293938473,51.7651293938473,51.7651293938473,51.7651293945117,51.7651293945117,51.7651293945117,51.7651293945117,51.7651293945117,51.7651293945117,51.7651293945117,51.917657369097,51.917657369097,52.708707893857,52.708707893857,52.7090471400503,52.7090471400503,52.7090471400503,52.7090471400503,52.7090471400503,52.7090471400503,52.7090471400503,52.7290520754337,52.7290520754337,52.7290520754337,52.7290520754337,52.7290520754337,52.7290520754337,52.7290520754337,52.7290520754337
400,"JOR","Jordan",2.31083935643816,2.31083935643816,2.31083935643816,2.31083935643816,2.31083935643816,2.31083935643816,2.31083935643816,2.31083935643816,2.34257714236273,2.34257714236273,2.34257714236273,2.34257714236273,2.34257714236273,2.34257714236273,2.41943328203679,2.9286146192163,3.01161678604227,3.07776291060345,3.07776291060345,3.07776291060345,3.21257713072852,3.21257713072852,15.3613517989711,15.3613517989711,15.3613517989876,15.3613517989876,15.3613517989876,15.3613517989876,15.3613517989876,15.3613517989876
398,"KAZ","Kazakhstan",3.6005187626311,3.6005187626311,3.85395609470907,3.85395609470907,4.0193002615962,16.094909631837,16.094909631837,17.2447354222921,17.3998125140985,27.1985167377685,27.3551682547442,28.8106671121387,28.8471523897356,30.1622335788375,30.1703206492984,30.3583001035106,32.1672349138452,32.1672349138452,32.1672349138452,32.1672349138452,32.1672349138452,32.1673960630274,32.4276434220896,32.4276434220896,32.4276434220896,32.4276434220896,32.4276434220896,32.4276434220896,32.4276434220896,32.4276434220896
404,"KEN","Kenya",37.6081757417743,37.6081757417743,37.6081757417743,37.622968530045,38.240881300701,38.3703900322813,38.5479991301703,38.5479991301703,38.760728836361,38.8441252493597,38.943084938301,38.943084938301,38.9691739888117,39.1673598893417,39.4152138086897,39.424398563492,40.2042819331237,41.4870363183627,41.4870363183627,41.4870363183627,41.4870363183627,45.182007962693,45.182007962693,45.182007962693,45.298960015444,45.3540408720283,45.3540408720283,45.3781978414137,45.3849231202393,45.3849231202393
296,"KIR","Kiribati",20.0766512352387,20.0766512352387,20.0766512352387,57.6679432135103,57.6679432135103,57.6679432135103,57.6679432135103,57.6679432135103,57.6679432135103,57.6679432135103,57.6679432135103,57.6679432135103,57.6679432135103,57.6679432135103,57.6679432135103,57.6679432135103,57.6679432135103,58.346383561089,58.346383561089,58.346383561089,58.346383561089,58.346383561089,58.346383561089,58.346383561089,58.346383561089,58.346383561089,58.346383561089,58.346383561089,58.346383561089,58.346383561089
689,"XKX","Kosovo",NA,NA,NA,NA,NA,NA,NA,NA,NA,NA,NA,NA,NA,2.86396453372487,2.86396453372487,2.88462954340257,33.9610576047217,33.9610576047217,34.0818914013823,35.863296160486,35.8789053163113,35.8789053163113,35.8828977407443,35.9110094392053,35.91163306726,35.9732886334613,36.0007772033667,36.0007772033667,36.0007772033667,36.0007772033667
414,"KWT","Kuwait",6.5931034405192,9.2600829277957,9.2600829277957,9.2600829277957,9.2600829277957,9.2600829277957,9.26425056551673,9.26425056551673,9.26425056551673,9.26425056551673,9.26425056551673,9.26425056551673,9.26425056551673,9.26425056551673,16.9995882456884,54.80441875402,54.80441875402,54.80441875402,55.1717770964237,55.184560227602,55.1858459565583,55.1858459565583,55.1858459565583,55.1858459565583,55.1858459565583,55.1858459565583,55.2771116156573,55.2771116156573,55.2771116156573,55.2771116156573
417,"KGZ","Kyrgyzstan",11.5487835978411,11.5487835978411,11.5487835978411,11.5487835978411,11.5487835978411,11.5487835978411,11.5487835978411,11.5487835978411,11.5487835978411,11.6108837022544,11.6108837022544,11.6108837022544,11.6108837022544,11.6108837022544,11.6108837022544,11.7436735057258,11.7436735057258,11.7436735057258,11.7436735057258,11.7436735057258,11.7436735057258,11.7436735057258,11.7436735057258,11.7436735057258,11.7436735057258,11.7436735057258,11.7436735057258,11.7436735057258,11.7436735057258,11.7436735057258
418,"LAO","Laos",29.2588485437912,29.2588485437912,29.2588485437912,29.2588485437912,29.2588485437912,29.2588485437912,29.2588485437912,29.2588485437912,29.2588485437912,29.2588485437912,29.2588485437912,29.2588485437912,31.3597829317916,31.3597829317916,31.5386937643834,33.6975372112753,36.189419152005,36.189419152005,36.189419152005,36.189419152005,36.189419152005,36.189419152005,36.189419152005,49.2028726179933,52.4491531145003,61.1760784326353,62.603102282782,62.603102282782,62.603102282782,62.603102282782
428,"LVA","Latvia",23.7609619770841,46.117080453869,46.117080453869,49.2440716795513,49.2440716795513,49.3043987361283,49.3043987361283,51.786076449194,60.0731072265857,60.0778196799387,60.078446696544,60.0806072004953,60.0806072004953,60.353568602125,60.3535685994647,60.3535686003103,60.3535686003103,60.3562760920427,60.3562760920427,60.3562760920427,60.3562760920427,60.3562760920427,60.3562760920427,60.39284010104,60.39284010104,60.39284010104,60.4002998934147,61.3444521165673,62.3029930050433,62.3029930050433
422,"LBN","Lebanon",5.36661632086837,6.78797226725283,6.78797226725283,7.92955506177363,7.92955506177363,7.93631782364877,7.93631782364877,7.93631782364877,7.98285834877647,7.98285834877647,7.98812001602957,7.98812001602957,8.11719355297483,8.11719355297483,8.88024667662583,8.91280556314257,9.3813340128364,11.2935493466747,11.9814754537278,12.002539117348,12.002539117348,14.6057953330527,22.7804160244143,22.7848673931933,23.1909564972468,23.1973756594063,23.2075695968998,23.2075695968998,23.2075695968998,23.2075695968998
426,"LSO","Lesotho",6.3164755818817,6.3164755818817,6.3164755818817,6.3164755818817,6.3164755818817,74.6000244747457,74.6000244747457,74.6000244747457,74.6473648388093,74.6473648388093,74.6473648388093,74.6473648388093,74.6473648388093,74.6473648388093,74.6473648388093,77.443730700555,77.443730700555,77.443730700555,77.443730700555,77.443730700555,77.443730700555,77.443730700555,77.443730700555,77.443730700555,77.443730700555,77.443730700555,77.443730700555,77.443730700555,77.443730700555,77.443730700555
430,"LBR","Liberia",5.38969803544577,5.38969803544577,5.38969803544577,5.38969803544577,5.38969803544577,5.38969803544577,5.38969803544577,12.187204381715,12.187204381715,12.187204381715,12.6861573205764,12.6861573205764,12.6861573205764,12.6861573205764,12.6861573205764,12.6861573205764,12.6861573205764,12.6861573205764,12.6861573205764,12.6861573205764,12.6861573205764,12.6861573205764,12.6861573205764,12.6861573205764,12.6861573205764,12.6861573205764,12.6861573205764,12.6861573205764,12.6861573205764,12.6861573205764
434,"LBY","Libya",0.423455305596737,0.423455305596737,0.423455305596737,0.423455305596737,0.42362583059707,0.42362583059707,0.42362583059707,0.42362583059707,0.42362583059707,0.42362583059707,0.42362583059707,0.42362583059707,0.42362583059707,0.42362583059707,0.42362583059707,0.42362583059707,0.42362583059707,0.42362583059707,0.42362583059707,0.42362583059707,0.42362583059707,0.42362583059707,0.42362583059707,0.42362583059707,0.42362583059707,0.42362583059707,0.42362583059707,0.42362583059707,0.42362583059707,0.42362583059707
438,"LIE","Liechtenstein",73.0711545278267,73.0711545278267,73.0711545278267,73.0711545278267,75.0496271933787,75.0496271933787,75.0496271933787,75.0496271933787,75.0496271933787,75.0496271933787,75.0496271933787,75.0496271933787,75.0496271933787,75.0496271933787,75.0496271933787,75.0496271933787,75.0496271933787,75.050585766868,75.183728162824,75.183728162824,75.183728162824,75.183728162824,75.183728162824,75.183728162824,75.183728162824,75.183728162824,75.183728162824,75.183728162824,75.183728162824,75.183728162824
440,"LTU","Lithuania",47.9547579104843,47.9835181951617,48.5503175697957,48.5503175697957,48.5503175697957,48.5503175697957,49.1241871952663,49.1241871952663,56.1177826355937,57.5922723436817,57.6445848165947,57.6445848165947,57.6445848165947,58.480652543857,58.5415946654467,58.576193282611,58.625454829273,58.6254548298,58.7086518633917,58.731784632122,58.731784632122,58.731784632122,58.7987973116983,58.9227109924193,58.9891146443817,59.1429340036973,59.4229601119223,59.4964407141917,59.4964407141917,59.4964407141917
442,"LUX","Luxembourg",37.237952905218,37.2819903191927,37.764075056838,38.2169795036903,38.2169795036903,38.2169795036903,59.0085950887033,74.354654930405,100,100,100,100,100,100,100,100,100,100,100,100,100,100,100,100,100,100,100,100,100,100
446,"MAC","Macao",0,0,0,0,0,0,0,0,0,0,0,0,0,0,0,0,0,0,0,0,0,0,0,0,0,0,0,0,0,0
450,"MDG","Madagascar",7.70561613646863,10.8593435697502,11.6588058292374,11.6588058292374,11.6588058292374,11.6588058292374,11.6588058292374,15.7325815837965,15.8595830103769,15.9146846458367,15.9146846458367,15.9863954060723,15.9863954060723,15.9863954060723,18.0067283441266,19.1238616459681,21.3083415553553,21.3083415553553,21.3083415553553,41.7029777376657,41.7029777376657,42.056626368282,42.1102256681783,42.1102256681783,42.3180245253873,42.3180245253873,42.3180245253873,42.3180245253873,42.3180245253873,42.3180245253873
454,"MWI","Malawi",67.6508903136937,67.6508903136937,67.6508903136937,67.6508903136937,68.15081052556,68.15081052556,69.1033762433227,69.1033762433227,69.1033762433227,69.1033762433227,69.1033762433227,69.1033762433227,69.1033762433227,69.1033762433227,69.1033762433227,69.1033762433227,69.1033762433227,69.1033762433227,69.1033762433227,77.377682446876,77.377682446876,79.1121208089763,79.1121208089763,79.1121208089763,79.1121208089763,79.1121208089763,79.1121208089763,79.1121208089763,79.1121208089763,79.1121208089763
458,"MYS","Malaysia",14.7928352843493,15.3917535670798,15.396336167169,15.8491866791725,16.1970383888987,16.5438323071212,19.6211027882683,19.7325383882109,19.7432093577788,20.6113920267672,21.5470731002901,26.1174888894496,28.0227440955473,28.3590889155292,29.5368763562629,30.4073345546326,31.2958641978362,35.7339487539413,39.7887073744277,42.640032719976,42.7807338103933,42.7807338103933,42.7807338103933,42.7807338103933,42.7807338103933,42.7807338103933,42.7807338103933,42.7807338103933,42.7807338103933,42.7807338103933
462,"MDV","Maldives",0,0,0,0,0,0,0,0,0,0,0.49237010711107,0.49237010711107,0.49237010711107,0.49237010711107,0.49237010711107,0.49237010711107,0.49237010711107,0.49237010711107,0.49237010711107,0.49237010711107,0.49237010711107,0.49237010711107,3.09797607074499,4.5901053725879,4.95940963930233,5.5605234343091,5.5605234343091,5.5605234343091,5.5605234343091,5.5605234343091
466,"MLI","Mali",10.1115827517385,10.1115827517385,10.1115827517385,10.1115827517385,10.1115827517385,10.2210600668149,10.7037540933906,10.7037540933906,17.5549705709824,17.5549705709824,17.9652513000893,18.0658674867442,18.0658674867442,18.0658674867442,18.3023133303188,18.3520929790679,18.643315101009,18.8550199932444,18.8550199932444,18.8550199932444,18.9866241647024,18.9866241647024,18.9866241647024,18.9866241647024,18.9866241647024,18.9866241647024,18.9866241647024,18.9866241647024,18.9866241647024,18.9866241647024
470,"MLT","Malta",49.4860504266627,49.5229090304783,49.5233301303717,50.299890643702,52.8471699952553,65.527441091528,65.8599654564133,70.0847209740947,70.0933243712447,70.0968789081577,74.4429804743497,76.0029502068707,80.1332447948077,80.3739795944,81.3849665981423,83.6238553611407,93.4274614988923,93.4274614988923,93.4274614988923,93.4274614988923,93.446635272959,93.498861117975,93.4992878934407,94.53087391849,94.53087391849,94.530873938785,94.5597065879453,94.5597065879453,95.2750268308427,95.2750268308427
584,"MHL","Marshall Islands",2.85922761425844,2.85922761425844,2.85922761425844,2.85922761425844,2.85922761425844,2.85922761425844,2.85922761425844,2.85922761425844,2.85922761425844,2.85922761425844,2.85922761425844,2.85922761425844,2.85922761425844,2.85922761425844,2.85922761425844,2.85922761425844,2.85922761425844,2.85922761425844,2.85922761425844,2.85922761425844,2.85922761425844,2.85922761425844,2.85922761425844,2.85922761425844,2.85922761425844,2.85922761425844,2.85922761425844,2.85922761425844,2.85922761425844,2.85922761425844
478,"MRT","Mauritania",1.98624671027213,1.98624671027213,1.98624671027213,1.98624671027213,2.00827542048838,2.00827542048838,2.00827542048838,2.00827542048838,2.00827542048838,2.00827542048838,2.00827542048838,2.00827542048838,2.00827542048838,2.03853650007658,2.03853650007658,2.03853650007658,2.03853650007658,2.03853650007658,2.03853650007658,2.03853650007658,2.03853650007658,2.03853650007658,2.03853650007658,2.03853650007658,2.03853650007658,2.03853650007658,2.03853650007658,2.03853650007658,2.03853650007658,2.03853650007658
480,"MUS","Mauritius",10.5185161318622,10.5185161318622,10.5185161318622,10.5185161318622,14.3356783988737,14.3503447178655,14.3503447178655,14.3503447178655,14.6195926361991,14.6195926361991,14.6195926361991,15.0627048899132,15.0627048899132,15.0627048899132,15.0627048899132,15.7440616711065,15.7440616711065,15.7440616711065,15.7440616711065,15.7440616711065,15.7440616711065,15.7440616711065,15.7440616711065,15.7440616711065,15.7440616711065,15.7440616711065,15.7440616711065,15.7440616711065,15.7440616711065,15.7440616711065
484,"MEX","Mexico",13.0750347412784,14.0334443623897,15.1802728431958,15.6521479459546,23.2762673983444,24.3101740879095,31.2555299951152,32.9022996749755,34.2645287404993,34.7619170599723,35.7117218574677,36.7236161687863,40.5664732182767,43.133964338425,43.6708660140403,44.226362583447,44.5122339675533,44.9995140343073,45.0771892299633,45.1031856914967,45.660747321246,46.0404617472463,46.1485039581393,46.2602808409753,46.2680415407763,46.5709973871263,46.675038991603,47.7788548407573,49.2122644464847,49.2122644464847
583,"FSM","Micronesia",0,0,0,0,0,0,0,0,0,0,0,0,0,0,0,0,0,0,0,0,0,0,0,0,0,0,0,0,0,0
498,"MDA","Moldova",28.778975611936,28.778975611936,28.778975611936,28.778975611936,29.7880171627681,29.7880171627681,29.7880171627681,34.78804527987,34.78804527987,35.322597111103,35.322597111103,35.322597111103,35.322597111103,35.322597111103,35.322597111103,35.322597111103,35.322597111103,35.322597111103,35.322597111103,35.322597111103,35.322597111103,35.322597111103,35.322597111103,35.322597111103,35.322597111103,35.322597111103,35.322597111103,35.322597111103,35.322597111103,35.322597111103
492,"MCO","Monaco",0,0,0,0,0,0,0,0,0,0,0,0,0,0,0,0,0,0,0,0,0,0,0,0,0,0,0,0,0,0
496,"MNG","Mongolia",39.3276470507467,41.634154617904,43.5526427045703,43.6470654711857,46.4407573139323,46.4407573139323,46.9326663311227,47.9846471399727,48.694342160574,48.694342160574,48.9581414117967,48.9581414117967,49.5164970740677,49.5164970740677,50.919856626445,53.7960297475907,55.3380475943107,55.3380475943107,55.3380475943107,55.3380475943107,57.242979266188,57.2681765866127,57.2681765866127,59.171647722291,59.171647722291,59.171647722291,59.171647722291,59.171647722291,59.171647722291,59.171647722291
499,"MNE","Montenegro",NA,NA,NA,NA,NA,NA,NA,NA,NA,NA,NA,61.0008381735163,61.0098744799853,62.9250068687503,62.9250068687503,62.9250068687503,62.9250068687503,62.9283757688387,62.9289136402707,72.0409761374757,72.0409761374757,72.7294200678597,72.7294200678597,75.718176963506,75.718176963506,75.7181769636697,75.743610338311,75.743610338311,75.7438917965713,75.7438917965713
504,"MAR","Morocco",2.00023561416313,2.00023561416313,2.00023561416313,2.00023561416313,2.00023561416313,2.00023561416313,2.00023561416313,2.00023561416313,4.16131477298837,5.28912115001763,6.33358458319513,6.33358458319513,7.00574225413583,7.00574225413583,7.00574225413583,7.00574225413583,7.00574225413583,7.00574225413583,7.00574225413583,7.00574225413583,7.00574225413583,7.00574225413583,7.00948410708743,7.10453622548033,7.10453622548033,7.10453622548033,7.10453622548033,7.10453622548033,7.10453622548033,7.10453622548033
508,"MOZ","Mozambique",65.0730618957107,65.0730618957107,67.849806088761,67.849806088761,67.9437845365293,72.6488486039343,74.532245628867,75.4242830118397,81.1409851422757,81.1409851422757,81.1409851422757,81.1409851422757,81.403668623608,81.403668623608,85.0785432185567,85.731266066301,86.698339473958,88.45686850356,88.45686850356,88.45686850356,88.45686850356,88.45686850356,88.45686850356,89.030262182639,89.030262182639,89.030262182639,89.030262182639,89.030262182639,89.030262182639,89.030262182639
104,"MMR","Myanmar",3.16298924424895,3.16298924424895,4.28531430443053,4.28531430443053,4.28531430443053,4.36270762597827,5.37912033159757,6.0617765725817,11.1180900865192,11.9176648170776,11.9176648170776,11.9176648170776,11.9176648170776,11.9176648170776,17.6023578678304,17.6023578678304,17.6023578678304,17.6675235419455,18.1606619823075,18.1606619823075,18.3095198885067,18.7720312985117,18.9052838642401,19.0098563315218,19.7622788833884,19.7622788833884,19.7622788833884,19.7622788833884,19.7622788833884,19.7622788833884
516,"NAM","Namibia",37.043090030389,37.043090030389,43.8182476594127,45.7856374439613,47.2264721878553,53.4211219709413,55.1582008462447,67.3158687391287,70.4596611692613,80.9213230886107,87.2614310330567,89.0735621032493,100,100,100,100,100,100,100,100,100,100,100,100,100,100,100,100,100,100
520,"NRU","Nauru",0,0,0,0,0,0,0,0,0,0,0,0,0,0,0,0,0,0,0,0,0,0,0,0,0,0,0,0,0,0
524,"NPL","Nepal",40.83574434488,40.83574434488,44.0671532718843,45.792849978005,45.792849978005,45.792849978005,45.97395094981,46.0562297836487,47.1251162854543,47.8293612141503,48.92916555169,48.92916555169,48.9312874365153,48.9708126552393,55.9016734707963,55.9016734707963,55.9016734707963,55.9016734707963,55.9016734707963,55.9016734707963,56.5195835399373,56.5195835399373,56.5195835399373,56.5195835399373,56.5195835399373,56.5195835399373,56.5195835399373,56.5195835399373,56.5195835399373,56.5195835399373
528,"NLD","Netherlands",12.1298997216753,12.3238310744461,12.5503503629282,13.0347329933359,45.6339413553153,45.6502552424963,49.2851419851133,49.3217086219433,52.3114717031577,52.505966680928,52.6179412417647,52.6179412417647,52.70525296901,52.7472825678467,54.9636968695467,55.086665611902,55.086665611902,60.0477985689813,64.9799576918287,77.211736920665,78.7334881364643,84.6055572666913,86.858872595804,86.858872595804,86.858872595804,86.8588725954307,86.8588725949467,86.8588725949467,86.8588725949467,86.8588725949467
540,"NCL","New Caledonia",19.7896453261665,19.7896453261665,19.7896453261665,19.7896453261665,22.1869221715022,22.1869221715022,22.1869221715022,22.1869221715022,22.1869221715022,22.1869221715022,22.1869221715022,22.1869221715022,100,100,100,100,100,100,100,100,100,100,100,100,100,100,100,100,100,100
554,"NZL","New Zealand",77.7428816380413,78.7897519137733,79.6973693818613,79.7978488697213,79.932270372208,80.2734359493763,82.5485911821703,83.0679412510753,83.4776459684647,83.7174055167797,84.1450957370847,84.3770441044207,85.0142526839087,85.9195714252037,86.048923454679,86.1142646621187,86.153413064055,86.2879556706547,86.3402562429087,86.5833054769167,86.6091564447513,86.727307540575,86.7671375991097,86.784498800269,86.7847057795763,86.7847057795763,86.7847057795763,86.7847057795763,86.7847057795763,86.7847057795763
558,"NIC","Nicaragua",25.069019064646,26.1925146442387,26.1925146442387,44.408373179148,44.408373179148,69.287420062957,69.287420062957,69.287420062957,69.287420062957,69.287420062957,69.2919532110063,69.2919532110063,69.2919532110063,69.2919532110063,69.2919532107883,69.314051896157,69.314051896157,69.5469612174873,69.5469612174873,69.5469612174873,69.5469612174873,69.5469612174873,69.5469612174873,69.5469612174873,69.5469612174873,69.5469612174873,69.5469612174873,69.5469612174873,69.5469612174873,69.5469612174873
562,"NER","Niger",18.1742988401463,18.1742988401463,18.1742988401463,18.1742988401463,18.1742988401463,18.6269892304305,18.6386870596997,18.6386870596997,21.3798171186018,29.8306612787041,29.8306612787041,29.8306612787041,29.8306612787041,29.8306612787041,29.8306612787041,29.8306612787041,29.8306612787041,29.8306612787041,29.8306612787041,29.8306612787041,29.8306612787041,33.0421301102448,33.0421301102448,68.287363704771,68.287363704771,68.287363704771,68.287363704771,68.287363704771,68.287363704771,68.287363704771
566,"NGA","Nigeria",42.0126394109927,42.0126394109927,42.0126394109927,42.2198208229123,42.4263580463013,42.4263580463013,42.4263580463013,42.4263580463013,42.4263580463013,42.4263580463013,42.4263580463013,42.4263580463013,43.8572331373293,43.8572331373293,43.8572331373293,43.8572331373293,43.8572331373293,43.8572331373293,43.8572331373293,43.8572331373293,43.8572331373293,43.8572331373293,43.8572331373293,43.8572331373293,44.6197489283427,44.6197489283427,44.6197489283427,44.6197489283427,44.6197489283427,44.6197489283427
570,"NIU","Niue",0,0,0,0,0,0,0,0,0,0,0,0,0,0,0,0,0,0,0,0,0,0,0,0,0,0,0,0,0,0
408,"PRK","North Korea",7.73620566245097,7.73620566245097,7.73620566245097,7.73620566245097,7.73620566245097,7.73620566245097,7.73620566245097,7.73620566245097,7.73620566245097,7.73620566245097,7.73620566245097,7.73620566245097,7.73620566245097,7.73620566245097,7.73620566245097,7.73620566245097,7.73620566245097,7.73620566245097,7.73620566245097,7.73620566245097,7.73620566245097,7.73620566245097,7.73620566245097,7.73620566245097,7.73620566245097,7.73620566245097,7.73620566245097,7.73620566245097,7.73620566245097,7.73620566245097
807,"MKD","North Macedonia",83.5765103950773,83.5970942467223,83.6115326601453,83.629008091447,83.629008091447,83.629008091447,83.7034037186597,83.749152722522,83.749152722522,84.731509777837,84.766799578463,84.7687570286743,84.7687570286743,84.768757028512,84.768757028512,84.8262178715707,84.8262178715707,84.8262178715707,84.8262178715707,84.8262178715707,84.8262178715707,84.8262178715707,84.8262178715707,84.8262178715707,86.6418176438303,89.3715042576677,89.3715042576677,89.3715042576677,89.3715042576677,89.3715042576677
578,"NOR","Norway",42.729351195979,42.736061518551,42.7375302567787,42.7877328850653,43.20540715304,43.2455219327773,43.2884807327173,46.1304167329313,46.2195646569587,47.043305066768,47.675692964189,47.7585597036033,48.0031049191227,48.9091550941533,49.3614775911097,50.497394270038,50.7346692197243,50.834157432422,74.1231291452323,74.2769716053397,74.4336465170283,74.698387006664,74.9058537564353,75.0680050172327,75.164123425431,75.3020907049693,75.397429675423,75.5197889882937,75.6354179883977,75.6354179883977
512,"OMN","Oman",4.22191374900793,9.15925638980537,9.15925638980537,9.15925638980537,9.15925638980537,9.15925638980537,9.15925638980537,9.15925638980537,9.15957548632543,9.15957548632543,9.16490436290767,9.17220218750477,9.17220218750477,9.17220218750477,9.17220218750477,9.30371556339873,9.30371556339873,9.3047838311169,11.2192975102718,11.2192975102718,11.2192975102718,11.2192975102718,11.2192975102718,11.9090085226797,11.9096159626714,12.0638202262747,12.9285845260923,72.8806876364977,73.0204142941193,96.003555229938
586,"PAK","Pakistan",27.2340439447088,27.484275358365,28.8585075586788,28.8746971417288,28.8940363639328,29.3027424531737,30.2232010321868,30.3673377851809,30.4790296191494,30.7574556737179,31.9655451106415,32.1288710611451,32.2371214630729,32.2970423631778,32.8230946021315,33.0892908099015,33.0900063612518,34.9595749561947,35.452338426576,35.5878749979267,35.5878749979267,37.2614305458763,39.321536698937,44.1279872740363,44.5346795271703,45.7242642758963,52.8104257435207,53.9535914186837,53.9839255729687,54.051940416441
585,"PLW","Palau",2.4480577723152,3.97391225296867,4.5580184388956,4.5894776388851,4.5894776388851,4.5894776388851,9.4512801052213,9.4512801052213,9.4512801052213,13.654158981736,13.654158981736,13.6639254384962,26.3548764017094,28.9675231035021,28.9675231035021,28.9675231035021,28.9675231035021,28.9675231035021,28.9675231035021,30.0661487955567,30.0661487955567,30.0661487955567,30.0661487955567,30.0661487955567,30.0661487955567,30.0661487955567,30.0661487955567,30.0661487955567,30.0661487955567,30.0661487955567
591,"PAN","Panama",76.673364321724,77.349873935284,77.349873935284,77.349873935284,77.4101479937743,80.9056478422053,80.9056478422053,82.795969998306,83.3274899734937,83.3274899734937,83.7655492182647,83.7655492182647,83.7808766851987,92.028165516999,93.074111258932,93.074111258932,93.074111258932,93.1445661544107,93.1445661544107,93.146149662219,93.1845232039177,93.3954552588447,93.3954552588447,93.3954552589713,93.3954552589713,93.3954552589713,93.3954552589713,93.3954552589713,93.3954552589713,93.3954552589713
598,"PNG","Papua New Guinea",7.5030335370653,9.15985638020203,9.15985638020203,9.15985638020203,9.15985638020203,9.16037688173343,9.16037688173343,9.19314352615634,9.19314352615634,9.19314352615634,9.19317780799773,9.68235767517897,9.75053208547413,10.3088278732043,10.3088278732043,10.3088278732043,10.3088278732043,10.3088278732043,10.3088278732043,10.3088278732043,10.3088278732043,11.8417448852392,11.8417448852392,11.8417448852392,11.8417448852392,11.8417448852392,11.8417448852392,11.8417448852392,11.8417448852392,11.8417448852392
600,"PRY","Paraguay",11.8035222318522,11.8035222318522,13.2830440018788,13.2830440018788,13.2830440018788,45.9833685312403,46.009119763917,46.150385681674,46.255355364192,46.486197243941,46.607346943017,46.8575900166923,47.3248703080553,47.3248703080553,47.5515728063737,47.6726182436947,47.7975844612557,47.8643665172703,47.9324831684127,47.9737035290703,48.0005022598907,48.0308637754807,48.2357018044123,48.245344738312,48.359972533643,48.680977061952,48.7182287745843,48.913957424401,48.9169670287183,48.9169670287183
604,"PER","Peru",18.4087378756742,18.454616428504,18.454616428504,19.4854100625588,20.2045178089018,26.3778400659942,37.2233815121317,39.0667842695393,46.74750851324,48.4403244021713,48.8084842110237,49.3008953087153,49.322019058753,52.0140918636267,55.4866065508207,58.5726738470047,60.240716895324,60.2556987682933,60.2632437812933,64.891226724618,65.0422599348443,65.1777996800017,68.1404573444293,68.5747573024433,68.623167433726,69.7274566140427,69.7532651747977,69.776636687635,69.7766769390717,71.194271544069
608,"PHL","Philippines",26.1904993675501,26.1904993675501,26.6273131792983,27.1955643544469,29.2017038762403,32.7182588296401,32.7182588296401,33.9136163010847,33.9136163010847,35.979389105429,35.990254974472,36.3114610176133,36.3114610176133,38.822026586351,38.8220265863507,39.413440744649,39.4159914498807,39.4545096531937,39.5260017762803,39.5508309465247,39.5508309465247,39.5508309465247,51.458795416187,51.458795416187,51.458795416187,51.4816535176297,51.4816535176297,51.4816535176297,51.4816535176297,51.4816535176297
616,"POL","Poland",75.8486773630977,78.748827682499,90.69062856387,91.4100744103407,91.5223904004287,93.1641878991307,93.359980709209,98.644660412328,100,100,100,100,100,100,100,100,100,100,100,100,100,100,100,100,100,100,100,100,100,100
620,"PRT","Portugal",27.8059341013951,27.8062143977639,30.9406459340231,42.2936750891003,42.527351301823,42.530567849211,42.530567849211,46.9913397496683,47.7912254846177,47.8831834105687,47.88598792224,47.8880271723107,74.1972746871177,74.525414129918,74.5254141298063,74.7990206133213,75.9684949318997,76.8640438886037,76.9070970434387,77.0727483557653,77.07274835567,77.2018888522817,77.2085696022657,77.2085696021773,77.2085696021773,77.2123487755687,77.2455211054047,77.2455211054047,77.2511966740783,77.2511966740783
634,"QAT","Qatar",8.32046477132437,8.32046477132437,8.32046477132437,8.32046477132437,8.32046477132437,8.32046477132437,8.32046477132437,8.32046477132437,8.32046477132437,10.0755276047476,15.205281254496,44.9279900578683,44.9279900578683,44.9279900578683,44.9279900578683,44.9279900578683,44.9279900578683,44.9279900578683,44.9279900578683,44.9279900578683,44.9279900578683,44.9279900578683,44.9279900578683,44.9279900578683,44.9279900578683,44.9279900578683,44.9279900578683,44.9279900578683,44.9279900578683,44.9279900578683
178,"COG","Republic of Congo",4.41551687417793,4.41551687417793,8.81390423451997,12.0405915826221,12.0405915826221,25.3707299451395,25.3707299451395,25.3707299451395,25.3707299451395,25.3707299451395,25.3707299451395,69.4760184984187,72.888558989265,74.6418298597247,74.6418298597247,74.6418298597247,75.2258451138147,75.2258451138147,75.2258451138147,79.5205252440133,79.5205252440133,79.9939317768387,79.9939317768387,79.9939317768387,79.9939317768387,79.9939317768387,83.236931492243,83.236931492271,83.236931492271,83.236931492271
642,"ROU","Romania",13.1315739938837,13.13891615848,13.13891615848,13.159963001196,16.5125414319831,16.6975265994003,16.6975265994003,16.6975265994003,23.0269575199064,23.1830697153386,23.4403912211783,47.8437235290187,47.9469439972987,54.6906739862337,54.6906739829077,59.1734043789117,59.8567789929623,62.6736392824627,62.6736392824627,62.6736392824627,63.2834018068317,63.2834018068317,63.6755026426487,63.6773048435133,63.6885278193663,63.6885278193663,68.8132332300713,68.8132332300713,68.8736031515213,68.8736031515213
643,"RUS","Russia",16.9368419188665,18.3342019182945,18.6313465953716,21.0359639184983,25.8919998436542,27.908077313506,29.1496879489233,29.7741454149162,29.9032092767468,30.1475679164708,30.2878321617278,30.5438438533772,30.6269270184283,31.1140498740649,31.6655994796439,31.8502341153171,31.9179172419556,32.3766235588149,32.7330200975524,33.1450094620463,33.1537919709087,33.5257865558223,33.810135806817,33.9964269674747,34.018894454381,34.018894454381,34.018894454381,34.018894454381,34.018894454381,34.018894454381
646,"RWA","Rwanda",28.480334175144,28.480334175144,28.480334175144,28.480334175144,28.480334175144,28.480334175144,28.480334175144,28.480334175144,28.480334175144,29.3866409140826,29.3866409140826,29.3866409140826,29.3866409140826,29.3866409140826,29.3866409140826,29.3866409140826,29.3866409140826,29.3866409140826,29.3866409140826,29.8094897673615,29.8094897673615,29.8094897673615,29.8094897673615,29.8094897673615,29.8094897673615,29.8094897673615,29.8094897673615,29.8094897673615,29.8094897673615,29.8094897673615
652,"BLM","Saint Barthelemy",3.18135815584513,3.18135815584513,3.18135815584513,3.18135815584513,3.18135815584513,3.18135815584513,3.18135815584513,3.18135815584513,3.18135815584513,3.18135815584513,3.18135815584513,3.3562022789939,3.3562022789939,3.3562022789939,3.3562022861584,3.3562022861584,3.3562022861584,3.3562022861584,3.3562022861584,3.3562022861584,3.3562022861584,3.3562022861584,3.3562022861584,3.3562022861584,3.3562022861584,3.3562022861584,3.3562022861584,3.3562022861584,3.3562022861584,3.3562022861584
659,"KNA","Saint Kitts and Nevis",0.597825678572187,0.597825678572187,0.597825678572187,0.597825678572187,0.597825678572187,0.597825678572187,0.597825678572187,0.597825678572187,0.597825678572187,0.597825678572187,29.0536617775885,29.0536617775885,29.0536617775885,29.0536617775885,29.0536617775885,31.6049301030734,31.6049301030734,31.6049301030734,31.7768695296145,31.7768695296145,31.7768695296145,31.7768695296145,31.7768695296145,31.7768695296145,31.7768695296145,31.7768695296145,31.7768695296145,31.7768695296145,31.7768695296145,31.7768695296145
662,"LCA","Saint Lucia",50.522405315424,50.522405315424,50.522405315424,50.522405315424,50.522405315424,50.522405315424,50.522405315424,50.522405315424,50.522405315424,50.522405315424,50.522405315424,52.0365271638593,52.0365271638593,52.0365271638593,52.0365271638593,52.0365271638593,52.0365271638593,52.0365271638593,52.0365271638593,52.0365271638593,52.0365271638593,52.0365271638593,52.0365271638593,52.0365271638593,52.0365271638593,52.0365271638593,52.0365271638593,52.0365271638593,52.0365271638593,52.0365271638593
882,"WSM","Samoa",8.33507854240597,8.46287563475107,8.55871518155533,9.54011364300927,9.5620512146161,9.57234668275333,9.57474684951347,10.121541491723,17.0738801348903,17.0738801348903,17.1107194483837,17.1270322700906,25.8303643278229,25.8303643278229,25.8303643278229,25.8310390538004,25.8310390538004,25.8310390538004,25.8310390538004,25.8552909323646,25.8665266521556,25.8665266521556,25.8665266521556,25.8665266521556,25.8665266521556,25.8665266521556,25.8665266521556,26.1916534294518,26.1916534294518,26.1916534294518
674,"SMR","San Marino",0,0,0,0,0,0,0,0,0,0,0,0,0,0,0,0,0,0,0,0,0,0,0,0,0,0,0,0,0,0
678,"STP","Sao Tome and Principe",0,0,0,0,0,0,0,0,0,0,100,100,100,100,100,100,100,100,100,100,100,100,100,100,100,100,100,100,100,100
682,"SAU","Saudi Arabia",7.01552883665093,7.01552883665093,7.01552883665093,7.01552883665093,7.01552883665093,7.02158159219617,7.0351598465563,7.0351598465563,7.0351598465563,7.0699048533335,7.0699048533335,7.0699048533335,7.0699048533335,7.0699048533335,7.0699048533335,7.0699048533335,7.0699048533335,7.0699048533335,7.0699048533335,7.0699048533335,7.0699048533335,7.0699048533335,33.1048803969719,34.3594830168267,35.768815734847,35.768815734847,35.768815734847,39.5800665621897,39.5800665621897,39.5800665621897
686,"SEN","Senegal",87.6568862437687,87.6568862437687,87.6568862437687,87.6568862437687,87.6568862437687,87.6591179673907,87.6591179673907,87.6591179673907,87.6591179673907,87.6591179673907,87.6591179673907,87.6591179673907,87.6591179673907,89.6928687856407,89.6928687856407,89.6972991512683,89.6972991512683,89.6992277226957,89.6992277226957,89.6992277226957,89.6992277226957,90.1741619908553,90.1741619908553,90.1741619908553,90.1741619908553,90.1741619908553,90.6824664970883,91.051824077124,91.051824077124,91.051824077124
688,"SRB","Serbia",NA,NA,NA,NA,NA,NA,NA,NA,NA,NA,NA,37.6565870685927,37.716135311297,33.1360402682882,33.1406591732445,33.1417591924164,33.3984097540903,33.6921717496187,34.845259735374,35.2351591703987,35.2477988871117,35.731482084754,36.197927289724,36.370165585499,36.499328228447,36.986032609336,37.8120102373467,40.004403119335,42.395316808864,42.395316808864
690,"SYC","Seychelles",39.640584956435,39.640584956435,39.640584956435,39.640584956435,39.640584956435,39.640584956435,39.640584956435,39.640584956435,40.0763204710083,40.0763204710083,40.0763204710083,40.0763204710083,40.0763204710083,40.0763204710083,73.3425989303503,73.3425989303503,73.3425989303503,73.3425989303503,73.3425989303503,73.3425989303503,73.3425989303503,73.3425989303503,73.3425989303503,73.3425989303503,73.3425989303503,73.3425989303503,73.3425989303503,73.3425989303503,73.3425989303503,73.3425989303503
694,"SLE","Sierra Leone",28.7252035387406,28.7252035387406,28.7252035387406,30.078028003107,30.078028003107,30.078028003107,30.078028003107,30.078028003107,30.078028003107,30.078028003107,30.078028003107,30.078028003107,30.078028003107,30.078028003107,33.3399723077797,33.3399723077797,42.7911144726417,42.7911144726417,42.7911144726417,42.7911144726417,42.7911144726417,42.7911144726417,42.7911144726417,42.7911144726417,42.7911144726417,42.7911144726417,42.7911144726417,42.7911144726417,42.7911144726417,42.7911144726417
702,"SGP","Singapore",15.8617246974184,15.8617246974184,15.8617246974184,15.8617246974184,15.8617246974184,15.8617246974184,16.5421594508961,16.5421594508961,16.5421594508961,16.5421594508961,16.5421594508961,16.5421594508961,16.5421594508961,16.5421594508961,16.5421594508961,16.5421594508961,16.5421594508961,16.5421594508961,16.5421594508961,16.5421594508961,16.5421594508961,16.5421594508961,16.5421594508961,16.5421594508961,16.5421594508961,16.5421594508961,16.5421594508961,16.5421594508961,16.5421594508961,16.5421594508961
534,"SXM","Sint Maarten",0,0,0,0,0,0,0,0,0,0,0,0,0,0,0,0,0,0,0,0,0,0,0,0,0,0,0,0,0,0
703,"SVK","Slovakia",26.3415902557857,44.825815045656,45.697529351324,46.8350077851753,46.859670789595,55.591811291507,59.6473255380687,86.3973959931793,86.6511494832607,86.6625810682873,86.665724749352,86.6664345938897,86.666436718922,86.702015932265,87.7410752973533,87.767301524303,87.9088681670827,87.9088681670827,87.9088681670827,87.9088681669433,87.908868166873,87.908870291515,87.908870291515,87.908872415702,87.9351663585497,87.962154364173,87.962154370859,87.962154370863,90.3355723342907,90.3355723342907
705,"SVN","Slovenia",26.972611108846,26.9779227580751,28.0416932307197,28.1065822386036,28.1065822386036,28.1065822386036,31.743962996669,39.2605771697887,100,100,100,100,100,100,100,100,100,100,100,100,100,100,100,100,100,100,100,100,100,100
90,"SLB","Solomon Islands",0.265955202562877,0.265955202562877,0.265955202562877,0.265955202562877,0.265955202562877,0.265955202562877,0.265955202562877,0.266127798804416,0.268798819380926,0.270865543581985,0.290316368475094,0.294108157649222,0.892574805497896,0.892574805497896,0.892574805497896,0.892574805497896,0.892574805497896,0.892574805497896,0.892574805497896,0.892574805497896,0.892574805497896,0.892574805497896,0.892574805497896,1.07200491338582,1.07200491338582,1.63947359518595,1.70635650316633,1.70635650316633,1.70635650316633,1.70635650316633
706,"SOM","Somalia",0,0,0,0,0,0,0,0,0,0,0,0,0,0,0,0,0,0,0,0,0,0,0,0,0,0,0,0,0,0
710,"ZAF","South Africa",21.2765457930535,21.4629124892388,21.6502491915876,21.7376959685181,22.0475575466274,22.6500772450132,22.7285089124319,22.7400632847794,22.7400632847985,22.783986941982,22.7913807379509,22.8857577713533,22.9144812943761,22.9435793955665,23.0178302032775,23.055274565184,23.2083126819226,23.3518090791164,24.0695068550811,24.3226501881363,26.9592164238658,27.1270892976654,28.2318980819757,28.5134640337681,29.0939908268818,29.3000393832954,29.4056569120029,29.5813272149005,29.8042522305643,29.9326938682013
410,"KOR","South Korea",18.3243397352811,18.6246802434475,19.1278008459525,19.8876000828791,23.3216155319483,23.3911367673635,26.7499831504168,26.7827874346616,31.7319480654619,36.6371948401483,36.7249203414957,36.8125371169133,38.065219362611,52.1821686688813,52.2771737714023,52.3225771562893,52.3542084548587,52.6035869716757,52.6055919990263,52.626716080008,52.684794633314,52.6945187764437,52.696023553145,57.9079480056283,58.3477825470707,58.4107520821047,58.4352279423157,58.5972342750603,58.987591863167,58.987591863167
728,"SSD","South Sudan",NA,NA,NA,NA,NA,NA,NA,NA,NA,NA,NA,NA,NA,NA,NA,NA,52.1394030473277,52.1394030473277,52.1394030473277,52.1394030473277,52.1394030473277,52.1394030473277,52.1394030473277,52.1394030473277,52.1394030473277,52.1394030473277,52.1394030473277,52.1394030473277,52.1394030473277,52.1394030473277
724,"ESP","Spain",34.9784168433253,35.2772636553703,35.3961909077933,36.75858983601,51.1298050615073,55.806810975792,56.037844150108,58.2438754690667,61.6274073093403,71.1361872401097,72.4208036861,73.170471928513,73.6782690543557,75.104402243411,75.4723734240143,76.144915085693,76.1922912872453,76.3345522967313,77.1321503536933,88.3082956522987,88.6915168995753,89.6345616084543,89.7244903805067,89.7912759899677,90.1097840761443,93.2470832357373,93.5881364152053,93.6212865662983,93.6212865662983,93.6212865662983
144,"LKA","Sri Lanka",59.9428484637917,60.0122316181907,60.0122316181907,60.0122316181907,61.5964842238493,61.6198234101877,63.4872189845777,63.5560269139573,63.5560269139573,63.5878496985,65.7025643295567,66.4308681639757,67.297137185642,72.0013969267797,74.5155863041937,74.6297857727063,82.7721353058267,82.8434537054603,82.8434537054603,83.6869726983197,84.323212192355,84.32321219242,84.32321219242,84.323212192179,84.323212192179,84.323212192179,84.323212192179,84.323212192179,84.323212192179,84.323212192179
670,"VCT","St. Vincent and the Grenadines",58.0775764212023,58.0775764212023,58.0775764212023,58.0775764212023,58.0775764212023,58.0775764212023,58.0775764212023,58.0775764212023,58.0775764212023,58.0775764212023,58.0775764212023,58.0775764212023,58.0775764212023,58.0775764212023,58.0775764212023,58.0775764212023,58.0775764212023,58.0775764212023,58.0775764212023,58.0775764212023,58.0775764212023,58.0775764212023,58.0775764212023,58.0775764212023,58.0775764212023,58.0775764212023,58.0775764212023,58.0775764212023,58.0775764212023,58.0775764212023
275,"PSE","State of Palestine",0,0,0,0,0,0,0,0,0,0,0,0,0,0,0,0,0,0,0,0,0,0,0,0,0,0,0,32.6063630645399,32.6063630645399,32.6063630645399
729,"SDN","Sudan",14.9958527968511,14.9958527968511,14.9958527968511,14.9958527968511,14.9958527968511,14.9958527968511,14.9958527968511,14.9958527968511,14.9958527968511,15.9579886298835,18.0047515592834,18.0047515592834,18.0047515592834,18.6986467363247,18.6986467363247,18.6986467363247,6.57235660807523,6.57235660807523,6.57235660807523,6.57235660807523,6.57235660807523,6.57235660807523,6.57235660807523,6.57235660807523,6.57235660807523,6.57235660807523,8.27245976804627,8.27245976804627,8.27245976804627,8.27245976804627
740,"SUR","Suriname",7.71303394545717,7.71303394545717,34.1009128315753,34.1009128315753,34.1009128315753,34.1009128315753,34.1009128315753,34.1009128315753,34.1009128315753,34.1009128315753,34.1009128315753,34.1009128315753,34.1009128315753,34.1009128315753,34.1009128315753,34.1009128315753,34.1009128315753,34.1009128315753,34.1009128315753,34.1009128315753,34.1009128315753,34.1009128315753,34.1009128315753,34.1009128315753,34.1009128315753,34.1009128315753,34.1009128315753,34.1009128315753,34.1009128315753,34.1009128315753
752,"SWE","Sweden",29.3314413853849,30.1174162274314,32.2791878732758,32.3613337704435,34.599069278687,35.1828650101753,36.9675933137507,37.1620867084667,37.994464040911,38.122630047611,38.363726405212,38.6006327324973,39.3493136582123,39.646122195141,40.4202112084583,40.5960485826423,40.8486854117903,41.0918295594237,41.5555918534687,41.804103877692,42.0732907742387,42.327848537473,42.7952647178293,43.2107241199103,43.4057861232053,43.6038317991633,43.782246367402,43.9225888850727,44.602845745389,44.602845745389
756,"CHE","Switzerland",20.597455190408,20.597455190408,20.7045372038967,20.7045372038967,20.7045372038967,22.4589933180619,22.4589933180619,22.6391027969015,22.6395294015828,22.6395440947104,22.6395440947104,22.7523571202429,22.7523571202429,22.8760679581283,24.635851681509,24.635851681509,24.6494543185604,24.6494543185604,24.6801621680605,24.6801621680605,24.7154541362081,25.4246606972534,26.8671199553291,26.8795996384273,26.9056198818842,26.9996455280553,26.9996455280553,34.0056877930393,34.0056877930393,34.0056877930393
760,"SYR","Syria",0.83828919642556,0.83828919642556,1.02874939923761,1.23216918888882,1.23216918888882,1.23216918888882,2.30217036483728,2.30217036483728,2.30217036483728,2.30217036483728,2.30217036483728,2.30217036483728,2.30217036483728,2.30217036483728,2.30217036483728,2.30217036483728,2.30217036483728,2.30217036483728,2.30217036483728,2.30217036483728,2.30217036483728,2.30217036483728,2.30217036483728,2.30217036483728,2.30217036483728,2.30217036483728,2.30217036483728,2.30217036483728,2.30217036483728,2.30217036483728
158,"TWN","Taiwan",34.7441465315597,34.7441465306733,34.7750497300753,34.7750497300753,64.046528299002,64.1448444342763,64.1523689314943,64.1542673973203,64.1794068477453,64.2465411700853,64.7828078875063,64.7828078874373,64.9419453194253,65.207841863597,65.207841863597,65.2079437665297,65.2753505071703,65.3936190214667,65.394181656498,65.394181656498,65.394181656498,65.394181656498,65.394181656498,65.394181656498,65.394181656498,65.394181656498,65.394181656498,65.394181656498,65.394181656498,65.394181656498
762,"TJK","Tajikistan",9.78192549187727,9.78192549187727,9.78192549187727,51.0203978010347,51.0203978010347,52.878542492822,52.878542492822,52.878542492822,52.878542492822,52.9898937287147,52.9898937287147,52.9898937287147,52.9898937287147,52.9898937287147,52.9898937287147,52.9898937287147,52.9898937287147,52.9898937287147,52.9898937287147,52.9898937287147,52.9898937287147,52.9898937287147,52.9898937287147,52.9898937287147,52.9898937287147,52.9898937287147,52.9898937287147,52.9898937287147,52.9898937287147,52.9898937287147
834,"TZA","Tanzania",95.0713703809413,95.0713703809413,95.1171139431853,95.1171139431853,95.2005544633353,95.2005840374487,95.200584037449,95.200584037449,95.3583553134683,95.439396405632,95.7009633774493,95.9742346871553,95.9742346871553,95.974234687142,96.3969447668103,96.3969447668103,96.3969447668103,96.3969447668103,96.3969447668103,96.3969447668103,96.3969447668103,96.3969447668103,96.3969447668103,98.02783948243,98.02783948243,98.0618831704707,98.0618831704707,98.0618831704707,98.0618831704707,98.0618831704707
764,"THA","Thailand",46.4245793078143,47.0899068479283,48.41972787232,51.7895222608753,54.2599742128303,54.839238134594,54.8392381345857,55.1682793849443,55.1682793849443,55.1682793849443,55.1682793849443,56.2815724923903,56.572600195705,59.8973751710957,59.8973751710957,59.8973751711077,59.8973751711077,59.971803973368,59.971803973368,59.971803973361,59.9718248058443,59.9718248058607,59.9718248058787,60.0074988598553,60.0074988598553,60.0074988598683,60.0074988598837,60.007498859881,60.007498859881,60.007498859881
626,"TLS","Timor-Leste",NA,NA,NA,NA,NA,NA,NA,13.1965687976887,13.1965687976887,13.1965687976887,13.1965687976887,26.719791357594,42.7535681397803,42.7535681397803,42.7535681397803,42.7535681397803,42.7535681397803,42.7535681397803,42.7535681397803,44.8144943524547,53.5346371010423,53.5346371010423,53.5346371010423,53.5346371010423,53.5346371010423,53.5346371010423,53.5346371010423,53.5346371010423,53.5346371010423,53.5346371010423
768,"TGO","Togo",38.9282972267123,38.9282972267123,38.9282972267123,38.9282972267123,38.9282972267123,38.9282972267123,38.9282972267123,38.9282972267123,38.9282972267123,42.4736454777407,42.4736454777407,42.4736454777407,82.3615346495487,82.3615346495487,82.3615346495487,82.3615346495487,82.3615346495487,82.3615346495487,82.3615346495487,82.3615346495487,82.3615346495487,82.3615346495487,82.7290461494977,82.7850063957653,82.7850063957653,82.7850063957653,82.7850063957653,82.7850063957653,82.7850063957653,82.7850063957653
776,"TON","Tonga",4.5258812500096,4.5258812500096,4.5258812500096,4.5258812500096,4.5258812500096,33.0642704949767,33.0642704949767,33.0642704949767,33.0642704949767,33.0642704949767,33.0642704949767,33.0642704949767,33.0642704949767,33.0642704949767,33.0642704949767,33.0642704949767,33.0642704949767,33.0642704949767,33.0642704949767,33.0642704949767,33.0642704949767,33.0642704949767,33.0642704949767,33.0642704949767,33.0642704949767,33.0642704949767,33.0642704949767,33.0642704949767,33.0642704949767,33.0642704949767
780,"TTO","Trinidad and Tobago",95.6407187487677,95.6407187487677,95.6407187487677,95.6407187487677,95.6407187487677,95.6407187487677,95.6407187487677,95.6407187487677,95.6407187487677,97.331481346874,97.331481346874,97.331481346874,97.331481346874,97.331481346874,97.331481346874,97.331481346874,97.331481346874,97.331481346874,97.331481346874,97.331481346874,97.331481346874,97.331481346874,97.331481346874,97.331481346874,97.331481346874,97.331481346874,97.331481346874,97.331481346874,97.331481346874,97.331481346874
788,"TUN","Tunisia",12.2865269542422,12.2865269542422,12.2865269542422,12.2865269542422,12.2865269542422,12.2865269542422,12.2865269542422,12.2865269542422,12.2865269542422,12.2865269542422,12.2865269542422,12.8939126605094,12.8939126605094,13.1214653724819,20.5465975143879,20.5729838532776,20.9553547078362,21.128910564306,21.128910564306,21.128910564306,21.128910564306,21.128910564306,21.128910564306,21.128910564306,21.128910564306,21.2218768703221,21.2218768703221,21.2218768703221,21.2218768703221,21.2218768703221
792,"TUR","Turkiye",0.355937916827097,0.355937916827097,0.56861519573082,0.56861519573082,0.56861519573082,0.56861519573082,0.56861519573082,0.56861519573082,0.56861519573082,0.61306714053463,0.613609589728297,0.613609589728297,0.613609589728297,0.61538518988746,0.61538518988746,0.61538518988746,0.61538518988746,0.635888305617097,0.635888305617097,0.635888305617097,0.635888305617097,0.635888305617097,0.635888305617097,0.635888305617097,0.635888305617097,0.635888305617097,0.635888305617097,0.635888305617097,0.635888305617097,0.635888305617097
795,"TKM","Turkmenistan",10.1147037156065,10.1147037156065,10.1147037156065,10.1147037156065,10.1147037156065,10.1147037156065,10.1147037156065,10.1147037156065,10.1147037156065,10.1147037156065,10.1147037156065,10.1147037156065,10.677136599775,10.677136599775,10.677136599775,10.677136599775,10.677136599775,10.677136599775,10.677136599775,10.677136599775,10.677136599775,10.677136599775,10.677136599775,10.677136599775,10.677136599775,10.677136599775,10.677136599775,10.677136599775,10.677136599775,10.677136599775
796,"TCA","Turks and Caicos Islands",84.2216432802853,84.2216432802853,84.2216432802853,84.2216432802853,84.2216432802853,84.2216432802853,84.2216432802853,84.2216432802853,84.2216432802853,84.2216432802853,84.2216432802853,84.2216432802853,84.2216432802853,84.2216432802853,84.2216432802853,84.2216432802853,84.2216432802853,84.2216432802853,84.2216432802853,84.2216432802853,84.2216432802853,84.2216432802853,84.2216432802853,84.2216432802853,84.2216432802853,84.2216432802853,84.2216432802853,84.2216432802853,84.2216432802853,84.2216432802853
798,"TUV","Tuvalu",0,0,0,0,0,0,0,0,0,0,0,0,0,0,0,0,0,0,0,0,0,0,0,0,0,0,0,0,0,0
800,"UGA","Uganda",47.8607119610317,47.8607119610317,48.0783855573027,48.0783855573027,48.0783855573027,48.0783855573027,54.6883160686883,54.6883160686883,54.9429081418767,54.9429081418767,58.6827860197497,58.6827860197497,59.000357143811,59.000357143811,59.000357143811,59.000357143811,59.000357143811,59.000357143811,59.000357143811,59.000357143811,59.000357143811,59.000357143811,59.000357143811,59.000357143811,59.000357143811,59.000357143811,59.000357143811,59.000357143811,59.000357143811,59.000357143811
804,"UKR","Ukraine",56.3019452014897,56.4553326944047,56.6315025115663,56.6612908365747,56.8389922500443,56.900733943596,56.9922289037647,57.0029132115593,57.0390981368747,57.167251113702,57.1870709937403,57.2333607520203,57.2983306580957,57.6200943219133,57.751809154328,57.9662594426723,58.0539464053933,58.133317524547,58.1415060303693,58.1742309767743,58.1911866723867,58.2002604023287,58.2181237736943,58.3298584201727,58.333556783304,58.342404977255,58.458929713014,58.4744552684997,58.474584729216,58.474584729216
784,"ARE","United Arab Emirates",0.0800016819340237,0.0800016819340237,0.297892265819991,0.35293430082783,0.35293430082783,1.30390948228492,1.30390948228492,1.30390948228492,1.31050840475095,1.31050840475095,1.31050840475095,1.55016796023823,1.55016796023823,2.53745763597016,2.53745763597016,2.53745763597016,2.59373059333928,2.61699758904886,21.8194580366681,21.8194580366681,22.1428657335163,54.9963518392737,55.1012933977007,55.1012933977007,55.1012933977007,55.1012933977007,55.1012933977007,55.1012933977007,55.1012933977007,55.1012933977007
826,"GBR","United Kingdom",80.2864056387627,80.3263100026977,80.385006018611,80.4647330919283,80.506359709127,80.5404555057437,82.0927944562197,82.1262144863243,82.164476309147,82.241502248639,82.8438938124867,82.8762630398803,84.5076936622363,84.5420011064507,87.0512043948597,87.474313215518,87.5126844237233,87.5379429591233,87.5894467758413,87.6012404447213,87.707990205791,87.7259142440997,87.748394905234,87.7520866953797,87.755643982122,87.794636591147,87.8270900812537,87.842980919392,87.842980919392,87.842980919392
840,"USA","United States of America",35.2857580394947,35.402578493478,35.5369284918773,35.6407565988197,36.0743156826327,36.2233684889267,36.2847642631017,36.3894050615297,36.4445713625447,36.507328646447,36.6826053402553,36.7573374488023,36.822184997236,37.0496462383987,37.1026339431267,37.1528990492737,37.1948646003593,37.2798188325773,37.4879670859583,37.5941291157767,37.6502618021293,37.6526185258487,37.6564697450323,37.8053197757597,37.8090027150387,37.811174174591,37.811174174591,37.811174174591,37.811174174591,37.811174174591
858,"URY","Uruguay",7.87414650185793,7.87414650185793,7.87414650185793,7.87414650185793,7.87414650185793,7.87414650185793,7.87414650185793,7.87414650185793,8.15945343177267,8.15945343177267,8.15945343177267,8.15945343177267,8.52295958801137,9.0522136086751,9.6638490715315,9.66384907156893,9.66384907156893,9.68523982721737,10.0606378090426,11.1646453976749,11.1646453976749,11.1646453976749,11.1646453976749,11.6489848420996,11.6490706047075,11.6490706047075,11.6490706047075,11.6490706047075,11.6490706047075,11.6490706047075
860,"UZB","Uzbekistan",7.3883424440383,7.50980332003727,9.66959076484377,9.66959076484377,9.66959076484377,9.80298750696337,9.80298750696337,9.8031413214981,9.80322583925403,9.80322583925403,9.80322583925403,9.80322583925403,12.793885531929,12.793885531929,12.9103601857771,13.0000830618925,13.0000830618925,13.0010234635425,13.0010234635425,13.0010234635425,18.186366375642,18.186366375642,18.4986679979962,18.620462446987,26.2502500336019,28.4250992616821,37.7488088745757,37.7488088745757,37.7488088745757,37.7488088745757
548,"VUT","Vanuatu",13.6718618259932,13.6718618259932,13.6718618259932,13.6718618259932,13.6718618259932,13.680404112112,13.680404112112,13.680404112112,13.680404112112,13.680404112112,13.680404112112,13.680404112112,13.680404112112,13.680404112112,13.680404112112,13.680404112112,13.680404112112,13.680404112112,13.680404112112,13.680404112112,13.680404112112,13.680404112112,13.680404112112,13.680404112112,13.680404112112,13.680404112112,13.680404112112,15.8780239653234,15.8780239653234,15.8780239653234
862,"VEN","Venezuela",96.4306032286093,96.4306032286093,96.4306032286093,96.4306032286093,96.4824326344007,96.7152414573923,96.7152414573923,96.7152414573923,96.7152414573923,96.7152414573947,96.7152414573947,96.7152414573943,96.7152414573943,96.7152414573943,96.7152414573943,96.7152414573943,96.7152414573943,96.7152414573943,96.7152414573943,96.7152414573943,96.7152414573943,96.7152414573943,96.7152414573943,96.7152414573943,96.7152414573943,96.7152414573943,96.7152414573943,96.7152414573943,96.7152414573943,96.7152414573943
704,"VNM","Viet Nam",4.5275831287431,4.61339226084083,5.5183300140152,5.96282450781707,6.07980694821777,10.3103486145632,13.908286018655,14.7385221231113,16.2121733659526,16.8557907891217,17.9004979357603,18.1722303854958,18.1722303854958,18.4225867181799,18.4395856175859,19.0039679975685,19.5158657237139,22.5238058413473,24.6830448965141,24.7158561228682,24.7158561228682,24.7247552945714,24.7247552945714,24.7247552945714,24.7247552945714,24.7247552945714,24.7247552945714,24.7247552945714,24.7247552945714,24.7247552945714
876,"WLF","Wallis and Futuna Islands",0.638278191498253,0.638278191498253,0.638278191498253,0.638278191498253,0.638278191498253,0.638278191498253,0.638278191498253,0.638278191498253,0.638278191498253,0.638278191498253,0.638278191498253,0.638278191498253,0.638278191498253,0.638278191498253,0.638278191498253,0.638278191498253,0.638278191498253,0.638278191498253,0.638278191498253,0.638278191498253,0.638278191498253,0.638278191498253,0.638278191498253,0.638278191498253,0.638278191498253,0.638278191498253,0.638278191498253,0.638278191498253,0.638278191498253,0.638278191498253
732,"ESH","Western Sahara",0,0,0,0,0,0,0,0,0,0,0,0,0,0,0,0,0,0,0,0,0,0,0,0,0,0,0,0,0,0
887,"YEM","Yemen",0,0,0,0.330793706188728,3.080005894543,3.080005894543,3.080005894543,3.080005894543,3.080005894543,3.3277187405176,3.3277187405176,3.32790357394319,3.33460247848917,3.36264853062457,3.64873288496413,3.64873288496413,3.64873288496413,3.64873288496413,3.64873288496413,3.64873288496413,3.64873288496413,3.64873288496413,3.64873288496413,3.64873288496413,3.64873288496413,3.64873288496413,3.64873288496413,3.64873288496413,3.64873288496413,3.64873288496413
894,"ZMB","Zambia",98.7395906903133,98.7395906903133,98.7395906903133,98.7395906903133,98.7395906903133,98.7395906903133,98.7395906903133,98.7395906903133,98.7395906903133,98.7395906903133,98.8180298209963,99.2442840046397,99.2442840046397,99.2442840046397,99.2442840046397,99.2442840046397,99.2442840046397,99.2442840046397,99.2442840046397,99.2442840046397,99.2442840046397,99.2442840046397,99.2442840046397,99.2442840046397,99.2442840046397,99.2442840046397,99.2442840046397,99.2442840046397,99.2442840046397,99.2442840046397
716,"ZWE","Zimbabwe",59.9247616241273,59.9247616241273,59.9247616241273,59.9247616241273,59.9247616241273,59.9247616241273,92.2879471142717,92.2879471142717,92.2879471142717,92.2879471142717,92.2879471142717,92.2879471142717,92.2879471142717,92.2879471142717,92.2879471142717,92.2879471142717,92.2879471142717,93.9950523871187,93.9950523871187,93.9950523871187,93.9950523871187,93.9950523871187,93.9950523871187,93.9950523871187,93.9950523871187,93.9950523871187,93.9950523871187,93.9950523871187,93.9950523871187,93.9950523871187
