"code","iso","country","USD.ind.1996","USD.ind.1997","USD.ind.1998","USD.ind.1999","USD.ind.2000","USD.ind.2001","USD.ind.2002","USD.ind.2003","USD.ind.2004","USD.ind.2005","USD.ind.2006","USD.ind.2007","USD.ind.2008","USD.ind.2009","USD.ind.2010","USD.ind.2011","USD.ind.2012","USD.ind.2013","USD.ind.2014","USD.ind.2015","USD.ind.2016","USD.ind.2017","USD.ind.2018","USD.ind.2019","USD.ind.2020","USD.ind.2021","USD.ind.2022","USD.ind.2023","USD.ind.2024","USD.ind.2025"
4,"AFG","Afghanistan",12.9937236249904,13.4525032162665,13.8206927292395,14.0604869828129,14.465531489835,15.0228621662535,16.4692404831346,15.8496911904499,16.3098279803566,17.5272671505153,19.0625595336136,20.5226991926462,22.1639189878187,23.5343702084732,24.2615418219265,24.6017832638426,24.9416632938183,24.3939113480604,24.3464241086756,24.4255413044363,24.4043843006531,24.7563707154333,25.6855998466113,26.4256315249907,27.3154034442088,28.3976493996596,29.7091037008825,30.5208811499676,NA,NA
8,"ALB","Albania",46.7690609468989,48.5689826051484,50.3881025985373,52.1265411734455,53.6349779319023,55.6304461878,57.5369198752071,59.4127001447815,61.5053980758034,63.4580146645016,65.171382378346,66.7498188381334,67.9478324158439,68.3394613733565,68.6390871433224,68.8180385845563,68.9810595003517,69.1219416597759,69.348776511117,69.5805332525471,69.8310059102446,70.1772701474629,71.1206373139111,72.3109749745443,73.3328425823499,74.7174890703279,76.1893778407649,77.2813135389785,NA,NA
12,"DZA","Algeria",43.2754108566434,43.9957338745869,44.9865071828627,46.1121041419868,47.2778252081634,48.3412682442964,49.4918408288176,50.4716229821367,51.2713798240909,52.2365651364512,53.1952268818424,54.1285509953338,55.0767792170856,56.0376071178938,56.9001126011201,57.7991633030245,58.6258510681156,59.2001040812067,59.7602001294394,60.3654002285168,61.1063015708573,61.924071362154,62.6560865501899,63.4490133467606,64.0706405192436,64.5993546201585,65.0673193007046,65.6943440275527,NA,NA
20,"AND","Andorra",90.6122168538247,90.8774257991576,91.1473556166591,91.4119267890228,91.6577921642654,91.9303149783735,92.512352902921,92.8584398056356,93.3000204128415,93.7912083217391,94.3123121095353,94.8312588108865,95.3619900854432,95.8982798818597,96.5208476180039,97.2335911087271,97.5233121968642,97.7180633308318,97.9722027600413,98.1986966219574,98.5066685784667,98.8584459568228,99.3074279647072,99.7313124633534,100,100,100,100,NA,NA
24,"AGO","Angola",3.64049357170721,4.27068683932679,4.4580752149421,4.92896856402939,5.49662837561513,6.19057476883555,6.82092230108593,7.46798469322164,7.52020402944493,8.20843703034714,7.79402053072523,8.82622204175203,9.56394433053299,10.1320266279707,10.6458285158417,11.3956968765484,12.394196881761,13.4558180012954,14.8872896431768,15.9178340195919,17.1448051756393,18.2908597837687,19.4377690487248,20.1910525610834,20.721254778756,21.722046165275,22.7304114632295,23.3076187703696,NA,NA
660,"AIA","Anguilla",NA,NA,NA,NA,NA,NA,NA,NA,NA,NA,NA,NA,NA,NA,NA,NA,NA,NA,NA,NA,NA,NA,NA,NA,NA,NA,NA,NA,NA,NA
28,"ATG","Antigua and Barbuda",43.1233514921257,44.1315171395415,45.1502250744167,46.5295196494223,47.8919141541179,49.4768061001329,50.5189444680629,50.8420210130359,51.2159995136058,51.0919749372467,51.5026931373408,52.1078439725251,52.8207673108426,53.616722478944,54.1864080404716,54.3586716229566,54.8402780371661,55.3326952974774,56.0255888305667,56.7704140846188,57.1751622308869,57.6487381700784,58.1889852004696,57.7190585731144,57.3771431262436,58.0985979168416,58.1573186184209,58.3739066673036,NA,NA
32,"ARG","Argentina",48.2285338171188,47.8099769631784,48.5517481025261,49.3777926844448,50.4949209118782,51.0946766826529,51.7322824773662,52.8887906633542,54.3412057481904,55.5284608985691,56.4925194712436,57.5468328492042,58.3045077008966,59.1422104583015,60.1112093638825,60.9815242222993,61.8579509862827,62.3940026538969,63.042218612944,64.0867798791884,65.3855997754584,66.7662867760719,68.7530209232498,70.7133092522561,72.2645991952324,72.3643108080722,72.0992965615698,72.7631716381807,NA,NA
51,"ARM","Armenia",33.1262799689189,34.30243256058,36.2057264361194,38.1177625718415,40.0357289998811,41.4768323088114,43.5164752520789,45.0678472581424,45.9124502616337,46.3467934198969,47.8858027197142,51.1945606506606,53.0270462443791,55.5271353739951,58.0510799107729,58.9788122016357,62.2435973251649,63.8380084969555,64.7563284278825,65.871869641897,65.7206608000482,67.3320785680999,68.0215962318114,68.5192899159911,68.1218167937298,67.9203043251362,66.3768914191647,66.4477308169317,NA,NA
533,"ABW","Aruba",NA,NA,NA,NA,NA,NA,NA,NA,NA,NA,NA,NA,NA,NA,NA,NA,NA,NA,NA,NA,NA,NA,NA,NA,NA,NA,NA,NA,NA,NA
36,"AUS","Australia",66.4280691963487,67.2457624730965,68.0351181221683,68.6350201680171,69.2619919940288,69.3161883541041,68.581361417534,67.3836490480366,66.4914481345926,66.2273644516162,66.5105067382448,67.0494257147791,68.1830467020275,69.5132721521857,70.9226551615013,72.2064988050803,73.6220466110081,75.5075001143322,77.0298143028686,78.239495033736,79.0852318216934,79.7135299518085,80.4364468722686,81.0300835272966,81.5539353083161,81.8120547582621,82.0439034738046,82.3371548360099,NA,NA
40,"AUT","Austria",72.1410738013426,72.4693050334823,72.7430528314503,72.9745428634587,73.1759368715743,73.342898313327,73.2560975367365,73.0914738393598,73.0461467984159,73.163516527804,73.529093347115,74.1624401842123,75.131256147881,76.1562430856596,77.2084711832229,78.3621395797354,79.3453987670229,80.3132231474972,81.2623325009292,82.0009696156575,82.8092352987237,83.6878484404421,84.6123377560861,85.4294452977087,85.9615507742725,86.0740188428574,86.2570031167332,87.4048390880654,NA,NA
31,"AZE","Azerbaijan",23.9728246373764,24.9153395285082,26.0027696007486,27.2334413441476,28.6116467686647,30.3163840640984,32.0430621585854,33.4804791180691,34.793612614303,36.1916606356505,37.6180992341719,38.7587873100393,39.695476001566,40.2228095910742,40.5175215672023,40.6316601600848,40.7142809812358,40.7759233483952,40.7941925473471,40.7993367056253,40.8375407273141,41.0643922590059,41.5387005579307,42.1079127930618,41.747603662903,42.2245774405929,42.1974393167879,39.8540480965914,NA,NA
44,"BHS","Bahamas",53.3235142894305,54.8996064965099,56.3371590942942,57.6587219558444,59.0765054639374,60.6988064997197,61.5500528638683,61.8603185381757,62.1273268840576,62.1710843550532,62.5670108552788,63.10757548052,63.7745208262242,64.404722258432,65.0283066668836,65.3069806152797,65.9446332235437,66.3397180116772,66.8143823909431,67.9441439363494,68.3612012798704,68.9714921699982,69.6442038480248,70.1400166154389,70.2987640624789,70.5222525820293,70.5324370638186,70.8218795242469,NA,NA
48,"BHR","Bahrain",53.2350253054553,53.9929525489948,54.8176457251334,55.8722820884104,56.8349833484341,57.8097731904385,58.504689832243,59.1155520026844,59.6719176219931,60.1479173542884,60.7054313283852,61.2617756484468,62.0441603344379,63.1147684687749,63.7798735645443,64.3541353267998,65.0733793375128,66.0667284083175,66.9262592636345,67.8408015379606,68.3647343942863,69.088304216999,69.9098878476817,70.5603719633386,71.1354262788226,71.6271786565165,71.8806172604737,72.3128196872304,NA,NA
50,"BGD","Bangladesh",11.913265315265,13.3199610742537,14.7425665778701,15.9929926866998,17.2193740449541,18.4215553944351,19.458016316171,20.5344351601466,21.6063455254547,22.6393378637136,23.5587504637847,23.8060537362913,24.5504338906971,25.2233422507833,25.8464187489166,26.7548785605281,27.7776326474554,28.3039965359723,28.789187359822,28.9279705448614,29.3623024535811,29.7189144358445,30.3492991692171,30.8542331363067,31.4641705669741,32.2112014848581,32.2080328828942,32.9110770049756,NA,NA
52,"BRB","Barbados",50.5741217685636,51.6646962682816,54.1590843413224,55.1182658786534,55.2732250620159,56.4027689096788,57.0635203455587,57.2156133253312,57.4553963557514,57.3595141166201,57.7387074793445,58.0625884559964,58.4575649051153,59.0285292480521,59.5919724522671,59.8268822792352,60.2775920418276,60.5743816706942,60.7940292090271,61.001212642807,61.2708917331203,61.6818336059553,62.178219721149,62.5921420009774,62.7970089121102,62.5605138334356,62.2460605608193,62.3274311013126,NA,NA
112,"BLR","Belarus",54.5937665292589,55.8645639451502,55.7606220114261,55.9712852946056,57.629632180867,58.9161283767819,61.3656295050089,62.8135482399861,63.8349234023494,65.5092113419706,66.9107503637964,67.6489220766141,68.5478924881688,69.2278643298444,69.7538058476107,69.9705120967902,69.9756753639088,69.9759275231819,70.077796385334,70.2944469339335,70.5061270428753,70.7794978393713,71.1219544610081,71.4439148109564,71.510486060502,71.2426228447245,70.99231344283,71.0076244495712,NA,NA
56,"BEL","Belgium",83.2478169329873,83.7274743587535,83.907153516588,83.9548961651217,83.5371597701973,83.4290019995439,83.3475945482867,82.6775597745805,82.2146046117306,82.0401740508528,81.9720257422055,82.0526504939568,82.3586336406858,82.6728176773562,83.5833961603323,85.1225556474027,85.9781432740386,86.1452432695069,86.7617238275406,86.9665246995029,87.6339447931485,87.9917956216428,88.5411764380032,89.2726873769325,90.5025441634939,90.9098093925509,91.2579165432034,91.6697042813556,NA,NA
84,"BLZ","Belize",32.5094703575879,33.2379981440913,34.119558982268,35.5556485071052,37.2165045782201,39.4908557862352,40.9702937622298,40.9418742179163,41.3127438111704,41.0191982671967,41.9340480372812,42.9150427648868,43.8059825618921,44.5988012161309,45.7576549115644,46.2658868994429,47.1847776049307,47.8750681243216,48.6740329732302,49.4825140856128,49.9182766273666,50.528906777188,51.1663862537481,51.752668908665,52.1676944747844,52.7704599732881,52.9941738910643,53.3340333125858,NA,NA
204,"BEN","Benin",5.90348693791495,6.5551977886394,6.96422652732976,7.39695396727549,7.79173708392607,8.45093176603265,8.95763751197715,9.72098439647961,10.2902319528812,11.0243908983368,11.5642023631979,12.5061063080888,13.3301222505063,14.0865606860949,14.8164151329258,15.6293984500466,15.4482273973457,15.1837879351798,15.139691371886,14.8177315858975,14.7578854464612,14.7987435541706,15.5138529654382,16.0787863118175,16.2261785535906,16.8259191350369,17.5300376138281,18.4912925743747,NA,NA
60,"BMU","Bermuda",59.2073984517735,60.0673199386124,60.9488424143676,62.1847283837635,63.291517819543,64.1961767078692,64.8452929213562,65.3461159048086,65.7279319166012,66.0359618527751,66.4880670268339,66.9281605660125,67.4316693475038,68.0064844661757,68.4629007356575,68.7259798204565,69.0725517383033,69.5135754323094,69.9020590280473,70.1519389121533,70.4885390350238,71.1656182797327,71.888080070106,72.4924277457497,72.8102678521962,72.8022928104419,72.5532192132157,72.5671505428672,NA,NA
64,"BTN","Bhutan",4.76463168002402,5.22075517884899,6.42405955189241,8.66089865096858,8.2732709597358,9.23365940728345,10.0765228308228,10.5399739257385,11.2184170542518,11.9824948092999,12.964734567514,13.9313260128667,14.9771066318197,16.1666323501308,17.2480939246056,18.1426216358735,19.0256557189298,19.8081589277038,20.5362764300019,21.1745741229208,21.8501099687767,22.5400579373645,23.2600647970025,23.9289768700756,24.4199077324213,24.7063035971687,25.1539842580521,25.8817960448996,NA,NA
68,"BOL","Bolivia",23.7237744147213,24.5497318677022,25.1588934136041,25.7662053646732,26.3464284708132,27.1557339460026,28.122426483791,29.1445588562316,30.2361795039317,31.3569029569386,32.5702433829125,33.7185622648814,34.959229004213,36.1997137432164,37.521143345165,38.8554413795744,40.2492726418248,41.5191835657769,42.716357966369,43.7939105182938,44.8599715834025,45.9639144577077,46.996136263361,47.9938135356034,48.8292679928358,49.3352303335088,50.0082875105522,50.8122394113166,NA,NA
70,"BIH","Bosnia and Herzegovina",56.7669221937515,58.2173668723038,59.6174998147288,61.0004195628548,61.8784266311265,62.8782347035621,63.4520391006567,63.6581641391341,63.9363045577103,64.2643797117109,64.746451158089,64.8875115795844,65.384025864907,65.8373148785023,66.2176321580678,66.674303774336,67.1831915197789,67.7508650338877,68.2998484208989,68.5698925088793,69.0305163190811,69.6296160366028,70.3838412816359,71.0010832406679,71.3086855483963,71.7142054521937,71.9368022418465,72.4826317267875,NA,NA
72,"BWA","Botswana",13.0315439612264,13.4398901431676,13.7322091185041,15.2040676894846,15.7957772033244,15.1679309262461,15.5541332008304,16.1992816844328,16.6466948600529,16.6624067972802,10.6626754318427,17.1108619931891,17.3079741235482,17.4807568774579,17.9472399482607,18.2597826266519,18.7138262850516,19.5311320882314,20.4020065366306,21.0516480089348,21.918193493716,22.5292922679856,23.0089502631253,23.5449527063502,23.7387097568553,24.1516686261108,25.6180768817796,26.9424139230544,NA,NA
76,"BRA","Brazil",26.8449933025289,28.5391891058189,29.3578616528862,30.9613091433898,32.9244269350516,34.3258093536164,35.3418408899558,36.3265849080459,37.4801764575798,38.5888824495281,39.8684890235018,41.7052792922035,43.3456697742021,45.0505106853794,46.9064297811759,48.7772447007099,49.498893094215,49.9863033486847,51.2064816087283,52.1233593477769,52.6016248460856,53.481087332631,54.6831645607603,55.5703778514633,56.7552967760271,56.5256673142348,56.037537540337,56.3312994565638,NA,NA
92,"VGB","British Virgin Islands",NA,NA,NA,NA,NA,NA,NA,NA,NA,NA,NA,NA,NA,NA,NA,NA,NA,NA,NA,NA,NA,NA,NA,NA,NA,NA,NA,NA,NA,NA
96,"BRN","Brunei Darussalam",77.3108495257188,77.8990843812002,78.5090847966846,79.2513821026647,80.0002692650826,80.790507919775,81.511715494902,81.7542033736398,82.0354760109596,82.3421082798793,82.6535757553306,82.5950623520263,82.7268651558817,82.8761531526632,83.0728114417637,83.2711354678715,83.7100088077992,84.0671391028796,84.5282844136644,85.0087681700081,85.4282576798336,85.9891102934959,86.6367162965252,87.2668400326159,87.5399906618704,87.6430746096116,87.7189055670053,87.7872632363211,NA,NA
100,"BGR","Bulgaria",83.7100661327255,83.3934442012933,84.0987354974665,85.9625722833642,84.7694594492981,86.2973390018462,85.9764631295797,86.8878003878393,87.8280163168049,88.3335166780376,89.0107229096917,89.4135443494255,88.9228975583915,89.7177615306277,88.606246385319,86.4981569668616,85.1568568656969,84.3536608355554,84.0299559573523,84.5031610288959,85.0464257804295,84.8793403251888,85.165855198296,85.4079961219051,85.5949583618616,84.8570507838563,85.684677020042,86.374026808195,NA,NA
854,"BFA","Burkina Faso",4.46416054246458,4.89365915813416,5.27299596781849,5.66113443739687,5.6767983989055,6.4611098338393,6.81738284370608,7.74971809197953,8.51495536023336,9.17955666100474,9.9143528371217,11.3398966795163,12.1857117054515,13.1173924420279,13.9242572299844,14.6907476941935,15.3371138988558,16.1045920082194,17.1247650008249,17.5124048450818,17.8553132239592,18.5035283009,19.1996333591953,19.7051687748622,20.5728334533624,20.7489229371852,21.2430378895426,21.970934128323,NA,NA
108,"BDI","Burundi",0.899110017830694,0.90454683485892,1.2807894392638,1.69776912592688,1.97381024588529,2.39615935584941,2.4310079241647,2.64821122778075,2.76798150124476,3.17438371881246,4.15696943547836,5.15321466147086,6.37987624833301,7.60334337700675,8.64596872800674,9.02943421037014,9.60343268422807,9.9264459882798,10.4988341852101,11.2753269935145,12.1308855309429,12.673149014867,13.0707016554657,13.2337615229543,13.7594707408203,14.1057615748081,14.0179137974402,14.1944501100437,NA,NA
132,"CPV","Cabo Verde",14.1751516216708,15.0769112075607,15.9121930263903,16.8424301686457,17.7071459277858,18.5399565688848,19.440712197937,20.4040337175368,21.3730002873592,22.3135927963173,22.6840916065102,23.5015457951656,24.6538056580257,25.4637621000695,25.7837451191213,26.5491978854357,27.377100982582,27.9848271163144,28.1017712192404,28.624025488369,29.0381998530632,29.8331452441721,30.1709525649584,31.2089000604567,32.297504542283,32.8515866733745,33.0249157158061,33.5237131578534,NA,NA
116,"KHM","Cambodia",10.9705595920064,11.3607119685461,11.7292855502703,12.6295738093652,13.9721710616316,15.3386808871485,16.9811370292811,18.965160440381,20.7411202681168,22.4902591542996,24.1581737746678,25.4048943110435,26.724153713924,27.9856290819841,29.1311080959382,30.2390622672901,31.2834510875346,32.5430320538076,33.6160896989138,34.6963363338668,35.7335312190958,36.8021067570781,37.7690192027416,38.741195612865,39.3978434097949,39.8653678128437,40.0670300502093,40.9566556466381,NA,NA
120,"CMR","Cameroon",4.35479862808165,4.58400923342819,4.71054967132281,4.7311571350775,4.57870285510823,4.92781623320373,4.69179394981803,4.79074752803584,5.03466048384882,5.23537001891576,5.30070126440076,5.84804741441273,6.19898105334424,6.4007926237889,6.3916529367762,6.88782838935684,7.76770563472004,8.28812754351729,8.99570235489021,9.89912561069417,10.4452481862746,11.2460631667523,12.0276030408674,12.9135496142685,13.8964629199289,14.7455741118336,15.0832390516783,15.7778659778895,NA,NA
124,"CAN","Canada",82.7913193724221,82.6559223140531,82.3391322353124,81.8740823754225,80.6967104319981,80.3585171054294,79.859204653836,78.9656945372035,77.9150115829138,77.6202162561776,77.6689918759728,77.5850131883429,77.9253025869424,78.1180608851108,78.2940360736015,78.6126746751778,79.3616193392332,80.6672287830854,81.517577371548,82.2429664754343,83.0678519406972,83.9253826615172,84.7879615396028,85.7176487631267,86.3008351874412,86.7415245965934,86.562917272022,86.7421257314296,NA,NA
136,"CYM","Cayman Islands",NA,NA,NA,NA,NA,NA,NA,NA,NA,NA,NA,NA,NA,NA,NA,NA,NA,NA,NA,NA,NA,NA,NA,NA,NA,NA,NA,NA,NA,NA
140,"CAF","Central African Republic",1.87099748391452,1.68513942536326,1.57688927212014,1.44992439248234,1.50222015976837,1.46719502559972,1.39696341341164,1.58195833794227,1.70213667975337,1.91583447648389,1.65484962201478,1.6687854813656,1.83613647097081,1.92889006249852,2.04583568441178,2.43407252732618,2.95356039123487,3.04991619100826,3.14767548990051,3.16076516107205,3.30984680908617,3.21784096528268,3.3636343336328,3.6193736848173,3.09013973104453,3.02517968341398,3.85272855448895,4.54454687854735,NA,NA
148,"TCD","Chad",0,0,0,0,0,0,0,0,0,0,0,0,0,0,0,0,0,0,0,0,0,0,0,0.109789084477143,0.1426095217995,0.303553725566033,1.10175056645932,1.53913104486831,NA,NA
152,"CHL","Chile",51.4017535873279,52.1352337580501,53.3071409909153,54.4008701919256,55.5283795912153,56.6456780458492,57.5680116298194,58.2818663233766,59.228226962574,60.1392987088208,61.0610604448965,62.2001675102454,63.0006256568792,64.1079017248374,65.1674551811403,66.225191322502,67.0129500542656,67.4956332612676,67.8226263931757,69.054108629171,70.5460677022031,71.2517036472367,72.0812048983383,72.5206902107144,73.7325990321509,74.4061343123842,74.2181400013271,73.5224071680049,NA,NA
156,"CHN","China",33.942913465705,35.001124366698,35.776409145189,36.7071324574554,37.5669720513769,38.7674821491156,40.1925862916656,41.6950399880025,43.2879139836768,45.1476599628443,47.2427204347262,49.6299331222252,52.1801878306472,54.6366225462072,56.9125797204187,58.8260568056781,60.1572005974944,61.6336886139733,63.0046849360462,64.0843288231486,65.132567319279,66.5513133497541,67.9517532037135,69.2262662825077,70.0834241664475,70.8510772606837,71.2299782473375,66.7065445610295,NA,NA
170,"COL","Colombia",38.2047069971966,38.620923901996,38.6255392775961,39.529770594974,40.4004588414157,41.8793641177655,41.6610718244473,42.1077282908505,43.5146717361283,44.9019492565431,46.5628177110775,47.9853560645694,50.1633944186912,52.0254931278457,54.2547183576498,56.3016133922246,57.5366523456028,58.1978714266855,58.8372732310272,59.2288923924678,59.8960739249168,60.8512720755013,60.9181347151731,60.2973598621634,61.194798097092,61.0837503618406,60.8837496552968,61.627822006187,NA,NA
174,"COM","Comoros",8.8479518475048,9.17354136851745,8.36174598453161,9.21878890613134,7.71875420042998,10.0565245772503,9.39507959483409,11.1465365568841,12.0633700251678,12.557091820953,13.1567853039532,12.2571404907314,13.5289740070496,14.3341746230613,16.2790567067506,16.7490271783318,17.658917013723,18.4266862230491,17.4636554835172,18.0085111565598,18.6573678124852,19.0362641794857,19.7282025771369,20.2610650802206,20.4004636052378,20.4916869818047,21.0603579352279,21.6725433837541,NA,NA
184,"COK","Cook Islands",52.4664914741284,53.3125985850453,53.9515103122728,54.459168060528,55.1895822984061,56.0343025505212,56.8178544634528,57.5357866334232,58.1901034601328,58.6419622878613,59.2517615284922,59.7305505880322,60.6602285583009,60.9612377738807,61.1712606944726,61.3674994656561,61.6739755271094,61.9776621074631,62.2455463668395,62.6260206070992,62.937664612412,64.1637099030072,65.2713918556866,66.0943008537144,66.936246806297,67.9434935644339,68.0354155019254,68.3362685280541,NA,NA
188,"CRI","Costa Rica",50.0109699082368,51.1997440171081,52.2638040386908,53.6784558863617,55.0799056687039,56.3944794246909,57.774448315083,58.7141272263003,60.2007541733836,61.6211314760372,63.3514760572982,63.9726463508,64.7498943824416,65.1830201290819,65.9666701028938,66.9562376807546,67.5299852160673,68.3399257236508,68.6775246764131,69.4879710646525,70.2053079628422,71.4018542927261,72.6263667775624,73.4860497832555,75.2018548650004,75.9664020050376,76.352671537336,76.9267324934284,NA,NA
384,"CIV","Cote d'Ivoire",10.1141242429134,10.6703497253879,11.1871847413984,11.4913242386715,11.7039874513224,12.0938819612611,12.5815546341384,12.9749603379808,12.9671158663909,12.896366783475,12.4825942958529,12.6945977388483,13.0679476243189,13.5734479554512,14.235673771548,14.8816024447016,14.4962770342883,14.2284292110852,14.5939841089395,14.7623618582644,15.2245731579701,16.0210647894365,17.0390126699713,17.9784086939243,18.7620437572815,19.7379360403508,20.4819785841089,21.2490709857954,NA,NA
191,"HRV","Croatia",82.631847708656,83.7991138914137,85.51386133744,88.1456928085531,89.0266313169971,90.4903958957226,91.5350914578262,92.7522450296739,93.5247732045422,93.8476371793095,94.2935938496179,94.3158790190018,93.5991221475086,92.5096303163636,90.6050705757555,88.4557052570382,87.0249800734973,86.144894946458,85.4324581088838,84.9598681478763,84.989116019183,84.5891267202401,84.5660657929714,84.7164958648751,84.6381227284846,84.164477613012,84.7520488447264,85.4998293802899,NA,NA
192,"CUB","Cuba",44.3130550334045,45.5043877304494,46.5584494396583,47.9994476835465,49.8928353578575,51.470370693399,52.947042632447,53.6527528136252,54.2753673688139,54.0371610163677,54.8876138334534,55.4728005506476,55.7143023608246,56.2810266146731,56.5367450813318,57.0111521978071,57.0398964363979,57.4117798421106,58.2219752926306,59.4183407109105,59.9097824227901,60.1184412352643,60.4286948411141,60.3564672469941,59.8694384268345,59.2607699742213,59.4084565277155,59.4992340387761,NA,NA
531,"CUW","Curacao",NA,NA,NA,NA,NA,NA,NA,NA,NA,NA,NA,NA,NA,NA,NA,NA,NA,NA,NA,NA,NA,NA,NA,NA,NA,NA,NA,NA,NA,NA
196,"CYP","Cyprus",70.6198966434496,71.8119574358099,73.0365566359632,74.3299729214698,75.5050479973403,76.4972268454159,77.5628148206493,78.0382643334046,78.5130540254353,78.9422756951386,79.4942871507541,80.3128095277972,81.1325906754008,81.7776477802377,82.4253847066263,83.0275009677977,83.5667473520305,84.0502846245476,84.439989909829,84.750247531496,85.171891493033,85.5917776766481,86.0633168124583,86.572730526407,87.0440947694452,87.3976949696629,87.5800439582795,87.9913189803685,NA,NA
203,"CZE","Czechia",88.4327312362714,89.6333976976521,91.6298800709626,94.5696955864556,95.47875317332,96.8172953505272,97.8613214954014,98.6704688269294,99.3062853404808,99.419546590226,99.5293945596001,98.9388618268912,97.8201505217174,96.2040756637293,93.7044415882935,91.0074329825734,89.403103833707,88.6629268551327,88.0320807181929,87.5118911880374,87.587293903978,87.3533050482962,87.3901500755269,87.4997887045235,87.3193585738294,86.8356819949833,87.2108338467331,87.7892552261413,NA,NA
180,"COD","Dem. Rep. Congo",8.67318480796744,8.62372117382169,8.23144395179538,8.17054764566683,7.89691402940508,7.97884469928246,8.46557817503648,8.8803527264636,9.82097790892625,10.6602631073405,11.4111125184975,12.1136323659412,12.8315864225273,13.5456892343082,14.3665725954858,15.4516530136357,16.6635998909151,17.9244547510194,18.9397358401512,20.2041499700982,21.4102641219514,22.7424027233828,23.512894840555,24.2507895006669,25.1896436206648,25.8166985864183,27.0797855987622,27.8437856817327,NA,NA
208,"DNK","Denmark",88.1380912630382,88.9395000667939,89.25888570482,89.2548399707079,89.073499704226,88.9230887752705,88.6201249480775,88.1562860252983,87.955932273459,87.5142990405973,86.9088992494235,86.62745515464,87.0079768591873,87.239023373559,87.8142761302623,88.9395576743884,89.3475656852837,89.5032970461273,89.7922870989646,90.09402835557,90.6580422254698,91.1101779443481,91.5822575070856,91.9759198321508,92.4669262476562,92.4190586746125,92.6897725659192,93.003039901238,NA,NA
262,"DJI","Djibouti",3.76593765427637,3.73905447837188,4.329194817941,4.8408672419226,5.19792609366303,5.7052610077194,6.17126506934088,6.8882597138025,7.06642087781995,7.72171629568625,8.13415079903102,8.42296305166121,8.89803361254643,9.29143251321166,9.34383046978583,10.1941577270227,10.6796136297807,11.1451110258167,12.0335469428097,12.6359944737461,13.2557884735342,13.9529484454194,15.123294093991,15.7634615360101,16.580700470245,17.2632226062561,17.5443496910157,18.1385428956296,NA,NA
212,"DMA","Dominica",41.5646615099003,43.0337029196664,44.2087936138529,45.3540046769098,46.3531871469171,47.3818726126656,48.3863992711032,49.2277134713804,50.054705418159,50.8314370144378,51.5329550469735,52.2014976188417,52.9390753765492,53.5609714407206,54.0954514805189,54.5798898273988,55.062306683008,55.8720169804202,56.64095286102,57.4828956569872,58.3617790331169,59.0117727120139,59.5179341719804,59.9927829106851,60.1389099544672,60.2069182352762,60.0102279372665,60.3376372023129,NA,NA
214,"DOM","Dominican Republic",24.4640585874463,25.8726147748899,27.3878626476043,28.8512600638943,30.0291306523991,31.2734330602798,32.7590176362527,33.7884688335248,34.4647308750727,35.1956674651533,36.0478390906433,37.1420646865346,38.3181853413644,39.4411390705637,40.2439529987783,38.7661977579894,38.5864626422467,42.2215569262255,43.5592832032539,44.15107298148,44.6525983170377,46.3709755369993,47.2555252002375,48.3557703604394,48.2001892678665,48.73847074716,49.6937701104464,49.9719159808221,NA,NA
218,"ECU","Ecuador",28.6310113526977,29.7298518673005,30.4467283088522,31.851832106658,32.551656561319,33.335069123405,34.682653691606,35.8906167693863,37.4950093492681,38.8191685242227,39.8739241637885,40.9926551014619,42.8554842538761,44.1086782133855,46.4179170355601,48.0477480183471,49.8357075368844,52.0022762689024,53.4463814334355,53.309442044375,55.0926186227751,56.7290818212904,57.7733574437279,58.0690871718145,57.5251139492824,57.6628700789762,57.6817154815777,57.0478147843315,NA,NA
818,"EGY","Egypt",23.9190904406061,24.6635601184497,25.4735173323164,26.3869150658793,27.540761615115,28.7137712729829,29.9905259388864,31.528044821857,33.1127652047498,34.6011283191736,35.5180397174577,36.1475961181413,36.5815008357965,36.7416054970235,36.9495473240348,37.3823403341071,38.192586540958,39.4876650967787,40.8427280854964,42.1245372109124,43.3272126135599,44.7048766272419,46.1059783128875,47.3979521730615,48.5223775293921,49.2530874695145,50.2521392624201,50.5757506742398,NA,NA
222,"SLV","El Salvador",21.8239697394014,22.8296007626297,24.1069289809456,25.8444913438383,27.465358486081,28.9991429012049,30.4222002699584,31.603180209226,32.6043366350454,33.6236828663266,34.7216185983854,35.8880074671112,37.1317558196235,38.0615245222647,39.2585313685923,40.2890434978748,41.0290508197249,41.6744538739087,42.3379571795945,42.8364821632795,43.6692941121578,44.2919684401221,45.0211690982392,45.5765381521508,45.9200789650568,46.65527339637,47.238750977927,47.9283130825975,NA,NA
226,"GNQ","Equatorial Guinea",2.84846367999569,4.5903445593091,6.07148451478527,7.54487025587758,9.00668684751344,11.0144011820519,12.7507178259547,14.4631926460906,16.0567896015432,16.7145120984354,18.8598561438545,20.3642682386275,21.812404554112,22.7242631208955,23.9592881115336,25.3821483081635,26.9780185095724,28.2645311803164,29.4136504024486,30.6837038127199,31.4214748715639,32.1374790650896,32.8078144771521,33.4840051023942,33.9455050510314,34.2694020982467,35.0277904492224,35.249224374923,NA,NA
232,"ERI","Eritrea",1.17728378958405,2.12984640591627,3.02994398221286,3.88130602503074,4.53471022115471,5.13012073946344,5.52174442052315,6.2625750176968,6.50841021748546,7.03420638009948,7.5718278659192,7.96493575195545,8.17713393879679,8.77082311322853,9.17499640104157,9.83931891678054,10.4623883296248,10.7149412179066,11.5866800220895,12.2384817218073,12.6577855964853,13.1287035120144,13.7095319534535,13.8315058819037,14.1060254945319,14.196888886867,15.2455413319421,15.8097574654868,NA,NA
233,"EST","Estonia",61.7407600002043,63.0800436055165,63.6448463195914,63.7658144949829,65.1102651271069,66.3949157057455,67.3798851502063,67.8857307913251,68.386376550758,68.7533604327876,69.1087113146813,69.3821478958077,69.7250458131731,69.9347924345186,70.0147029927781,70.0009717991077,69.711365067651,69.4007656940599,69.2680900479678,69.424213420859,69.8305201017758,70.4359503520158,71.0860714353601,71.7203487631035,72.1410898508885,71.8480700724965,71.30641817481,71.4473796981751,NA,NA
748,"SWZ","Eswatini",16.1680479837759,16.6070410372041,16.9255857388897,17.0587285041881,16.3256074696217,14.8074219826669,17.390504692761,17.3321059657344,17.5014793382452,17.9536544447046,17.8298987086478,17.5650558204945,17.1920633803969,16.6114543913917,17.358461632493,19.1110020047862,20.224517349832,21.3431761399205,22.1092726023689,22.4316266254891,23.5572256546184,24.3241609203463,24.8245014511387,25.5404023403936,25.9745757610736,26.8143267477701,27.3345068671199,28.3680428615925,NA,NA
231,"ETH","Ethiopia",0,0,0,0.575596917616679,1.26892903804914,2.09950722288058,2.90087411782109,3.83915509371799,4.80596905564549,5.4984664181888,6.21788980124059,6.94235326086402,7.99854527278553,9.08601281037841,10.2986853873244,11.1299699507214,12.0466050982236,12.8736914085589,13.2262471583674,13.944868660565,14.5678104978269,15.0766104508532,15.6555542368972,16.3908635563381,17.5511252596354,18.4598389696642,19.0337789822166,19.8858797001056,NA,NA
234,"FRO","Faeroe Islands",NA,NA,NA,NA,NA,NA,NA,NA,NA,NA,NA,NA,NA,NA,NA,NA,NA,NA,NA,NA,NA,NA,NA,NA,NA,NA,NA,NA,NA,NA
238,"FLK","Falkland Islands",NA,NA,NA,NA,NA,NA,NA,NA,NA,NA,NA,NA,NA,NA,NA,NA,NA,NA,NA,NA,NA,NA,NA,NA,NA,NA,NA,NA,NA,NA
242,"FJI","Fiji",30.7259762353671,31.3224556928406,31.7605240437061,32.2436048684771,32.66992754342,33.1954196573019,33.6859718999549,33.8850085131005,34.1026047631897,34.1146982095245,34.0139983492078,33.8270767131507,34.2388871312847,34.6877290195738,35.1963123769863,35.8918703853983,36.6429947840194,37.6167516594965,38.6550189502742,39.7371307774236,40.7714240258429,41.9372429416567,42.7136795963655,43.4153856139089,44.0439935308297,44.3693079749174,45.1181640229535,45.6966062849555,NA,NA
246,"FIN","Finland",88.5140663424491,89.1595087819517,89.4184449692877,89.7482304573251,90.036030506756,90.3621800152664,90.6522945112953,90.5690719446095,90.7921205788316,90.7735692670965,90.7267209878283,90.7819443335362,91.2534077229022,91.9371573656046,92.9222087662575,94.330932277368,95.210457380099,95.974886410511,96.7625723865497,97.4273287014089,98.1603004965066,98.8804894604191,99.5402157209308,100,100,100,100,100,NA,NA
250,"FRA","France",83.6419685939571,84.3458682551204,84.5126900294992,84.7980153094719,84.8457722538801,85.3028420343736,85.7180489819166,85.4012451208261,85.5770510601165,85.6113547712176,85.6731586899198,85.6286622044001,85.6992560920356,86.0875862652233,87.0890048562693,89.2420595745292,89.846318264073,90.2913260568315,90.7158964621247,90.9154726491103,91.4538129647983,91.8997359972386,92.29623548617,92.7932020718329,93.2638768191856,93.4764035216938,93.4284164212985,93.6270086101509,NA,NA
258,"PYF","French Polynesia",NA,NA,NA,NA,NA,NA,NA,NA,NA,NA,NA,NA,NA,NA,NA,NA,NA,NA,NA,NA,NA,NA,NA,NA,NA,NA,NA,NA,NA,NA
266,"GAB","Gabon",12.6087422052342,13.0461722858249,13.5505450265337,14.1720699218218,14.5005187439868,14.9286976723152,15.2755304659176,15.8177824417424,16.3837738280495,16.6724842476522,17.3589805918123,17.9553522755628,18.6416920881119,19.3818087062679,20.4653883622758,21.3611759688834,22.1674342634844,22.5867964914499,22.9725145036405,23.2779171708714,24.0196134872793,24.9652285103391,25.7802214182489,26.5562236371066,27.0478719653033,27.93385574595,29.0397148753454,29.6211457070902,NA,NA
270,"GMB","Gambia",11.2889229112865,11.9240074815829,12.047206130132,12.1950530367365,13.5206355455436,14.6517468902199,15.3134173737426,15.6674814706619,14.9513625037524,15.2176430006279,15.979560734134,16.3421302132766,17.4650684250418,18.0689153782995,18.8646204200574,20.3991862009807,21.0126177583214,21.636569959497,21.7898648064384,22.9851149240816,23.305034412177,23.3580607487201,24.1678059667307,24.5756426394438,25.8369848024069,26.6071906310976,27.3290976185066,27.8634212377342,NA,NA
268,"GEO","Georgia",36.8230972294176,39.1650986022813,39.7055258614212,40.7428876926848,42.9978565771818,43.711064983411,44.7598369150335,46.7906865654804,48.2047553371343,50.4981940478366,52.0278170238327,52.4454802482427,52.782667174469,53.1626945199332,53.5127456079261,54.285660606054,54.6491592359255,54.934777972987,55.6290261677266,56.0987676621929,56.6116752867133,58.0473309070431,59.4396967225906,60.7035163689051,60.9925847847611,61.0876881263271,61.1897304836545,62.9182535132893,NA,NA
276,"DEU","Germany",83.6530681184006,83.9065474324577,84.1262265299385,84.3404756075044,84.4019119902755,84.4721841964083,84.6621396366086,84.3276210437419,84.109742731521,83.9274846620497,83.7743159261641,83.5809188200571,83.6411734581489,83.9139163962991,84.5513738211354,85.6923478726951,86.3261928547866,86.9424405482168,87.7795524729997,88.3388238450461,89.3906377710275,90.5866795992918,91.7291660834023,93.058423541305,93.9658407033302,94.4746044388167,94.5466149479,94.7495355810233,NA,NA
288,"GHA","Ghana",12.6164334388776,13.1547833215388,13.6319026254967,14.3632556534965,14.9457234544842,15.6464866648381,16.2931244086131,16.7584391310395,17.1403681566626,17.4497175532827,17.7429786230094,18.3858748995726,19.5394585858639,20.0505331252534,20.5129807509418,20.987560339857,22.136737569002,23.1859348746416,23.9636397892724,24.6582106149864,25.2857611015849,25.6425219643124,26.1124068107102,26.5558628198772,26.8532368997617,27.1059133818878,27.5785376569322,28.1176533572718,NA,NA
300,"GRC","Greece",82.2123798885728,83.013484637588,83.8140282196815,84.5317593567469,85.1718722521834,85.7504824569225,86.0427095264457,86.2529970630748,86.570019282466,86.8114049530516,87.0645296856907,87.3204202317528,87.7539187042569,88.2282494613527,88.7836185566575,89.3524992033113,89.7237265984412,89.9445148987142,90.0705168432483,90.133943595459,90.4128081735895,90.8290131900812,91.4031851386229,91.965195396133,92.2633051116613,92.4886090053233,92.7775379171207,93.1129908037298,NA,NA
304,"GRL","Greenland",71.1864147713567,70.9772095372112,71.0649951150962,71.0845124853037,71.0978022761146,71.10899124152,71.1697288352668,71.1223979652878,70.9867754623036,71.1042883868395,71.3109699788599,71.1836589453067,71.0089752974341,71.1817115894226,71.5298252559979,71.8168418335226,72.4127903495748,73.0284727814928,73.716334639188,74.1737139458781,74.6068399531084,74.9378765851393,75.3583673218952,75.9946454864035,76.6969238956512,77.1869606479495,77.4962390148891,77.5792388499066,NA,NA
308,"GRD","Grenada",41.7734397500092,42.8797324986737,44.5790331434674,47.4327368720637,48.8449855956614,49.5654096492922,50.2740449936888,50.3594627502413,50.4507136093207,50.4311411827819,50.8167171959225,51.2657837939018,51.6119804468099,52.0541447812247,52.4697925245518,52.7052904775022,53.1598331355753,53.7345640405547,54.4000563762568,55.2578040792885,55.944316042899,56.6443561818776,56.8459178084772,57.0741960315824,57.0860731874778,57.3349624172316,56.8950716753566,57.0343962589715,NA,NA
320,"GTM","Guatemala",14.4587627421055,15.4222773960157,16.1232653209877,17.4623172680112,17.4716113487447,17.8694991801823,18.7403241264114,19.6979925128469,20.772138815908,21.6881476871958,22.785656579973,23.7336918521686,24.7961464102769,26.1993928146299,26.9113058409989,27.7398700457379,28.5008768429539,29.2076509854843,29.5730728920171,29.9389543397637,29.9856776377798,31.0350889128771,31.8659280776933,32.1390553735947,32.2287926652652,31.3303412517764,31.521365893705,32.3337203305492,NA,NA
831,"GGY","Guernsey",NA,NA,NA,NA,NA,NA,NA,NA,NA,NA,NA,NA,NA,NA,NA,NA,NA,NA,NA,NA,NA,NA,NA,NA,NA,NA,NA,NA,NA,NA
324,"GIN","Guinea",3.25432394842053,4.00641767024666,4.75897993173929,5.57035747269393,6.24517060386729,6.91480064609648,7.61469598489315,8.0409795327059,7.9631305226758,8.40190168011536,8.68025751926132,9.16804702720542,9.82410229460737,10.6081506900394,10.9386228609323,11.5824178857125,12.3288240287554,12.9371625671345,13.7615680876465,14.6665419237024,15.4244698185815,16.8411809924827,18.3153441342967,19.0564621137196,19.4451480542692,20.0539401010405,21.3214240130245,22.1014865396066,NA,NA
624,"GNB","Guinea-Bissau",0.216864440810966,1.53618451713913,6.64691409284914,7.30377787208371,7.53581017180905,7.28931211838719,7.10563811519731,6.90754559915537,6.73981064307466,4.51943245705509,6.92109004955958,6.7249672754463,5.89652321044035,7.80202352557406,8.27660765568916,8.99830238603097,9.82546706020646,10.2081134616606,11.0558129149935,11.8257609413567,12.118916744278,12.6981906068198,13.4305356233404,13.9889927321337,14.457576360212,14.8560443666484,15.9595686702185,16.6482281674281,NA,NA
328,"GUY","Guyana",22.6960046232887,23.6789655705887,25.0226865751693,25.4715414607818,24.9387004897669,27.9329196037703,29.8792444619196,30.772190026695,31.6443501782619,31.0559260698319,31.4098739098141,32.7880284198299,33.7682599413834,34.0644944068716,34.7884197921402,35.7258124491217,36.7174903687635,37.7062155170718,38.9661876485257,39.9967711586739,41.2986094196981,42.1312099542385,41.9971128442009,41.907315094104,43.301202878235,44.3753449775683,45.8343144231702,47.8873777074416,NA,NA
332,"HTI","Haiti",5.33782076596586,6.10636863803975,7.45478339958491,8.24698457182797,9.28908757994698,10.1428394523134,11.1725650413979,12.0878898829904,12.8310238791024,13.7453090602232,14.6689922227831,15.513940278409,16.5040853978037,17.5128295601425,14.7871312753881,8.39366294887719,19.1307103257244,17.4910997799751,18.5748189328309,19.2132801218797,18.7368245906201,20.7960113321818,21.5180213356727,21.9929390537165,21.8916741998499,22.189816130383,21.2030632104365,23.7854666487917,NA,NA
336,"VAT","Holy See",NA,NA,NA,NA,NA,NA,NA,NA,NA,NA,NA,NA,NA,NA,NA,NA,NA,NA,NA,NA,NA,NA,NA,NA,NA,NA,NA,NA,NA,NA
340,"HND","Honduras",19.9571285457507,20.9307778090949,21.7712993401977,22.7540001293414,23.7251262976175,24.7034542309385,25.5972532481302,26.4413704567334,27.2776581804265,28.1435722140975,29.0011363989242,29.882604096674,30.6628806894211,31.5569388287857,32.4814520979635,33.3824042067702,34.2432205976715,35.2409407558015,36.0961710876935,36.8663186367314,37.6608499564215,38.3724233234215,39.1118624097257,39.8273503304897,41.3535916168435,42.5627780117216,42.3616860332255,43.1546761872802,NA,NA
344,"HKG","Hong Kong",NA,NA,NA,NA,NA,NA,NA,NA,NA,NA,NA,NA,NA,NA,NA,NA,NA,NA,NA,NA,NA,NA,NA,NA,NA,NA,NA,NA,NA,NA
348,"HUN","Hungary",58.7856169822424,59.9236755375771,61.2130204733112,62.6905632482469,63.6000863701892,65.482843644638,69.3002734042703,74.4828257803821,78.9004040426316,81.2750493174308,81.7188626337618,81.7332116243199,81.3445574544898,80.0873789714196,78.1374949050913,75.8478814130168,74.007991280954,73.0556008450004,72.6858981955739,72.3379517372094,72.5129612414693,72.4881666656854,72.5806647285276,72.7928110960382,72.7041532396145,72.201797649538,71.6136404181157,72.0030107703926,NA,NA
352,"ISL","Iceland",87.9682910129954,88.3980713631909,88.6741890397871,88.9570883378137,89.2388214126866,89.5885639474953,89.9538048190239,89.7352309050394,89.6064779842251,89.5188438730733,89.4445253738093,89.5158257165236,90.0309108795733,90.6815882861654,91.4382618743348,92.4795424009337,92.8358268025596,93.1066528557173,93.4588822775142,93.8403027853756,94.4468422985433,95.0413033083758,95.6913924952179,96.3823181445864,96.8294519664166,96.9304972032806,97.1526417714105,97.4716847970932,NA,NA
356,"IND","India",4.26878239898775,4.96484984462165,5.73526629518744,6.87858299927042,7.9659153673168,8.83528959714062,9.50983116978853,9.89890157396869,10.4522419517887,11.0072965077899,11.5475766426339,12.072230660301,12.7174043596188,13.5985676400953,14.570824633901,15.7458981263374,16.8756946163644,17.8014532340928,18.8615424762023,19.968163939162,20.9289434258516,21.7375223707099,22.7090888335592,23.7988601727918,24.7550514245171,25.9649558770463,25.873074969192,27.0502691378586,NA,NA
360,"IDN","Indonesia",16.7079522353028,17.8360681441957,18.3794723245208,18.7931175157171,19.168316058674,19.604061919927,20.0606805562525,20.6972748266194,21.0717964183952,21.955449893843,22.6207905178341,23.2638632791416,24.2535510136387,25.2453426752182,26.3137204593433,27.4148313158491,28.6093763246155,29.7610282836342,30.7669475632763,31.7485773671327,32.6401620643136,33.4391788826279,34.2647306298334,35.0828286149072,35.5874352612101,36.3873059788966,37.0504012790549,37.8134792936021,NA,NA
364,"IRN","Iran",35.5511932803472,36.3241935181527,37.2641375607766,38.4346981223898,39.4633962666911,41.0991252000007,42.2611488218397,43.3399800593033,44.4933894591332,45.434634454012,46.290835079371,47.0829928407442,47.9075509203979,48.8588388888472,49.7958851681338,50.3918338207453,50.9087562067164,51.2542198847751,51.7056815938512,52.2734727011692,52.8601639631198,53.58344227759,54.7193715176632,55.5507902947613,56.6711636953611,56.9121729170702,56.8435074600195,57.3249460661512,NA,NA
368,"IRQ","Iraq",30.9725506171821,31.7640725774342,32.9247786766436,34.1461399044518,35.6021692491522,36.7429615441245,37.5105040571967,37.7769305700082,38.5977975277668,39.1205783384137,39.7340901268399,39.9817891854732,40.4462619368406,41.170938033292,41.9818693077264,43.0276256880647,44.4389189138418,45.9920872154435,47.2995692873262,48.6431166030839,50.0635421362946,51.4136929329018,52.7427401036385,53.8427730706699,54.746442132989,55.6096363915477,56.3139137013707,56.8868122951086,NA,NA
372,"IRL","Ireland",78.691715005169,79.4051108946703,80.0566832166999,80.7538326449323,81.3738744420506,82.0575571292414,82.4816746534618,82.7243016800918,83.0461855252096,83.1871324604061,83.1019967473864,82.9567609950095,83.3745780543034,84.0027206319856,84.8660139777209,85.7596867291549,86.0034438294241,86.0912323608592,86.2827215538787,86.7214580571847,87.4826365279776,88.4976670535104,89.6700733469915,90.6316564164955,91.3914248552028,91.678269052357,91.7525157778424,91.8597258140107,NA,NA
833,"IMN","Isle of Man",NA,NA,NA,NA,NA,NA,NA,NA,NA,NA,NA,NA,NA,NA,NA,NA,NA,NA,NA,NA,NA,NA,NA,NA,NA,NA,NA,NA,NA,NA
376,"ISR","Israel",80.332733260933,80.3413803332887,79.7339936316512,78.9870781207071,78.4966933537674,78.1421847923592,77.8085006121486,77.0782142783064,76.6928224742134,76.493065765535,76.2777297959613,75.9388199712565,76.0042844716593,76.3716853452291,76.8915587479879,77.9577054316976,78.5463534483559,79.1855669586932,79.9752091595493,80.4851516575425,81.2600684659396,81.9940944036428,82.8955892343063,83.6928585337736,84.3279216907239,84.691941098241,84.8867979925611,85.156159647607,NA,NA
380,"ITA","Italy",86.9459119397959,87.1409502280527,87.2956951552227,87.4422875080671,87.6648072616404,88.0745093505094,88.629612107252,88.8044942554982,89.1799269579361,89.4973248287211,89.9570751245544,90.2178647256878,90.346476669892,90.5087593080719,90.4935506232418,90.510969098303,90.5913802966924,90.8261373485496,91.0038746851858,91.3204822462944,92.5404227043402,93.115421644766,93.8359973596256,94.5631742448824,95.3810808075365,95.7813977958137,96.4732087722678,96.6101457872086,NA,NA
388,"JAM","Jamaica",37.4682409706602,39.1971980890176,39.9987811241416,40.8004413648653,41.7726488333677,44.3290154691735,45.7519412615528,46.0401495422238,47.0574859252586,47.7428630842775,47.6138407193181,48.694889359793,49.7017396951729,50.1182502579519,50.8833813141234,50.9300808445561,51.0286433918922,51.3859283799165,50.9522065871347,51.0968483823121,51.2296044347628,51.4281392139459,51.6550444877736,51.7761273591706,51.8846091602716,52.0694318635938,51.9516597892072,52.2303507225938,NA,NA
392,"JPN","Japan",78.2548309507307,78.6466158787553,78.9591590302389,79.2643350257271,79.5617991699941,79.8312137861883,79.8603996502356,79.3522951605736,79.0198579072406,78.6231119548944,78.3843256400435,78.3116267428294,78.5104823280992,78.7667602183905,78.9007079383352,79.1405667338381,79.0111316415059,79.1602512874997,79.3384490104585,79.4862440754291,79.612520384438,79.9175741728778,80.260619296263,80.7824727136373,81.2052517856686,81.7340817981485,82.1856510103922,85.0181779731579,NA,NA
832,"JEY","Jersey",NA,NA,NA,NA,NA,NA,NA,NA,NA,NA,NA,NA,NA,NA,NA,NA,NA,NA,NA,NA,NA,NA,NA,NA,NA,NA,NA,NA,NA,NA
400,"JOR","Jordan",48.4906629391555,48.7601641531706,48.6475408794736,48.6886389809442,48.7683273312423,48.9303294864495,49.2354222439111,49.8210554969269,50.4464747752249,51.263618442613,52.0759567967911,53.0224131286805,54.3271581725334,55.5931423542568,56.2355691495284,56.7922041901146,57.29408391921,57.9559856629578,58.5801917743469,59.4212293363607,60.2641018912153,61.556252465486,62.804168862096,63.8826396125589,64.5436579845555,64.9170216001137,65.2694494371477,65.6339798075468,NA,NA
398,"KAZ","Kazakhstan",29.7858546826853,30.2930160582811,32.9841486273387,35.2404287553332,38.0461930027664,40.9187470013332,43.6018907272886,45.9092247969747,48.1914816157851,50.4092500294085,50.483418582198,50.9514322908343,51.9355241502902,55.3330133629515,57.3787649992674,58.3070905360362,60.8079299035895,61.9805072948269,63.170577422193,63.1534104057321,63.73442244831,65.2800317686868,66.5215293583155,66.4278192904349,66.2616078708439,64.8767970818458,64.7449925742874,64.3462312420598,NA,NA
404,"KEN","Kenya",5.17803829697654,5.32763858661858,5.54537955200216,5.94709386542685,6.50934834699835,7.00929774085687,7.35827717833617,7.7235147366941,8.42259610259825,9.14255192478822,9.7635419421441,10.2741093736623,10.9404829655765,11.2409999373338,11.7272422729398,12.377564979882,13.1687540729141,13.9111714961529,14.7537811397503,15.5393319734991,16.4236714240715,17.0946003886416,18.0333028714887,18.895507790752,19.4944921673879,20.1655701129891,21.0228997248175,21.6987811953912,NA,NA
296,"KIR","Kiribati",14.0652842789293,14.6333405211804,15.2364371741303,15.4133926136441,15.9732931455763,16.6706553553697,17.3203914845094,17.9969976343021,18.684246915032,19.1657372127339,19.6108109654152,19.5724513848273,20.062583944757,20.6372700988749,21.1572821919164,21.8176446844396,22.705269580065,23.4125450287372,24.0758393854273,24.8824296889246,25.6675104381076,26.3122672058194,26.5342141731809,27.0318975763718,27.3325323176309,27.7891495445214,28.4344453209551,29.0346040383973,NA,NA
689,"XKX","Kosovo",NA,NA,NA,NA,NA,NA,NA,NA,NA,NA,NA,NA,NA,NA,NA,NA,NA,NA,NA,NA,NA,NA,NA,NA,NA,NA,NA,NA,NA,NA
414,"KWT","Kuwait",68.3036947225102,69.7729854065247,68.6924995980155,68.9051598033029,69.0837103205059,69.9514957716708,70.4280854613884,70.7043065311365,71.4482721242442,71.8494131723343,72.6364300766705,73.0841200385364,73.7267965035765,75.2447177325742,76.0687394955571,76.3064342415787,76.5600430817273,77.028111959624,77.4880085573344,78.0740403660428,78.5781984205371,79.5156261482937,80.5890541983107,81.468979806045,82.0179920252746,82.5235909222121,82.8662367762448,82.9914490263301,NA,NA
417,"KGZ","Kyrgyzstan",26.0871986997251,25.3653407583248,25.8880676699785,26.9594507309872,29.2657818293782,31.2103315988141,33.4421237755708,35.9640400546005,37.4686572053597,37.9297454321175,37.9534745767393,38.4114788783511,39.2134090638416,41.3102786410225,43.1101897685991,43.5366851583378,45.2635221250125,47.7355771511253,48.2317315227731,48.4107545053625,50.0840237665223,51.5414698378169,52.7676638014245,52.9644190294565,52.9794148367739,52.7984427699528,52.406924575251,52.6944798308544,NA,NA
418,"LAO","Laos",0.190191340082734,0.897796236870619,1.56965042988273,2.40375081111003,3.30798642488436,4.44793934544488,5.55980151326636,6.74391107065701,7.89053568145472,8.99277347357712,10.1343721823823,11.2659084525925,12.0726599104826,12.999938249413,14.0448412347145,15.0963554972048,16.1138313452178,17.145982502647,18.2025379926147,19.1682891788734,20.2029615354123,21.2310951378577,21.9502579189497,22.6277850118293,22.942165229061,22.9801811247,23.8110945090925,24.590101543263,NA,NA
428,"LVA","Latvia",61.642864769162,62.8042890555127,63.1998362795839,63.2219585972187,64.195302919764,65.258796781695,66.3915186582917,67.4504885624283,68.4924384294468,69.239414449311,69.9398362979205,70.52747794661,71.2892521117653,71.8929704545423,72.0191987265386,71.8684964975182,71.763008010352,71.5795081045848,71.4107807760715,71.5456720827615,72.0260330814497,72.8133498607081,73.7242994654904,74.4519350890827,74.89497349131,74.7579226756972,74.6775078499386,74.8343292808326,NA,NA
422,"LBN","Lebanon",40.1686494905481,41.8381602883307,43.7050863070084,45.7137713264951,47.7970343315947,49.8149568105993,52.0215097414004,54.2875305305771,56.6183506893714,57.48544140632,58.2130471934288,58.8445912460353,59.5771342779402,60.3608580833937,61.1900249377753,61.8859752304331,62.7013396466466,63.4728064183792,64.1815866059891,64.8073295103046,65.1795887815911,65.4451494455643,65.5204670435403,65.2598082314184,64.8039971857181,65.5135847865603,66.0348111764154,66.2171425328208,NA,NA
426,"LSO","Lesotho",8.11272944296115,8.13730484939919,8.07314754060521,7.84048920479952,7.69388714949864,7.08672204101433,6.58726439656587,7.03371247922554,7.96025490037255,10.2075649092968,12.0778887513874,12.7360057884394,12.9053755910945,12.935238329328,13.0045110488539,13.1383853473311,13.5708697663796,14.1213854238888,14.5948908590117,15.0564759145143,15.6863123891798,16.2199262834636,16.8110159983646,17.4945563306054,17.8620082331062,18.2731224658029,18.8203418306578,19.3660929913816,NA,NA
430,"LBR","Liberia",0.297222592881624,1.26528556926317,1.48488033106891,2.42543053432216,3.92195932361199,5.81857182914591,7.60646950112613,8.51589416773211,8.52894209787443,9.46191912014267,10.1560031702797,11.0859078503432,11.6550052748086,12.0610081721526,12.5029005008631,13.1332964965104,13.3111192280604,14.0365111094933,15.1581690957686,15.8222679303572,16.4770390540473,17.2489643155069,17.9960749788569,18.2110394264291,19.2359873587332,19.5793826477646,20.1419990770671,20.616959470948,NA,NA
434,"LBY","Libya",43.6517364578861,44.710773746364,45.8843001137989,47.2611955760105,48.6110331723308,49.6633230988236,50.4677204672174,51.3889525972859,52.2251944583405,52.9691016923372,53.6330851426954,53.8372472334156,54.7720720689183,55.7319576132229,56.6893831269593,56.9993026683031,57.7809338406089,58.4471962132438,58.8154742130666,59.2554675567541,59.4317562972028,59.8876455994162,60.4831366400938,60.8507396879616,60.9928113964346,60.9894447877089,60.6563711961674,60.7838689562152,NA,NA
438,"LIE","Liechtenstein",NA,NA,NA,NA,NA,NA,NA,NA,NA,NA,NA,NA,NA,NA,NA,NA,NA,NA,NA,NA,NA,NA,NA,NA,NA,NA,NA,NA,NA,NA
440,"LTU","Lithuania",53.6863727914271,55.0750581831641,55.8278915642729,55.9913402140472,57.2795801958621,58.7070738932978,60.061610717516,61.3303568719102,62.408217870858,63.3327194498009,64.0622260483824,64.6000516398763,65.2196543509461,65.9444081032927,66.2549694736312,66.5612566824571,66.6925679987605,66.7171837099777,66.7225281249629,66.7861478157427,67.0269512086326,67.3391464706132,67.7801623491652,68.2236960618715,68.4535645255452,68.436051800333,68.0516585489556,68.1275567879237,NA,NA
442,"LUX","Luxembourg",86.9603309635356,87.5418904867547,87.5831554795873,87.5867873324908,87.5120399381481,87.6224345199664,87.6099397016156,87.1221061154921,87.0749527436061,86.871701191291,86.5931686428938,86.618676706442,87.3767041504732,88.1869041946927,89.1632256854766,90.6650164162466,91.4454715278698,91.9136964663406,92.6685882962825,93.1098578633948,93.8404971349318,94.3232850824331,94.8928542713001,95.3775986088244,95.9792661316446,96.3841904115089,96.6844342548959,96.9585943125966,NA,NA
446,"MAC","Macao",NA,NA,NA,NA,NA,NA,NA,NA,NA,NA,NA,NA,NA,NA,NA,NA,NA,NA,NA,NA,NA,NA,NA,NA,NA,NA,NA,NA,NA,NA
450,"MDG","Madagascar",1.5487197091974,1.97938093498485,2.24880864035602,2.18745340420476,2.64202564306575,3.03686470712404,3.51244820667408,3.83500562865939,4.17244714451974,3.76289250223034,3.9355342531662,4.05050107713578,4.08959397639225,4.29187968823015,4.79723363077895,4.77703052792167,4.97290671725499,5.55907323796066,5.90041481318471,6.3597276231758,7.16863771269001,7.76937748959219,8.64415854469225,9.67546348530396,9.63231488762032,10.3911132377553,11.5566998739507,12.207771939636,NA,NA
454,"MWI","Malawi",1.6206731566966,2.24316911104243,2.77460608448737,2.73894907217803,3.38307440331512,3.84581181561721,4.84043510553616,5.94828256698165,6.95726500102951,7.9486506199013,8.63222554394474,9.51329997251818,10.3586911519671,10.8109878828674,11.2238545429994,11.2981078106804,11.6650562470097,12.3983359543773,12.8681401038479,13.2109883507408,13.5419601115807,13.5095290325436,13.236436395444,13.3170184237227,14.2552338614867,15.5030585020167,14.3901940474424,16.2531531608476,NA,NA
458,"MYS","Malaysia",44.3960648645359,45.7326822806115,46.7260152227421,47.6332829461238,49.1843172082044,49.8543190313054,50.301720854269,50.610490237592,51.1024786843357,51.5606580502517,51.8487803757609,52.3006034140736,52.7841854135996,53.3554895914177,53.8230410250111,54.2494665509533,54.8693023565324,55.3275891766841,55.713410116304,56.1171039272775,56.5497766551835,56.8363862485081,57.5339616827225,58.3971391852471,59.0418055364233,59.2423548352624,58.7345809135093,59.4130722586129,NA,NA
462,"MDV","Maldives",16.9665665630561,19.3576478180572,21.2121216362546,23.6761633937393,25.4375775934569,27.4733421697679,29.7736976432004,31.4616461863041,33.2621248265289,35.2573793880047,36.6292604249099,38.3394112797012,40.0416967383421,41.5180072628815,43.2802001742856,45.1605855856343,47.0893277718567,49.0334899708519,51.094499783493,53.1726566326694,55.2040673007338,56.0003759126953,56.8894157581464,57.7193626279764,57.9129568113763,58.5731766445378,59.2627848494419,59.8768030936695,NA,NA
466,"MLI","Mali",1.5777698792631,2.35200198837467,2.79197420604375,3.20061743608474,3.57630575456055,4.39504232562692,4.28040595354108,5.07140306705786,6.08873603634882,6.87114173658271,7.63069779536318,8.90038079205083,9.59377169687748,10.6757921257783,12.0707228566185,13.2896794099807,14.1685012754111,14.498744879231,14.7567455916288,14.6839613577147,13.7512450390625,13.7593738760963,14.2476339402347,15.1061173209368,15.8709700169007,16.1750224658903,17.3066973589198,18.1577158255259,NA,NA
470,"MLT","Malta",80.907587341628,81.524053956348,82.1316693843524,82.6531488827197,83.238900234563,83.7073773510444,84.2305011904149,84.3219347534809,84.51695652018,84.7094049818659,84.8833418939387,85.1764291891951,85.7295406161788,86.362520646498,87.1608623934173,88.085308904604,88.5173802163402,88.8565339562383,89.2851993257874,89.7300020116566,90.3666503010856,91.0474242347478,91.8112504852085,92.5263844520422,93.0332490055269,93.4919182972945,93.8875470247252,94.2142717860887,NA,NA
584,"MHL","Marshall Islands",25.0146865911244,25.6228585525223,25.9225569619672,26.2400815648696,21.6556213990474,27.0192434355263,27.3785099045841,27.7391426353437,27.8141005329764,28.117574170819,28.6219953424801,29.2351387565747,30.2857294991044,30.9715710662518,31.7060600537397,32.511033083912,33.2551135433514,33.9718604363272,34.5223680199947,35.0619149251555,35.5179031966408,36.4651727692634,37.1609162496099,38.1266395559435,39.1645449692603,39.9616872460241,40.7457455814574,41.7253430575937,NA,NA
478,"MRT","Mauritania",7.84821817372959,8.33557670824992,8.47275737916014,9.09000158684515,9.24336242081776,9.34921669542028,9.33590856070865,9.71228990048867,9.25765629498764,9.18801610792318,9.39053564055509,10.2031887881404,11.1872130494081,11.4820977796624,12.2978669878427,13.2360688891177,13.43836743301,14.016175943109,15.1385015456348,15.8594512668055,16.7766461014637,17.2934486099075,18.1509650025011,18.4207689786119,19.3992890412311,19.7484676080391,20.5943533445619,21.0409040013818,NA,NA
480,"MUS","Mauritius",43.9050824391116,45.3881503124557,45.9248221268899,46.5076057681653,47.0890206010066,47.9379671315619,49.2066052248264,50.4401688296791,50.7304027621252,51.1658893276205,50.5974621929246,50.9605057828492,51.3960993397335,52.2599720395973,53.5690977280232,54.5533324361427,54.9486784667479,55.7324426460853,56.7698782029742,57.1935026984903,57.4505275625708,58.145380224503,59.2051965969982,60.2739793269564,60.5291940234654,60.5544363339055,60.080943285007,60.4385449177796,NA,NA
484,"MEX","Mexico",31.0820509115316,32.4058431915689,34.1220603274826,36.0367275096451,37.4984876557805,38.5012954392347,39.5299083409628,40.5404255035967,41.8436929218823,42.6510704100848,43.9465755102305,45.1742134439217,46.7634236215034,48.2340775311289,49.3301876310127,49.9613056146127,50.2805960871968,50.7130580883371,51.7218482874548,52.345426956911,53.1785397944458,54.9783355989772,55.973142592148,56.0247789447845,56.3559259967933,57.5326640276143,58.1041255937526,57.656085528107,NA,NA
583,"FSM","Micronesia",24.0439730570254,24.7414656133326,25.2310254026185,25.7465440314423,19.2158331839876,26.8650421304301,27.3532201984969,27.8334147370687,28.2813126273148,28.6178276132377,29.289951070882,29.9409926847133,31.122041994955,31.8742222425511,32.6819955156107,33.1643399027147,33.7172431045886,34.1205255607824,34.4365510787244,34.6564977740086,34.8731635261488,35.6290290412429,35.9926413037543,36.5959345711244,37.5428414483381,37.9684064788522,37.9024004394355,38.4801917229119,NA,NA
498,"MDA","Moldova",41.1049578084909,42.1326412618141,43.0535238926935,43.5022496607228,44.3331647779001,45.2091076488876,46.4579986697718,47.5639519035391,48.9060214780503,50.3882540429605,51.9758773667964,52.7061549827978,53.0012792859102,53.1824128895402,53.8219252970252,53.9771939187662,55.2585905810918,56.2638109149875,56.9387996425425,56.8713634358363,57.3832503661194,57.1587338547929,57.2647524642269,57.7464728741445,57.9980302251168,58.0689922425762,57.9792295724515,58.2197383939636,NA,NA
492,"MCO","Monaco",96.823554071842,97.1494837196402,97.4503418588763,97.69053032759,97.9474446484434,98.125951429887,98.4787321812111,98.4923523164992,98.5934588599976,98.8026476181969,99.0784960160501,99.3529465952172,99.7080496506609,100,100,100,100,100,100,100,100,100,100,100,100,100,100,100,NA,NA
496,"MNG","Mongolia",30.9099693449061,32.5802778552327,33.770950417035,35.0169559614829,36.4148467721197,37.8213764256653,39.0476662835523,42.0929690194819,45.0188022092794,47.3094509595941,49.1857652821794,50.4738444825994,51.3263391831307,52.154183794336,53.0370875353638,53.8781885313481,54.9425693163861,56.3048072784793,57.8383203366932,59.7083334711511,61.2382398931749,62.2479539454759,63.7355747628485,64.9214693339711,65.3701775773132,66.4498468512903,66.6640694381596,66.5278281888864,NA,NA
499,"MNE","Montenegro",72.8125748381914,73.2607507820012,73.8556443278711,74.5033372520203,75.3630942150484,76.3548937444314,77.4186776666347,78.4013132633115,79.2532831373066,79.9639483900846,80.6352118636491,81.321438682754,81.9628857600246,82.4746871116875,83.1161985454228,83.8420454928914,84.5576640834512,85.2530969389713,85.827885905194,86.3720799720667,87.0240214322799,87.8552185077838,88.9499383813344,89.8938035191387,90.4107077039901,91.0018344080262,91.7941475499822,92.4077352552147,NA,NA
504,"MAR","Morocco",23.4343734237989,24.426008788122,25.4011309341045,26.395851632673,27.3748798848895,28.272547652442,29.163494707668,30.1238677043802,31.0354418497769,31.8799988955884,32.8224103208742,33.8563508651415,35.2517852105235,36.542797821817,37.7270989671658,39.3357404173843,41.0245082117834,42.674345134988,43.6793768619357,45.2037313045997,46.6015125063119,47.9364507817692,49.1684611436545,50.6223956516443,51.4113840804416,52.7197813365091,54.0838456321674,55.1156399531977,NA,NA
508,"MOZ","Mozambique",6.04574520744009,6.38627301496204,6.81290811540795,7.09279468521264,8.08589074791412,9.13012071869832,9.95208352804012,10.1179728645163,10.1338907071951,10.533968693236,9.98436771140877,9.92495359274838,10.0999498090271,10.8353573771224,11.975669641987,13.2027053973794,13.3772360385771,13.6877582067549,13.926971063722,14.1711349040328,14.6299833291092,15.176619858478,15.9510558614954,16.0327593504885,16.7105503925649,16.9193136420796,17.9702234548607,18.8112421316645,NA,NA
104,"MMR","Myanmar",10.5450313329027,11.4039328963523,12.2244735703972,13.237645867893,14.2370542428133,15.6403639108823,17.0375670467426,18.4691666694113,19.325562505669,20.3121540089055,21.4505002669487,22.61387483127,23.1348087617684,24.4655239168699,25.3522046748401,26.0014805043242,26.6338929014682,27.1135123308068,27.6626772457686,28.2517049876921,28.8567107089742,29.4794910244023,30.1487153816387,30.7901232672006,30.9539409367063,31.5445772372949,32.3459699285911,33.113047484239,NA,NA
516,"NAM","Namibia",15.4062114978057,15.62657942703,15.6966290684002,15.9202995216138,16.1883011067185,16.7771866598641,17.1354311181328,17.6869793518263,18.2898878118994,18.5772025849634,18.8485436087398,19.0380138753566,19.6350679943262,20.2213807768867,20.9399006339921,21.8243695351115,22.6438409763015,22.8118282026642,23.5390165052781,24.5600299082171,25.3562302313138,26.1828979013167,26.8392688616163,27.4311867749213,27.81396453956,28.2901782046462,28.2449536455221,28.7132521476259,NA,NA
520,"NRU","Nauru",28.4674350346562,28.544729878375,28.039550397663,27.8910973802708,27.8299204804531,27.8182998547799,27.9107450698525,28.2087728520581,28.2293333566648,28.1693876956702,28.3088140169543,28.3280348844535,29.4814788353138,30.0993935438349,30.8123906197951,31.770294658407,33.0026042336074,34.2427403131148,35.7438916984114,36.7425556287344,37.6202355564655,38.7518064917696,39.5183431548212,40.2581140252123,41.4368458672293,42.3528340286257,43.2798309427987,43.9814389278056,NA,NA
524,"NPL","Nepal",10.5396561218893,11.4333078295511,12.3492474748664,13.3755356554918,14.3707222147958,15.3646112813335,16.4722256908952,17.4899057985629,18.4519630245047,18.8737565462388,19.6084327247085,20.9980150503566,22.4895390490643,23.1432297795092,25.0827369633899,26.4940995727593,27.6183688478647,28.2628906473308,29.2423281999495,30.3902890323707,31.5201361211676,32.5385496444392,33.7959177957695,34.8580613958647,35.4216475866596,36.6661222837138,37.075556461655,37.7575188570015,NA,NA
528,"NLD","Netherlands",96.4816728741594,97.0916939330226,97.2548801579432,97.1860226227747,96.8296776298998,96.5951813118612,96.4300905775964,95.8748172955174,95.7168653346022,95.612179468734,95.7615498528325,96.4819325128283,97.7563874769117,99.479703090802,100,100,100,100,100,100,100,100,100,100,100,100,100,100,NA,NA
540,"NCL","New Caledonia",NA,NA,NA,NA,NA,NA,NA,NA,NA,NA,NA,NA,NA,NA,NA,NA,NA,NA,NA,NA,NA,NA,NA,NA,NA,NA,NA,NA,NA,NA
554,"NZL","New Zealand",72.9152293634846,73.4290392275913,74.8124555161533,75.5032697565325,76.0380116209705,77.4424216006562,78.5336924535711,79.2720934277928,79.6092744584461,79.6560288848456,79.0081211386419,77.3908866617041,76.8355500198361,76.3196994942953,77.2559604759114,77.48634600839,77.780068962239,78.7859647139553,78.4313095843421,79.2887576292771,80.3049429107808,80.6653457110775,81.9580122373305,82.8879431164212,83.5511250014238,83.8141215725133,84.0297731519885,83.3398423546329,NA,NA
558,"NIC","Nicaragua",18.8840778909362,21.0190382517399,22.0601736590411,24.0114026239035,25.3605521586548,26.4586362407631,27.6261618015901,28.6612732424691,29.679173204257,30.6010896888476,32.0289663552127,33.3212117154387,34.5475231498884,35.7431300171592,36.896885971512,37.7568380776465,38.4966359525801,39.119605310214,39.7521217376879,40.4146392001834,41.0345820024874,41.7544936338661,42.278333721898,42.7011179901454,42.832722411413,43.1633508446866,43.3574654376635,43.6672093222992,NA,NA
562,"NER","Niger",0,0,0,0,0,0,0,0,0,0,0,0.118323453558261,1.36404744372679,2.39010182348481,3.91766453938034,5.02399224039692,6.31377203784869,6.16148653265907,6.57533220529058,7.33573960358018,7.56471474344389,7.93877039940138,8.87309156172432,9.36561869606399,9.12950388314569,9.08531502740937,9.78560949779794,9.99485282459509,NA,NA
566,"NGA","Nigeria",0,0,0.0565303237119821,0.732977059840138,1.3108500558898,2.02407460851764,2.77121478369796,3.70385733565581,4.68352408637135,5.67246887077688,6.06303699083323,6.55271984664121,7.042644542123,7.55233545897202,7.87556565143306,8.77233039920351,9.54887725503127,10.1856397373942,10.8851980333089,11.7116694100005,12.4323249366596,13.4455180252752,14.4706890474691,15.4964129766885,16.4053726970192,16.7312228333905,17.993026074391,19.2695137246729,NA,NA
570,"NIU","Niue",40.680204068106,41.5133435458698,41.7144308570683,42.1802040841246,42.7088302008956,43.3177867302017,43.937543661401,44.6512891514578,45.2426366718907,46.0376006216668,46.8770862796237,47.6911634784659,49.0421097153882,49.6568479051852,50.2232899541274,50.7755187792734,51.2625672739478,51.7914255452714,52.3340706539227,52.8482230999402,53.4863552016341,54.7061390939102,55.8665246899713,57.1575773465407,58.9995817456299,59.9095282522991,60.1704640427527,60.6338474836318,NA,NA
408,"PRK","North Korea",51.9590640238358,52.1254084813991,51.9613159712606,52.0322391437029,52.1612503770337,52.2901504643527,52.3778230890597,52.5646501962863,52.7281642759233,52.9219376618162,53.0049377601391,53.0821800573416,53.2181597477518,53.4328807940982,53.29122685425,53.175134352015,52.9289037195215,52.7368998789737,52.5665291779296,52.4785359304501,52.4181626867615,52.2779546194214,52.173875286315,52.0327593917208,51.7265642941536,50.975253330757,50.5482574274892,50.523715729855,NA,NA
807,"MKD","North Macedonia",45.371978038464,47.2477029987336,49.1148773462407,51.1156895629658,53.1300324826122,55.078773429772,57.0286483497221,58.4941781103836,59.8093036168641,60.7345955878701,61.7183054848529,62.650858203978,63.5016266144778,64.1183505211561,64.7574783243362,65.2082685867324,65.0160106737833,65.0020687709668,65.0087784328862,65.1138363806272,65.3870227485235,65.9217477466535,66.6710050200721,67.4465735116738,67.8427426034786,68.7481950283294,70.0004352850257,70.6476540342947,NA,NA
578,"NOR","Norway",87.6976981175319,88.5754668985459,89.2086436609556,89.3540997146852,89.690730336436,90.1056793587758,90.0971598428258,89.9600866186871,90.335908335312,89.4908075973076,89.4092631765626,89.1674850930574,88.6386018906201,88.7724440285924,89.4759131515425,90.2702216256904,90.8108115304828,91.5506265563564,92.1942273564604,92.6825707287918,93.5459485885238,93.8789087040633,94.1697215789431,94.4246722406549,94.6061019167766,94.4906313695158,94.6757539061798,94.5898431629762,NA,NA
512,"OMN","Oman",48.4571662251376,51.2595205108265,54.1334837638099,57.1211773242347,59.8969298334072,62.0165408288908,63.681512276272,65.2319522291685,66.6180943885549,67.7538961458438,68.6522202549279,69.2757683634113,69.9574552432589,70.7823370916251,71.5927904277906,72.2113981922356,72.7783418391997,73.3577981067989,73.7131603345625,74.1860881069182,74.4106515121898,74.7139805315691,75.086361443301,75.4355111195109,76.0632513421729,76.6104795546205,76.7248842016019,77.1286247249756,NA,NA
586,"PAK","Pakistan",11.0243822842357,11.7857044502237,12.5414021997287,13.3202271910313,14.0063816926095,14.6112481513674,14.8015841820604,14.9285592930457,14.9900404274675,14.9949721642993,15.4697511705513,15.6828224372848,15.5995750556558,15.7596584308446,16.2561807913282,16.8727127514575,17.5813065644893,18.1263013614415,18.7222095170371,19.3320551370993,20.0461373148149,20.8642287316174,21.9470475591066,23.0026338903076,24.1161663883369,25.2161773216706,26.3521682947307,27.2555959566635,NA,NA
585,"PLW","Palau",35.1488768926151,36.1901188320242,36.7243913906811,37.1338047125174,37.5082927528676,37.8944018935377,38.2934896242614,38.629510024657,38.8856934060427,39.1733599169092,39.7207161437514,40.3460774327711,41.616385913879,42.2571534901321,42.9510952025599,43.6545834761144,44.273496842402,44.5590132485781,45.0103059793414,45.449072972914,45.6791546937099,46.433511815725,47.1279112849857,48.5711533959965,49.0949947315809,49.3273503839659,49.6317148989247,49.7827764425274,NA,NA
591,"PAN","Panama",35.9323968807924,36.3596340533725,36.2577030077438,37.3792402450266,37.7214188326911,37.9992684601076,38.528854283424,38.4177827617947,38.5850856127506,38.5940982793913,39.8976866889844,39.8266930273117,40.8034170177844,40.3280669510994,41.3813932130628,42.3411203158564,42.9568088261779,43.2714753854288,43.7879730447629,45.0454774506632,44.603445022523,45.2295829716357,46.5939258781603,48.0588290064139,48.6089858963776,49.0482575678347,49.7097682803802,50.6780784684146,NA,NA
598,"PNG","Papua New Guinea",17.3731441466469,17.9054927128481,18.0814494441825,18.3449441950781,18.7165799917459,19.1380845166986,19.5034744677139,20.0599203291197,20.3650906871962,20.3935211358618,20.5022173981366,20.7200295166404,21.0482363907665,20.6754758383643,20.9146034205758,21.5498662136409,21.7610825557441,22.1638836146528,22.5586116163379,22.7814667103469,23.1154034797268,23.5139286351562,23.9852421454845,24.206375223348,24.012919360552,23.4609886621178,24.3786374668947,25.0347564884425,NA,NA
600,"PRY","Paraguay",31.2392111538133,32.1407779336129,32.8947401615905,33.5942692208089,34.2593465403492,34.9719109595828,35.5723098802,36.3460800069153,37.0782718464604,37.9042249204051,38.881985276998,39.9864284204854,41.218580181694,42.0851232036586,43.34496813681,44.7318372560189,45.9758888837975,47.1455324259951,48.4440507008513,49.4005492149432,50.1006168681375,51.0981005814596,51.9195802314951,52.6534550696637,53.0366635178855,53.3983762481423,53.8106476930855,54.4687835586593,NA,NA
604,"PER","Peru",28.8453769152006,30.1842500800992,31.6047648267728,33.2199715045977,34.6135009972195,35.8871128156591,36.9077567163494,37.816160828238,38.7208218443373,39.6315167334819,40.6275426349384,41.732592173209,42.7473572286149,43.5911553728443,44.5591172425248,45.4668664988415,46.278681063068,47.018780735739,47.7782969803538,48.5228459428898,49.1853035125519,49.7743767437774,50.4219301752375,51.2919663307461,52.2634781169166,52.8227836104976,53.2416628651191,51.2042392389813,NA,NA
608,"PHL","Philippines",26.0390198741294,27.2229287353667,28.2294980739943,28.5497287415866,29.0246445655304,29.6261847218259,30.3680685010419,31.1931552192709,32.2984264962493,32.515244366007,33.122627084538,34.0006680972991,34.6536937403051,35.0861725720398,35.7705363431635,36.47619353735,37.1813985279924,38.2855605643003,39.0021659918208,39.6366131231269,40.1007999303673,40.9147700829791,42.0623672539838,43.4362615263423,43.6077514899027,43.5403282750759,44.4915276597437,45.9129549668611,NA,NA
616,"POL","Poland",80.7584248473937,82.4971815071788,84.7335697157178,86.374390644121,87.7856157092619,88.7902452441305,90.361607617698,92.319597641517,93.6405272169786,93.6906789774226,94.0765189224061,92.4671615680865,92.0686668197189,90.9334817405256,89.3621372414784,89.1111890848767,88.5035772385636,86.9135465647259,85.8883003687947,84.896548832174,84.063253781289,82.4269644255932,82.2584307219145,82.7868570808758,83.5874989880484,82.2617940390553,81.0269486974974,82.0309155552485,NA,NA
620,"PRT","Portugal",75.2244049959181,76.3102747059394,77.2909127243678,78.744465222981,79.9810192140207,80.7062438713188,81.803001062785,82.249239805376,83.1136185361982,83.6311561653229,84.0978433861163,84.4411430885952,85.4936152012769,86.5838911907811,87.9530024186249,89.5568815821561,90.0260224707776,90.2286307474126,90.776276560449,91.2540058686777,91.7192379677685,92.1909167194749,92.7541329936578,93.1823992551027,93.8762452635522,94.5910777782077,94.9222425929083,94.4875310492245,NA,NA
634,"QAT","Qatar",62.7157940308412,63.4872499582082,64.5083329962638,65.5144439458101,66.3658852408088,67.054195800867,67.7963889039006,68.5729512296498,69.3269632931505,69.9179550139216,70.52998191515,71.1951929528598,71.9640848672318,73.0039775089165,73.9361649745699,74.9804765605068,76.0006036350074,76.9830024890251,77.7623478059592,78.5656082335249,79.1658659222264,79.7907318822159,80.4390007657951,80.9421700387535,81.2903743923263,81.4480488537207,81.5010534127582,81.7219110984311,NA,NA
178,"COG","Republic of Congo",6.57242574141966,6.56153089225448,7.21514219340362,7.43461276059783,7.74248194949763,8.33349227050687,8.47377383143886,8.69974063779836,9.15255058296881,9.13285386059125,9.61979217474656,9.91878124499843,10.3801225574631,11.0565038706547,12.0601703803283,12.9895910250166,13.8202373801851,14.8186294767496,15.8218018347502,16.696005533568,17.5406933107171,18.3680615608813,19.2330750632993,18.1234977880089,19.9118357295773,20.0171703287084,20.4598341660502,20.492568979835,NA,NA
642,"ROU","Romania",44.8520890000021,45.9719733063094,47.4105139074057,50.1197719868508,50.7989277577783,52.2248916817991,53.0738625963394,54.2906169671979,55.8339879476569,56.9591594760774,58.4711030047693,60.5319277571757,61.0208966967222,61.4534214516466,61.1274664711791,60.5688923037861,60.4370400915436,60.0972827315794,60.3902609727799,60.4531027812878,60.5819568659365,60.4489983257977,60.8615840916576,61.4998106908198,61.7574314416905,62.1776408897158,62.5445436039389,63.1672860962694,NA,NA
643,"RUS","Russia",48.0212840288306,48.8951904919305,49.1057024471927,48.6507839232208,49.3602375818043,50.621160626926,52.033706157078,53.3134226067854,54.7184617002679,55.8239781947928,57.1712086349077,58.0519479199118,59.1756418034964,60.1089634029516,60.4559968994316,61.122431242471,61.4392149088983,61.8359329576292,62.2711241549552,62.9291629685188,63.6802421217905,64.4049047421684,65.2498507022241,65.98048878473,66.5256533632639,66.7962130228754,66.305613709911,66.5088217441507,NA,NA
646,"RWA","Rwanda",0.431173720313623,0.385284046053428,0.385481199618738,0.783551304357218,1.68071022707386,2.79756732290186,3.7181999273562,4.81828353156521,5.23119396102523,6.17565202488261,7.34227869759539,8.58526369968506,9.971609354222,11.4563589504528,12.6253074602237,13.3825898407673,14.3060274837998,14.9983011821033,15.3339323518469,15.9156153297117,16.6660481123497,17.1999986098272,17.5317932904862,17.7677342990686,17.9443848913593,18.4469037715496,19.0814110440251,20.0037793136796,NA,NA
652,"BLM","Saint Barthelemy",NA,NA,NA,NA,NA,NA,NA,NA,NA,NA,NA,NA,NA,NA,NA,NA,NA,NA,NA,NA,NA,NA,NA,NA,NA,NA,NA,NA,NA,NA
659,"KNA","Saint Kitts and Nevis",33.8919841698938,35.8463010224184,37.0051831866259,38.8131157594024,40.3919722040971,42.6127250447631,44.0186016804771,44.6584087675193,45.2522436715114,45.7195438326591,46.8145255799629,47.8444548869352,48.7297968990055,49.6339362790924,50.4746649586609,50.4630910824785,51.4365719092052,52.4361963370591,53.3585310999842,54.6764728738305,55.0837059275738,55.6886172966187,56.2935136043405,56.8185383444896,57.1649295724492,57.2874697981361,57.4532482559315,57.796372444964,NA,NA
662,"LCA","Saint Lucia",38.1318838712577,39.4903822975086,41.1210337299048,43.1163698986403,44.902533540839,46.7928208637662,48.051229141504,48.4601388857123,48.8858799584202,48.7935514089314,49.4308547683385,50.0162161792272,50.6016823262977,51.4418266715215,52.090856387076,52.4239383734393,53.1320449349311,53.4227378943577,54.1024209415894,54.897100540759,55.4735992267352,56.1026459263266,56.6640782408464,56.2882848757807,55.6012043262772,55.7624240045783,55.5375627659458,55.7085841615349,NA,NA
882,"WSM","Samoa",46.847459209858,47.3510050131906,48.2032015212666,48.7960134224322,49.739497127077,50.9244807599814,52.1359560842117,53.3276623702464,54.4310886523757,55.5464353382613,56.7262211376624,57.7976942029603,58.8885788678118,59.1304093976595,59.3267773204538,59.5767993839226,59.6913075610551,59.7527720893129,59.8645464819589,59.9958381199643,60.2022415905401,60.5624409044272,60.8261235124348,61.4918101009417,61.5347942551848,61.9101735874241,61.9350532026232,62.2528985810143,NA,NA
674,"SMR","San Marino",92.7031496892463,93.325021103999,93.8739376158096,94.393300499613,94.7984140467678,95.0449067355203,95.429690115078,95.4166913759412,95.5007215867189,95.6586083930269,95.9426354677005,96.234739676004,96.589751406363,97.0134772280412,97.4880439281382,98.0055272491674,98.1921015581833,98.3858149256381,98.5272300621901,98.5214031042097,98.6264130286612,98.8432835336021,99.1760827092694,99.5194787313275,99.8018040940504,99.8653226724254,100,100,NA,NA
678,"STP","Sao Tome and Principe",12.2341289846518,12.6469029813046,13.088471647422,13.5604793775971,14.6944582075331,15.3891873735552,16.6214514986695,17.8462100199499,19.0319958516011,15.9173727823437,18.7749693139853,21.5182017101795,21.4911369482254,23.3200258656165,24.0960307151146,25.5228093603365,26.9459376736713,27.7907712728933,28.3662084956235,29.1380492892129,30.000433223461,30.9215897296762,31.8316241642573,32.8218671511855,34.2192750629028,34.9344852127633,35.4036959603628,35.8322256716721,NA,NA
682,"SAU","Saudi Arabia",41.4890019685872,42.7768739023892,44.118601723421,45.6133112638869,47.0441310340773,48.2896212556379,49.2202056933863,50.2652191273199,51.2784453224256,52.2453987207535,53.244161759944,54.0889170620145,55.1453025263331,56.3961233661246,57.4599884134642,58.5387158450074,59.5077153462197,60.5124219687052,61.2866437233089,62.209448243047,62.9253149802251,63.7921240320284,64.6486570755206,65.3798993803201,65.9032531600133,65.7975413339756,65.7265796914625,66.1760983174242,NA,NA
686,"SEN","Senegal",4.61744145993089,5.42264999870821,5.82035905148557,6.31647079582005,7.4182443326421,6.1698271564552,6.99653643798202,8.4380538713495,7.98607503258914,8.58890374446557,10.1595948495714,11.070527398209,12.0906730311464,13.3700915269307,15.1321115782213,16.1370040882494,17.7065102962524,18.52388061507,18.565910303064,20.0007973466648,20.3792007215022,21.3289373874847,22.3820078086335,22.8715137534534,23.9578311137407,24.9251914166555,24.8424802673485,25.4464673385002,NA,NA
688,"SRB","Serbia",67.7996163278678,68.794319617377,69.9851910832044,71.0900477829365,71.8667169307462,72.5234227347395,73.1488959169575,73.2374452951994,73.5647476867874,73.8885447102894,74.0120043363441,74.0637940268783,74.1262974330348,73.7805376177479,73.837572266053,74.2784811076852,74.505759939693,74.640528772691,74.53278425089,74.4088716854682,74.4994357452503,74.7698974066256,75.3146874833264,75.7345852385447,76.0222635140339,76.5318228271218,77.4323609119939,78.2206569827613,NA,NA
690,"SYC","Seychelles",42.1645524180327,43.0151349704151,43.7937757915003,44.2501424991215,44.9470363286754,45.5985567303648,46.0940179301132,46.5731314397982,46.9099705241064,47.2398485971451,47.5910781274276,45.2338278653549,48.4945223908083,48.9723693532915,49.3905561631853,50.080512003289,50.6857552189645,51.3795487481482,52.1320504798704,52.9346852898986,53.7401142464457,54.3788902732203,55.3904777993884,56.6049246908108,57.1403849957494,57.7856218293314,58.1299421871752,58.5057718575479,NA,NA
694,"SLE","Sierra Leone",0,0,0,0,0,0,0,0,0,0,0,0,0,1.37142450520435,1.99103858808937,2.91442346566078,3.53814978239973,4.63321382927238,5.46225752673955,6.27418454383884,6.92005303418429,7.34020723938015,8.11512102276193,8.57607645094795,9.33363594708113,9.34565668798403,10.1012977713152,10.6065000532667,NA,NA
702,"SGP","Singapore",82.9163202035466,84.4497929929224,84.5970637720053,86.8059487958327,87.6377170501624,89.0718873501907,90.4513358155529,90.8926394986787,91.3881696739593,91.4494829162258,91.1271125459911,91.4299602059595,92.4937265543588,93.0020783262785,92.9360048029077,93.1454919593816,93.2019348608908,93.6860986589563,94.2775555645924,94.6541598434936,94.7650168175201,95.224520779761,95.6050639921496,96.2308350770444,96.5245098512907,97.3097468316283,97.2058599357298,96.1603309848578,NA,NA
534,"SXM","Sint Maarten",NA,NA,NA,NA,NA,NA,NA,NA,NA,NA,NA,NA,NA,NA,NA,NA,NA,NA,NA,NA,NA,NA,NA,NA,NA,NA,NA,NA,NA,NA
703,"SVK","Slovakia",82.3132878272082,83.6879760055755,85.0643143880263,86.3597565786662,87.6732468968231,89.3088654247203,90.4925342567423,91.0414507771313,91.0982056037879,91.0900353682909,91.4732684437987,91.4458707556425,91.2555062985929,90.4186914854714,89.8086559164015,89.5538570534607,88.8268421730577,87.9356527586796,87.3167667689554,86.6085101838199,86.091445496359,85.8406514298163,85.8828803393558,86.0706785639767,85.762591164486,86.1425727794421,87.0058362015513,88.1206640279579,NA,NA
705,"SVN","Slovenia",86.819145678095,87.5418850160622,88.7561437107265,90.385879558116,91.0112110487742,91.8183006644218,92.3660730157112,93.0670410544075,93.582137241342,93.9641106852896,94.2761879414936,94.253450539764,93.9463744486244,93.3638426519543,92.5130083986851,91.4182456354607,90.6116706814876,90.0618636561027,89.8675089947968,89.6718479322276,89.810761300083,89.7941607987101,90.0595399281629,90.3469005125575,90.4858386248206,90.8752031673207,91.2708950793472,91.691183407489,NA,NA
90,"SLB","Solomon Islands",22.6959268585218,23.1973741669848,23.5034676760927,23.8904261110325,24.2122926326355,24.6861503905533,25.0338788678989,25.513198129951,26.0282708120134,26.2784968825791,26.5529463232659,26.983236749347,27.6902438168999,28.0865035234987,28.8419611045536,29.2328587569079,29.8987997424738,30.4100358050135,30.815100992192,31.1268935732214,31.6262555163866,32.1014214717837,32.3050133265656,32.5119384636749,32.9367374947959,33.3935271585715,33.8755995861198,34.4882021901516,NA,NA
706,"SOM","Somalia",0,0,0,0,0,0,0,0,0.443509337114918,1.21556844926536,2.12885446744131,2.01010902443304,2.65438017412635,3.29065314709611,4.08713683547255,4.50684669845838,5.24389005942342,5.26061568025493,5.49639576978645,6.02983684830883,6.34384685118744,7.12187498559454,7.68427492711855,7.93618337593045,7.8772440954053,8.68388861792353,9.09433952493744,9.76272491619494,NA,NA
710,"ZAF","South Africa",15.6965628906152,15.9543118787596,16.028919488102,16.1406099325675,16.1386924513033,15.6690443422235,14.8701728301513,14.3812335945235,13.7761699099625,13.0315531845862,12.8478151332114,13.1691010705565,13.7427831372007,14.832363216066,16.319813465897,18.1236268344558,19.455895599834,20.3848537784646,21.5553845783248,23.0848349079573,23.5931959799644,24.1452265318304,24.5800187705444,25.042160435777,25.1816427372436,25.0501774618046,25.7284461693268,26.279982303953,NA,NA
410,"KOR","South Korea",75.2461418817635,76.6681485241638,78.0099925040757,79.5306531843537,81.030593912622,82.3885956155447,83.5276219127801,84.0412832296099,84.5437181560349,84.9947588241589,85.3548053551176,85.3648379814094,85.4098227216664,85.4244118095713,85.4917020241126,85.6510704676171,85.923000013948,86.3685578638154,86.8104347971623,87.2119481896137,87.7044462988072,88.2566106584044,88.7992266157178,89.4550949041822,89.8310471093138,90.3856789363752,90.905136480132,90.9603192604418,NA,NA
728,"SSD","South Sudan",0.92933922467526,1.56847734855822,1.91338933921338,2.37174611842167,2.72729345609476,3.14194099516867,3.23313284480892,3.23585172582625,3.15363896002221,3.15218121944962,2.10204120512692,2.40641588515417,2.67641778384035,2.991430109194,3.36904596436418,3.94331549293327,3.84050231207502,3.59816027512142,3.3819057762534,3.23701851330748,2.94977796327629,2.97720811696234,2.93037722730111,3.20527121216132,2.90592779796964,2.78269716689486,3.34332334620845,3.72234980240373,NA,NA
724,"ESP","Spain",81.2054427489484,81.6539531647332,81.8359576144535,82.0008184994532,81.9688381486272,82.087161518151,83.2727855491956,83.2297076622241,83.3381216675456,83.3441285968126,83.3068124265073,83.2348259635708,83.7448414404872,84.2615224978459,84.7549288752522,85.5110507613857,85.9186924561818,86.3426005045473,86.6897986246172,86.8651769892545,87.3936301205682,87.9359492047289,88.396979761504,89.1389878296722,89.8072745785326,90.2589726229052,90.6233097682533,90.6255754248776,NA,NA
144,"LKA","Sri Lanka",32.8351763238665,33.9776489177709,35.2224820320607,36.801902639514,38.1604185016506,39.3874561474924,40.628235230879,41.7075708001241,42.1324507818688,42.9156227825387,43.6295940919469,44.4427089184238,45.0110167551734,45.7778150000868,46.6354940600902,47.5132315230146,48.4484972294553,49.2533325765665,50.0702790701278,50.8383745128551,51.6379592531769,52.3079610124222,52.9663041294468,53.550546980492,54.4072074116772,55.0541412435769,54.4659186249652,54.8825222246484,NA,NA
670,"VCT","St. Vincent and the Grenadines",33.2417329400321,34.6626341745808,36.2621959690722,38.0569173921764,39.7627127282148,41.7130415991099,43.2931551549889,43.3358462502903,43.9545627500414,43.9139791773208,44.6806360316655,45.2306420181316,45.8180803514741,46.6492457111634,47.2482903648281,47.350021270652,47.8146557160308,48.3781881699217,49.0231777316559,50.3579280318118,51.5258357365636,52.5152081303474,53.3320822593792,52.9187864870839,52.8100990963915,54.2896555659053,54.7160484307462,55.2937915983388,NA,NA
275,"PSE","State of Palestine",47.5981546969056,48.828944243338,50.0505149211296,51.2239771792183,52.1446001994786,52.9443419594532,53.531223863014,54.1774104067533,54.9444468890682,55.5381369254578,56.3906252876788,56.6863738010157,57.3219738310284,58.1581803961669,58.9845991236479,59.7195938718134,60.5570108332413,61.3132084867514,61.9645646040678,62.5026391801738,63.4710931047003,64.6508535081795,65.844967867851,66.887663630001,67.4844932474087,67.7943956806423,67.7559782587043,67.8583937440501,NA,NA
729,"SDN","Sudan",18.983609613124,20.3631885316943,19.1745437125404,21.3040883581297,22.4424502286757,23.128921450501,23.7562564062219,24.3106720610336,24.6611177236382,24.5327828155039,23.6381190987145,25.3477425027014,25.8182049082826,26.5502055407781,27.8183017396294,29.1403849076407,30.248422949892,31.3611586805127,32.2397172709684,33.7097080717925,35.1519717078429,33.4265717879735,37.8112246073017,38.9146809946243,39.9596560026883,40.7727537212711,41.6398918328317,42.5712569123577,NA,NA
740,"SUR","Suriname",28.6050165498042,29.5150380184594,30.4581059427969,31.4145534166643,32.9755474938432,34.28027270901,35.1647252406995,36.2165867199961,37.3033730630162,38.1408530205939,38.9096111306625,39.5156048565453,40.1789440736154,40.826924697848,41.4628815077541,42.2677766180046,43.0261617076806,43.5627570574735,44.1709187411537,44.6961987170718,45.0686930489036,45.4931044653679,45.8626203559159,46.2464352481854,46.068607382674,46.3546597361502,46.3072558073249,46.0825531615374,NA,NA
752,"SWE","Sweden",90.2692226945453,90.8911525472799,91.1861813992311,91.3840570951389,91.3126121087826,91.0231880454891,90.9455851552021,90.4743884152362,90.5863807632664,90.1918656732892,89.8622450140878,89.5513260459444,89.9023773504433,90.0154812583492,91.1994156692424,92.4513980050118,93.0738092830361,93.4807257752217,94.0382684340997,94.3433296224533,94.7055495278697,95.1594522747085,95.6761689622275,96.4002201773565,97.0851975368427,97.584862549623,97.8801787104759,97.0243397466626,NA,NA
756,"CHE","Switzerland",96.2408733213091,96.5952053425275,96.6699731514109,96.7191081964651,96.6520609640374,96.7093926718807,96.8175756047207,96.3069445140847,96.1801719489516,95.9927526216302,95.7861399649101,95.8296247897765,96.1215069618369,96.5699504926779,97.0996180096575,97.9781731359171,98.3396825252166,98.5551550176461,98.8401490873006,98.9080430771204,99.337280592023,99.6352275070455,99.925533900951,100,100,100,100,100,NA,NA
760,"SYR","Syria",44.2629180403668,45.5710298505416,46.9239270006812,47.7060700136137,48.9939571374748,50.3445018987711,51.4152249210852,52.6434877259559,53.8063926220821,54.8340382195662,55.8241393285996,56.4804828781405,56.8908753386632,57.4628648034792,58.2573336281709,59.0850984967496,59.8682876554328,60.3617819009576,60.5167826201535,60.6539653421668,60.7250303933586,60.9018584818037,61.0882438001119,61.5048960305853,61.9229859299431,62.3849635160989,61.3983657922699,63.3044764522981,NA,NA
158,"TWN","Taiwan",62.1935748077245,63.8610821814291,65.0598871634521,66.1361435599623,67.2220798673361,68.0483653360115,69.2318121290188,70.2908086655399,68.8483791887667,69.1472343748016,70.1489700321891,70.8611662823319,71.0879323756049,71.1955408878416,70.9512512060411,70.5902933032894,70.0214779168623,69.8899536163501,69.6707357861291,69.5978239461379,69.6493955206644,69.7345884162944,69.7167938760061,69.7301381858159,69.7827940865394,69.6748548112411,69.665244964298,69.8435639105656,NA,NA
762,"TJK","Tajikistan",13.4061520938542,13.6861472711707,13.9146192841391,14.2256319033957,14.7340552878983,15.731880306413,16.9474599272936,18.3980750435314,19.9370655684284,21.4723453540456,22.8433264738657,24.183738906258,25.5134850781464,26.8050015162893,28.2072634330794,29.405146993968,30.4076462789284,30.9517155243958,31.4217051227959,32.2172226026536,33.0436656577821,33.9099798059452,34.7920483867169,35.6805222213373,35.4968657881399,35.7721391223975,36.832848229605,37.6652309371904,NA,NA
834,"TZA","Tanzania",7.56266409079137,7.35325308424314,8.06278011393944,9.25296502386621,10.0428423031915,10.4851685633793,10.7072153871451,11.1049363280642,11.6381017414809,12.2829792187167,12.4814358706033,12.6256724032587,12.9200450834056,13.0825825639163,13.4865072317899,14.1658638912498,14.5745005503912,15.5010690191971,16.7367559990935,17.3411146557653,18.1576127754649,19.0172119491385,19.9932521049412,20.9696495767892,22.1580858408297,23.0881145113044,23.4967311628114,24.2947517296322,NA,NA
764,"THA","Thailand",37.5980425725547,39.2602304505065,40.1976999430251,40.9483323109239,41.6621120650172,42.8296498756949,43.8189465773803,44.6498016805003,45.6154512307198,46.7675715719079,47.4624442271832,48.3246621125938,49.4486821171515,50.7017419202778,51.7910261206444,52.8949409128433,54.1490103183736,55.1189786128432,56.0485181518128,57.0012403411595,57.6095488081638,58.4401661030652,59.3099057313706,60.1076478690219,60.411627897101,60.9396660010157,61.3680739129719,61.8611750424398,NA,NA
626,"TLS","Timor-Leste",15.8512960847781,17.1258076128916,18.3179824058832,19.3800259402846,20.2638392296834,21.6101951085973,23.0225861221805,23.8355665749979,25.8663109009582,26.6070267687895,27.9182994575056,28.8388536659065,30.3376131499719,31.0346222842966,31.8910359661586,32.2191414213889,32.6553399766293,33.3259920660745,33.8601753918959,34.4182896652019,34.8734605769032,35.3482556032736,35.7404686444386,36.2976153000299,36.3933129611269,37.0883694261723,37.9715459978194,38.3614769145324,NA,NA
768,"TGO","Togo",2.1790032341214,2.53378432918115,2.43449790832612,2.91773843961826,2.9516825853057,3.00526274136733,2.64994253444006,2.62946543971138,2.87352267580565,3.00626485031373,3.09345153556622,3.76820209385539,4.11753028528744,4.27771388604373,4.73933285727742,5.21163626761781,6.02300634223111,6.89586273133074,7.55067939921928,8.15436253926919,8.63259750104029,9.08840248407461,9.94715128270573,10.4397042098889,10.9581180421614,11.4999450418998,12.314351372647,13.1488690245037,NA,NA
776,"TON","Tonga",51.048271065176,51.8004137856855,52.3621823061627,52.5327315813682,53.2415965475954,54.0377677343683,54.7997971995708,55.5232388239759,56.2717761895821,56.7835644329573,57.1697138403074,57.5629076440241,58.3470115409253,58.7576492421391,59.317471872411,59.8439759842343,60.3154174051329,60.7346961719457,61.173528570582,61.6289033658765,62.1527212385691,62.926880230637,63.4455622689625,64.0154830764109,64.5156416519809,64.9953197367025,65.2701368642229,65.5997651787615,NA,NA
780,"TTO","Trinidad and Tobago",40.9509297832579,41.8121501074598,42.8561445110284,43.9498499820937,45.6500233534259,47.9881743745724,49.4707631427626,49.9485621462427,51.5604995756409,51.6722832877051,52.9299560481159,54.2756474163708,54.8074092704119,55.9622171162437,56.9427295569204,57.3088717652293,57.9572007269758,58.5618777652195,59.1600816863528,59.8064064985949,60.175724234731,60.6734873499301,61.1811278295107,61.6587809322217,61.9343185619261,62.2392644666999,62.1504064605554,62.0962338836434,NA,NA
788,"TUN","Tunisia",32.030935315988,33.4071931765204,34.7013045528536,35.9293470359466,37.223963113273,38.5685030535481,39.435902519195,40.3939883965063,41.4044378376802,42.2427559706502,43.0120157075784,43.8045383225475,44.6097736519903,45.4149738759848,46.1659954009149,46.7862570024239,47.394471079409,47.9683218564609,48.5268250840937,48.9255560720517,49.3290307794661,49.7219292953199,50.1556515774129,50.8291770113407,51.5907247915194,51.8185269801934,52.2793326760284,52.4532870690385,NA,NA
792,"TUR","Turkiye",37.3256367624128,38.5489998412054,39.7003829011815,40.9788011841139,42.1787406848754,43.2770497802787,44.3177979387478,45.6291468934276,46.9240177267342,48.1267983829042,49.2379585799841,50.3229060492387,51.3402630854731,52.5226810023295,53.6942175289562,54.7973642280239,55.6908672029025,56.422850844393,57.0787214317874,57.9809184987244,59.0985460310334,60.4925837772675,62.0377152892799,63.4044177146029,64.3157958962645,65.0736521547282,65.7881358102705,66.3702164511674,NA,NA
795,"TKM","Turkmenistan",18.0010192468593,19.5463991053576,21.5246768169825,23.451146191014,25.5408989500062,27.5979182987489,29.8915309917653,32.4959562766869,34.8257094543502,35.4503085055819,36.9285986280386,38.2899624668166,39.009875988707,40.149267845026,41.6520387496773,43.2822441785168,46.9128634968762,48.1015257650214,50.5868421316161,50.1424478403737,50.4470363693365,50.7589786352057,51.2110902494193,51.6456769591931,51.1130490640169,51.8737045464767,53.0242167136717,53.879647119699,NA,NA
796,"TCA","Turks and Caicos Islands",NA,NA,NA,NA,NA,NA,NA,NA,NA,NA,NA,NA,NA,NA,NA,NA,NA,NA,NA,NA,NA,NA,NA,NA,NA,NA,NA,NA,NA,NA
798,"TUV","Tuvalu",24.7554930467441,25.6268306470271,26.4393127754338,26.7328492532204,27.5125158971941,28.4358448442537,29.4013488847319,30.2235171301387,31.0580693392315,31.5229821359618,31.5613087107486,32.0966912864442,32.9560131508776,33.1366931541435,33.3279863562603,33.5787769815022,33.6389066836803,33.7562389359937,33.9925092605346,34.2589946221999,34.544181145898,35.3889221840607,36.1784097911363,37.182847961419,37.8726053833053,38.942239547854,39.6933490032062,39.8795507443561,NA,NA
800,"UGA","Uganda",7.17363367388327,7.3720655345664,7.66146598584653,7.97894246553662,8.29642614680503,8.78602737563308,9.32113796430646,10.3183651268275,10.8475200285163,11.725100828182,12.6895386778191,13.4838478310264,14.3266478458746,15.2432133727612,15.8548111147864,16.501563807702,16.8261400964901,16.8157798826212,17.1504547071457,17.8546121663157,18.3339703699266,19.0662522542375,20.0616821560259,21.1856703658067,22.1927464180937,23.1223571440191,23.8075979575371,24.3348333448523,NA,NA
804,"UKR","Ukraine",50.7582898596404,51.6292229543067,53.4661959468676,54.6678187944964,56.7800753896984,58.5514275446068,59.4871522563758,61.2102420213932,62.9588093502784,63.9555160565619,64.6891408669248,65.650118285731,65.6825643580548,66.5741423363382,67.1143583516148,67.4702008813149,67.7504276683641,67.9184293441554,69.2545625436914,68.96582426404,69.0530569582811,69.5911544476124,70.4097622763209,71.048907084469,71.3243517882964,71.1523379386228,70.7462288318814,70.9761152093103,NA,NA
784,"ARE","United Arab Emirates",62.0244784604015,63.3625968071316,64.6318185166614,66.045473953723,67.2823834777388,68.422048631924,69.5512066031109,70.8095528151139,71.7782136004337,72.8037600976451,73.6601927082299,74.4225455191517,75.3461298642097,76.3588671649674,77.0282746142703,77.3134298318964,77.4823895802321,77.6248237719459,77.7041286026731,78.0949152090052,78.3677608743519,78.8422281748946,79.5128526270171,80.1477975599892,80.5641928729525,80.5207910709375,80.3003676028748,80.4207866860626,NA,NA
826,"GBR","United Kingdom",97.8912406462799,97.6394462250834,97.4014503441602,97.2024827628006,96.7995103454495,96.1149071985179,95.7165823025524,95.0379553600936,94.1356689302568,92.5249519188166,90.6175984556517,90.1137661444122,91.5479499713645,93.1834681798792,94.628882781362,95.6605908694447,96.5567786031107,97.2034728480005,97.7344249877407,97.9353407407317,98.3235671244075,98.8258856781044,99.2157764867756,99.5699977706467,99.719306243983,99.6802461191363,99.568954989109,100,NA,NA
840,"USA","United States of America",84.1843308541765,83.7783082714877,83.5571373706478,83.294181206197,82.3824038499756,81.9939292369442,81.2955594480904,80.6268778516663,80.0012604396897,79.8166571683792,79.6018209619496,79.8137128936182,79.9983529569638,80.7744902912638,81.380237150827,81.3684163387611,82.0508422224387,82.5943448897173,83.1975166527985,83.5588244932449,84.3335643871241,85.3509044498304,86.5616352260154,87.5889572227335,88.0983025572817,87.9265790996276,87.8904267174154,88.0293658439925,NA,NA
858,"URY","Uruguay",53.2499901805377,53.6989550199563,55.222909830366,56.6724987099685,58.2305793934864,59.4163397592847,59.9901954798797,60.2501678356708,60.6025028370458,61.1614251360773,62.5624282460369,63.5823339028332,64.8251338933942,66.1332460578355,66.7816201438662,67.2891840450718,67.6807852627534,68.1511866611467,69.0142287581788,70.1556142255633,71.7385939165399,72.7645454978732,73.6564704647383,74.4473036124492,75.8904878746908,76.9217774536349,77.3133688954005,77.8561610718202,NA,NA
860,"UZB","Uzbekistan",27.660447069712,30.2905764380191,34.1028321107214,37.0461984871686,39.2161388672879,40.9748103122231,43.7139703554454,46.9838382868606,50.6168728898463,52.855488134341,53.1963690415016,53.669634253374,54.1515297250781,54.8781876138031,54.5715296302157,55.1582912593181,56.6959219426105,58.9656498405905,58.9662897210875,58.6074216355623,58.9849410988397,62.5181664873487,60.9479420255725,60.4429945918682,58.6617065818486,59.0411049344871,60.2403418121397,60.8770162119171,NA,NA
548,"VUT","Vanuatu",21.5484474404673,22.0617119593151,22.5497752787014,22.3573868362712,22.9466120757493,23.3791843041767,24.1589801612654,24.8654228998334,25.5253284965841,25.6468837977645,25.9900037716267,25.8230605662802,25.9787770679671,26.4204498111673,26.7230918149098,26.9843511185443,27.521151160337,27.7601014368707,27.8381414356821,28.0784071324182,27.9102655814923,28.2331631007994,28.6580416082335,29.2011850117938,29.5763376232323,29.8918807447152,30.596557251758,31.1524576960434,NA,NA
862,"VEN","Venezuela",32.6726324900256,34.3546033600072,35.8709978059362,36.8796798209261,38.7665976280441,39.6227595056196,39.4042501063643,38.4991103352861,39.5788865166061,41.0229462406233,43.1110573559284,45.2610281471139,47.186627625673,48.0980263431228,48.3620992367343,49.1382650645499,49.8941624974727,49.9602260052878,48.6959627579899,46.9879679742415,44.8456536465078,44.1447622675506,43.9612846682305,43.8459723172123,42.5405508209855,41.5329413847045,41.1485393788447,41.0572487445471,NA,NA
704,"VNM","Viet Nam",38.4401061174654,39.2687247911766,39.8527635478077,40.4181595298999,40.9885518197547,41.567901494172,42.1465629258029,42.5408163694968,42.8654927068367,43.2725448792441,43.7159355706123,44.3035617472765,44.7967697111401,45.2654054462503,45.8352158194366,46.3565986321057,46.9620908313416,47.5407219284706,48.0025502656026,48.3729493900375,48.903713331704,49.3963692308804,49.9484835828565,50.5375495543296,51.0647239384857,51.4319388413648,51.331919982851,53.0288375770723,NA,NA
876,"WLF","Wallis and Futuna Islands",NA,NA,NA,NA,NA,NA,NA,NA,NA,NA,NA,NA,NA,NA,NA,NA,NA,NA,NA,NA,NA,NA,NA,NA,NA,NA,NA,NA,NA,NA
732,"ESH","Western Sahara",NA,NA,NA,NA,NA,NA,NA,NA,NA,NA,NA,NA,NA,NA,NA,NA,NA,NA,NA,NA,NA,NA,NA,NA,NA,NA,NA,NA,NA,NA
887,"YEM","Yemen",21.1476949922137,21.770523813241,22.5274776416857,23.3042940443853,24.225788976489,25.2928891922929,25.9238131001805,26.9421662259566,28.6422122735798,30.3213310696892,31.8932481211734,31.6826306956115,31.8252904795984,32.2261168841995,32.7811044909234,32.7946811999789,34.1236259379603,34.447761244012,35.4282062279466,36.0402791145954,35.2259456307549,31.9067953222239,34.9666696979334,36.1071159816928,40.6286511213314,41.3944819802983,42.110793285785,42.7213115572746,NA,NA
894,"ZMB","Zambia",2.61798473544611,2.88579281634571,3.15842760352506,3.23274200494744,3.85911676723079,2.73573218802355,5.37530715079171,5.98968714354413,6.20469615887988,6.8253737129253,7.44485816909568,8.20693406722171,8.70937663991734,9.47656586485208,10.4457082231947,11.3270042791345,12.3430621622445,13.1317502317894,13.9261147053814,14.6301820473281,15.3214280288544,15.7211378167751,16.735085802736,17.6158850427196,18.5224403745514,19.4625849816046,19.9590807507426,20.2968527926615,NA,NA
716,"ZWE","Zimbabwe",18.2878748974623,18.0924935521238,17.7345080032874,17.1132327392931,16.5338428081811,16.5671218065605,16.2415749863953,16.2332960644849,15.8979575239616,15.3890022182498,15.6638130337517,16.3364142744197,13.3271245320943,12.5771103235304,15.8589189597243,15.6460882680686,16.3051795650537,17.4085161432673,18.6676642241225,19.5695352738401,20.0922505630477,20.9265898540749,21.4999771172385,21.9767143004046,22.3424053044184,22.5817963712052,22.4900657695081,21.5012068547048,NA,NA
