"code","iso","country","BCA.raw.1990","BCA.raw.1991","BCA.raw.1992","BCA.raw.1993","BCA.raw.1994","BCA.raw.1995","BCA.raw.1996","BCA.raw.1997","BCA.raw.1998","BCA.raw.1999","BCA.raw.2000","BCA.raw.2001","BCA.raw.2002","BCA.raw.2003","BCA.raw.2004","BCA.raw.2005","BCA.raw.2006","BCA.raw.2007","BCA.raw.2008","BCA.raw.2009","BCA.raw.2010","BCA.raw.2011","BCA.raw.2012","BCA.raw.2013","BCA.raw.2014","BCA.raw.2015","BCA.raw.2016","BCA.raw.2017","BCA.raw.2018","BCA.raw.2019","BCA.raw.2020","BCA.raw.2021","BCA.raw.2022","BCA.raw.2023"
4,"AFG","Afghanistan",NA,NA,NA,NA,NA,NA,NA,NA,NA,NA,NA,NA,NA,NA,NA,NA,NA,NA,NA,0.0291174452352514,0.0351413901680284,0.0409934093845064,0.0446411540307381,0.048903990687585,0.0505779058409856,0.047672498991971,0.0417704746064602,0.0327613941171541,0.0247689386071437,0.0200635626410393,0.0153097753245772,0.0133775109784302,0.0070760979469416,0.00440299048746933
8,"ALB","Albania",NA,NA,NA,NA,NA,NA,NA,NA,NA,-0.0293978777987914,0.0230937601713033,0.078499627885237,0.10170668825575,0.118697859958501,0.123354203172376,0.112629778313459,0.091528307857619,0.035187942290221,-0.00489619015563536,-0.00760050524173528,-0.0115421261175049,-0.0112076115716783,-0.0113710537812676,-0.00677523428425475,-0.00349068885761072,0.00251657229216043,0.0109685219731661,0.0115077239355204,0.00980582169038557,0.00315362146298681,-0.00629488761537633,-0.0111510252401464,-0.0188806588927809,-0.0290920553839149
12,"DZA","Algeria",NA,NA,NA,NA,NA,NA,NA,NA,NA,0.0142729296453623,0.0106273316190195,0.00126959954736361,-0.00614984599031509,-0.00555518528666155,-0.00511411751171087,-0.00312585578055125,0.00218611766162358,0.00984302931806025,0.0187080292793089,0.0293707814126198,0.0382720748177079,0.0364032849227871,0.0441723461016434,0.0493560157709345,0.0516639480322876,0.0509328707805234,0.044855434165143,0.0400189749767157,0.0338582909008429,0.0291522869729892,0.0175271950668567,0.000843838894201143,-0.00401671143191647,-0.00799924766657734
20,"AND","Andorra",NA,NA,NA,NA,NA,NA,NA,NA,NA,NA,NA,NA,NA,NA,NA,NA,NA,NA,NA,NA,NA,NA,NA,NA,NA,NA,NA,NA,NA,NA,NA,NA,NA,NA
24,"AGO","Angola",NA,NA,NA,NA,NA,NA,NA,NA,NA,0.0166838014582802,0.00984537208402569,0.00772923070799236,0.00861122941984593,0.00858895621604305,0.00905328056176424,0.00927778750813069,0.0143564431426686,0.0212017441056487,0.0283291355393591,0.0368737221702782,0.041683393819556,0.044584559319325,0.0445327631904739,0.0473726712051918,0.0469305903397497,0.0417913883649699,0.0349833911066728,0.0240580401919752,0.0152481930569581,0.0117622294572108,-0.00122745032468512,-0.00210308783069541,-0.00381489623291385,-0.00322022137835779
660,"AIA","Anguilla",NA,NA,NA,NA,NA,NA,NA,NA,NA,NA,NA,NA,NA,NA,NA,NA,NA,NA,NA,NA,NA,NA,NA,NA,NA,NA,NA,NA,NA,NA,NA,NA,NA,NA
28,"ATG","Antigua and Barbuda",NA,NA,NA,NA,NA,NA,NA,NA,NA,0.0206826907313764,0.0188032112816161,0.0155826626322675,0.00243606361383719,-0.00796368484526899,-0.0167191409637197,-0.0212917268351938,-0.0231490243533007,-0.019005899546232,-0.00839238125027675,0.00807412934649121,0.0187675996988537,0.00913414329848949,-0.00101827900978496,-0.00683600599871115,-0.0126845678844919,-0.0172944856349291,-0.0217849093231981,-0.0265860746116185,-0.0316306310807272,-0.0191846236310551,-0.00509694093078546,-0.00939968218766224,-0.00874189205927002,-0.00790562284283367
32,"ARG","Argentina",NA,NA,NA,NA,NA,NA,NA,NA,NA,0.0119301235125493,-0.00559281618898447,-0.0231792808301242,-0.0350310486472859,-0.0341987609823834,-0.0333181697061629,-0.0254799384198653,-0.0158427334943782,-0.0030117793497479,0.00861660484360227,0.0139589331298737,0.0169291948153354,0.0140275776551062,0.00405994878864635,0.00333123676974756,-0.00122933856902574,-0.00528936429153792,-0.00927101830099164,-0.00700312594628294,-0.00507431110093758,-0.00918531125075557,-0.0021693941627461,-0.00132217273295092,-0.00156770999038872,-0.000320907661389216
51,"ARM","Armenia",NA,NA,NA,NA,NA,NA,NA,NA,NA,-0.0308564949351793,-0.0629149589663423,-0.0807997656432804,-0.0510760522003825,-0.0283136313834716,-0.0211866364144851,-0.0150404753527118,-0.00639197006216863,0.00457618823299444,0.0161132674090025,0.022009938900817,0.0237266233382116,0.0217984787878547,0.016636186226664,0.0129983552821435,0.0106777284573967,0.024327423649894,0.036168752086013,0.0334916904907192,0.0437592258419648,0.0455557718288833,0.0322312992478442,0.018480592374011,0.0031152293571941,-0.0121578497542202
533,"ABW","Aruba",NA,NA,NA,NA,NA,NA,NA,NA,NA,-0.00202133983984643,0.00771302193904222,0.0208822626929537,0.0101938132999531,-0.000400219707673674,-0.0129600051509966,-0.0187490335264124,-0.0227503967852195,-0.0230334652967831,-0.0194623926083367,-0.0132908217509246,-0.00131067059413426,-0.00962634665568907,-0.0165894432681923,-0.0265804157746416,-0.0408864628134677,-0.0561557569967667,-0.0597363852057838,-0.0561372668265557,-0.0450837008458204,-0.0271005380149519,-0.00818396128218655,-0.0135873880367471,-0.0114585991485571,-0.0122920182634271
36,"AUS","Australia",NA,NA,NA,NA,NA,NA,NA,NA,NA,-0.00424364273715694,-0.0100865843616974,-0.0158317723469255,-0.0185182894448568,-0.0149241111355312,-0.012809638944895,-0.00761819943036612,-0.00300124708851401,0.00340034949160417,0.00924833057962138,0.0101969909558706,0.00890752473055634,0.00569227007042339,0.00625393372620464,0.00875601424420425,0.00894417264847625,0.00808690405326251,0.00521447974562328,0.00479197976888357,0.00776229834164122,0.00661056841280838,0.00320471802975075,0.000678944773478518,-0.000216679833229826,0.00138701238399186
40,"AUT","Austria",NA,NA,NA,NA,NA,NA,NA,NA,NA,0.0239135601071121,-0.000662505056604146,-0.014707182952171,-0.0270447961759428,-0.0338985801941938,-0.040511283074419,-0.0465990430090588,-0.0369390951897653,-0.0281956994542925,-0.0158113121983968,-0.0115186634435247,-0.0182879811896358,-0.0250698183098171,-0.0325951303363472,-0.0397938297534576,-0.0480613109610627,-0.0520331367713626,-0.0534238188899133,-0.0533197813191025,-0.055047717240934,-0.0566953189407279,-0.0552510440740075,-0.047730714508045,-0.0440807743387465,-0.0436397134367519
31,"AZE","Azerbaijan",NA,NA,NA,NA,NA,NA,NA,NA,NA,-0.0111059619538454,-0.0143335450841334,-0.0261044442414968,-0.0385875707973851,-0.0201508783089782,-0.000979820634065496,0.0150214959125443,0.0235701128408465,0.0230235966820556,0.0253426314835612,0.0160902557883824,0.0188750396555211,0.0199812604540324,0.0206727905234672,0.0223649406988515,0.0266549104463121,0.0273373494549602,0.0214752654425028,0.0141930299319624,0.0156147683798804,0.00965706709269076,0.00218292542107879,-0.000847448376259467,0.000905090038447076,0.007198384379141
44,"BHS","Bahamas",NA,NA,NA,NA,NA,NA,NA,NA,NA,-0.0115584015300915,-0.00931727298791263,-0.0100627916142333,-0.0208683355357255,-0.0326281172448729,-0.0382915872327919,-0.0409424941721409,-0.0414031694981007,-0.0453470268617852,-0.0439356056648544,-0.0225369572508046,0.0051852783717752,0.00245130450424073,-0.00479670040698976,-0.0155439144878458,-0.0239366146872608,-0.0309660940995277,-0.035340280473084,-0.0355068078113954,-0.0436970283858729,-0.0342405844049506,-0.00312877246500011,-0.00542942156246487,-0.00776837010128006,-0.00862871732418179
48,"BHR","Bahrain",NA,NA,NA,NA,NA,NA,NA,NA,NA,-0.00919068047790705,-0.0104466168588485,-0.0153543131892845,-0.00423448580747576,0.00787693986096594,0.0201571003170191,0.0457437484246233,0.0635797393020847,0.0786748731200713,0.0908452392821337,0.0848531258188636,0.065020664463679,0.0303690169892725,-0.00120483625927785,-0.0315406855321709,-0.0597868698417124,-0.068555810905345,-0.0693111092096816,-0.0608410180704394,-0.0503433325368714,-0.0431319598884967,-0.0371333007767481,-0.0425581645254652,-0.0524692115774493,-0.0598161921036018
50,"BGD","Bangladesh",NA,NA,NA,NA,NA,NA,NA,NA,NA,0.0176515301853331,0.018074769630948,0.0195957633791561,0.0214687011582919,0.0222966419983626,0.0233116737249299,0.0257311380225898,0.024459176945117,0.0236762496160838,0.0217302140705695,0.0190413834208591,0.0161008032561232,0.0162347077356622,0.0158247446546109,0.0135982369483685,0.0113615455414839,0.0103757964280975,0.0095070562394286,0.00893673264565686,0.00775377020486778,0.00675484702277074,0.00518175918789043,0.00630232757458415,0.0064722005585236,0.00678992376255105
52,"BRB","Barbados",NA,NA,NA,NA,NA,NA,NA,NA,NA,-0.00208694674932206,-0.00143427980349885,0.00673335814153897,-0.000942843437830983,-0.00155594659761163,-0.0137426176865445,-0.0205196267621413,-0.0257438167099735,-0.0273192354622361,-0.0150229134875782,0.00161476364333279,0.00978168443130456,0.00237795883810366,-0.00382724478361807,-0.00657839160242599,-0.0080829759836215,-0.00864929380684165,-0.00877521724182949,-0.00737497305833989,-0.00599275549439223,-0.00662710976575695,-0.00162398762375423,-0.00124722659273523,-0.00271237844512423,-0.00430086094006099
112,"BLR","Belarus",NA,NA,NA,NA,NA,NA,NA,NA,NA,-0.014778954634877,-0.0256892825934308,-0.0380814409344776,-0.0261886111380836,-0.00989642638640797,-0.00462511306212332,0.00338461718226668,0.0217091732436714,0.031764261885429,0.0457476175975238,0.047361051026497,0.0503638250552763,0.0506478961814434,0.0482163579339288,0.0396532308115354,0.0233837424684729,0.00690683500550682,-0.00371921442820854,-0.013229525195197,-0.0118771649994581,-0.0210273643145505,-0.0274181200781731,-0.0270747493784455,-0.0232350873397245,-0.0166609549017784
56,"BEL","Belgium",NA,NA,NA,NA,NA,NA,NA,NA,NA,-0.0246201905488479,-0.0594552693424646,-0.0817889628219747,-0.102474932441909,-0.112366157203149,-0.111528597333862,-0.103921184581575,-0.0897656742351827,-0.0720936696841371,-0.0510018165257138,-0.0366671331021358,-0.035280796505905,-0.0364418408696224,-0.0423716444392945,-0.0462861340799812,-0.0529718027512195,-0.0576067956297353,-0.0620211926653144,-0.0681723905529896,-0.0707285379850673,-0.0730837663476577,-0.0720699655607794,-0.0722999846494935,-0.0714200651889365,-0.0679842375750553
84,"BLZ","Belize",NA,NA,NA,NA,NA,NA,NA,NA,NA,0.0353052100701359,0.0400006512371855,0.0448836540312914,0.034395919953337,0.0245054473131612,0.0147431319966702,0.00626166165973752,-0.00279780291725462,-0.00680608617736811,-0.00833777190534046,0.000660877272312308,0.0131216560750436,0.0184180491914894,0.0162919415488179,0.0145889616503736,0.0125840178329775,0.00979624293205061,0.00730809168815361,0.00610644569160845,0.00513754179556458,0.00664342487903835,0.00992608476459189,0.00456019177517342,0.0022691072168155,0.000519781898807636
204,"BEN","Benin",NA,NA,NA,NA,NA,NA,NA,NA,NA,0.0284012439086798,0.00941885507134721,-0.00518504349399251,-0.0151545448153522,-0.0213846817887567,-0.0241962321149315,-0.0248949781621254,-0.00907625551759683,0.0117484875562512,0.0327138572965795,0.0525593052955682,0.0461585025870108,0.0392995032169083,0.032890305925072,0.031464438454919,0.0294903464856731,0.0264524769347478,0.0285114490782747,0.0328733525722786,0.0395017314702129,0.0474178416276589,0.0457474804369902,0.0303479533661761,0.015437066904965,0.00577569360252106
60,"BMU","Bermuda",NA,NA,NA,NA,NA,NA,NA,NA,NA,-0.00889342923748616,-0.00110767223439068,0.00251617487162215,-0.0144907226697744,-0.0259266698322682,-0.0276992714206094,-0.0406931069916309,-0.04336586091004,-0.0432197084107611,-0.0448817932770987,-0.0315176403529244,-0.0217260647469496,-0.0339509626226144,-0.0251811397232654,-0.0205339831462295,-0.00972539232049462,-0.00956497289095305,-0.00951714842303841,-0.0104427293899291,-0.00618978119628271,-0.00702144439165807,-0.00452622076679541,-0.00551611086731333,-0.0140463840473391,-0.0172585339483564
64,"BTN","Bhutan",NA,NA,NA,NA,NA,NA,NA,NA,NA,-0.00647368553103544,-0.0108304920309631,-0.0113260014361903,-0.0068478244665322,-0.00693215536241354,-0.00719632254733316,-0.00918271866236597,-0.00640338061399093,-0.00606043752954677,-0.00289810343711805,0.00411325186256684,0.00378849775805268,0.00583563214969285,0.0126811270197469,0.0164710634078671,0.0178424896851037,0.0184664880084111,0.0179842846102631,0.0138639637182798,0.0101801486081796,0.00636293153031953,0.00407083857280366,0.00336389932499515,0.00249726757827462,0.00325594824675512
68,"BOL","Bolivia",NA,NA,NA,NA,NA,NA,NA,NA,NA,-0.0159715628192568,-0.020868420324143,-0.0225536194102041,-0.0268032101942277,-0.0100599233974039,0.0146459516513875,0.0310961989632887,0.0455361095509315,0.0481442590669581,0.044604626615349,0.0336941623355758,0.0346981297527222,0.0346319912976245,0.0311061366240579,0.0286132551427887,0.0263149122998085,0.0197800605204421,0.0146282054224618,0.011277861232369,0.00802815757703268,0.00134029446896933,-0.00982040915916327,-0.0133382462653675,-0.0129498236150269,-0.0117045268795006
70,"BIH","Bosnia and Herzegovina",NA,NA,NA,NA,NA,NA,NA,NA,NA,-0.0587322510069068,-0.0443818212915638,-0.0273737012037372,-0.0129763933496755,-0.0046105350982425,-0.0070437672864383,-0.00977358101184389,-0.0118400782342133,-0.0108789230299057,-0.00817141698818957,-0.00591339819747716,-0.0032519647478223,0.00115396003287982,0.00663991160141197,0.0125872861314775,0.0179818618401528,0.0229584769342679,0.0235186502296338,0.0206263740551349,0.0138677055427709,0.00327173547602268,-0.00762948101621663,-0.0181562101245691,-0.0255461016828582,-0.0304370317504971
72,"BWA","Botswana",NA,NA,NA,NA,NA,NA,NA,NA,NA,0.0265533510233036,0.0239354987018143,0.0233784476379022,0.0242469819415747,0.0218975267370483,0.016621883692598,0.00847555168521796,0.00128413766726715,0.00133268003708964,0.00723703982425272,0.00963534530853316,0.0128087883235264,0.0193307207773348,0.0271544412810802,0.0341536425155236,0.0368884064945725,0.0317272870138721,0.0216904567730922,0.0180034508440183,0.0177771722482118,0.0124755494434763,0.00433560420002177,-0.00077367636639972,-0.00261206743611653,-0.000499478767916648
76,"BRA","Brazil",NA,NA,NA,NA,NA,NA,NA,NA,NA,-0.0066742962893257,-0.00910358029329428,-0.00803656827530375,-0.00378706299409037,0.000339734488927768,0.00750835705812491,0.0136153199046485,0.0194467331102068,0.0255058232605008,0.0311115346425643,0.0326779960595298,0.0308983704928985,0.0263257259624585,0.0221480667289318,0.0159639086118668,0.0101285809492355,0.00150843301231429,-0.00701332034254492,-0.0128299384983922,-0.0174639215132278,-0.0224726467879134,-0.0137070062976314,-0.0132751286250312,-0.0155490200761579,-0.0157221574960594
92,"VGB","British Virgin Islands",NA,NA,NA,NA,NA,NA,NA,NA,NA,NA,NA,NA,NA,NA,NA,NA,NA,NA,NA,NA,NA,NA,NA,NA,NA,NA,NA,NA,NA,NA,NA,NA,NA,NA
96,"BRN","Brunei Darussalam",NA,NA,NA,NA,NA,NA,NA,NA,NA,0.0393106965604713,0.0323858487510464,0.0256316824691483,0.0209508267436411,0.0167726295860129,0.0117611342140791,0.00643917276024575,0.00858783885859582,0.0165003732468603,0.0238722664469424,0.0253166242366494,0.0245391582474459,0.0266993520152799,0.0302089901333137,0.0301943630059596,0.0251515165915012,0.0187653909455846,0.0164580490395865,0.0168761163711035,0.0152774123694568,0.00947619077379156,-0.00369163764675651,-0.009961921738872,-0.018361756807215,-0.0236974714185337
100,"BGR","Bulgaria",NA,NA,NA,NA,NA,NA,NA,NA,NA,-0.0124041524422616,-0.0141501032881711,-0.0155460029151382,-0.00981400550068851,0.00164074543253734,0.00849776241026978,0.0089992779086443,0.0170301568762092,0.0143371756308495,0.0147327543136697,0.0111645686438877,0.00397061327889836,-0.00545354491639738,-0.0102554079491699,-0.0135966745404954,-0.0134510039751932,-0.0102080299556359,-0.0070237898651746,-0.00929065819027952,-0.00910518472904376,-0.0101631633352203,-0.009550890769354,-0.00558300412623147,-0.00766122924447543,-0.0170623700649462
854,"BFA","Burkina Faso",NA,NA,NA,NA,NA,NA,NA,NA,NA,0.0185257875513785,0.020221598830797,0.0222786915890187,0.0227790031639876,0.0225004791962338,0.0210132217680892,0.0223115928039304,0.0230233802574507,0.0234219961530626,0.0238478601520737,0.025129452466641,0.0259555739139963,0.0245066844313158,0.0211161304509302,0.0169146907118838,0.0120969559498836,0.00818012300393978,0.00525992462183789,0.00399208424814956,0.00375107558867427,0.00420476488233956,0.00571447220759436,0.00651808826264966,0.00679871485810546,0.00659997094830711
108,"BDI","Burundi",NA,NA,NA,NA,NA,NA,NA,NA,NA,0.00203080457593591,0.00196163755111631,0.00273968988546278,0.00523432019045517,0.00953067135706653,0.013003098468783,0.0166754721621398,0.0195998978739684,0.0214896880002953,0.0232128281328059,0.0257052756385638,0.0274979976472502,0.0265514609206199,0.0235435129581965,0.0197917493557758,0.0157800473917535,0.0124598233409958,0.00971084094609442,0.00762224842315073,0.00639708954347729,0.00599459037779648,0.00681459700448417,0.00703474706321883,0.00653198150638845,0.00579818973682511
132,"CPV","Cabo Verde",NA,NA,NA,NA,NA,NA,NA,NA,NA,0.0300894559886655,0.0320337131132526,0.0345149060471939,0.0361347661759284,0.0343763747987267,0.0312168940005093,0.0312973553994695,0.0303590763132804,0.0300463694553526,0.0242811789693309,0.0201880201260687,0.0142344594313664,0.0119219380780302,0.0108781389797197,0.00780153925534566,0.00444954230691086,0.00459066011777121,0.00586348388175795,0.0131362504515524,0.0158178909134192,0.0178468645685679,0.017288155309374,0.0184669239940187,0.0202383232821119,0.0201740875829539
116,"KHM","Cambodia",NA,NA,NA,NA,NA,NA,NA,NA,NA,0.0431768785192149,0.0560923074266548,0.0551528940640889,0.0483902023635148,0.0371452290391885,0.0220659847734241,0.020168127250785,0.0178962610284055,0.0153306006721772,0.0150777115950993,0.0163145858195792,0.0164064665703778,0.0177911095460392,0.0184034414233423,0.0191551692419261,0.0209800930249542,0.0214657842972117,0.0218526682017024,0.0202779047984558,0.0157553958314032,0.0146476454806874,0.013798180810892,0.0105572550826971,0.00615455261868214,0.00304925929227773
120,"CMR","Cameroon",NA,NA,NA,NA,NA,NA,NA,NA,NA,0.0247591512999037,0.0240243445595869,0.0235823014375283,0.0261832701119327,0.0280409799278523,0.0300384748531977,0.0310949054161016,0.023601846270068,0.00745533330181747,-0.00511947280545655,-0.0131352335526252,-0.0190492035413823,-0.0220775206984333,-0.0146723211849513,-0.00322755707568667,0.0121217139841403,0.0309405928332365,0.0426234759291029,0.0418009137236852,0.0394547890692134,0.0373434535021873,0.0317357702991785,0.0242640925792363,0.0204404668974623,0.0159691619830724
124,"CAN","Canada",NA,NA,NA,NA,NA,NA,NA,NA,NA,0.031281380240167,0.03391895634001,0.0276610718523431,0.0208690316954616,0.0160746572049146,0.0151830361305076,0.0115668251531476,0.00482065164300183,-0.00138411194951182,-0.0099794211657751,-0.0186170668725771,-0.0225508502558727,-0.0326637914362312,-0.0427961704684029,-0.0475361736931542,-0.0486915179445901,-0.0516533324274147,-0.0605747527244126,-0.0655497260047122,-0.0673275990791578,-0.0701717734205125,-0.0690430221287616,-0.0648685327019154,-0.0598226104214271,-0.054064889579568
136,"CYM","Cayman Islands",NA,NA,NA,NA,NA,NA,NA,NA,NA,NA,NA,NA,NA,NA,NA,NA,NA,NA,NA,NA,NA,NA,NA,NA,NA,-0.0390874133281911,-0.0533307250936133,-0.0509703697421081,-0.0396560754692927,-0.0243826022706879,-0.0101105358859417,-0.0164141725874435,-0.0153930164767915,-0.0142345365097958
140,"CAF","Central African Republic",NA,NA,NA,NA,NA,NA,NA,NA,NA,0.015331661287586,0.0159194572406263,0.0165180490137504,0.0155250023830744,0.0136895741971492,0.0106413750670464,0.0106429923451044,0.00991785961184499,0.00871911981284512,0.00810208717528638,0.00922090467572967,0.0104230251796369,0.00956426571434954,0.00698816264199298,0.00375827024344,-2.01352608396758e-05,-0.000883207873541229,-0.00145630622956062,-0.0018280828573664,-0.00197122866606829,-0.00218242036190136,-0.00203366719944233,-0.00308733102473816,-0.00330399412395921,-0.00290082911434275
148,"TCD","Chad",NA,NA,NA,NA,NA,NA,NA,NA,NA,0.0231317966535616,0.0252856874102494,0.0276377017180531,0.0286132097181377,0.0296660222469922,0.0299261285825547,0.0329053018777428,0.0342542412798124,0.0340417736309679,0.033171799247163,0.0330276262563549,0.0323034969736833,0.0289655442449843,0.0224622572038931,0.0164264362654674,0.0110799358669389,0.00732092049198019,0.00458411230014888,0.00292254339520182,0.00245764509142532,0.00305182668734405,0.00521210946097383,0.00687565433503989,0.00681503213593437,0.00639109577496
152,"CHL","Chile",NA,NA,NA,NA,NA,NA,NA,NA,NA,0.00838899741886223,0.00246372616952506,-0.00254309472754743,-0.00496541795404637,-0.00881234609276416,-0.00779987438080654,-0.00353768110484576,0.00506777593835528,0.0123693823549833,0.0200129947246324,0.0241727348294989,0.0247267431435878,0.0288994962602929,0.0330592270041774,0.0352965332968629,0.0370154336039135,0.038714646429812,0.0410004136389441,0.0387859176121115,0.0394734754104391,0.0305205716767973,0.0131514458087099,-0.00129802377913623,-0.011168927436544,-0.0179673839639657
156,"CHN","China",NA,NA,NA,NA,NA,NA,NA,NA,NA,0.0188546182796798,0.00798048714647792,-0.00285787332097176,-0.0139016102344052,-0.0192750556280114,-0.01640832058617,-0.00379949990483941,0.00693228139273527,0.018977171918344,0.022112344987413,0.0192164785974052,0.0135251311820683,0.00701951399231726,-0.000641430686437849,-0.00942019100708902,-0.0186635357177962,-0.0279801364673895,-0.0363843092651346,-0.0419620073648076,-0.0477666849793791,-0.0527006116114545,-0.0538272440964155,-0.0513012181863018,-0.0448947934895172,-0.03486321267396
170,"COL","Colombia",NA,NA,NA,NA,NA,NA,NA,NA,NA,-0.0344399561795958,-0.0413348719052276,-0.0447365915371193,-0.0498799902907653,-0.0469032547030231,-0.0411222815511055,-0.0276984906653828,-0.00646922600221941,0.00529503358233074,0.0147552520800176,0.0230267449919768,0.0256237486386113,0.0307412226982047,0.0326133013291996,0.0504118273436784,0.0580726198995989,0.0569664661896809,0.0515750671597568,0.037925794445516,0.0225210547699883,0.007744499560707,-0.0101449527621243,-0.0218717753393772,-0.0391717299770288,-0.0389784421542587
174,"COM","Comoros",NA,NA,NA,NA,NA,NA,NA,NA,NA,0.0170071270826464,0.0176516101382971,0.0190815198270555,0.0194561004632938,0.0194219419843882,0.0187135381409416,0.0212096736024558,0.0222723030190453,0.0217589496121231,0.0213501375931087,0.0216358816432853,0.0212732830849123,0.019277299254242,0.0158615010147254,0.0117086548870675,0.00724686377451689,0.00448651540563016,0.00286392050834117,0.00230899038781018,0.00264532566074371,0.00319287671728996,0.00458486997163532,0.00532075458677528,0.00577812807200795,0.00570302247121712
184,"COK","Cook Islands",NA,NA,NA,NA,NA,NA,NA,NA,NA,NA,NA,NA,NA,NA,NA,NA,NA,NA,NA,NA,NA,NA,NA,NA,NA,NA,NA,NA,NA,NA,NA,NA,NA,NA
188,"CRI","Costa Rica",NA,NA,NA,NA,NA,NA,NA,NA,NA,-0.0563530613914828,-0.0434936425258939,-0.0177176101050307,0.0172579508369772,0.0322202644264526,0.0459515069953784,0.0647122029898006,0.0859170941162355,0.0889035769680817,0.0800757949390258,0.0643339648663577,0.0461307223266472,0.0279241433528199,0.013165574919523,0.00423333871945197,-0.008133339212966,-0.0136159497799023,-0.0155451260102601,-0.0150820087831262,-0.0152227817257041,-0.0171020960998981,-0.0202267603751016,-0.0202205680789126,-0.020530031218129,-0.0184989862842668
384,"CIV","Cote d'Ivoire",NA,NA,NA,NA,NA,NA,NA,NA,NA,0.0267116756491745,0.0252650988591896,0.0231620629804425,0.0204424706376218,0.0178260563877795,0.0305072474749888,0.0395884444932571,0.0343802440585015,0.0428084454247994,0.0545981759473511,0.050782002937636,0.0487362312290394,0.0491902191646854,0.0466039772906437,0.0382239462793137,0.042592047715972,0.0326327832044744,0.0210290475687058,0.0138776853158509,0.000802539934910664,-0.0124446295352203,-0.0196680637565493,-0.00609488621771448,0.010944150433799,0.0282616958308359
191,"HRV","Croatia",NA,NA,NA,NA,NA,NA,NA,NA,NA,0.0198614739483283,0.0277962927176254,0.031620913137566,0.0269484657949748,0.0316858506239421,0.0279841367404012,0.0271240232190504,0.023712941279846,0.0168413751997962,0.00839557641715949,-0.00281079140653391,-0.0114454790657418,-0.0217272166101645,-0.0355182109709283,-0.0395262513635992,-0.0282977542107244,-0.0116460980992008,-0.0136742720649651,-0.0306375409678452,-0.0438443437462003,-0.0440490407898162,-0.040614868203153,-0.0342329830353649,-0.031866972082672,-0.0316875800796051
192,"CUB","Cuba",NA,NA,NA,NA,NA,NA,NA,NA,NA,NA,NA,NA,NA,NA,NA,NA,NA,NA,NA,NA,NA,NA,NA,NA,NA,NA,NA,NA,NA,NA,NA,NA,NA,NA
531,"CUW","Curacao",NA,NA,NA,NA,NA,NA,NA,NA,NA,NA,NA,NA,NA,NA,NA,NA,NA,NA,NA,-0.0330763163670231,-0.0316675603098447,-0.0316317829425244,-0.0337868567937364,-0.03683528234373,-0.0410036729637311,-0.0451664680829656,-0.0306110255494192,-0.00746622074906429,-0.00823629714933591,-0.00723096403819963,-0.0116064278415568,-0.00742933902366972,-0.00594563912715662,-0.00619330590955868
196,"CYP","Cyprus",NA,NA,NA,NA,NA,NA,NA,NA,NA,0.0138575003748216,0.00799013194208764,-0.000417803802527539,-0.00459218663998051,-0.00639882552396509,-0.0120907332722707,-0.0281774886723514,-0.0433157332474955,-0.0594245438217726,-0.068923203194685,-0.0774888129551208,-0.0821556202800103,-0.0835470883886384,-0.0866259960565022,-0.0882160778421107,-0.0798903766424774,-0.0427437323973258,-0.02034533234712,-0.0237384367089265,-0.0314988189868167,-0.0253134550069812,-0.0205475560715916,-0.00886299830933979,-0.00392722691753278,-0.0130426309077631
203,"CZE","Czechia",NA,NA,NA,NA,NA,NA,NA,NA,NA,-0.0752706143507537,-0.0672200940796329,-0.0557795435489065,-0.0482743979635537,-0.0378958669012662,-0.0261765638422881,-0.0163632792580967,-0.0148644718775104,-0.0180626552652888,-0.0149464069515474,-0.0156175614555292,-0.0124704275729218,-0.0108243190090876,-0.00998342388886619,-0.00904969213699425,-0.00762994329240663,-0.00654856976392171,-0.00708913234770403,-0.00989683147721698,-0.0130566716598286,-0.0158660275241178,-0.0185258818954418,-0.0188219626741289,-0.0204962457667699,-0.0237257227810426
180,"COD","Dem. Rep. Congo",NA,NA,NA,NA,NA,NA,NA,NA,NA,0.00342204813357514,0.00298946483692185,0.00184190267849093,0.0012411017646078,0.0044906644153273,0.0136897507487534,0.031678579743898,0.0335369403164472,0.0343379129548158,0.0353190426020769,0.0360113487577765,0.033974091981303,0.0332089338825277,0.0154063677748715,0.00705676812677236,0.0071732453502904,0.00869915140963506,0.0114335187993331,0.0192677800953329,0.0188831820098956,0.0202943907146109,0.0282656271053934,0.0423385756151438,0.0360656440153051,0.031800223803089
208,"DNK","Denmark",NA,NA,NA,NA,NA,NA,NA,NA,NA,-0.0254564183282489,-0.0387082187489201,-0.0445347768937391,-0.0499436805049274,-0.0514867618544235,-0.0497784481891683,-0.0448361685495136,-0.0361833923558554,-0.0277290273574929,-0.0217833674438817,-0.0203210706382247,-0.0216063690866535,-0.0265894953271935,-0.0350474236596862,-0.0419947728128117,-0.0509971825284724,-0.0563918632246758,-0.0583552541241995,-0.0585187813580399,-0.0585803717096188,-0.0623176950421801,-0.0618591761701145,-0.0548748935927743,-0.0506868389881924,-0.0474416701521275
262,"DJI","Djibouti",NA,NA,NA,NA,NA,NA,NA,NA,NA,0.00367549952190878,0.00448590213039832,0.0051657832172563,0.010581203472017,0.0121500304126421,0.010909061533585,0.0126808094504023,0.0131326310638396,0.0125814528016248,0.0145941098221221,0.0165542614191045,0.0165072326348394,0.0105059895177528,0.00660533202341584,0.00199668154772215,-0.00299535989552202,-0.00524636478535212,-0.00668842606745346,-0.00415497356899508,0.000523071858874014,0.00411731656909886,0.00940818659216136,0.0103356733718638,0.01156726898828,0.011680193571644
212,"DMA","Dominica",NA,NA,NA,NA,NA,NA,NA,NA,NA,0.0123239318755255,0.0110269264921461,0.0110708156812853,0.00242954513491722,-0.00380253636839072,-0.00917692695638495,-0.0109609316714324,-0.0130399318356794,-0.00659894212038481,-0.00157589188207382,0.00493843593764365,0.0114455373300557,0.000208614920043315,-0.0111681299166981,-0.0207519276411029,-0.0305111031966799,-0.03712196804405,-0.0410948911702937,-0.02796674676145,-0.0231723610497044,-0.0136994978088549,-0.000593645173516688,-0.00175281700640501,-0.00173525686005722,-0.00218760808022172
214,"DOM","Dominican Republic",NA,NA,NA,NA,NA,NA,NA,NA,NA,0.0297375447800958,0.031081622186063,0.027397112595865,0.0258055798822767,0.0154075608037432,0.0126117386437177,0.0131452810307304,0.017317694422869,0.0238916864323095,0.0186476503633322,0.0115705460990743,0.00980356843290564,0.00371468244693696,0.00211105403613843,-0.0050886333310235,-0.0126570274005435,-0.00950244570372494,-0.000737720977763488,0.00636769642874846,0.0124584468349123,0.0200342993007971,0.0228560634078854,0.0237622256710865,0.0221056919759561,0.0190057727162189
218,"ECU","Ecuador",NA,NA,NA,NA,NA,NA,NA,NA,NA,-0.00420152293023313,-0.00915607588229561,-0.00690176681487723,-0.0091834757194168,-0.00977012826115631,-0.00507455601582446,0.00186063309297868,0.0136160829148821,0.0237905029377696,0.0327978261641224,0.0304774178604195,0.0225309889677014,0.018926064090182,0.0195335601002773,0.0217877307818892,0.0265267270445486,0.0296863235776725,0.0274757890469155,0.0253659906852635,0.0193981059822763,0.0102926008622908,-0.00359286414847587,-0.0139712755071678,-0.0133435688211646,-0.00681088701680046
818,"EGY","Egypt",NA,NA,NA,NA,NA,NA,NA,NA,NA,0.0443187552596704,0.0457625107889219,0.0434151913176575,0.0408175590780282,0.0349758064010974,0.0305821330079865,0.0267183137950966,0.0270005975417031,0.0267091842932563,0.0283719876396504,0.0334613112726516,0.0378540276227457,0.0403919551822334,0.0436716521619651,0.0411474811149311,0.0399276108092874,0.0353350366163805,0.0320292527999331,0.0270803537767739,0.0201519968993791,0.0100379601812968,0.00351513086893496,0.00284717484709551,0.0031460778100334,0.00302333076574324
222,"SLV","El Salvador",NA,NA,NA,NA,NA,NA,NA,NA,NA,0.0251188331462588,0.02007276826441,0.017994620732743,0.0179008105639094,0.0187640363562696,0.02073038253009,0.0263848403335407,0.0300065745402476,0.0257881177272157,0.0225978252359724,0.0209018307482891,0.016019583569403,0.00636227193078143,-0.000888373876641868,-0.0112388421228207,-0.0237241375706498,-0.0262533254272511,-0.0222482396239734,-0.0206739957471429,-0.0186062507879059,-0.0125969673135188,-0.00998844542005439,-0.00521421179981107,0.00239153158549366,0.00513612708515376
226,"GNQ","Equatorial Guinea",NA,NA,NA,NA,NA,NA,NA,NA,NA,0.0372800965651745,0.0425038795374193,0.0422436018486103,0.063074493308239,0.159107470761819,0.290863394565969,0.365607517087868,0.413123367730902,0.419619791198179,0.376800318969459,0.319981206945227,0.232465676724156,0.10211620448141,-0.102369966941907,-0.195378370946766,-0.220748049985851,-0.244937256356743,-0.243775294355301,-0.189023962929066,-0.15562867740119,-0.123414080429323,-0.0568697535206978,0.000473050060672519,0.00101459060441664,0.00113496954461853
232,"ERI","Eritrea",NA,NA,NA,NA,NA,NA,NA,NA,NA,NA,NA,NA,NA,NA,NA,NA,NA,NA,NA,NA,NA,NA,NA,NA,NA,NA,NA,NA,NA,NA,NA,NA,NA,NA
233,"EST","Estonia",NA,NA,NA,NA,NA,NA,NA,NA,NA,0.0119491670417808,0.0333279675016824,0.0547790594647697,0.0452933080174347,0.0348638315791714,0.0275486773238796,0.0200511010465771,0.0176427577487583,0.0274553092391678,0.0287774690271996,0.0195457364868132,0.0186783184584129,0.0190186156184526,0.0158528047101492,0.0195854238939972,0.019449955952219,0.0124324890242162,0.00759618170790444,0.0112897143952868,0.00755436605039339,-0.0134862795539623,-0.0247943530668017,-0.0322570176886029,-0.0365135354130648,-0.0360219085462979
748,"SWZ","Eswatini",NA,NA,NA,NA,NA,NA,NA,NA,NA,-0.00981917831889989,-0.0115264852709219,-0.0127385579229176,-0.0181842805916692,-0.0223667673518794,-0.0235759104549742,-0.0237109622292433,-0.0227791235392897,-0.0194991260689147,-0.015913448290744,-0.00332003926975633,-0.0015072587769529,0.00238155749467261,0.00294723648810291,0.00814935169641018,0.00988176751491987,0.0107071829859915,0.0103285778780198,0.002335100995144,-0.00639715063865209,-0.00467232960803021,-0.00888042347548657,-0.0127196992608661,-0.0137019753193526,-0.00949123447352684
231,"ETH","Ethiopia",NA,NA,NA,NA,NA,NA,NA,NA,NA,0.034724056776412,0.0339015419886188,0.0336220515105208,0.0331053595685278,0.0327238031311206,0.0324883101100673,0.0320122425184446,0.0316622360547063,0.03203120588126,0.0318750823592282,0.0313288150700655,0.0303510035897234,0.0295604239041942,0.0287733095625984,0.0282327578279862,0.0278794240836104,0.0270957423071172,0.0268271957478474,0.0271338504274274,0.0273006212349114,0.0274933475298846,0.0261929336681115,0.0241088492529768,0.0221225268206573,0.0194386648710247
234,"FRO","Faeroe Islands",NA,NA,NA,NA,NA,NA,NA,NA,NA,NA,NA,NA,NA,NA,NA,NA,NA,NA,NA,NA,NA,NA,NA,NA,NA,NA,NA,-0.00527183202126935,-0.00427929008288597,-0.00318684133198466,-0.00208742186681521,-0.00111433236647263,-0.000386675636590117,NA
238,"FLK","Falkland Islands",NA,NA,NA,NA,NA,NA,NA,NA,NA,NA,NA,NA,NA,NA,NA,NA,NA,NA,NA,NA,NA,NA,NA,NA,NA,NA,NA,NA,NA,NA,NA,NA,NA,NA
242,"FJI","Fiji",NA,NA,NA,NA,NA,NA,NA,NA,NA,-0.015443034069496,-0.0225053054753395,-0.0252656828708516,-0.030894308196137,-0.0336744076158991,-0.0252829389025601,-0.0176357137618802,-0.00715590102646879,-0.00342774489420072,-0.00106756005407096,-0.000330055409064089,0.00238759394922505,0.00511098460409376,0.000111437726475261,-0.00521993613008975,-0.00467780418637176,-0.0040059250089981,-0.00156301892792121,-0.00246642929216423,-0.00279061956521143,-0.0085484354368689,-0.0061708965311551,-0.00717358290424816,-0.010059366763017,-0.0108708171662451
246,"FIN","Finland",NA,NA,NA,NA,NA,NA,NA,NA,NA,-0.0211729513470317,-0.0267612357592546,-0.0329162881859877,-0.0367583404230821,-0.0368040097256982,-0.0332472377790441,-0.0312742763853946,-0.0269648180040901,-0.0221311890827782,-0.0196314756476,-0.0216526484084731,-0.02115177073352,-0.0231456121329201,-0.0225635103837509,-0.0221020996796513,-0.0208305463422268,-0.0167899545112002,-0.0192566064669665,-0.0311364280793982,-0.0321535407388359,-0.0355163679763212,-0.0382236168927831,-0.0391690956698422,-0.040296885638331,-0.0420583636401114
250,"FRA","France",NA,NA,NA,NA,NA,NA,NA,NA,NA,-0.0130891677294983,-0.0378629156008589,-0.0537019136996262,-0.0642652791534253,-0.0686943667241454,-0.0697645949305903,-0.0696645700484476,-0.0665802828711528,-0.062951233363599,-0.0565271280702002,-0.0512341282443192,-0.0534361001757194,-0.0544787037555235,-0.0533372759340922,-0.0496154961318008,-0.0479243260187004,-0.0477030014053426,-0.0481050762699415,-0.0498788750120155,-0.051869555272662,-0.0541821016542057,-0.0587205415555648,-0.0592092162686046,-0.0596446856528946,-0.0592702191942279
258,"PYF","French Polynesia",NA,NA,NA,NA,NA,NA,NA,NA,NA,NA,NA,NA,NA,NA,NA,NA,NA,NA,NA,NA,NA,NA,NA,NA,NA,NA,NA,NA,NA,NA,NA,NA,NA,NA
266,"GAB","Gabon",NA,NA,NA,NA,NA,NA,NA,NA,NA,0.0353887678976901,0.00614456138270891,-0.00320859271481423,-0.00700410919701913,-0.00698109173527582,-0.00176822296191115,0.0129382686437265,0.0242010096923067,0.037543482150922,0.0500689694521905,0.0587124251092657,0.0583836454192701,0.0465629090357966,0.0380725764299144,0.0422672176007113,0.0440493134220885,0.0452540663865086,0.0408420904038511,0.0294403182893082,0.0162905458137861,0.0074484675776294,0.00317698841348579,-0.0101991032598762,-0.021446938746981,-0.024191248635025
270,"GMB","Gambia",NA,NA,NA,NA,NA,NA,NA,NA,NA,0.0207752037120517,0.022163135074569,0.0245456892131064,0.0258793294554853,0.0260455456956894,0.0250432520091244,0.0268061575900771,0.0272469475847961,0.0272073333324887,0.0274919665478881,0.0290049455452355,0.0299747874502747,0.0272082491273917,0.0235054887978354,0.0186606983971378,0.0135583918534077,0.00978711934045462,0.00687257670797092,0.0064416771503697,0.00718613950233027,0.00897338631482358,0.0122070225321473,0.0129083112837196,0.0133059779966602,0.0128000053918542
268,"GEO","Georgia",NA,NA,NA,NA,NA,NA,NA,NA,NA,-0.00569675592683584,-0.0116196955868532,-0.0331248817910719,-0.03113582885838,-0.0240527690664034,-0.0203550814554226,-0.0330751784633018,-0.0240869679939602,-0.0117124965413539,-0.00466667381874653,0.00781037253771455,0.0200598441997293,0.0245455320443619,0.0253857409249458,0.0326969356523494,0.0398488237485146,0.0361873732977629,0.0337683187859024,0.030606776220669,0.0137777639233085,0.00449532175769463,-0.00590027976644136,-0.0145925955710299,-0.028433538618335,-0.0315083974664837
276,"DEU","Germany",NA,NA,NA,NA,NA,NA,NA,NA,NA,-0.0671306394959005,-0.0763698729223906,-0.078426080210923,-0.0774656948006207,-0.0732728845614596,-0.0681931987503148,-0.0634795694896496,-0.0548965757136753,-0.0477424460210814,-0.0378754066541211,-0.033350236832753,-0.0326546587734341,-0.0339242343340087,-0.0355714741037397,-0.0374672370639565,-0.0411310973336485,-0.0428065850910159,-0.0429741399251449,-0.0442438771766194,-0.0398226627488686,-0.0381953290408527,-0.0355755493167764,-0.0336836202878885,-0.0322463775492157,-0.032536382206838
288,"GHA","Ghana",NA,NA,NA,NA,NA,NA,NA,NA,NA,0.000295182197491862,-0.00525247407734108,-0.0121597194940781,-0.0172128179516905,-0.0216009964163458,-0.0225504457268517,-0.0240476747046254,-0.0254650981128105,-0.0274719881274331,-0.0241311273465491,-0.0175861691493057,-0.00928724016987126,0.000998909620648636,0.0127045527197969,0.0216779542444887,0.0286373745695607,0.0333221324184754,0.0322900518792264,0.0284897009946903,0.0279780509876528,0.0281233630663551,0.0258832010038841,0.0210828059670705,0.0181851783345703,0.0149565209883551
300,"GRC","Greece",NA,NA,NA,NA,NA,NA,NA,NA,NA,-0.00352270491676454,-0.0125243006005887,-0.0165013238219288,-0.0178764256195049,-0.0148882611945239,-0.0169568014630814,-0.0187532936142153,-0.0129012224417603,-0.0113915005537478,-0.0100044569515635,-0.0147767999839502,-0.0335686077486532,-0.0446424594804589,-0.0265590260870307,-0.0107024305769116,-0.00778306728430211,-0.0034508915940304,-0.00121267653157782,-0.00117404764591755,-0.00231179990361707,-0.00976366876956591,-0.0195743865861767,-0.0429370904485513,-0.042713196230368,-0.0455974090867678
304,"GRL","Greenland",NA,NA,NA,NA,NA,NA,NA,NA,NA,NA,NA,NA,NA,NA,NA,NA,NA,NA,NA,NA,NA,NA,NA,NA,NA,NA,NA,NA,NA,NA,NA,NA,NA,NA
308,"GRD","Grenada",NA,NA,NA,NA,NA,NA,NA,NA,NA,0.0221232430728393,0.0188187931927453,0.0147394701241439,0.00633834209337647,-0.00169948326468239,-0.0088788689186895,-0.0134789251702053,-0.0155119123316501,-0.0144179135656922,-0.00852210063030889,0.000220280004766361,0.0067182372052661,0.000964912168101906,-0.00260705692955898,-0.00511106594874274,-0.0101104304600548,-0.0134207093693648,-0.0148139788736329,-0.0142364810011887,-0.0101618611731381,-0.00353279915316562,0.00375092383853737,-0.000189667151760914,-0.000675196887685093,-0.00122129914073561
320,"GTM","Guatemala",NA,NA,NA,NA,NA,NA,NA,NA,NA,0.0224919584764538,0.0279671933590231,0.0323519494214424,0.0466360607370597,0.0565847165516564,0.0617740179354558,0.0646344854653658,0.0617556897888627,0.0570511113748151,0.046917086573524,0.0424681032764171,0.036267312303262,0.0266345825688632,0.0274688890569625,0.0284137925822583,0.0294749190458057,0.0301118450913997,0.0316289913138423,0.0341127351180961,0.0329566651439654,0.0319727498906142,0.0313979761763052,0.0327715415413663,0.0327922547250508,0.0306177747183574
831,"GGY","Guernsey",NA,NA,NA,NA,NA,NA,NA,NA,NA,NA,NA,NA,NA,NA,NA,NA,NA,NA,NA,NA,NA,NA,NA,NA,NA,NA,NA,NA,NA,NA,NA,NA,NA,NA
324,"GIN","Guinea",NA,NA,NA,NA,NA,NA,NA,NA,NA,0.0206579089478702,0.0127941606442978,0.00699007410809682,0.00192034523346041,-0.00127169141826156,-0.00275374930378391,0.0013351403387909,0.00522446239153473,0.00854025602799635,0.0139471459728404,0.0193870845379198,0.0232055709170023,0.0239062211635701,0.0225745668148698,0.0196205080352052,0.0154048165528828,0.0117752869989645,0.00806404314951226,0.00512749456070938,0.00527031312978576,0.00611698440854314,0.00858729545772974,0.00947335492561274,0.0100816878207874,0.009895978362922
624,"GNB","Guinea-Bissau",NA,NA,NA,NA,NA,NA,NA,NA,NA,0.013211371117094,0.0124325189544894,0.0125059976321766,0.0116647132977328,0.0114997845807372,0.01079888126573,0.0134624580378091,0.0155223540121603,0.0168141256170726,0.0166760052134498,0.0182668119097897,0.0182173276393562,0.015719798088178,0.0117071825458137,0.0077187666987184,0.00358118160456766,0.00100866517617892,-0.000788983238115715,-0.00100385291864147,-0.00044645564752804,0.00093032290701478,0.00316609822728053,0.00404129072843595,0.00445022915693127,0.00444936862258105
328,"GUY","Guyana",NA,NA,NA,NA,NA,NA,NA,NA,NA,0.0368813545160034,0.038067889695987,0.0350217994600139,0.0258612552804962,0.0035439753682136,-0.00414668276810334,-0.0107888955861821,-0.0198321100741887,-0.0207125447526276,-0.0241427190731669,-0.0285994433435185,-0.0266829744414617,-0.0160416817503961,-0.00139868670999704,-0.00113385002871651,0.00504203107954848,0.0100778474492926,0.0119364492252183,0.0155053477558744,0.0155892573621423,0.008214580042887,0.00272619948789909,0.00542512597380762,0.0110655555121542,0.0102828043258398
332,"HTI","Haiti",NA,NA,NA,NA,NA,NA,NA,NA,NA,0.0230076477580976,0.0240864683455966,0.0247122087094767,0.0244081086492358,0.0236463340239808,0.0208477562281357,0.0200837993270786,0.0196425750638227,0.0211933596385405,0.022418463575695,0.0234730943969303,0.0250629834726843,0.0265600983291709,0.0258269538326397,0.0239503831066155,0.0218806244703189,0.0203818042243094,0.0185662188066493,0.0176440370657736,0.0162660788781339,0.0148498299010797,0.0121940370952611,0.010388062295634,0.00684129924932275,0.00294896598960248
336,"VAT","Holy See",NA,NA,NA,NA,NA,NA,NA,NA,NA,NA,NA,NA,NA,NA,NA,NA,NA,NA,NA,NA,NA,NA,NA,NA,NA,NA,NA,NA,NA,NA,NA,NA,NA,NA
340,"HND","Honduras",NA,NA,NA,NA,NA,NA,NA,NA,NA,0.0138901446259874,0.00813931183409622,0.00453958866187221,0.00286830900141299,0.00487504572455655,0.00800776854128693,0.0111869651596981,0.0146255861911937,0.026826843415048,0.0395360209825537,0.0386594965630451,0.036785541854526,0.0353632295248278,0.0333475243392711,0.0328298429891791,0.0301454725269978,0.0318418314664686,0.0303645841905822,0.0151909498022811,0.00420260149314289,-0.00484334484938975,-0.0138420185521496,-0.019246529551083,-0.0235884472709293,-0.0250130253482892
344,"HKG","Hong Kong",NA,NA,NA,NA,NA,NA,NA,NA,NA,0.0717020305844331,0.0575126842428602,0.0397530150204943,0.0128195305267171,-0.00638241459341249,-0.0426549900896769,-0.0735002587027425,-0.112020302176977,-0.14479080818919,-0.143125754323872,-0.0979541221196126,-0.0661765816545189,-0.0373139466494258,-0.0190413010030568,0.00472261121357897,0.00369997705345577,0.0125852227251557,0.0109448057189747,0.00853243377097446,-0.0047680934303248,0.00327686893290213,-0.00881189401155157,-0.0369540492937425,-0.0786988552483109,-0.112001409700635
348,"HUN","Hungary",NA,NA,NA,NA,NA,NA,NA,NA,NA,-0.0306424837626959,-0.0310825092943871,-0.0182038858142556,-0.0195426439996276,-0.0163481765876131,-0.0171661779411673,-0.0113141242806334,-0.00686884519121556,-0.00577419732993401,-0.0060318518306246,0.00168140520454778,0.00600997311849231,0.017505102749841,0.0175411299483008,0.0174436785762568,0.00431962971684204,0.00577382675450453,0.00389707876027615,-0.00127524966940029,-0.0199333397138357,-0.0326076179371484,-0.0423153789976957,-0.0435127298833095,-0.0441899454273992,-0.0436705572318565
352,"ISL","Iceland",NA,NA,NA,NA,NA,NA,NA,NA,NA,0.0270667740563872,0.0243945507049599,0.0121991180991992,0.00751715259880048,0.00770102422963981,0.00909358752362999,0.00571858559763272,-0.000736156133124499,-0.0102334342992085,-0.0220047995937356,-0.0277313882336926,-0.039398572474428,-0.0594662064254576,-0.0724736676904633,-0.0726793626553717,-0.0667002739325159,-0.0545961487035375,-0.0491358550305644,-0.0477772871593729,-0.0483289293803489,-0.0485321133456732,-0.0547761349635563,-0.0597270745059393,-0.0703628606823973,-0.0789294110014845
356,"IND","India",NA,NA,NA,NA,NA,NA,NA,NA,NA,0.0122310859979762,0.0108067270315246,0.00956078702825924,0.0090255444939269,0.00774662121831637,0.0084744972765205,0.00988850183113099,0.0126077170438605,0.0169521803496069,0.0244835108011106,0.0299889508108195,0.034490206529354,0.0351971520091174,0.0350019502389027,0.0319841443907203,0.0283456454538362,0.0234591143505902,0.0169005324478686,0.0102874915705069,0.00857679502945308,0.00410419280966767,0.000184427573398649,-0.00268010423400711,-0.00355210806192885,-0.00407137068578001
360,"IDN","Indonesia",NA,NA,NA,NA,NA,NA,NA,NA,NA,0.0213047488416498,0.0172338799603677,0.0142333146842786,0.0114913241379269,0.0120825580099069,0.0131650557086311,0.0120036498115765,0.00999869978777701,0.00743586595542678,-0.000592195408672502,-0.00311257470104653,-0.000357808533053672,0.0097753222024568,0.0180215608025163,0.0191550814674537,0.0198048570404825,0.0151731307761849,0.00416192251252601,-0.0113478950851073,-0.0194819064206031,-0.0224087930174646,-0.0253453361330522,-0.0151356574031869,0.00273413566643832,0.0141380913855302
364,"IRN","Iran",NA,NA,NA,NA,NA,NA,NA,NA,NA,0.0241019823455242,0.0222671502252969,0.0235857839761124,0.0242355490873905,0.0241743345307084,0.0273852287727887,0.0287535427462637,0.033022119864458,0.0379518542929835,0.038641168113559,0.0381034153112687,0.0356772318401586,0.0297037486040579,0.0204466517463948,0.0116335938542198,0.00231339641202588,-0.0105201922947356,-0.0205488519887893,-0.0249441363344296,-0.0233819001532181,-0.022558873144029,-0.0225372473819823,-0.020000457217344,-0.0156780022061138,-0.00998744532485829
368,"IRQ","Iraq",NA,NA,NA,NA,NA,NA,NA,NA,NA,0.0260114315804543,0.0378346315523777,0.0292387353219501,0.0252173954909332,0.0168337595876893,0.0172301120877103,0.0155153559036945,0.00765474080248096,0.00720641282607892,-0.00127906101668593,-0.00589014547247112,-0.00587715972787033,0.000646370402247687,0.0151930165719885,0.0158693457043513,0.0126975457660576,0.0126846157240765,0.0086500204881943,0.0171549794463455,0.0184106935589867,0.0203912556873389,0.0153232999289152,0.0149354500662751,0.0288814963737429,0.0387631590191211
372,"IRL","Ireland",NA,NA,NA,NA,NA,NA,NA,NA,NA,0.0043426655222627,-0.000434861188018054,-0.00359554099970305,-0.0100430820169884,-0.0168706953307709,-0.0218895656423285,-0.0255121389396543,-0.0269226655776117,-0.0308199699975968,-0.0297395326893051,-0.0338246640000813,-0.042178205807725,-0.0522455185032543,-0.0619412915726499,-0.068138297711918,-0.0719074613163988,-0.0718533890053374,-0.0700336918358229,-0.0702011621056244,-0.0652174654718908,-0.0660801090008244,-0.0690555024831168,-0.0718248158990566,-0.0727922701030702,-0.0749873224466888
833,"IMN","Isle of Man",NA,NA,NA,NA,NA,NA,NA,NA,NA,NA,NA,NA,NA,NA,NA,NA,NA,NA,NA,NA,NA,NA,NA,NA,NA,NA,NA,NA,NA,NA,NA,NA,NA,NA
376,"ISR","Israel",NA,NA,NA,NA,NA,NA,NA,NA,NA,0.0261721032375526,0.0238474589550306,0.0170263275583229,0.012945352773261,0.00971259184226292,0.00286632265509046,-0.00912377421956145,-0.0163660380514887,-0.0156059092327171,-0.0210146976447316,-0.0273138107063595,-0.0283652411673321,-0.040595515436623,-0.0458016869686249,-0.0622873541313447,-0.082527265775439,-0.107756772967347,-0.123500322720358,-0.131781516728074,-0.133297377196833,-0.121225136286533,-0.107643303312529,-0.0994747108439825,-0.0671863628488145,-0.0586386410508221
380,"ITA","Italy",NA,NA,NA,NA,NA,NA,NA,NA,NA,-0.0291620512388913,-0.040307333363421,-0.0491331483390863,-0.0546474813861838,-0.0536887349739085,-0.0537319306323136,-0.0506563126319647,-0.0471863189656562,-0.0404576385743718,-0.0312939004429305,-0.0255403462653729,-0.0296267604995237,-0.0381051869200647,-0.0271499567886512,-0.0137333771476969,-0.00927813404150119,-0.00734233176368449,-0.01138013606472,-0.0228557809968186,-0.0535535558478511,-0.057585537739763,-0.0457492321901834,-0.0523519501253856,-0.0485432421514298,-0.0469845556007188
388,"JAM","Jamaica",NA,NA,NA,NA,NA,NA,NA,NA,NA,-0.00112670962156303,0.00132825535414538,0.00171319935658709,0.00606347003686847,0.0108489911353471,0.00977895355700831,0.00897752571174237,0.0245565461268087,0.0343956173154409,0.0239384277214543,0.0108930563728127,-0.0029241045150413,-0.00819346720925743,-0.00644086452397327,-0.00509359026191953,-0.00564940625449382,-0.00874953804512245,-0.0212310632175697,-0.016771459892462,-0.00538327816349171,0.00142654096686434,-0.000651569069749755,0.00357325735378522,0.0078145542468131,0.011126483745669
392,"JPN","Japan",NA,NA,NA,NA,NA,NA,NA,NA,NA,-0.0137244660433949,-0.0169095312164089,-0.0190629079610947,-0.0199849206497893,-0.0217979601634425,-0.0230834808535292,-0.0234417520296338,-0.0257430220080658,-0.0298491551263141,-0.0383736210283517,-0.0459091699741661,-0.0520348411246599,-0.0545722736161098,-0.0547489586751532,-0.0540246819168519,-0.053492169614395,-0.0515338380625917,-0.0533192345727909,-0.0531828445478656,-0.0549272165060729,-0.0566303136685067,-0.0570106591599949,-0.0523794232224352,-0.0461053679578448,-0.0401225763600759
832,"JEY","Jersey",NA,NA,NA,NA,NA,NA,NA,NA,NA,NA,NA,NA,NA,NA,NA,NA,NA,NA,NA,NA,NA,NA,NA,NA,NA,NA,NA,NA,NA,NA,NA,NA,NA,NA
400,"JOR","Jordan",NA,NA,NA,NA,NA,NA,NA,NA,NA,0.00989378386551087,0.0173849593155813,0.0244835603979823,0.0275654506228704,0.0288076450749979,0.0377602272816087,0.0505347224672554,0.0492832848389353,0.0486330079561392,0.0322749143709493,0.0220207885924353,0.0104165172500672,0.0011886978882123,-0.0155496176664797,-0.0400840306467568,-0.0450436266367875,-0.0441658030704054,-0.0418803968456338,-0.0311720829261024,-0.0301448946407891,-0.0302685709896318,-0.0359386635295733,-0.0344965165541958,-0.030218120391552,-0.0367806809582044
398,"KAZ","Kazakhstan",NA,NA,NA,NA,NA,NA,NA,NA,NA,-0.00552054598286936,-0.00641625481845709,-0.0166702147177816,-0.030038338339248,-0.0211268329879954,-0.00606473609940195,0.0283546535778796,0.0493358630593836,0.0593671140889906,0.0818878718358005,0.0835164680637324,0.0803905342122111,0.0773026090342306,0.0717587195322114,0.0549168924223757,0.0458538565391056,0.0438294359892466,0.0394755407778846,0.0325778847395086,0.0226655867558945,-0.00159067440033158,-0.0206370056622255,-0.0303338186996677,-0.0345285246101968,-0.0343352944514769
404,"KEN","Kenya",NA,NA,NA,NA,NA,NA,NA,NA,NA,0.0241319834152829,0.0255361328181876,0.0262257071319993,0.0264799625433962,0.0253034201275668,0.0247463651639965,0.0251962288121037,0.0267808303154213,0.0272548665912342,0.0285223052948831,0.0310316621433866,0.0343823356522484,0.0348510593745179,0.0336201990717919,0.0313257473738724,0.0296077756422031,0.0285359126976565,0.0280897384906751,0.0264079370552954,0.0243513291784423,0.0243798024199933,0.0233024260040902,0.0215573694599671,0.0185234083986996,0.0153302917212756
296,"KIR","Kiribati",NA,NA,NA,NA,NA,NA,NA,NA,NA,-0.00749877780968888,-0.0147211383117917,-0.0211790085553442,-0.0217436450314037,-0.0215506355059717,-0.0186496073334828,-0.0160644199106794,-0.00643913828606069,-0.00169341243681231,0.00671295685271422,0.0127747065890764,0.014775363854991,0.0109866269195116,0.00900408934390429,0.00839437641196628,0.00726917621929379,0.00659718918656682,0.00772428071525311,0.00422780728348271,0.00291940799554791,-0.00210670166174753,-0.00283526637809417,-0.00560109771323625,-0.00924038270379801,-0.00950305516872618
689,"XKX","Kosovo",NA,NA,NA,NA,NA,NA,NA,NA,NA,NA,NA,NA,NA,NA,NA,NA,NA,NA,NA,0.0286255027311155,0.0284543500076087,0.0309856123409276,0.0299061533019145,0.0263370330547783,0.0204425447680663,0.0166140618853055,0.0250373278810321,0.0274269745035636,0.0330835264075875,0.0347961759854025,0.0317435076731742,0.0285273670931085,0.00535301150925416,-0.019837574003287
414,"KWT","Kuwait",NA,NA,NA,NA,NA,NA,NA,NA,NA,-0.102888914348274,-0.121221637431883,0.0374217966112351,0.0729254828544323,0.106520966088229,0.134022653428863,0.155632567654922,0.159869360671139,0.158189386296652,0.137541974087003,0.106363689492389,0.0435313412863629,-0.00587279959617701,-0.00201931926221776,0.0155258060439574,0.0324648293319658,0.0330417854940235,0.0465731194822454,0.051186066507467,0.0500072770527411,0.0344354505320517,-0.00550055961925524,-0.0540509227759149,-0.0619667122511539,-0.0547049820802369
417,"KGZ","Kyrgyzstan",NA,NA,NA,NA,NA,NA,NA,NA,NA,-0.000701895095475684,-0.00154720036824198,-0.00225410729959606,-0.000247368491158132,0.00671943413859455,0.0056530077015533,0.00703423970181682,0.0111582743667109,0.0224898781604419,0.0341065753276775,0.0448929237675453,0.0504713027504735,0.0592668416740501,0.0665808864440687,0.0725038381697107,0.062557789168191,0.0484635925831458,0.0291337505811198,0.0217840993387872,0.0192642726667887,0.0102099844514163,-0.00374495990601487,-0.00848795899705546,-0.00586408827283713,0.00332915095530617
418,"LAO","Laos",NA,NA,NA,NA,NA,NA,NA,NA,NA,-0.0176713496957035,0.014908221631575,0.0447074808033563,0.0700077661470035,0.0895927543483275,0.103406090570778,0.105840690302638,0.101908981112076,0.0907051316866898,0.0724670342026672,0.0425634068740626,0.0424042580264399,0.0395398355180294,0.0341954449926352,0.0273937965510411,0.0207760994400721,0.0156184565285546,0.0127355367539868,0.0117684806040124,0.0144935246873537,0.0118706990624913,0.00813522436908554,0.0033363102114139,-0.00180585933017519,-0.0066063038581532
428,"LVA","Latvia",NA,NA,NA,NA,NA,NA,NA,NA,NA,-0.00722805904260907,-0.0112089965923726,-0.00778381267803585,-6.0370454483804e-05,0.00997374805812745,0.0152500666704656,0.0190776185761821,0.0229880850702251,0.0265663681190018,0.0218713815099187,0.0162733653661962,0.00235605874980416,-0.00472370544644799,-0.0119755067346812,-0.0149167352638539,-0.0122528461148006,-0.0153568601216433,-0.0196879471830211,-0.0150741178597981,-0.0101482953487173,-0.00427902928203672,-0.00729291747875582,-0.00941009684300553,-0.010196365622974,-0.0119877815077168
422,"LBN","Lebanon",NA,NA,NA,NA,NA,NA,NA,NA,NA,0.0500705967674699,0.023230541628416,0.00482993020272016,-0.012046321213757,-0.0169106057151803,-0.0163482060939033,-0.010826607945275,-0.00734676029356263,-0.00204437133259916,0.00438267578330942,0.0149124995702781,0.0155620153204992,0.0170687833106473,0.10718233734829,0.153541949224985,0.190062460339471,0.223529607644487,0.236193762508885,0.226782313379266,0.183779546155668,0.132364318838571,0.0487067050978141,-0.0127612448737515,-0.00636121985062995,-0.00592818336579666
426,"LSO","Lesotho",NA,NA,NA,NA,NA,NA,NA,NA,NA,0.00574273494236421,0.00556455843834147,0.00563392707196009,0.00435843975840355,0.00269586488409645,2.51172441440981e-05,0.00236499469773088,0.00348081811210976,0.00354591982156438,0.0111409710342241,0.0184203245465846,0.0246995944424895,0.025250839211604,0.022796736082499,0.0177591107128845,0.0100825987003319,0.00398273621030931,-0.00317687367526498,-0.0105617427763849,-0.00897958777163776,-0.00679391622912306,-0.00272885569370951,-0.00147049929075826,-0.000497448675191192,-2.60892652049807e-06
430,"LBR","Liberia",NA,NA,NA,NA,NA,NA,NA,NA,NA,0.0139411490612869,0.0268606738746959,0.0369620347081461,0.041657429009694,0.0417021475888055,0.0375976944715621,0.0355044982450883,0.0317257887169571,0.0273275026946762,0.0247559772290433,0.0246022893835616,0.0265598479018907,0.0271234801578788,0.0254281184907887,0.0216620133135863,0.0165821160066382,0.0131358481670429,0.010308936247226,0.00823928884427594,0.00654888886894622,0.00523966862014391,0.00717566138123238,0.00821197430287346,0.00906398372863837,0.00912208847486751
434,"LBY","Libya",NA,NA,NA,NA,NA,NA,NA,NA,NA,0.0499068827988154,0.0485082912581625,0.0491857681029815,0.0173395103925971,-0.0130767274892247,-0.0322265463577105,-0.0239495404331258,-0.00788785256361754,-0.00257446917004232,0.011906058880599,0.0241284258918077,0.0404045876554706,0.0217707271159324,0.0251473837192482,0.00779461460266284,-0.00310999156310517,-0.0065682518299883,-0.00643598167895529,-0.0049524381503227,-0.00325454046238669,-0.00112964524690846,-0.00242507927276054,-0.00516148798188164,-0.000870075563115048,0.01925495256682
438,"LIE","Liechtenstein",NA,NA,NA,NA,NA,NA,NA,NA,NA,NA,NA,NA,NA,NA,NA,NA,NA,NA,NA,0.00222767588401274,-0.00168988793868128,-0.00551716856740958,-0.00859255562600044,-0.0109050478528114,-0.0125651365661117,-0.0118838910945152,-0.0130586630444008,-0.0119746145885529,-0.00979762745736024,-0.00739137921270738,-0.00492897449143015,-0.00270732846860477,-0.000980891510093507,NA
440,"LTU","Lithuania",NA,NA,NA,NA,NA,NA,NA,NA,NA,-0.0054128652267776,-0.00992699574270471,-0.022184207539878,-0.0125660538496478,-0.00321692083838643,0.0031003944161796,0.00701444719940936,0.0110476712992855,0.0161359550502993,0.02457617669848,0.0222744662332546,0.0166958508316983,0.0113605748714589,0.00825397638745096,0.00558440795430593,0.00698436630704302,0.0103304785391505,0.0138695443669918,0.0185118593175444,0.0223786429919264,0.0185395759872728,0.0134195314797714,0.0102146830502452,0.00174922701883928,-0.00654843433372831
442,"LUX","Luxembourg",NA,NA,NA,NA,NA,NA,NA,NA,NA,-0.0099315619280238,-0.028650591336713,-0.0322986815366418,-0.0309847095370095,-0.0271859138588819,-0.0170561213352035,-0.013086826113947,-0.0146890876548039,-0.017504193183803,-0.0226194459692121,-0.031231358970635,-0.0427628109880729,-0.05383419965681,-0.0654077378479985,-0.0726249430862685,-0.0738624507298306,-0.0705716472279814,-0.0694030130241228,-0.0632497881485712,-0.0564719461674947,-0.0494925694953271,-0.0421312499112754,-0.0359743521320854,-0.0384982263820167,-0.0424278470787887
446,"MAC","Macao",NA,NA,NA,NA,NA,NA,NA,NA,NA,0.000589564219248828,-0.00849453486059695,-0.014422410925877,-0.0216216737159798,-0.0244460947205766,-0.0140155657960147,-0.0166799269930601,-0.0141303429793231,-0.0159314053474374,-0.021106538295158,-0.0160267331977784,-0.0241361361609737,-0.028369169042546,-0.0338431968397126,-0.042439153022926,-0.042202951221294,-0.0406524831850174,-0.0370837883402554,-0.0372181386743188,-0.0370709184813969,-0.0262168102943504,-0.0117915960778725,-0.00779776551226479,-0.00366237950835854,-0.00772982983831645
450,"MDG","Madagascar",NA,NA,NA,NA,NA,NA,NA,NA,NA,0.0288372698391828,0.0308721318366065,0.0326757921798628,0.0306369718303994,0.0310852024810266,0.0217362039985989,0.0221621196666684,0.0218159444063342,0.0219477053773607,0.023133124129993,0.022637074669009,0.0222838714061289,0.0222121282727847,0.0183268002943902,0.0164738741141852,0.0155745965748961,0.015540346415305,0.0273433124889075,0.0379027756262125,0.0457506885734948,0.0501951365442228,0.0499782739471222,0.0480547589216536,0.0439722850343554,0.0359704171961619
454,"MWI","Malawi",NA,NA,NA,NA,NA,NA,NA,NA,NA,0.00522397019704601,0.00862941582084109,0.0133005685763559,0.0163102523134864,0.0179405941436706,0.0175031813292161,0.0189059504465798,0.0189712544803065,0.0181315998505589,0.0183667723517766,0.020146566567713,0.0215777795483221,0.0206954966739057,0.0179015739971682,0.0145625978671471,0.0108409430708118,0.00773365035134255,0.005216403596076,0.00347820173116431,0.00310122685092029,0.00340994571227493,0.00525871023826108,0.00611115220707759,0.00627698193722104,0.00602486482334874
458,"MYS","Malaysia",NA,NA,NA,NA,NA,NA,NA,NA,NA,0.0261804748435868,0.0246852714728507,0.0257170394168895,0.0267479512705924,0.0264278193856438,0.0289270871287164,0.0261174002934736,0.0259026141136536,0.0320141833990482,0.0266339273837066,0.0161304690626307,0.0108817757487372,0.00898324812974138,0.00552016251860787,0.00759752128556945,0.0167750314259718,0.0162066988986282,0.0117115481907262,0.012230694645851,0.0108961156083953,0.00710877457802983,-0.00625812189571451,-0.0157725097250094,-0.0220989448828707,-0.0216373688720481
462,"MDV","Maldives",NA,NA,NA,NA,NA,NA,NA,NA,NA,0.0162209886502418,0.0146113297432096,0.0165797243514887,0.0281482881376522,0.0278760503589135,0.0347768211443271,0.028171156743626,0.0333567972911979,0.0351992861431667,0.0391950566328125,0.0526327030238576,0.0583755621934066,0.057912515012124,0.0614322284984099,0.0491951331976046,0.0427816357428428,0.025066244592465,0.016435924982618,0.00279150656994487,-0.00033197450543998,0.00321883032755887,0.00664716144810917,0.00708863156021233,0.00957914183731989,0.00928820015951937
466,"MLI","Mali",NA,NA,NA,NA,NA,NA,NA,NA,NA,0.0179477216012618,0.0198655254246385,0.0220100781625738,0.022607661170194,0.0224320688761306,0.021168619838343,0.0228685443393724,0.0235019372611145,0.0232642970054311,0.0236643704556183,0.0253306987324016,0.0264565618666399,0.0250110374499735,0.0215420499819361,0.0171911591406304,0.0123456649430989,0.0085019590528379,0.00540988905953044,0.00350280278683024,0.0028062802714317,0.00325013293257048,0.00515281345039753,0.00619568593837005,0.00661724712619027,0.00653006270584622
470,"MLT","Malta",NA,NA,NA,NA,NA,NA,NA,NA,NA,-0.0874990453817797,-0.12747507100347,-0.142732786088253,-0.159569928340647,-0.15344965183238,-0.132809597902172,-0.0952831211436319,-0.0598156078476096,-0.00283800294354453,0.0396380913915235,0.0655721295206546,0.0628145668536524,0.0571848678949429,0.0338148178050508,0.0166500381196488,0.00647124163470369,0.00101590139969525,-0.0129109588734181,-0.0321360554235929,-0.0539690468521555,-0.0729716640391559,-0.0793049772463785,-0.0849324374843338,-0.0777373348480845,-0.0670430737234134
584,"MHL","Marshall Islands",NA,NA,NA,NA,NA,NA,NA,NA,NA,-0.0148683088474398,-0.0193916418359062,-0.0211896644244725,-0.0199159018464432,-0.0173952949596923,-0.0132804055076616,-0.0175155438262156,-0.0129461000505597,-0.0100220533642267,-0.00340112369543799,0.00403667715848205,0.0106997910022792,0.0102780604211838,0.0104025764020013,0.00604141301485966,0.00234623819134302,-0.00650174157150507,-0.0119098101667954,-0.0188279486604368,-0.0194662005203776,-0.015940390855299,-0.0120787667744074,-0.0123886904937784,-0.0126664403352479,-0.0134012234216841
478,"MRT","Mauritania",NA,NA,NA,NA,NA,NA,NA,NA,NA,-0.00465771754052446,-0.011373698327372,-0.0136659994000686,-0.0128043494133279,-0.0103619911724806,-0.00494755478327184,0.00533083757521013,0.0166291156775356,0.0306806861709419,0.0314020884588586,0.0333852761189792,0.0327240513146771,0.0296325389654113,0.026022403255739,0.0204096120861155,0.0148700499328356,0.0115239542025722,0.00831708760223693,0.00908285081745652,0.0114156499611289,0.0150816292010187,0.0183181386286992,0.0191110166272548,0.0202604948637772,0.0198065775042113
480,"MUS","Mauritius",NA,NA,NA,NA,NA,NA,NA,NA,NA,0.0189418687608365,0.0478457274491746,0.0721557314225716,0.0886323173831571,0.0975254812079842,0.0960810585450282,0.0890264836317323,0.0758002415330323,0.0528598309952566,0.0300260414255602,0.00744785189736241,0.00379242228409504,0.00114232942284698,-0.00305595408496462,-0.00661379058706102,-0.00866193213563882,-0.00666458773299072,-0.00456715888209358,-0.00609483632014096,-0.00500213345423894,-0.00573546732426655,-0.0136178490575668,-0.0193109905921639,-0.0230863912903981,-0.0259119060154767
484,"MEX","Mexico",NA,NA,NA,NA,NA,NA,NA,NA,NA,0.0101944556640459,0.00856285989913053,0.00624178556597799,0.0051438637764456,0.00489692485879623,0.00620205553661268,0.00651801863408852,0.0086673069096892,0.0129844962892156,0.018159654541213,0.0184651285988371,0.0189406750311472,0.0158626113933615,0.0111827415148609,0.00502886236960887,-0.000840368201449726,-0.00641069731861477,-0.0103538654172116,-0.0136722289838547,-0.0167179119796858,-0.0223385151646932,-0.0374964093296331,-0.0481615315974281,-0.0508631406678387,-0.0513202065769701
583,"FSM","Micronesia",NA,NA,NA,NA,NA,NA,NA,NA,NA,-0.00156303423761994,-0.00513666459518902,-0.00385839442890712,-0.00600678397827048,-0.0090699187189065,-0.0097924150871086,-0.0202076105325042,-0.0329081315605715,-0.0332870439378681,-0.0344681958610772,-0.021718636154554,-0.0195687233922423,-0.0223176113585051,-0.0216845916167727,-0.0196416322983733,-0.0150741328396328,-0.0155511808625312,-0.0174065899838274,-0.0169894095797369,-0.0154628192482837,-0.00756187022784494,-0.00546885853485457,-0.00607044071807161,-0.00827332475477827,-0.00859842124348398
498,"MDA","Moldova",NA,NA,NA,NA,NA,NA,NA,NA,NA,-0.00299906996384782,-0.00330068832544556,-0.00519376465879876,-0.00461711263889921,-0.000628566601154245,0.00178904637960731,0.00723556970022421,0.0133235411858748,0.0213708331546067,0.0295088416626947,0.0247716998755296,0.0218226737712657,0.0201931582921464,0.0166340453315694,0.0163619365852439,0.0179643013400119,0.0196005806092576,0.020680294070285,0.0214570824250362,0.0206701669232263,0.0103785182501455,-0.0011951199584999,-0.00578935746955012,-0.0159022219385119,-0.0220411586434953
492,"MCO","Monaco",NA,NA,NA,NA,NA,NA,NA,NA,NA,NA,NA,NA,NA,NA,NA,NA,NA,NA,NA,NA,NA,NA,NA,NA,NA,NA,NA,NA,NA,NA,NA,NA,NA,NA
496,"MNG","Mongolia",NA,NA,NA,NA,NA,NA,NA,NA,NA,-0.0288110353007441,-0.0164642261624569,-0.00194333925307988,0.00596269913947101,0.0188842530192992,0.0239671276750799,0.0355381141962334,0.0413001833515885,0.0491977608206215,0.0504669428159239,0.0539953056469733,0.0579622325199831,0.0629562339569727,0.0613237165943035,0.0566029704954445,0.0404046480038478,0.0267393099083011,0.0139762432601664,0.00904780164978458,0.00542461215694279,0.0107355635955231,0.00681305235066376,0.00878834147740348,0.00955315848068317,0.0154420130480519
499,"MNE","Montenegro",NA,NA,NA,NA,NA,NA,NA,NA,NA,NA,NA,NA,NA,NA,NA,NA,0.014515543869787,0.0351984869091915,0.055085953412126,0.0677571155550092,0.0741210071205456,0.0720731400058239,0.0615381721018593,0.0413794635460463,0.0132975958942194,0.00150084024469233,-0.00880624516032646,-0.0130406320723443,-0.0166188981843594,-0.0206440440238019,-0.0249028740428433,-0.0238103370239559,-0.0254376101352822,-0.0273309821839316
504,"MAR","Morocco",NA,NA,NA,NA,NA,NA,NA,NA,NA,0.0231881211307612,0.019931456707533,0.0178040672841615,0.0168313636875095,0.0170271096732,0.0219542301859907,0.0259541220367092,0.027948736304845,0.0282389849898421,0.0287812027149879,0.0290614460918595,0.0276360733852867,0.0264898904230138,0.0235865090248746,0.0199974302189103,0.0197572028079984,0.0200971327633395,0.0195218378271196,0.0188262612517538,0.0184766969322823,0.0186045374632466,0.0130741412854098,0.0121419806150411,0.00768620374164697,0.00339523853502066
508,"MOZ","Mozambique",NA,NA,NA,NA,NA,NA,NA,NA,NA,0.0348204733732032,0.0461749531487832,0.0427045740906424,0.0425910019916722,0.046172571129474,0.0465305776137563,0.0437612719495299,0.0355629200243681,-0.00402261903272583,-0.025249872717219,-0.0435637553504401,-0.0553784166094176,-0.0639057298786766,-0.0626401395816704,-0.0500589272684037,-0.0295632532338692,-0.00216278492984356,0.0297496547947549,0.0316900326729639,0.0345238585486682,0.0330410470943807,0.0234861867490965,0.02268956987196,0.0229850136784233,0.0220289402867886
104,"MMR","Myanmar",NA,NA,NA,NA,NA,NA,NA,NA,NA,0.0153143798496262,0.0156198783986745,0.0136998874189194,0.0129017258569248,0.0130154213636711,0.0156434992259831,0.0196723216603256,0.0204319489888078,0.0198315434574436,0.0165143021535579,0.0122749231468375,0.00684748513766542,0.00137155956835855,-0.000814288750195957,0.000173926033042227,0.00380119649080934,0.00915420324349436,0.0130876654604126,0.0222997566246175,0.026555677384031,0.0287891100904432,0.0265011675976354,0.0204377375598808,0.0145856308747461,0.00301304954434056
516,"NAM","Namibia",NA,NA,NA,NA,NA,NA,NA,NA,NA,0.106032422281394,0.0573118097771532,0.0613666571944285,0.0526430569284941,0.0412349485067749,0.0317540263603004,0.0208160251331591,0.0183800122371147,0.015383211841471,0.0221661467553471,0.0257045676731826,0.0176870094057737,0.024711441920531,0.0248651381741625,0.027514039195945,0.0339707575179184,0.0345970767303736,0.0359611673820093,0.0300544671756424,0.0333501226329362,0.0394323441820545,0.0311177309087285,0.0252315942567853,0.0213333010643535,0.0161251922780445
520,"NRU","Nauru",NA,NA,NA,NA,NA,NA,NA,NA,NA,NA,NA,NA,NA,NA,NA,NA,NA,NA,NA,NA,NA,NA,NA,NA,NA,NA,NA,NA,NA,NA,NA,NA,NA,NA
524,"NPL","Nepal",NA,NA,NA,NA,NA,NA,NA,NA,NA,0.0228753390804848,0.0251123891064244,0.0269679148555,0.0284815456838614,0.0293183601980047,0.0296285799029734,0.0293971892702283,0.0280071458380011,0.0262154341786978,0.0243991787138156,0.0222909391477255,0.0216786274178926,0.0212203101448454,0.0137682497021996,0.0127185119856177,0.0123701272523493,0.0119541444196474,0.0130029478806939,0.0150998654299532,0.018190449142216,0.019278700814565,0.0230483567189546,0.0239293982379361,0.0164035057356269,0.013510370441487
528,"NLD","Netherlands",NA,NA,NA,NA,NA,NA,NA,NA,NA,-0.0615165312767654,-0.0734263834331871,-0.0784583375772431,-0.078087310614068,-0.0750125776135837,-0.0709731860131374,-0.0652438596020197,-0.058220214069021,-0.0520758342802352,-0.0470188512963726,-0.0439533736332719,-0.0467107178546468,-0.0489403245176678,-0.0550426874162279,-0.0611876662676679,-0.0664021266805377,-0.0691350313796597,-0.0702095649178748,-0.0704363568473264,-0.0689940027335464,-0.0685517412587425,-0.0665999292149587,-0.0608337793775791,-0.0593430166969715,-0.0587511275277579
540,"NCL","New Caledonia",NA,NA,NA,NA,NA,NA,NA,NA,NA,NA,NA,NA,NA,NA,NA,NA,NA,NA,NA,NA,NA,NA,NA,NA,NA,NA,NA,NA,NA,NA,NA,NA,NA,NA
554,"NZL","New Zealand",NA,NA,NA,NA,NA,NA,NA,NA,NA,0.0149198189542676,0.0081304165824494,-0.000879225226140512,-0.00409501103798482,-0.00640815325243349,-0.00398639368784748,0.00437263377918717,0.0112898638245871,0.0176796616053854,0.0201876177277232,0.0152988115272217,0.00937817743449831,0.00201402080257029,-0.00286010866168363,-0.00655632718109456,-0.00866375950173137,-0.00993609282281449,-0.0106991993599174,-0.00873097128056965,-0.00832231409749351,-0.00682242979269942,-0.00833148511265192,-0.00882022046520892,-0.00891969749721166,-0.00722437597552095
558,"NIC","Nicaragua",NA,NA,NA,NA,NA,NA,NA,NA,NA,0.0211778318462676,0.0215168615909915,0.0191167814069935,0.0158246810906539,0.0118370638673384,0.00934838079639388,0.00638571289585732,0.00723466384959659,0.0106913888315623,0.012681873995378,0.0131169914429112,0.015182379093136,0.0143770153715923,0.0142018936046606,0.013262656253509,0.0133455940956497,0.0121388172255623,0.0133822269976855,0.0161862776902919,0.0153725276296399,0.0132307548524384,0.010697433873317,0.00936478418130893,0.0104855104873043,0.010484791934154
562,"NER","Niger",NA,NA,NA,NA,NA,NA,NA,NA,NA,0.0540720993726607,0.0292769897191723,0.00900580354068592,-0.00693040600689432,-0.0183560188741778,-0.0259067677925993,-0.0297536593351774,-0.0302082578380045,-0.0139936918167486,0.00789905196526841,0.0364374447415587,0.0379898412240418,0.027456266018214,0.0215462458736149,0.030161678258942,0.0375542468374057,0.0431149427642354,0.0467741135677384,0.0489717789494786,0.0506346621531237,0.0532539417310651,0.0585488023399476,0.0484349933459436,0.039670362568148,0.041261066531487
566,"NGA","Nigeria",NA,NA,NA,NA,NA,NA,NA,NA,NA,0.018039499859273,0.01265507918186,0.00974484399077302,0.0112450262033901,0.0137215775248651,0.0163483680601548,0.0176827605461487,0.0202557549134164,0.0209271954599124,0.0184385887419292,0.0127060657152409,0.0106450591620901,0.00728747409310215,0.00636773516440292,0.00956708277581853,0.0137849373491781,0.0151321149752877,0.0172960448664456,0.0179230086020412,0.0191124362270885,0.0179851580849779,0.0191919181631135,0.020259028942456,0.0208142181155333,0.0221234247061177
570,"NIU","Niue",NA,NA,NA,NA,NA,NA,NA,NA,NA,NA,NA,NA,NA,NA,NA,NA,NA,NA,NA,NA,NA,NA,NA,NA,NA,NA,NA,NA,NA,NA,NA,NA,NA,NA
408,"PRK","North Korea",NA,NA,NA,NA,NA,NA,NA,NA,NA,NA,NA,NA,NA,NA,NA,NA,NA,NA,NA,NA,NA,NA,NA,NA,NA,NA,NA,NA,NA,NA,NA,NA,NA,NA
807,"MKD","North Macedonia",NA,NA,NA,NA,NA,NA,NA,NA,NA,0.00264166334441097,0.00244589739286376,-0.00145305403386897,-0.00582504361442393,0.0091166526396572,-0.00936765847885623,-0.00367637007247079,0.00471677841309592,0.0173434356639015,0.0138406951502239,0.0130794998733914,0.0145132212165995,0.0135225294880237,0.0122799178939272,0.00902670764337987,0.00414084478824517,-0.00255914927154277,-0.0135577319807046,-0.0208224544233392,-0.0330990746960954,-0.0441284576750401,-0.052273216127002,-0.0542982240102302,-0.053966912823434,-0.0544100529968933
578,"NOR","Norway",NA,NA,NA,NA,NA,NA,NA,NA,NA,0.000806134551827986,-0.00632117084237138,-0.0135601164068458,-0.0196466187122583,-0.0219660345178846,-0.0231725621572746,-0.023444264060519,-0.019151572237053,-0.0138881666010409,-0.0108523164743319,-0.00689225748956501,-0.00917109364928304,-0.0141563980424544,-0.0183969166826415,-0.0220030195442876,-0.0311952837973437,-0.038852609823574,-0.0454099790472319,-0.050065325343996,-0.0529051610621173,-0.0555020321863193,-0.053517079169477,-0.0495908118052386,-0.0438460604784264,-0.0404124743861057
512,"OMN","Oman",NA,NA,NA,NA,NA,NA,NA,NA,NA,-0.0249150442622791,0.0196359408017766,0.054299174435599,0.0998411722147712,0.144250013173622,0.171286247787175,0.123219101641784,0.0565250783412174,0.0574110449486163,0.0433260075705302,0.0458446833614616,0.0304908687283134,-0.0029555794930709,0.019350746249774,0.0435246549466137,0.0796147789960151,0.0891656191478236,0.0924745313365638,0.0923829733150658,0.086679432089918,0.0769430104352899,0.0491082435655026,0.00284916272774538,-0.0135837138792526,-0.0276194693236357
586,"PAK","Pakistan",NA,NA,NA,NA,NA,NA,NA,NA,NA,0.0304715016802528,0.029785952114707,0.0287120906810954,0.0276879832442631,0.0277442578322029,0.0276852446638143,0.0266239367409244,0.0258753977649386,0.0258150233583485,0.0241311464179605,0.02301891575649,0.0210926759296515,0.0192880468051206,0.0174462862157068,0.0160004606914106,0.015450370801493,0.0147316704187856,0.0136270474763485,0.0138983842082099,0.0108557327644057,0.00522184463953712,0.00148601198124165,-0.00181229882129097,-0.00358585132274791,-0.00437722817123509
585,"PLW","Palau",NA,NA,NA,NA,NA,NA,NA,NA,NA,-0.0768472060716449,-0.0592430810906442,-0.0121147835256898,0.00538715397266358,0.0205162780230561,0.0369207582905775,0.0382080930103617,0.0452547569805213,0.0422772058582721,0.0385607634738663,0.0334290447635686,0.00654148563046666,0.00488857598537942,0.00480744757919633,0.00387137836552511,0.00260120013679468,0.000215871466250387,-0.00561845191380028,-0.0163838174731114,-0.0168846576609009,-0.0131771852446462,-0.0076168213406137,-0.00571706304496864,-0.00183173159924191,-0.00206744606013296
591,"PAN","Panama",NA,NA,NA,NA,NA,NA,NA,NA,NA,0.0306450834641157,0.0288207012278534,0.029073355655546,0.0293521551116087,0.0224729597840772,0.0250159875110831,0.0263561940557997,0.0287186579851983,0.0316308894991149,0.0363850880270309,0.0438954717079769,0.0476584217522231,0.0541414103625855,0.0569941295413487,0.0479948779177302,0.047260413170543,0.0406616549517314,0.0324141524526389,0.0249114601179543,0.01581913657915,0.0108924348294552,-0.00407242917348399,-0.00743737845823917,-0.00664145387452456,-0.00471687442031945
598,"PNG","Papua New Guinea",NA,NA,NA,NA,NA,NA,NA,NA,NA,0.00314366302534741,-0.00359679472644007,-0.00692490005040337,-0.00503389662672033,-0.00368891792851825,-0.000294355336793584,-0.000263142739753975,0.00122573935315229,0.00953583601857444,0.0161626463453641,0.0230571977488818,0.0198790057368348,0.017353347002478,0.0148857302971988,0.0154291973489635,0.0173501542122105,0.0153755900591779,0.0128372370379224,0.0144542524081888,0.0138971542609982,0.0135407435212529,0.0110663504105328,0.00833212644941361,0.00514066847868255,0.00488416547881121
600,"PRY","Paraguay",NA,NA,NA,NA,NA,NA,NA,NA,NA,0.0109608857584522,0.00398955531583889,-0.000103957122998766,-0.00546175302140273,-0.0101456672358886,-0.0171221039643707,-0.0181371312757318,-0.0194794633024623,-0.0155019882724522,-0.0102911812031865,-0.0056540222766116,-0.00298661877187301,0.000750642713792438,-0.000136688620861876,-0.0014041472830657,-0.000416860245259443,-0.000609905713060965,0.0100971725345471,0.0178957807685312,0.0243213797007487,0.0276393505013484,0.027389276228863,0.0259732225924769,0.0167083589296275,0.00232326762416957
604,"PER","Peru",NA,NA,NA,NA,NA,NA,NA,NA,NA,0.014756290583813,0.0189153240612585,0.0163466998464741,0.0136519968292423,0.0101870290205324,0.00931120348293102,0.00708686433124472,0.00404176898934061,-2.69584153930446e-05,0.00754273360952418,0.016154814213629,0.0224455904886782,0.0239016786035611,0.0225669536906976,0.020214856774792,0.0188211419774402,0.0138409960789281,0.00796716660002006,-0.00356550577924131,-0.00895997039183749,-0.0123883986408331,-0.0158146343512598,-0.010891645212142,-0.00791844154638421,-0.00526961180709618
608,"PHL","Philippines",NA,NA,NA,NA,NA,NA,NA,NA,NA,-0.00240730381029319,-0.00664747950276923,-0.0119398111080677,-0.0150718092049271,-0.0172139785362904,-0.0193647881612823,-0.0186580149429952,-0.016333022089149,-0.00997398790621107,-0.00455545207020513,0.00153186923253767,0.00706893959916788,0.0119881785532381,0.016929302866391,0.0216279282205851,0.0252598218231441,0.0278374375960384,0.029521279452037,0.0320053680921486,0.0309651170263407,0.0283242304910551,0.0196227229348929,0.0129516665121756,0.00510257731862418,-0.000149768581177332
616,"POL","Poland",NA,NA,NA,NA,NA,NA,NA,NA,NA,-0.00129420405493297,-0.0109458536344889,-0.0150557862385473,-0.0199491149021914,-0.0186831501591278,-0.0189784860193686,-0.0157750464922193,-0.00731971495567496,0.000237211673555837,0.00446033455789552,0.0101628963426605,0.0126390695912522,0.0119059324229058,0.00884233402606549,0.00193104796614962,-0.00645921909607838,-0.0105421565384671,-0.0118772281363876,-0.0115383063607442,-0.0111909243832182,-0.0116867190216572,-0.0104080405174617,-0.0104144898479244,-0.0153519687861724,-0.0248527401153349
620,"PRT","Portugal",NA,NA,NA,NA,NA,NA,NA,NA,NA,0.0118256171460169,0.00570185245585098,-1.81645354893067e-05,-0.00491320907545945,-0.013166241705619,-0.0178959586696191,-0.0216492235833955,-0.0264108779526041,-0.0293180541979006,-0.0301129634651313,-0.0300495772142773,-0.0340839996431253,-0.0393263190157537,-0.0458342014923574,-0.0276933473025035,-0.0161385319610271,-0.00803503752722137,-0.00989966191029102,-0.0268837418665583,-0.05167482635599,-0.0443192870714866,-0.042315850715443,-0.0388843028758523,-0.0399678228956318,-0.0451139569260816
634,"QAT","Qatar",NA,NA,NA,NA,NA,NA,NA,NA,NA,0.0234079873572595,0.0330016582130117,0.0158462921905154,-0.00983162051757769,0.0460095793922757,0.0917800414939374,0.128367592142402,0.146045881373487,0.173877327814544,0.200059801206238,0.201577717079364,0.135209365433296,0.0611683232796918,-0.0387715274099022,-0.06228779094748,-0.0698014395123161,-0.0681067623339284,-0.0723441150241834,-0.0619440427785081,-0.0416715125207805,-0.0114858392245499,-0.0186054989522254,-0.0346383855651976,-0.0361152239036189,-0.038677560022696
178,"COG","Republic of Congo",NA,NA,NA,NA,NA,NA,NA,NA,NA,0.00349801990075638,-0.0178836749219449,-0.0250335925519799,-0.026339151910946,-0.0219064539722157,-0.0180426693968696,-0.00754687266882936,0.0177016733359843,0.0250587635094977,0.0388972212111673,0.0550998466169448,0.0609491212693598,0.079176819903217,0.0922014188595521,0.0979324003215774,0.0988897834825107,0.0892557306577775,0.090380825693138,0.0683978801703771,0.0491739768893049,0.0313171712594578,0.00847153985016683,0.00363628705133829,0.00321635939263241,0.00299567650165553
642,"ROU","Romania",NA,NA,NA,NA,NA,NA,NA,NA,NA,-0.0091343668522339,-0.0185313632468639,-0.0288350333229164,-0.0311719182957394,-0.0339941714666455,-0.0343328737462406,-0.0293704574129593,-0.0190800871105888,-0.000496187197123921,0.0191716395542632,0.0207915828431509,0.0218034015651278,0.0129819632745827,0.00653507560215427,-0.00133364020415177,-0.00715492558909746,-0.0117053337263947,-0.0159179612612054,-0.0172293697158927,-0.0129854221425895,-0.0123862249907707,-0.0118539049094245,-0.00953786138498947,-0.00628680408052729,-0.00905753862926317
643,"RUS","Russia",NA,NA,NA,NA,NA,NA,NA,NA,NA,-0.000359128829091464,-0.00131827102020836,-0.00443601464687835,-0.00742271475126359,-0.00107854733730779,0.00616706542313161,0.0113838188525281,0.0141588728303361,0.0151798029843337,0.0178474555195285,0.0158293080245699,0.010441399775454,0.00795090354887407,0.00173581140103662,-0.0027087561353342,-0.00603797934043637,-0.00826867294412903,-0.0103745592113107,-0.00965534333805951,-0.00162323806882614,0.00596958436666117,0.00543289561889559,0.00851628499745138,0.010382567057484,0.0106505224462778
646,"RWA","Rwanda",NA,NA,NA,NA,NA,NA,NA,NA,NA,0.0877109748339454,0.0745052428266709,0.0530492992655711,0.0281250727603048,-0.000562699421278623,-0.0387706453992231,-0.0528208371567038,-0.0583107969365037,-0.0454134146879053,-0.0322363426411372,-0.0097222909917335,-0.00538568646037418,0.00055636375243906,0.00861660265805497,0.0171338549072799,0.0252820377908185,0.0241671703553947,0.0215599197135685,0.0186862745198522,0.0162061599391243,0.0153683173766761,0.0156063770330543,0.0175012221837627,0.0208436928385927,0.02318782472792
652,"BLM","Saint Barthelemy",NA,NA,NA,NA,NA,NA,NA,NA,NA,NA,NA,NA,NA,NA,NA,NA,NA,NA,NA,NA,NA,NA,NA,NA,NA,NA,NA,NA,NA,NA,NA,NA,NA,NA
659,"KNA","Saint Kitts and Nevis",NA,NA,NA,NA,NA,NA,NA,NA,NA,0.029554772422967,0.0286181074268523,0.0339219985831494,0.030154698615793,0.0256586157384822,0.0199228796634296,0.0145404144310455,0.00962715231363864,0.00868195427399887,0.00969466553485221,0.0114057557686427,0.0103396579941484,0.00700544453858098,0.00325449908282516,0.000503043624323851,-0.00197917105943559,-0.00459422245405849,-0.00605895679565505,-0.0063248897649707,-0.00476448462905843,-0.000742251564245233,0.00344005823079474,-0.000368588653099555,-0.00119568774893922,-0.00182758019279861
662,"LCA","Saint Lucia",NA,NA,NA,NA,NA,NA,NA,NA,NA,0.0266943483369699,0.0231466990446128,0.0193825757039241,0.0110329440294348,0.00326178793908727,-0.00357393796511629,-0.00774553498101704,-0.00982741530501585,-0.00980020244397728,-0.00651399813021192,-0.000687484439738095,0.00523368637110888,0.00541910228112674,0.00545916553066572,0.006297041333994,0.00644038998786711,0.00547182140153857,0.00407812084802028,0.00327914139229546,0.00328560197076699,0.00467426705416818,0.00686616641468474,0.00229989500016847,0.000198769810098698,-0.000410845492773981
882,"WSM","Samoa",NA,NA,NA,NA,NA,NA,NA,NA,NA,-0.015286863648489,-0.0238804182808758,-0.0294927479812439,-0.0315862884003257,-0.0313103991184376,-0.0272119800205584,-0.025314855951504,-0.0203192990054893,-0.0138555027934295,-0.005517985978444,0.00500605743033566,0.00757296624857973,0.00902831112751135,0.00842136108996749,0.0082319417290635,0.00817726037922517,0.00460864532869376,0.00145630185752266,-0.00211476218119211,-0.00328647630532852,-0.00434655082512336,-0.0057089949866086,-0.00728526468805601,-0.010118480449003,-0.0104315056601498
674,"SMR","San Marino",NA,NA,NA,NA,NA,NA,NA,NA,NA,NA,NA,NA,NA,NA,NA,NA,NA,NA,NA,NA,NA,NA,NA,NA,NA,NA,NA,NA,NA,NA,NA,NA,NA,NA
678,"STP","Sao Tome and Principe",NA,NA,NA,NA,NA,NA,NA,NA,NA,0.0103775962438011,0.0112196409548988,0.0134667739263261,0.0154319131533271,0.0169368281089242,0.0184704434146685,0.0229734724931512,0.0263857996826196,0.0275466337549648,0.0278671679001994,0.0285755359933832,0.0275581672315772,0.0231861317370499,0.0185626321792485,0.0129725138304508,0.00787718061541276,0.00519458030953346,0.00434358768176546,0.00569963531955575,0.00756788516666074,0.0103158807341066,0.0139497557394501,0.0149235468372151,0.016138862628853,0.0159791029851786
682,"SAU","Saudi Arabia",NA,NA,NA,NA,NA,NA,NA,NA,NA,-0.0728660105786045,-0.0936900225328909,-0.0958063627175171,-0.0818197549276151,-0.0465850273687327,-0.0286319802294334,-0.0295890061011468,-0.0247274780376479,-0.012040303398862,0.0285922982930702,0.0429649996152011,0.0585800500979816,0.0659164559537617,0.0634872241881033,0.0556072464242854,0.0463997405484302,0.0349330561573833,0.0152384745718126,-0.0078800949487835,-0.0151587874715949,-0.0259420547996309,-0.0373189751326133,-0.0425101532644137,-0.0450331732451382,-0.042400118296532
686,"SEN","Senegal",NA,NA,NA,NA,NA,NA,NA,NA,NA,0.0305121504121131,0.0357540522545583,0.0405693988686981,0.0443579879081275,0.043761542014207,0.0403467282474115,0.0348676906400238,0.0296140560746192,0.0287681387060006,0.0312924715932044,0.044968246075227,0.054431327435231,0.0633015519274003,0.0675778764551773,0.0577070742022223,0.0517147849142072,0.0414860257961538,0.0290438141346727,0.0130167650404303,-0.000583353304723033,-0.00325302783088977,-0.00695403043871889,0.00273728765438341,0.0154077671101209,0.0177810383085319
688,"SRB","Serbia",NA,NA,NA,NA,NA,NA,NA,NA,NA,NA,NA,NA,NA,NA,-0.00661668655653669,-0.00990243987356575,-0.00374413216220117,0.011376250223138,0.0201236220645034,0.0181484505511436,0.0133370445189165,0.0134183185947125,0.0115054068345586,0.00413656489540637,-0.00230686135022882,-0.00584453159518808,-0.0157951628537237,-0.0194833196402925,-0.0271428781733927,-0.0299128774139177,-0.0299503213347675,-0.023612095745044,-0.0189672686816208,-0.021029512068278
690,"SYC","Seychelles",NA,NA,NA,NA,NA,NA,NA,NA,NA,0.102093373117653,0.113021511300485,0.127463730727539,0.124777934818161,0.108807183184763,0.103336830150243,0.0878773234385659,0.0642288255222456,0.0503584496313434,0.042829387175962,0.0397197704490053,0.0303757709184209,0.0165650861742224,-0.000491903836831176,-0.0202808873347365,-0.0239873049670979,-0.0223531445913004,-0.0134372916877766,-0.0023740435939949,0.0135033379011358,0.0330652917207102,0.0480961259741777,0.0479331404701286,0.0502007163599756,0.0483829163376244
694,"SLE","Sierra Leone",NA,NA,NA,NA,NA,NA,NA,NA,NA,-0.00116595436791731,-0.00114737470734544,0.00165208261708893,0.00888611357225622,0.0159249982026637,0.0213385560533104,0.0280657997617733,0.032752441967866,0.0336261460941463,0.0324212448069761,0.0305546580479117,0.0273850634236004,0.0229657308737052,0.0171222939495663,0.0115079824409217,0.00626013639615364,0.0022184523538924,8.79640667528214e-05,-0.00135787901700501,-0.00183128836240953,-0.0017241617189615,-0.000529446691978852,0.000266814741226362,0.000546943355633767,0.000691740958032261
702,"SGP","Singapore",NA,NA,NA,NA,NA,NA,NA,NA,NA,-5.84237675833599e-05,-0.00230137811955955,0.00870733280884872,0.0143970591186759,0.0173993486819022,0.0216714038277379,0.0263319552666426,0.0256328849994243,0.0237954666444748,0.0194262882259382,0.0149000669048538,0.0165119593827441,0.0213070684310885,0.0214423008904614,0.0236154003436939,0.0227742561718915,0.0208997125394266,0.018375594341864,0.0129133228005744,-0.00028390382157296,-0.0110343292421591,-0.0187660235167056,-0.024103863467676,-0.028172065394555,-0.0265543536343762
534,"SXM","Sint Maarten",NA,NA,NA,NA,NA,NA,NA,NA,NA,NA,NA,NA,NA,NA,NA,NA,NA,NA,NA,NA,NA,NA,NA,NA,NA,NA,NA,NA,-0.0403534630933107,-0.0195670622459996,-0.00456813186869782,-0.0059986585250823,-0.0107176303235831,-0.0158985767247297
703,"SVK","Slovakia",NA,NA,NA,NA,NA,NA,NA,NA,NA,-0.0566143151065245,-0.0469716039732091,-0.0394885616776056,-0.0472695737557056,-0.0458727134374415,-0.0422554286830683,-0.0294587621521947,-0.0209074347833526,-0.010674791596938,0.00142654527341946,0.00901999006718723,0.0148470655582662,0.0125615809968374,0.00563187397612941,-0.00706747896968485,-0.0199795296184589,-0.0213663276128093,-0.0273087046568746,-0.0283032074323168,-0.0293127527543068,-0.0301106111137123,-0.0234810667178136,-0.0189684246603767,-0.014590665076528,-0.0161769906282663
705,"SVN","Slovenia",NA,NA,NA,NA,NA,NA,NA,NA,NA,0.0319010268096462,0.0205285313630359,0.00951604993923172,-0.0176482021520783,-0.0355583130669588,-0.0475617211964697,-0.0505253216251018,-0.0378687039638717,-0.0247643252259017,-0.00967679598413629,-0.00796609533677117,-0.0110276373638042,-0.0115812836351672,-0.0213523406771776,-0.0325220144425491,-0.0375309710602813,-0.0357450177244796,-0.0433550870467664,-0.0661519069846015,-0.0631093202475427,-0.066454903403531,-0.0691160155336897,-0.0661780735341084,-0.0545446064038152,-0.046552771674807
90,"SLB","Solomon Islands",NA,NA,NA,NA,NA,NA,NA,NA,NA,-0.0123176493815044,-0.0221915270801046,-0.0233198309359731,-0.0132146229376875,-0.00576833302770433,-0.00162840378891765,-0.00470072427548906,-0.00781072884867837,-0.00897109877829169,-0.00633068009708526,0.00266102277961733,0.00393577873852169,0.00290187110605267,0.000955087937981158,0.00334937566041638,0.00479582495459496,0.00284709337309552,0.000479892045331054,-0.00223450460528418,-0.00352862868437953,-0.0046247874500005,-0.00566869772105316,-0.0091467644010137,-0.013810348313411,-0.0136834041904584
706,"SOM","Somalia",NA,NA,NA,NA,NA,NA,NA,NA,NA,NA,0.0105532691884409,0.0182027946627916,0.0234865608665846,0.0262644688484195,0.0260845917810879,0.0273883755078561,0.0264676258659948,0.0240578722301539,0.0210961961027489,0.0192152831412529,0.0188941641936748,0.0163631562041435,0.0126242624943742,0.00851360068134777,0.00430362055615507,0.00144164170265859,-0.00057038323807701,-0.0013990922955347,-0.00115582044330109,1.57792936048562e-05,0.00240684399944935,0.00379036060092375,0.00449044543468502,0.00470077152642245
710,"ZAF","South Africa",NA,NA,NA,NA,NA,NA,NA,NA,NA,-0.0182469196285523,-0.0229351118811304,-0.0208063352428174,-0.013856367643673,0.000344211038004971,0.0168884206891182,0.0332877925880777,0.0480110036932344,0.0682475963754849,0.0802968527318542,0.0762964580244778,0.0490414105992099,0.0287419378215774,0.0217537117026814,0.0194227520242087,0.0172047001184781,0.0120866804910731,0.00146003185510968,0.0136978199876017,0.020641030631793,0.0166394009366586,-0.00633518674323234,-0.02888938373844,-0.0374700727358633,-0.0386014306574839
410,"KOR","South Korea",NA,NA,NA,NA,NA,NA,NA,NA,NA,-0.0845437994109765,-0.0890855964521421,-0.0829067703963383,-0.0731694279720647,-0.0596631349064217,-0.0443938822205818,-0.0279292689062596,-0.0119168417154903,0.00125826099300674,-0.0077068859470194,-0.0193192403561835,-0.0252883425155696,-0.0270155148873308,-0.0271711844553848,-0.0254331757398452,-0.025138291207074,-0.0259365609796717,-0.0214862587768035,-0.0169172064254283,-0.0182799531580446,-0.0252531524532789,-0.0289886155733092,-0.0343226643790298,-0.03942988443222,-0.0402813786587227
728,"SSD","South Sudan",NA,NA,NA,NA,NA,NA,NA,NA,NA,NA,NA,NA,NA,NA,NA,NA,NA,NA,NA,NA,NA,NA,NA,NA,NA,NA,NA,NA,NA,NA,0.00695480720073259,0.0121025646927021,0.00228386475986475,0.00260173999738141
724,"ESP","Spain",NA,NA,NA,NA,NA,NA,NA,NA,NA,-0.0223660721582032,-0.0517462028430786,-0.0720258798213086,-0.0846895111674861,-0.0887942177144873,-0.0822718128443667,-0.0679128165443246,-0.0553390934117868,-0.0406324247902746,-0.0273402843456525,-0.0215356274427012,-0.0280515168049411,-0.0374802355562905,-0.0468325361784802,-0.0525980797918686,-0.0345728525020021,-0.0179728115516403,-0.0305535213121151,-0.0491187687866322,-0.0436934949542035,-0.0405994151895853,-0.0425691306219331,-0.0428835405177727,-0.0453543904370566,-0.0505512803481046
144,"LKA","Sri Lanka",NA,NA,NA,NA,NA,NA,NA,NA,NA,0.0210380519181668,0.0211277641008059,0.0202399638029183,0.0196332064287441,0.0188905165065982,0.0162817534729118,0.0135560309744589,0.0134924411061261,0.0129289262586365,0.010698230612981,0.00952932417925134,0.0117414817135266,0.00810955056836105,0.00228111653079588,-0.00251939678038327,-0.00627447397055148,-0.00749606672962233,-0.00887493960666108,-0.0115553906768836,-0.01426527920295,-0.0142982472288747,-0.0105078919012389,-0.00807923723572224,-0.00770112868567896,-0.00645992826114372
670,"VCT","St. Vincent and the Grenadines",NA,NA,NA,NA,NA,NA,NA,NA,NA,0.0213459861295164,0.0163607595440833,0.013265430722432,0.004767476929874,-0.00192521894816411,-0.00583544503956579,-0.00855288333054249,-0.00990381400485707,-0.00947468976460508,-0.00313587665555359,0.00565320719301821,0.00859546585588244,-0.000988983529608029,-0.00750834024727543,-0.0140454595448104,-0.0189120961978759,-0.0236790271848024,-0.027847726871195,-0.0255662001768924,-0.0198288209638546,-0.00996424675444174,9.47205257917361e-05,-0.00369552636138648,-0.00347765648833879,-0.00373450668979414
275,"PSE","State of Palestine",NA,NA,NA,NA,NA,NA,NA,NA,NA,NA,NA,NA,NA,NA,NA,NA,NA,NA,NA,NA,NA,NA,NA,NA,NA,NA,NA,NA,NA,NA,NA,NA,NA,NA
729,"SDN","Sudan",NA,NA,NA,NA,NA,NA,NA,NA,NA,0.0259160962428648,0.0304818485421445,0.0322022406395797,0.0330124841786976,0.0289715800983328,0.0330563120827745,0.0372673990522485,0.0456166554649051,0.0489104938185481,0.0495524387116235,0.0463389459298973,0.0408841244826716,0.0336873947822112,0.0246059996132761,0.0153244239841095,0.00841633942187081,0.00355400212817578,0.00822026314965934,0.0103850322907839,0.0139699890839545,0.0168894941243406,0.0175663688287291,0.0184954805811881,0.0150379383393322,0.0072855489231592
740,"SUR","Suriname",NA,NA,NA,NA,NA,NA,NA,NA,NA,-0.0139520882492844,0.0108096013671786,0.0322955649576884,0.0542139553986665,0.0714067086611438,0.0852189899653621,0.0958576141055196,0.0952870479958856,0.0827835232798175,0.0625130573452519,0.0283469913714611,0.0283996627081484,0.0122677203874073,0.016667801798913,0.00524331591106009,0.00375885929605535,0.00444892366155214,0.0232657026623,0.0285091605278891,0.0227411363355416,0.018619478866773,0.0157828942374428,0.00927720433979198,0.0102923846904016,0.00820307396836178
752,"SWE","Sweden",NA,NA,NA,NA,NA,NA,NA,NA,NA,-0.000416973082672634,-0.00477201527501292,-0.0131490370390561,-0.0204532418090649,-0.0243125584316063,-0.0281584081345442,-0.0283158765277611,-0.0255841059850884,-0.0220060655587868,-0.0175794721674728,-0.0154650096029277,-0.0116181801949353,-0.0122888340732002,-0.0135192095472341,-0.0144293885854696,-0.0192796815149522,-0.0239161022195955,-0.0258829689392681,-0.0271583899200933,-0.0306521961375283,-0.0350251342214493,-0.0358103220875898,-0.0322758426679678,-0.0284679390653919,-0.0273019282131298
756,"CHE","Switzerland",NA,NA,NA,NA,NA,NA,NA,NA,NA,-0.00889011007022411,-0.014988627567836,-0.0141086980367148,-0.0160313464432289,-0.0179011226582015,-0.0193173891661828,-0.0174131363788218,-0.0168556311169438,-0.0179236826189647,-0.0163641061505011,-0.0116349036494363,-0.0148233200859081,-0.0220670565930436,-0.0307225924031838,-0.0367390273566093,-0.0478431362309815,-0.0551771442835491,-0.0588565577064897,-0.0620557668068916,-0.0620633265125246,-0.061397293810301,-0.0605553502600563,-0.0584789555257968,-0.0577557030777994,-0.0563623320392815
760,"SYR","Syria",NA,NA,NA,NA,NA,NA,NA,NA,NA,0.0230405230137767,0.0210471789599065,0.0167931093506162,0.0176722774603779,0.0114812998087261,0.0183002043960543,0.0396708326670976,0.0623673372714149,0.0767084157889768,0.0857566623099204,0.0736834810813614,0.0547212494253102,0.0355835325678941,-0.00171099431525928,-0.0300132347129946,-0.0320620159364732,-0.0225330294429158,-0.0136521683575267,-0.0077200062103883,-0.00109733068918366,-0.000905786471962443,-0.000356371640297923,-0.000791029300627335,-0.00321349439035664,NA
158,"TWN","Taiwan",NA,NA,NA,NA,NA,NA,NA,NA,NA,0.0467720950941355,0.0466670503752873,0.0418171072618314,0.0355377149073499,0.0286035246285139,0.0199276718879597,0.00898279054678164,-0.00233519316496156,-0.0121681552109704,-0.0186945181668264,-0.0216452955966978,-0.0190790266195453,-0.0161834694656813,-0.0144990456077729,-0.0130106492490043,-0.012632661771566,-0.0130758235871056,-0.015304532342388,-0.0184878305997505,-0.0207318934774418,-0.022961222698758,-0.0240103273434579,-0.0269149342401993,-0.0285164318602229,-0.0287330964044888
762,"TJK","Tajikistan",NA,NA,NA,NA,NA,NA,NA,NA,NA,-0.00125373025368579,-0.00121491970608766,-0.00126499553253867,0.00485317406021268,0.0144043038571926,0.0168858650482082,0.0191762090342209,0.0219616916157555,0.0261694763463958,0.0306178571859932,0.0328836078147845,0.0337725520189285,0.0336543447425479,0.0323093915130706,0.0311598776544497,0.0308483937093116,0.0311845887132287,0.0278907520709006,0.0257119717139187,0.0260815610058842,0.0242097805840711,0.0209984120605073,0.0182981921495498,0.0154941570913507,0.0123065561195088
834,"TZA","Tanzania",NA,NA,NA,NA,NA,NA,NA,NA,NA,0.067241313742233,0.0653172914043751,0.0593102589029855,0.0508460665006758,0.0419553357198739,0.0425076109677549,0.0434448448344955,0.0428199270309144,0.0385824242452311,0.0340763578578358,0.0301153579251614,0.0276653666972124,0.0260112288087762,0.0236585529039925,0.0236195773377275,0.0196714564166371,0.0183663873108078,0.0179892945580873,0.0159011481924911,0.013785887797839,0.0146852544639682,0.0152338555479277,0.0171487687573155,0.0175274220966639,0.0186253999174337
764,"THA","Thailand",NA,NA,NA,NA,NA,NA,NA,NA,NA,0.0265646649667395,0.0182218413038155,0.00958725534229776,0.00467567987163275,0.00482999349663737,0.0094668271258449,0.0183079411885432,0.0289692769167404,0.0383859682258223,0.0359058122455402,0.035244730933125,0.0324306417943954,0.0246072539690423,0.0200850585305086,0.0181731937688667,0.0201748058054623,0.0224792935029043,0.0238714095839119,0.0232021298770688,0.0194435876097649,0.0175831974950444,0.0115883082064852,9.87281606446011e-06,-0.00289269259888786,-0.00646688338490944
626,"TLS","Timor-Leste",NA,NA,NA,NA,NA,NA,NA,NA,NA,-0.0186667990467047,-0.0306274131841663,-0.0386846443388885,-0.0360159318026315,-0.0303353024636307,-0.0209351980848114,-0.014568476395128,-0.00666087355605327,0.000239341993584823,0.00533469289964952,0.015942478715621,0.0108516652710287,0.00267387415416276,0.00182016727090573,0.00523803079429586,0.00959555777667931,0.0120843764143745,0.0141360875631178,0.0142856199603016,0.0146152251390987,0.0139924314452404,0.0121001158274066,0.0085136744897365,0.00499976854902995,0.00523646360543184
768,"TGO","Togo",NA,NA,NA,NA,NA,NA,NA,NA,NA,0.0260549016084357,0.032646288435773,0.0346514262760538,0.034459412018389,0.0345736401734464,0.0343262128298467,0.032441015553351,0.0342991952633027,0.0310479167809594,0.0266940653616841,0.0391636389405616,0.0478360693179283,0.0502481790557858,0.0488180587836462,0.0416640316267205,0.030963679009951,0.0228018313679965,0.0135256766438394,0.00390486264712786,-0.0036245806566485,0.00292975168853649,0.00994146529293882,0.0177527567459019,0.0253752356979116,0.0250131237903306
776,"TON","Tonga",NA,NA,NA,NA,NA,NA,NA,NA,NA,-0.00844044847399517,-0.0168772543195074,-0.0211678882567053,-0.0246146357884327,-0.0231090207924196,-0.0182070972258258,-0.0161951378050973,-0.0133880603166335,-0.00908178840769569,-0.00392711924107536,0.00585743137255703,0.00432166486516458,-8.17383570955732e-05,-0.00466062412796298,-0.00586077948061592,-0.00734548917065014,-0.0108698701835126,-0.0112308916924064,-0.0132683220762718,-0.0115701696195216,-0.00768103110827822,-0.00508228369815922,-0.00626512030560422,-0.00838408513443023,-0.00836717706912415
780,"TTO","Trinidad and Tobago",NA,NA,NA,NA,NA,NA,NA,NA,NA,0.0850403876929695,0.0309894604353087,-0.00280054302578459,-0.0432347028080861,-0.0844355570486243,-0.0999443699454002,-0.088980911671773,-0.0563623563847125,-0.026278970108543,0.00449062835182978,0.0436771738210433,0.0406535636169345,0.0431844312636287,0.00600222919679605,-0.038513931404216,-0.0749764953919724,-0.0909120980400604,-0.0900194019830688,-0.0865790036968318,-0.0865725720610845,-0.0811744190549692,-0.053164956372444,-0.00806905391952859,-0.00448097541139779,-0.00166426324902325
788,"TUN","Tunisia",NA,NA,NA,NA,NA,NA,NA,NA,NA,0.0386356501630598,0.0377442145227074,0.0371474329778176,0.0346114365303691,0.033490133022172,0.0318342700163827,0.030163913935974,0.0272292434535863,0.0253195488454503,0.0222306312244585,0.0239271886988344,0.0209062066393828,0.0137260792668465,0.00788174643450223,0.00292309418185388,0.00177378387558824,0.00254590085254947,0.00289371172450981,0.00617901412627297,0.00797729836132066,0.0126871083750222,0.0114071863625438,0.00836651951145129,0.00456006218397786,-0.000331763735366606
792,"TUR","Turkiye",NA,NA,NA,NA,NA,NA,NA,NA,NA,-0.00240738499147708,-0.00193182483199972,-0.0045242749176555,-0.00456967959991494,0.00198169409078974,0.00545680334560328,0.0122451197191116,0.0262618244336494,0.0394236937599401,0.0457407536565682,0.0497181021585651,0.0530416890925289,0.0449037793790519,0.0367286755307921,0.0239196277682909,0.00872261626802873,-0.00568786532460663,-0.0175508454817096,-0.0237718622913576,-0.0319293600167341,-0.0424351746303371,-0.0537127083607097,-0.0652178974476688,-0.0744056587482027,-0.0840831424978609
795,"TKM","Turkmenistan",NA,NA,NA,NA,NA,NA,NA,NA,NA,-0.00577678174866201,0.0120997951400394,0.0440471451382944,0.0789685860008951,0.101939801033855,0.121087153851406,0.115087189424835,0.070044782443087,0.0297544140725097,0.0465714838193956,0.0200593422617423,0.00896725969428913,-0.00214583784775957,0.0558228296050853,0.104331063379957,0.155494691646149,0.18978975301671,0.164096394820652,0.112919538781924,0.111397151823592,0.0643948365600469,0.0237577616763798,-0.0380983333777392,-0.0392895904411854,-0.0367154939000681
796,"TCA","Turks and Caicos Islands",NA,NA,NA,NA,NA,NA,NA,NA,NA,NA,NA,NA,NA,NA,NA,NA,NA,NA,NA,NA,NA,NA,NA,NA,NA,NA,-0.038541580446328,-0.0398727695620987,-0.0326586031330114,-0.020109717751184,-0.00646956238070251,-0.0117662121608096,-0.0108688160687127,-0.0101945724048855
798,"TUV","Tuvalu",NA,NA,NA,NA,NA,NA,NA,NA,NA,NA,NA,NA,NA,NA,NA,NA,NA,NA,NA,NA,NA,NA,NA,NA,NA,NA,NA,NA,NA,NA,NA,NA,NA,NA
800,"UGA","Uganda",NA,NA,NA,NA,NA,NA,NA,NA,NA,0.0230113594580572,0.0210410714103391,0.0198366679859481,0.0202265678983922,0.0209118300079101,0.0219205019389694,0.0238764251356638,0.0265696502889066,0.0290636580666244,0.0315915688588198,0.0341083257091455,0.035520911004582,0.036181923381275,0.0362838200095932,0.0370644428881388,0.0374878429636534,0.0385701105242779,0.038347907824545,0.0368319325885924,0.0352245006086729,0.0316636690945615,0.0298916325925658,0.0288576661820381,0.0261425830131652,0.0230228473625826
804,"UKR","Ukraine",NA,NA,NA,NA,NA,NA,NA,NA,NA,-0.0037015628483552,-0.0044448641538335,-0.00676902750869866,-0.0186595208433709,-0.0459009691106994,-0.0369882187467304,-0.0277062308821304,-0.0259416840676189,-0.0142673000666076,-0.00406030051809947,-0.00351262041226352,0.000762847289624835,-0.00174947736806008,-0.00373549105561466,-0.00495735959804363,-0.00205916517686301,-0.000502721190044394,-0.00039839578423948,-0.00145853700690915,-0.00206462382246522,-0.00351038630715744,-0.00408959208063371,-0.00488999607899433,-0.00871414991338416,-0.0147931132303881
784,"ARE","United Arab Emirates",NA,NA,NA,NA,NA,NA,NA,NA,NA,-0.00845816788353237,0.00645919729113942,0.00842568747563943,0.0178627425145501,0.0186215369955445,0.0184623212638695,0.00617675670936868,-0.00852807347808371,0.00188920507017287,0.0110471171228435,0.012125567649002,0.0119152032922105,0.00998574412367614,0.00332728458489551,0.00516096681763134,8.99918599064353e-05,-0.0146049158993374,-0.0296898997386323,-0.0327225883712741,-0.0270209295693337,-0.0342929188428139,-0.0356878447947299,-0.0377996993209421,-0.0364941165411554,-0.0240499876966409
826,"GBR","United Kingdom",NA,NA,NA,NA,NA,NA,NA,NA,NA,-0.00619437569411951,-0.0239813007589461,-0.0351116296262312,-0.0465723618146499,-0.0541042172945735,-0.0604920311480567,-0.0635495346496526,-0.0633610820744173,-0.0604696513334377,-0.0567320093092996,-0.055176118376588,-0.0570801356249685,-0.0607717794507212,-0.0605084596853718,-0.0627547145356625,-0.0642791221740351,-0.0606212520123164,-0.0581066106387172,-0.0512312509580273,-0.0435082985681075,-0.0404024276376003,-0.0368405398274662,-0.0326301330831729,-0.0287475388657601,-0.0308964871700604
840,"USA","United States of America",NA,NA,NA,NA,NA,NA,NA,NA,NA,-0.0314720770859918,-0.0318134048510303,-0.0330261996567073,-0.0333958284731881,-0.0347688309912587,-0.0330023721166308,-0.0303055437551526,-0.0256079457617474,-0.0245536428988615,-0.0252749517882946,-0.0279889034121953,-0.0272148174372709,-0.0348570956798326,-0.0455877124037452,-0.0518176113340588,-0.0560188180599366,-0.0596504752703652,-0.0644015684551367,-0.0697217778893051,-0.070670561690811,-0.0687641521868183,-0.063836177106385,-0.0598950248016173,-0.0537620903158964,-0.0453204881845601
858,"URY","Uruguay",NA,NA,NA,NA,NA,NA,NA,NA,NA,0.00462179304858368,-0.0048547803277541,-0.0132960109126845,-0.0201561665708274,-0.0215951779009883,-0.014895034436906,-0.00881092182998182,-0.00193515077669973,0.00145962374456432,0.0211186434505684,0.0369572270896621,0.0511837540358924,0.0588946650648141,0.0582541959979228,0.0529822872063632,0.0472642204918363,0.0411143730687524,0.0333092831696749,0.0225482924849547,0.017842504724368,0.00991633164091277,0.00592844493967282,0.00204053350066347,-0.00425974348177296,-0.0125443325194908
860,"UZB","Uzbekistan",NA,NA,NA,NA,NA,NA,NA,NA,NA,-0.000755170021410851,-0.000532726788231561,0.0057377712416955,0.00528358047105781,0.00152669461489841,-0.0043485751109279,-0.0096387314720634,-0.00631137446758678,-0.000818614971902914,2.68703083607935e-05,-0.00010740263231202,-0.000159396554812179,0.00212735809039999,0.00299621516101301,0.000444911877644233,-0.00682020844024467,-0.0128242783655734,-0.0130781654013914,-0.0114289222636316,-0.00898895677698675,-0.00865172368755895,-0.00105253338249101,-0.000429921632128738,0.000851271481623561,0.000381944689847379
548,"VUT","Vanuatu",NA,NA,NA,NA,NA,NA,NA,NA,NA,0.00142615660058731,-0.00762716935431007,-0.0137260139715376,-0.0171427944895105,-0.0190054598416649,-0.0200593133171657,-0.0226031112518104,-0.020827637640903,-0.0123136527043015,-0.00212709686807857,0.0117619734427938,0.0163565101879508,0.0210549238941804,0.0239554956745125,0.0278288467857066,0.0271789579973551,0.0226781005656422,0.0153385982451832,0.0106625517213903,0.00615623137858012,0.00349646324709174,0.000262958157654549,-0.00277271892916175,-0.0065304162481995,-0.00709410791267584
862,"VEN","Venezuela",NA,NA,NA,NA,NA,NA,NA,NA,NA,NA,NA,NA,NA,NA,NA,NA,NA,NA,NA,NA,NA,NA,NA,NA,NA,NA,NA,NA,NA,NA,NA,NA,NA,NA
704,"VNM","Viet Nam",NA,NA,NA,NA,NA,NA,NA,NA,NA,0.0300293166821322,0.0284305383619623,0.0270030001534329,0.0258190227117332,0.0299572787570124,0.0314544039345166,0.0293560002997586,0.0240373278091135,0.020336793232332,0.0170717803214162,0.0143781471697508,0.0108402759028465,0.00616438190198254,-0.000103056234072252,-0.00440988521430485,-0.00504426659228197,-0.00984105252305634,-0.0133965429887333,-0.0156583587622234,-0.0130817306334683,-0.00846683054198338,-0.00662824246981064,-0.00692425976712219,-0.00746730224470371,-0.00530259525542887
876,"WLF","Wallis and Futuna Islands",NA,NA,NA,NA,NA,NA,NA,NA,NA,NA,NA,NA,NA,NA,NA,NA,NA,NA,NA,NA,NA,NA,NA,NA,NA,NA,NA,NA,NA,NA,NA,NA,NA,NA
732,"ESH","Western Sahara",NA,NA,NA,NA,NA,NA,NA,NA,NA,NA,NA,NA,NA,NA,NA,NA,NA,NA,NA,NA,NA,NA,NA,NA,NA,NA,NA,NA,NA,NA,NA,NA,NA,NA
887,"YEM","Yemen",NA,NA,NA,NA,NA,NA,NA,NA,NA,0.00761851289210869,0.00595587371818862,0.0204874974040239,0.0281296319849993,0.0360532992052265,0.0506954990354129,0.060608604282415,0.0610161498833528,0.052140082032788,0.0412360450446259,0.0372993004236382,0.0271417224948067,0.00819081074583394,-0.0272364242049651,-0.0271028226820058,-0.0273491540064789,-0.0196442737608884,-0.0122685733171564,-0.00997048457244347,-0.009769256846619,-0.006788506818481,-0.00872545863152886,-0.00834529563078172,-0.00532585039509023,-0.00427376418331367
894,"ZMB","Zambia",NA,NA,NA,NA,NA,NA,NA,NA,NA,0.0182221921905799,0.017733108418619,0.0182689462111316,0.019693437782784,0.0204690324592867,0.0217475802043339,0.0237963272411548,0.0246847412313094,0.0259772958127995,0.027842214349671,0.0304590694310434,0.0316739311914689,0.0330238414813382,0.0346148409397316,0.0353343451645189,0.0351812186536704,0.0346289662712345,0.0330949153206854,0.0308890069175607,0.0290874024182834,0.0286951274286962,0.0288497177962537,0.0300992436938587,0.0314961037292647,0.0306260055149543
716,"ZWE","Zimbabwe",NA,NA,NA,NA,NA,NA,NA,NA,NA,0.0156967329869409,0.016441960675557,0.0119639460031027,0.00616620914639587,0.00094983815593408,-0.00237604198576096,-0.00350041078967551,-0.00473535203587253,-0.000498358102228784,0.00301033152433777,0.00938061362700589,0.0103034186721749,0.0147148993141608,0.0201353509286,0.0156517441871881,0.00303473555826828,-0.00745379013454062,-0.0110565117744245,-0.0094247983055985,-0.00669120599179762,-0.00144677293971396,-0.000148961621825761,0.00471048956792774,0.0100849860561252,0.0122200565657606
