"code","iso","country","BCR.raw.1990","BCR.raw.1991","BCR.raw.1992","BCR.raw.1993","BCR.raw.1994","BCR.raw.1995","BCR.raw.1996","BCR.raw.1997","BCR.raw.1998","BCR.raw.1999","BCR.raw.2000","BCR.raw.2001","BCR.raw.2002","BCR.raw.2003","BCR.raw.2004","BCR.raw.2005","BCR.raw.2006","BCR.raw.2007","BCR.raw.2008","BCR.raw.2009","BCR.raw.2010","BCR.raw.2011","BCR.raw.2012","BCR.raw.2013","BCR.raw.2014","BCR.raw.2015","BCR.raw.2016","BCR.raw.2017","BCR.raw.2018","BCR.raw.2019","BCR.raw.2020","BCR.raw.2021","BCR.raw.2022","BCR.raw.2023"
4,"AFG","Afghanistan",NA,NA,NA,NA,NA,NA,NA,NA,NA,NA,NA,NA,NA,NA,NA,NA,NA,NA,NA,0.979247265942159,0.986530093005003,0.982563987703919,0.984878496974102,0.987146489896385,0.989561385328385,0.989107311031174,0.986893149900715,0.984402050450327,0.974998900992908,0.964755198557178,0.96261661509095,0.324547050264773,-0.340736417995257,-0.599724235344306
8,"ALB","Albania",NA,NA,NA,NA,NA,NA,NA,NA,NA,0.365864790427409,0.423390236138929,0.726395068794133,0.810178906017387,0.849149655277937,0.827898335534195,0.770385294468297,0.739526115299727,0.507505908812953,-0.463055462668184,-0.577323790479585,-0.713117408432922,-0.704420321277125,-0.738387004094738,-0.557603405954419,-0.406442375076691,-0.0647836984469016,0.623778757600663,0.670448155254689,0.484414833345607,0.0417096056641688,-0.36109014859103,-0.586512088433651,-0.824126275054579,-0.921137127350251
12,"DZA","Algeria",NA,NA,NA,NA,NA,NA,NA,NA,NA,0.355206023568042,0.408421678033707,-0.101614481074938,-0.584542763928706,-0.524742929367341,-0.448466005670651,-0.227398992323533,0.270567573788325,0.553313866668003,0.711759270617944,0.797207700122954,0.915533191016035,0.914377246533425,0.918984083898988,0.938265394630414,0.953334096269884,0.95623574574881,0.927091034954452,0.897732115402462,0.862837823369094,0.827479349516403,0.741380281925444,0.455218863483667,0.0147669556267579,-0.468995892869583
20,"AND","Andorra",NA,NA,NA,NA,NA,NA,NA,NA,NA,NA,NA,NA,NA,NA,NA,NA,NA,NA,NA,NA,NA,NA,NA,NA,NA,NA,NA,NA,NA,NA,NA,NA,NA,NA
24,"AGO","Angola",NA,NA,NA,NA,NA,NA,NA,NA,NA,0.0999506525545713,0.41184561326816,0.689124309017276,0.883558284445145,0.889281085058825,0.902551152434978,0.859994635706149,0.913062455952159,0.953232182131312,0.961980822435745,0.955045777121053,0.957068747413374,0.960652073618032,0.960850211511025,0.97294582208578,0.978242257055744,0.972393010856464,0.965872975355786,0.922508480334122,0.869819596296688,0.832067900164013,0.634868368565682,0.782619979777939,0.744703156735415,0.767457386688434
660,"AIA","Anguilla",NA,NA,NA,NA,NA,NA,NA,NA,NA,NA,NA,NA,NA,NA,NA,NA,NA,NA,NA,NA,NA,NA,NA,NA,NA,NA,NA,NA,NA,NA,NA,NA,NA,NA
28,"ATG","Antigua and Barbuda",NA,NA,NA,NA,NA,NA,NA,NA,NA,0.904042934236729,0.738881481925414,0.663135075216904,0.242962067686867,-0.162685144958332,-0.452784909346462,-0.615221935445744,-0.583680670851393,-0.366964420607919,-0.0531467175418486,0.371909121231886,0.347700637792853,0.444800505528792,0.419444014472926,0.444051537669059,0.457786313507587,0.467117767018746,0.421767033334594,0.289344388376999,-0.145890872974382,-0.302324772943198,0.194823902521439,0.148629647768871,0.158204099590198,0.194790274659631
32,"ARG","Argentina",NA,NA,NA,NA,NA,NA,NA,NA,NA,0.606640068430352,0.0520804524605211,-0.163348337915429,0.0668042522755094,0.177673196589345,0.177766148223973,0.257904989689288,0.326692027757504,0.522457717535062,0.75646084598296,0.856048240672939,0.857141826284874,0.833078703128394,0.516449238210561,0.454221218064903,0.19441913621814,-0.0785690933697666,-0.267268355038662,-0.0892945621037652,0.130403882290546,0.0577958457384277,0.879199900337605,0.912476706371746,0.882769972118323,0.949832050409619
51,"ARM","Armenia",NA,NA,NA,NA,NA,NA,NA,NA,NA,0.777035940765038,0.42995577599968,-0.611005604012773,-0.729459974233975,-0.824614680533805,-0.678064737490897,-0.504438556250822,-0.150917952531536,0.473999375118307,0.88180839875412,0.922906627314948,0.941567751555785,0.939113184277399,0.894376998934246,0.84721352562156,0.798091343085588,0.623702689347757,0.688563183450502,0.595602543477137,0.716473420241459,0.702057293369336,0.571943168246336,0.366103178648053,0.0453413189269333,-0.268902944185681
533,"ABW","Aruba",NA,NA,NA,NA,NA,NA,NA,NA,NA,-0.225023720221202,0.352889502747495,0.915987103450421,0.532099243768386,0.174549365645077,-0.240772209723377,-0.379169581060001,-0.521269483927685,-0.547781638067591,-0.490937402424351,-0.483819335736198,-0.302169194568599,0.151777603400709,0.319815424814196,0.280154835565976,0.188701983240391,0.0300281534492951,-0.122386427711903,-0.338436217977594,-0.610337565289301,-0.556033488413042,0.26534117762063,0.268291186329016,0.370753613400682,0.279960114834906
36,"AUS","Australia",NA,NA,NA,NA,NA,NA,NA,NA,NA,-0.464808712808959,-0.687800407422443,-0.850817683078325,-0.940476510977373,-0.839109111685644,-0.764763133841168,-0.556792195630202,-0.300639933147877,0.390406239613662,0.852277175276747,0.893748092598698,0.867185964431227,0.734279216962887,0.755915440728001,0.853581748434276,0.85990534792579,0.817341908837601,0.669571385610511,0.644325018442524,0.818745174368844,0.755507281632186,0.456808937218146,0.180202820370569,0.0204004842861192,0.305064000154302
40,"AUT","Austria",NA,NA,NA,NA,NA,NA,NA,NA,NA,0.632526726892863,-0.0818311794563559,-0.364662731746975,-0.546832874604314,-0.655353449972172,-0.774164644083756,-0.889378422070176,-0.80011682919464,-0.682044928837311,-0.622236032320086,-0.544965017927177,-0.681580446211735,-0.751095126015569,-0.825972442513457,-0.83086590846391,-0.826736633850258,-0.847320013574161,-0.839782595070077,-0.865385509680115,-0.920143289181227,-0.908547478837527,-0.793681326205484,-0.793632618887499,-0.835109897259408,-0.845338254135464
31,"AZE","Azerbaijan",NA,NA,NA,NA,NA,NA,NA,NA,NA,0.858303090121679,0.789871923810438,0.530477547088515,-0.0329075667146218,-0.329075862155732,0.112628159774473,0.726515376802974,0.8136851689696,0.603556488883274,0.677090050833373,0.567119622610609,0.629568439527556,0.6327782455946,0.604092158309317,0.53885420371415,0.587979477253712,0.719011264657366,0.760214010204308,0.632038991071301,0.675369571617139,0.54245091964709,0.383860800657885,0.191048899113425,0.353147233708069,0.611497745312314
44,"BHS","Bahamas",NA,NA,NA,NA,NA,NA,NA,NA,NA,0.000732416091546117,-0.25620548810797,-0.392054027518258,-0.561816149490875,-0.648095578935112,-0.699467319069651,-0.718797856641076,-0.733963249690599,-0.892980507215408,-0.848687888902839,-0.727340169696256,-0.331691158212657,-0.193075150195029,-0.304698533008305,-0.381505416968812,-0.461921498273569,-0.510593591468491,-0.549409283104725,-0.626738880756028,-0.585031023333646,-0.503368051151909,0.697552380413315,0.63854962511021,0.412991350195398,0.281781133499247
48,"BHR","Bahrain",NA,NA,NA,NA,NA,NA,NA,NA,NA,-0.640829271163856,-0.691358930264352,-0.911386363429371,-0.227415010959542,0.414530682532529,0.693999420656444,0.845698307585553,0.919930811544185,0.957904187116184,0.973846929772776,0.933547464652591,0.814993293076259,0.536250495245172,0.0831571798965333,-0.43433549378375,-0.827887496820979,-0.90286624360325,-0.921717736910141,-0.849120352329443,-0.849668784451352,-0.859113293372907,-0.82957539018758,-0.734736756098502,-0.752599566666033,-0.79156034956753
50,"BGD","Bangladesh",NA,NA,NA,NA,NA,NA,NA,NA,NA,0.98149688588579,0.981431040945061,0.977960193145856,0.979160773230561,0.981295403840655,0.984084865621366,0.991794910746023,0.985353778009386,0.966477978777326,0.950286151686039,0.937475798424452,0.96564645345094,0.97595370671668,0.979999020821854,0.959959240466919,0.924185546012915,0.892169335495335,0.870510300032452,0.876597358371776,0.867106343736107,0.906944266728688,0.881647902228006,0.922136896021309,0.906878684848591,0.916285928771628
52,"BRB","Barbados",NA,NA,NA,NA,NA,NA,NA,NA,NA,0.343796648533893,0.199116352726458,0.333281653873096,0.119812265069764,0.181516516351481,-0.174967177220333,-0.426047777192864,-0.594010738432827,-0.592910266725325,-0.313298790972931,0.0824499157615766,0.204459306924236,0.378410667263696,0.482522684142821,0.621794945552619,0.715525487174061,0.763325757882739,0.787749763986855,0.822649075930602,0.820309454119119,0.661045613796551,0.807903636832618,0.90051163366758,0.76648635079336,0.604176387227907
112,"BLR","Belarus",NA,NA,NA,NA,NA,NA,NA,NA,NA,0.863678754898826,0.697065252621993,0.254636537823767,-0.196018904273911,-0.615503238681143,-0.331330733850607,0.314796732491739,0.852163353673074,0.9303455589774,0.969467804312531,0.967587564232775,0.97304264807495,0.975050200415736,0.974898186321891,0.964510731277452,0.87991427033238,0.607607476165608,0.354219798100336,0.112621003769074,0.206021018768318,-0.00112665188658823,-0.055862812725423,-0.144295450295918,-0.0266863268995755,-0.147968360711075
56,"BEL","Belgium",NA,NA,NA,NA,NA,NA,NA,NA,NA,-0.700912797458089,-0.869606864282645,-0.927510818151498,-0.958092426559103,-0.983150207141279,-0.969442581535632,-0.938601240386756,-0.888044485634567,-0.844377195559816,-0.837989135985724,-0.942812853316524,-0.937242154949771,-0.932069869231708,-0.926239412010346,-0.93962437209231,-0.928631240684946,-0.944405284763683,-0.954699436364013,-0.957101856510602,-0.964019509209592,-0.947297689251469,-0.89121037739315,-0.89205099312676,-0.874082481561457,-0.87541014408597
84,"BLZ","Belize",NA,NA,NA,NA,NA,NA,NA,NA,NA,0.86433515101037,0.916891586119462,0.938008920227441,0.729463975202306,0.533679182270094,0.345589621552639,0.149426642357811,-0.136016046444845,-0.337658388120406,-0.528745444745306,-0.188466969402831,0.227936668622383,0.686794797282076,0.682989314559031,0.625422698673307,0.544447523199037,0.462833887589252,0.425605964576988,0.435026231900884,0.394252181446686,0.47268084195547,0.860980821266017,0.669775967451873,0.398179885645271,0.221757634887636
204,"BEN","Benin",NA,NA,NA,NA,NA,NA,NA,NA,NA,0.868955778488169,0.215445190416296,-0.190842157437717,-0.439785499620154,-0.579311862506248,-0.655228676602355,-0.693984671923724,-0.313162496122758,0.262444756549253,0.724519765447039,0.979460863742715,0.94091951856393,0.896753034936988,0.839954829539634,0.85086080606419,0.871263963457114,0.890623250861927,0.901034928934882,0.928636231907552,0.954577174366498,0.983559300562288,0.980900078007277,0.732639737560454,0.445685042867266,0.131640002863024
60,"BMU","Bermuda",NA,NA,NA,NA,NA,NA,NA,NA,NA,0.00529496698662925,-0.0611410819773493,-0.0553949612410863,-0.595430534577551,-0.712252582325616,-0.752193493681641,-0.799394880959684,-0.842407643223106,-0.84864540798463,-0.838651897027714,-0.709229453757126,-0.56566318546916,0.0856027200053171,0.506242845924208,0.68010082401346,0.851379614109166,0.871957456800912,0.867299477733515,0.833350348926954,0.889520757645941,0.8060978032358,0.693709180938448,0.712685545700777,0.192690148943563,-0.287731353344544
64,"BTN","Bhutan",NA,NA,NA,NA,NA,NA,NA,NA,NA,-0.334305128105287,-0.52582186296864,-0.564407852794571,-0.321021062819607,-0.331265893283246,-0.356267500305084,-0.437686595872466,-0.311754236519801,-0.306118901587065,-0.155113204672855,0.306426348272231,0.415807288848078,0.566289828075653,0.858177983378456,0.90875409445303,0.923403184028537,0.936602877195082,0.920399162020668,0.859356368546348,0.798580022371073,0.83202515864585,0.776346502737973,0.708996727670682,0.617451392031067,0.702445052159827
68,"BOL","Bolivia",NA,NA,NA,NA,NA,NA,NA,NA,NA,-0.317914392040186,-0.430133556174042,-0.494394564316466,-0.65643100108888,-0.391837707859005,0.255922238512058,0.697974152194468,0.915597602454031,0.92243492004968,0.922332947701955,0.98631350239469,0.987324327211655,0.990488536845714,0.971032767672884,0.953941136503787,0.959326451455869,0.911859360383841,0.818713882248107,0.745959157056176,0.676438963038315,0.213183892602278,-0.0372712551960266,-0.100422951120382,-0.113027262497905,-0.035698258501186
70,"BIH","Bosnia and Herzegovina",NA,NA,NA,NA,NA,NA,NA,NA,NA,-0.552415719712296,-0.565577896949034,-0.562771769814865,-0.51119764499077,-0.411379810913126,-0.523447975296538,-0.702382054674742,-0.941882149090162,-0.916483430585035,-0.789010376695338,-0.69300179983328,-0.544617286944241,0.0151652611793798,0.487360641083641,0.574998860042004,0.642155654120583,0.792425191308355,0.811837037040534,0.653842369453218,0.382503224297005,-0.0702232073159948,-0.411004802307839,-0.712866401065662,-0.882987149475824,-0.934005845965596
72,"BWA","Botswana",NA,NA,NA,NA,NA,NA,NA,NA,NA,0.899135435173608,0.910882571922054,0.913167865407699,0.920540506654287,0.875624994532046,0.749840363404857,0.40647102461977,-0.0183781398919375,0.182213101429568,0.486179322107124,0.442339829901682,0.502739818047176,0.691857239577377,0.790693486493595,0.875860349730603,0.89550994377707,0.884156849814033,0.838730585393972,0.785592542917347,0.811499482005145,0.689573811649072,0.488437753337136,0.163827650170005,-0.0695194578327077,0.152412202667451
76,"BRA","Brazil",NA,NA,NA,NA,NA,NA,NA,NA,NA,-0.903047688524757,-0.840159275068657,-0.806227822421284,-0.367891300720782,0.0461737184840612,0.588768624950456,0.799015457241773,0.896151499439827,0.940422563799228,0.964716466424883,0.970807480291974,0.986873977061366,0.973344298961261,0.953408593965143,0.87413878400658,0.728130268773409,0.381722368851935,0.0180951584315274,-0.141149819420245,-0.13580534611042,-0.145768467712692,0.349317467375013,0.347210719738146,0.126559888582629,-0.343277195140362
92,"VGB","British Virgin Islands",NA,NA,NA,NA,NA,NA,NA,NA,NA,NA,NA,NA,NA,NA,NA,NA,NA,NA,NA,NA,NA,NA,NA,NA,NA,NA,NA,NA,NA,NA,NA,NA,NA,NA
96,"BRN","Brunei Darussalam",NA,NA,NA,NA,NA,NA,NA,NA,NA,0.569140919099029,0.613125948694745,0.820039714932062,0.754684901165234,0.703720350464255,0.706669059620887,0.816555403747205,0.771229390268823,0.657697537784671,0.371977858289592,0.156526586058761,-0.0649566473682306,-0.130415526325601,-0.086532306152726,-0.0582428967045173,-0.11046662660305,-0.135909529779266,0.209570610037278,0.227595096963938,0.178382602609985,-0.0465055519875516,-0.368240257092921,-0.358281743844303,-0.355323917571686,-0.464155644849853
100,"BGR","Bulgaria",NA,NA,NA,NA,NA,NA,NA,NA,NA,0.757717813905179,0.506442385369991,0.279778665701085,0.234332129763765,0.507642233992244,0.657607798769505,0.815536197630895,0.847237601331761,0.698262779873155,0.583962714428522,0.460254432495546,0.224147539364218,-0.295571692993494,-0.769456668102783,-0.808591818066114,-0.844387443409676,-0.779506472037962,-0.591776829928347,-0.717341218323438,-0.72549392888898,-0.743643320407417,-0.727898535513617,-0.392233959715374,-0.574882603808467,-0.750297440066932
854,"BFA","Burkina Faso",NA,NA,NA,NA,NA,NA,NA,NA,NA,0.980747453902621,0.981506767435296,0.984481484387175,0.985309650623769,0.983355442188211,0.984533757252756,0.990220991354412,0.991331184681421,0.99244710666118,0.994274042248009,0.994453891039125,0.994791323816344,0.974189786436342,0.9246336103609,0.871701923510828,0.809329260255834,0.760412455064937,0.770380146546665,0.797603392892732,0.836551299946028,0.858058735739416,0.958573853022885,0.987294556235698,0.989613183147838,0.987273314950139
108,"BDI","Burundi",NA,NA,NA,NA,NA,NA,NA,NA,NA,-0.805393783695342,-0.809697222210068,-0.756482660958667,-0.555017360782039,-0.237700188701108,0.688953031523929,0.937908935048991,0.956982309828815,0.965878345563554,0.984134131721328,0.985844501543536,0.984645596183629,0.972180299796689,0.953004178170222,0.924668801460245,0.910656666607428,0.899586181378027,0.908488368108634,0.917786629267826,0.938482829214766,0.940179647430251,0.970985816081112,0.980843993556774,0.978576158056012,0.966748355449623
132,"CPV","Cabo Verde",NA,NA,NA,NA,NA,NA,NA,NA,NA,0.98883303664735,0.989737487509311,0.990923898504844,0.990264134192611,0.990537735529776,0.986858051778536,0.986954364179748,0.985853350372117,0.989909353234372,0.88323702071617,0.831038805250641,0.753347089285163,0.721829323290366,0.690120445835925,0.573586984287725,0.351515538251491,0.286663670681594,0.383632096674526,0.97038085670971,0.983441405550714,0.973940311764453,0.613541697469076,0.469476679204468,0.560729440152842,0.610826833014493
116,"KHM","Cambodia",NA,NA,NA,NA,NA,NA,NA,NA,NA,-0.201449424943107,0.0186054675428095,0.270491246788819,0.513938009724218,0.82487887988767,0.932043276568829,0.929186247540461,0.944757242625351,0.978849172236804,0.976087538452808,0.967811696824841,0.970191807321057,0.977565812074227,0.977722054797055,0.980100880037443,0.985230627193042,0.984180406868727,0.981116087868093,0.959514124706136,0.881505241699779,0.858295503965246,0.851434987571642,0.821758144844185,0.642079040225567,0.400893823918504
120,"CMR","Cameroon",NA,NA,NA,NA,NA,NA,NA,NA,NA,0.439136526085828,0.773399666472276,0.918338355983918,0.976934630164248,0.98083204279899,0.983659467639088,0.985727893540435,0.838013318826851,0.261402733485446,-0.122039284146494,-0.368412047352075,-0.566845529243128,-0.695490622920543,-0.461804966548326,-0.0527803931324478,0.42211414277487,0.879643493043764,0.987290626556709,0.984292605793596,0.983947543291823,0.97975077834498,0.979908324552131,0.993751786776501,0.992954625181618,0.972476792742564
124,"CAN","Canada",NA,NA,NA,NA,NA,NA,NA,NA,NA,0.955163739501062,0.942550452949188,0.870320705987453,0.831361504329466,0.860934886785636,0.869000919721188,0.776708996135733,0.352359814029135,-0.0591457996015333,-0.504665413850798,-0.578197932778196,-0.636248459513703,-0.823885500818971,-0.917662030042081,-0.94449192372972,-0.936797176390438,-0.941978511716514,-0.944719748177369,-0.959994519286015,-0.969324138957088,-0.971657526568353,-0.920770667335734,-0.904314047347076,-0.85220243775957,-0.823919416334312
136,"CYM","Cayman Islands",NA,NA,NA,NA,NA,NA,NA,NA,NA,NA,NA,NA,NA,NA,NA,NA,NA,NA,NA,NA,NA,NA,NA,NA,NA,0.124797250639825,-0.0590460810191731,-0.301389256142404,-0.511291001066874,-0.446299414948962,-0.482658089316879,-0.665894072407958,-0.649992277189567,-0.60291099572394
140,"CAF","Central African Republic",NA,NA,NA,NA,NA,NA,NA,NA,NA,0.878620516463144,0.942491248992618,0.966350321454332,0.95351108608605,0.933176006735362,0.913163664601053,0.917929161490918,0.907241439691248,0.90737034594566,0.948829416838312,0.944980573609473,0.952942526859282,0.89721238817654,0.734540541471845,0.624600317369012,0.670105147381062,0.702348699436091,0.719402767130821,0.718810725666935,0.714410872766504,0.662960247921814,0.565701838190727,0.154232671940849,-0.901663940541766,-0.889008067938905
148,"TCD","Chad",NA,NA,NA,NA,NA,NA,NA,NA,NA,0.812975689548237,0.792370920610823,0.848544388626659,0.936693189403282,0.919696101698991,0.891920096288605,0.919387697557832,0.946143594556465,0.968116970269592,0.982077418786838,0.969389006784144,0.967796014737002,0.961635302149523,0.893680738245691,0.783258926253658,0.672195733601394,0.630028180777983,0.546412706464364,0.374806252758447,0.202158034710188,0.204644176768872,0.563299103071583,0.832320720708157,0.837586473938856,0.823909912760335
152,"CHL","Chile",NA,NA,NA,NA,NA,NA,NA,NA,NA,0.610858635730873,0.277779503773682,-0.1673573941905,-0.411382780647827,-0.745024050161526,-0.661168997733467,-0.216543095357075,0.662604396030987,0.830402173498959,0.907158199732201,0.948344842860695,0.951703511191664,0.960629172933523,0.978933663114639,0.975045529691474,0.978269103237926,0.974136623478542,0.965437921113455,0.961770487251095,0.96758038954166,0.914886364401766,0.783964000739693,0.105536657393208,-0.338849852967234,-0.563728637305933
156,"CHN","China",NA,NA,NA,NA,NA,NA,NA,NA,NA,0.546482015956656,0.227692280575936,-0.1189903434202,-0.523630708921559,-0.709829510217224,-0.545601209059412,-0.0218438486565468,0.438809305678812,0.874189861033047,0.882797087607361,0.760561792035625,0.582928663967905,0.314068077173071,-0.12852217466179,-0.744146152317646,-0.920097043119649,-0.932759539569592,-0.942308028187243,-0.954300916327281,-0.969930228915134,-0.981544871018251,-0.981853610389501,-0.96107830454433,-0.947423942152723,-0.924434961682577
170,"COL","Colombia",NA,NA,NA,NA,NA,NA,NA,NA,NA,-0.640098910005125,-0.625013311206969,-0.612920501711143,-0.701986131343975,-0.711931722570821,-0.579245001367124,-0.407439534427336,0.00316627836601939,0.56538977361294,0.802164118688344,0.929014913059653,0.945137193139996,0.959289696302319,0.960867849880641,0.910418021623389,0.934790703126308,0.935430027615535,0.906344658989614,0.753568869353716,0.559210487751071,0.292559873399598,-0.0535215251144574,-0.428559700723225,-0.848714260729763,-0.838704189573168
174,"COM","Comoros",NA,NA,NA,NA,NA,NA,NA,NA,NA,0.86257508908864,0.887895043493413,0.934849531491021,0.926415526110998,0.947462703411798,0.947404092495102,0.960504699678852,0.953714658232054,0.955647721219163,0.956014337131649,0.958100625198889,0.962606761562225,0.921987573606337,0.861879922389177,0.78127738061284,0.70583917080839,0.706452758062126,0.671864194990886,0.650932385884472,0.676321588795937,0.71689936464006,0.883312605223333,0.957223224217944,0.987587490924858,0.981221842223081
184,"COK","Cook Islands",NA,NA,NA,NA,NA,NA,NA,NA,NA,NA,NA,NA,NA,NA,NA,NA,NA,NA,NA,NA,NA,NA,NA,NA,NA,NA,NA,NA,NA,NA,NA,NA,NA,NA
188,"CRI","Costa Rica",NA,NA,NA,NA,NA,NA,NA,NA,NA,-0.856979387319552,-0.749088798042709,-0.398660200910201,0.476371500178835,0.640895023460987,0.76717589383219,0.874526936434285,0.976206103854844,0.971651128243068,0.938633082656596,0.906463032744319,0.866839641945492,0.745530048697986,0.50606171012765,0.224512204521339,-0.464461166490411,-0.898528795732967,-0.91435191063514,-0.928356400570758,-0.946440648154332,-0.963604909511289,-0.852721115788381,-0.857685869477102,-0.855072549289171,-0.794770472410608
384,"CIV","Cote d'Ivoire",NA,NA,NA,NA,NA,NA,NA,NA,NA,0.877096959164569,0.915444078501573,0.920232647289663,0.882320398762957,0.750065096312538,0.197377058268955,-0.0521266441391831,-0.289603270598658,-0.21315828964886,0.137558904759983,0.34972531640265,0.579907489408909,0.694859058215585,0.804224982794053,0.851287170212417,0.865755618571257,0.579056007798424,0.290771559388163,0.128424125735331,-0.169299031952981,-0.49505839845389,-0.688582936523768,-0.180122818920259,0.262514408909386,0.607793871711238
191,"HRV","Croatia",NA,NA,NA,NA,NA,NA,NA,NA,NA,0.504413796390512,0.841759991609917,0.937496938194118,0.954311071990719,0.957354722212279,0.942743284512091,0.938999096093985,0.835718436190677,0.617642936574138,0.345358699213061,0.00831380062680261,-0.213847861935914,-0.341740052332354,-0.365021577777796,0.0138144099938745,0.424226538522878,0.750706472638373,0.698262352971472,0.306195591601245,-0.415968555962724,-0.656980343148354,-0.67923826684125,-0.756612399247411,-0.776809610258483,-0.822363632169771
192,"CUB","Cuba",NA,NA,NA,NA,NA,NA,NA,NA,NA,NA,NA,NA,NA,NA,NA,NA,NA,NA,NA,NA,NA,NA,NA,NA,NA,NA,NA,NA,NA,NA,NA,NA,NA,NA
531,"CUW","Curacao",NA,NA,NA,NA,NA,NA,NA,NA,NA,NA,NA,NA,NA,NA,NA,NA,NA,NA,NA,-0.826393990369395,-0.90652515185155,-0.919393980126706,-0.875193970275808,-0.760140738143311,-0.558973710654235,-0.318937202454724,0.375850399706794,0.857606700980926,0.8513313871379,0.878226329130708,0.838260862784928,0.903816598779618,0.92370773356616,0.915944165252944
196,"CYP","Cyprus",NA,NA,NA,NA,NA,NA,NA,NA,NA,0.769212037889316,0.534679637063103,-0.138788282059127,-0.523624770904941,-0.666597912175533,-0.887544334081672,-0.812666041746769,-0.879566716303431,-0.937241803097238,-0.958849334819581,-0.970908418765645,-0.977600130366215,-0.975798397390875,-0.940431877667523,-0.64191810694366,-0.0505104614700051,0.418349772009576,0.679180835000282,0.552309866259582,0.230905185888555,0.104381699126939,-0.0672019228083454,-0.182619257709512,-0.246531717646441,-0.624311704590145
203,"CZE","Czechia",NA,NA,NA,NA,NA,NA,NA,NA,NA,-0.551428932478968,-0.930876484511734,-0.940270556632265,-0.917668004239505,-0.849108783834327,-0.707249714051679,-0.782400151690277,-0.821556240504833,-0.86455591429108,-0.951652898455038,-0.959514003411071,-0.946233950570332,-0.949088694255173,-0.950118616460041,-0.947213622070326,-0.885462498923873,-0.836067403120961,-0.862297829647929,-0.910525930561255,-0.947263276339557,-0.962569249989837,-0.885169737430249,-0.887575913615693,-0.883866087609001,-0.849514893525461
180,"COD","Dem. Rep. Congo",NA,NA,NA,NA,NA,NA,NA,NA,NA,-0.891786729687885,-0.903656691162419,-0.940321712864953,-0.959911826724949,-0.856878441574513,-0.570964137282601,-0.0304981504755483,0.531847485099655,0.803536939549494,0.932147266499708,0.982054475673656,0.988808121577808,0.991462103741114,0.408457008879571,0.147146745801906,0.226324611745736,0.321099257850261,0.390578778461124,0.521313987870654,0.496210526937931,0.534629079167171,0.658292961716413,0.880465098743102,0.869374765437756,0.845598406898728
208,"DNK","Denmark",NA,NA,NA,NA,NA,NA,NA,NA,NA,-0.91489039129375,-0.948054787235461,-0.951900110606316,-0.95869859598471,-0.987451366793564,-0.989800602498014,-0.970885269073341,-0.905010161515629,-0.866384666268711,-0.858756631631178,-0.628263139916127,-0.527351444552612,-0.40878602065122,-0.292356401131738,-0.177359988732148,-0.179359505303842,-0.296032348479972,-0.559110714570911,-0.768443041606811,-0.908711215742888,-0.91531495231285,-0.937282872043551,-0.918080613659259,-0.910373504078521,-0.905113886266389
262,"DJI","Djibouti",NA,NA,NA,NA,NA,NA,NA,NA,NA,-0.729929258632962,-0.629692932611501,-0.537759230658978,-0.118133028747817,0.328975071508121,0.698910542040273,0.83506316971939,0.861067053082981,0.936176375470912,0.950190063304117,0.959641913602421,0.957286788200097,0.696747243054608,0.43517492036159,0.0923820671707166,-0.401274744054752,-0.604848029682042,-0.692002582785396,-0.384734991255945,0.123389243624344,0.448555048696159,0.911299111887683,0.936723185900875,0.966226053856682,0.968196122502364
212,"DMA","Dominica",NA,NA,NA,NA,NA,NA,NA,NA,NA,0.876353976791381,0.788042944989594,0.794206880659847,0.459025911657076,0.0136920986902408,-0.452521076416694,-0.555720745746817,-0.650787653031933,-0.0470642926901127,0.193649637319131,0.522994995936623,0.679129457987947,0.234668476235576,0.0155407883962482,-0.0899848909827828,-0.228576989104542,-0.273677128063025,-0.345213685468692,0.192740134969957,0.148665155050439,0.0742723277883427,0.45925248718197,0.62468044782942,0.555340313165111,0.439064381800313
214,"DOM","Dominican Republic",NA,NA,NA,NA,NA,NA,NA,NA,NA,0.822051680478121,0.837234215884669,0.816398989590803,0.815572146337226,0.723665104463384,0.663534314172734,0.674382289203633,0.790528971737874,0.922580998164693,0.812455418302764,0.698854372403613,0.617921650551017,0.28222819888765,0.183383905879044,-0.292699695541398,-0.828552832816885,-0.552347124492249,0.119559253156622,0.529272791886801,0.7364185679142,0.858778520111036,0.927595908853671,0.93461794332859,0.896778263695228,0.843685171973887
218,"ECU","Ecuador",NA,NA,NA,NA,NA,NA,NA,NA,NA,-0.0250074049797896,-0.059395194295275,0.0412378544878309,-0.0598762970220043,-0.0835200880859076,0.141775100452866,0.432564835785084,0.767659253450004,0.921558774330163,0.973269763363444,0.962602542813722,0.938311820047885,0.927479501351846,0.942582507427347,0.953446169367459,0.958341572382479,0.971564280947424,0.966434942484254,0.953925990718564,0.852051966123275,0.662827172604581,0.359699562336884,-0.0241914768797639,-0.00725885146568144,0.218796940602628
818,"EGY","Egypt",NA,NA,NA,NA,NA,NA,NA,NA,NA,0.993891771018886,0.987065315189216,0.979979329226098,0.978676377131398,0.962429661876577,0.967048596308143,0.968951878113085,0.971470434043881,0.979722347921687,0.982432042604475,0.992120612777345,0.994042881371855,0.993551149398661,0.985972758490079,0.983571241034555,0.98377088358882,0.979410277132717,0.974840777510792,0.922760444885563,0.828034554496069,0.418657252607333,0.113428685881182,0.176204363435932,0.234395615519829,0.247908489864413
222,"SLV","El Salvador",NA,NA,NA,NA,NA,NA,NA,NA,NA,0.966070618672012,0.958682549375922,0.951368119208675,0.96487314417334,0.951722876360996,0.920729679317656,0.919213477041482,0.947393092940826,0.817830582247398,0.703998773089311,0.682955182292407,0.619973500059945,0.267492049498608,-0.0873889190098401,-0.606255293492967,-0.853929560085527,-0.882843978733109,-0.853748840206277,-0.772062685944909,-0.693960853377411,-0.531133134867188,-0.264476830514232,-0.034492499017685,0.441384682323615,0.572424965155003
226,"GNQ","Equatorial Guinea",NA,NA,NA,NA,NA,NA,NA,NA,NA,0.928898314395859,0.949961363356083,0.763046327329919,0.865903967783161,0.673859858053934,0.80575254201756,0.843591214365256,0.875926798674881,0.850799711679395,0.767744016593985,0.70131036264487,0.61020286551647,0.38791497749942,-0.350924813462004,-0.75764672795342,-0.657529763633287,-0.600925609328301,-0.216433383028242,0.173868112101296,0.219488941074334,0.164380953206649,0.210693349868845,-0.977404308112139,-0.953656320631766,-0.946538643316237
232,"ERI","Eritrea",NA,NA,NA,NA,NA,NA,NA,NA,NA,NA,NA,NA,NA,NA,NA,NA,NA,NA,NA,NA,NA,NA,NA,NA,NA,NA,NA,NA,NA,NA,NA,NA,NA,NA
233,"EST","Estonia",NA,NA,NA,NA,NA,NA,NA,NA,NA,0.87348954889471,0.774881181198887,0.760812777521136,0.775442144278009,0.834497662049292,0.842683849287065,0.856240484419819,0.760202789150242,0.869699297063823,0.88282241934715,0.841674063990012,0.621284450233841,0.517114400898212,0.380638847305607,0.391011049681008,0.359870304858707,0.183442350680044,0.291196266444483,0.33604624644766,0.351464538028974,-0.567239366612065,-0.641330714432905,-0.742612433205775,-0.793139744864477,-0.76875457068501
748,"SWZ","Eswatini",NA,NA,NA,NA,NA,NA,NA,NA,NA,-0.842360420307679,-0.828014093261598,-0.813263356159081,-0.863979206338417,-0.93664135121882,-0.941625423814937,-0.916736213719569,-0.840030837107412,-0.768197306313797,-0.743068937486923,-0.231839106741015,-0.140219203299493,0.156660446408941,0.201738813608823,0.518111502048046,0.603259301111937,0.63595176152517,0.614118490496673,0.107957238301684,-0.29704662106648,-0.224071477812427,-0.455048674020359,-0.661482590446166,-0.76724168892541,-0.611212392285375
231,"ETH","Ethiopia",NA,NA,NA,NA,NA,NA,NA,NA,NA,0.876401773841539,0.957246913687613,0.973346844069166,0.975826929778458,0.958641931250005,0.95828008833313,0.934133955030134,0.937890553623563,0.958913580673328,0.961030411666608,0.96887394449248,0.973187894464478,0.982675721801221,0.991075897673623,0.992130504209807,0.993132059258007,0.994770704639545,0.998397504504286,0.997445281944815,0.998113243583239,0.99816936764879,0.996181359564835,0.993057481056425,0.99231812594864,0.982104592482888
234,"FRO","Faeroe Islands",NA,NA,NA,NA,NA,NA,NA,NA,NA,NA,NA,NA,NA,NA,NA,NA,NA,NA,NA,NA,NA,NA,NA,NA,NA,NA,NA,-0.911530410339978,-0.945623241654545,-0.915218231085141,-0.875260973354957,-0.744891118874896,-0.531268345304307,NA
238,"FLK","Falkland Islands",NA,NA,NA,NA,NA,NA,NA,NA,NA,NA,NA,NA,NA,NA,NA,NA,NA,NA,NA,NA,NA,NA,NA,NA,NA,NA,NA,NA,NA,NA,NA,NA,NA,NA
242,"FJI","Fiji",NA,NA,NA,NA,NA,NA,NA,NA,NA,-0.657644605673881,-0.684668559852637,-0.780582240383129,-0.83437776947951,-0.86108456990693,-0.700155806999015,-0.526907199659832,-0.258593164953134,-0.0836365552528138,0.095732457740549,0.249458970643431,0.32125945396403,0.560445527565187,0.289380661352461,-0.113518402691584,-0.115984804275421,-0.141003824303166,-0.12661491310166,-0.227060437429378,-0.248872171409984,-0.717837108846828,-0.357658144097564,0.0672289592791981,0.0511109879569685,0.00919265012011401
246,"FIN","Finland",NA,NA,NA,NA,NA,NA,NA,NA,NA,-0.832918671033003,-0.950434293150639,-0.962119206130474,-0.976500592124431,-0.98138601091477,-0.964011049785423,-0.959105620817288,-0.948058269330612,-0.950607690408064,-0.959798142328271,-0.81820411518792,-0.810633211814094,-0.776363853652479,-0.683361758054097,-0.422247821908356,0.0564334980547153,0.380177517737994,0.353089267304033,-0.143403208840105,-0.658092468901177,-0.706267642106964,-0.703941827866754,-0.80352588961293,-0.850007655563474,-0.80726508372159
250,"FRA","France",NA,NA,NA,NA,NA,NA,NA,NA,NA,-0.66246453309503,-0.912882658826178,-0.968661765714261,-0.984817201205684,-0.99144144545326,-0.989400275013598,-0.98661795774004,-0.979623240167709,-0.967949585763122,-0.973143734651389,-0.958885788177206,-0.956521970216574,-0.953506868909464,-0.944592066877509,-0.930614200233565,-0.909246846542414,-0.895533811090091,-0.896842415021144,-0.940938937247691,-0.98087799872107,-0.973351980683052,-0.675549689655942,-0.684997727549834,-0.697713855562503,-0.715006284601131
258,"PYF","French Polynesia",NA,NA,NA,NA,NA,NA,NA,NA,NA,NA,NA,NA,NA,NA,NA,NA,NA,NA,NA,NA,NA,NA,NA,NA,NA,NA,NA,NA,NA,NA,NA,NA,NA,NA
266,"GAB","Gabon",NA,NA,NA,NA,NA,NA,NA,NA,NA,0.77669308468951,0.618245347822402,0.46094388715566,0.356051490073157,0.276830854618587,0.323723277472892,0.59831492748418,0.543698730599436,0.673177648618947,0.884876075918991,0.848271890468552,0.871838029925376,0.724751052519478,0.674975793371833,0.815485724382253,0.862269383859635,0.891203452405606,0.885491971269797,0.817368632975979,0.636829704818063,0.417868352602872,0.339799576255837,-0.148714008186547,-0.813198100900296,-0.871838639956038
270,"GMB","Gambia",NA,NA,NA,NA,NA,NA,NA,NA,NA,0.970393477134931,0.970807221000062,0.969171372134598,0.96726511142463,0.973157392513859,0.979484909814818,0.966467676416878,0.937559928242759,0.899765745722978,0.907735876242475,0.921369216438836,0.922821258186963,0.921826880011213,0.899734368848285,0.876824515190893,0.93850280592217,0.953369580904346,0.968080309535048,0.96379926662129,0.972101101195244,0.972714367921132,0.984261718424124,0.982513217898138,0.982707413303333,0.97094367401281
268,"GEO","Georgia",NA,NA,NA,NA,NA,NA,NA,NA,NA,0.924937636215557,0.792102239006506,0.240995054936945,-0.586728936247755,-0.633913215897936,-0.547710348021066,-0.843899699452771,-0.790524020094037,-0.285842120953273,-0.0703931573173736,0.346954062420724,0.644849890738838,0.723449270473611,0.742519261588953,0.820772497761094,0.903492806807633,0.89700969731418,0.895614628175433,0.825524142914609,0.458792905412908,0.105176881232316,-0.168978653993573,-0.465565828866833,-0.842827995373726,-0.841084614380119
276,"DEU","Germany",NA,NA,NA,NA,NA,NA,NA,NA,NA,-0.952566776208382,-0.970836551950036,-0.967724810004508,-0.98729714066142,-0.987782988589196,-0.991414344270154,-0.98948839798949,-0.93981104216042,-0.875427936156631,-0.849484663249843,-0.736425190134126,-0.735307845207435,-0.810848360277594,-0.830052777321408,-0.821927407532366,-0.830861245889898,-0.832561614652971,-0.85531346161396,-0.898113079689037,-0.962424476235262,-0.958199072326074,-0.892863123002073,-0.889710747622416,-0.883378748552379,-0.811958270048283
288,"GHA","Ghana",NA,NA,NA,NA,NA,NA,NA,NA,NA,-0.0382200651822033,-0.449698285329321,-0.836606657100408,-0.952085465620431,-0.974791437806555,-0.979260388860025,-0.981853932026405,-0.978663614905085,-0.978310912588293,-0.881442545773575,-0.681438970041493,-0.430461702333191,0.239207508406337,0.769034146115778,0.922049560402067,0.977610993480077,0.987292409442845,0.986311221445025,0.982384910321874,0.98222230174598,0.986500351195391,0.981139891745996,0.938492707743438,0.89852091849227,0.851906736556723
300,"GRC","Greece",NA,NA,NA,NA,NA,NA,NA,NA,NA,-0.48500651912493,-0.803091007318652,-0.860238553813996,-0.837275546004898,-0.670456601156742,-0.735491355714161,-0.766322088663685,-0.612919551094947,-0.57811034078991,-0.542412492789109,-0.395671722597445,-0.278416710795607,0.1845186609981,0.655871274147689,0.881237897747539,0.922845051302238,0.966426249110307,0.98753658644906,0.986345681211982,0.966217622613918,0.82050454412777,0.590609804040494,-0.176331705054123,-0.431450283881058,-0.556380060736067
304,"GRL","Greenland",NA,NA,NA,NA,NA,NA,NA,NA,NA,NA,NA,NA,NA,NA,NA,NA,NA,NA,NA,NA,NA,NA,NA,NA,NA,NA,NA,NA,NA,NA,NA,NA,NA,NA
308,"GRD","Grenada",NA,NA,NA,NA,NA,NA,NA,NA,NA,0.884987376979266,0.731500843575884,0.65416315041088,0.399602709417498,-0.0556266472928686,-0.459335547317787,-0.694399623683014,-0.813613284306794,-0.791863756572423,-0.55205141409339,-0.219969081581388,0.0120662922731856,0.0771716777653439,0.134358183931189,0.160240389320617,-0.0537223162166168,-0.195628224601758,-0.266139190262966,-0.272125647283458,-0.254888605800348,-0.079420230303377,0.753235175989122,0.619544550817568,0.551403462849553,0.478018053582775
320,"GTM","Guatemala",NA,NA,NA,NA,NA,NA,NA,NA,NA,0.874766385780261,0.905691116305969,0.936311394864606,0.906749537733844,0.929908867668718,0.950692188514537,0.965885335481465,0.954626669138181,0.926156558689524,0.890963685761526,0.884239483888803,0.896042871134537,0.962364100213993,0.961380171467715,0.964829259472955,0.972081887359781,0.977806149616708,0.978158498553929,0.979667962354111,0.986726448790173,0.98650625987529,0.984754813585145,0.986209857912894,0.985031511773434,0.969478636583522
831,"GGY","Guernsey",NA,NA,NA,NA,NA,NA,NA,NA,NA,NA,NA,NA,NA,NA,NA,NA,NA,NA,NA,NA,NA,NA,NA,NA,NA,NA,NA,NA,NA,NA,NA,NA,NA,NA
324,"GIN","Guinea",NA,NA,NA,NA,NA,NA,NA,NA,NA,0.835865312321255,0.718040883663682,0.53461402916091,0.21070529091117,-0.206080359541572,-0.581296312364989,0.198043814048693,0.629571291995808,0.806413461299092,0.900899034676137,0.946986335686027,0.968360938082463,0.959272605074375,0.90770362408078,0.855922884660367,0.791382265631813,0.726259932946569,0.644421547775303,0.773838363455717,0.86710178482588,0.893977304358972,0.985436351815036,0.992138248033969,0.993826593888018,0.988700221301207
624,"GNB","Guinea-Bissau",NA,NA,NA,NA,NA,NA,NA,NA,NA,0.73134888000241,0.691948423987388,0.692915524460168,0.681891264838851,0.645955527824385,0.582255725214614,0.661757066716628,0.770784293508857,0.942672551318807,0.968858599333365,0.978227628846768,0.967566636847113,0.871712161157445,0.829839586301472,0.737982220384503,0.535059963786498,0.222711944424659,-0.167973239565363,-0.199779693028603,0.0135409072623243,0.37819318582758,0.892626697729171,0.943722367142132,0.953504482090684,0.93181814469166
328,"GUY","Guyana",NA,NA,NA,NA,NA,NA,NA,NA,NA,0.895766576460572,0.939468180850608,0.957510295186804,0.935185565717982,0.526337488573678,0.124245732672082,-0.20774189435707,-0.649469602135075,-0.591834307489727,-0.650028086604472,-0.764752024029514,-0.709484754604403,-0.410654875562405,0.0552822358092239,0.0422338852546821,0.277341866887796,0.547909106937314,0.59555804460291,0.708925874883516,0.70142849081665,0.579855199002938,0.11739396406758,0.429104555994941,0.739513296292602,0.80695285291762
332,"HTI","Haiti",NA,NA,NA,NA,NA,NA,NA,NA,NA,0.0704534682959129,0.365396785573073,0.722052056165528,0.913725264447555,0.972799133331526,0.967310478713133,0.97267954650595,0.973475314985105,0.976677316495201,0.974673903434594,0.964207494846254,0.932646519200513,0.934669502666634,0.931814561475367,0.9304771559904,0.917576809957053,0.913875069882433,0.904296318933245,0.903449392163334,0.909534132380599,0.960345035537421,0.948141864266921,0.902919248279619,0.782619602243292,0.620395813522349
336,"VAT","Holy See",NA,NA,NA,NA,NA,NA,NA,NA,NA,NA,NA,NA,NA,NA,NA,NA,NA,NA,NA,NA,NA,NA,NA,NA,NA,NA,NA,NA,NA,NA,NA,NA,NA,NA
340,"HND","Honduras",NA,NA,NA,NA,NA,NA,NA,NA,NA,0.588650430733168,0.351557797882477,0.231962781203696,0.160581648576268,0.191739060022988,0.267966228380896,0.343351214764179,0.437125387053562,0.756128754864752,0.987857999200689,0.982314680307196,0.980984707839728,0.976907986890374,0.9745906687223,0.981996362203279,0.979228211059903,0.972712114258583,0.970024444091226,0.423947548813048,0.0899250267173612,-0.214813273044794,-0.405093863791384,-0.5698262805726,-0.670793331603468,-0.695819717112263
344,"HKG","Hong Kong",NA,NA,NA,NA,NA,NA,NA,NA,NA,0.531691085550374,0.433990337814723,0.251288212313251,-0.0488572816688285,-0.297998298496786,-0.582777741017763,-0.727112552876127,-0.826027330653176,-0.862309929387241,-0.835333107881695,-0.829217386506655,-0.777858277333168,-0.677566825855226,-0.527143929444323,-0.0496911570583196,-0.0792180803885934,0.136221726513791,0.0874326560851731,0.089226400295238,-0.261003222022597,0.166021982367615,0.252670310920149,0.000650265762724185,0.00896445971680259,-0.0438418233605795
348,"HUN","Hungary",NA,NA,NA,NA,NA,NA,NA,NA,NA,0.237688075915946,-0.598328690664007,-0.833270182537499,-0.908132869730111,-0.839878212194772,-0.856803625333981,-0.583026854490128,-0.397771339701129,-0.348845085690148,-0.322756227890975,-0.0333456395829854,-0.0445023920170834,0.207193972095008,-0.0669620752298219,-0.202363112038213,-0.65800803089542,-0.520156706513514,-0.480695756946875,-0.570735027830124,-0.85884546898731,-0.953033776563862,-0.951783366843127,-0.952614730492964,-0.948259628070864,-0.94222223185505
352,"ISL","Iceland",NA,NA,NA,NA,NA,NA,NA,NA,NA,0.818314346478563,0.762891672207424,0.441457446600387,0.318155396253266,0.33117442476982,0.430783747388191,0.3287468683974,-0.102387599306243,-0.478712842132787,-0.672556812167984,-0.676938621950428,-0.637744173489908,-0.665407323312573,-0.639293785617721,-0.584967030635547,-0.391009774470767,-0.143292864621646,-0.210316643970408,-0.536506790350412,-0.80392327218199,-0.934375156770829,-0.847082538710682,-0.840990331034948,-0.884552499578074,-0.893175742151468
356,"IND","India",NA,NA,NA,NA,NA,NA,NA,NA,NA,0.942344834332425,0.930031316070305,0.887843648511676,0.884469974980569,0.892888386736433,0.905304014997219,0.920793308387812,0.946185582510803,0.98970556177417,0.914444874915328,0.943024371357551,0.960052148175029,0.960227336720958,0.958756213248099,0.937884241345356,0.907254686347245,0.864599802621104,0.812267915481731,0.924752208988211,0.864029299548479,0.641667060685804,0.179452483917901,-0.227901309836434,-0.371687312637113,-0.44485716021424
360,"IDN","Indonesia",NA,NA,NA,NA,NA,NA,NA,NA,NA,0.96487990518451,0.94401713601587,0.914420221466541,0.880839343221633,0.87315949734032,0.89411175204316,0.82434854191159,0.688552667279184,0.455893409105255,-0.163453533249948,-0.340673737105804,-0.0167304205548178,0.455331824712414,0.636872628069539,0.625193315840993,0.600657272251155,0.432984737142396,0.0877148346808181,-0.303145914489716,-0.520999704078491,-0.607847349850265,-0.700267409495808,-0.518898077129597,0.0942669268896737,0.52627096994101
364,"IRN","Iran",NA,NA,NA,NA,NA,NA,NA,NA,NA,0.88597427568154,0.875215360540978,0.908967209028335,0.932271843788242,0.959017950837026,0.966355732007667,0.972706051951299,0.975218970409017,0.982319282163637,0.977661725099427,0.975061196364013,0.96914825298224,0.923744518971117,0.85176413359064,0.752645680682037,0.468064815161155,-0.164582137339471,-0.718908373500757,-0.786653019687411,-0.767178977832832,-0.68849475726292,-0.732441659378127,-0.780887852807132,-0.657291347252877,-0.409735976702044
368,"IRQ","Iraq",NA,NA,NA,NA,NA,NA,NA,NA,NA,0.777453751387601,0.838532714450881,0.933163182891412,0.934079900992609,0.92556673598631,0.942675732981353,0.942588582419932,0.869498717678671,0.822722570921156,0.498916637955364,0.313510254868082,0.246142947557905,0.283604597432986,0.626859166204606,0.655822310379147,0.495042213965311,0.461123167054996,0.331610082157786,0.549272077212848,0.556784021275259,0.571304827355266,0.463755872736213,0.317710041751805,0.613214059860483,0.75649206043196
372,"IRL","Ireland",NA,NA,NA,NA,NA,NA,NA,NA,NA,0.575780022933099,-0.0848881071088385,-0.355981087794689,-0.605237115231173,-0.757889432860135,-0.84682670106282,-0.918463968254041,-0.931203234520133,-0.971785290218772,-0.952358287001792,-0.767233296385173,-0.618244596689866,-0.48318673065967,-0.352480596365572,-0.209389446859356,-0.265667569452807,-0.427807433704641,-0.571056376419421,-0.75616022706404,-0.885939825714459,-0.948117020389576,-0.985061970775665,-0.973868065629478,-0.959580190475177,-0.957077976021557
833,"IMN","Isle of Man",NA,NA,NA,NA,NA,NA,NA,NA,NA,NA,NA,NA,NA,NA,NA,NA,NA,NA,NA,NA,NA,NA,NA,NA,NA,NA,NA,NA,NA,NA,NA,NA,NA,NA
376,"ISR","Israel",NA,NA,NA,NA,NA,NA,NA,NA,NA,0.750734524481461,0.720899494254109,0.643921641755933,0.567090254049566,0.458007936761434,0.143279756041389,-0.345474339708913,-0.552468966088641,-0.543318297231565,-0.676123011189401,-0.827842607755829,-0.827757434487564,-0.864270398915488,-0.876269590185027,-0.864722868907203,-0.876984254874005,-0.943675547735543,-0.975458453802444,-0.968182459329828,-0.947437314168597,-0.903652575610269,-0.904671211005629,-0.867778708654206,-0.828229054866632,-0.845334354456511
380,"ITA","Italy",NA,NA,NA,NA,NA,NA,NA,NA,NA,-0.993392695140964,-0.985418687765723,-0.989024531572394,-0.989992939485368,-0.989742884711895,-0.99424903897201,-0.992369739467497,-0.987606058363145,-0.963904537699156,-0.957892088713904,-0.509467943545797,-0.152508424980902,0.0632425931252103,0.423524648028765,0.734994278993174,0.844145672311301,0.883134165917842,0.8290436175066,0.644813499529067,0.125460544805428,-0.0743114735679919,0.173696328598205,-0.109711920488852,-0.383353168251922,-0.49918570172228
388,"JAM","Jamaica",NA,NA,NA,NA,NA,NA,NA,NA,NA,-0.318702820753674,0.0397844922794617,0.30183385601567,0.600008887675706,0.793198890058396,0.75764167870364,0.717029087109454,0.810028283886938,0.858024216320343,0.68958941320094,0.625958380445075,0.5871038327898,0.553593986745625,0.727627233985247,0.814019286432037,0.826609959810367,0.7807021679407,0.419559188370305,-0.245438602593726,-0.0151169189974278,0.253091790527472,0.192966902118967,0.301253153429805,0.407051598987843,0.476457507972046
392,"JPN","Japan",NA,NA,NA,NA,NA,NA,NA,NA,NA,-0.728450713377337,-0.803904583470221,-0.810533225156267,-0.799137831018477,-0.830558230974566,-0.867081647060467,-0.860500325058013,-0.937998404045784,-0.979891805224436,-0.923441284982267,-0.584847164897455,-0.500642577152158,-0.393855053938774,-0.255102978894094,-0.17306075782641,-0.167458385736479,-0.325243425883051,-0.56258736207802,-0.864877969728479,-0.969520714676379,-0.985627310435613,-0.825699659489475,-0.735641011272963,-0.614333663971453,-0.553008719197768
832,"JEY","Jersey",NA,NA,NA,NA,NA,NA,NA,NA,NA,NA,NA,NA,NA,NA,NA,NA,NA,NA,NA,NA,NA,NA,NA,NA,NA,NA,NA,NA,NA,NA,NA,NA,NA,NA
400,"JOR","Jordan",NA,NA,NA,NA,NA,NA,NA,NA,NA,0.590021641633459,0.735136843332891,0.871027242519814,0.904429392687891,0.916905654207939,0.955873140736874,0.988598747025204,0.957338631306322,0.950400780491243,0.708751892532344,0.552280533965673,0.28738604962779,0.0269317553620595,-0.457467757963942,-0.765884837299138,-0.859539025223267,-0.86425362461371,-0.870753985861056,-0.771150312260183,-0.767131545628634,-0.756917724071821,-0.713928643634956,-0.672464383251856,-0.600940098373069,-0.77168328174701
398,"KAZ","Kazakhstan",NA,NA,NA,NA,NA,NA,NA,NA,NA,0.936329899047686,0.907155878368643,0.637091042767117,-0.0654488422362875,-0.460257785437935,-0.0389780026896004,0.59096748641121,0.755933291608722,0.820990910209675,0.913567632119168,0.926739313823234,0.910488933223386,0.907171884088211,0.903138840882479,0.902719420255319,0.894904645862518,0.895796272308365,0.871889437925417,0.76853924353536,0.591480319181455,0.0312478995298733,-0.513270494680499,-0.865265345459813,-0.914530235681745,-0.888067304763582
404,"KEN","Kenya",NA,NA,NA,NA,NA,NA,NA,NA,NA,0.979905729215243,0.979027420166866,0.984016446328631,0.983309938801867,0.984101351323686,0.98156477832277,0.975524612287009,0.980454281612763,0.981945743333926,0.988433492349237,0.983663879700447,0.987516543539688,0.984908758288987,0.976751562717833,0.9747896155034,0.973527459021786,0.975541675457243,0.978635595426102,0.987416540356506,0.990212239216748,0.990470634641451,0.98841284426175,0.977319028266972,0.970539090712569,0.950565441910151
296,"KIR","Kiribati",NA,NA,NA,NA,NA,NA,NA,NA,NA,-0.738828834210504,-0.650374460362068,-0.779249961198594,-0.781416751182482,-0.772063861810498,-0.727517614160534,-0.727642550060169,-0.220556153799176,-0.0172860314224273,0.133427443188086,0.558459863257401,0.676259592337528,0.664478473855237,0.565638240837095,0.632217940203684,0.628421713901127,0.535192350344274,0.489062554602611,0.290960029155755,0.172766323825393,-0.362222608851751,-0.373923854123876,-0.662646169702007,-0.9567145465225,-0.95874697833075
689,"XKX","Kosovo",NA,NA,NA,NA,NA,NA,NA,NA,NA,NA,NA,NA,NA,NA,NA,NA,NA,NA,NA,0.818366573296505,0.83644399515124,0.849975735657579,0.829594745870054,0.748026252611565,0.623945871796811,0.57059942596659,0.679243722943766,0.758155852213531,0.820061599415991,0.823108386420985,0.813657823951068,0.743569516815256,0.162133407488655,-0.33203974911171
414,"KWT","Kuwait",NA,NA,NA,NA,NA,NA,NA,NA,NA,-0.737188530834284,-0.831243624184101,0.452246080781223,0.727159990454755,0.93103344007893,0.941834052465105,0.947269690243476,0.955406508670128,0.963025794505609,0.938252814759952,0.917380058652914,0.751605896258477,0.391891646838096,0.408422969774779,0.567103167528272,0.695675040583082,0.716020336163839,0.769172319269196,0.781292672587096,0.750448309678181,0.66747617193821,0.445476952146578,-0.123516945037896,-0.340643539262053,-0.345995054684014
417,"KGZ","Kyrgyzstan",NA,NA,NA,NA,NA,NA,NA,NA,NA,0.985638981613182,0.953806982851254,0.836447234341859,0.564398473951481,0.583597426339848,0.695569076871788,0.681763398030293,0.810350766287526,0.819370486356073,0.905209962548094,0.961224066034348,0.976714779732597,0.98603888580437,0.956179757369753,0.968430907129238,0.890896897090243,0.780931298567583,0.562139668967587,0.459228985607731,0.464019857941312,0.288451295651316,-0.0891864115789667,-0.304729686084563,-0.185651651198375,0.331400153568441
418,"LAO","Laos",NA,NA,NA,NA,NA,NA,NA,NA,NA,-0.966068326870042,0.347363562549241,0.613732278460821,0.762193571856969,0.851231313429832,0.894949043935464,0.889650885762096,0.866486775262446,0.849312084737837,0.860215699387109,0.987491655788362,0.973407907805699,0.932429455967985,0.867612678108653,0.78504448157025,0.72274688498377,0.735223037682899,0.783021073301835,0.804749137101998,0.871466889410509,0.701387371052338,0.519136091038813,0.282352143368011,-0.0217207786622863,-0.402248614994087
428,"LVA","Latvia",NA,NA,NA,NA,NA,NA,NA,NA,NA,0.692792993141221,0.511268555734189,-0.264790923063492,0.135623978888317,0.684844266322541,0.801796923629903,0.852691815988273,0.879860617296293,0.892614895935309,0.79703251059869,0.747657238019431,0.593453598016923,0.371826200400321,0.17741193891066,0.193085225273162,0.366076933375742,0.31539928162833,0.126476147542152,-0.330932147089088,-0.471047119658071,-0.351195425191192,-0.308891468134622,-0.440142502855482,-0.460629341982093,-0.472899085527299
422,"LBN","Lebanon",NA,NA,NA,NA,NA,NA,NA,NA,NA,0.874430295653253,0.666597796750121,0.344709964689567,-0.382674234923583,-0.616139634102858,-0.609064637725321,-0.360860487689219,-0.253818242197992,-0.1401504573826,0.44822368963637,0.785321449788828,0.77751811303771,0.781385080417389,0.508684126666584,0.604368633614607,0.662118080797547,0.711324869647007,0.758724908177939,0.791648463809117,0.787611579586562,0.699605521327454,0.481654435882675,0.728382940903484,0.876858653350711,0.918076095022002
426,"LSO","Lesotho",NA,NA,NA,NA,NA,NA,NA,NA,NA,0.779508744482952,0.764842791631461,0.794490618195788,0.694334016923235,0.465816279621946,-0.0942169196306299,0.429023379842958,0.581176545225922,0.614634472304163,0.725177948202628,0.831550853078082,0.904827158319026,0.883272323274214,0.786073550073851,0.655211801129907,0.427349414974811,0.155001771674862,-0.255185169164269,-0.933319597251745,-0.924513499676581,-0.9281066376583,-0.709156735693519,-0.279284493497099,-0.073356054233977,0.0058294169358374
430,"LBR","Liberia",NA,NA,NA,NA,NA,NA,NA,NA,NA,0.828557772863776,0.912974863005469,0.967950287487537,0.983038997296227,0.937490045984104,0.873933346819377,0.745678673728094,0.536176666352247,0.283455063767955,0.108564366768294,0.137379424689005,0.486776679275068,0.737689779318711,0.950730002276099,0.918911598347889,0.895987226761308,0.86264834511629,0.822685729122562,0.770256420676548,0.667548428922984,0.35807424838122,0.328623778700593,0.304061544224672,0.406993656953127,0.534944756098919
434,"LBY","Libya",NA,NA,NA,NA,NA,NA,NA,NA,NA,0.420724480681379,0.387538438813946,0.514449049250362,0.532740500722784,-0.357640654910595,-0.623135550929608,-0.0461599370317833,0.24363104362038,0.240233406177875,0.422996701325725,0.56315245948631,0.710230419776686,0.854126776717435,0.799581696386714,0.768869514533947,0.716951182252734,0.776751813580699,0.785300954514887,0.839207201137082,0.836177961021204,0.84373181874085,0.851593969428482,0.799019259714732,0.641858791949285,0.575727234186586
438,"LIE","Liechtenstein",NA,NA,NA,NA,NA,NA,NA,NA,NA,NA,NA,NA,NA,NA,NA,NA,NA,NA,NA,0.265628205944178,0.0348148672489896,-0.0188195679342604,0.0397291420504148,0.0763759156381824,0.101622118573601,0.177715610730201,0.0391879165159932,-0.435986933492881,-0.749257386605016,-0.72299823339007,-0.793132508290096,-0.637301678441799,-0.457049991043042,NA
440,"LTU","Lithuania",NA,NA,NA,NA,NA,NA,NA,NA,NA,0.923245347743344,0.819263804872034,0.0780216151314131,-0.306715389593055,-0.0997499829905779,0.418285643583582,0.626752034385138,0.754525080258332,0.850635267895373,0.978146247659067,0.986102854932784,0.983946260697676,0.961737179117549,0.947820929964015,0.935669130138489,0.899328903269412,0.903684241960786,0.929783866860792,0.952652469733789,0.946234710320332,0.849512053594713,0.68912059427483,0.647690711577285,0.124021719569872,-0.434447253661724
442,"LUX","Luxembourg",NA,NA,NA,NA,NA,NA,NA,NA,NA,-0.356594455460345,-0.899762427523162,-0.91222354975167,-0.920605200215388,-0.912742582782827,-0.751309513159132,-0.645177330355866,-0.67095106999067,-0.708327793407588,-0.719726793014256,-0.672129294153609,-0.7761938737484,-0.823549714790011,-0.882296005078228,-0.935278641918349,-0.927582680939959,-0.898223387235424,-0.862919692782128,-0.9105833443998,-0.938877933683423,-0.893085921843792,-0.915053270146893,-0.901396581472947,-0.883965080913914,-0.835105740038427
446,"MAC","Macao",NA,NA,NA,NA,NA,NA,NA,NA,NA,0.394478966132306,0.0787241121689915,-0.261585903069249,-0.589174934087841,-0.652556463253592,-0.418636804428681,-0.491680126236343,-0.508071189389968,-0.665436058157769,-0.74764506462224,-0.681415988402663,-0.789597998801062,-0.837861927522703,-0.879744006782822,-0.93561654772489,-0.941655096081047,-0.883632974664715,-0.785449525858019,-0.699427513585038,-0.64768547940981,-0.185163877457223,0.588387927596534,0.744830328434712,0.879379580646208,0.758203913446094
450,"MDG","Madagascar",NA,NA,NA,NA,NA,NA,NA,NA,NA,0.822040182838249,0.893814976852153,0.888300084380485,0.862608434610567,0.866074093411328,0.964899345922156,0.967860729637383,0.968613097678331,0.970607264538466,0.972500845782737,0.976329888637905,0.978959444102541,0.989137719523959,0.981756393155586,0.973729884306998,0.97338070612261,0.977352149789394,0.868351977786671,0.923663274060838,0.942295564123469,0.947150140706477,0.93877953649136,0.94020570621821,0.93119285954,0.879258741948026
454,"MWI","Malawi",NA,NA,NA,NA,NA,NA,NA,NA,NA,0.696480944018932,0.782868804585064,0.803274226169946,0.831681265323333,0.837835721684111,0.872448203648563,0.913301448059862,0.914187088657,0.925802452601817,0.964466971884499,0.970995443105151,0.987849231074757,0.974494969699849,0.953836505873034,0.929132105851643,0.893448922165464,0.84272041955641,0.791231806544087,0.752528921057637,0.726057137320999,0.754837158633062,0.94306496370399,0.980806552058561,0.985445687177949,0.985673307776837
458,"MYS","Malaysia",NA,NA,NA,NA,NA,NA,NA,NA,NA,0.929168410278159,0.924613997237143,0.910987480920065,0.933995450806533,0.939828289153898,0.959160222267967,0.921186235370044,0.871435905823907,0.905053179153901,0.884797493559495,0.836029023787253,0.750482476600511,0.704120385171812,0.588061074901581,0.657751191926457,0.833311419629152,0.797920594241588,0.639204914715339,0.617144634765406,0.52072489086236,0.371890650150584,-0.126209814680005,-0.407350933564369,-0.650893770991628,-0.647402086666799
462,"MDV","Maldives",NA,NA,NA,NA,NA,NA,NA,NA,NA,0.682233219424221,0.667627084354753,0.64417711453971,0.783187651321747,0.768293874403959,0.850329354201952,0.812163191034171,0.86926919845367,0.874683553540534,0.915623600180365,0.867640150731233,0.860379487776406,0.863473299115057,0.893418559444034,0.82325120249034,0.733409100060394,0.50996464626759,0.362079612500946,0.0211417614725963,-0.0181172458604173,0.334428775348722,0.570393525017736,0.571289943378425,0.736078065594663,0.74618878896126
466,"MLI","Mali",NA,NA,NA,NA,NA,NA,NA,NA,NA,0.965813240326583,0.966035388552637,0.954446544515133,0.953373653535159,0.943899571795266,0.96327210598686,0.960154428808395,0.957018812378285,0.94315284134332,0.933208944344383,0.943135823765938,0.978735632537601,0.963674270821534,0.945450926541336,0.930001610327478,0.869762063505731,0.769801368597848,0.724163523311691,0.724741914447233,0.788820680853819,0.82920074024297,0.945768997077384,0.97126342897689,0.976683161802777,0.985172636825391
470,"MLT","Malta",NA,NA,NA,NA,NA,NA,NA,NA,NA,-0.951279102639837,-0.970477186668525,-0.970208587421705,-0.970949969589354,-0.962782972656785,-0.939840981908135,-0.849635138296818,-0.741123859423055,-0.39101768518277,0.219905991256882,0.794021629384803,0.776455040163994,0.711913913265926,0.620976052788052,0.578988864656673,0.563739538572566,-0.0360944834351352,-0.517838201155376,-0.756031317249654,-0.861762355189505,-0.939371063096557,-0.946055155042387,-0.954867412757985,-0.923915944473457,-0.858745887092325
584,"MHL","Marshall Islands",NA,NA,NA,NA,NA,NA,NA,NA,NA,0.155142719873495,0.224771346309908,0.266873354035376,0.298175833039096,0.31567100992386,0.20569062383575,-0.530315410900344,-0.751651071318088,-0.696727370866297,-0.574891565522104,-0.182495635197028,0.205469465170503,0.172686789207046,0.173802981415713,-0.0258011717626451,-0.141776025807888,-0.452681213203623,-0.624573622842454,-0.734611445206825,-0.715162224493558,-0.496827775669417,-0.702915809910467,-0.747526397323094,-0.73621654032381,-0.657242775943294
478,"MRT","Mauritania",NA,NA,NA,NA,NA,NA,NA,NA,NA,-0.0908244922120683,-0.300056321414873,-0.399729417621755,-0.436712948615331,-0.337131981110566,0.00182802131446782,0.488309508939185,0.690807977601308,0.899581096428845,0.92908770072368,0.931034684305943,0.926498746422712,0.915717762278003,0.895830235564726,0.840312125229013,0.713866773488439,0.590585254751508,0.79642264602358,0.870399310874527,0.88541992319051,0.929867087221314,0.96842909444347,0.971776375025474,0.985510450130051,0.96511910788684
480,"MUS","Mauritius",NA,NA,NA,NA,NA,NA,NA,NA,NA,0.69809555084081,0.773085922981133,0.868406675627025,0.921597496601926,0.948045969474738,0.949361377815192,0.939644103772694,0.906431913105196,0.786122533574545,0.702980709045549,0.56989768739199,0.384530115257905,0.101241319631349,-0.420886345859528,-0.70896741987441,-0.780051932205945,-0.606517054994,-0.468607361088171,-0.607853562817868,-0.583846251992455,-0.640201352603304,-0.138543050648601,-0.0125711214225636,-0.0406955757136877,-0.121158169537734
484,"MEX","Mexico",NA,NA,NA,NA,NA,NA,NA,NA,NA,0.929659329585727,0.920332593708341,0.820124585289816,0.748130775157233,0.738935663345978,0.763145237737124,0.667284526402911,0.723537923989548,0.870591673068359,0.964125591708659,0.973968286991667,0.976172275211517,0.937060021185112,0.8469985074112,0.562916969621533,-0.0518405297698714,-0.676770874220488,-0.820636612650651,-0.858151933585135,-0.879504870411254,-0.922331616128532,-0.366441008709882,-0.297826412261925,-0.292505314492598,-0.295849917731064
583,"FSM","Micronesia",NA,NA,NA,NA,NA,NA,NA,NA,NA,-0.472846101525923,-0.644812468528505,-0.665173892734399,-0.742593627075344,-0.792871593055821,-0.759008593389112,-0.771537464582672,-0.781357030646975,-0.698179421414633,-0.435335267914279,0.133536182927151,0.231365691768297,-0.117785910027765,-0.278308282440278,-0.389175294079872,-0.0901083244073712,-0.199897463957877,-0.306573161834256,-0.431777876160796,-0.389165681617635,-0.226571029676335,-0.389075095457083,-0.701463331953377,-0.681322636815672,-0.640596185207696
498,"MDA","Moldova",NA,NA,NA,NA,NA,NA,NA,NA,NA,0.933690953188516,0.88637145986986,0.737870923965117,0.49917796133362,0.564012183206136,0.740219299136305,0.768002789904447,0.812662980092865,0.891149207535641,0.966850277699034,0.96073575737078,0.9571380098247,0.947618826282686,0.925380206036939,0.925590405975687,0.947250907335395,0.949665065111674,0.954356964659953,0.959186982169666,0.92839419723584,0.572213860874939,0.217767794101221,-0.00023435035378042,-0.351335716846512,-0.519799972449856
492,"MCO","Monaco",NA,NA,NA,NA,NA,NA,NA,NA,NA,NA,NA,NA,NA,NA,NA,NA,NA,NA,NA,NA,NA,NA,NA,NA,NA,NA,NA,NA,NA,NA,NA,NA,NA,NA
496,"MNG","Mongolia",NA,NA,NA,NA,NA,NA,NA,NA,NA,0.0673484153949126,-0.212853376052603,-0.097919298206741,0.197513570650459,0.771278295161279,0.851541166783599,0.922767385753017,0.944408464163855,0.963925695024346,0.966800431524624,0.96281851090784,0.970011937276038,0.976854282850433,0.952276173520553,0.93563555880729,0.840979162744582,0.646643251001685,0.47016738510839,0.368484461668474,0.319088868933036,0.450732132921064,0.313635255133347,0.434574228525224,0.518470009202531,0.770317648434908
499,"MNE","Montenegro",NA,NA,NA,NA,NA,NA,NA,NA,NA,NA,NA,NA,NA,NA,NA,NA,0.749799934364581,0.887971015434435,0.933394024774739,0.953552444409307,0.96443850593998,0.96374939413934,0.957275335244717,0.908970674133099,0.74236016444094,0.265683930782191,-0.614631241564537,-0.823574332298838,-0.91454719729525,-0.941328340405496,-0.624588023086487,-0.626709696364137,-0.663446346148018,-0.709706856954261
504,"MAR","Morocco",NA,NA,NA,NA,NA,NA,NA,NA,NA,0.885728982784981,0.890864379765954,0.955082017336624,0.975858714304907,0.97811250429157,0.95037087444652,0.968195426060305,0.968668792762202,0.967787082715674,0.96825416393298,0.969039067268016,0.966684397563322,0.968060901691456,0.968493434223221,0.989490324586645,0.989965127480119,0.99473854034876,0.992173325202268,0.991994124898868,0.992087804059081,0.991587102574353,0.964071157902705,0.961212481540987,0.808034144023701,0.522287574128034
508,"MOZ","Mozambique",NA,NA,NA,NA,NA,NA,NA,NA,NA,0.945616538351511,0.950973626791692,0.86399482553309,0.848885957428841,0.874216003346932,0.885071716785008,0.881100115372054,0.833815040017493,-0.061169262286944,-0.410797583980655,-0.6082666788038,-0.701046596715289,-0.796290622443156,-0.775756031377072,-0.657396817241777,-0.442358034751309,-0.0518409223022374,0.927677671944957,0.939744396647486,0.966308549091282,0.965849487907353,0.996320898894472,0.966828467485328,0.949376340170977,0.95465443011627
104,"MMR","Myanmar",NA,NA,NA,NA,NA,NA,NA,NA,NA,0.944789863132944,0.915481201824618,0.889358159918285,0.908593955700744,0.969813494903651,0.979124496759496,0.989064003638977,0.971370990617213,0.95523577508021,0.823982329864009,0.67850150554965,0.421113918217351,0.0748845050338949,-0.128124881874989,0.023078342537496,0.352312677851236,0.663901784798341,0.816616263587042,0.928106872666173,0.959663980605437,0.974297009304864,0.968489741921061,0.927984578032399,0.89484880642384,0.734841714106827
516,"NAM","Namibia",NA,NA,NA,NA,NA,NA,NA,NA,NA,0.925603272629577,0.858121799858598,0.859864482058755,0.829824601392629,0.800602720569142,0.756410464858449,0.569402498014258,0.468232016921696,0.387418820554788,0.53545639903035,0.571356957158203,0.482816668550802,0.663127521411979,0.670049538932587,0.725764503538401,0.809099686288887,0.831994042901609,0.831504552133067,0.8227081810518,0.852997858146695,0.94141749751753,0.900471789218643,0.756038125260838,0.613833397807465,0.498163001548711
520,"NRU","Nauru",NA,NA,NA,NA,NA,NA,NA,NA,NA,NA,NA,NA,NA,NA,NA,NA,NA,NA,NA,NA,NA,NA,NA,NA,NA,NA,NA,NA,NA,NA,NA,NA,NA,NA
524,"NPL","Nepal",NA,NA,NA,NA,NA,NA,NA,NA,NA,0.997522285491993,0.990854251269257,0.991694297593604,0.986463390661677,0.991211778679254,0.992779670953372,0.994350304244509,0.991580869363298,0.989170214277929,0.986217876806039,0.989076597846375,0.987928735766938,0.996905113142323,0.720035210769404,0.713335600522625,0.728009573751529,0.730864605876013,0.737976901090781,0.788076933570923,0.846463365473216,0.83810511012923,0.870825778038763,0.881637638600421,0.880637451935218,0.844451510761227
528,"NLD","Netherlands",NA,NA,NA,NA,NA,NA,NA,NA,NA,-0.968043284050107,-0.973371594912634,-0.973885410393375,-0.986244666879221,-0.992812292745335,-0.993151482501895,-0.990377768887894,-0.977135645902774,-0.942428372309387,-0.918849861894945,-0.908684083109069,-0.884135103752295,-0.879488654468722,-0.815885874591506,-0.743561602638268,-0.702690389040518,-0.685231820408277,-0.653786799872871,-0.736832006174242,-0.879448656538347,-0.883252966487134,-0.887553542155302,-0.939536635253238,-0.938525655263175,-0.945202957711466
540,"NCL","New Caledonia",NA,NA,NA,NA,NA,NA,NA,NA,NA,NA,NA,NA,NA,NA,NA,NA,NA,NA,NA,NA,NA,NA,NA,NA,NA,NA,NA,NA,NA,NA,NA,NA,NA,NA
554,"NZL","New Zealand",NA,NA,NA,NA,NA,NA,NA,NA,NA,0.697875129213026,0.451277951453821,0.0221343748456027,-0.216153739200916,-0.374034368853374,-0.126439597705074,0.408109496080554,0.708240553595425,0.90110503526483,0.9773947608895,0.900424084942213,0.780652858995042,0.473240688040306,0.0229108973700694,-0.430098718165836,-0.629470304107177,-0.701447126743752,-0.74909015873806,-0.787491450675032,-0.901808786882096,-0.717541944601703,-0.754500699304308,-0.772543240836156,-0.77377651634885,-0.698006405175662
558,"NIC","Nicaragua",NA,NA,NA,NA,NA,NA,NA,NA,NA,0.962552544947727,0.965387772835601,0.921993758770345,0.898695943670142,0.866341389581075,0.836762731265645,0.80525365036577,0.79579917942995,0.86712219152439,0.922827868078046,0.936095237645893,0.970535681594244,0.956349047931484,0.952229303046429,0.942201799759085,0.95039641188596,0.983731257759118,0.986453366198616,0.994066932069825,0.994315088662696,0.985176425429242,0.976487155968169,0.966318121079012,0.94901938692603,0.950013868081646
562,"NER","Niger",NA,NA,NA,NA,NA,NA,NA,NA,NA,0.925629567055345,0.597714965400891,0.200082380271159,-0.0853900105580934,-0.268247009362532,-0.390529005378054,-0.436936961315354,-0.428789625807335,-0.150803562424826,0.220184556062294,0.989006699168111,0.990482303458921,0.8101986968514,0.707094764798878,0.772113671510691,0.83115910924473,0.866013537637782,0.886291525385309,0.898025752129428,0.901369814718728,0.914304727984531,0.935818339980583,0.934466803976559,0.974470743852885,0.979957687334616
566,"NGA","Nigeria",NA,NA,NA,NA,NA,NA,NA,NA,NA,0.700222648201667,0.617070273693656,0.617904807851402,0.764492234171568,0.878417216562452,0.939540470305829,0.938762277695028,0.938639959859928,0.906538580765067,0.856649005604122,0.697712876627048,0.694906226217535,0.626402213603397,0.62992105923754,0.711972368732313,0.864468329931119,0.899531142391936,0.92065532689593,0.913947217463969,0.895296464666965,0.831721614180872,0.745781511300777,0.518500589720638,0.410472741197082,0.466595237872563
570,"NIU","Niue",NA,NA,NA,NA,NA,NA,NA,NA,NA,NA,NA,NA,NA,NA,NA,NA,NA,NA,NA,NA,NA,NA,NA,NA,NA,NA,NA,NA,NA,NA,NA,NA,NA,NA
408,"PRK","North Korea",NA,NA,NA,NA,NA,NA,NA,NA,NA,NA,NA,NA,NA,NA,NA,NA,NA,NA,NA,NA,NA,NA,NA,NA,NA,NA,NA,NA,NA,NA,NA,NA,NA,NA
807,"MKD","North Macedonia",NA,NA,NA,NA,NA,NA,NA,NA,NA,-0.212956975097062,-0.243819697932945,-0.216587300885616,-0.182876517342682,-0.0239775535545192,-0.439977238943035,-0.191296131943881,0.19370373650235,0.89526400945034,0.930159002645818,0.939895593327024,0.949193673657733,0.960986772507014,0.955023370695582,0.850485827933816,0.522468743324845,-0.276470675231013,-0.690799062617569,-0.860267041278305,-0.912595164978813,-0.96984785854758,-0.946657279503686,-0.94822970672321,-0.945311098593265,-0.943255870640167
578,"NOR","Norway",NA,NA,NA,NA,NA,NA,NA,NA,NA,0.133452592608637,-0.276228638615607,-0.503418950914936,-0.683257163407341,-0.805920561190353,-0.85073620050388,-0.881330536390042,-0.811220655700639,-0.751027162215343,-0.718428264114639,-0.681073966879196,-0.804807498197069,-0.826076090431857,-0.875732282095003,-0.854815687134261,-0.922503979144919,-0.965466132224442,-0.974525922154992,-0.978498940754528,-0.985102225599335,-0.985256571899848,-0.976935073094595,-0.958428909896759,-0.931234293179176,-0.936990694240524
512,"OMN","Oman",NA,NA,NA,NA,NA,NA,NA,NA,NA,-0.24923469360139,0.0962640535234421,0.360772811310172,0.610475849800321,0.771081123545685,0.818825278596083,0.739351060018996,0.560828224751663,0.542513476091546,0.528671215184063,0.534800339367221,0.384432466960214,-0.0920891211439207,0.464090218528464,0.663535040362399,0.818205933085272,0.857811081317106,0.872239536320544,0.888181384342973,0.871341418217553,0.853329186643072,0.775960940866826,0.409437066974512,-0.522710884921333,-0.830740096075817
586,"PAK","Pakistan",NA,NA,NA,NA,NA,NA,NA,NA,NA,0.990519171839591,0.992059740217509,0.992076021353298,0.993577080409336,0.992399920032766,0.980771934115849,0.963177110593449,0.966314121381472,0.980753194895984,0.987624304119358,0.988617671448578,0.991433491396435,0.99192150509228,0.990048369946106,0.989752476224609,0.990945058114789,0.991037332770735,0.977124587752536,0.959750040890541,0.818515561687084,0.402990657055351,0.139209226432842,-0.207606520160045,-0.434194925448872,-0.572833090641947
585,"PLW","Palau",NA,NA,NA,NA,NA,NA,NA,NA,NA,-0.281107713358179,-0.270573910728703,-0.359386889951258,-0.0410588701628811,0.189083530832296,0.62155640064242,0.67551799467133,0.721883000305241,0.719701692795289,0.717086687624786,0.341322734517972,-0.726863387503723,-0.813768854069864,-0.824127532090379,-0.816319182672654,-0.814887767416492,-0.75775554390207,-0.719029921424504,-0.7160794488421,-0.726966649122706,-0.682749867615257,-0.27525258458619,0.124665948389564,0.63586812910474,0.714050047573133
591,"PAN","Panama",NA,NA,NA,NA,NA,NA,NA,NA,NA,0.997035083418854,0.989161031389514,0.986655925946537,0.985636220931037,0.864171068137561,0.882710456878565,0.901785733911224,0.923402493575797,0.93327474377568,0.940617612410267,0.948994400967978,0.95728980444807,0.968531640800521,0.970124138907217,0.976364252253629,0.976932038919686,0.948979356930305,0.894897115401411,0.859394491957878,0.852333323327705,0.795645170495092,0.318320341140243,0.207963300896393,0.233041600630176,0.299147733916304
598,"PNG","Papua New Guinea",NA,NA,NA,NA,NA,NA,NA,NA,NA,0.219197505194748,0.0102377448701278,0.00549293468769134,0.318847214028981,0.394567532268268,0.399723546107623,0.355633529022324,0.460086125646649,0.742591022351255,0.842674801565913,0.90294061147968,0.885695404411629,0.883191745044839,0.871800302973183,0.878666284534142,0.904075310673165,0.901842129753553,0.909822703397198,0.928905391091544,0.925321761724782,0.922967554785252,0.912064244188926,0.882421956001095,0.86990017679148,0.868027357195005
600,"PRY","Paraguay",NA,NA,NA,NA,NA,NA,NA,NA,NA,0.754500597364181,0.581908403393023,0.54229875452117,0.36663597594884,0.232910369775762,-0.00739937293472321,-0.152406937261351,-0.372745432240199,-0.6806946167539,-0.64145770811141,-0.450648955645447,-0.084081460814269,0.163312567500239,0.0913278087052419,-0.0522430374410254,-0.0236798076786086,-0.0468980151469068,0.387171568082913,0.54718408428849,0.646748898541004,0.721754807594417,0.746353770279886,0.735779471481678,0.619498368066631,0.241516522645881
604,"PER","Peru",NA,NA,NA,NA,NA,NA,NA,NA,NA,0.712457634711448,0.809843329886123,0.771870785316542,0.709367718064089,0.568447472423329,0.542168198443103,0.390864001536994,0.27236444856724,0.168965573920513,0.695492983012846,0.849452205651835,0.91699796276375,0.921261644519737,0.899090465038697,0.856917313007502,0.823404043923677,0.736400272932782,0.56362825288356,-0.335664453756915,-0.701769541296389,-0.819051447539337,-0.654099205631207,-0.414304958944132,-0.256415289384119,-0.119315858834278
608,"PHL","Philippines",NA,NA,NA,NA,NA,NA,NA,NA,NA,-0.298814227795929,-0.558928480332191,-0.765801749259019,-0.858333416486155,-0.90102617071752,-0.928976138488538,-0.895715097521322,-0.86040417661063,-0.705941176107038,-0.392723590476939,0.222365396219163,0.628281261054282,0.812228784633982,0.939496795330723,0.98248864622364,0.993540595538942,0.995940869852305,0.99727432091372,0.997370622696951,0.987278601077347,0.961871912752511,0.886811827692899,0.809371330234113,0.577149589835337,0.276246884364689
616,"POL","Poland",NA,NA,NA,NA,NA,NA,NA,NA,NA,-0.246521131626854,-0.608507616475451,-0.695207535354851,-0.841460229578503,-0.823083052823317,-0.865313873771319,-0.775260764887243,-0.455496361355866,0.130344883519496,0.554185957248568,0.977651689191905,0.960260593928773,0.933191647607419,0.790143000924653,0.273545592545535,-0.292725484566575,-0.544275980561953,-0.640909997721391,-0.595558229089412,-0.542362095946189,-0.571452554252734,-0.549125275015507,-0.600596566980092,-0.688265798154788,-0.765980102916917
620,"PRT","Portugal",NA,NA,NA,NA,NA,NA,NA,NA,NA,0.710625957073218,0.343238856161339,-0.114259927634943,-0.459315575305306,-0.658257575740174,-0.720130034293712,-0.77554792430761,-0.840993267042804,-0.930308398367672,-0.935153298462966,-0.869079927524432,-0.809788136658966,-0.603477757811928,0.0248130873880781,0.502375420116277,0.731664076380236,0.865673123987351,0.833366785286481,0.515761511157993,-0.0201666991693017,-0.347262950209827,-0.497125747979062,-0.727432525248666,-0.776907550841221,-0.818446998891785
634,"QAT","Qatar",NA,NA,NA,NA,NA,NA,NA,NA,NA,0.584358415813759,0.630167523459904,0.663834744075294,-0.0297871079481474,0.429618137532071,0.660836049659402,0.781129681973397,0.793322292731931,0.813300516505086,0.846687492807696,0.862226166605895,0.4995259755797,0.0871286816245502,-0.394687626387485,-0.575299111871703,-0.65874232204473,-0.700901196270126,-0.782098750454936,-0.781579730567889,-0.672510387744825,-0.104230022302115,-0.0684117965231632,-0.391597976440397,-0.365262354128356,-0.556560544172893
178,"COG","Republic of Congo",NA,NA,NA,NA,NA,NA,NA,NA,NA,0.371016338498915,-0.646589128804077,-0.769179548572978,-0.773976754245947,-0.725058517556545,-0.582633745534185,-0.160968678848749,0.557156108883779,0.651860504835868,0.791584553363866,0.935655750250911,0.947959305035986,0.921695549949447,0.946366056435034,0.954459540949613,0.959731329862535,0.950343406310239,0.956050811326502,0.88935639317535,0.659387841664327,0.24421169405032,-0.360643199581573,-0.611963390096101,-0.600267664415232,-0.582785810745906
642,"ROU","Romania",NA,NA,NA,NA,NA,NA,NA,NA,NA,0.424426330562777,0.00901878747422743,-0.273544545385965,-0.344355718999612,-0.415806554866078,-0.351686096298366,-0.270549395504842,-0.208327938182967,0.137145950334996,0.872591096703885,0.897860501110181,0.946359539945862,0.835247366193184,0.742360812483271,0.350117942694475,0.0434801991138242,-0.214025388350686,-0.483784470767402,-0.513002622291016,-0.756245576352694,-0.802544986809919,-0.800875601666332,-0.676124608003618,-0.691136307277799,-0.714668949600803
643,"RUS","Russia",NA,NA,NA,NA,NA,NA,NA,NA,NA,0.995889348860851,0.980772091622461,0.89670323180486,0.633112077925177,0.505213386712649,0.785164249444184,0.930957145954838,0.95243835076471,0.952263102117866,0.925368176785382,0.912869898150498,0.767785512360289,0.692235645474881,0.353862143033163,0.0795974463842356,-0.155573018607515,-0.379563836844552,-0.530098484121626,-0.516912955620015,-0.446743249010042,0.496195844597134,0.545053306872362,0.837224550902486,0.850496877441781,0.898639691666704
646,"RWA","Rwanda",NA,NA,NA,NA,NA,NA,NA,NA,NA,-0.0585974723004536,-0.00327602576867533,0.024126633021419,0.05083392706709,-0.000832637312292182,-0.637916274056182,-0.797135103256188,-0.832977622717111,-0.762659955448218,-0.636411050835229,-0.529266313875775,-0.252512151671214,0.110462988644163,0.495867542886627,0.782777789865649,0.996187876152929,0.987456761669761,0.96183469080593,0.949538277560183,0.95759151943262,0.966472463923465,0.941988975629157,0.934247695887573,0.946668657525194,0.961292933132578
652,"BLM","Saint Barthelemy",NA,NA,NA,NA,NA,NA,NA,NA,NA,NA,NA,NA,NA,NA,NA,NA,NA,NA,NA,NA,NA,NA,NA,NA,NA,NA,NA,NA,NA,NA,NA,NA,NA,NA
659,"KNA","Saint Kitts and Nevis",NA,NA,NA,NA,NA,NA,NA,NA,NA,0.964542691998586,0.918564183928911,0.94039224204099,0.916860010400545,0.89887473447249,0.857057400159354,0.744034249880607,0.673839654945546,0.659704640097866,0.707661546918349,0.736170272508713,0.723738583851692,0.503293097251672,0.380379053672807,0.238280288777058,0.0256746723949248,-0.13942771703588,-0.228033787170162,-0.253371428054371,-0.208701158251597,-0.0109726553276152,0.77895702807118,0.789174864675687,0.67534807547011,0.611325668665326
662,"LCA","Saint Lucia",NA,NA,NA,NA,NA,NA,NA,NA,NA,0.936494707571715,0.895529202946127,0.867938332338236,0.796788105603043,0.529875572668187,-0.209356389673658,-0.572260386958035,-0.677447361690319,-0.651596801759517,-0.401368122707712,-0.0604907213572041,0.265076631496678,0.321541259421592,0.344245122624935,0.413832774663677,0.382068308207953,0.177221112066448,0.0201029561792852,0.00541714896804553,0.143352362935938,0.256956244027823,0.369226109219687,0.617801716548423,0.72806945068031,0.655852931300633
882,"WSM","Samoa",NA,NA,NA,NA,NA,NA,NA,NA,NA,-0.966720078682583,-0.93661665626471,-0.954762690968687,-0.946165854626698,-0.924465308060576,-0.87208623397521,-0.834237848410916,-0.770679304103325,-0.666684331551809,-0.406474004013256,0.572133018339151,0.718507246885348,0.827209820999902,0.832281240984322,0.821711886344153,0.883979636357198,0.772327422062613,0.226817955794784,-0.536988785413285,-0.689609169543701,-0.851692955064895,-0.771594993483866,-0.611545140122545,-0.522064806819792,-0.56867573992456
674,"SMR","San Marino",NA,NA,NA,NA,NA,NA,NA,NA,NA,NA,NA,NA,NA,NA,NA,NA,NA,NA,NA,NA,NA,NA,NA,NA,NA,NA,NA,NA,NA,NA,NA,NA,NA,NA
678,"STP","Sao Tome and Principe",NA,NA,NA,NA,NA,NA,NA,NA,NA,0.944693376517648,0.950772728784884,0.972364196817796,0.982249319511277,0.958918862639333,0.974773554133006,0.984252010208696,0.9859784134301,0.993216192576247,0.983654635085189,0.983194273877395,0.984576033870962,0.969755320777075,0.946428796646616,0.911266524630512,0.812795815759486,0.721786536242873,0.711468082145393,0.765799065659242,0.809651186482853,0.860874161996855,0.953322670944389,0.967393085585233,0.981500091522375,0.98974882272732
682,"SAU","Saudi Arabia",NA,NA,NA,NA,NA,NA,NA,NA,NA,-0.386928443952274,-0.6799971412582,-0.692005650068041,-0.650336376011608,-0.65525799618849,-0.538134390990362,-0.516823062402908,-0.417798968081672,-0.152012654586474,0.612510817211324,0.699729577266021,0.807003694495157,0.839581650674325,0.809874878813913,0.739433561862864,0.672410149700106,0.627537907903044,0.445591969078283,-0.288631013678649,-0.38198217608501,-0.547894084118225,-0.723044127186875,-0.789659970980244,-0.759008201695695,-0.700066329207825
686,"SEN","Senegal",NA,NA,NA,NA,NA,NA,NA,NA,NA,0.986266661708525,0.990298301866622,0.992312183154354,0.994231579557858,0.984335368864912,0.971295060906162,0.960180801947132,0.970116038964874,0.953973742508183,0.935625970124557,0.856367148933521,0.891885734750219,0.917325281627845,0.955322210810045,0.886243305452365,0.836123714267973,0.753350595098819,0.65610052716734,0.346773795538547,-0.0896109205479528,-0.261129621737887,-0.452947693279723,0.156701593092355,0.544419482915405,0.588221404844825
688,"SRB","Serbia",NA,NA,NA,NA,NA,NA,NA,NA,NA,NA,NA,NA,NA,NA,0.0961168990389118,0.0264405322156545,0.150294202502996,0.638937516159052,0.838551167085936,0.819162441445235,0.777894259958332,0.678215270951242,0.601713165969809,0.332410656873647,0.238358996274195,0.278695773148583,-0.200159885477511,-0.401885216457683,-0.631689677753104,-0.676765072075331,-0.710648648063228,-0.768521595874087,-0.926421236677182,-0.951540987811867
690,"SYC","Seychelles",NA,NA,NA,NA,NA,NA,NA,NA,NA,0.935901895369425,0.951900144080884,0.940005654490608,0.946275915683396,0.928637909237012,0.741881251101809,0.639579826714512,0.523492151984744,0.509062422577091,0.546287993121852,0.572820411751007,0.587279257335906,0.181223357070056,-0.0975951913882193,-0.664216806638138,-0.812510661188086,-0.72638796370411,-0.359453793280418,0.0836202711328458,0.493078345244902,0.844387753985883,0.929422832616732,0.872759313848925,0.875694745962593,0.873250875069484
694,"SLE","Sierra Leone",NA,NA,NA,NA,NA,NA,NA,NA,NA,0.897422964945614,0.826428851489728,0.12622183856697,0.518099030889585,0.785800661400812,0.912959720428711,0.941951991972522,0.961546052408506,0.970590074737259,0.978017089271655,0.97615889063482,0.974480868687127,0.947800660554497,0.808791002641524,0.625573697962791,0.513602430632025,0.308862376590143,0.00214226120939931,-0.380126549349806,-0.596805153527726,-0.621686738133763,-0.262526506565079,0.370369417274585,0.531662558189905,0.451261384512602
702,"SGP","Singapore",NA,NA,NA,NA,NA,NA,NA,NA,NA,-0.0221400371362042,-0.139945551031002,0.400525759208805,0.561219579084672,0.645812835436188,0.759511482037697,0.838282979995007,0.798847858694235,0.786914505058256,0.793749930863336,0.865575803541439,0.904166134515617,0.948019526507437,0.939421508172366,0.953578644185057,0.948556958627039,0.939817039989569,0.92950008262676,0.839623604600012,0.0647956286547594,-0.463335031843631,-0.594715064499025,-0.722650998150547,-0.831119960705969,-0.799289344220538
534,"SXM","Sint Maarten",NA,NA,NA,NA,NA,NA,NA,NA,NA,NA,NA,NA,NA,NA,NA,NA,NA,NA,NA,NA,NA,NA,NA,NA,NA,NA,NA,NA,-0.486593584133422,-0.175630107192435,0.735153146739949,0.780714703069171,0.598334417175405,0.365141932707268
703,"SVK","Slovakia",NA,NA,NA,NA,NA,NA,NA,NA,NA,-0.216085559843024,-0.733253184788867,-0.907583669957759,-0.930773649711733,-0.918110278553481,-0.864717282416807,-0.552825978786043,-0.358208257175253,-0.107107945531654,0.203870215714026,0.531107485430417,0.695592965710855,0.610881321468439,0.38924813684231,-0.179011564236094,-0.64906312195535,-0.669367306325255,-0.840358626726103,-0.838041553539657,-0.836956178907524,-0.844818634542825,-0.864025881209185,-0.80788744934206,-0.887362284352857,-0.862808725767629
705,"SVN","Slovenia",NA,NA,NA,NA,NA,NA,NA,NA,NA,0.556898534911569,0.287255357273717,0.110912095902567,-0.361451883960602,-0.671536506651321,-0.853552274930759,-0.88276954395791,-0.768034572879822,-0.715820761969425,-0.366791947521083,-0.233361457708818,-0.254368914154402,-0.0463442725671224,-0.0576548814175437,0.0340403733712386,0.173011951139516,0.344597197481232,0.27161787283612,-0.18942124677495,-0.742385510853691,-0.80626079637816,-0.870287646176526,-0.926636206591914,-0.898568256661398,-0.869112645830351
90,"SLB","Solomon Islands",NA,NA,NA,NA,NA,NA,NA,NA,NA,-0.911494269539558,-0.317227492744182,0.179007328243562,0.572458191083743,0.815191600298964,0.942182153160604,0.830475322395136,0.678422880552494,0.510043802620976,0.330314018416447,0.521302974309317,0.698385540802263,0.440017242532555,0.085622237236271,0.376289056969507,0.500572654419206,0.346843113256993,0.0582865850570807,-0.273457560263532,-0.400224830498659,-0.511888661116739,-0.461750314307794,-0.589649540628778,-0.748177412003573,-0.633813012530208
706,"SOM","Somalia",NA,NA,NA,NA,NA,NA,NA,NA,NA,NA,0.871558370622071,0.930759721921209,0.951495783848117,0.977628761064295,0.971090306567649,0.971683889048996,0.972164227918517,0.977637344861265,0.989764816187238,0.994684179244598,0.991571555032694,0.952941162651267,0.856762329907235,0.698709543662845,0.454388390700529,0.131029097387433,-0.209494998815403,-0.340238224056806,-0.217032575418456,0.0633335794604907,0.639682302683981,0.866260808198814,0.896361861410267,0.935526611145097
710,"ZAF","South Africa",NA,NA,NA,NA,NA,NA,NA,NA,NA,-0.845076469499124,-0.884483289079628,-0.778481942669713,-0.44034671543955,0.129083102816632,0.604900939492803,0.852424082603389,0.939416384305776,0.978184439647408,0.990649765032054,0.990933004433294,0.824828272488791,0.641412816639901,0.574675459397713,0.540578076752247,0.495994896530132,0.385357707189121,0.12104355608847,0.369914503124079,0.509017048655977,0.516464325814672,0.294065194939039,-0.0938436680913827,-0.255578943940391,-0.260031210206457
410,"KOR","South Korea",NA,NA,NA,NA,NA,NA,NA,NA,NA,-0.93716724848024,-0.933950026625045,-0.899479131885093,-0.833542820493502,-0.747695462235022,-0.624628345522677,-0.479961291293284,-0.285167399635713,0.109070971830538,-0.395095766375919,-0.706198049341216,-0.879986530796559,-0.904256142244934,-0.902196534400066,-0.880977564058904,-0.875310752562832,-0.870685325254543,-0.83408639321585,-0.799857740790464,-0.819255246997288,-0.92961868412454,-0.900444847376338,-0.906239312190955,-0.913569441904427,-0.910919178426914
728,"SSD","South Sudan",NA,NA,NA,NA,NA,NA,NA,NA,NA,NA,NA,NA,NA,NA,NA,NA,NA,NA,NA,NA,NA,NA,NA,NA,NA,NA,NA,NA,NA,NA,-0.784654026776774,-0.526344600676027,-0.902694688254005,-0.874462968524849
724,"ESP","Spain",NA,NA,NA,NA,NA,NA,NA,NA,NA,-0.778623559828782,-0.931103745073268,-0.966281650387414,-0.973732211874697,-0.971010587478137,-0.938377687114545,-0.8865469115568,-0.843731659178134,-0.764315335287533,-0.744713121033056,-0.660998560078919,-0.649164948823929,-0.591184762288326,-0.44415070304396,-0.0933918745954098,0.390264489097211,0.669342480750421,0.442239537999808,-0.0242622717852763,-0.462810487144314,-0.626123692071146,-0.46060193450581,-0.492344818563082,-0.544766696766306,-0.567499049794142
144,"LKA","Sri Lanka",NA,NA,NA,NA,NA,NA,NA,NA,NA,0.957922380632934,0.960570319042126,0.957499501344529,0.962065519248333,0.956973130923291,0.941188536913682,0.986472185758638,0.971364599143722,0.959380549759649,0.915539671790295,0.905826667419914,0.9202075633073,0.646521497421058,0.113630410887231,-0.315338086095002,-0.60567939902285,-0.676424951591162,-0.742971282040505,-0.812599066265826,-0.877922250105304,-0.895283092550996,-0.877949267293708,-0.818131061208266,-0.764206614067053,-0.691477358167874
670,"VCT","St. Vincent and the Grenadines",NA,NA,NA,NA,NA,NA,NA,NA,NA,0.941210766701597,0.769943063434336,0.68626883140571,0.293128211985601,-0.117853163639704,-0.395595263250811,-0.530725112676684,-0.568995035670283,-0.514342128992866,-0.207663396955444,0.505390419079678,0.408937919281007,0.27645358904127,0.218334727006774,0.166063558075037,0.163702389176777,0.106911193441306,-0.0925015888858691,-0.210143816736284,-0.278496558708091,-0.255042399702885,0.283070726758462,-0.0538856862489137,0.0144845012161524,-0.0369163198439167
275,"PSE","State of Palestine",NA,NA,NA,NA,NA,NA,NA,NA,NA,NA,NA,NA,NA,NA,NA,NA,NA,NA,NA,NA,NA,NA,NA,NA,NA,NA,NA,NA,NA,NA,NA,NA,NA,NA
729,"SDN","Sudan",NA,NA,NA,NA,NA,NA,NA,NA,NA,0.893416628257106,0.932354154845905,0.940376741620702,0.947956414169446,0.987637818483939,0.981265564797705,0.970465086521648,0.968979796523002,0.974109405653476,0.974246988706756,0.974230688856411,0.968073041698255,0.957863495510227,0.766830082187498,0.50624043082603,0.147916141199697,-0.35114099517431,-0.240396627926007,-0.140301400427936,-0.0614738677600298,-0.0172005672995423,0.138619559625272,0.326657772590449,-0.117388696621141,-0.484293216805116
740,"SUR","Suriname",NA,NA,NA,NA,NA,NA,NA,NA,NA,-0.551448457854028,0.347808568870446,0.59363097329915,0.741105667013863,0.838070915568236,0.860197538516043,0.882273842136619,0.869274127198447,0.832093190448309,0.816387134735437,0.807684486989815,0.819259021580505,0.494991423340615,0.555673794615071,0.214166620616421,0.152356030977346,0.175905154945123,0.145071687756488,0.0681860169753707,-0.0593984027243859,-0.269021032554081,-0.551043989071245,-0.688831182113415,-0.735617461350904,-0.725991268561841
752,"SWE","Sweden",NA,NA,NA,NA,NA,NA,NA,NA,NA,-0.0688121232650536,-0.510398074075659,-0.694431503003861,-0.795166094877949,-0.896636035146878,-0.951411498546054,-0.94601897055999,-0.912538365428539,-0.861209562619598,-0.855126747821189,-0.777767682148049,-0.726450925064961,-0.751241793533628,-0.798338181565899,-0.709895159850558,-0.741705216994767,-0.818548410674424,-0.83717885097443,-0.87836662531445,-0.899605861977448,-0.9509107226276,-0.938201921832266,-0.928632273719011,-0.934763972849535,-0.918626588999492
756,"CHE","Switzerland",NA,NA,NA,NA,NA,NA,NA,NA,NA,-0.380688082846282,-0.665472235513429,-0.744449714251664,-0.785536697549681,-0.800358353146822,-0.817816703303033,-0.772915759566142,-0.739877024715697,-0.747769887924435,-0.701109719078367,-0.790440407343935,-0.812021096756151,-0.773403634603076,-0.82559947677661,-0.873292911614553,-0.929586387487055,-0.964151467566775,-0.970314459604672,-0.968595257943308,-0.979572190730328,-0.973869481043461,-0.964003787777529,-0.942152252975545,-0.93022095273013,-0.945673497887602
760,"SYR","Syria",NA,NA,NA,NA,NA,NA,NA,NA,NA,0.906922378121076,0.896414569094194,0.868149431569188,0.896508877305053,0.765655533890632,0.771259706768262,0.843272521607298,0.928986809969379,0.943887454479636,0.936282824824241,0.799936396058001,0.599003786193021,0.449790329523823,0.347588356650404,0.575203207419974,0.733583570581928,0.846097082129337,0.91602784524594,0.953706971174113,0.992523463039174,0.992931366795625,0.996554928599853,0.986600895774523,0.867775369598958,NA
158,"TWN","Taiwan",NA,NA,NA,NA,NA,NA,NA,NA,NA,0.994482326038523,0.994329618809989,0.994018771155879,0.970397930399114,0.914983151340575,0.741004120928916,0.380352667079714,-0.203466509607158,-0.717476556265475,-0.953313123754073,-0.978145508429187,-0.96279303727673,-0.937612056402107,-0.924766113881937,-0.922098579499158,-0.926457753718768,-0.918427108528346,-0.918288653337787,-0.926338748531777,-0.934004108841474,-0.993423040164141,-0.992729135955763,-0.994977658649695,-0.995416672954136,-0.99426698976916
762,"TJK","Tajikistan",NA,NA,NA,NA,NA,NA,NA,NA,NA,0.971622531465351,0.954604705861079,0.873976216901028,0.677773699764718,0.661634226137025,0.9284421345368,0.994200501167447,0.993269913642489,0.984595099387621,0.987412194311927,0.989976957684911,0.994058291568945,0.995354348515115,0.990591479821074,0.987457748125716,0.990209257639488,0.992082569157688,0.980236852145775,0.963675611401259,0.967962932182854,0.950876093512914,0.928472157787577,0.911781195730658,0.916412509579284,0.910124732329598
834,"TZA","Tanzania",NA,NA,NA,NA,NA,NA,NA,NA,NA,0.904109905156471,0.910164439554975,0.917837957903468,0.943255858270711,0.993662007164551,0.981334543150065,0.977731804578962,0.977059781508298,0.973000792788886,0.972443427840157,0.980168841213715,0.982706565229976,0.990967688128467,0.987805974387969,0.988630632782166,0.956738842134152,0.947128688213824,0.942204935780182,0.928870494474062,0.933987776220202,0.933504792935223,0.930399226018852,0.944846393948037,0.948074684502271,0.971773638299857
764,"THA","Thailand",NA,NA,NA,NA,NA,NA,NA,NA,NA,0.94456054478773,0.898348025989522,0.78836588347984,0.670804385198051,0.696123457287776,0.810180565142706,0.883400137032311,0.925569304202917,0.960077602762916,0.948913367475486,0.952201661193845,0.948778729431235,0.937029267560821,0.948441452252187,0.951332583317609,0.969581054769098,0.989789445829601,0.988288420406171,0.978665005156272,0.94032127620964,0.93286824832367,0.836663332649194,0.379507381359521,0.210272735587753,0.036476365445038
626,"TLS","Timor-Leste",NA,NA,NA,NA,NA,NA,NA,NA,NA,-0.531536110122068,-0.552445898953873,-0.666153673275966,-0.637840448188071,-0.591326502406684,-0.533317313996415,-0.491615592405009,-0.492468629188782,-0.492797079594917,-0.344139692371239,0.301038623012092,0.205650850029804,0.402706620193616,0.463252886656278,0.550497751621161,0.68579793402173,0.734935923963742,0.81618677230638,0.837607087380594,0.882790539933454,0.793433165018034,0.551837575463841,0.564383663519826,0.749200946567366,0.522167789641682
768,"TGO","Togo",NA,NA,NA,NA,NA,NA,NA,NA,NA,0.824135416860859,0.831559549731721,0.848692850712564,0.852986330610053,0.844744658957226,0.84339854922796,0.776965566437077,0.818142093733978,0.810216352683608,0.792817599598908,0.831847764544867,0.891667475167366,0.87785482976448,0.830520244607849,0.698977777081847,0.548999274340019,0.456545025889123,0.321764584034556,0.087617325134252,-0.231364494328154,0.172093349114656,0.504371084366638,0.800433213776208,0.979962952029351,0.964847016383725
776,"TON","Tonga",NA,NA,NA,NA,NA,NA,NA,NA,NA,-0.580674441061467,-0.746791999474593,-0.778065711228525,-0.872347628276253,-0.864087135034025,-0.816150994099547,-0.796798159369259,-0.785997261185456,-0.625077577151781,-0.48543629181245,-0.0812741805772254,-0.268468054497999,-0.492059160269651,-0.599741167195249,-0.767688471212957,-0.811619613624876,-0.842139286116948,-0.816381273762334,-0.837803201780701,-0.845111602900206,-0.817743932186926,-0.88224939630418,-0.856215455530097,-0.792401192252719,-0.736390582897943
780,"TTO","Trinidad and Tobago",NA,NA,NA,NA,NA,NA,NA,NA,NA,0.956724901892802,0.308635656429869,-0.0860239228596482,-0.447791121249976,-0.725580680433827,-0.79262040541462,-0.710468860413102,-0.386271285262797,-0.176471927294054,0.0502527955959384,0.633880860973162,0.613151893094114,0.702217258331402,0.329664789482948,-0.220822157869727,-0.732353568974962,-0.9373667250388,-0.837620450204608,-0.621438835212772,-0.423333480294385,-0.154079063461642,0.204364510419361,0.84049107024472,0.902190265842895,0.955815021285948
788,"TUN","Tunisia",NA,NA,NA,NA,NA,NA,NA,NA,NA,0.98871389075975,0.989356443326573,0.989395672562903,0.997124683737872,0.998257508343393,0.997806453483202,0.996559262132302,0.987623767960599,0.97874643797809,0.965708546668099,0.958216580203866,0.933670022881932,0.801157870664636,0.635079905331987,0.391124390766698,0.308019021746576,0.317430364129919,0.301835744665674,0.466746636165108,0.548843447755956,0.833182387518542,0.890541918569571,0.847268937372046,0.738126354610233,0.501269846250193
792,"TUR","Turkiye",NA,NA,NA,NA,NA,NA,NA,NA,NA,-0.12177171706455,-0.10159124946795,-0.253841734339165,-0.318129395087796,0.000447578141152296,0.228904680204946,0.535510199785769,0.877526354492544,0.912545299440945,0.909023605279777,0.892175812562518,0.900656440903905,0.815105569330031,0.695655527855288,0.403542848260841,0.00011609890938885,-0.45562034604011,-0.874106738273295,-0.942900982084912,-0.914832067134655,-0.902758137328352,-0.866201973251152,-0.908611573176444,-0.927489762081877,-0.936733823129859
795,"TKM","Turkmenistan",NA,NA,NA,NA,NA,NA,NA,NA,NA,0.738461501997997,0.562755969660114,0.537558365728381,0.633132660776327,0.850634380293642,0.878809636456458,0.890174238960348,0.458444657493415,0.0318261633586135,0.380583770067413,0.209529028981487,0.0963117421344916,0.00688774430469468,0.537337391909436,0.70350046682134,0.813955360667697,0.846974703510079,0.811525740461617,0.71229359218326,0.646916515563645,0.400723020709931,0.131781452082414,-0.853544694763836,-0.85275729780676,-0.820032405160142
796,"TCA","Turks and Caicos Islands",NA,NA,NA,NA,NA,NA,NA,NA,NA,NA,NA,NA,NA,NA,NA,NA,NA,NA,NA,NA,NA,NA,NA,NA,NA,NA,-0.322854107195472,-0.310038529801057,-0.349903525808599,-0.273756587785929,-0.0723660402661302,-0.248684055515609,-0.210678774898575,-0.175350157223837
798,"TUV","Tuvalu",NA,NA,NA,NA,NA,NA,NA,NA,NA,NA,NA,NA,NA,NA,NA,NA,NA,NA,NA,NA,NA,NA,NA,NA,NA,NA,NA,NA,NA,NA,NA,NA,NA,NA
800,"UGA","Uganda",NA,NA,NA,NA,NA,NA,NA,NA,NA,0.983837139055964,0.990517256026439,0.996153729073157,0.995842686191307,0.994876135703545,0.994909708502516,0.994613768615745,0.9957004706202,0.994900466922476,0.994913663739389,0.996223627612777,0.996582875484146,0.996906482178126,0.997272433110342,0.99373972010383,0.991526553455458,0.991141041009378,0.993472682155777,0.994010304051016,0.992886809848638,0.962819504395033,0.960163558490313,0.96569372717596,0.972474341983765,0.961930831788575
804,"UKR","Ukraine",NA,NA,NA,NA,NA,NA,NA,NA,NA,0.963982477433452,0.947627905129189,0.90001848198231,0.664862866751113,-0.0123606547443075,-0.417907129735306,-0.592949174403144,-0.566812592394667,-0.450737021163586,-0.211324241341194,-0.0187655024544142,0.529907231708212,0.323823042772895,0.1530398883581,0.133791999383154,0.716494589690428,0.957496381408897,0.975501321507885,0.926780364971701,0.895183017187529,0.847223993047507,0.832676010793,0.75746458128798,0.066418887828902,0.336798013440538
784,"ARE","United Arab Emirates",NA,NA,NA,NA,NA,NA,NA,NA,NA,-0.0378514652385625,0.196920171842236,0.208339981545232,0.411501979883209,0.399750903690473,0.401143260939291,0.145609226347859,-0.244632221885948,0.222363314304667,0.766920193211685,0.836116658661931,0.826520316842058,0.777976216684613,0.370596613459749,0.434790920456858,0.00287908188252595,-0.632983718427361,-0.81772911315939,-0.833334483912816,-0.75859996082961,-0.802928255749556,-0.739347046452662,-0.698178562880586,-0.70217759162027,-0.48613864994272
826,"GBR","United Kingdom",NA,NA,NA,NA,NA,NA,NA,NA,NA,-0.559388370826595,-0.794567856582613,-0.870028532726366,-0.93313998863674,-0.961365667103031,-0.978269884386356,-0.98427307902979,-0.981263232967563,-0.968267229881016,-0.971522567398122,-0.888466691226743,-0.843271889565189,-0.759953315338652,-0.699541501489932,-0.655988852634832,-0.638896464392955,-0.615575917591946,-0.662557744998795,-0.802784724477074,-0.914621326450375,-0.906265632552565,-0.705668404755958,-0.644068466345379,-0.604785488426693,-0.592198922840047
840,"USA","United States of America",NA,NA,NA,NA,NA,NA,NA,NA,NA,-0.953133338071316,-0.972155858384211,-0.975677073184515,-0.980414206248786,-0.985940083255298,-0.97391617633879,-0.94897293816321,-0.925800350178456,-0.92584570199575,-0.909782270691036,-0.810868117801196,-0.784268960209595,-0.753948847180676,-0.820484659984606,-0.89094596705162,-0.904264098685843,-0.899400366423447,-0.930352939720896,-0.956841687460687,-0.968085931998668,-0.945426656789752,-0.967611767267254,-0.948918191984821,-0.903732851719083,-0.864165621498234
858,"URY","Uruguay",NA,NA,NA,NA,NA,NA,NA,NA,NA,0.456610395324295,-0.137265588188049,-0.388755608984942,-0.201722342919138,0.0632155526203034,0.271715043425753,0.491183139606183,0.788584479807319,0.914579079674895,0.932720581223316,0.959158863526487,0.977411155698239,0.979969529352814,0.969625559597544,0.948530948262856,0.934672375645045,0.929665256173562,0.914490040263995,0.914383359025112,0.876688816640443,0.710885747638097,0.738912127741285,0.663085873504113,0.112623333735253,-0.405631646483739
860,"UZB","Uzbekistan",NA,NA,NA,NA,NA,NA,NA,NA,NA,0.844584283575515,0.625463694369405,0.403381355423672,0.381561365280623,0.0214454928425899,-0.444238644908485,-0.847846963449447,-0.440014174793548,0.0980800597746862,0.137286381349481,0.0214330826894767,0.00689422356182456,0.170553212187223,0.203625438795929,-0.0226628630055883,-0.590706156592378,-0.874320817034104,-0.874485374751921,-0.862960646568649,-0.74131680752526,-0.70495833863891,-0.0975127431506301,-0.066567107515013,0.00956471335869039,-0.0524150914862229
548,"VUT","Vanuatu",NA,NA,NA,NA,NA,NA,NA,NA,NA,0.293271344342473,-0.474926490183826,-0.609698779864077,-0.572785021862346,-0.62134696884468,-0.627886818757865,-0.700265666579956,-0.576180867622354,-0.273405043564791,0.111493031124541,0.749217382354776,0.805271274301743,0.850946825520593,0.907699248807232,0.948843438202582,0.967809480141137,0.944207548043713,0.870372271969092,0.672968702773969,0.502297257226912,0.319864827955864,-0.00905391374080931,-0.290936928820865,-0.731504231414231,-0.732058010498852
862,"VEN","Venezuela",NA,NA,NA,NA,NA,NA,NA,NA,NA,NA,NA,NA,NA,NA,NA,NA,NA,NA,NA,NA,NA,NA,NA,NA,NA,NA,NA,NA,NA,NA,NA,NA,NA,NA
704,"VNM","Viet Nam",NA,NA,NA,NA,NA,NA,NA,NA,NA,0.971136908826441,0.9734239611257,0.975724628083244,0.978598137069324,0.996211323064852,0.997298080768421,0.978881601768812,0.909982262844633,0.845323294774238,0.803486691308892,0.788550706339235,0.760758770955663,0.613129913858704,-0.0341784388019202,-0.462951378692581,-0.511679974112013,-0.701161566103081,-0.843087310360791,-0.893255265601302,-0.72609255740586,-0.501258152510775,-0.463045177477007,-0.47032093870639,-0.504104081243348,-0.350958071922305
876,"WLF","Wallis and Futuna Islands",NA,NA,NA,NA,NA,NA,NA,NA,NA,NA,NA,NA,NA,NA,NA,NA,NA,NA,NA,NA,NA,NA,NA,NA,NA,NA,NA,NA,NA,NA,NA,NA,NA,NA
732,"ESH","Western Sahara",NA,NA,NA,NA,NA,NA,NA,NA,NA,NA,NA,NA,NA,NA,NA,NA,NA,NA,NA,NA,NA,NA,NA,NA,NA,NA,NA,NA,NA,NA,NA,NA,NA,NA
887,"YEM","Yemen",NA,NA,NA,NA,NA,NA,NA,NA,NA,0.298129916153265,0.295301342297743,0.690869551947423,0.793091309305101,0.801646502796746,0.93588231980617,0.97475457892814,0.980870989051635,0.935078991925511,0.882983168424686,0.881548636703407,0.78645370783054,0.541137149577045,0.0391601285570682,0.0363236886994307,0.0324442395657871,0.75225345818022,0.908363915622214,0.942237305883714,0.943165818743481,0.954806521989949,0.928996152312175,0.911778987374905,0.933604589804716,0.88443666042527
894,"ZMB","Zambia",NA,NA,NA,NA,NA,NA,NA,NA,NA,0.7435210408365,0.825494598228645,0.886783216363297,0.91654020681593,0.987598620819689,0.988480506117125,0.986785435549591,0.987098349881797,0.992599465643633,0.995205764430753,0.996109741473059,0.997098917765055,0.998731871125446,0.998943699907382,0.999014697889479,0.99905153683031,0.997582741914318,0.996063421363633,0.995219221560465,0.995782501348364,0.988705029442051,0.941480990437125,0.937832596064242,0.953001366490131,0.937580208980876
716,"ZWE","Zimbabwe",NA,NA,NA,NA,NA,NA,NA,NA,NA,0.778898218476463,0.76722904916042,0.702173669326382,0.66144515158101,0.58962782073075,0.749081036212561,0.747542687518315,0.379351690938122,0.0846785513017089,-0.0600975025192048,-0.385558226421724,-0.539927509076174,-0.422250972697549,-0.125245877438266,-0.08916007469156,-0.215779004045977,-0.709958546062268,-0.782753466993745,-0.744956949546716,-0.62228011293644,-0.32723072007276,-0.247460200898587,0.417910685015556,0.722171973421883,0.793110371472297
