"code","iso","country","BTO.raw.1950","BTO.raw.1951","BTO.raw.1952","BTO.raw.1953","BTO.raw.1954","BTO.raw.1955","BTO.raw.1956","BTO.raw.1957","BTO.raw.1958","BTO.raw.1959","BTO.raw.1960","BTO.raw.1961","BTO.raw.1962","BTO.raw.1963","BTO.raw.1964","BTO.raw.1965","BTO.raw.1966","BTO.raw.1967","BTO.raw.1968","BTO.raw.1969","BTO.raw.1970","BTO.raw.1971","BTO.raw.1972","BTO.raw.1973","BTO.raw.1974","BTO.raw.1975","BTO.raw.1976","BTO.raw.1977","BTO.raw.1978","BTO.raw.1979","BTO.raw.1980","BTO.raw.1981","BTO.raw.1982","BTO.raw.1983","BTO.raw.1984","BTO.raw.1985","BTO.raw.1986","BTO.raw.1987","BTO.raw.1988","BTO.raw.1989","BTO.raw.1990","BTO.raw.1991","BTO.raw.1992","BTO.raw.1993","BTO.raw.1994","BTO.raw.1995","BTO.raw.1996","BTO.raw.1997","BTO.raw.1998","BTO.raw.1999","BTO.raw.2000","BTO.raw.2001","BTO.raw.2002","BTO.raw.2003","BTO.raw.2004","BTO.raw.2005","BTO.raw.2006","BTO.raw.2007","BTO.raw.2008","BTO.raw.2009","BTO.raw.2010","BTO.raw.2011","BTO.raw.2012","BTO.raw.2013","BTO.raw.2014","BTO.raw.2015","BTO.raw.2016","BTO.raw.2017","BTO.raw.2018","BTO.raw.2019"
4,"AFG","Afghanistan",NA,NA,NA,NA,NA,NA,NA,NA,NA,NA,NA,NA,NA,NA,NA,NA,NA,NA,NA,NA,NA,NA,NA,NA,NA,NA,NA,NA,NA,NA,NA,NA,NA,NA,NA,NA,NA,NA,NA,NA,NA,NA,NA,NA,NA,NA,NA,NA,NA,NA,NA,NA,NA,NA,NA,NA,NA,NA,NA,NA,NA,NA,NA,NA,NA,NA,NA,NA,NA,NA
8,"ALB","Albania",0.76880024998734,0.768800249971558,0.768800249956958,0.768800249979673,0.768800249970993,0.768800249979673,0.768800249979673,0.768800249942276,0.768800249979673,0.768800249942276,0.768800249979673,0.768800250003619,0.768800249942276,0.768800250034573,0.768800250034573,0.768800249997248,0.768800249997248,0.800833557645713,0.800833557666314,0.800833557628634,0.800833557634807,0.800833557634807,0.800833557634807,0.800833557634807,0.800833557659105,0.800833557659105,0.800833557641618,0.800833557653671,0.80083355763664,0.800833557635891,0.80083355767372,0.800833557641002,0.797731136972858,0.798924863116455,0.798893446096813,0.798537309807198,0.798996712938779,0.808311268252577,0.806323151062382,0.802953076165628,0.796828384220135,0.799511489757725,0.790351243818724,0.794700472555971,0.797083646498762,0.770396744795196,0.778517648752421,0.767956542349976,0.793180434833777,0.793406840620881,0.797086234724025,0.761621630279095,0.783035911699788,0.783179485971262,0.786858193113551,0.793574683138751,0.793775364093627,0.797923568294212,0.797819305418057,0.797676462664044,0.796531193474153,0.797089183557001,0.797610072200022,0.797613475436622,0.735154723496401,0.804166989127139,0.758581589864,0.738710336067809,0.753202853831714,0.752241925986633
12,"DZA","Algeria",0.295584157113245,0.28028875142545,0.299501074297174,0.284014621467219,0.280806883423599,0.305653509757127,0.306211133993906,0.296760298026488,0.315343151947869,0.319026647438567,0.313576310673517,0.322575379500157,0.262722894770574,0.229940915324414,0.222656557315237,0.233273897045416,0.246598451315671,0.256370950011208,0.246791875105517,0.260663513474401,0.319121371276429,0.314379492868361,0.311760741187375,0.356462485748405,0.351148582868346,0.313835355889688,0.339236311718587,0.334592022259882,0.331526725279105,0.329045404804176,0.333770202444573,0.336750190041474,0.339754057195816,0.339144759486847,0.338429857110902,0.335537029099129,0.297212905693456,0.287291806398793,0.273759283931244,0.309977710096865,0.307759762337579,0.300871055996076,0.290969654550148,0.278501185431001,0.27496530808875,0.264141850767211,0.278651857702609,0.286180558979621,0.293678968069018,0.290945760775431,0.307023572991374,0.293614227547764,0.281793942792554,0.267962206906155,0.250344641346669,0.252656819987065,0.254362935252014,0.252507105072901,0.257381866128684,0.257178286617092,0.256522006292135,0.222385473393755,0.21929059273176,0.211598122075439,0.209721522748862,0.209617760365676,0.201775557016163,0.210563351184174,0.218470199404747,0.219109498610543
20,"AND","Andorra",NA,NA,NA,NA,NA,NA,NA,NA,NA,NA,NA,NA,NA,NA,NA,NA,NA,NA,NA,NA,NA,NA,NA,NA,NA,NA,NA,NA,NA,NA,NA,NA,NA,NA,NA,NA,NA,NA,NA,NA,NA,NA,NA,NA,NA,NA,NA,NA,NA,NA,NA,NA,NA,NA,NA,NA,NA,NA,NA,NA,NA,NA,NA,NA,NA,NA,NA,NA,NA,NA
24,"AGO","Angola",0.435832690866483,0.534637804062272,0.558920507700206,0.650963910818763,0.652709925353243,0.735868598057601,0.471597950157783,0.27479007765879,0.458045462023898,0.609919852175701,0.577703833334981,0.589696067488294,0.518104859082469,0.437858446976866,0.518779580480216,0.581061105841971,0.625030628330763,0.633944830372932,0.517488667049364,0.290366143428644,0.490305601291606,0.494348117699457,0.490313538457315,0.417879582137025,0.382119153265043,0.59975994325814,0.43982007136807,0.383722814558623,0.407761554019847,0.522170317228484,0.444202843551389,0.419080910769256,0.473141356897182,0.667952642806,0.48033705700547,0.376911937101049,0.364973082768806,0.519411883156642,0.45845271637266,0.496546682766847,0.533590666136944,0.438047369454203,0.440331663806619,0.460069141318786,0.415995078099759,0.322675883215779,0.404249345016375,0.380302697223538,0.371854252108203,0.366228881374711,0.289495237731882,0.396858915335862,0.370043678629466,0.334899189695017,0.34227996900568,0.377672498278735,0.395035778545728,0.381653524893391,0.383269772136594,0.341319181050816,0.317809979189551,0.348157296443577,0.34844701802282,0.371065055970891,0.380620043198965,0.261359766218615,0.305799371322513,0.322919292289815,0.31233355907619,0.272262212842373
660,"AIA","Anguilla",0,0,0,0,0,0,0,0,0,0,0,0,0,0,0,0,0,0,0,0,0,0,0,0,0,0,0,0,0,0,0,0,0,0,0,0,0,0,0,0,0,0,0,0,0,0,0,0,0,0,0,0,0,0,0,0,0,0,0,0,0,0,0,0,0,0,0,0,0,0
28,"ATG","Antigua and Barbuda",0,0,0,0,0,0,0,0,0,0,0,0,0,0,0,0,0,0,0,0,0,0,0,0,0,0,0,0,0,0,0,0,0,0,0,0,0,0,0,0,0,0,0,0,0,0,0,0,0,0,0,0,0,0,0,0,0,0,0,0,0,0,0,0,0,0,0,0,0,0
32,"ARG","Argentina",0.282398330224503,0.387737693333633,0.442733496884826,0.511145084198162,0.470435533782979,0.442792087830498,0.407058481435829,0.378436005504504,0.370159938391617,0.487786839839563,0.45880734149103,0.490178857703967,0.509505301786399,0.520483139021655,0.550136187515383,0.506055191840641,0.38541152884509,0.441067919071714,0.58236097097334,0.494750230106746,0.515202814262656,0.503087750719095,0.541171199732195,0.608308603262278,0.639410219213837,0.617243582790029,0.712223099221411,0.806746320717627,0.676929458231578,0.649227863076801,0.766003324520432,0.724341612158717,0.66457079132147,0.711646842962912,0.681931066198391,0.703147524299913,0.664324708941842,0.650250515464827,0.630818743495444,0.656645348195239,0.713958626032329,0.734187060147309,0.695546620378557,0.698108171928864,0.662838483222367,0.679520329393952,0.628698411526837,0.571264038428263,0.605639005711742,0.527819288497058,0.521385807599401,0.584388322138758,0.63006380270315,0.637573248839468,0.688758003727835,0.606750465209585,0.51398183443969,0.548640306871804,0.550663735197756,0.621577742993466,0.607254256319943,0.595262247618617,0.599863747703398,0.549120210237557,0.59033845550956,0.251885142551248,0.51625207928385,0.499353474689768,0.472965957101832,0.476531968113305
51,"ARM","Armenia",NA,NA,NA,NA,NA,NA,NA,NA,NA,NA,NA,NA,NA,NA,NA,NA,NA,NA,NA,NA,NA,NA,NA,NA,NA,NA,NA,NA,NA,NA,NA,NA,NA,NA,NA,NA,NA,NA,NA,NA,NA,NA,NA,NA,NA,NA,NA,NA,NA,NA,NA,NA,NA,NA,NA,NA,NA,NA,NA,NA,NA,NA,NA,NA,NA,NA,NA,NA,NA,NA
533,"ABW","Aruba",0,0,0,0,0,0,0,0,0,0,0,0,0,0,0,0,0,0,0,0,0,0,0,0,0,0,0,0,0,0,0,0,0,0,0,0,0,0,0,0,0,0,0,0,0,0,0,0,0,0,0,0,0,0,0,0,0,0,0,0,0,0,0,0,0,0,0,0,0,0
36,"AUS","Australia",0.220501496964806,0.21738640765409,0.218603451543925,0.229918566494079,0.22772429772308,0.236221047163651,0.239032012440397,0.240386945902978,0.243367348155296,0.255594479328397,0.257413775843753,0.247998790934236,0.258905313505965,0.268284845018137,0.275742326471416,0.268421965219501,0.262929327211281,0.286282299192113,0.299782391200976,0.342980382524336,0.386347871919709,0.460917158563891,0.454083857668334,0.471269257696458,0.476346524466889,0.398899551214765,0.451939669771154,0.479744528356503,0.465327604356876,0.479161476878289,0.395477435192513,0.485601549620703,0.475663965081811,0.466931098862044,0.436073354995158,0.417761843344563,0.390759889065849,0.363744216704777,0.382404650724025,0.469010391263954,0.36817046969516,0.405887728330131,0.359036196620151,0.38057428242323,0.382427013824351,0.429275858088168,0.410716783982902,0.402148447970373,0.406642372196077,0.411616651581747,0.367417715916984,0.393945862488891,0.307881111139503,0.299049273639472,0.273013521162692,0.249723186686849,0.247970176978297,0.22141821537342,0.225619468126542,0.246259531508045,0.227304257285631,0.221267218612137,0.213775707685586,0.216432364376402,0.205691219709374,0.192350214224291,0.19149304293342,0.193876901583638,0.189175432888325,0.195739348455729
40,"AUT","Austria",NA,NA,NA,NA,NA,NA,NA,NA,NA,NA,NA,NA,NA,NA,NA,NA,NA,NA,NA,NA,NA,NA,NA,NA,NA,NA,NA,NA,NA,NA,NA,NA,NA,NA,NA,NA,NA,NA,NA,NA,NA,NA,NA,NA,NA,NA,NA,NA,NA,NA,NA,NA,NA,NA,NA,NA,NA,NA,NA,NA,NA,NA,NA,NA,NA,NA,NA,NA,NA,NA
31,"AZE","Azerbaijan",NA,NA,NA,NA,NA,NA,NA,NA,NA,NA,NA,NA,NA,NA,NA,NA,NA,NA,NA,NA,NA,NA,NA,NA,NA,NA,NA,NA,NA,NA,NA,NA,NA,NA,NA,NA,NA,NA,NA,NA,NA,NA,NA,NA,NA,NA,NA,NA,NA,NA,NA,NA,NA,NA,NA,NA,NA,NA,NA,NA,NA,NA,NA,NA,NA,NA,NA,NA,NA,NA
44,"BHS","Bahamas",0,0,0,0,0,0,0,0,0,0,0,0,0,0,0,0,0,0,0,0,0,0,0,0,0,0,0,0,0,0,0,0,0,0,0,0,0,0,0,0,0,0,0,0,0,0,0,0,0,0,0,0,0,0,0,0,0,0,0,0,0,0,0,0,0,0,0,0,0,0
48,"BHR","Bahrain",0.250036062893688,0.250036062893688,0.262898455471573,0.276484954610388,0.292726863319074,0.305242203052422,0.317322321234516,0.330326515055268,0.341481697413902,0.352271330848313,0.362160963269396,0.381841119172415,0.400343082085568,0.428483374920762,0.451778703977986,0.480042292297395,0.509368530880561,0.524386033436682,0.472217008543186,0.382232667317614,0.215430845687492,0.220192835617295,0.224849974325173,0.229817487866071,0.232268548473137,0.293931142864752,0.336720511442808,0.346894290130634,0.383907051378666,0.403683960458458,0.448962021576868,0.466513023885815,0.506737188166285,0.555551305769953,0.58226091738864,0.60034301682996,0.597364748083138,0.591746737452255,0.554304278575331,0.498716120937324,0.480192376362999,0.49845852270761,0.498756612431191,0.536190502130425,0.562459473198455,0.576723826587581,0.584922979477109,0.559385850263316,0.521378040077665,0.214747132905943,0.221948164202785,0.220856535399845,0.213159443537788,0.195156302994597,0.178978238068611,0.172027541883834,0.155524742103322,0.123266784781364,0.141805100506048,0.103280478686021,0.122750335214692,0.132994972305507,0.0840962342834236,0.114910763340375,0.111687404671351,0.113620245062247,0.115572732222593,0.112466853190342,0.112466853191114,0.112466853191569
50,"BGD","Bangladesh",0,0,0,0,0,0,0,0,0,0,0,0,0,0,0,0,0,0,0,0,0,0,0.0771945697608174,0.0858832442815934,0.0945982162851576,0.104572478337805,0.111087257059592,0.117894388700188,0.124475825432182,0.133359599366615,0.140880035668546,0.147653209467586,0.157715464128832,0.166236207311071,0.171006553081567,0.167649871965821,0.163958627110535,0.156894938477843,0.155263796957029,0.155742671968393,0.155269781708424,0.154867533491276,0.150933951385783,0.146339946507086,0.158865100508025,0.1571546004177,0.155238736566355,0.151027850322518,0.155503886899115,0.149018080396013,0.142290903578605,0.131238180940639,0.123867134861228,0.124988746657031,0.115124668738677,0.105971360903089,0.135626109533236,0.134463508182728,0.12944422524033,0.112990266189175,0.0952559965395441,0.119417293930131,0.173088201149307,0.163858015657441,0.15652879727876,0.156068380067616,0.161032471677368,0.149253502811245,0.149132005387031,0.151259631185659
52,"BRB","Barbados",0,0,0,0,0,0,0,0,0,0,0,0,0,0,0,0,0,0,0,0,0,0,0,0,0,0,0,0,0,0,0,0,0,0,0,0,0,0,0,0,0,0,0,0,0,0,0,0,0,0,0,0,0,0,0,0,0,0,0,0,0,0,0,0,0,0,0,0,0,0
112,"BLR","Belarus",NA,NA,NA,NA,NA,NA,NA,NA,NA,NA,NA,NA,NA,NA,NA,NA,NA,NA,NA,NA,NA,NA,NA,NA,NA,NA,NA,NA,NA,NA,NA,NA,NA,NA,NA,NA,NA,NA,NA,NA,NA,NA,NA,NA,NA,NA,NA,NA,NA,NA,NA,NA,NA,NA,NA,NA,NA,NA,NA,NA,NA,NA,NA,NA,NA,NA,NA,NA,NA,NA
56,"BEL","Belgium",0.832655560598156,0.866494697810081,0.829955670302844,0.805628914591161,0.807661454553834,0.794034241241272,0.886041342960437,0.939007860628448,0.94143062186866,0.932642648047467,0.935512701457698,0.943750752091928,0.96063475734559,0.945782563367585,0.888253496693089,0.96165249026175,0.964242124192889,0.97633473465321,0.979169642829175,0.976705310122888,0.970626071328311,0.975358282528106,0.966366704356392,0.954862094283136,0.975892880247096,0.949914329882945,0.962506062015255,0.984707285179111,0.983529658474481,0.984463183934895,0.94350375687974,0.84737978671535,0.836036958471184,0.890989843103178,0.904935752212874,0.9301882629732,0.97664143624683,0.983507822123689,0.984068288609731,0.977598892872014,0.981608302963969,0.981634743341828,0.980620287393921,0.984322072914141,0.983289259826807,0.98604367326494,0.985041197983636,0.984305919683112,0.983187581420907,0.985014034561904,0.984441979119501,0.985417735703284,0.98468908077699,0.987333268261805,0.985271152371474,0.987702155624902,0.98822981599468,0.987735129124995,0.988370657898573,0.973870062650374,0.987118945229718,0.976360255839809,0.964104368384226,0.9644230171269,0.970346184212762,0.966302037832189,0.96860420436916,0.965772433927232,0.803103520841784,0.849176577103362
84,"BLZ","Belize",0,0,0,0,0,0,0,0,0,0,0,0,0,0,0,0,0.000284035366439225,0.183474296643123,0.0977877996687002,0.0929160853365594,0.000253640365362593,0.000240272814245147,0.000236822054399566,0.000247617789532245,0.00685237759648427,0.0126287943885696,0.0403695501700561,0.0330178342097025,0.0372258952051147,0.0323852990392409,0.0488593828076178,0.0350706793402248,0.0170388710490186,0.00829955778683774,0.00281628569868936,0.0404738847726305,0.0554195560389962,0.0629199549950502,0.00303329235826665,0.00352470327988812,0.00292196283827314,0.00172108706636847,0.00106888811324562,0.0377370024595334,0.0511114042959282,0.0218266216250332,0.0104974276101574,0.00184412417261877,0.00443997037275215,0.009779952013386,0.0124255880796359,0.00562003785081034,0.000956164171226632,0.00181348762363349,0.00597708459174889,0.000663028586199105,0.000376685107917504,0.000227806132300513,0.000151031018727421,0.000359039717616507,0.000733148561974908,0.00425725881702941,0,0,0,0,0,0,0,0
204,"BEN","Benin",0,0,0,0,0,0,0,0,0,0.0130260365804751,0.0133533670863364,0.0147263237831953,0.0142009910227113,0.00617252490948741,0.00764898239102162,0.00627292122529427,0.00558366685677936,0.0111240552596182,0.0112032203229858,0.0120657014034735,0.0197780921870536,0.0222773146440866,0.0232048653060195,0.0287420506726863,0.043711055780631,0.030403449589492,0.0317648972739875,0.0290918714284486,0.0135829114972186,0.0124820855828846,0.0377085485725961,0.0227008565817466,0.00993472212328511,0.00906440408908586,0.00881825498454592,0.010341843393181,0.0155446740710091,0.0142199743624215,0.0130384264091988,0.0132433529311395,0.0126749346816661,0.0130275985128734,0.0140279614215964,0.0148692173952855,0.0150056678309403,0.0159954669917712,0.0157639340678232,0.0162343660999479,0.0155976953926276,0.0143222875147534,0.0122327213272571,0.0114522158706257,0.0102180914122096,0.0130309029638709,0.0155491939124213,0.0173722457711101,0.0221306951649813,0.025584965063275,0.020531167587093,0.01584024167226,0.00614942780670273,0.00391714219859723,0.0404275455872422,0.0462097045260779,0.0150027621472002,0.00832453450122035,0.00157334215090165,0.000732412513212871,0.00254628396958951,0.00494920812891832
60,"BMU","Bermuda",0,0,0,0,0,0,0,0,0,0,0,0,0,0,0,0,0,0,0,0,0,0,0,0,0,0,0,0,0,0,0,0,0,0,0,0,0,0,0,0,0,0,0,0,0,0,0,0,0,0,0,0,0,0,0,0,0,0,0,0,0,0,0,0,0,0,0,0,0,0
64,"BTN","Bhutan",NA,NA,NA,NA,NA,NA,NA,NA,NA,NA,NA,NA,NA,NA,NA,NA,NA,NA,NA,NA,NA,NA,NA,NA,NA,NA,NA,NA,NA,NA,NA,NA,NA,NA,NA,NA,NA,NA,NA,NA,NA,NA,NA,NA,NA,NA,NA,NA,NA,NA,NA,NA,NA,NA,NA,NA,NA,NA,NA,NA,NA,NA,NA,NA,NA,NA,NA,NA,NA,NA
68,"BOL","Bolivia",NA,NA,NA,NA,NA,NA,NA,NA,NA,NA,NA,NA,NA,NA,NA,NA,NA,NA,NA,NA,NA,NA,NA,NA,NA,NA,NA,NA,NA,NA,NA,NA,NA,NA,NA,NA,NA,NA,NA,NA,NA,NA,NA,NA,NA,NA,NA,NA,NA,NA,NA,NA,NA,NA,NA,NA,NA,NA,NA,NA,NA,NA,NA,NA,NA,NA,NA,NA,NA,NA
70,"BIH","Bosnia and Herzegovina",NA,NA,NA,NA,NA,NA,NA,NA,NA,NA,NA,NA,NA,NA,NA,NA,NA,NA,NA,NA,NA,NA,NA,NA,NA,NA,NA,NA,NA,NA,NA,NA,NA,NA,NA,NA,NA,NA,NA,NA,NA,NA,NA,NA,NA,NA,NA,NA,NA,NA,NA,NA,NA,NA,NA,NA,NA,NA,NA,NA,NA,NA,NA,NA,NA,NA,NA,NA,NA,NA
72,"BWA","Botswana",NA,NA,NA,NA,NA,NA,NA,NA,NA,NA,NA,NA,NA,NA,NA,NA,NA,NA,NA,NA,NA,NA,NA,NA,NA,NA,NA,NA,NA,NA,NA,NA,NA,NA,NA,NA,NA,NA,NA,NA,NA,NA,NA,NA,NA,NA,NA,NA,NA,NA,NA,NA,NA,NA,NA,NA,NA,NA,NA,NA,NA,NA,NA,NA,NA,NA,NA,NA,NA,NA
76,"BRA","Brazil",0.294017554991845,0.262495878364644,0.331387205204625,0.217215580228675,0.309123218916587,0.297982618232093,0.280627083555762,0.252469689056963,0.28142249590276,0.328969779641489,0.333157305781862,0.306988962671979,0.316911814315171,0.444988229903485,0.332140797907301,0.341712162107528,0.337081263417994,0.288275697105109,0.284249164012817,0.265980919213088,0.33059675624755,0.318034545439311,0.262935349363178,0.291152947499248,0.331650386889748,0.278275421795612,0.388158143085066,0.345116309350792,0.283407859059482,0.376057496303318,0.271522729588849,0.291277243418908,0.283914309668753,0.252843817017898,0.338160472364112,0.300833804409073,0.285056600068199,0.272815025881748,0.306669416680468,0.32800912677453,0.217477437840605,0.199790053772218,0.191708836954568,0.204300172795303,0.178191270891561,0.19423698660698,0.157399486947109,0.141560936887411,0.166364846493701,0.153767766700273,0.19127522596643,0.161357261148408,0.176114164756869,0.173577807269935,0.149001215795779,0.147756828904399,0.157503337400072,0.170470363199806,0.166108385214987,0.151853695773848,0.147728671485675,0.188697722797245,0.165096706110459,0.160044576146917,0.177827386257763,0.17465867275323,0.178592261370164,0.169903655228243,0.179773953741825,0.172958124609575
92,"VGB","British Virgin Islands",0,0,0,0,0,0,0,0,0,0,0,0,0,0,0,0,0,0,0,0,0,0,0,0,0,0,0,0,0,0,0,0,0,0,0,0,0,0,0,0,0,0,0,0,0,0,0,0,0,0,0,0,0,0,0,0,0,0,0,0,0,0,0,0,0,0,0,0,0,0
96,"BRN","Brunei Darussalam",0,0,0,0,0,0,0,0,0,0,0,0,0,0,0.247461465590625,0.238945401248449,0.278528719119291,0.264165191452546,0.212129514861948,0.228211371230673,0.260795775431395,0.376458147673574,0.298437548367841,0.191638458143885,0.35484699231385,0.413623448246653,0.362605052848711,0.435772982990649,0.437266859633021,0.451885644020322,0.38253295281522,0.404735801494651,0.433679238909017,0.557788342604334,0.513564522230517,0.504249048652759,0.571637647142794,0.501037548606019,0.354832334660863,0.421649377743507,0.410206013592677,0.55882331710311,0.575642175061568,0.490459438803936,0.495019347931424,0.551069630033591,0.622113070376086,0.729542854987689,0.559693905816866,0.427138194280416,0.592172024916026,0.447638635109661,0.289437229034142,0.286064496730508,0.266766944789845,0.28243834590073,0.234373479985888,0.318250615081349,0.316453192476562,0.281045876131919,0.388889685489649,0.354455937241736,0.35473196562303,0.35422299977641,0.359204749071933,0.237473416033951,0.265487884999139,0.141003369062815,0.265824154247754,0.229395658662503
100,"BGR","Bulgaria",0.0626176627891962,0.0555502317338706,0.046836794473135,0.0283716993085469,0.0325329759676982,0.0372566699706158,0.0419900779685178,0.0790861786564267,0.0678608476945429,0.0493205614100067,0.0282984074719485,0.0277616677332583,0.0548938738410412,0.0736932295076709,0.331674517003668,0.366415838053221,0.517580119003079,0.582243197356632,0.611397199675597,0.638981460301903,0.587354488725361,0.633131656092978,0.53841839777442,0.399426503012513,0.433767636805811,0.289272036974927,0.482306449535687,0.321090762599045,0.352037618573472,0.603932888183656,0.0997263814143809,0.350624927332686,0.426066177182809,0.443770509490619,0.438059588522493,0.300010470604605,0.418156795910908,0.303036358377198,0.790569311518285,0.588230117378142,0.678938381984563,0.51228915466186,0.641002135150011,0.59438198316324,0.802289536869264,0.76012394410459,0.733348908040349,0.746111997994326,0.61221337705613,0.735026299096498,0.732889574481029,0.835203422384931,0.47221329311149,0.547464878969968,0.637141387432288,0.653702372859649,0.673168444743421,0.852298061785085,0.736948159643643,0.65327188952731,0.5960367028062,0.482482300572467,0.565137985663859,0.61084220145613,0.665188696334861,0.785682429976229,0.78160996722002,0.784957926186117,0.737728759950279,0.732486696385092
854,"BFA","Burkina Faso",NA,NA,NA,NA,NA,NA,NA,NA,NA,NA,NA,NA,NA,NA,NA,NA,NA,NA,NA,NA,NA,NA,NA,NA,NA,NA,NA,NA,NA,NA,NA,NA,NA,NA,NA,NA,NA,NA,NA,NA,NA,NA,NA,NA,NA,NA,NA,NA,NA,NA,NA,NA,NA,NA,NA,NA,NA,NA,NA,NA,NA,NA,NA,NA,NA,NA,NA,NA,NA,NA
108,"BDI","Burundi",NA,NA,NA,NA,NA,NA,NA,NA,NA,NA,NA,NA,NA,NA,NA,NA,NA,NA,NA,NA,NA,NA,NA,NA,NA,NA,NA,NA,NA,NA,NA,NA,NA,NA,NA,NA,NA,NA,NA,NA,NA,NA,NA,NA,NA,NA,NA,NA,NA,NA,NA,NA,NA,NA,NA,NA,NA,NA,NA,NA,NA,NA,NA,NA,NA,NA,NA,NA,NA,NA
132,"CPV","Cabo Verde",0,0,0,0,0,0,0,0,0,0,0,0,0,0,0,0,0,0,0,0,0,0,0,0,0,0,0,0,0,0,0,0,0,0,0,0,0,0,0,0,0,0,0,0,0,0,0,0,0,0,0.222397891228719,0.0456505802419021,0,0.0860932867242874,0,0,0.0282939263212671,0,0,0,0,0,0,0,0,0,0,0,0,0
116,"KHM","Cambodia",0,0,0,0,0,0,0,0,0,0,0,0,0,0,0,0.455062745295643,0.481715579560948,0.496774312954965,0.510757003145087,0.512207186881177,0.52514535694282,0.557226015446237,0.537106045891374,0.504793864860633,0.500405048173887,0.598573677199405,0.604743460876131,0.602551533997256,0.600365307279051,0.588274812121794,0.391361736127719,0.421782192913073,0.396603205991327,0.394476283752507,0.355193622604041,0.34225028649408,0.343721731671527,0.394130508698391,0.396821286528171,0.440970081975011,0.495197962869636,0.485240604202444,0.49563818789449,0.456820373767932,0.44414262848217,0.458201813819985,0.471314600575706,0.482458810350506,0.456422882239955,0.515333608967334,0.514347390625597,0.564185211483556,0.575699680447799,0.592523958640531,0.586925612846321,0.613007012653483,0.61616411808934,0.617406633869816,0.572121095971921,0.612907722351326,0.613735026134305,0.600858607918425,0.607022314523626,0.609636908520635,0.646948591001704,0.622113245779756,0.622623417338571,0.621854610393867,0.610584486764682,0.613524148904482
120,"CMR","Cameroon",0,0.00474471659918936,0.00931782950303798,0.0357903754463491,0.0810618083300901,0.110180789090947,0.114043635828659,0.101937342574994,0.0913192695441932,0.144952018946342,0.147098487284354,0.144614695457612,0.189609454667846,0.249073315077095,0.264675287976189,0.320029255771504,0.393448173647386,0.391965584215894,0.392489152074026,0.432374533886068,0.531531719637986,0.56087705728992,0.541163168613905,0.509036981489907,0.477797223234086,0.45773189947033,0.456404638140923,0.465228995304698,0.376319351853556,0.333792398525805,0.296009346533798,0.30220892572872,0.319303620162563,0.325697940831011,0.352705781641727,0.338161405607678,0.339344965127091,0.356751930014221,0.348555593756106,0.309982407873899,0.267487013183597,0.251832501237191,0.214203939013014,0.208254992769744,0.204388748265678,0.209050995065393,0.196781339576478,0.181404017239745,0.18190230847462,0.198245980963966,0.201095951089532,0.189619791857316,0.152018355993413,0.137591992368397,0.151258079070141,0.111766798852499,0.0825528814887545,0.137935639369204,0.137376695898678,0.0957433629500684,0.0787202326215702,0.076428782359082,0.051655951631699,0.0515540875421071,0.0497380959400352,0.047641183934775,0.08171642713173,0.0366155702563259,0.0343825465807539,0.0322394062892091
124,"CAN","Canada",0.168843344651308,0.204826624043787,0.269592080435211,0.284726800531081,0.353112862489124,0.397768517086095,0.427215178937932,0.470632494210913,0.457087238971389,0.503645612822912,0.561504368657493,0.546020802189865,0.551025003656608,0.541761031505549,0.531481789923302,0.527281613600597,0.519838724035001,0.50174983514804,0.472206498497674,0.466380452315215,0.429673727072373,0.441555144070605,0.430121788768618,0.441113497505257,0.414253670756069,0.418782659625214,0.424524400815794,0.42781020537247,0.397848533460949,0.448064795312391,0.405601165915128,0.353225044047019,0.35800228195517,0.329386082817181,0.320382936471853,0.31126607171695,0.310719444965559,0.323895766086631,0.31472919356683,0.330654079434148,0.309811807156906,0.324531636512052,0.341798291286341,0.311617916915372,0.301696244892432,0.307845024723774,0.288719529141627,0.313096281193759,0.31671034893566,0.327711674540422,0.376745858724065,0.357347669487023,0.366762751574659,0.364890704616759,0.352589094975489,0.354847001219009,0.36476260846896,0.370369735292964,0.374243762078585,0.346541178821138,0.343521536586964,0.358318614420253,0.358918555193492,0.356842644830647,0.354944486096673,0.402604717343227,0.401028712832842,0.419438616282605,0.363483029584407,0.36333156337263
136,"CYM","Cayman Islands",0,0,0,0,0,0,0,0,0,0,0,0,0,0,0,0,0,0,0,0,0,0,0,0,0,0,0,0,0,0.613034399640407,0.283508633399769,0.0748726109594451,0.138697039775503,0.673140624680623,0.83292141787605,0.958949132269901,0.935291247740882,0.829206235102985,0.621750440257317,0.984369073732929,0.980834420092226,0.717935254645734,0.791796553350324,0.636770592469467,0,0,0,0,0,0,0,0,0,0,0,0,0,0,0,0,0,0,0,0,0,0,0,0,0,0
140,"CAF","Central African Republic",NA,NA,NA,NA,NA,NA,NA,NA,NA,NA,NA,NA,NA,NA,NA,NA,NA,NA,NA,NA,NA,NA,NA,NA,NA,NA,NA,NA,NA,NA,NA,NA,NA,NA,NA,NA,NA,NA,NA,NA,NA,NA,NA,NA,NA,NA,NA,NA,NA,NA,NA,NA,NA,NA,NA,NA,NA,NA,NA,NA,NA,NA,NA,NA,NA,NA,NA,NA,NA,NA
148,"TCD","Chad",NA,NA,NA,NA,NA,NA,NA,NA,NA,NA,NA,NA,NA,NA,NA,NA,NA,NA,NA,NA,NA,NA,NA,NA,NA,NA,NA,NA,NA,NA,NA,NA,NA,NA,NA,NA,NA,NA,NA,NA,NA,NA,NA,NA,NA,NA,NA,NA,NA,NA,NA,NA,NA,NA,NA,NA,NA,NA,NA,NA,NA,NA,NA,NA,NA,NA,NA,NA,NA,NA
152,"CHL","Chile",0.050921571215427,0.04861450165861,0.0450415289017168,0.0433868617705234,0.0408998138095671,0.035435166939875,0.0397124983593245,0.04002939495214,0.0408091039627749,0.0363077173437256,0.0214281349513166,0.0271102259592294,0.0211726215447215,0.431405095125557,0.436681193024325,0.00508839573752277,0.0197976515456828,0.00491811236348376,0.0229681546601122,0.034215540083956,0.245574469738743,0.0324255114219916,0.0521640477914195,0.0518144197827053,0.0187090228276054,0.0529065067880836,0.0107276153559141,0.0428580471474718,0.0312409931602259,0.0160303403219183,0.00773878165452878,0.0120390723515839,0.00801324984866968,0.0157199371913963,0.00954121870632388,0.00798664341211231,0.00698009685410959,0.00620914352758217,0.00726389476696052,0.00859310783753896,0.0121324437155324,0.0119788182422973,0.0150581751270061,0.0157788324232905,0.0143209469850579,0.0161195500140658,0.0151693283826636,0.0168876311580507,0.0232398134698624,0.0135107329743105,0.0130892503223493,0.0126915573633335,0.0108025286945374,0.009484095351709,0.00830398982533721,0.00767995042424655,0.00840791179762704,0.00949414934238185,0.0083403388269823,0.00814733322365783,0.00847656105690771,0.00673081969555652,0.01119525483602,0.0141545622820255,0.0117009865079292,0.00977562513023731,0.0109925039685615,0.00311996931141289,0.0065291695039353,0.0141738623270052
156,"CHN","China",0.0511243205356636,0.0580449281361383,0.0631372508364241,0.0660648612690366,0.0687560709421452,0.0744537942313243,0.080631889209615,0.0865923274278596,0.0900139997620498,0.0987639631065399,0.102762847576744,0.127048845289353,0.129539259077173,0.146757036125011,0.152454370973218,0.158476952141257,0.155975680125648,0.179355680838068,0.193145667220874,0.185297783838668,0.18609122671806,0.215223761810712,0.225173125068244,0.233714386761186,0.264263368969655,0.266007267288147,0.291848920206003,0.299872822496697,0.29205444945102,0.279944955165423,0.301678067547076,0.306247321707854,0.314519520703755,0.322651694927081,0.319803910789159,0.320589991930439,0.374282455733867,0.3734548923856,0.402592540726477,0.442930544539322,0.435967186137701,0.467736467724784,0.469713828951857,0.492624249381909,0.492200903456924,0.49374573845309,0.482761948909323,0.440385686928922,0.454534552033321,0.466847864708576,0.463262268575735,0.453280847360817,0.446117271400714,0.418341440339864,0.427336686374078,0.427141736100982,0.434566175125959,0.423144304005615,0.419670240236563,0.426841683391669,0.42456405035021,0.431855518944809,0.407098642492442,0.414436897079308,0.481882043537754,0.480631173898284,0.495358104241529,0.497819321629334,0.499970622578859,0.482868578743003
170,"COL","Colombia",0.322301924678497,0.32230192883512,0.322301943605928,0.2809301225104,0.258784485772528,0.26557822058514,0.189118706908713,0.239719924864298,0.389238209230319,0.348890132421877,0.268911848050765,0.344858075263016,0.288704241959584,0.332536618539305,0.325341841706236,0.295912548724808,0.242031832062851,0.332319870703158,0.37873435755198,0.236467426944267,0.483095376178716,0.522809223509985,0.371537097281512,0.536543038504397,0.545522863807054,0.491276339648445,0.452956347702609,0.627291807007497,0.481019861105358,0.534269783560878,0.395173117319971,0.323994987241455,0.602369634223615,0.780243542265651,0.664681500160777,0.578119664467036,0.597117812365991,0.632466549099607,0.602933594599973,0.604307385902771,0.361846772910664,0.593062857810634,0.286457534969209,0.312872889418238,0.285071065857395,0.181854051543301,0.210390282180695,0.2305444016427,0.329676391768046,0.277066746124893,0.278429648358923,0.220891353044253,0.0658979178730872,0.233811722629019,0.299913285053967,0.127309844157108,0.178919340142267,0.165429728987971,0.23369942364589,0.291132023139889,0.119806069099138,0.0824778262112919,0.0869067232874221,0.115187710758363,0.0955410435971901,0.113484184053312,0.0702469590818195,0.149187115003534,0.0855746410521849,0.136726082136812
174,"COM","Comoros",0,0,0,0,0,0,0,0,0,0,0,0,0,0,0,0,0,0,0,0,0,0,0,0,0,0,0,0,0,0,0,0,0,0,0,0,0,0,0,0,0,0,0,0,0,0,0,0,0,0,0,0,0,0,0,0,0,0,0,0,0,0,0,0,0,0,0,0,0,0
184,"COK","Cook Islands",NA,NA,NA,NA,NA,NA,NA,NA,NA,NA,NA,NA,NA,NA,NA,NA,NA,NA,NA,NA,NA,NA,NA,NA,NA,NA,NA,NA,NA,NA,NA,NA,NA,NA,NA,NA,NA,NA,NA,NA,NA,NA,NA,NA,NA,NA,NA,NA,NA,NA,NA,NA,NA,NA,NA,NA,NA,NA,NA,NA,NA,NA,NA,NA,NA,NA,NA,NA,NA,NA
188,"CRI","Costa Rica",0.539442561055687,0.534259883096331,0.486422226813352,0.497646773727594,0.47895492609916,0.65113374204928,0.628901611171712,0.625293825363867,0.734911117473663,0.848906154393732,0.863919911632345,0.849125280865177,0.841443647312422,0.868403202932372,0.895344388229207,0.889129785520207,0.899388183454898,0.888671147249805,0.869219110574043,0.854973109669149,0.776278906200745,0.856653212058456,0.739102416549886,0.767763781038105,0.739638046145142,0.722203335677395,0.703318748533022,0.620720966178476,0.485954585837998,0.571406614162413,0.676774822160724,0.76401891075896,0.821218408667098,0.732168171468829,0.743625353909225,0.85611308267691,0.868821547832202,0.817288800298809,0.793253040256628,0.767674760236113,0.740196062574517,0.558285279730861,0.619859435513165,0.704034412099036,0.716537194942748,0.693898876965485,0.64272398426783,0.430837928806189,0.412210499055468,0.36718914242626,0.311027117535876,0.176023563163729,0.194340722628148,0.252005697533346,0.314609117431089,0.307643985329829,0.314052229363044,0.303435139839699,0.213854006847665,0.175172826060952,0.208988671657102,0.194542044067345,0.160081808971081,0.182441146345192,0.167909608296511,0.165831965345967,0.169907953582274,0.229055453673483,0.213391271492911,0.217848619724246
384,"CIV","Cote d'Ivoire",0.0462764271648407,0.0583561973211439,0.0967195142045952,0.142125647338546,0.195708263788382,0.197441871884424,0.210282233692228,0.198482371534258,0.211357558286502,0.262061585786549,0.251233300076612,0.293343675062892,0.288294096774122,0.278762704673562,0.271835701759866,0.277420368276426,0.311304410081639,0.253697765887063,0.253128985584121,0.244644743950893,0.156351549146927,0.116829186129172,0.139477625417471,0.141947481581984,0.11944275579973,0.102506906270355,0.0996454119578925,0.123875151906557,0.117563692563778,0.110161526439055,0.115560015424157,0.0969552725975036,0.0789073898574775,0.107488176698203,0.123927394107469,0.13435566729012,0.164860983393776,0.14119832457686,0.157556677603917,0.135667214420071,0.133324477880047,0.161628439734579,0.193424672898106,0.264265496696717,0.247816044194975,0.259826338363882,0.269386084943614,0.249191027614771,0.229923210289219,0.207197929491556,0.189802973967566,0.183080839140068,0.186895667942098,0.0998864600136998,0.0983191353908926,0.188563959529911,0.0891414963886863,0.088911210956485,0.0778874775371712,0.0859325667552565,0.0834227909092327,0.0833454728735579,0.0696070730502556,0.0797531444926021,0.13101207952485,0.130317848544298,0.134891707179308,0.104537978727675,0.175835198850826,0.104598146581437
191,"HRV","Croatia",0.181180843869822,0.209896295299192,0.190130605707013,0.166652652596807,0.200512694028267,0.240022625794335,0.215212265448721,0.205833073422891,0.192186240464417,0.249484676397817,0.192564756252435,0.209368481533234,0.21152772703422,0.205955423429228,0.205631935131501,0.247596002108946,0.243061790249671,0.226799879177209,0.225082623930671,0.239821097743011,0.242554610418213,0.233470460068625,0.231269732893464,0.222303552986716,0.237582618128059,0.237887057453848,0.218744788151888,0.189901031952857,0.203559087677984,0.225334379466556,0.27478388459256,0.246377658160219,0.268881317617565,0.246409434108842,0.279971201128176,0.284486348023963,0.297978243460383,0.280769385863815,0.262762178149031,0.269413302311639,0.177400266249525,0.160462075592051,0.231652876675613,0.226570235350056,0.355336851822544,0.345096360952356,0.309040625173425,0.286103029084565,0.280065301439377,0.245615168965347,0.229933397372958,0.235788901289787,0.199777657047377,0.223973188617302,0.236140959077291,0.251943831360951,0.28834713876337,0.277727973901597,0.273507844392577,0.23811921897167,0.236181683293423,0.177108605316618,0.186036064897615,0.178084371038429,0.189437733831372,0.17299070599242,0.167422424179718,0.133851307155271,0.128894470851205,0.136050543014578
192,"CUB","Cuba",0.0311665745361302,0.0265103222169463,0.0267919483088312,0.0581568417496638,0.0314256042235197,0.0515022164421132,0.0949352007942852,0.0745872528563463,0.0569368808873116,0.0220537554615116,0.0574805178399985,0.046649172389741,0.0345573492002295,0.0407921760058294,0.0783001289234584,0.0379320878042574,0.0930236523547893,0.108895651461087,0.0886063569182946,0.177978582059786,0.288189773074346,0.619259015066912,0.555039209907436,0.488282012534498,0.589743769141705,0.573444152858428,0.574223582473232,0.459199725971109,0.556418486767993,0.595228263186259,0.606247050045982,0.589274953040511,0.387929232635371,0.460217555587567,0.333594986999594,0.360362850596846,0.382765609378497,0.360732557120496,0.554160718768679,0.369525485936271,0.276406808254698,0.369756869557217,0.491763936684652,0.533399007645183,0.371331437325985,0.40628460181962,0.390912815506711,0.254266582550016,0.164164464235667,0.141640046255673,0.0349982283176811,0.0315156028422201,0.04365672319182,0.0462247503890681,0.0484529866661819,0.0575616570676829,0.0563172779672907,0.0176531146803754,0.0203850573752345,0.0227180647295399,0.0324328962847924,0.101299838424521,0.0843495349916649,0.0286689107568592,0.028727927293374,0.0283790743258392,0.0249833667688638,0.0248129653171975,0.038525106075948,0.0267524929732726
531,"CUW","Curacao",0,0,0,0,0,0,0,0,0,0,0,0,0,0,0,0,0,0,0,0,0,0,0,0,0,0,0,0,0,0,0,0,0,0,0,0,0,0,0,0,0,0,0,0,0,0,0,0,0,0,0,0,0,0,0,0,0,0,0,0,0.027276890702193,0.0241002064681857,0.0234142633544664,0.491430800014151,0.346865256557889,0.483005083316681,0.413686268365271,0.37444862580556,0.310365979976457,0.469840278400001
196,"CYP","Cyprus",0.284053188279332,0.309463836997997,0.2985228867812,0.296278051453619,0.303261605706096,0.307019838223502,0.340125464593061,0.363610330761871,0.389688976586627,0.429466165535958,0.454567311859958,0.504350818103166,0.461742567214376,0.467829627924938,0.49882134593482,0.444125183467597,0.452961682883327,0.459335528227218,0.430854720057794,0.43781422080996,0.446050060974284,0.458509596728545,0.454834402869894,0.453207268666467,0.552032754181226,0.555625274854077,0.530583766972196,0.507995235143229,0.508768809692209,0.502984672883408,0.507428120285038,0.501823758967817,0.494833198770465,0.549588375835877,0.538208115268362,0.536317738647603,0.521186135824224,0.531593333976397,0.0141213839995739,0.0151794148844448,0.0192806599382362,0.0154510357351109,0.015256287067165,0.0434251560041252,0.0687929505813187,0.0436697089449607,0.0282884988783954,0.0340417333619632,0.00876282888153023,0.00846834021706534,0.00613727035305784,0.00681982452812988,0.00406741930379931,0.00517570841757684,0.00335940533302672,0.0048341497496752,0.00787518160084166,0.0054705811605037,0.00461774089324011,0.00378533563091278,0.00333695279953905,0.0310729815013834,0.201544943789996,0.233435751589497,0.22163805162226,0.206811980120879,0.240601686883285,0.254385688610372,0.217212687622875,0.20988212855342
203,"CZE","Czechia",NA,NA,NA,NA,NA,NA,NA,NA,NA,NA,NA,NA,NA,NA,NA,NA,NA,NA,NA,NA,NA,NA,NA,NA,NA,NA,NA,NA,NA,NA,NA,NA,NA,NA,NA,NA,NA,NA,NA,NA,NA,NA,NA,NA,NA,NA,NA,NA,NA,NA,NA,NA,NA,NA,NA,NA,NA,NA,NA,NA,NA,NA,NA,NA,NA,NA,NA,NA,NA,NA
180,"COD","Dem. Rep. Congo",NA,NA,NA,NA,NA,NA,NA,NA,NA,NA,NA,NA,NA,NA,NA,NA,NA,NA,NA,NA,NA,NA,NA,NA,NA,NA,NA,NA,NA,NA,NA,NA,NA,NA,NA,NA,NA,NA,NA,NA,NA,NA,NA,NA,NA,NA,NA,NA,NA,NA,NA,NA,NA,NA,NA,NA,NA,NA,NA,NA,NA,NA,NA,NA,NA,NA,NA,NA,NA,NA
208,"DNK","Denmark",0.230601393951827,0.262445514964326,0.262407615738371,0.279511189453321,0.144872285495523,0.159801850573035,0.181133934266801,0.187105507620029,0.170607124744655,0.221705322530887,0.348075282075749,0.298096159108267,0.413326718773761,0.390556572237761,0.303167955936692,0.32286588903201,0.386953063681002,0.457881196457338,0.514563969247405,0.416570612453904,0.480732875738901,0.518837719526151,0.524698871996726,0.458182653999312,0.597421620979703,0.472553842879546,0.537566971023057,0.605191827948969,0.55612846040747,0.507600905570915,0.544600105519934,0.51303698823613,0.532673204300704,0.526784293453284,0.572735196012599,0.568691115371816,0.634669712068208,0.579915065761763,0.591241104278492,0.643902462537891,0.600316146898263,0.635697098748557,0.671594893388563,0.584951448103473,0.588259872990086,0.586044070301225,0.545970342287779,0.586637727322345,0.49669680512997,0.471462144113244,0.493689174826754,0.514872503187254,0.530954543335366,0.350529134130839,0.34550384913788,0.238801239165307,0.385176545382667,0.309014519633582,0.420179644240394,0.434197095786925,0.477895389440393,0.406195310886657,0.32178096661295,0.405243998891163,0.294862555529809,0.240831505152814,0.158667749982639,0.39569261799519,0.305768098758798,0.292009211000599
262,"DJI","Djibouti",0,0,0,0,0,0,0,0,0,0,0,0,0,0,0,0,0,0,0,0,0,0,0,0,0,0,0,0,0,0,0,0,0,0,0,0,0,0,0,0,0,0,0,0,0,0,0,0,0,0,0,0,0,0,0,0,0,0,0,0,0,0,0,0,0,0,0,0,0,0
212,"DMA","Dominica",0,0,0,0,0,0,0,0,0,0,0,0,0,0,0,0,0,0,0,0,0,0,0,0,0,0,0,0,0,0,0,0,0,0,0,0,0,0,0,0,0,0,0,0,0,0,0,0,0,0,0,0,0.886104763695672,0.82540047049836,0.718928243359475,0.841191563214158,0.886165002223569,0.905616736928514,0.909907595359288,0.916656705801743,0.922695588530347,0.920512182681515,0.924098216485085,0.921185228857243,0.842930228098812,0.787753477164241,0.466127686647964,0.41244899648595,0.32304195059164,0.472907773666261
214,"DOM","Dominican Republic",0,0,0,0,0,0,0,0,0,0,0,0,0,0,0,0,0,0,0,0,0,0,0,0,0,0,0,0,0,0,0,0,0,0,0,0,0,0,0,0,0,0,0,0,0,0,0,0,0,0,0,0,0,0,0,0,0,0,0,0,0,0,0,0,0,0,0,0,0,0
218,"ECU","Ecuador",0.0536543518174527,0.0586753158358087,0.057445433506209,0.0620990702569218,0.0829550263096382,0.0967368718932432,0.12334780098764,0.113492887647102,0.138961285759117,0.12917771646057,0.128292089055845,0.180628700325613,0.180299792498082,0.16913291188303,0.16374773110394,0.171679742482826,0.164078267343757,0.169697035246946,0.154697116681005,0.195381476991619,0.123353148244927,0.107067247779568,0.107270373421579,0.0837641339135445,0.0559913259952053,0.0512381871496315,0.0396379674441423,0.0204399302271896,0.0171782547574604,0.0220805180346569,0.0207511216463727,0.0262319829199601,0.023714150231824,0.0500977556026936,0.0165742172472419,0.0110201739222194,0.0261914431915479,0.0386857351193839,0.0285355328938984,0.0354145455158876,0.083947916538984,0.116862796528321,0.127762792639894,0.0918312101397339,0.073632149292045,0.0375107255484893,0.0220171850076185,0.0239366167982707,0.0271647581108805,0.0081224423344021,0.0110287929061964,0.0110389132526337,0.0191639551970119,0.0164987245416659,0.0163030544479609,0.0171184440916041,0.0162433182087938,0.0340352825469157,0.0338285004565527,0.0421752704034425,0.0562990698107507,0.0423103057393315,0.0455017005797963,0.0490669233644965,0.0507460828578313,0.058104814886525,0.0212106634004466,0.00624905574030475,0.0278381524682138,0.0216837117429243
818,"EGY","Egypt",0.384316411491826,0.38664544793379,0.378332749182351,0.351505843943759,0.372734031267618,0.384981718817182,0.359582761189165,0.457631183231577,0.478835036718567,0.432186649898127,0.434557378616877,0.522245294942776,0.457847911837644,0.553780091950409,0.671106662683652,0.68404582462113,0.710416478844067,0.671793596240315,0.686227580189774,0.553867435998679,0.580752576800132,0.534706598592245,0.530903939623949,0.492825031737037,0.444946932958711,0.622988510287286,0.538889357152909,0.532029701580051,0.532936810332928,0.485024615819886,0.522223968646553,0.505447384754614,0.486819079723892,0.457825540646277,0.400609484460231,0.360737147123255,0.525831540818782,0.40416523314715,0.437894853015898,0.405373661311692,0.418907633597073,0.406117803786544,0.414686040032919,0.436822731678038,0.451382189377951,0.421900867096771,0.449075410782779,0.435873122074611,0.444284041413586,0.442063907891508,0.484566221831321,0.484175287787894,0.4858930597001,0.517386765239714,0.515465062785498,0.512120577433709,0.510921237710009,0.41017916267098,0.427965030796367,0.43671474685584,0.448076273858561,0.503578417888753,0.533326580480083,0.530308134136939,0.523527893060652,0.524206932457241,0.50688127030467,0.510278935034174,0.489365872339671,0.494559702378282
222,"SLV","El Salvador",0.0683530836271488,0.0749128881422216,0.0749198625770381,0.0763373217594026,0.0761567727954533,0.0772308909739197,0.0780596714691548,0.815147306240016,0.909160726193086,0.914154201638726,0.938926949247984,0.945621859311083,0.945399227533867,0.94358432929613,0.944616015435873,0.939554499521007,0.947727272440826,0.933651572623237,0.922654363143899,0.92132942893644,0.922674401504459,0.910897978435947,0.90746485116291,0.935937423406814,0.896981521541882,0.916534854158618,0.910482321027533,0.90565814839364,0.944676130920191,0.912847442376031,0.875164123605718,0.945215859316685,0.954221933621677,0.916327199881995,0.977006454174908,0.878773446346866,0.890402663998511,0.904052920964299,0.87770295762664,0.866544644791964,0.808935275484997,0.75537229498011,0.723568008323304,0.832548434379675,0.770765352652073,0.806465902783243,0.872950115620437,0.783717992871189,0.866412916125364,0.772876961084047,0.67787960184248,0.650095791752361,0.460692302952759,0.707283445162321,0.524697535863537,0.560990138907192,0.651326740162814,0.595173162975123,0.406945431454661,0.343688336308342,0.408216137109239,0.167113679309307,0.160911381901689,0.14009854290086,0.119110713516587,0.444967560117738,0.622996839299809,0.604669055067824,0.548046271059448,0.559409611051875
226,"GNQ","Equatorial Guinea",0,0,0,0,0,0,0,0,0,0,0,0,0,0,0,0,0,0,0,0,0,0,0,0,0,0,0,0,0,0,0,0,0,0,0,0,0.15384061617135,0.26408725591203,0.259528875917879,0.324140110129772,0.270141244005215,0.301843675355138,0.246608831938715,0.239631614021724,0.233972906960418,0.22934607475098,0.226811209608365,0.226703962947336,0.222395550390391,0.218192357491262,0.214334150137328,0.210816043603895,0.207638840165604,0.204807168243621,0.194656043133093,0.184849193416202,0.175376543168674,0.30589810832213,0.254348114227868,0.206897244989777,0.203612200423993,0.227830645609772,0.248910215805264,0.257627838160553,0.277008437421499,0.266353181621945,0.267243610951406,0.270074369352463,0.268686456244746,0.26827352734182
232,"ERI","Eritrea",0.0104899952644757,0.0104899952644755,0.0104899952644755,0.0104899952644756,0.0104899952644755,0.0104899952644755,0.0119756002802516,0.0139514155605631,0,0,0,0,0,0,0,0,0,0,0,0,0,0,0,0.252460757942188,0.169658832703507,0.227642285758991,0.298126790989134,0.238755067978435,0.116057238139411,0.167344593934715,0.0946694200099739,0,0,0,0,0,0,0,0,0,0,0,0,0,0,0,0,0,0,0,0,0,0,0,0,0,0,0,0,0,0,0,0,0,0,0,0,0,0,0
233,"EST","Estonia",0.0428430502571574,0.0369039054137096,0.03456272903976,0.0292731358632716,0.0274413725273914,0.0214571009131447,0.108247861100078,0.34552779405449,0.478411698316496,0.540585625666646,0.661054954184841,0.691982410769545,0.635645460607533,0.670046403174778,0.667014194448139,0.696973867450801,0.646006255976697,0.534190984005429,0.6138640945078,0.657855693574957,0.598537970064336,0.590389016976346,0.600857057873496,0.603967184230341,0.530415317659334,0.48165449466657,0.337996502554732,0.313313683634742,0.244080248334145,0.407756877358544,0.485147019171094,0.334524402124035,0.432324110107129,0.160302410121244,0.19732765749895,0.166806612594621,0.165410717647135,0.110037758330552,0.0750427403903382,0.0823223705148037,0.103488101093853,0.0450142379152237,0.00836782580186278,0.143161316847257,0.0158139954979446,0.0283441371544814,0.0239389241906966,0.0275659297468268,0.0470426686740557,0.0909644565988573,0.13730187425504,0.114451484633768,0.148567728904688,0.198253779391598,0.181449979025146,0.146762859959295,0.107733317374104,0.133031081624732,0.130540347403862,0.0697513322861595,0.0824358347399472,0.156342375004003,0.0974645274311623,0.121418433107014,0.0932580301351763,0.0968678108721357,0.0855046513020395,0.105010064098443,0.105107513865587,0.105303206710856
748,"SWZ","Eswatini",NA,NA,NA,NA,NA,NA,NA,NA,NA,NA,NA,NA,NA,NA,NA,NA,NA,NA,NA,NA,NA,NA,NA,NA,NA,NA,NA,NA,NA,NA,NA,NA,NA,NA,NA,NA,NA,NA,NA,NA,NA,NA,NA,NA,NA,NA,NA,NA,NA,NA,NA,NA,NA,NA,NA,NA,NA,NA,NA,NA,NA,NA,NA,NA,NA,NA,NA,NA,NA,NA
231,"ETH","Ethiopia",NA,NA,NA,NA,NA,NA,NA,NA,NA,NA,NA,NA,NA,NA,NA,NA,NA,NA,NA,NA,NA,NA,NA,NA,NA,NA,NA,NA,NA,NA,NA,NA,NA,NA,NA,NA,NA,NA,NA,NA,NA,NA,NA,NA,NA,NA,NA,NA,NA,NA,NA,NA,NA,NA,NA,NA,NA,NA,NA,NA,NA,NA,NA,NA,NA,NA,NA,NA,NA,NA
234,"FRO","Faeroe Islands",0.423310340155312,0.423043971394292,0.762954349697894,0.707245346755499,0.746303124348647,0.791869376326438,0.731106984420141,0.787966452773447,0.837839099633657,0.868244967756625,0.886794033836745,0.874617493169222,0.929954857749139,0.91895576639048,0.895963516381081,0.849535289970047,0.790167911620636,0.764429546950431,0.708745664512428,0.657697196793676,0.539567045044718,0.621167756890216,0.619337239713277,0.506543923758273,0.590655635756804,0.458297217921467,0.43842542682266,0.442723805004222,0.371729603154032,0.430559226041124,0.436211326276603,0.487147917502903,0.435296077767326,0.414705982093934,0.424162660726138,0.335929961703122,0.342957636430134,0.381904060049421,0.416409970726775,0.44754656819167,0.470795968188558,0.557256842776279,0.456187834490297,0.485437005165719,0.503972815809721,0.348630799369167,0.32350874166996,0.310742895982243,0.28740028477386,0.271164317577431,0.226780700996928,0.207263119600554,0.249300351289252,0.185665514959995,0.178056951499257,0.204424800301077,0.177739036790672,0.189177988632227,0.221960215619003,0.317941463717754,0.249073950022931,0.216449524750766,0.209450022136692,0.135764993970934,0.12529940587358,0.128129337524892,0.136007093763562,0.099350233622985,0.0986962579798268,0.127582427142769
238,"FLK","Falkland Islands",0,0,0,0,0,0,0,0,0,0,0,0,0,0,0,0,0,0,0,0,0,0,0,0,0,0,0,0,0,0,0,0,0,0,0,0,0,0,0,0.954096122360531,0.957663057502483,0.880760863708756,0.95070946559014,0.934050741266294,0.951944087411157,0.942709025927742,0.951024353911911,0.933725477236656,0.91485748907374,0.856742367870652,0.918949513106858,0.911136738747879,0.924169654329922,0.934761450469663,0.925339416575728,0.934544353796365,0.918685543997627,0.927900630582271,0.932178471053885,0.936418294831945,0.948071762992205,0.888273968456955,0.934327932103395,0.911475533632172,0.901087057822516,0.722237524570569,0.918524332724861,0.944860620819037,0.93780853881495,0.945042505655257
242,"FJI","Fiji",0,0,0,0,0,0,0,0,0,0,0,0,0,0,0,0,0,0,0,0,0,0,0,0,0,0,0,0,0,0,0,0,0,0,0,0,0,0,0,0,0,0,0,0,0,0,0,0,0,0,0,0,0,0,0,0,0,0,0,0,0,0,0,0,0,0,0,0,0,0
246,"FIN","Finland",0,0,0,0,0,0,0,0,0,0,0,0,0,0,0,0,0,0,0,0,0,0,0,0,0,0,0,0,0,0,0,0,0,0,0,0,0,0,0,0,0,0,0,0,0,0,0,0,0,0,0,0,0,0,0,0,0,0,0,0,0,0,0,0,0,0,0,0,0,0
250,"FRA","France",0.320081109685433,0.358847723670945,0.326292864851614,0.334487899038483,0.324133199205274,0.327788654032581,0.31741926298162,0.318574623218878,0.324669190254837,0.324141572051098,0.333322336604039,0.3581319428125,0.318677263374846,0.321699114533909,0.318527530618437,0.319940638196953,0.317525135368733,0.307546498216202,0.326709830114751,0.321998123818238,0.305783877783161,0.31659288378421,0.328600885436932,0.327694100104863,0.312050257797222,0.321674679222122,0.305046340010717,0.295750260649988,0.33534373648045,0.323703108394817,0.320825640246118,0.33967840481717,0.331048422801909,0.301401255287956,0.31036005871132,0.317861266286942,0.332158686364138,0.347249659608577,0.365153981391279,0.382450995629785,0.39253888055202,0.383200603463927,0.385415284942316,0.313025291256905,0.318230915303944,0.33991602276379,0.337945529388005,0.346366351072948,0.338291807869489,0.330345803706854,0.348443257810981,0.358690514411041,0.342848980834049,0.326801761628279,0.315136839359825,0.315185279209347,0.326108363946281,0.337362917902246,0.324401708432158,0.303199940781727,0.324020642026428,0.346905773042358,0.268034858286481,0.267887047021499,0.266419352559783,0.204205981221297,0.198945159067033,0.202076061308621,0.213804487612114,0.22767036628564
258,"PYF","French Polynesia",0,0,0,0,0,0,0,0,0,0,0,0,0,0,0,0,0,0,0,0,0,0,0,0,0,0,0,0,0,0,0,0,0,0,0,0,0,0,0,0,0,0,0,0,0,0,0,0,0,0,0,0,0,0,0,0,0,0,0,0,0,0,0,0,0,0,0,0,0,0
266,"GAB","Gabon",0.0133101491925208,0.0125479288636786,0.0117928344525427,0.0110541205619675,0.0103391715185601,0.00965355611390856,0.00900117994862362,0.013955320459477,0.099692765067395,0.152483719071075,0.187682866691646,0.212384378893716,0.230319161690414,0.243637376624417,0.251644926437655,0.257532507272158,0.265852360656791,0.272854387669472,0.268339782676745,0.263941037033522,0.25990119118745,0.255803507039676,0.251810591404082,0.247964636436552,0.244176501221546,0.22163499405239,0.202275662758184,0.185635300997896,0.17156913514257,0.159212236161386,0.147765822573597,0.138095191419393,0.129726596855861,0.121874300991297,0.125481782850439,0.439632035447121,0.431706178462666,0.417948292978658,0.383727810741466,0.404164247753677,0.425859416493878,0.410827365993615,0.369438998867794,0.327991283431422,0.479964468650663,0.419102534844628,0.380762849672723,0.313330298681665,0.371365625129285,0.359619675402158,0.404779396148159,0.335451063380653,0.385834090809658,0.353904266003088,0.363514515343041,0.343262996427022,0.405368782623608,0.429651954069322,0.474007020906476,0.366279603597914,0.344838236776831,0.326551336305264,0.35071011204878,0.373619795376365,0.396660383153367,0.360849911798624,0.358067631845989,0.35584800481782,0.355471415459125,0.352384684144628
270,"GMB","Gambia",0,0,0,0,0,0,0,0,0,0,0,0,0,0,0,0,0,0.0171372848761428,0.0191251843437319,0.037471301516399,0.0439878510436463,0.057160919534165,0.0729878216258593,0.0781101322500388,0.079571448872458,0.12071852837758,0.153906618095104,0.195997345253204,0.219134229079392,0.24163991637412,0.25925571969291,0.322084971318556,0.392867373846328,0.39112424828468,0.409747582572849,0.42443354958802,0.489465231052499,0.498989535899112,0.373812054086984,0.338634887159256,0.468458557435433,0.438202811018905,0.538605825965315,0.47215811684323,0.42344842224086,0.451172310588407,0.311067682189593,0.2421316882531,0.179996476608123,0.137563146556901,0.40688076160463,0.249219106532436,0.231390935657928,0.35850174423428,0.315727947485291,0.170618821596955,0.0616078374616727,0.0366049025869674,0.0344822968497323,0.00624583590134562,0.0103299909261804,0.0130149068167826,0.0247062456288898,0.00694579912619594,0.0135318021237578,0,0,0,0,0
268,"GEO","Georgia",0.0532420938026166,0.0604336641858946,0.0671092946637359,0.0732811902601273,0.0714075066209645,0.073763307694145,0.0756098160660913,0.0770007771912572,0.0779826161751564,0.0786566482334795,0.0820773858868746,0.0907606034749543,0.0960725579002669,0.0991349321473906,0.10062143927266,0.10123372486839,0.102423144806241,0.102217672829596,0.101050899356928,0.0992415220148168,0.0972046835608956,0.0957437301624072,0.0931560654027336,0.0903844132225187,0.0870057592428613,0.0833406152968048,0.0793483778112553,0.0752303510718016,0.0713017233263043,0.067001372516146,0.0621707412007029,0.0689409487313595,0.0752576769134738,0.0815765813946308,0.0878835789050714,0.0943857212062063,0.101079538990539,0.107803388288295,0.10506775138313,0.0993637205139982,0.125581964420702,0.0396069053455967,0.0345243920327922,0.0325709731707113,0.0314914728896776,0.0976535921506203,0.117586085579354,0.0490792441404116,0.0803099277790814,0.0377407865636379,0.0555504661357213,0.0857439990671194,0.0959444294318144,0.075547030100176,0.0569687052342629,0.0623462593502977,0.0719863948812018,0.0785489993113721,0.073090427960648,0.0832158824745482,0.0556639828750402,0.0529101689706792,0.0594464893919913,0.0562007483930167,0.0475675724403034,0.0507599082161515,0.0470383939431304,0.0445258367339585,0.0745895270840982,0.0745798728068593
276,"DEU","Germany",0.384336907774202,0.332894866303289,0.382538124235374,0.36207163042511,0.354945550500712,0.393844046015046,0.417123047029379,0.408705992728341,0.49212547847822,0.50702144216595,0.58902199457981,0.739609153353849,0.739840780254521,0.782626363114088,0.731680548929448,0.75846202905225,0.766289459340451,0.75674679366445,0.706997249905473,0.670314239640981,0.603588128889459,0.557693506839083,0.526547681413713,0.515736325733514,0.496866205839615,0.510302154923558,0.531929514740797,0.553491045205084,0.483351300233106,0.481333198974631,0.358982510935437,0.295203704952027,0.393922263324742,0.340644176293636,0.321094210725074,0.34680282864748,0.319203689344166,0.318504016835628,0.351823544795705,0.296994126559094,0.315109956516622,0.383117979770234,0.34932446966723,0.354986939592752,0.408023190588129,0.330762314435295,0.349050473892746,0.345830583881764,0.290347624537181,0.346931163972323,0.343332673784774,0.310492293619603,0.309217381181817,0.273569723862682,0.276565426684635,0.280515705852989,0.285544797550455,0.269955612954413,0.29813494390535,0.32750201712747,0.345965316629719,0.326062199384394,0.287333841860942,0.303284411495839,0.283455849319216,0.219001760235288,0.2118991612496,0.225226536422079,0.240977748943738,0.222293038992528
288,"GHA","Ghana",0.0105245322716392,0.0100839818426989,0.00898364535678996,0.00873848990165791,0.00776659730151689,0.00725559652395769,0.00925269271012304,0.00826873106692035,0.0207213182509321,0.0260969506249577,0.03196440112222,0.0334310081425048,0.0722443294292699,0.170941342149512,0.174978500175805,0.3843457905918,0.352128356414332,0.307554241743577,0.300549632867046,0.30366784007427,0.313527101045044,0.202323463177705,0.251062737271175,0.302147512371063,0.195992274028085,0.224425436656577,0.245061867155432,0.226885813171972,0.157741920912665,0.22239506366543,0.143288263339128,0.114525754024713,0.113315186535136,0.126112298164577,0.123362541606113,0.130854819794268,0.122089452678717,0.0730678351597913,0.0492000052760762,0.0678395715160966,0.0757211223981152,0.0733720181618967,0.0514576340810566,0.0479435072935927,0.0647585473905625,0.0569585614145309,0.0648731687676744,0.0606345830906251,0.0602234158499362,0.0669949388649604,0.0404769356016835,0.0540032882519296,0.0721693421584382,0.0895703568650584,0.0769378516420252,0.0842635169173488,0.0852586141757731,0.118195444828015,0.102274889594599,0.100525427395415,0.0835922306996868,0.0726874436590238,0.0723234842203874,0.0856516818353323,0.0785221256859273,0.0821354508977208,0.0824702479983936,0.0696261331119886,0.0596326034998827,0.0651298499821829
300,"GRC","Greece",0.194415514900721,0.192685763490182,0.193213693622258,0.194991208699961,0.189137342925432,0.181111227265932,0.197035591819376,0.201902491733305,0.231616001665368,0.248864976381925,0.252676317360435,0.240215215309544,0.257347132552711,0.253870354267226,0.245257631860849,0.283735832046478,0.301769901193632,0.347240045032994,0.401571011901302,0.381744664328176,0.38737969080795,0.405255866237471,0.360709742085497,0.363256579506184,0.380710207279936,0.364940926427201,0.352161190526222,0.352472282040144,0.349920183366649,0.341315230700536,0.415763209114918,0.390266677151907,0.376534438003328,0.34668279664975,0.359910078287439,0.398342768577707,0.399905544425746,0.38768129483208,0.407705157493413,0.385614996420489,0.418317676842313,0.368389174379254,0.346672129359264,0.325623360887119,0.359599012492621,0.35497266150136,0.388499331696556,0.417178449094393,0.386918063833267,0.37332981977582,0.408216402770765,0.402957339673479,0.409961521581786,0.405315584148799,0.396525898360245,0.379114228028658,0.367701099763961,0.392022541103652,0.374276122890206,0.323164857383132,0.327920943882728,0.35640536880754,0.317052508233747,0.31830197847724,0.260565311494852,0.283070981503789,0.209875862937477,0.302297843352163,0.303619427779115,0.21135539889903
304,"GRL","Greenland",0,0,0,0,0,0,0,0,0.0222525188065198,0,0,0,0,0,0,0,0,0,0.0048847766511965,0.0702057183885951,0.152665075459346,0.220207061904603,0.325611069268523,0.438253426451354,0.538943073686822,0.711825579372126,0.783896175275015,0.646629926796235,0.611975519663582,0.466477491491342,0.502444136292649,0.512965951648095,0.636945638740639,0.604257603476453,0.603056047645855,0.756132497929526,0.798935912677628,0.73916195935437,0.710995579538797,0.67138360758601,0.669545799698561,0.612918363669068,0.678460959364679,0.660708263703566,0.703479766334076,0.717423134905956,0.676759770288645,0.703593566763819,0.743790408301578,0.648391378423344,0.627728010351148,0.662328327465404,0.646504103595907,0.646897079942734,0.676959588304616,0.657637641072606,0.626043442945051,0.626192962878038,0.667181368736338,0.708544049496472,0.686191717049385,0.667177387920962,0.623857765989936,0.479311976796006,0.454833449579425,0.471004823519029,0.513733895659448,0.462200977020327,0.460571550341829,0.560263261692582
308,"GRD","Grenada",0,0,0,0,0,0,0,0,0,0,0,0,0,0,0,0,0,0,0,0,0,0,0,0,0,0,0,0,0,0,0,0,0,0,0,0,0,0,0,0,0,0,0,0,0,0,0,0,0,0,0,0,0,0,0,0,0,0,0,0,0,0,0,0,0,0,0,0,0,0
320,"GTM","Guatemala",0.421387664348456,0.398958276267954,0.380721905398509,0.513619666272902,0.494823140980267,0.478077794283548,0.463039146571376,0.449470689177459,0.522494579845375,0.509640536318059,0.578755809773376,0.696049997180392,0.761830183179451,0.721902812471645,0.784751406730719,0.695361629756844,0.794715478550684,0.736752037235414,0.631369127654266,0.68485270912397,0.782522301404654,0.733394817450078,0.726860272316883,0.774753488018074,0.777048736749526,0.808324570017225,0.713970825973389,0.80558480314677,0.806585354915262,0.774217087480325,0.792306410261734,0.824448317134939,0.769348452351158,0.735992913457101,0.795762949836113,0.743315002460764,0.684277263712829,0.642899405633367,0.700908657653364,0.762731131236868,0.74499149166353,0.682429628629709,0.741120488946486,0.81203127393283,0.780475779926348,0.815466475514217,0.784312833220345,0.514312421179477,0.673140569726048,0.552953745435829,0.316412363176008,0.388763743090244,0.288243875735954,0.501526583978891,0.296287095664975,0.272552950678406,0.211816742575383,0.318709216001831,0.297642457310461,0.187820289771762,0.394666590769792,0.40323080759032,0.273710652419302,0.344791445056326,0.3091807879513,0.350952631274525,0.322852877270565,0.281260979061474,0.307764066496222,0.320527508820742
831,"GGY","Guernsey",NA,NA,NA,NA,NA,NA,NA,NA,NA,NA,NA,NA,NA,NA,NA,NA,NA,NA,NA,NA,NA,NA,NA,NA,NA,NA,NA,NA,NA,NA,NA,NA,NA,NA,NA,NA,NA,NA,NA,NA,NA,NA,NA,NA,NA,NA,NA,NA,NA,NA,NA,NA,NA,NA,NA,NA,NA,NA,NA,NA,NA,NA,NA,NA,NA,NA,NA,NA,NA,NA
324,"GIN","Guinea",0.00681039533146091,0.0509053752764117,0.0925404671040625,0.128669748223593,0.158866178588846,0.1866267197817,0.210930917470764,0.231172735078915,0.250536477616241,0.267958259084094,0.282329171107458,0.296606277254947,0.309592580737963,0.321441204053828,0.331049871841304,0.341049883043153,0.350266710246259,0.357645227052949,0.365557215645715,0.372886479914872,0.379692112713072,0.383210562318814,0.38932165376896,0.394247731608344,0.397300374455254,0.401827757984237,0.411594682989017,0.41770748859236,0.421310359309011,0.416648456243058,0.418855737618266,0.425457916022029,0.432153911553535,0.438776187139991,0.448649979940022,0.455791768846273,0.437079076699368,0.433078882419592,0.428468179720459,0.422876324342811,0.405239810282461,0.381150845686794,0.361104021103564,0.357421657432714,0.352487928842202,0.346371060384078,0.332807123843074,0.333877199735463,0.356731495555262,0.339133198200899,0.323506050397966,0.242201566248574,0.271940905793547,0.246598150872344,0.256661280181769,0.242518792086711,0.234568495150111,0.231769885418906,0.22441938150463,0.21350140242368,0.199381098994767,0.251446110579067,0.234170271079927,0.25604118873213,0.213997773403111,0.195728878292789,0.182498195107958,0.228188742875249,0.250772509045402,0.270257778213002
624,"GNB","Guinea-Bissau",0,0,0,0,0,0,0,0,0,0,0,0,0,0,0,0,0,0,0,0,0,0,0,0,0,0,0,0,0,0,0,0,0,0,0,0,0,0,0,0,0,0,0,0,0,0,0,0,0.0646195101553938,0.0625408875484087,0,0,0,0.0115410672062786,0,0,0,0,0,0,0,0,0,0,0,0,0,0,0,0
328,"GUY","Guyana",0.0691767091807264,0.0661085210597264,0.0628693344173087,0.0553353523418862,0.056334616358784,0.102916912637794,0.101050823872442,0.100005318179111,0.0933879159235664,0.0472357652314594,0.0756020004907391,0.121354978600664,0.160718202149096,0.185365248858275,0.201033554912331,0.215753661482249,0.24894556167589,0.228826554299082,0.221285243994039,0.245149587547362,0.265245288563001,0.251697089758101,0.234374944393451,0.230666760025136,0.237573411657398,0.187287540423272,0.219749397485083,0.180240255506052,0.238892668062777,0.165511912558448,0.0644491138592381,0.0749539737467683,0.07193406603097,0.0722970367844314,0.0760893899100647,0.101439938049423,0.0962678526197141,0.0927321463608709,0.118911459026769,0.128956866277755,0.126044438490253,0.13888296662714,0.0995788616186524,0.170328875165238,0.195770264466,0.255823007432671,0.315965866265333,0.353347893256375,0.310897236159188,0.289030099656764,0.468789959760201,0.612877642479344,0.51424592743982,0.447532878131418,0.387973699931555,0.404544764398614,0.420491195024735,0.468993639653378,0.467217564853175,0.474087080640505,0.499858546946428,0.560647960907689,0.562556275117186,0.579000144644594,0.547569000439615,0.583553812008295,0.587148764854423,0.583490480949117,0.571091729359011,0.460049404631523
332,"HTI","Haiti",0,0,0,0,0,0,0,0,0,0,0,0,0,0,0,0,0,0,0,0,0,0,0,0,0,0,0,0,0,0,0,0,0,0,0,0,0,0,0,0,0,0,0,0,0,0,0,0,0,0,0,0,0,0,0,0,0,0,0,0,0,0,0,0,0,0,0,0,0,0
336,"VAT","Holy See",NA,NA,NA,NA,NA,NA,NA,NA,NA,NA,NA,NA,NA,NA,NA,NA,NA,NA,NA,NA,NA,NA,NA,NA,NA,NA,NA,NA,NA,NA,NA,NA,NA,NA,NA,NA,NA,NA,NA,NA,NA,NA,NA,NA,NA,NA,NA,NA,NA,NA,NA,NA,NA,NA,NA,NA,NA,NA,NA,NA,NA,NA,NA,NA,NA,NA,NA,NA,NA,NA
340,"HND","Honduras",0.383796046851417,0.372878129124592,0.410059423406532,0.399936306755966,0.470823472475706,0.462280568177741,0.454691880623201,0.447381197348438,0.454306325446002,0.447964783902502,0.441820554748157,0.425717468673625,0.420464149806401,0.415212626353338,0.383725181067495,0.335624309186645,0.520687168888902,0.4801323120956,0.531887312302317,0.587281010494634,0.517221523371696,0.593463437713957,0.62717014698203,0.560724396846514,0.474466795118505,0.424737825538063,0.418075615840369,0.453104374740629,0.440716365871399,0.392285658216981,0.442919865061047,0.416427927848233,0.369317382134875,0.45461978570432,0.348499857676418,0.40126603158838,0.457351527354142,0.64876404573962,0.619734470015387,0.468242905702846,0.423306546451801,0.526192082172189,0.593461975516885,0.626105008807249,0.465495111561283,0.569791261334501,0.403602103485196,0.311218850378804,0.246519827994109,0.237710154732643,0.305775881788415,0.178148646500727,0.150284770707973,0.0182607593922547,0.144932036311699,0.130761191598351,0.0570185256584696,0.106046916136491,0.0622458181140868,0.186251302283274,0.124729307254707,0.247276423217684,0.246412499284115,0.155552860176964,0.158632296015929,0.152765373482583,0.167897915116675,0.183259116540793,0.191950179036977,0.183767013718272
344,"HKG","Hong Kong",0.500430166035998,0.501081077008966,0.497337599317462,0.496629355651216,0.518441108163482,0.50299583425509,0.485072137023983,0.48815452775061,0.506872688018236,0.513888152835688,0.502500555415452,0.491716573293578,0.52053732903701,0.513035433390957,0.525508801033846,0.534062099617018,0.541474386106911,0.531236948201049,0.549941169500824,0.551598379942123,0.539974376431061,0.530813020653614,0.536686414212513,0.534517758371772,0.527926690319314,0.546870655383473,0.56004421137226,0.550934568353578,0.54560940213368,0.343144542476301,0.388018641343148,0.404870609611268,0.436860761272882,0.412815378871791,0.413026335877857,0.320324540333779,0.396307394923848,0.335376861608404,0.262011434152546,0.337519703141715,0.393468361238854,0.440920045305267,0.399121961635351,0.411289291083594,0.386437985439364,0.47649646235791,0.479595656176174,0.441153776102741,0.447269572342873,0.410791012838896,0.355496778207658,0.407239367602786,0.391648013800183,0.426875150934061,0.351540854211689,0.383785119183364,0.387171631020147,0.353281679168803,0.355562431966238,0.306483609955505,0.310776898223778,0.348567452625716,0.307392291028699,0.31096483391637,0.651325810086757,0.523255927755571,0.565310207027276,0.606995470830884,0.648960951603733,0.690887108786384
348,"HUN","Hungary",NA,NA,NA,NA,NA,NA,NA,NA,NA,NA,NA,NA,NA,NA,NA,NA,NA,NA,NA,NA,NA,NA,NA,NA,NA,NA,NA,NA,NA,NA,NA,NA,NA,NA,NA,NA,NA,NA,NA,NA,NA,NA,NA,NA,NA,NA,NA,NA,NA,NA,NA,NA,NA,NA,NA,NA,NA,NA,NA,NA,NA,NA,NA,NA,NA,NA,NA,NA,NA,NA
352,"ISL","Iceland",0.557351574901901,0.565666728176066,0.707066656785572,0.597006229858817,0.608624300147077,0.638769010142451,0.562295581958599,0.562166195408652,0.678463079574714,0.615478846690012,0.558521563213211,0.393920326231267,0.270870975999967,0.320502677012489,0.272092854414969,0.211597530727674,0.175735951505138,0.220878676279678,0.365821350280556,0.391755119886115,0.389309234191571,0.38059553083883,0.333616436527199,0.266126562758497,0.262369422951905,0.291573517174033,0.286973299006347,0.220080856416453,0.195448531098906,0.229485527590812,0.285317977145009,0.31864495028925,0.561428427913945,0.479176829130241,0.265315880108797,0.242527981552319,0.267361668431952,0.294028151785914,0.283810272388855,0.290070099942563,0.284230338467628,0.395107280059305,0.225514083831835,0.196159731265379,0.194599993767524,0.182483722040524,0.143098579695255,0.12752599914066,0.163359270776563,0.152418827848711,0.12868310023191,0.117619218612588,0.128511547736235,0.134888017592101,0.164309923109979,0.169903703883854,0.204444734701555,0.185458020370722,0.201241619766973,0.22579685696139,0.230376260466047,0.205192121583816,0.167290492900747,0.201638666021063,0.22494232369344,0.152369033108149,0.197834743893354,0.180648102399422,0.220660744862975,0.258043811573155
356,"IND","India",0.0058016223309963,0.00698709203404789,0.00308705254639986,0.00240482847337375,0.00152953808704998,0.000514959022349775,0.00405934267556787,0.00463016457812301,0.00579170937239679,0.00734859527976653,0.00767434285417867,0.00965476090910142,0.0110242370564567,0.0100148311350943,0.00475738798618707,0.00888577281101826,0.0117200821121948,0.00966253188392993,0.0114408202088689,0.160803443732141,0.175351398128962,0.151896251377064,0.262443223542059,0.241150572543386,0.185549186134541,0.285957504294911,0.260459146741174,0.29445285993954,0.272907550706334,0.263405029028376,0.296433054571549,0.257918224538282,0.335025664668829,0.350506690384121,0.363227638976061,0.390445671474043,0.371174174020199,0.409472030692689,0.395343531181303,0.347982794528468,0.388345744797815,0.389433844101749,0.429832747486246,0.448118764721066,0.485512958566551,0.461735748671666,0.458112322104718,0.44275691986095,0.460006060560955,0.443970866452478,0.411703195651703,0.398473090413104,0.407648851548838,0.375612818690708,0.396782436425182,0.38222381134384,0.390216294104575,0.389574577063284,0.430671703515432,0.458441795685278,0.469599319745431,0.490153534623553,0.498263210477167,0.513849087988036,0.484228102685624,0.523699116483512,0.556582281267039,0.549636407006383,0.549408715781311,0.549408715781311
360,"IDN","Indonesia",0,0,0,0,0,0,0,0,0,0,0,0.213391761618375,0.257116934662084,0.301872907666733,0.344324580474511,0.388700855828526,0.434068175603987,0.448720206264826,0.456692289373081,0.46417158090299,0.538707268871222,0.560649329282854,0.577765486109454,0.592969059079897,0.59220038607723,0.564995717007488,0.576224320078788,0.57841069640118,0.576437085711527,0.567764962980131,0.486340626394501,0.491799714965316,0.570628938499547,0.568587644626386,0.562986717754522,0.57368118513207,0.57006332553807,0.56887147764089,0.558548522678629,0.541230194047557,0.506839476122709,0.46728101507497,0.456509818560147,0.442033049251725,0.437758012254836,0.433140771416764,0.40627633725966,0.401772288601461,0.399809247015767,0.408072985220839,0.404375662873098,0.414688937398969,0.403938672171159,0.409839080433269,0.392954888045428,0.39111767635731,0.378780021500316,0.375938441379832,0.368760836044458,0.367829973800052,0.373437039560425,0.382265492946667,0.376391657600011,0.370247213266003,0.377316405673153,0.386582266246272,0.384874592777516,0.393714898169557,0.388461988774791,0.388461988774791
364,"IRN","Iran",0,0.0014837650926807,0.00276326253615213,0.00402308011029302,0.0052640638018677,0.00648706425958802,0.00769082626251032,0.00870184601302912,0.0171535951949913,0.0253682517967193,0.0333581040316113,0.0457141907218089,0.057631678941787,0.0691350915947921,0.0802519401495557,0.0910223817697653,0.101406791989203,0.111524729829253,0.121306050101049,0.12306113519119,0.124954400570972,0.126697746740284,0.128541723584791,0.130374306134911,0.132160868804117,0.133976552072737,0.135857670721947,0.137816284906824,0.122405671278292,0.104676378452598,0.0875265441036743,0.114093102142035,0.144823579214876,0.176048702952519,0.209156975575314,0.244838639631879,0.262204074732894,0.217867286531498,0.223543502102296,0.213324225619751,0.232024190025492,0.223470670329151,0.190983827979507,0.194411645171603,0.142112128579534,0.139004347211377,0.141371423811905,0.107381540129145,0.12768288546773,0.123228426290083,0.126140763283599,0.12429428953133,0.12993232426752,0.135713570656192,0.122477762893281,0.115423035619972,0.110244653059805,0.0914909590981474,0.0923988279681736,0.0934718851436092,0.0997568257925749,0.123933319627503,0.122946045354585,0.125240300302109,0.124288308412899,0.122559360637625,0.116894692733946,0.112169155813787,0.109644518701621,0.11131489835967
368,"IRQ","Iraq",NA,NA,NA,NA,NA,NA,NA,NA,NA,NA,NA,NA,NA,NA,NA,NA,NA,NA,NA,NA,NA,NA,NA,NA,NA,NA,NA,NA,NA,NA,NA,NA,NA,NA,NA,NA,NA,NA,NA,NA,NA,NA,NA,NA,NA,NA,NA,NA,NA,NA,NA,NA,NA,NA,NA,NA,NA,NA,NA,NA,NA,NA,NA,NA,NA,NA,NA,NA,NA,NA
372,"IRL","Ireland",0.159423485348256,0.128599288323083,0.131959141663315,0.160696067184957,0.206376646442973,0.11281066451953,0.119725597046823,0.119256885459337,0.115620098802042,0.110638193982369,0.0849250434130799,0.124352583267704,0.151644273803228,0.175551477255767,0.196530144186332,0.208628866988149,0.227924137882965,0.227429003103741,0.251160163805088,0.269762915188697,0.308358973304179,0.283265407584036,0.274714900450463,0.260184435397897,0.232984236627996,0.271247604637319,0.279769377628705,0.259561190319681,0.25612521488829,0.216328911818165,0.135688514576695,0.128632506621198,0.547561943685651,0.146123863476995,0.144280595718878,0.150643940054373,0.134419497355696,0.199395399717697,0.163030654388366,0.190298050606789,0.133609287558201,0.127713973139115,0.143316776329313,0.139334646039303,0.161399214011837,0.15964147469446,0.178340288764447,0.210291661911196,0.193347146545814,0.198238371877648,0.192940438478793,0.168936426902192,0.195179929721441,0.197162282331569,0.175006519692823,0.158531035104568,0.171788963995354,0.174414176684856,0.169258131352994,0.152051085351847,0.149953528318239,0.216349183935995,0.278635640069188,0.284441095965412,0.209847905560985,0.0327613189375125,0.0378680308672904,0.0338296291468341,0.130774368318214,0.173100291291097
833,"IMN","Isle of Man",NA,NA,NA,NA,NA,NA,NA,NA,NA,NA,NA,NA,NA,NA,NA,NA,NA,NA,NA,NA,NA,NA,NA,NA,NA,NA,NA,NA,NA,NA,NA,NA,NA,NA,NA,NA,NA,NA,NA,NA,NA,NA,NA,NA,NA,NA,NA,NA,NA,NA,NA,NA,NA,NA,NA,NA,NA,NA,NA,NA,NA,NA,NA,NA,NA,NA,NA,NA,NA,NA
376,"ISR","Israel",0.577860410381223,0.455388782392471,0.493451886157707,0.554762803707879,0.562465621081399,0.649165094136696,0.555340259538728,0.471188482333584,0.478620963965795,0.47257744851613,0.494303457827914,0.551415590501534,0.508345603266877,0.557877027794466,0.479749733684853,0.700245357509722,0.862702110728043,0.891760353245243,0.844547997718585,0.833134071922216,0.787832403667611,0.836470342223013,0.763539249223889,0.678249685456745,0.678811604158659,0.748368010416317,0.766183288037023,0.707868617010992,0.781102967231715,0.787398454594515,0.823863247485182,0.829801872779139,0.710959093896689,0.73064356753089,0.710006064280614,0.570575615537368,0.603161820678675,0.760776975023246,0.818577408787979,0.740746298632907,0.59628720926924,0.43272950114203,0.439855087626237,0.351723438504272,0.42545759154937,0.406817546242244,0.364812864384724,0.367760898262789,0.366176308466229,0.428090944619432,0.420753032668517,0.47855232579824,0.476597798178452,0.48843160838121,0.556517829519686,0.484029522399703,0.512082074085115,0.523151626476742,0.538774787593363,0.574837990380067,0.608916973904923,0.487763949823102,0.483303858996589,0.530491714993386,0.535608305856189,0.53379687431735,0.526807346549057,0.465135472335271,0.4634259309463,0.463799011751552
380,"ITA","Italy",0.270150107922772,0.266632871681679,0.247321998954175,0.273236769895315,0.275630980590333,0.27725092104961,0.268240619832,0.296664639469678,0.311883694938022,0.313059308117648,0.331454862807431,0.336215429745856,0.356611255048051,0.345662102718792,0.433751545686184,0.47831170657469,0.514681161493161,0.549143798696079,0.5772406724231,0.558345775099195,0.528912128458992,0.533391549570496,0.517450170343537,0.506271426514103,0.483849444363704,0.492670706329245,0.485287548667826,0.476626835695501,0.472994403054332,0.475798461116745,0.470753185769886,0.482140955175109,0.489684472012019,0.491252543332719,0.503558599062582,0.481984793483,0.486923055995766,0.493195785502359,0.539225324839384,0.547089656878194,0.55296732104058,0.561154413710593,0.574499355163662,0.556973390967852,0.547547220506619,0.530806616277323,0.520641057990844,0.512094570142521,0.552920579280167,0.555411916782673,0.583845280065889,0.602595151788003,0.590223258237652,0.596546842047088,0.575580133405015,0.535354389069787,0.521536988998705,0.539138559757067,0.542821876979093,0.479351620102211,0.479736974120183,0.449918700247264,0.426252654700105,0.439697138426859,0.403401885580237,0.405250461394153,0.41729024123993,0.410672868981466,0.411253166011051,0.407007156062866
388,"JAM","Jamaica",0,0,0,0,0,0,0,0,0,0,0,0,0,0,0,0,0,0,0,0,0,0,0,0,0,0,0,0,0,0,0,0,0,0,0,0,0,0,0,0,0,0,0,0,0,0,0,0,0,0,0,0,0,0,0,0,0,0,0,0,0,0,0,0,0,0,0,0,0,0
392,"JPN","Japan",0.157186376855215,0.152191792240132,0.14807495570005,0.138604174683152,0.140797707756537,0.143222046040112,0.142643719377534,0.139245957405771,0.164446626191696,0.183336529288896,0.225307380016602,0.222514720489909,0.214281216624668,0.198879810405204,0.2429988342257,0.230503452166406,0.237459435800376,0.311411908999113,0.315232421000935,0.337124539606135,0.37040900018512,0.396146047741608,0.403471761158552,0.381988618086809,0.372327647353002,0.351330676273668,0.336243610098252,0.296745983417901,0.273165427541097,0.274831586285088,0.266329912225119,0.264661748504579,0.251000239219489,0.243173222871296,0.2416410184648,0.23433543231542,0.189732854863762,0.167509744604732,0.181617124228589,0.189587249006162,0.20067606805299,0.208396082972299,0.218508693070929,0.199751524337403,0.205538396442981,0.213569698786219,0.205512179592231,0.2003478282541,0.218188557061747,0.219693561710022,0.211045221060416,0.211435650301237,0.224957287953548,0.204879005408238,0.200022975632419,0.185333755001851,0.189165380664366,0.199111045079433,0.198055332981731,0.201986131763715,0.213438933430201,0.222343191751615,0.221430692620079,0.22962010185106,0.219185363118841,0.194990623897262,0.19646352216876,0.196447736166708,0.204233367094818,0.187659151063465
832,"JEY","Jersey",NA,NA,NA,NA,NA,NA,NA,NA,NA,NA,NA,NA,NA,NA,NA,NA,NA,NA,NA,NA,NA,NA,NA,NA,NA,NA,NA,NA,NA,NA,NA,NA,NA,NA,NA,NA,NA,NA,NA,NA,NA,NA,NA,NA,NA,NA,NA,NA,NA,NA,NA,NA,NA,NA,NA,NA,NA,NA,NA,NA,NA,NA,NA,NA,NA,NA,NA,NA,NA,NA
400,"JOR","Jordan",NA,NA,NA,NA,NA,NA,NA,NA,NA,NA,NA,NA,NA,NA,NA,NA,NA,NA,NA,NA,NA,NA,NA,NA,NA,NA,NA,NA,NA,NA,NA,NA,NA,NA,NA,NA,NA,NA,NA,NA,NA,NA,NA,NA,NA,NA,NA,NA,NA,NA,NA,NA,NA,NA,NA,NA,NA,NA,NA,NA,NA,NA,NA,NA,NA,NA,NA,NA,NA,NA
398,"KAZ","Kazakhstan",NA,NA,NA,NA,NA,NA,NA,NA,NA,NA,NA,NA,NA,NA,NA,NA,NA,NA,NA,NA,NA,NA,NA,NA,NA,NA,NA,NA,NA,NA,NA,NA,NA,NA,NA,NA,NA,NA,NA,NA,NA,NA,NA,NA,NA,NA,NA,NA,NA,NA,NA,NA,NA,NA,NA,NA,NA,NA,NA,NA,NA,NA,NA,NA,NA,NA,NA,NA,NA,NA
404,"KEN","Kenya",0,0,0,0,0,0,0,0,0,0,0,0,0,0,0,0,0,0,0,0,0,0,0,0,0,0,0,0,0,0,0.013200381383908,0.0254900225404756,0.0432762701091795,0.03965877534159,0.0617550442406716,0.181569717678943,0.0609345363139548,0.0889960182503131,0.0953864227227615,0.0839103131679631,0.089269384644384,0.103915815318269,0.0760039735167261,0.0291285475820062,0.0842700034098646,0.0340937934553458,0.103287176298134,0.143538400826846,0.247732193351813,0.16642572036719,0.149190377051288,0.146130333818583,0.121805795170804,0.0767160657863666,0.169649777131725,0.165294529740928,0.153585723373038,0.0835172009963627,0.0856040543412507,0.0840315016251949,0.0819885604654114,0.069756241066232,0.0654070472578749,0.0649058074462724,0.0642738821500278,0.0791249288017246,0.0747726596227805,0.0772424544061472,0.0640466927044986,0.0657892147771314
296,"KIR","Kiribati",0,0,0,0,0,0,0,0,0,0,0,0,0,0,0,0,0,0,0,0,0,0,0,0,0,0,0,0,0,0,0,0,0,0,0,0,0,0,0,0,0,0,0,0,0,0,0,0,0,0,0,0,0,0,0,0,0,0,0,0,0,0,0,0,0,0,0,0,0,0
689,"XKX","Kosovo",NA,NA,NA,NA,NA,NA,NA,NA,NA,NA,NA,NA,NA,NA,NA,NA,NA,NA,NA,NA,NA,NA,NA,NA,NA,NA,NA,NA,NA,NA,NA,NA,NA,NA,NA,NA,NA,NA,NA,NA,NA,NA,NA,NA,NA,NA,NA,NA,NA,NA,NA,NA,NA,NA,NA,NA,NA,NA,NA,NA,NA,NA,NA,NA,NA,NA,NA,NA,NA,NA
414,"KWT","Kuwait",0,0,0,0,0,0,0,0,0,0,0.0848086597829715,0.170089663937761,0.255087193872744,0.341844674559191,0.42816296681332,0.515823754652979,0.515725541413887,0.507969508642359,0.507870509154471,0.506512702440418,0.550194095527178,0.547926713198072,0.538394832593974,0.51668839242783,0.48989451833327,0.443796994450146,0.450164749701698,0.416773991289158,0.399125474182428,0.43667503735405,0.432274177551285,0.457451779750112,0.462393888585669,0.468219708852485,0.450718301664438,0.432044361908636,0.460627296868781,0.492015322838661,0.496014014857199,0.501555836008113,0.508914404214207,0.529173964851036,0.500096535080113,0.491290356323181,0.475935692359964,0.457361479379924,0.469275773367882,0.468664069655588,0.445928898845751,0.439058969197143,0.461510463674613,0.486117192176648,0.484053236669261,0.495554455864434,0.486671553198554,0.500157067609402,0.494345454683432,0.500150883982436,0.506592962818957,0.498701023118886,0.477391990995293,0.497344978213766,0.491744420438081,0.479408459709428,0.48698017864056,0.479078824540062,0.342931667237796,0.386009899391196,0.447539150022167,0.419691860671171
417,"KGZ","Kyrgyzstan",NA,NA,NA,NA,NA,NA,NA,NA,NA,NA,NA,NA,NA,NA,NA,NA,NA,NA,NA,NA,NA,NA,NA,NA,NA,NA,NA,NA,NA,NA,NA,NA,NA,NA,NA,NA,NA,NA,NA,NA,NA,NA,NA,NA,NA,NA,NA,NA,NA,NA,NA,NA,NA,NA,NA,NA,NA,NA,NA,NA,NA,NA,NA,NA,NA,NA,NA,NA,NA,NA
418,"LAO","Laos",NA,NA,NA,NA,NA,NA,NA,NA,NA,NA,NA,NA,NA,NA,NA,NA,NA,NA,NA,NA,NA,NA,NA,NA,NA,NA,NA,NA,NA,NA,NA,NA,NA,NA,NA,NA,NA,NA,NA,NA,NA,NA,NA,NA,NA,NA,NA,NA,NA,NA,NA,NA,NA,NA,NA,NA,NA,NA,NA,NA,NA,NA,NA,NA,NA,NA,NA,NA,NA,NA
428,"LVA","Latvia",0,0,0,0,0,0,0.121805475257231,0.346069132363847,0.478691159226247,0.570752130496794,0.672643113607451,0.729499066426863,0.61848562555242,0.692515652385905,0.663431689892337,0.696331562073488,0.637845391232733,0.529776933478264,0.530674929155964,0.525333458109141,0.443313171405826,0.47268332309122,0.468730841985803,0.439918822020742,0.360818835125716,0.411544783963424,0.375742077544763,0.345089636998467,0.548453874696944,0.526152449262377,0.34569365287672,0.376308225668787,0.372776204743519,0.313674861587322,0.357298305645824,0.350627654829153,0.34816491059936,0.365948275043789,0.142786569539607,0.0827353212960497,0.0482689170372664,0.0166319211812311,0.0218493088991989,0.0301231949613024,0.0206392353889947,0.00385343042794511,0.00343320387091105,0.00590387044632411,0.00494497859990493,0.0104773925848442,0.0119211165264137,0.0130387323504913,0.0103176954093699,0.0162527795585852,0.0134802823296994,0.0138323826861645,0.016089081707619,0.00839667528528493,0.00453782262682545,0.00511527030759349,0.00939821849675653,0.0218465377814832,0.0026860648339634,0.00121090678416965,0.000350631857216439,0.00225408869566366,0.00396556624197387,0,0,0.0548354955186066
422,"LBN","Lebanon",0,0,0,0,0,0,0,0,0,0,0,0,0,0,0,0,0,0,0,0,0,0,0,0,0,0,0,0,0,0,0,0,0,0,0,0,0,0,0,0,0,0,0,0,0,0,0,0,0,0,0,0,0,0,0,0,0,0,0.0903243935983898,0,0,0,0,0,0,0,0,0,0,0
426,"LSO","Lesotho",NA,NA,NA,NA,NA,NA,NA,NA,NA,NA,NA,NA,NA,NA,NA,NA,NA,NA,NA,NA,NA,NA,NA,NA,NA,NA,NA,NA,NA,NA,NA,NA,NA,NA,NA,NA,NA,NA,NA,NA,NA,NA,NA,NA,NA,NA,NA,NA,NA,NA,NA,NA,NA,NA,NA,NA,NA,NA,NA,NA,NA,NA,NA,NA,NA,NA,NA,NA,NA,NA
430,"LBR","Liberia",0,0,0,0,0,0,0,0,0,0,0,0,0,0,0,0,0.207783859769067,0.302663199152615,0.401622463116561,0.473640150710356,0.583209192916096,0.596969833705428,0.601110495010673,0.639802120850078,0.649438098688493,0.651545735127218,0.673931629449673,0.693533901520055,0.717719573778566,0.677955708879825,0.449391286441139,0.429192013520607,0.405958081350526,0.444378898018802,0.493045441570696,0.393007029502875,0.259223998230554,0,0,0,0,0.29289888812129,0.208629035379536,0.0606984519703392,0.050155368136024,0.200801651090424,0.109894469294328,0.131555333630245,0.323207098261375,0.517590513250868,0.355285487847915,0.31372510639344,0.35062934191122,0.346251637034223,0.514367878710494,0.0605966803260986,0,0,0,0,0.000962394729017336,0.000953861415108415,0.000927564446137501,0.000898809860764731,0.000895919747028275,0.000340644536356327,0.000180108642152779,0.00999795568116945,0.00324579306570996,0.0024363793661524
434,"LBY","Libya",0,0,0,0,0,0,0,0,0,0,0,0,0,0,0,0,0,0,0,0,0.0870283665877492,0.084875935134594,0.269900909746691,0.235240252560116,0.14175195173073,0.182248748802946,0.172630046897336,0.27244380124164,0.157040557392047,0.219367764331296,0.531809316630458,0.477467402249952,0.47352950790273,0.214506539555264,0.196715514242084,0.238522669822472,0.235549460614184,0.195159068887385,0.154636962913317,0.112332355789658,0.115097210636013,0.0828536323921602,0.0923821406538637,0.105103577989602,0.138434887082156,0.137999943174764,0.140456144658567,0.17369408261137,0.17705866507106,0.169185827615968,0.15485934277922,0.162086115954766,0.112568621054244,0.243820602075845,0.244189899435376,0.248781568309217,0.252075639122228,0.278635275064109,0.196755078526339,0.17908574601167,0.186672374987591,0.185422269562013,0.169588215728171,0.120685219435626,0.172409702686711,0.195858056895813,0.159105494746955,0.13866443538734,0.286053461498729,0.320975814745065
438,"LIE","Liechtenstein",NA,NA,NA,NA,NA,NA,NA,NA,NA,NA,NA,NA,NA,NA,NA,NA,NA,NA,NA,NA,NA,NA,NA,NA,NA,NA,NA,NA,NA,NA,NA,NA,NA,NA,NA,NA,NA,NA,NA,NA,NA,NA,NA,NA,NA,NA,NA,NA,NA,NA,NA,NA,NA,NA,NA,NA,NA,NA,NA,NA,NA,NA,NA,NA,NA,NA,NA,NA,NA,NA
440,"LTU","Lithuania",0,0,0,0,0,0,0.104824417817872,0.293910032275032,0.434846215577719,0.542019410720132,0.561676365191349,0.610444578259251,0.464574704839684,0.599810065096312,0.524198636301795,0.711453239463475,0.534349554190412,0.485101305526155,0.541439076332282,0.437043147616418,0.321036337380812,0.501461785460025,0.530254782481239,0.495650837166998,0.484190269128766,0.378004979952991,0.223128940449733,0.435233847759615,0.5315972592836,0.496222923055038,0.292910663154431,0.357591876726641,0.389162180123474,0.403512106887348,0.411877205127566,0.421834237866441,0.415383846638558,0.349615800485045,0.155465860228029,0.131466477331758,0.134457568391186,0.0724876485787938,0.0466543274512762,0.062708341558773,0.128887780592066,0.128569177029309,0.094074495594451,0.101633149588568,0.088615654698568,0.0718787445338222,0.0632449052675622,0.0519995158830212,0.0965219296176462,0.0801493672133594,0.0593599035444753,0.037821560785661,0.0195862911727187,0.023812368644239,0.00828636190740565,0.000266593978886308,0.0205327962023365,0.020456911505307,0.0272629632404827,0.00216187191153081,0.00640599557688043,0.00315726733703887,0.00896068169199629,0.00586214198312422,0.0184479610078231,0.0267957283571164
442,"LUX","Luxembourg",NA,NA,NA,NA,NA,NA,NA,NA,NA,NA,NA,NA,NA,NA,NA,NA,NA,NA,NA,NA,NA,NA,NA,NA,NA,NA,NA,NA,NA,NA,NA,NA,NA,NA,NA,NA,NA,NA,NA,NA,NA,NA,NA,NA,NA,NA,NA,NA,NA,NA,NA,NA,NA,NA,NA,NA,NA,NA,NA,NA,NA,NA,NA,NA,NA,NA,NA,NA,NA,NA
446,"MAC","Macao",NA,NA,NA,NA,NA,NA,NA,NA,NA,NA,NA,NA,NA,NA,NA,NA,NA,NA,NA,NA,NA,NA,NA,NA,NA,NA,NA,NA,NA,NA,NA,NA,NA,NA,NA,NA,NA,NA,NA,NA,NA,NA,NA,NA,NA,NA,NA,NA,NA,NA,NA,NA,NA,NA,NA,NA,NA,NA,NA,NA,NA,NA,NA,NA,NA,NA,NA,NA,NA,NA
450,"MDG","Madagascar",0,0,0,0,0,0,0,0,0,0,0,0,0,0,0,0,0,0.111799092866974,0.156978061651737,0.184358947890998,0.283934296782171,0.331520661810147,0.369410285827322,0.338230674008666,0.295936692084606,0.339829817137353,0.335603455792186,0.352626321999299,0.340636204201533,0.296254460933874,0.315660043834636,0.309203240638046,0.308674301689635,0.304091852742953,0.308988813791838,0.313398036034989,0.336222839721711,0.358044049386718,0.322247214931906,0.320244084498793,0.312656798422418,0.337427307883158,0.306959967451548,0.349805113212274,0.350523268935136,0.305168147527538,0.299536375710595,0.3259212829464,0.346954036386639,0.296728611271908,0.320877055287084,0.304205974205217,0.264206346296857,0.257618523250672,0.237136610918195,0.166165151234064,0.170038780148094,0.154133379128047,0.141738685316543,0.139896917462167,0.133564828599168,0.110709663640963,0.163057623398616,0.188346752056127,0.152102687441087,0.158277610068927,0.199287694075766,0.24811169817383,0.232806567960209,0.202921851087077
454,"MWI","Malawi",NA,NA,NA,NA,NA,NA,NA,NA,NA,NA,NA,NA,NA,NA,NA,NA,NA,NA,NA,NA,NA,NA,NA,NA,NA,NA,NA,NA,NA,NA,NA,NA,NA,NA,NA,NA,NA,NA,NA,NA,NA,NA,NA,NA,NA,NA,NA,NA,NA,NA,NA,NA,NA,NA,NA,NA,NA,NA,NA,NA,NA,NA,NA,NA,NA,NA,NA,NA,NA,NA
458,"MYS","Malaysia",0.0000805945949390191,0.0000452063813495958,0.0000213784693032808,0.0000353965200634006,0.0000370601985889467,0.0000183607908754518,0.0000287868295643453,0.0000199782076670051,0.0000172276436058911,0.0000243377456094262,0.0000164846558910791,0.0020245387350555,0.00420847984973065,0.00724646348568017,0.161040575565467,0.196697683511872,0.215872077186875,0.207225140805045,0.225707470760983,0.234675486185989,0.326673828317921,0.439248134480413,0.518143388184355,0.546023398928429,0.576919607776879,0.593070302414266,0.360105790577668,0.360206469632401,0.36038712558945,0.358919212673408,0.270457439694434,0.26573284484535,0.282770526783373,0.283672573931052,0.29753593810764,0.29019574745276,0.317616190754836,0.327634711267168,0.328750069321769,0.325911222060521,0.377111593876696,0.359486656254183,0.35170803202562,0.351258128983627,0.357456811418978,0.34168588812527,0.333832198234507,0.315915761600796,0.342412689777149,0.328659120020022,0.336938354689223,0.333647379181625,0.345501770005084,0.340622685016738,0.335496121960979,0.307513476643452,0.296459056968175,0.29355024353783,0.286434493214387,0.287551210810076,0.287031265757768,0.285859167828545,0.28408858483744,0.283532670858826,0.286204915344104,0.285302705731701,0.286179728008705,0.287859325357319,0.287627188849225,0.291317380547537
462,"MDV","Maldives",0,0,0,0,0,0,0,0,0,0,0,0,0,0,0,0,0,0,0,0,0,0,0,0,0,0,0,0,0,0,0,0,0,0,0,0,0,0,0,0,0,0,0,0,0,0,0,0,0,0,0,0,0,0,0,0,0,0,0,0,0,0,0,0,0,0,0,0,0,0
466,"MLI","Mali",NA,NA,NA,NA,NA,NA,NA,NA,NA,NA,NA,NA,NA,NA,NA,NA,NA,NA,NA,NA,NA,NA,NA,NA,NA,NA,NA,NA,NA,NA,NA,NA,NA,NA,NA,NA,NA,NA,NA,NA,NA,NA,NA,NA,NA,NA,NA,NA,NA,NA,NA,NA,NA,NA,NA,NA,NA,NA,NA,NA,NA,NA,NA,NA,NA,NA,NA,NA,NA,NA
470,"MLT","Malta",0,0,0,0,0,0,0,0,0,0,0,0,0,0,0,0,0,0,0,0,0,0.253832693032786,0.423141865983524,0.495231775255965,0.622326333104096,0.699588961947839,0.777589826533417,0.832458685293106,0.899240546770923,0.886582579705791,0.83377484383083,0.858438441030906,0.833121675770246,0.889178584934441,0.878122612321645,0.818133948932978,0.862470128535345,0.878158879117004,0.899005747331474,0.880895407335941,0.881425942527778,0.948077544297397,0.954678430762541,0.950254501740432,0.918335614865925,0.932482127159359,0.92246043587733,0.940390915586233,0.948637251821504,0.952211582357642,0.965831218161855,0.967667671408649,0.962241437065274,0.946252581003292,0.936038954321694,0.913014420334681,0.914786117632797,0.934049750346951,0.936414326591262,0.944043898929228,0.947622471315913,0.00234730309679442,0.00221428688435677,0.0632965196565295,0.0565443499686944,0.0587060849905244,0.0403845222452919,0.0529778793182857,0.0822706066022066,0.0870977511457053
584,"MHL","Marshall Islands",0,0,0,0,0,0,0,0,0,0,0,0,0,0,0,0,0,0,0,0,0,0,0,0,0,0,0,0,0,0,0,0,0,0,0,0,0,0,0,0,0,0,0,0,0,0,0,0,0,0,0,0,0,0,0,0,0,0,0,0,0,0,0,0,0,0,0,0,0,0
478,"MRT","Mauritania",0.0944910972803103,0.0883391453194757,0.11509039576644,0.107419747243687,0.101876319854775,0.0778675355037375,0.0797092780118966,0.0614942098896894,0.131133730643156,0.118455102122149,0.149078451106143,0.181150766250453,0.174511422658925,0.170453132195095,0.158784191443746,0.15111020754283,0.171755543327915,0.121834501823169,0.116823519962706,0.182191436530041,0.072962314851474,0.0829807603830967,0.0826260715190515,0.0586365598566642,0.153650781313481,0.130646058439896,0.125790461538539,0.155135165028671,0.153180288419336,0.0630717754752646,0.0823686942828404,0.132535901178396,0.0959098749750353,0.133349657122243,0.0803091375668411,0.089546325546952,0.127996419313348,0.133451299692079,0.272379296409551,0.425292238137173,0.569870453842747,0.839038908376635,0.869428019757268,0.855292348424897,0.820593344299303,0.687531662353837,0.677207728207441,0.734721529131185,0.636983892495287,0.607079457474815,0.571418564593123,0.542071975804553,0.518407403891723,0.529913352483793,0.535275451423026,0.511916653501991,0.561385460067057,0.597120838675569,0.564518445722409,0.468755360443624,0.396037829381899,0.00859509745223233,0.0040395015618226,0.0120937568362503,0.0142158411974988,0.0157886323802104,0.0149426284321259,0.00872897083287755,0.00740584932749275,0.00993900435511845
480,"MUS","Mauritius",0,0,0,0,0,0,0,0,0,0,0,0,0,0,0,0,0,0,0,0,0,0,0,0,0,0,0,0,0,0,0,0,0,0,0,0,0,0,0,0,0,0,0,0,0,0,0,0,0,0,0.00441035006011369,0.18797223695892,0.160984630668561,0.126465330460461,0.123467400039383,0.206234923089374,0.128360062550045,0.0690662298426348,0.0692073772466757,0.0660397660378224,0.050879501294728,0.0371041684228017,0.0460454149278807,0.0427042833141967,0.0281938472001015,0.0230445836666955,0.019038003511004,0.0200313936050707,0.0137985088439405,0.0134643345222806
484,"MEX","Mexico",0.819019786367276,0.815047512524395,0.827663787266497,0.81419544452577,0.782676094481781,0.805068378681104,0.771376466193584,0.792073265028832,0.767164797445661,0.786513599770267,0.797483009885292,0.785593065261004,0.795366112368704,0.775500085433198,0.731122964457345,0.662460624096986,0.665046607160549,0.631490069414706,0.559846478224618,0.540377765771804,0.58965919032934,0.556510911864995,0.547228850328406,0.53300983778694,0.603508987133963,0.55324907117558,0.426386959173375,0.406410862063295,0.382845886514549,0.363345941663929,0.320645049242529,0.236526072140297,0.314419448102513,0.373596400794453,0.355508981117904,0.327710855855204,0.303841187643252,0.329100270351386,0.299565842426265,0.282297118788446,0.216832636455555,0.232397137118871,0.250628873702523,0.294511107340565,0.267758745525886,0.265529073647889,0.241033729284997,0.24354818091463,0.274394371658019,0.275639600043626,0.247159374862346,0.220006556679907,0.205799362559295,0.279464636739129,0.25857856480804,0.262856556899889,0.261525768580775,0.265264249091662,0.228187731462699,0.220101434337397,0.23684081862179,0.266354605740395,0.221831528188004,0.233236982145466,0.241791342045015,0.304161419025268,0.324293952683292,0.310656015253373,0.281609888490246,0.312709063988025
583,"FSM","Micronesia",0,0,0,0,0,0,0,0,0,0,0,0,0,0,0,0,0,0,0,0,0,0,0,0,0,0,0,0,0,0,0,0,0,0,0,0,0,0,0,0,0,0,0,0,0,0,0,0,0,0,0,0,0,0,0,0,0,0,0,0,0,0,0,0,0,0,0,0,0,0
498,"MDA","Moldova",NA,NA,NA,NA,NA,NA,NA,NA,NA,NA,NA,NA,NA,NA,NA,NA,NA,NA,NA,NA,NA,NA,NA,NA,NA,NA,NA,NA,NA,NA,NA,NA,NA,NA,NA,NA,NA,NA,NA,NA,NA,NA,NA,NA,NA,NA,NA,NA,NA,NA,NA,NA,NA,NA,NA,NA,NA,NA,NA,NA,NA,NA,NA,NA,NA,NA,NA,NA,NA,NA
492,"MCO","Monaco",NA,NA,NA,NA,NA,NA,NA,NA,NA,NA,NA,NA,NA,NA,NA,NA,NA,NA,NA,NA,NA,NA,NA,NA,NA,NA,NA,NA,NA,NA,NA,NA,NA,NA,NA,NA,NA,NA,NA,NA,NA,NA,NA,NA,NA,NA,NA,NA,NA,NA,NA,NA,NA,NA,NA,NA,NA,NA,NA,NA,NA,NA,NA,NA,NA,NA,NA,NA,NA,NA
496,"MNG","Mongolia",NA,NA,NA,NA,NA,NA,NA,NA,NA,NA,NA,NA,NA,NA,NA,NA,NA,NA,NA,NA,NA,NA,NA,NA,NA,NA,NA,NA,NA,NA,NA,NA,NA,NA,NA,NA,NA,NA,NA,NA,NA,NA,NA,NA,NA,NA,NA,NA,NA,NA,NA,NA,NA,NA,NA,NA,NA,NA,NA,NA,NA,NA,NA,NA,NA,NA,NA,NA,NA,NA
499,"MNE","Montenegro",0.266018231714518,0.240050790932869,0.247346871580973,0.242166624884465,0.237182169906346,0.223364567653067,0.245984731373739,0.255432789198273,0.25152319072892,0.245030743756195,0.236679440500053,0.240494772739199,0.217297324734239,0.216954471695105,0.257993641056225,0.253005899602552,0.302150282518107,0.337943964143731,0.351128498468221,0.37636968495935,0.392404479956832,0.405104834272396,0.426410338202545,0.432983727423588,0.435766829237983,0.466964249623492,0.51375412271297,0.506315762392512,0.473235498967968,0.461521322443372,0.404018371649586,0.376155350767638,0.382301505843552,0.376122879009495,0.357835506122622,0.292409204117746,0.32187141364282,0.280764235289642,0.307368783970844,0.307270180702841,0.251569005204794,0.182441489916138,0.182809885252494,0.196608703429266,0.306596827534259,0.345904038251956,0.342462694296583,0.306074628987511,0.326747068433476,0.329165974234066,0.319409446019936,0.319321568195716,0.32197208522645,0.346270087717653,0.304915002011463,0.28127508560235,0.370307163178271,0.337470560851579,0.346051628311744,0.318417443771093,0.329253865866657,0.313377736480979,0.325203610348352,0.294381926461997,0.392394914185554,0.44774848958573,0.436213849245764,0.195053761940232,0.210271419614274,0.221731674390906
504,"MAR","Morocco",0.112125433378356,0.141978337899899,0.133034154643767,0.0979117069303508,0.121213929954192,0.127105182666614,0.120349299054353,0.101304463037694,0.0946759776897922,0.100776372679172,0.0989472212928885,0.0925726360862373,0.0914680794246367,0.100692957269955,0.0916794395392909,0.0835693672470499,0.0656563031780027,0.0777870463780764,0.0856933565365157,0.0986007163515316,0.095802616206429,0.106095922205251,0.0920051982968097,0.0748958047573034,0.108484937788274,0.110163391214358,0.0927704614143089,0.116394667167453,0.0980542025297921,0.11395189951251,0.142703004814056,0.17527441364313,0.215363289040317,0.207279924792604,0.205934682487248,0.205947356694513,0.196251761329452,0.220445472308977,0.226908831881618,0.2474542034335,0.242947655571527,0.263311410420047,0.272898364551342,0.249067102359348,0.20676449770831,0.193256015573803,0.236513544719325,0.180994949394152,0.196485502871208,0.229447861257887,0.238803016671789,0.172282322649877,0.163933500609667,0.136631731787576,0.112870495167322,0.137544568197929,0.158728437517163,0.142271902728686,0.145533494640322,0.152232519928757,0.156445240120504,0.144714786587773,0.129732555987037,0.148202845829269,0.135439876359954,0.148305115937403,0.140855092754427,0.136469210238698,0.12140930134654,0.132938775051191
508,"MOZ","Mozambique",0.0600797422013148,0.0596691076749193,0.0588655012481779,0.0580822303575676,0.0573195303265884,0.0565775712786044,0.0558536296395702,0.0676143672297433,0.0883139201857301,0.0916914410891663,0.0786092684389544,0.0687513405861535,0.063406797228742,0.0666191021732945,0.0799630926558688,0.0799025897859546,0.104285006078927,0.0955906944625934,0.0992400788044245,0.108101704375264,0.108215714055807,0.155606094831294,0.149492465123175,0.173173692965972,0.218670301992472,0.160313781869033,0.198532922124287,0.174385609014894,0.191886435093214,0.172097350036539,0.272085567394087,0.279512511737885,0.238326077064724,0.246216551216301,0.201919017161893,0.216857048629614,0.307070364252879,0.313030890928688,0.331940359260186,0.291662604213603,0.305638816445395,0.318647859386371,0.264673386017789,0.314753667570071,0.302063707937955,0.305341894640557,0.308326486114185,0.333713781300075,0.299498349198989,0.282529963629296,0.271473807894173,0.275310005104516,0.273551135079781,0.29656297123495,0.30869499119958,0.348296251285139,0.309272828972854,0.27146681287337,0.226088761984008,0.209909522674378,0.242027105682759,0.21118032923547,0.156187260282655,0.165774298357064,0.184154822341329,0.151262688115656,0.144229117008964,0.15188464523836,0.125878766802264,0.101570100850148
104,"MMR","Myanmar",0,0,0,0.0000659396953962559,0.00080767682282225,0.000793229074876934,0.00403283095996814,0.0067214772585807,0.00961564193301335,0.0140836719213556,0.0168596397376461,0.0231096699785852,0.0270929457547563,0.0318148152990408,0.0359142599687469,0.0368943738613599,0.0401704136972253,0.046801583314052,0.0483704439218042,0.0488077362369847,0.0968969548999488,0.134855470338571,0.177776907401615,0.186040133666234,0.184725887503011,0.202413288909808,0.206398732689503,0.233794752961587,0.256754913265176,0.247309852261319,0.252608166222554,0.258519282980022,0.245719637166028,0.235310068491524,0.233699646418924,0.247559005848895,0.259891159956779,0.244554138686424,0.243047703185199,0.247727331722112,0.262518556501156,0.281023373884551,0.285785332470891,0.291934474106892,0.272714158738632,0.292527967522295,0.305809698959898,0.317709481845002,0.341130699152065,0.35468024941062,0.378348788241148,0.392474161612092,0.408745532202379,0.42063735891189,0.439550048172561,0.4350688570703,0.456632901948313,0.453912239093163,0.475411788352581,0.473863075373872,0.477819574275539,0.468388150747193,0.466886831762789,0.463580719402282,0.464068143185963,0.462992865093398,0.465960502200333,0.46873168554448,0.470682508518665,0.467243139505229
516,"NAM","Namibia",0,0,0,0,0,0,0,0,0,0,0,0,0,0,0,0.878984140832726,0.20002665036039,0.21364486479739,0.225824287650597,0.237208427680117,0.204095824933205,0.212942309076338,0.221280436168668,0.229142867937866,0.236560520180888,0.333515254091534,0.38892836273054,0.423673767528036,0.463345709264979,0.484688501992475,0.440105516930862,0.427700421750477,0.411904928739317,0.404834622579721,0.396088321328861,0.360095202794704,0.344194961259965,0.878079938870068,0.810858109987597,0.761993694798583,0.105459807189856,0.147510593986671,0.177447373613982,0.17592278520684,0.21969940254462,0.294869715618037,0.329722948283403,0.312712241324809,0.320729312036941,0.34350247283377,0.346797582274067,0.366949783987814,0.30056025236078,0.346411679306246,0.347354975129428,0.317551349727194,0.301166826916454,0.322394385037709,0.380250801582079,0.374912278469342,0.360154987337745,0.379351646178428,0.330558236056482,0.326260954590537,0.299401710087267,0.305100935805183,0.324438932847803,0.33181661385895,0.34450606007509,0.344044267449496
520,"NRU","Nauru",0,0,0,0,0,0,0,0,0,0,0,0,0,0,0,0,0,0,0,0,0,0,0,0,0,0,0,0,0,0,0,0,0,0,0,0,0,0,0,0,0,0,0,0,0,0,0,0,0,0,0,0,0,0,0,0,0,0,0,0,0,0,0,0,0,0,0,0,0,0
524,"NPL","Nepal",NA,NA,NA,NA,NA,NA,NA,NA,NA,NA,NA,NA,NA,NA,NA,NA,NA,NA,NA,NA,NA,NA,NA,NA,NA,NA,NA,NA,NA,NA,NA,NA,NA,NA,NA,NA,NA,NA,NA,NA,NA,NA,NA,NA,NA,NA,NA,NA,NA,NA,NA,NA,NA,NA,NA,NA,NA,NA,NA,NA,NA,NA,NA,NA,NA,NA,NA,NA,NA,NA
528,"NLD","Netherlands",0.408933171215316,0.38784638737321,0.372352074538965,0.361863680807518,0.347593507130437,0.400914195206458,0.42722463265449,0.427647936101561,0.429886588619406,0.47184035468508,0.446901382259467,0.456475400102221,0.577594555975525,0.556478881832637,0.551364419787334,0.664023927304091,0.724870589415033,0.711699086961173,0.799441212591788,0.795457060117875,0.740545800399227,0.746055243043765,0.766265468788225,0.723520936544958,0.763156244860833,0.716070300007596,0.732060143826808,0.757659144542159,0.683716268137041,0.644225273815727,0.642178815528809,0.598016069090078,0.57986320950109,0.573517828813498,0.517946492831083,0.575659627823424,0.564526774679163,0.589739283478278,0.516434305247245,0.519031419659174,0.478516012192594,0.424234330657504,0.396844815045293,0.384044573747186,0.434084865684844,0.400216183243601,0.318818632990066,0.337227280637737,0.388869780641546,0.404808946588877,0.339039204565219,0.298299680684413,0.293723908452015,0.282142986234052,0.266591474763949,0.244265045409954,0.289711639307481,0.293396765979022,0.294280595224315,0.357780936234938,0.363445758106828,0.353032632098713,0.389484352384404,0.408478403567408,0.371229375199481,0.3895706092442,0.373024380805463,0.360919087579118,0.366936068111829,0.386678603020701
540,"NCL","New Caledonia",0,0,0,0,0,0,0,0,0,0,0,0,0,0,0,0,0,0,0,0,0,0,0,0,0,0,0,0,0,0,0,0,0,0,0,0,0,0,0,0,0,0,0,0,0,0,0,0,0,0,0,0,0,0,0,0,0,0,0,0,0,0,0,0,0,0,0,0,0,0
554,"NZL","New Zealand",0.00897608673282918,0.0110781738522433,0.0155545365341538,0.0202221311781649,0.0250999888121987,0.0303784130186195,0.0345583524892902,0.0394207606429449,0.0427910291916814,0.0476748094082774,0.0525325180934174,0.0628857087421241,0.0704470929809998,0.0839435052179542,0.0890739744301466,0.0874510788265308,0.086391141068363,0.0913946572535898,0.10632090268321,0.128889214169576,0.134502945290784,0.156900504279083,0.181999643190662,0.183828101387014,0.243765905932877,0.345627346524919,0.356485746364179,0.401774916033793,0.369881016891436,0.37007823407239,0.4218620236956,0.488965571175362,0.499379747805818,0.520782405164177,0.542221977791647,0.518747899234755,0.542971605800653,0.598453153020274,0.605163325981791,0.582864049169303,0.563568748960149,0.542940252143387,0.511830482868817,0.532284284960782,0.539351676341522,0.551514793619826,0.531568168345183,0.545248089291744,0.522775031144571,0.512997429326851,0.5111388378758,0.492298715387376,0.438854418108714,0.428423009439636,0.429337720622448,0.420493381095811,0.405155565965993,0.389453430886496,0.371438546772629,0.369955955450995,0.376579602444815,0.380208418804071,0.382138837000399,0.382212863333348,0.418695352328022,0.448241468655221,0.457221968306748,0.447003482287692,0.44204663452203,0.44251350534402
558,"NIC","Nicaragua",0.430455542135051,0.415650060649466,0.402014537063507,0.599704818680657,0.587445630865073,0.57584450657271,0.625900705334451,0.615880667960524,0.606320891411001,0.5971935322532,0.673219268979494,0.667465155306412,0.661842259416377,0.696818787493826,0.691606876166714,0.716323267914616,0.792737661940378,0.814757086419386,0.827196493143494,0.847836178886343,0.848994743629483,0.831696572208581,0.853889248538928,0.8576390816951,0.796575452485574,0.774511076124458,0.760087987816738,0.783724252365721,0.730951751861835,0.70126874186943,0.720072980814238,0.693101407514204,0.624632962092074,0.459330073180713,0.482439426524569,0.52028721070924,0.368082481942046,0.379672615713464,0.463849514088406,0.443866956670709,0.381454946047124,0.493842926399859,0.415084948988327,0.50955845885448,0.585848988178257,0.567063867366525,0.62976214405473,0.613530728985156,0.678524512998568,0.691012310731254,0.601511760140556,0.619370869522655,0.601458055520699,0.572271449495648,0.516142150807305,0.438380014651346,0.267198373062762,0.330920455038916,0.247309278234904,0.277460794233771,0.275636211248469,0.318035482218672,0.149587442165199,0.179976596360168,0.190788056983572,0.243375272132658,0.332052188302306,0.236176884603955,0.212290831742831,0.219096330373228
562,"NER","Niger",NA,NA,NA,NA,NA,NA,NA,NA,NA,NA,NA,NA,NA,NA,NA,NA,NA,NA,NA,NA,NA,NA,NA,NA,NA,NA,NA,NA,NA,NA,NA,NA,NA,NA,NA,NA,NA,NA,NA,NA,NA,NA,NA,NA,NA,NA,NA,NA,NA,NA,NA,NA,NA,NA,NA,NA,NA,NA,NA,NA,NA,NA,NA,NA,NA,NA,NA,NA,NA,NA
566,"NGA","Nigeria",0.049960846132356,0.0557491873462363,0.0613964529343302,0.0669097540150397,0.0726205306589536,0.0778798300834555,0.0830242263114124,0.088059268576757,0.0929901883953809,0.0978219225036105,0.102954563695668,0.10736644603182,0.113263513483922,0.118872941026246,0.121725451318264,0.144044153767308,0.148919588968902,0.151820413246913,0.157204272028503,0.165249314812179,0.163060654765154,0.156595290496815,0.146190584862943,0.139081039002379,0.141279259905645,0.132333067191059,0.115535228523593,0.136544598618461,0.184908123611429,0.176090005255333,0.166758642206685,0.172886338878133,0.215644252125501,0.251875484227655,0.286375701149035,0.377833086860925,0.388966653769015,0.399427818862243,0.409416913115193,0.418532225867424,0.42755947010439,0.429283039505767,0.433784459404289,0.428248601305274,0.419648174431536,0.419730917282753,0.404705481495265,0.394824541333716,0.388597422769811,0.388667426917994,0.38864741786827,0.38225648756402,0.383501702749199,0.409612112583132,0.366914212415067,0.351833215084958,0.343498743821707,0.336814568856174,0.323749401832817,0.311408409931466,0.29535271384122,0.277592894954635,0.265948791986523,0.251240583950528,0.221761578668111,0.212834856981598,0.213038312101059,0.175492268217335,0.168460158877359,0.165854896765594
570,"NIU","Niue",0,0,0,0,0,0,0,0,0,0,0,0,0,0,0,0,0,0,0,0,0,0,0,0,0,0,0,0,0,0,0,0,0,0,0,0,0,0,0,0,0,0,0,0,0,0,0,0,0,0,0,0,0,0,0,0,0,0,0,0,0,0,0,0,0,0,0,0,0,0
408,"PRK","North Korea",0.531021157551744,0.533881902487591,0.537169677828897,0.539155837027996,0.563797276958153,0.583469420761404,0.596457293695401,0.610064143381008,0.619298660040743,0.627796115730711,0.635650720943068,0.637191400257223,0.642064307949808,0.644493065745632,0.646522696203856,0.64900572518591,0.653055576189927,0.656544274036933,0.659052395371615,0.661346477014909,0.663071881115405,0.664586001484478,0.666362937216047,0.667364957875715,0.669488578324609,0.670726500263382,0.675653619724742,0.674904817387618,0.677649513959327,0.677037261993784,0.675958246551252,0.677216591123066,0.676896752676242,0.671986115462705,0.670697619531622,0.669330267665559,0.670308270108376,0.672856841086583,0.669672232822855,0.670569799772722,0.702791522970218,0.60220890973067,0.52358783548961,0.388440695695016,0.341086038576087,0.274908249630068,0.212560887440285,0.217579537869121,0.274745634617795,0.22236185352151,0.225551733520357,0.222968705469274,0.221584525057648,0.221737441172575,0.216354750824836,0.22049465879955,0.219993384556958,0.221772148085034,0.222511485239054,0.225937188644617,0.225898746857432,0.301412901730283,0.299291181731578,0.298041179486833,0.29372532016763,0.296001444449806,0.300510928014516,0.300641040482828,0.300641040482828,0.300641040482828
807,"MKD","North Macedonia",NA,NA,NA,NA,NA,NA,NA,NA,NA,NA,NA,NA,NA,NA,NA,NA,NA,NA,NA,NA,NA,NA,NA,NA,NA,NA,NA,NA,NA,NA,NA,NA,NA,NA,NA,NA,NA,NA,NA,NA,NA,NA,NA,NA,NA,NA,NA,NA,NA,NA,NA,NA,NA,NA,NA,NA,NA,NA,NA,NA,NA,NA,NA,NA,NA,NA,NA,NA,NA,NA
578,"NOR","Norway",0.058328070103549,0.0456142863404328,0.0945746581432721,0.133500377548967,0.121959041853044,0.138509448680932,0.13478938748148,0.146737372635967,0.192052865070765,0.168032326241257,0.181525854841918,0.205415498577361,0.215327885990377,0.20576538954904,0.194667720248511,0.13006943227626,0.102713746564295,0.0936808287513577,0.126277015071856,0.141785880007502,0.105563637142332,0.0947287852995747,0.112499482533997,0.103611850535745,0.190500378295857,0.231238451932871,0.138369749165825,0.130196714906063,0.166554566543636,0.158834720821618,0.179990838312403,0.14206429181101,0.146462106689898,0.135537025101122,0.147703374096092,0.152859700276783,0.159888223996911,0.235811110740093,0.224208885614673,0.214453055686993,0.216324550573149,0.185582873373146,0.155190869204793,0.161721900759415,0.181529669558667,0.220754729076882,0.170725620081401,0.145396544206425,0.145706434150915,0.105446492414294,0.080746909859607,0.0804215599817029,0.103223119587036,0.0822626705619895,0.0931029445500672,0.0961981478010809,0.103464715105528,0.0987826262096119,0.103967510665067,0.120806056843429,0.128807173519011,0.206689254223577,0.214328287302667,0.274021365235706,0.310110844024955,0.362750363550951,0.321022307631437,0.328425903972035,0.331281833110734,0.306687906723789
512,"OMN","Oman",0,0,0,0,0,0,0,0,0,0,0,0,0,0,0,0,0,0,0,0,0,0,0,0,0,0,0,0,0,0,0.0167263715905334,0.0351093869860063,0.0501185816044912,0.0556791348116104,0.0731031949587839,0.0989842547086566,0.0998511666063832,0.067594106269425,0.0776600632686756,0.0757541084769189,0.124843187894222,0.107829882403728,0.116946615184942,0.125093455881828,0.115684955541375,0.162913901828672,0.199937923684586,0.229799133097736,0.121646470789422,0.109328085534469,0.0863237482294468,0.0207492642956628,0.175556397600231,0.127416301988732,0.134098856709507,0.111308813392479,0.0862376086588218,0.0828860208684117,0.097773208609342,0.151142019850914,0.098846767753922,0.0313395238372254,0,0,0,0,0,0,0,0
586,"PAK","Pakistan",0,0,0,0,0,0.00146943194354577,0.0027868800099783,0.00422816382626537,0.165779780264416,0.110946067059617,0.15078604114782,0.218855854414439,0.176972342383583,0.271282399245895,0.365865825922636,0.377799993691401,0.332417273474127,0.312658042788801,0.296117119432008,0.316898342947727,0.319043589648823,0.363297925877695,0.38020299407431,0.34328986373235,0.393680363458939,0.402357070438421,0.431755996798916,0.358990016830423,0.242178674515315,0.315584852386643,0.311602634948242,0.337826902467814,0.326110400329156,0.546684474419271,0.547931171753603,0.508042512295218,0.502616156681443,0.447163176100319,0.408405493551232,0.386748110873555,0.291808060387628,0.287710965357337,0.246045261904492,0.248503973755204,0.288059068264563,0.261998076352701,0.286238548715969,0.300898808517915,0.303111759810868,0.304637307284873,0.311309339651875,0.305496011858611,0.292439291723072,0.298449139687298,0.267639696087393,0.246370994443501,0.237684691271761,0.237242479712188,0.240153961401042,0.253255131615956,0.261288128457182,0.257502170242687,0.256592611194533,0.251377971228723,0.237476261712991,0.243601225577358,0.228624011192884,0.233760720960641,0.233413600466229,0.195157283100153
585,"PLW","Palau",0,0,0,0,0,0,0,0,0,0,0,0,0,0,0,0,0,0,0,0,0,0,0,0,0,0,0,0,0,0,0,0,0,0,0,0,0,0,0,0,0,0,0,0,0,0,0,0,0,0,0,0,0,0,0,0,0,0,0,0,0,0,0,0,0,0,0,0,0,0
591,"PAN","Panama",0.789388046848089,0.7544317188204,0.783886763867912,0.781222026960311,0.9157798397348,0.896677478434311,0.9062068645887,0.908080074935785,0.916410345758186,0.812981859916378,0.867031267615733,0.845305508901743,0.767877764875703,0.772805461919902,0.717232420033522,0.569129177548843,0.390783005042639,0.431229769843858,0.414674529652777,0.556688200914795,0.529782603100743,0.42512909833039,0.404865843472601,0.290964215505235,0.331801522213882,0.271923937433311,0.193610486956617,0.150165143960686,0.235769527394524,0.201148542984885,0.174583401646329,0.32536327393727,0.328577232402583,0.241834291190596,0.296677498451478,0.228720187874209,0.345517303023508,0.221852834515471,0.247320027572691,0.229300906936742,0.233467231388297,0.254687207898344,0.273317718715056,0.200935923425838,0.210661498845502,0.180048288808426,0.20965104368506,0.18319615459163,0.168397372628122,0.207782489744831,0.133972066633763,0.108399701549765,0.0885025746543628,0.106149083360832,0.0959918070611583,0.0681974988008775,0.0946221593388059,0.135938534253755,0.129188066617658,0.114861153720018,0.115376019417907,0.0602205936387804,0.0354737249572436,0.201003234059165,0.0302593990919938,0.0365049054497072,0.0346633365686733,0.0581154234317345,0.0574337290164745,0.0511953276498655
598,"PNG","Papua New Guinea",0,0,0,0,0,0,0,0,0,0,0,0,0,0,0,0,0,0,0,0,0.00443271787460019,0.00311685514115033,0.0099572617933181,0.00479723824142355,0.0148591092240041,0.0111698953413514,0.0168755273661651,0.0282104915183388,0.0258654672253465,0.034266200941782,0.0315891084775106,0.02727001283195,0.0514965245146305,0.0566518552103595,0.0564336632803638,0.054351694222371,0.0452625481451337,0.037484905952557,0.041264251947401,0.0469405171611866,0.0430996042546776,0.0358733727814865,0.0342918291649304,0.0350424788447307,0.0333748000303905,0.0312555503950672,0.0289670252806979,0.020972184063819,0.0236888414547441,0.0278560873113018,0.0188118753634691,0.0159511584516761,0.00772407229321964,0.00678699314933178,0.00616177091440511,0.00586274907223846,0.00364184780305577,0.00320033593121863,0.00316440979720581,0.00292691919762689,0.00669559757232152,0.00453104089049074,0.00366174216427024,0.0061442868030154,0.00577527609683385,0.00572411380120953,0.00468206214211384,0.0044623386834633,0.00378573812822584,0.00434817096429216
600,"PRY","Paraguay",NA,NA,NA,NA,NA,NA,NA,NA,NA,NA,NA,NA,NA,NA,NA,NA,NA,NA,NA,NA,NA,NA,NA,NA,NA,NA,NA,NA,NA,NA,NA,NA,NA,NA,NA,NA,NA,NA,NA,NA,NA,NA,NA,NA,NA,NA,NA,NA,NA,NA,NA,NA,NA,NA,NA,NA,NA,NA,NA,NA,NA,NA,NA,NA,NA,NA,NA,NA,NA,NA
604,"PER","Peru",0,0,0,0,0,0,0,0,0,0,0,0,0,0,0,0,0,0.00268626429550445,0.00254525845594363,0.00258383343194915,0.00194062406011556,0.00295413927582844,0.00427550627498743,0.0927900424978679,0.0324585374345971,0.0292135112911198,0.0246833845983167,0.0535984882493666,0.0561578299780431,0.0378862692789579,0.0702992144113199,0.0355105103663822,0.0132560767074824,0.0241467282466659,0.0127349882812209,0.012600279043734,0.0149307883970965,0.0145288002012819,0.0159222257527505,0.0186133254235638,0.0233867050897139,0.0119605686203738,0.00786958334259507,0.0117426993270735,0.00928846527432305,0.0231148344452234,0.0250998716058384,0.0247441766168784,0.0642855576725253,0.0358046185372898,0.0118046900413074,0.0191833778394544,0.00631266722534044,0.00241359653121947,0.00427444114653781,0.00383728743195259,0.00482817180041111,0.00468955695478606,0.00455361168974382,0.00691466200923234,0.0116685830834114,0.00654982267278142,0.00981384847037265,0.00974203617811531,0.024069174727228,0.0174501136134442,0.0235888606690189,0.0219817031352075,0.0127286990160535,0.0127286990160535
608,"PHL","Philippines",0.124691379563831,0.118459180373442,0.121884042005563,0.122223331426844,0.138571853083382,0.137645422181142,0.130961582732346,0.121626013498905,0.132604026515722,0.133933978674674,0.128812161236088,0.137504108224468,0.145122222397399,0.160453071908849,0.178957267456905,0.173591575759975,0.163237074322787,0.151465360234075,0.146292377113546,0.131061498588276,0.161943150065238,0.162484805749492,0.16056589769466,0.15754349053495,0.157715698453567,0.181068383379134,0.180951213372058,0.199611572552087,0.193938938219976,0.197411434542649,0.184905130966184,0.17716073804247,0.211373784952359,0.213276341450305,0.202850963846698,0.198700715053783,0.195336017014413,0.194943678710374,0.182400507856989,0.165881447509155,0.157540337238287,0.144834526947759,0.141005814441916,0.137425101260086,0.146503112991625,0.110376881442383,0.110796683339101,0.0965107620525409,0.10107046864233,0.0969255114985058,0.093262800002955,0.0855229745385594,0.082947579037653,0.080015821891655,0.0785576945452405,0.0784440977378092,0.0728960990653409,0.0725643892558272,0.0734758518099366,0.0750774608538891,0.0745495779357073,0.0717360588832294,0.0708839358439004,0.0711592997002716,0.0713998931831447,0.0725951285945606,0.0717128441414081,0.0704025564592975,0.0726855570089057,0.0698825917388458
616,"POL","Poland",0,0,0,0,0,0,0,0,0.0107743476838064,0.0327111942638751,0.0478542938133894,0.21438024097644,0.33518941433311,0.498677296031689,0.61666428993419,0.6659258014695,0.616324618209201,0.690078777482975,0.72001739282666,0.671561813745451,0.538315164276018,0.473422335041017,0.417328936007541,0.48531598739846,0.492495332734667,0.434374500764391,0.463505750955971,0.430226118462105,0.547893450843898,0.28738361977359,0.254062584339665,0.317081983092677,0.285663722652827,0.45441961618353,0.462282025186644,0.449541254723013,0.370062139741233,0.331511346755657,0.318656106942053,0.393483224413473,0.439289094333835,0.32083828979754,0.289644202767391,0.266560621513536,0.243688372785721,0.224473403027353,0.157211795728966,0.184671187461445,0.254785200167726,0.262486728609741,0.268195592974445,0.251603960509122,0.248427723939514,0.344825861094415,0.333672094135229,0.346805124746214,0.385716963887918,0.408333674683075,0.375428013934237,0.302074366410738,0.377943577129674,0.362164932111597,0.301984070940377,0.320576691981941,0.343508761818082,0.341189370099122,0.331339266493321,0.279367627664925,0.342864276888144,0.367886041369162
620,"PRT","Portugal",0.765488023503381,0.746612699903909,0.751783314313083,0.788777373093584,0.781417904407084,0.803265429839419,0.800162079371402,0.778505172535004,0.751834197881372,0.732792479772664,0.747436750266848,0.741410757171586,0.76219296106483,0.766422399645517,0.718143015559089,0.705733476025767,0.727855672246494,0.739704220689522,0.750090620358092,0.726992351390699,0.724979281272087,0.728578755238158,0.681069359881435,0.703524965136905,0.70665256217574,0.633413981192906,0.607475452249406,0.513468907042077,0.531320389749879,0.525768734241491,0.532722801585876,0.533760298631032,0.487115851713438,0.55874190294375,0.530151170469022,0.525269970872621,0.510551676841375,0.523204466356794,0.478648758056878,0.481706166808788,0.490104291972024,0.447757471481735,0.377875177048308,0.35570832329728,0.334028751911829,0.315000192246582,0.336092562657991,0.380916582637157,0.371996508494343,0.392812846976062,0.402654496551731,0.417116317655844,0.415470312675788,0.380798652954213,0.364418012733267,0.329616787692087,0.315019449360949,0.24074072803217,0.220977787298202,0.219504976533859,0.226243186178711,0.258746810320379,0.248533105047996,0.278601932567928,0.313130955843947,0.275591284774661,0.311048019733414,0.331215409911292,0.327671035914015,0.335198852594806
634,"QAT","Qatar",0,0,0,0,0,0,0,0,0,0,0,0,0,0,0,0,0,0,0,0,0.192232084610709,0.191744699345378,0.230849643842176,0.216063141643883,0.22626208857041,0.230084573493349,0.202330018601389,0.200109141924909,0.214012637493854,0.213475387352433,0.237218929309946,0.257017356933592,0.255851392230782,0.289747423355236,0.319472034501755,0.299417453165539,0.277706070020883,0.296363732032303,0.303770502433859,0.315671135978099,0.341356325663295,0.352528003802152,0.359867540057817,0.354126810803982,0,0,0,0,0,0,0,0,0,0,0,0,0,0,0,0,0,0,0,0,0,0,0,0,0,0
178,"COG","Republic of Congo",0.334958845272189,0.323240098386419,0.531319296484421,0.563975548553477,0.589517819657796,0.609993562492108,0.558830235026764,0.522368488176643,0.490682557548131,0.517170718113318,0.601151551577856,0.635311633734514,0.651759984073667,0.667241516465757,0.626427302015863,0.600581517806511,0.583536351862718,0.831489528966587,0.830684020288001,0.841178938369936,0.820503551867275,0.780182247139925,0.729955713478017,0.721292245853274,0.721423170957933,0.710146540639745,0.707940691285485,0.721014703315995,0.804170299311422,0.775944483858796,0.758761849188493,0.715676442639623,0.659174801134164,0.585004698595925,0.528457450456792,0.452703378447221,0.35370281191973,0.318439784121922,0.194409323606081,0.106143004967677,0.105734273417792,0.124755520629357,0.125591132806121,0.134154003010531,0.146359616688707,0.156519450353377,0.166043409276807,0.174882658214499,0.183389336384243,0.191478129509812,0.315405224807128,0.282087799783752,0.233224632235935,0.250932781578517,0.205050551613461,0.156502034869368,0.116151997120342,0.0917171014645575,0.155620718477664,0.104728580682569,0.0779560745224025,0.0809140229614299,0.0826565062084913,0.149814804497968,0.16639115270634,0.176496970677367,0.100534731635095,0.0970835844910112,0.103107636692169,0.134126387309473
642,"ROU","Romania",0,0,0,0,0,0,0,0,0,0,0.0131984430228138,0.0112323646977308,0.0103090281249916,0.0105589158060589,0.0442601824748183,0.0806604831151205,0.0974017230425633,0.0235446695332657,0.0323003961175952,0.0819892791495665,0.128491157896584,0.0795430285345606,0.0806100887459764,0.0685042720143264,0.0377794345773071,0.101472388849898,0.146989475280947,0.104950215248371,0.211318858103157,0.105039433327955,0.0117800868009698,0.0222382087240964,0.0359077796987604,0.0367459870026603,0.0320127273420896,0.026496740359597,0.0285867990444906,0.0000893282910798902,0.0165662537860401,0.0215762061758079,0.0243203780988184,0.00000000504352796788989,0.00000220317738983137,0.00000000110573770366115,0,0,0,0,0,0,0,0,0,0,0,0,0,0,0,0,0,0.0340888788712392,0.415993641286223,0.594687318022775,0.703041400421145,0.817725823040212,0.871359676250755,0.906485432328701,0.875038268715155,0.876328517854653
643,"RUS","Russia",0.375589703203798,0.330376201732325,0.388585702110873,0.357674246639996,0.480186128071197,0.52409947150106,0.473369418679943,0.28055720070008,0.260473448071698,0.341008580586367,0.469326201728682,0.517818166137115,0.54919176313404,0.51673527368732,0.449559286733492,0.43560457537623,0.492980109826997,0.496536967861277,0.572783030596428,0.58612361875369,0.522587500102877,0.5088346131486,0.561751058580748,0.587532250211207,0.558525454240829,0.494970097680744,0.47224204572902,0.477329629948439,0.494988754729612,0.412436987570565,0.370779545970014,0.355969018538421,0.399045565670607,0.426705283310173,0.437109990537894,0.455051352136474,0.486486356263496,0.50111698085841,0.495664685646916,0.525564342258904,0.0585277261625701,0.0572886540118885,0.0538532108154311,0.0626712736318129,0.105177250822952,0.0712870635338818,0.0672074404333204,0.0308992674713949,0.0337415908933433,0.0285833481020725,0.0323231819720603,0.0355654481097632,0.0489564865745329,0.0447193336555068,0.0468305165619793,0.0382822923169974,0.0384004181177072,0.037564801259161,0.0394525261308258,0.037933016124092,0.039396377517603,0.0424322688085795,0.0472833285182559,0.0984836146059607,0.0815978315477754,0.0572695513881935,0.0653375313905769,0.0472043369280531,0.0389609453966751,0.0431087403914234
646,"RWA","Rwanda",NA,NA,NA,NA,NA,NA,NA,NA,NA,NA,NA,NA,NA,NA,NA,NA,NA,NA,NA,NA,NA,NA,NA,NA,NA,NA,NA,NA,NA,NA,NA,NA,NA,NA,NA,NA,NA,NA,NA,NA,NA,NA,NA,NA,NA,NA,NA,NA,NA,NA,NA,NA,NA,NA,NA,NA,NA,NA,NA,NA,NA,NA,NA,NA,NA,NA,NA,NA,NA,NA
652,"BLM","Saint Barthelemy",0,0,0,0,0,0,0,0,0,0,0,0,0,0,0,0,0,0,0,0,0,0,0,0,0,0,0,0,0,0,0,0,0,0,0,0,0,0,0,0,0,0,0,0,0,0,0,0,0,0,0,0,0,0,0,0,0,0,0,0,0,0,0,0,0,0,0,0,0,0
659,"KNA","Saint Kitts and Nevis",0,0,0,0,0,0,0,0,0,0,0,0,0,0,0,0,0,0,0,0,0,0,0,0,0,0,0,0,0,0,0,0,0,0,0,0,0,0,0,0,0,0,0,0,0,0,0,0,0,0,0,0,0,0,0,0,0,0,0,0,0,0,0,0,0,0.292629434199023,0.364969220429284,0.316869583801297,0.96759645470579,0.969795657852564
662,"LCA","Saint Lucia",0,0,0,0,0,0,0,0,0,0,0,0,0,0,0,0,0,0,0,0,0,0,0,0,0,0,0,0,0,0,0,0,0,0,0,0,0,0,0,0,0,0,0,0,0,0,0,0,0,0,0,0,0,0,0,0,0,0,0,0,0,0,0,0,0,0,0,0,0,0
882,"WSM","Samoa",0,0,0,0,0,0,0,0,0,0,0,0,0,0,0,0,0,0,0,0,0,0,0,0,0,0,0,0,0,0,0,0,0,0,0,0,0,0,0,0,0,0,0,0,0,0,0,0,0,0,0,0,0,0,0,0,0,0,0,0,0,0,0,0,0,0,0,0,0,0
674,"SMR","San Marino",NA,NA,NA,NA,NA,NA,NA,NA,NA,NA,NA,NA,NA,NA,NA,NA,NA,NA,NA,NA,NA,NA,NA,NA,NA,NA,NA,NA,NA,NA,NA,NA,NA,NA,NA,NA,NA,NA,NA,NA,NA,NA,NA,NA,NA,NA,NA,NA,NA,NA,NA,NA,NA,NA,NA,NA,NA,NA,NA,NA,NA,NA,NA,NA,NA,NA,NA,NA,NA,NA
678,"STP","Sao Tome and Principe",0,0,0,0,0,0,0,0,0,0,0,0,0,0,0,0.207143105732187,0.231437664191348,0.245728403415535,0.250341787562985,0.252684557229523,0.254447426190789,0.253986625711342,0.253245004829948,0.252267106078569,0.251088619660202,0.354983625412221,0.426559663074721,0.474305941455103,0.514671220037008,0.545848323910975,0.503269056639334,0.493781826158322,0.484866602323238,0.477685134415047,0.489062487611776,0.499446986244047,0.49817398931215,0.502672723602878,0.502212618491853,0.504761755211808,0.503572033792104,0.500787925555506,0.457015299686962,0.441639775665743,0.445246793642837,0.555448714635211,0.47621877838276,0.356664494681721,0.44699276951657,0.439534675160043,0.543409781572836,0.28338305317467,0.340765034988611,0.318158774857608,0.301793480994013,0.0263769485962634,0.0246713161959501,0.026346688223181,0.0241670718597393,0.11393887480763,0.0242145237407071,0.0272239711212765,0,0,0,0,0,0,0.00106152369148009,0.00106152369148009
682,"SAU","Saudi Arabia",0,0,0,0,0,0,0,0,0,0,0,0,0.00902274787761954,0.131316676270815,0.19604015062036,0.377642003852321,0.472278869573905,0.689475842739291,0.707609140473213,0.693518644302122,0.675325641585283,0.633178790918134,0.660162293403568,0.6768407084068,0.571068594224406,0.60468621254964,0.61818982143661,0.641745901149241,0.495334772513604,0.395908401786924,0.28505212508652,0.390258798291648,0.513354269733384,0.513793919185578,0.534341126884561,0.52462987489414,0.519488207962275,0.460608613531015,0.436515867512625,0.4191631994616,0.443314610574362,0.472063383587886,0.434907953727911,0.421972331434296,0.387278587698595,0.465621019286927,0.456583277052641,0.460383497569199,0.409931126645221,0.325230519751956,0.296897289456479,0.255261026021011,0.258530619544962,0.252722020339107,0.236278497934288,0.239196216089578,0.21721870120735,0.230480046072197,0.224945294850854,0.221802788288514,0.220678605679976,0.215496302901859,0.21416951858226,0.203724611280022,0.208367820322275,0.20899552021672,0.208918108188539,0.185600337904037,0.183882968791422,0.183345058351341
686,"SEN","Senegal",0.00310707318455217,0.00327404607031709,0.00343460336735727,0.00359275289551119,0.0038414644555562,0.0029110129347094,0.0688812019467791,0.0489810944386362,0.00302689993605925,0.00207995555440595,0.0203162047886107,0.0372589115303529,0.0457839611367954,0.0402565965598308,0.0540515603448314,0.056386289003897,0.0620396707230105,0.0503333601394002,0.0496244038332226,0.0636577378453925,0.071303527754154,0.0920697976514752,0.0917713411477514,0.124970927975905,0.148321169939618,0.158625051708361,0.148598707156474,0.169106129233103,0.187912412978998,0.260765371121035,0.280582608399459,0.295944305599532,0.332342605820337,0.279770719298698,0.280011777818933,0.26329227071707,0.258235141292913,0.235438327616287,0.246458797676939,0.277821939450505,0.268945904570636,0.310374089064334,0.273635510240146,0.296729143739154,0.301505401766681,0.337192929581057,0.277261186502899,0.29140459896061,0.294964734061488,0.297362798551382,0.322705188679847,0.293172537309147,0.279131065727245,0.252021064213786,0.21656368345487,0.195622791049828,0.231146823084001,0.229752087232168,0.19171805395697,0.180930674415983,0.104012695303067,0.0560337736598934,0.0413602220102672,0.030258032173491,0.0220646940184628,0.0786746316897346,0.0855842465797417,0.0621228193661691,0.0675326362926992,0.0599629014698587
688,"SRB","Serbia",NA,NA,NA,NA,NA,NA,NA,NA,NA,NA,NA,NA,NA,NA,NA,NA,NA,NA,NA,NA,NA,NA,NA,NA,NA,NA,NA,NA,NA,NA,NA,NA,NA,NA,NA,NA,NA,NA,NA,NA,NA,NA,NA,NA,NA,NA,NA,NA,NA,NA,NA,NA,NA,NA,NA,NA,NA,NA,NA,NA,NA,NA,NA,NA,NA,NA,NA,NA,NA,NA
690,"SYC","Seychelles",0,0,0,0,0,0,0,0,0,0,0,0,0,0,0,0,0,0,0,0,0,0,0,0,0,0,0,0,0,0,0,0,0,0,0,0,0,0,0,0,0,0,0,0,0,0,0,0,0.00000244690752915215,0,0,0,0,0,0,0,0,0,0,0,0,0,0,0,0,0,0,0,0,0
694,"SLE","Sierra Leone",0,0,0,0,0,0,0,0,0,0,0,0,0,0,0,0,0,0,0,0,0,0.0279542633964809,0.0392394410198562,0.0463063238812273,0.057749509478669,0.0591243354312627,0.0914487528505103,0.122302612837867,0.149980540963271,0.128060327017226,0.0955936029085654,0.10075377699352,0.114639262769288,0.128235904389919,0.138517583246881,0.152745048501602,0.151589935846427,0.153704767324183,0.166873655783661,0.153716314016304,0.186188041130358,0.227919479971214,0.217153295784396,0.262578779616237,0.225368985113741,0.258722740643138,0.219637920765468,0.307143770387938,0.362249923657908,0.409888711842485,0.34139501025916,0.25964721499842,0.223949944625845,0.163972587771922,0.139250524619779,0.124502744738616,0.128204763249247,0.150581784751315,0.16360011089551,0.192075720978757,0.200929351994874,0.00631634513275836,0.00547315154515255,0.0046560705755965,0.0054628759869379,0.00312066093131393,0.00312066093131393,0.00312066093131393,0.00312066093131393,0.00312066093131393
702,"SGP","Singapore",0,0,0,0,0,0,0,0,0,0,0,0,0,0,0,0,0,0,0,0,0,0,0,0,0,0,0,0,0,0,0,0,0,0,0,0,0,0,0,0,0,0,0,0,0,0,0,0,0,0,0,0,0,0,0,0,0,0,0,0,0,0,0,0,0,0,0,0,0,0
534,"SXM","Sint Maarten",0,0,0,0,0,0,0,0,0,0,0,0,0,0,0,0,0,0,0,0,0,0,0,0,0,0,0,0,0,0,0,0,0,0,0,0,0,0,0,0,0,0,0,0,0,0,0,0,0,0,0,0,0,0,0,0,0,0,0,0,0,0,0,0,0,0,0,0,0,0
703,"SVK","Slovakia",NA,NA,NA,NA,NA,NA,NA,NA,NA,NA,NA,NA,NA,NA,NA,NA,NA,NA,NA,NA,NA,NA,NA,NA,NA,NA,NA,NA,NA,NA,NA,NA,NA,NA,NA,NA,NA,NA,NA,NA,NA,NA,NA,NA,NA,NA,NA,NA,NA,NA,NA,NA,NA,NA,NA,NA,NA,NA,NA,NA,NA,NA,NA,NA,NA,NA,NA,NA,NA,NA
705,"SVN","Slovenia",NA,NA,NA,NA,NA,NA,NA,NA,NA,NA,NA,NA,NA,NA,NA,NA,NA,NA,NA,NA,NA,NA,NA,NA,NA,NA,NA,NA,NA,NA,NA,NA,NA,NA,NA,NA,NA,NA,NA,NA,NA,NA,NA,NA,NA,NA,NA,NA,NA,NA,NA,NA,NA,NA,NA,NA,NA,NA,NA,NA,NA,NA,NA,NA,NA,NA,NA,NA,NA,NA
90,"SLB","Solomon Islands",0,0,0,0,0,0,0,0,0,0,0,0,0,0,0,0,0,0,0,0,0,0,0,0,0,0,0,0,0,0,0,0,0,0,0,0,0,0,0,0,0,0,0,0,0,0,0,0,0,0,0,0,0,0,0,0,0,0,0,0,0,0,0,0,0,0,0,0,0,0
706,"SOM","Somalia",0,0,0,0,0,0,0,0,0,0,0,0,0,0,0,0,0,0,0,0,0,0,0,0,0.0254218690960785,0.0266231670389469,0.0412939215383799,0.0559274599814794,0.00940421762597821,0.0723947349943486,0.121080247418163,0.081757187244858,0.0684704680994432,0.0874236904154264,0.149123981698102,0.137050408983973,0.082001468484684,0.140207501484274,0.12004111288231,0.108820873678757,0.0839899831972959,0.0422400656215505,0,0,0,0,0,0,0,0,0,0,0,0,0,0,0,0,0,0,0,0,0,0,0,0,0,0,0,0
710,"ZAF","South Africa",0.128931196766514,0.100034957073691,0.0713950900346592,0.0704731822672635,0.0795748116348725,0.0876944850654575,0.0946618116780387,0.0958243499451731,0.0936389683517643,0.0726564966730206,0.0731685714444964,0.0822702962297085,0.0822824715380228,0.0738141447535181,0.0809867447685402,0.0820373684657935,0.0905721437741044,0.0767597472849547,0.0594946395048697,0.0664251079166901,0.0989201382792632,0.122688045058351,0.124646209080039,0.107804476109269,0.100226989768325,0.0944769426509058,0.113958456653774,0.138389072541595,0.157537451542315,0.17563542294074,0.202722947289116,0.185187002541776,0.224824421380856,0.178137336740225,0.248303571574612,0.256047318451876,0.251212610240261,0.130413216443938,0.153581510985612,0.191555570090112,0.297352942564188,0.321861087467215,0.244912923143822,0.245765902088914,0.301242637751086,0.281341550421297,0.362995662502355,0.297097573680807,0.283893889936578,0.269622152353446,0.238612896418977,0.220063831678424,0.221679175135352,0.197793136498122,0.196475130812031,0.195136621270649,0.229557015585357,0.22207249957728,0.21584009250943,0.214729900533665,0.187487669192223,0.241609424662726,0.19113765378105,0.298211510231477,0.240110954052552,0.244183592242022,0.235921056908165,0.250307795779689,0.226526963430278,0.218377134517635
410,"KOR","South Korea",0.129340316930651,0.152596962099794,0.166847291344323,0.161244070660888,0.166111222861711,0.176463041921819,0.212374806956238,0.224805725936708,0.233172424251725,0.239472622828349,0.242185136683169,0.267573563405386,0.272146880649439,0.287760386100845,0.306739453686634,0.319956491512958,0.31408023566566,0.319458178518345,0.34646090633759,0.356724018794373,0.371626863224228,0.399164161374661,0.394138817938808,0.378383303189144,0.39948564005431,0.377193715034186,0.385786731716902,0.457553078553407,0.486927671088356,0.517864986371121,0.52774684559796,0.526280212260642,0.515116268367882,0.530787184816341,0.535390856275002,0.487536389563598,0.476689237396545,0.425190365640475,0.451658127925958,0.423486833419905,0.434065853722156,0.387932905398876,0.373845846811763,0.437123989329275,0.426696585245962,0.429224242045839,0.465312337643054,0.411316262719634,0.420149799472457,0.385924777083511,0.384827926349,0.365059514077395,0.401494447833514,0.396330845898315,0.44098782575571,0.44144947023905,0.425963728197586,0.391584793140385,0.406313225517509,0.413290744199146,0.41097869036089,0.455016276917768,0.427856975964574,0.431066824587855,0.408428526328618,0.395884859762093,0.398030871361499,0.418069819398443,0.356733070590264,0.308140537398163
728,"SSD","South Sudan",NA,NA,NA,NA,NA,NA,NA,NA,NA,NA,NA,NA,NA,NA,NA,NA,NA,NA,NA,NA,NA,NA,NA,NA,NA,NA,NA,NA,NA,NA,NA,NA,NA,NA,NA,NA,NA,NA,NA,NA,NA,NA,NA,NA,NA,NA,NA,NA,NA,NA,NA,NA,NA,NA,NA,NA,NA,NA,NA,NA,NA,NA,NA,NA,NA,NA,NA,NA,NA,NA
724,"ESP","Spain",0.686808857492731,0.634774966629684,0.673756438625927,0.656387473123072,0.695284411288196,0.692603962044986,0.675495425672182,0.67625545569666,0.637711001266265,0.666197556965819,0.708173963031787,0.702657693185445,0.690439952250148,0.720341209355987,0.701929274472282,0.701017498730768,0.721093192840062,0.754902119397171,0.730295819128223,0.693732917254916,0.705737823607332,0.691353523105959,0.643558904142787,0.596328963565739,0.600780461291931,0.595289028598626,0.535969129659667,0.532199764214061,0.544068322636735,0.551280292064863,0.579326885993462,0.647756971588621,0.61335659873838,0.589165555505472,0.593419468570237,0.593058710414241,0.591933162182459,0.579729413251932,0.584702989059906,0.582579314998378,0.553818686743045,0.483045835008439,0.511480125623856,0.481064088889804,0.484465565732652,0.450190193750848,0.411354338553301,0.45344883375912,0.433039773314131,0.406097782077197,0.430179225058732,0.424909784266126,0.45709048046368,0.426533119127175,0.444580630599849,0.45230518310296,0.44611585436702,0.459119356699748,0.420528207579824,0.38145157083398,0.365336011354644,0.417928612544146,0.378657921104006,0.302590221825658,0.350968651400436,0.446387095430285,0.494272083224656,0.444728267839919,0.422561567908612,0.440930666476424
144,"LKA","Sri Lanka",0.0303794779367722,0.0297410955023595,0.0349855372056949,0.0400927780617955,0.0659741591061404,0.0550309219359921,0.0781331801709653,0.0695194343805183,0.104466450128519,0.0928350720165629,0.0951078976881831,0.0828626594171527,0.125498531176788,0.104830040345575,0.180228208690746,0.11630047182758,0.133061706541638,0.142442455105569,0.102618633777758,0.15318079452529,0.139196599611013,0.135846990367051,0.147253244218979,0.132135162770685,0.195054701973446,0.217532862964735,0.233342085079558,0.202925620054828,0.224641563012608,0.17335576561182,0.151013515663214,0.199826659639378,0.260161233771956,0.205750799229852,0.221223790462701,0.14391700969395,0.143537402725724,0.142872661447547,0.135024874117156,0.127695338424323,0.133680420154177,0.133763950663131,0.169408271930584,0.15084120478892,0.0843934890836833,0.141371491129549,0.120247332049188,0.117101556693549,0.122833795194302,0.0872203733645547,0.134578331002497,0.0947093101053894,0.0939824200121261,0.161384771310528,0.163219349471456,0.0819143907368375,0.101684147765415,0.103815331619166,0.113014108940586,0.116651767038869,0.121426387273422,0.0748461844056001,0.082779930824229,0.0853786314752989,0.128084653885567,0.101755342609216,0.122887773932904,0.106371042732305,0.101561089382888,0.114140044816478
670,"VCT","St. Vincent and the Grenadines",0,0,0,0,0,0,0.0113569606242026,0.0224915576487965,0.0336677806762066,0.0409918701645053,0.0510783007758356,0.0660979898395135,0.074052859359369,0.0749023139286354,0.0884165900504793,0.0898106305648115,0.108868753914667,0.1076577813599,0.109908923385565,0.110696666132712,0.111449497564027,0.112174564031214,0.112879606533661,0.113577114244852,0.114279156883603,0.114877794574303,0.125017793992111,0.130198617316316,0.11676214901875,0.149312298000171,0.197523654777903,0.160295982886076,0.209902940073232,0.21761094229182,0.337039431111323,0.850243254516701,0.807256970801781,0.85709231392857,0.917111249761821,0.948018894215407,0.918336003467662,0.840311913171798,0.399124801300735,0.318402794196942,0.386166782179119,0.365410452688523,0.280530140839676,0.170626823433876,0.0144032705356011,0.131823393793018,0,0.0847503762392289,0,0,0,0,0,0,0,0,0,0,0,0,0,0,0,0,0.00230200448248602,0.00230200448248602
275,"PSE","State of Palestine",0,0,0,0,0,0,0,0,0,0,0,0,0,0,0,0,0,0,0,0,0.350215721468451,0.192839275336685,0.269782763136261,0.382327425951171,0.315693032590174,0.323829216091698,0.339612888403889,0.369923099895455,0.358466135330531,0.159540765897048,0.00946326663295494,0.0114800423878483,0.00594787498648242,0.00260025424708179,0.00779987743049752,0.0148708936055137,0.0000633891641097893,0.00620375520717167,0.000382288296061971,0.00792819653620354,0.000790597158038968,0.00286304410035706,0,0,0,0.0280401755958544,0.0747990899716819,0.0723341270351999,0.107642626480086,0.107541246409727,0.10388103775575,0.0842666666666721,0.0840408754077801,0.132065326970903,0.0678122437824519,0.115979745976072,0.091294424519074,0.0627385766657836,0.057993608231349,0.105581013804034,0.139021124665282,0.00759483760308016,0.00985431086043199,0.0244800870628306,0.0104670595044351,0.00843206721714646,0,0,0,0
729,"SDN","Sudan",0,0,0,0,0,0,0,0,0,0,0,0,0,0,0.0653298757143511,0.0602934706213518,0.0559461980577057,0.0643964486330479,0.0806680751622718,0.0663661322685834,0.0549630874499459,0.0839147899142099,0.0671387868057852,0.0704996107101788,0.0802919466047853,0.110627745497517,0.0766544052678588,0.101740810440976,0.0907268404404208,0.0468727614352806,0.212342486211941,0.0928043420323874,0,0,0.135343928924287,0.155970405244379,0.156595939034185,0.137855456830978,0.140355119171058,0.114490162143518,0.17635266897981,0.165635034630218,0.164456175760081,0.144853394547988,0.0513702500716716,0,0,0,0.0224648042476193,0.0436103498102416,0.069731655200483,0.0904875606593304,0.110346828133158,0.0898026492991134,0.0627568944068887,0.0447470056965265,0.0235509315210649,0,0.0597876508541163,0.112486222880872,0,0,0,0,0,0,0,0,0,0
740,"SUR","Suriname",0,0,0,0.49179140634639,0.465890538696401,0.483245642381348,0.459788454644371,0.321793545549754,0.342704555524334,0.33159533392721,0.399201340576236,0.653045833846041,0.585498682853569,0.571665871551916,0.596228656183907,0.575464961819131,0.548486643442888,0.55794141143037,0.583181572908597,0.669611762559837,0.694191226255469,0.669019151220854,0.66506552842677,0.735303924662993,0.689885976553912,0.724225527830656,0.435145429766538,0.493153888655833,0.368378920298092,0.40801669959026,0.461862341446472,0.483074929997611,0.414873420460251,0.382041072780005,0.366498945364314,0.302835024669514,0.360500131772819,0.415835027905885,0.370070217634296,0.592348710394898,0.496043931969511,0.380798312021974,0.151318160624121,0.0417629110243511,0.107789549655571,0.377709254086408,0.64279677085888,0.597191946663983,0.623591694580994,0.691273136430578,0.699180159488101,0.739052434860432,0.698095363678353,0.676185995192164,0.5792435727304,0.560679274402209,0.469851949929701,0.423521194245522,0.2828914069494,0.367919124857326,0.293021022934444,0.297930701046019,0.285199046762864,0.285733645978012,0.22531819649583,0.226694396657638,0.239823986344626,0.240171600015438,0.296857650572966,0.261632596539307
752,"SWE","Sweden",0.392422343915765,0.372051750465885,0.362442879516408,0.358903840616982,0.355667134306449,0.361592490081942,0.423720271932393,0.433684295832152,0.442219874953438,0.430594963742679,0.375531122665931,0.388365879925781,0.40077345313242,0.401254127980314,0.492048522742569,0.484693007525218,0.339207545877293,0.326204706154916,0.334908745238652,0.315949094981864,0.409425011477431,0.427109204870411,0.419916959763479,0.374982780291551,0.365288010550998,0.387171302593475,0.419174676134514,0.322958469510243,0.292048106822294,0.291198893032839,0.322949891035522,0.32818431083601,0.363461697857516,0.320185731552473,0.321592508554442,0.32195173425894,0.309879438019658,0.315456617924366,0.309913968115204,0.297823934435596,0.296088360576555,0.273151872728091,0.237437823355942,0.191059546442148,0.195395121201155,0.205428052655176,0.190201399487858,0.178109473575396,0.157342043111656,0.19466414018747,0.225929650192379,0.30913813739245,0.302482055541461,0.19532642618281,0.260884821444372,0.179275765094541,0.284712815818001,0.205788261828275,0.203221305293774,0.217849603061703,0.29156380895276,0.324697999798979,0.220534470405855,0.292321467331588,0.258079493364884,0.294729490914013,0.194543342042216,0.312180866626464,0.234603898121231,0.215586612547678
756,"CHE","Switzerland",NA,NA,NA,NA,NA,NA,NA,NA,NA,NA,NA,NA,NA,NA,NA,NA,NA,NA,NA,NA,NA,NA,NA,NA,NA,NA,NA,NA,NA,NA,NA,NA,NA,NA,NA,NA,NA,NA,NA,NA,NA,NA,NA,NA,NA,NA,NA,NA,NA,NA,NA,NA,NA,NA,NA,NA,NA,NA,NA,NA,NA,NA,NA,NA,NA,NA,NA,NA,NA,NA
760,"SYR","Syria",0.488920707537939,0.488209841610766,0.380552612097146,0.42671967329667,0.341702040870775,0.341055021203935,0.340406728416666,0.30900766953174,0.308388210554089,0.280082019483232,0.279493678767451,0.255559364883585,0.255001032147324,0.249568146143654,0.2490152792866,0.227396343198966,0.226874664046918,0,0,0.0597526379215527,0.0631456019659644,0.0326426889843736,0.0466606526268815,0.0479311132292566,0.0445707281740148,0.0306847196664671,0.0194155213395729,0.106912537782129,0.100985957887786,0.129010948226148,0.139968922386276,0.146939468283678,0.128340274986971,0.141258911399349,0.112506605205292,0.114549709393517,0.151003003286928,0.0931332321137221,0.11178848929969,0.0908539238465822,0.083851358810074,0.0942260986553732,0.0656429878111734,0.0832229417304858,0.521422616360089,0.517058581692456,0.401690460888059,0.398243550966041,0.382022314207151,0.390922951804254,0.393672161416865,0.425102136445807,0.36487115083591,0.369661453010956,0.357908943159141,0.331042841091996,0.422102742110871,0.377898207896516,0.326789887926637,0.332628259090296,0.354165048588051,0.20385148190788,0.217516948128742,0.246935978329095,0.28775007517161,0.299239600449003,0.301898690408316,0.310932198182427,0.318673599820365,0.329615834744788
158,"TWN","Taiwan",0.410774084939111,0.429828017494255,0.444850217725141,0.455747670419898,0.387701307198877,0.382288065942797,0.422846549814163,0.437673538860187,0.418556233349092,0.444851156538339,0.485441233650143,0.497107392486746,0.491937093870066,0.462526569843829,0.485978093996702,0.534994253114442,0.562859279672457,0.538608972114234,0.490435296701679,0.500241523480535,0.511889220124522,0.546788901492592,0.545677153739505,0.554896625756474,0.596525788979182,0.619385347689906,0.609155654776662,0.588039099977893,0.616820542574458,0.631851427238667,0.612478282743023,0.575553475672874,0.53320549286913,0.549119513681963,0.539559446160114,0.462554177248906,0.435962349738263,0.394209875366652,0.423303377587649,0.366142392874218,0.291392461422678,0.256227508013831,0.242846661196358,0.230785561886963,0.217577777239897,0.233129199716563,0.208348978799562,0.192533862643211,0.173806219020433,0.149540926044088,0.143989696326218,0.141131785164948,0.142277924991922,0.107896785243269,0.154000613635273,0.150972778448945,0.115979899784482,0.0881304384763883,0.0901782105942945,0.0918694413541415,0.088749134018146,0.0898558030073119,0.125621928115445,0.123583195869515,0.118960006429139,0.100183889414164,0.144952132266297,0.106863447685633,0.0937547691295622,0.10515850015707
762,"TJK","Tajikistan",NA,NA,NA,NA,NA,NA,NA,NA,NA,NA,NA,NA,NA,NA,NA,NA,NA,NA,NA,NA,NA,NA,NA,NA,NA,NA,NA,NA,NA,NA,NA,NA,NA,NA,NA,NA,NA,NA,NA,NA,NA,NA,NA,NA,NA,NA,NA,NA,NA,NA,NA,NA,NA,NA,NA,NA,NA,NA,NA,NA,NA,NA,NA,NA,NA,NA,NA,NA,NA,NA
834,"TZA","Tanzania",0,0,0,0,0,0,0,0,0,0,0,0,0,0,0,0,0.0212171086964615,0.0168463239409013,0.0194354266390901,0.0271240231563417,0.029750786208852,0.0214128406554733,0.0129575434307011,0.0157230407516329,0.00481275426683625,0.00574147627961877,0.0281228643288313,0.0108282045500609,0.00821767498748707,0.00907417209375737,0.00669420997946926,0.0123497096448466,0.00681733130198805,0.00806120434786297,0.009784484832268,0.0140255635470191,0.0167042634296046,0.0419100170650023,0.035392252681313,0.0500912762919181,0.04508025967909,0.058789527892592,0.051102495908098,0.0617478760286714,0.0440792148501269,0.0669037349026434,0.0569454880721065,0.0641712487416738,0.0720987476828011,0.0530997224567627,0.0519361073875439,0.0477043221363179,0.0501530830467757,0.0431460406502146,0.0322754166897769,0.0406658413599729,0.0512693618188364,0.0450394682298801,0.028860870639183,0.0272184453116669,0.0345363151988727,0.0315824629548495,0.0285268543918074,0.0292576779984326,0.0282389178350309,0.0282758784868258,0.0299966397000787,0.0301590630705256,0.0274776552132343,0.0631217020617407
764,"THA","Thailand",0,0,0,0,0,0,0,0,0,0,0,0.00108469813444678,0.0147826018616956,0.0413810186096026,0.0867633952034245,0.215735806435322,0.258038680987517,0.3027339845371,0.348268443128377,0.3955366488315,0.400836631844496,0.401066719383415,0.463914174947878,0.442247923833312,0.449092997257357,0.438210576635933,0.424743960267943,0.402702819197484,0.411902786060829,0.423068035383146,0.449062449814187,0.43985648810523,0.430408529426892,0.403573296122973,0.418916035709519,0.39966681804803,0.449664772802627,0.443766811070364,0.443059527172613,0.427078368060454,0.4273703310326,0.415790794090403,0.400230554043892,0.416348238498568,0.396523187907765,0.414358055856297,0.412449044529706,0.406607901847159,0.385089686858823,0.378161127506623,0.361707544362197,0.410160862273853,0.432304948679121,0.421386745936269,0.42766303503067,0.397459365109387,0.347000748269559,0.398972875474804,0.332866963277996,0.370695821972288,0.355913753232013,0.354382907721495,0.361140233127829,0.371214767940213,0.368859003535311,0.342183013191383,0.344894192035722,0.366759515837709,0.383558703105395,0.370615698719173
626,"TLS","Timor-Leste",0,0,0,0,0,0,0,0,0,0,0,0,0,0,0,0,0,0,0,0,0,0,0,0,0,0,0,0,0,0,0,0,0,0,0,0,0,0,0,0,0,0,0,0,0,0,0,0,0,0,0,0,0,0,0,0,0,0,0,0,0,0,0,0,0,0,0,0,0,0
768,"TGO","Togo",0,0,0,0,0,0,0,0,0,0.0409681888308129,0.0401966318960436,0.0383995202626432,0.0454907453585988,0.0446327406843164,0.045042188472625,0.0704206861168168,0.0750825770033929,0.0701588975992029,0.0722415355597571,0.0698695403467517,0.0948181483500071,0.0820607907584623,0.0814389715195509,0.0843083023161034,0.0870586045811644,0.10653534028378,0.167672141946433,0.168213561256272,0.202558080252212,0.199553774725634,0.188786311923803,0.185642404374726,0.194129195219067,0.19442420822142,0.191774750112495,0.179036543737298,0.180666644928198,0.18656730922807,0.188416441226104,0.186719532535336,0.193825636862356,0.190181980030491,0.168526276656275,0.163287738020212,0.164640391282477,0.22500315889289,0.18041837004339,0.140432480302656,0.184013019923457,0.210040485817076,0.223306275614312,0.16747727268056,0.18838145564045,0.171692439570867,0.172552674052376,0.101739123741755,0.0894963796395615,0.108463431622328,0.106753778391653,0.110529685399748,0.122213658210851,0.103269560345315,0.166243451849757,0.153283598406198,0.133421654048974,0.125230785425412,0.0950486672762147,0.111440838784307,0.123132993681219,0.120284140206971
776,"TON","Tonga",0,0,0,0,0,0,0,0,0,0,0,0,0,0,0,0,0,0,0,0,0,0,0,0,0,0,0,0,0,0,0,0,0,0,0,0,0,0,0,0,0,0,0,0,0,0,0,0,0,0,0,0,0,0,0,0,0,0,0,0,0,0,0,0,0,0,0,0,0,0
780,"TTO","Trinidad and Tobago",0,0,0,0,0,0,0,0,0,0,0,0,0,0,0,0,0,0,0,0.0233501755614941,0.0231042123428963,0.0233278992204308,0.0241587590245162,0.0249022770615629,0.0257332853189247,0.0252587790393761,0.0264005941988583,0.0268227794397791,0.0268263560279956,0.0282533970917132,0.0284681911890482,0.0298593224299079,0.0297955830739466,0.0309548047838967,0.0325769594112261,0.0331383317547723,0.034191539390379,0.192195444520417,0.130995018495873,0.111631677629881,0.121569952033873,0.126667695715481,0.0825896442638635,0.0882641439691968,0.0935125633351505,0.0999852166628816,0.0699564535711053,0.0774928183724508,0.0672556600012962,0.0678919457524037,0.0854897819430982,0.0675220701753192,0.0774086309227998,0.0724781902397648,0.0694922051329544,0.0749020242107842,0.0701419256235418,0.0700219038987652,0.0713302931823621,0.0722094201465814,0.0720710852021757,0.0746153183456562,0.074027711222737,0.0758725723058303,0.0999623665497828,0.0683700539816123,0.0632058737413972,0.0639668146630869,0.0629682033964304,0.0637450888437276
788,"TUN","Tunisia",0.198199678273404,0.144588648945023,0.152276345184025,0.188578097383581,0.166991255031365,0.18818432751354,0.151504029333376,0.127997932714333,0.113474626758153,0.149125418320902,0.128532038402281,0.135128073635295,0.124252628312451,0.193427783792872,0.152870103433463,0.229583791357462,0.200482997070807,0.240633122567879,0.276248429986785,0.256908877098058,0.221454052658148,0.197117982703662,0.214796990246071,0.23417217565288,0.21659067284873,0.272231376014079,0.298549865999334,0.283429833683064,0.264947845771208,0.259620280357606,0.242261834562746,0.258445676739077,0.260793975402734,0.290736104016898,0.284897043266444,0.268249602892559,0.259810072596637,0.275019754089814,0.269339449325372,0.287741884024697,0.262172154288905,0.279194596699603,0.23535377962322,0.27400979365674,0.278799857633532,0.264044035760542,0.274809873381886,0.254552497517616,0.261138088544927,0.247980215299079,0.239507080122634,0.225108394047797,0.231192447987219,0.237584944311767,0.223889468371485,0.208025550761917,0.196419861527693,0.189578153831085,0.162129319756892,0.172890248448128,0.17337360673163,0.185046932382294,0.200444213111822,0.209317685336465,0.192339642186522,0.188219693502903,0.190953144668437,0.188519381099702,0.174697651335714,0.185603841803675
792,"TUR","Turkiye",0.403422584949682,0.411602773822045,0.411908822481213,0.37613440411906,0.391658039980645,0.317564643960906,0.33710802349214,0.334361208137698,0.338306347881495,0.377879864827816,0.332471381019161,0.306988325317469,0.341028790809486,0.390087149636995,0.395219387388084,0.351950654903838,0.336865308243854,0.381588777536517,0.390634470516261,0.297243155481907,0.390172012008521,0.341587540614979,0.359780429743065,0.336081456250736,0.31546601196137,0.329645982407256,0.362784296018938,0.381865970160654,0.447319635002873,0.514769948041012,0.393298271193182,0.392972798846506,0.410287181166808,0.432468259067725,0.440490680304265,0.452537510690002,0.447027384618864,0.444095487615514,0.438946514332102,0.510211022564566,0.473917831480682,0.401840385839302,0.395740369362402,0.387110746764291,0.385447578920547,0.331895287989249,0.353748033440779,0.334520551299935,0.332401557392234,0.321532137391961,0.342793975426448,0.346737234265415,0.340005577960318,0.337760848980972,0.330687164499321,0.264102944098902,0.333722861964504,0.353062662814611,0.330090585037572,0.292587693836607,0.289451870096623,0.267835434180013,0.334231741090996,0.318116352895675,0.263808755888034,0.284259042021155,0.231513991646944,0.252398540450095,0.263968959301428,0.189730668747642
795,"TKM","Turkmenistan",NA,NA,NA,NA,NA,NA,NA,NA,NA,NA,NA,NA,NA,NA,NA,NA,NA,NA,NA,NA,NA,NA,NA,NA,NA,NA,NA,NA,NA,NA,NA,NA,NA,NA,NA,NA,NA,NA,NA,NA,NA,NA,NA,NA,NA,NA,NA,NA,NA,NA,NA,NA,NA,NA,NA,NA,NA,NA,NA,NA,NA,NA,NA,NA,NA,NA,NA,NA,NA,NA
796,"TCA","Turks and Caicos Islands",0,0,0,0,0,0,0,0,0,0,0,0,0,0,0,0,0,0,0,0,0,0,0,0,0,0,0,0,0,0,0,0,0,0,0,0,0,0,0,0,0,0,0,0,0,0,0,0,0,0,0,0,0,0,0,0,0,0,0,0,0,0,0,0,0,0,0,0,0,0
798,"TUV","Tuvalu",0,0,0,0,0,0,0,0,0,0,0,0,0,0,0,0,0,0,0,0,0,0,0,0,0,0,0,0,0,0,0,0,0,0,0,0,0,0,0,0,0,0,0,0,0,0,0,0,0,0,0,0,0,0,0,0,0,0,0,0,0,0,0,0,0,0,0,0,0,0
800,"UGA","Uganda",NA,NA,NA,NA,NA,NA,NA,NA,NA,NA,NA,NA,NA,NA,NA,NA,NA,NA,NA,NA,NA,NA,NA,NA,NA,NA,NA,NA,NA,NA,NA,NA,NA,NA,NA,NA,NA,NA,NA,NA,NA,NA,NA,NA,NA,NA,NA,NA,NA,NA,NA,NA,NA,NA,NA,NA,NA,NA,NA,NA,NA,NA,NA,NA,NA,NA,NA,NA,NA,NA
804,"UKR","Ukraine",0.154609873595009,0.14446969981648,0.160586283634776,0.16491858025755,0.19578128825134,0.280173683176569,0.264233904882177,0.269133546311446,0.327147309980946,0.277711853612194,0.271532399510436,0.204468866711645,0.19615831204987,0.136170211718143,0.152596019110942,0.108478344297191,0.130377583252415,0.171588935761668,0.198212843620645,0.322118141570177,0.610749369466275,0.455408657234725,0.449815206437498,0.271613687648053,0.211271778902415,0.209509616614731,0.228516509690373,0.42704281828267,0.496672797849023,0.315820833109058,0.37451222337075,0.317283581772654,0.533353627195435,0.314799871320478,0.345835332807576,0.291806679761177,0.304527996945051,0.326959893901361,0.220891548977778,0.249027506979198,0.13122162966239,0.107092756866102,0.189461325712471,0.264359936148881,0.31138151603459,0.299958794777944,0.383416572272208,0.435177406384182,0.450924032242487,0.441737957638867,0.42695467296863,0.451602898765521,0.426941327350627,0.434560750891478,0.443639532148571,0.418071836186137,0.419312112769216,0.366647596704762,0.320472259789959,0.302353969678444,0.283858472636,0.290586682347838,0.30238057030922,0.317465030791639,0.27694014606365,0.296849634587212,0.322594536767238,0.324213356075197,0.319474485331871,0.354693880876708
784,"ARE","United Arab Emirates",0,0,0,0,0,0,0,0,0,0,0,0,0,0,0,0,0,0,0,0,0,0,0,0,0,0.0411795803939824,0.0798524883296423,0.114348306723942,0.146049924343572,0.176174663073872,0.205369587332862,0.224030320545165,0.243487680397798,0.257185923072859,0.282228400668705,0.307132158470986,0.29271952535651,0.277713135693735,0.247336940518609,0.197332596748479,0.188137347700842,0.183807156806369,0.172533333872521,0.159587362879445,0.142712065446836,0.137715987540082,0.13053710895735,0.118382052749423,0.112320633694084,0.105137395421679,0.105714112194696,0.0946334539255166,0.102426080315074,0.0949620635064556,0.0953551771784092,0.0967409220922032,0.0861981700286838,0.0801485937209021,0.0895931038534164,0.0766178146525078,0.0686974968125777,0.0547440183193023,0.057282694703454,0.0555501804618027,0.053965286694291,0.0538470873253887,0.0493867997886109,0.0491882854415516,0.0491282416749379,0.049084228439706
826,"GBR","United Kingdom",0.435777812371536,0.445318653963456,0.535126893097972,0.497146432262702,0.578611059856819,0.39589676318594,0.413141205414482,0.429452579682594,0.401272917678368,0.392892439117304,0.41324577515192,0.406006543391225,0.43210106589304,0.452057657569895,0.455364397925552,0.440353346825087,0.430456784693593,0.479072524072547,0.440091862539665,0.379451557898925,0.407367542851462,0.375691993230437,0.419346314656154,0.281453172024831,0.356822605258312,0.331085711091956,0.308488389795789,0.27569311174906,0.237625064158883,0.162540001018374,0.242870202529757,0.205078810303932,0.400102773170336,0.341534743760014,0.333636336867906,0.340299982595695,0.314491589907011,0.32392182236817,0.328915911737255,0.317989233289246,0.307976517605961,0.304592219727324,0.299822532969258,0.311651315246273,0.328783176094497,0.330591715120972,0.350735859997248,0.360330191608524,0.335473921127601,0.314911141587308,0.33849814897076,0.303276203657477,0.304358461624467,0.299098707893617,0.259636007906658,0.238454052089883,0.305850265096779,0.31098439977016,0.325579261088603,0.322865996153031,0.332535167769158,0.308820281470032,0.316115679644005,0.334886886304922,0.274936324093895,0.277250968446283,0.295756311092926,0.284889376241236,0.294595162525371,0.295482749634808
840,"USA","United States of America",0.463823757717574,0.522715975262073,0.522746849286775,0.528067759022343,0.520745929737928,0.507892956419615,0.46965439175781,0.489238906253186,0.485659196759478,0.465163658262138,0.466609661529743,0.41830103661542,0.435140094368129,0.476682849834112,0.488457033618368,0.486059820920645,0.494295231863956,0.477521482125073,0.457949671331747,0.432832134386492,0.454950709182383,0.441238468238601,0.436597189830254,0.42823890176429,0.4250933335175,0.37903555860102,0.379765839540612,0.429098577888477,0.354031212970104,0.336176997928568,0.333005376264472,0.331958799549466,0.352483910663942,0.347164178167414,0.379045393479081,0.402281822588279,0.396338340053767,0.384148920091867,0.428792041559818,0.407752653036937,0.4070474966395,0.395347246698607,0.415718568102043,0.359084792441799,0.336738769403217,0.340964055009355,0.345419922085141,0.333229185656679,0.319813039223469,0.293389349423929,0.334557737791807,0.324142881240851,0.327305761997357,0.320421114112586,0.333516465710299,0.293550998369046,0.303860577278068,0.281898775955184,0.300545250150224,0.31141472475539,0.293839098175051,0.280414243930002,0.266537262522774,0.258263623668074,0.256248339581414,0.263897372054199,0.268871845005692,0.211198600227979,0.214951988625899,0.215243676361147
858,"URY","Uruguay",0.396153103751711,0.395951343088118,0.395749787833201,0.402164185213204,0.436672522692718,0.445491191111134,0.446192002429689,0.570286048909817,0.555606779231558,0.637270683698049,0.598049166037281,0.630300708483462,0.627599650361322,0.623778767954533,0.635501967898301,0.668039376362325,0.626473979375923,0.597713171005257,0.597881506576908,0.456295784990691,0.484604874717374,0.504023317799988,0.574212133492879,0.491863611058298,0.454684618183812,0.632857152946572,0.682329158535742,0.640845367833418,0.703008672440018,0.740877901024932,0.771324567464228,0.803532860277035,0.780150495175636,0.721291219303633,0.68446085116786,0.819285611138696,0.789396525425283,0.80044848791335,0.805381852856871,0.769517667643911,0.821162933945877,0.831327940979289,0.788842251281006,0.775574393124011,0.727612084432995,0.71271304699182,0.717870352835786,0.581535256204108,0.614806976603858,0.526638541548193,0.491220600396845,0.570718823759586,0.598968060846422,0.631228649396517,0.61187986135993,0.569222247168813,0.509257173566129,0.598032811203036,0.596251181842315,0.557174894228407,0.532416919010385,0.620427389902445,0.566927053079459,0.553316032860692,0.513609232823209,0.490323542128574,0.46615010302409,0.520062608921666,0.551056086807373,0.524991225573236
860,"UZB","Uzbekistan",NA,NA,NA,NA,NA,NA,NA,NA,NA,NA,NA,NA,NA,NA,NA,NA,NA,NA,NA,NA,NA,NA,NA,NA,NA,NA,NA,NA,NA,NA,NA,NA,NA,NA,NA,NA,NA,NA,NA,NA,NA,NA,NA,NA,NA,NA,NA,NA,NA,NA,NA,NA,NA,NA,NA,NA,NA,NA,NA,NA,NA,NA,NA,NA,NA,NA,NA,NA,NA,NA
548,"VUT","Vanuatu",0,0,0,0,0,0,0,0,0,0,0,0,0,0,0,0,0,0,0,0,0,0,0,0,0,0,0,0,0,0,0,0,0,0,0,0,0,0,0,0,0,0,0,0,0,0,0,0,0,0,0,0,0,0,0,0.0000153750056963347,0,0,0,0,0.0000685166321612866,0.00183649090661911,0,0.000854889450545441,0.00664871767993723,0.0104447839146455,0.0000528956874246504,0.00315943878254584,0.00287800166781531,0.00194423080725516
862,"VEN","Venezuela",0.00672325916296948,0.00498153205487018,0.00354236188539256,0.00244457029393571,0.00658554758405357,0.00510720470365034,0.0925142924806156,0.0912278172221349,0.0949682714405352,0.10793147882862,0.0581866578412056,0.0885859112497778,0.100702871172811,0.115012841901477,0.100012708591373,0.116674623263195,0.110419105967819,0.136699182860317,0.0966706970551289,0.0882155763913201,0.145806549083436,0.17844830503163,0.190845358624127,0.253902802524611,0.258426405159414,0.291172442323443,0.272464585080392,0.292980133042648,0.257508144379068,0.19579509794045,0.193031798795851,0.212519561309893,0.212443360727946,0.188070782317002,0.200709977009261,0.22436406494583,0.23627292260326,0.209896001297253,0.231323876338544,0.263268598294918,0.206493917731026,0.187556875747799,0.141992641048581,0.1437148912951,0.103173648005495,0.0890835973682326,0.0791841843958971,0.0982269527600174,0.094161785764611,0.0851572845933647,0.0805810796148965,0.0673093449276366,0.0600680325874414,0.0474182343228895,0.0390573836901452,0.0563772816230491,0.0604225802094693,0.0384244365822299,0.0361186735036583,0.00457408627483559,0.000731313411244818,0.00508662471362493,0.00435951039227372,0.0098027644822557,0.0155566377626796,0.00365239333163508,0.00351562543387444,0.00355907529821429,0.00357668929590801,0.00364486416113754
704,"VNM","Viet Nam",0,0,0,0,0,0,0,0,0,0,0,0,0,0,0,0,0,0,0,0,0.000028021483206967,0.0000287709461486432,0.000029561601102694,0.0000303969400273879,0.0000312808610376502,0.0000333434521033522,0.0000290036862755008,0.0000302547377082818,0.000031071667828506,0.0000302273586788783,0.0000315701195537197,0.0000756582293114345,0.000053410936480932,0.0000342598775677268,0.000120249044303157,0.000130120857518542,0.000113251960533716,0.0322157754850576,0.0648623121833603,0.0963454932123461,0.127531836125136,0.159016845296042,0.190264854527949,0.221295273822603,0.250977500076402,0.280832776155122,0.317984416391086,0.346967251026779,0.368905818345353,0.388542598104949,0.405043795493017,0.422209218149138,0.44089694293653,0.456480625814546,0.471222835293042,0.484390013260646,0.503981541034518,0.520006285536841,0.53585536251366,0.553834034401013,0.571446930025231,0.553077195101947,0.567760482815067,0.576376721576357,0.591124202571068,0.611125837719093,0.623684925351359,0.646222010477363,0.658580904884281,0.649072558046367
876,"WLF","Wallis and Futuna Islands",0,0,0,0,0,0,0,0,0,0,0,0,0,0,0,0,0,0,0,0,0,0,0,0,0,0,0,0,0,0,0,0,0,0,0,0,0,0,0,0,0,0,0,0,0,0,0,0,0,0,0,0,0,0,0,0,0,0,0,0,0,0,0,0,0,0,0,0,0,0
732,"ESH","Western Sahara",NA,NA,NA,NA,NA,NA,NA,NA,NA,NA,NA,NA,NA,NA,NA,NA,NA,NA,NA,NA,NA,NA,NA,NA,NA,NA,NA,NA,NA,NA,NA,NA,NA,NA,NA,NA,NA,NA,NA,NA,NA,NA,NA,NA,NA,NA,NA,NA,NA,NA,NA,NA,NA,NA,NA,NA,NA,NA,NA,NA,NA,NA,NA,NA,NA,NA,NA,NA,NA,NA
887,"YEM","Yemen",0.14925017378109,0.148476480154168,0.139695244494781,0.137763785526962,0.136951146764579,0.145501756602728,0.136849400778708,0.145035102955934,0.135700107611725,0.140307954019738,0.141091624335308,0.136123425408035,0.13488517797316,0.133682807027498,0.135518446521575,0.120427795887333,0.112723897263061,0.134420256770212,0.136647022056547,0.121536577385174,0.140723952896047,0.130617436749909,0.156192091449105,0.197181802141124,0.234474934599561,0.210271783221765,0.238278878403305,0.251541481628703,0.267652113346906,0.270385900080971,0.251286265102529,0.259720626979724,0.210011328814764,0.249215205968117,0.311716375904652,0.340881211256639,0.329985447677236,0.324678303256837,0.287858147690418,0.247166861196238,0.200886815966991,0.274994081408916,0.170561086502283,0.202834970739465,0.16316132309815,0.251645285059421,0.300776901172934,0.304632287426134,0.342301724125442,0.327965123507008,0.359164397653281,0.34330234168327,0.305742136876412,0.225264306620037,0.211457446246924,0.199092797437056,0.185925675384598,0.204700482284096,0.176510117394569,0.18390234999454,0.240819144108489,0.0342905025515296,0.0286617727671374,0.0269737534629663,0.0277492789890034,0.0231163409381072,0.0254667709713886,0.0282934745864336,0.028410958032299,0.028450558591922
894,"ZMB","Zambia",NA,NA,NA,NA,NA,NA,NA,NA,NA,NA,NA,NA,NA,NA,NA,NA,NA,NA,NA,NA,NA,NA,NA,NA,NA,NA,NA,NA,NA,NA,NA,NA,NA,NA,NA,NA,NA,NA,NA,NA,NA,NA,NA,NA,NA,NA,NA,NA,NA,NA,NA,NA,NA,NA,NA,NA,NA,NA,NA,NA,NA,NA,NA,NA,NA,NA,NA,NA,NA,NA
716,"ZWE","Zimbabwe",NA,NA,NA,NA,NA,NA,NA,NA,NA,NA,NA,NA,NA,NA,NA,NA,NA,NA,NA,NA,NA,NA,NA,NA,NA,NA,NA,NA,NA,NA,NA,NA,NA,NA,NA,NA,NA,NA,NA,NA,NA,NA,NA,NA,NA,NA,NA,NA,NA,NA,NA,NA,NA,NA,NA,NA,NA,NA,NA,NA,NA,NA,NA,NA,NA,NA,NA,NA,NA,NA
