"code","iso","country","CDA.raw.1990","CDA.raw.1991","CDA.raw.1992","CDA.raw.1993","CDA.raw.1994","CDA.raw.1995","CDA.raw.1996","CDA.raw.1997","CDA.raw.1998","CDA.raw.1999","CDA.raw.2000","CDA.raw.2001","CDA.raw.2002","CDA.raw.2003","CDA.raw.2004","CDA.raw.2005","CDA.raw.2006","CDA.raw.2007","CDA.raw.2008","CDA.raw.2009","CDA.raw.2010","CDA.raw.2011","CDA.raw.2012","CDA.raw.2013","CDA.raw.2014","CDA.raw.2015","CDA.raw.2016","CDA.raw.2017","CDA.raw.2018","CDA.raw.2019","CDA.raw.2020","CDA.raw.2021","CDA.raw.2022","CDA.raw.2023","CDA.raw.2024"
4,"AFG","Afghanistan",NA,NA,NA,NA,NA,NA,NA,NA,NA,NA,NA,NA,NA,NA,NA,NA,NA,NA,NA,0.206860967026198,0.251700178071462,0.289315748037166,0.298815248162903,0.283917279430311,0.22218401659984,0.173626247993435,0.109939028952465,0.0548171824979986,0.0209010727882353,0.00547439741951957,0.0053536381557147,0.0178002239061765,0.0220559332123402,0.0200805891224323,0.0153847958448045
8,"ALB","Albania",NA,NA,NA,NA,NA,NA,NA,NA,NA,-0.0721932505224649,-0.0244264033141016,0.0334470951372023,0.069008969143806,0.103350018292528,0.113984975620673,0.121569767594003,0.111672820044211,0.0750693466878136,0.042544397651753,0.0347336967282026,0.0285801386682236,0.0249789283612869,0.0231428251422565,0.031890778428366,0.0431367064852575,0.0366973415510943,0.0212773253013692,0.0146010408940309,0.00996699871002105,-0.000464433354974814,-0.00666031274933698,-0.00525318611838932,-0.0141414992616737,-0.0175402008399532,-0.00995892107248575
12,"DZA","Algeria",NA,NA,NA,NA,NA,NA,NA,NA,NA,0.030248336344628,0.0183699218917464,0.00807305477217324,5.37437685089488e-05,-0.00509975994116996,-0.00875639142942553,0.00318552653386139,0.0131714700660686,0.0159525040732369,0.0296389309550347,0.0363715825082991,0.0359388112840062,0.03572546824075,0.0384378707751691,0.0417121828203626,0.0416276592166471,0.0509213842057676,0.050894800423537,0.050439147409524,0.0483028492867739,0.0475042366554601,0.0382911088539248,0.0318600461477283,0.0297013163979689,0.028956116494979,0.0275131366848893
20,"AND","Andorra",NA,NA,NA,NA,NA,NA,NA,NA,NA,0.0286192886301997,0.0338247628387269,0.0357574491933614,0.0351828899503608,0.0321592009363383,0.0280995931802723,0.0249379229678879,0.0192362880546488,0.0121790900518508,0.00698589683549811,0.00134337874902912,-0.00176612542823033,-0.00676837434059154,-0.00752812809439007,-0.00578071843266669,-0.00347961308924338,-0.0015820291890153,-0.00227373708017015,-0.00277772346869734,-0.00254605541804017,-0.00134391694928793,-0.00428009902823043,-0.00832769523286776,-0.013572169184408,-0.0169539682464704,-0.018318956160056
24,"AGO","Angola",NA,NA,NA,NA,NA,NA,NA,NA,NA,0.184334421734826,0.165507969403852,0.130453324480802,0.0833945534564255,0.0361598686712996,0.0215797059118474,0.00382718021825146,0.00242049543466649,0.0037146261790233,0.00989102063049474,0.0229630419948326,0.0346806627354241,0.0425811850062083,0.0522968712835679,0.0613566971088109,0.064431587839092,0.0579368024516829,0.0472517517008708,0.0291939466004087,0.0113968068752217,-0.00289020130368477,-0.0231448761393279,-0.0280186264122293,-0.0145719920450519,-0.00986124037607841,-0.0135686024149624
660,"AIA","Anguilla",NA,NA,NA,NA,NA,NA,NA,NA,NA,NA,NA,NA,NA,NA,NA,NA,NA,NA,NA,NA,NA,NA,NA,NA,NA,NA,NA,NA,NA,NA,NA,NA,NA,NA,NA
28,"ATG","Antigua and Barbuda",NA,NA,NA,NA,NA,NA,NA,NA,NA,0.0394387930778293,0.0438509837951793,0.0483494188599334,0.0520293490763808,0.0556502558553369,0.0579409521310923,0.0581396138026029,0.0589727343011239,0.0594514139878966,0.0565156148614614,0.0535903615321685,0.0460046103938938,0.0360898079203316,0.0278378496645533,0.0204271318674456,0.0123939627255842,0.00445591122180448,0.00617022467488295,0.0110248788186305,0.0126816007485995,0.0169058630614412,0.0166284050778374,0.0161275258866682,0.0158294057974115,0.0136743122382597,0.0132082077905971
32,"ARG","Argentina",NA,NA,NA,NA,NA,NA,NA,NA,NA,0.0286947754388107,0.0275168614118049,0.0232325545715746,0.015122764715348,0.00880417547317913,0.00981718151972699,0.0127400869616114,0.019890052127699,0.0260311874509149,0.0349557293974843,0.0416194555011218,0.0460243071231314,0.0440865680297753,0.0330410837298472,0.0211561350962586,0.015485087691341,0.0104670338131301,0.00791817961946428,0.00324721798589267,0.00145646606151506,-0.00240244006160022,-0.00109683004207173,-0.00121864875074906,-0.00132083867542022,-0.00196028365331316,-0.00332941343312599
51,"ARM","Armenia",NA,NA,NA,NA,NA,NA,NA,NA,NA,-0.0134049706556291,-0.0175506774717556,-0.00628120057228404,0.0281290883815921,0.0212711752165164,0.0187321851191002,0.0371814811583573,0.0323344038466908,0.0469256015682982,0.0646212271948137,0.0536516068494939,0.0464407703740022,0.0463958064799719,0.0407165992200775,0.0331066773588495,0.024899022713089,0.0218100067235469,0.0136498171208044,0.0168153150050063,0.0278536601550077,0.0259068627772847,0.0221092369940219,0.0274640376430684,0.040612266116431,0.0455343513221349,0.0476056925276456
533,"ABW","Aruba",NA,NA,NA,NA,NA,NA,NA,NA,NA,0.0598824639252211,0.114347714677105,0.156727066438582,0.180784081155379,0.201497433128198,0.205131494195794,0.19712711484509,0.171126109511225,0.133640134514878,0.0808572525737832,0.0154350906937923,0.00789319114473863,0.000347608436904068,-0.0210313561036666,-0.0665291262788629,-0.111575509015068,-0.144823573558583,-0.152933641013589,-0.146838681538891,-0.133276761951566,-0.110239387523801,-0.0773414333893457,-0.0279386320178633,-0.00161303719313292,-0.0010997555188696,0.00124742791591781
36,"AUS","Australia",NA,NA,NA,NA,NA,NA,NA,NA,NA,0.0246796061414294,0.0267948657817754,0.0276206759985143,0.0273270295616272,0.0263330529790589,0.0250354113378586,0.0235100246295639,0.0215225797601462,0.019595798479396,0.018569367919202,0.0175282982283147,0.0153230603663499,0.0126521146053444,0.00954453445848613,0.00564316818089639,0.00216798466150103,4.28641459534546e-06,-0.00033298491578071,0.000541343019002216,0.00205887640750824,0.00373086214774232,0.0026430095703287,0.000164243944036135,-0.00227125476718604,-0.00520981459384318,-0.00826126918081449
40,"AUT","Austria",NA,NA,NA,NA,NA,NA,NA,NA,NA,0.0092696302400177,0.00903846300301514,0.0150629003304095,0.0158024085487374,0.0188575597708229,0.0195463021013742,0.0214797454685378,0.0226303922917217,0.020062912322278,0.0154763829883655,0.00367315802737611,-0.00409135334392674,-0.0105500883181475,-0.017316437681954,-0.0180957342001057,-0.0199552685944767,-0.0165788001598202,-0.0123368778038603,-0.00696020431765831,-0.0037876468385446,-0.00412097087186114,-0.00466427482295734,-0.00232816168236937,-0.00631067194396262,-0.012315021462478,-0.0202894190093594
31,"AZE","Azerbaijan",NA,NA,NA,NA,NA,NA,NA,NA,NA,-0.0159260046495058,-0.0202905235945622,-0.029491634649051,-0.0485551828846609,-0.0270544726369795,-0.00594017225653976,0.00653643411117555,0.0150326727509025,0.0115364287738551,0.0174877589004105,0.00933798545959963,0.000263576531057513,-0.00582252089855351,-0.00788215993149388,-0.00600405308423191,-0.000278837176580837,0.00917463868932211,0.0192607986137503,0.0198215692614394,0.0248875053331921,0.025650693765553,0.0171712656351548,0.0146746599255572,0.0187791697911663,0.0237846511088349,0.023430684394764
44,"BHS","Bahamas",NA,NA,NA,NA,NA,NA,NA,NA,NA,-0.00228258428318271,0.0065725036822204,0.0135637044838108,0.0188716192051241,0.0194554036461687,0.018320411713425,0.013993833574522,0.00681028417759832,-0.00802402008935887,-0.00915437256615059,-0.00215979945686107,0.0026853215636539,0.00211684576917995,0.00338876940311401,0.00360726862704044,0.00476085937982361,0.00820884004146398,0.00908400693589805,0.0161684443729633,0.0160755648992619,0.0222494100764583,0.0174206316871863,0.0256587214008133,0.0333730995118906,0.0345106555517196,0.0352016031352642
48,"BHR","Bahrain",NA,NA,NA,NA,NA,NA,NA,NA,NA,0.0619017682931431,0.0608431351203942,0.0536194760614779,0.0347910372217595,0.0431287093419042,0.038538904078883,0.0390667848234709,0.0375659474084671,0.0420416430256627,0.0510658110306716,0.0511757637612085,0.051322306065624,0.0467019310029895,0.0361945167749482,0.0326614557985607,0.0244614003018242,0.0241495754583594,0.0175268926283614,0.0166840244932487,0.0198673459630847,0.0263365650134419,0.0313487324040782,0.0300415085406966,0.0248222416777999,0.0263518244062206,0.0249323845183649
50,"BGD","Bangladesh",NA,NA,NA,NA,NA,NA,NA,NA,NA,0.071980711461201,0.0715040112768541,0.0753313240178204,0.0742486292267741,0.0694178030174877,0.0655320806326571,0.0680576769406975,0.0704369841143417,0.0707674160547875,0.0669248051460984,0.0647044643844086,0.0632360498118181,0.0654142722201623,0.0663486012011278,0.0671888063944774,0.0670413308446887,0.0696844241685286,0.0738393589265951,0.0741781021931169,0.069714754389874,0.0679562282658128,0.0649637820618278,0.0583066772116243,0.0514658590599777,0.0448457142232683,0.0371794783095196
52,"BRB","Barbados",NA,NA,NA,NA,NA,NA,NA,NA,NA,0.0164574362782364,0.0226274949695715,0.0349434405305467,0.0453958493785602,0.0408926700511743,0.0332181018002276,0.0282219558029921,0.0224862070725236,0.0190730397980852,0.026030309151714,0.0316402623427685,0.029734509481933,0.0276027515965651,0.020727479259137,0.0134513127379638,-0.000253769880941574,-0.00671783883435619,-0.00819541897201387,-0.00444920016587642,-0.00399020012293148,-0.00479478132300289,-0.00614450255634422,-0.00476821336047789,-0.00420181454352452,-0.00203437153659784,-0.00160473167571075
112,"BLR","Belarus",NA,NA,NA,NA,NA,NA,NA,NA,NA,-0.0105405642028373,-0.0235615322909601,-0.0431428099038616,-0.035431705257202,-0.0226476340572042,-0.0134502916399577,-0.00855808237460121,-0.000197813008753298,0.00659425530582958,0.0144778205233858,0.0173729964281442,0.0177699818179859,0.0144225124502371,0.0104472178843711,0.00761413875912176,0.00627927902803926,0.000694972415058892,-0.00199486353352595,-0.0053083395793183,-0.00233475288550013,-0.00205465749937682,-0.0019146608195602,-0.00231249663395356,-0.0031221052863891,-0.00531597701360857,-0.00656914399285813
56,"BEL","Belgium",NA,NA,NA,NA,NA,NA,NA,NA,NA,0.00585403127815631,0.00440757005800241,0.00371024274493137,0.00261970506511178,0.00112421247889039,0.00101868550173667,-0.000215663777122344,-0.000343085895787798,-0.00433165062081986,-0.00483695547364138,-0.0131293624401712,-0.0152935232296821,-0.0211874512419622,-0.0258620652810537,-0.0271154780274202,-0.0285401066401301,-0.0259671054845544,-0.0225567763857227,-0.0186749406177151,-0.0120947292079518,-0.0107342281438727,-0.00926713881248531,-0.00859131217967879,-0.011919958064357,-0.0159372415243204,-0.0209126640348629
84,"BLZ","Belize",NA,NA,NA,NA,NA,NA,NA,NA,NA,0.00110256561860389,-0.00350285113657833,0.0135081399786967,0.0185629846835089,0.0253085943058988,0.0242478384500069,0.0268031957195043,0.0175201451274578,0.0231262812791901,0.0180554333451977,0.0164155334072944,0.0214074436135456,0.0342857271201367,0.0311475994070629,0.0269089861168312,0.0182771381165103,0.0282624039829924,0.0353301930922163,0.0409792529202544,0.0355040973410989,0.0452956637270405,0.0440966743362463,0.0479743961712324,0.0385964752146228,0.0272060620587267,0.0161610776634915
204,"BEN","Benin",NA,NA,NA,NA,NA,NA,NA,NA,NA,0.10609053585574,0.101498594307005,0.097631319824538,0.0995728214209268,0.10741776499375,0.114514700988894,0.10859923464932,0.123684765161736,0.137060170955263,0.127141618279292,0.125130125842041,0.115527643955043,0.098006633161269,0.0829936783158285,0.0697789551423358,0.0566651006523711,0.0393042681422402,0.0330487349428936,0.0345752169900586,0.0326984880902013,0.027308111787381,0.0289586305711214,0.0281324812385828,0.0255884418860659,0.0199860810723238,0.0154966240361814
60,"BMU","Bermuda",NA,NA,NA,NA,NA,NA,NA,NA,NA,0.00317880244863744,0.00085402457322048,0.00403799954223172,0.000128425475694138,0.00459796991861694,0.00979408840021301,0.0138837211322034,0.0229739941513218,0.0349110555836509,0.0353548032251489,0.0147878662887098,0.00955216126861447,-0.00335741432739382,-0.00506744895916955,-0.00782301953249171,-0.0135133180929799,-0.0133769107136233,-0.00627647914509213,0.0173427668244671,0.0273103665650638,0.0278975367990395,0.0231868162045141,0.0113924726087435,-0.0130255109191587,-0.0251996732160724,-0.0176513339263824
64,"BTN","Bhutan",NA,NA,NA,NA,NA,NA,NA,NA,NA,0.10388845371459,0.106407145128254,0.108121156274901,0.112234503173136,0.0928534927793458,0.0646860857516243,0.0520011327635568,0.026082777815537,0.0130108406172598,0.0259316064357147,0.0357524477069375,0.0565272527544147,0.084358430854262,0.115255981285839,0.141459060885785,0.148490912015061,0.161888956384358,0.145251848486677,0.111559073508757,0.0965586340563285,0.0690184526453941,0.0368514799998325,0.0192225092288085,0.00979139348712077,0.00616110868377784,0.00368520075477807
68,"BOL","Bolivia",NA,NA,NA,NA,NA,NA,NA,NA,NA,0.00672861030520511,-0.00877787746502301,-0.0169804672550481,-0.0104630078021563,0.00284817243807489,0.00512707901638088,0.00733520947272681,0.012936437002623,0.0283349924455831,0.0413619781742705,0.053322211409865,0.0490479766808463,0.0447779788383373,0.0501320519462636,0.0532205467981901,0.0570858920680719,0.0611838841247418,0.0631228331848603,0.0626756094529497,0.0575292939562677,0.0488807666403799,0.0277995303146532,0.0194987364246981,0.0178647512998071,0.0160487066437263,0.0264302490276382
70,"BIH","Bosnia and Herzegovina",NA,NA,NA,NA,NA,NA,NA,NA,NA,-0.0814991379132939,-0.00334085135008796,0.0586114367180124,0.134898949220886,0.204055620086399,0.168970541339021,0.120242389618123,0.0737500184671043,0.0589209143941161,0.058788353839625,0.050698879156353,0.0553426506248964,0.0588810976845091,0.0555323883932783,0.0465542390320486,0.0306865284399915,0.0123389986658289,0.00688075607227145,0.000117275986253901,-0.000768003180760286,-0.00429401063404722,-0.00592286634481864,0.00151901557425127,0.00423974825270523,0.00440675695380777,-0.00365947700938796
72,"BWA","Botswana",NA,NA,NA,NA,NA,NA,NA,NA,NA,0.0163414459203695,0.0247278141404599,0.0283167743937773,0.0326614439116215,0.0400278739458952,0.0425034181133312,0.0450165290873397,0.0373513028312698,0.0270516923462545,0.027320744226299,0.0114368180840574,0.0142909309114805,0.00956625425091295,0.0192726889599912,0.0295148297399148,0.0469834439269943,0.047555888892377,0.0542141653860069,0.0632937478440043,0.074872976466859,0.0672978062585001,0.0518226991985611,0.0287948544124139,0.0212795180943299,0.0154734305867672,0.0211483470182834
76,"BRA","Brazil",NA,NA,NA,NA,NA,NA,NA,NA,NA,0.048598750663625,0.0487661527725607,0.0476642444691877,0.0428813053302863,0.035706571678588,0.0296293327287969,0.0234960074128445,0.0193436970355498,0.0193983535546405,0.0218011014854058,0.0198717618380191,0.0252075192956167,0.031245068572068,0.0382063643141872,0.04383187035918,0.0499300022555464,0.0481262260151043,0.0384246276272187,0.0297742099032872,0.019586199390532,0.00392919381422496,-0.00252374695146104,-0.00469273091430646,-0.00939201268660413,-0.0109382730730143,-0.00622737779182014
92,"VGB","British Virgin Islands",NA,NA,NA,NA,NA,NA,NA,NA,NA,NA,NA,NA,NA,NA,NA,NA,NA,NA,NA,NA,NA,NA,NA,NA,NA,NA,NA,NA,NA,NA,NA,NA,NA,NA,NA
96,"BRN","Brunei Darussalam",NA,NA,NA,NA,NA,NA,NA,NA,NA,-7.48142283221475e-05,-0.00965095129241057,-0.00458987128499232,-0.00251758079560438,0.00200317907574799,-0.00218733582447174,-0.00614035271530922,0.00684394788183607,0.0270404405640594,0.0445433176959424,0.0509780399718991,0.0527203037511572,0.0574266104371961,0.051932529298426,0.040580632397494,0.030992332645667,0.00136294494441858,-0.00564452778341515,-0.00376938598294858,0.00492733657436362,0.00661828854002855,0.0165636219214806,0.0372640631310492,0.0579142533207206,0.0612713849035607,0.0665432988486052
100,"BGR","Bulgaria",NA,NA,NA,NA,NA,NA,NA,NA,NA,-0.00311882861249065,-0.0048222610509529,-0.00614045385487638,-0.0128768871293554,-0.0128194585006936,-0.0149287603270639,-0.0108351639584017,-0.0019640530072295,0.0113110916033354,0.0203516742773477,0.0107788822194634,0.00260484800019567,0.00459723134624679,-0.00347628199511753,-0.0131896308149223,-0.0187164635197441,-0.0183454247636879,-0.0189868800258407,-0.0109147229717494,-0.00754344373625992,-0.0141919570843178,-0.0245860333497895,-0.0170604231723819,-0.00754154533089657,-0.0224837661099714,-0.0355353077112868
854,"BFA","Burkina Faso",NA,NA,NA,NA,NA,NA,NA,NA,NA,0.0521565766332019,0.0551829669163639,0.0652535705798087,0.0685073717292661,0.071093913564886,0.064492765975452,0.0512445585359225,0.0438443428291215,0.0495669630882751,0.0598596580963238,0.0755433308353963,0.0805465863631216,0.0900277544786594,0.102113376885199,0.114413007976513,0.111383609140221,0.111457737612005,0.106166656781999,0.114831886201674,0.125588805907838,0.127187645405951,0.119391293796392,0.110742300434673,0.104044279825283,0.0883590748838967,0.065696149673514
108,"BDI","Burundi",NA,NA,NA,NA,NA,NA,NA,NA,NA,0.0039506693987945,0.00405221038514302,0.0035939780034482,-0.00455443161172775,-0.0258599308497693,-0.0328047404943911,-0.048619477570544,-0.0497160530389154,-0.0459434460491667,-0.034843061343935,-0.0163866567368338,0.0331549880586417,0.0751712779417564,0.108709455911427,0.123933950710796,0.125749184702385,0.102775405668421,0.0930270850273185,0.0834724633423294,0.0792093045895343,0.0683873971687536,0.0780294741940619,0.0955195012985786,0.108657139993325,0.120542856509594,0.108446875783772
132,"CPV","Cabo Verde",NA,NA,NA,NA,NA,NA,NA,NA,NA,0.0557814940889958,0.0703817017350705,0.081853512801147,0.0957240707877274,0.0993401697647727,0.0961957184695399,0.0923337272924698,0.091393002816633,0.083448129630078,0.0657017090357608,0.0573354482679616,0.0474605577498486,0.0464919430079656,0.0337098682095534,0.021971132650513,0.0101205401349105,-3.79616182396862e-05,-0.000719525790986126,0.00316565962541837,0.00107467518428495,0.00891805876757257,0.00809181342288467,0.0218214449349667,0.0230034652950422,0.018532375605057,0.0139196161713384
116,"KHM","Cambodia",NA,NA,NA,NA,NA,NA,NA,NA,NA,0.0427438349285041,0.0485691361095137,0.057157878663157,0.0591011556732297,0.0595166598354948,0.0553386880190396,0.0481861782616146,0.0514748592422476,0.0560147398532145,0.0739309462677313,0.0920616322045205,0.108656430691048,0.123673629073045,0.127769334132167,0.122854808042723,0.115757144088181,0.105093150952636,0.111456672546483,0.12292130742774,0.135348169840463,0.160121918898004,0.181014968928977,0.184191224726559,0.172410950373084,0.144659166802989,0.113837942563725
120,"CMR","Cameroon",NA,NA,NA,NA,NA,NA,NA,NA,NA,0.107710918245732,0.0936837263957411,0.0713377660948369,0.0390747611426574,0.006704461884667,0.0021154332468496,-0.000589334138027642,0.00428239625727111,0.019752914851517,0.0307001736482384,0.0447018538409303,0.0562082029801039,0.0603206192487304,0.0532131661705364,0.0479781029748594,0.0449699791151212,0.039656296068536,0.0283457387021497,0.0280627466719034,0.0252672110729717,0.028077087881571,0.0287030177624832,0.0252813554061289,0.0156371309807952,0.00459143153265629,-0.00186288795497458
124,"CAN","Canada",NA,NA,NA,NA,NA,NA,NA,NA,NA,0.0219461904993394,0.0255020420760392,0.0244118388481243,0.0231856278938589,0.0212696899505782,0.0181824155689092,0.0140391812928937,0.00991006760350066,0.00857002661644679,0.005224260402934,-0.000473560169568295,-0.00221408116286215,-0.0036784629248322,-0.00470296228454392,-0.00305509241231139,-0.00202803436257823,-0.00159934373363762,-0.00253635203573854,0.000865492623002062,0.00376771405804366,0.00305628033527361,-0.00199459721828478,-0.00457660252376135,-0.00540681365650364,-0.00534611339553437,-0.00643268234500949
136,"CYM","Cayman Islands",NA,NA,NA,NA,NA,NA,NA,NA,NA,NA,NA,NA,NA,NA,NA,NA,NA,NA,NA,NA,NA,NA,NA,NA,NA,NA,NA,NA,NA,NA,NA,NA,NA,NA,NA
140,"CAF","Central African Republic",NA,NA,NA,NA,NA,NA,NA,NA,NA,0.0234979848123666,-0.0118468200012661,-0.0317724570028106,-0.0570031301748504,-0.076390810377078,-0.0813682343577202,-0.0791236851454143,-0.0661434573313128,-0.0418118139096404,-0.0129127394732764,0.0261003013988743,0.0339160638994025,0.0423338918198839,0.0460221883182299,0.00941832226970729,-0.000536454955202271,0.00267355319949392,0.0223168132104175,0.0511844101035444,0.0671286606594955,0.0916747802662909,0.115642816335829,0.128646885098043,0.144913261696205,0.109506386128174,0.0766383132594577
148,"TCD","Chad",NA,NA,NA,NA,NA,NA,NA,NA,NA,0.0258533844958659,0.0258889441952803,0.0267425467509046,0.0296219399360982,0.0572995602070283,0.0797910258094852,0.0959168335647309,0.10631578853377,0.115881555119266,0.101967510750492,0.101367732136379,0.0911125869668392,0.0733208029656514,0.0655417522640744,0.0889351059054202,0.10611965303347,0.118080260303268,0.120496875350252,0.119108238601807,0.0922354234724054,0.0747895508666296,0.0518477732753282,0.0305807048338151,0.0245442111879244,0.0256157044652179,0.0256843267529041
152,"CHL","Chile",NA,NA,NA,NA,NA,NA,NA,NA,NA,0.0876094153170417,0.0899535258129762,0.074254256371461,0.0564204891381628,0.036771992854848,0.0228920454563606,0.0115731151206515,0.0082084274269123,0.0166463564373558,0.023939796084705,0.0297041011276065,0.0356922545891114,0.0373683919785228,0.0377294406858004,0.0352177632109172,0.0298127990049812,0.0261755478865127,0.0237974084163275,0.0244640357422974,0.0232121736967994,0.0199185913046092,0.0102669536068825,0.0076243622716683,0.0068372977761324,0.0014408113009523,-0.00597712397283334
156,"CHN","China",NA,NA,NA,NA,NA,NA,NA,NA,NA,0.0422970762477231,0.0366257477824645,0.0310746948895402,0.0294058422067003,0.0364362335794999,0.0455322740079971,0.060645726645544,0.0774823832477536,0.0910110759546108,0.096501070364267,0.098478993078698,0.0970484117292381,0.0918037800107601,0.0826819344457583,0.0752132594145247,0.0639964359524683,0.0524278465852996,0.0406186808519373,0.0302739718314999,0.0223459715624474,0.015862033508445,0.0125502096948813,0.0150710178092344,0.0193047634626393,0.0246682181895734,0.0283048238914392
170,"COL","Colombia",NA,NA,NA,NA,NA,NA,NA,NA,NA,0.00470228410096829,-0.00373779462484873,-0.0129183077849087,-0.0172924258904412,-0.0168868279486627,-0.0141058301875321,-0.0111910207424223,-0.00523677123357218,0.00253175301425368,0.0181554901507934,0.0259307423370132,0.0344464293082598,0.0394511703456515,0.0421316664138864,0.0477558080410947,0.0482990616268,0.0487518037971573,0.0468282098584378,0.0328062978605679,0.0264769169216603,0.0259185403273228,0.0208830452528475,0.0196456633705295,0.00931549669008147,0.00416090632128996,0.00432923088322523
174,"COM","Comoros",NA,NA,NA,NA,NA,NA,NA,NA,NA,0.0428298918537682,0.0473035389362555,0.0514559190092236,0.0533297818120206,0.0638558270344101,0.0754979163658096,0.0784138799616192,0.082961887776366,0.0537347716567427,0.0297161579866756,0.0205036829338128,0.0216556815209901,0.0129165573777958,0.00470535951399764,0.0179767463901785,0.0287934844045166,0.0399150027655089,0.0676001699990274,0.0749293465540579,0.0775608038953988,0.0878814589239125,0.110312661480111,0.131072738028331,0.144567371517848,0.155513949083349,0.144352042008739
184,"COK","Cook Islands",NA,NA,NA,NA,NA,NA,NA,NA,NA,NA,NA,NA,NA,NA,NA,NA,NA,NA,NA,NA,NA,NA,NA,NA,NA,NA,NA,NA,NA,NA,NA,NA,NA,NA,NA
188,"CRI","Costa Rica",NA,NA,NA,NA,NA,NA,NA,NA,NA,0.0667733470578797,0.0516219228181221,0.0401214450063345,0.0363557341362015,0.0318472422807747,0.0428933912877618,0.0438532998360412,0.0415919906483064,0.0446823977079709,0.0462394470880472,0.043363560288421,0.0337326831395106,0.0220615746432917,0.013506388490049,0.00946340184331751,0.00697209327044268,-0.000927562612539679,-0.00348051694197105,0.0019955528776201,0.00747505290101502,0.00869138514802104,0.00100370315125486,-0.000159933317683284,-0.000150905581842256,0.00492087151652654,0.0115964255132732
384,"CIV","Cote d'Ivoire",NA,NA,NA,NA,NA,NA,NA,NA,NA,0.0628186681332747,0.06488592670078,0.0636845226752702,0.045568072199051,0.0197474584637491,-0.00151809970210467,-0.00147601588293056,0.00395322457990188,0.00572592092673374,0.00451963251792287,-0.0126324514214038,-0.0180778864896939,-0.0108271867412578,0.0113726321470065,0.0161146096419951,0.0374128504916766,0.0550477949497641,0.0764497653446479,0.0885420373492736,0.0851481188782941,0.0645379235443839,0.0456096073059773,0.0352092991306718,0.0375387521111024,0.040086545093087,0.0425734821088721
191,"HRV","Croatia",NA,NA,NA,NA,NA,NA,NA,NA,NA,0.00233009918413285,0.0234329601459566,0.0294808130097701,0.0334984629391841,0.0389581671718053,0.0362571650541057,0.0334086183344007,0.0290866612537086,0.0287230410555437,0.0234935099567555,0.0149784717436059,0.00212885301659949,-0.00633210816151616,-0.0157999514702781,-0.015263358773141,-0.0106719868613794,-0.00543406752685674,-0.00714022924439233,-0.0120653364508813,-0.0213475726641142,-0.0160606511706294,-0.0136971514580797,-0.00818623226377724,-0.00527540943763061,-0.000820460078659124,0.000402452548949883
192,"CUB","Cuba",NA,NA,NA,NA,NA,NA,NA,NA,NA,NA,NA,NA,NA,NA,NA,NA,NA,NA,NA,NA,NA,NA,NA,NA,NA,NA,NA,NA,NA,NA,NA,NA,NA,NA,NA
531,"CUW","Curacao",NA,NA,NA,NA,NA,NA,NA,NA,NA,NA,NA,NA,NA,NA,NA,NA,NA,NA,NA,0.0219701905178831,0.0033282568241737,0.00192199699305928,0.00882870991193396,0.0094876035730751,0.0185154228071542,0.0267323517357029,0.0147359696986374,0.0166731218231256,0.00157133379775365,-0.0122714363347516,-0.0198577555327763,-0.0181014499191454,-0.0188623942088208,-0.0219256808610607,-0.02769420384425
196,"CYP","Cyprus",NA,NA,NA,NA,NA,NA,NA,NA,NA,0.0379367097667593,0.0329833106290041,0.0285960178531632,0.0267247514939977,0.027494810110801,0.0293412351949969,0.0276062934499384,0.027660834589597,0.0272039526727648,0.0276001148005627,0.025617213060902,0.0209806952166995,0.0116302697922204,-0.000591778962143497,-0.0103366257023627,-0.0117335595869165,-0.00948015398879717,-0.00689139073473558,-0.00700245161609992,-0.00710970775219496,-0.00275027682945194,-0.000809505043369019,0.00238529840060053,0.00367640985081308,-0.000408801885283351,-0.00126023364555783
203,"CZE","Czechia",NA,NA,NA,NA,NA,NA,NA,NA,NA,-0.0293555284537986,-0.0211471752780051,-0.0163004914799928,-0.0123260759334985,-0.00742771225880978,-0.00469862077567007,-0.0031986749880083,0.00091158195904395,0.00456289438244384,0.00336550017630888,-0.0061706862850126,-0.00857631540075421,-0.0111139579168196,-0.0159769293309598,-0.0198989705067213,-0.0225734849823215,-0.0237292627583983,-0.0214986475279777,-0.0157349824370584,-0.0114031416987087,-0.0125022016843331,-0.0158564870313286,-0.0147017141030793,-0.014604892217264,-0.0224751155579571,-0.0339446617749575
180,"COD","Dem. Rep. Congo",NA,NA,NA,NA,NA,NA,NA,NA,NA,-0.00999633657853965,-0.0187074241035026,-0.0198910371467007,-0.00988274392450878,-0.00472048877272763,-0.00659986035079907,-0.0111146056694052,-0.00779728716268611,0.0145342313178232,0.0458017557919599,0.0573638821588465,0.0561185699534379,0.0525221077245963,0.0399873235416486,0.0538929675194071,0.0724545209055936,0.062404648934226,0.0379772744833551,0.0252161619324729,0.0271468544158571,0.0233452091707322,0.0231937628795806,0.0244814071689059,0.0335307001881477,0.056703274143165,0.09385482511221
208,"DNK","Denmark",NA,NA,NA,NA,NA,NA,NA,NA,NA,0.0102063617775332,-0.00706195171301283,-0.0107979432013766,-0.0194071765456801,-0.0202385176282359,-0.0219294196015178,-0.0283848656106078,-0.0123536393424399,-0.0068343769721747,-0.007067474431525,-0.0106108719335741,-0.0166424084803243,-0.0252384639429923,-0.036899336166114,-0.0365367304377685,-0.043510076857677,-0.0537629026711198,-0.0478858306299327,-0.0450748835292438,-0.0412043572216323,-0.0416766739822472,-0.0410862609417123,-0.0384948881777424,-0.038804950023568,-0.0329184370673128,-0.0303380723560815
262,"DJI","Djibouti",NA,NA,NA,NA,NA,NA,NA,NA,NA,0.0114406481128797,0.0124890458084852,0.0145874517426763,0.0271497404433285,0.0370289353031867,0.0329801604597739,0.0286376120902125,0.0191650635249432,0.0173424566157385,0.0268144612407983,0.0271885488794383,0.0305005827251543,0.00213345687718403,-0.0219101535361856,-0.0245343265822608,-0.0233522523009543,-0.0111315658765718,-0.0101573834601514,-0.00523166179743206,0.0137425973197371,0.0338024067698512,0.0536231162667076,0.0509839280971354,0.0353791328127075,0.0307913316700448,0.0284460638046293
212,"DMA","Dominica",NA,NA,NA,NA,NA,NA,NA,NA,NA,0.0433120266979625,0.0539297973188511,0.061445242454572,0.0569149532546489,0.0571948377923002,0.0686780269885843,0.0843823242865678,0.082172954393541,0.0891178067492722,0.0814355209675497,0.072975645211572,0.0648565705811928,0.0486987004764827,0.0293749626214186,0.0110858271550462,0.00640390557550541,0.005411228602894,-0.00198129100758548,-0.00333462427479107,-0.0032137858493087,0.00491888560711895,0.00404690214362757,-0.00100086356502811,-0.000927416571425404,-0.00156025242679757,-0.000636333551411894
214,"DOM","Dominican Republic",NA,NA,NA,NA,NA,NA,NA,NA,NA,0.0917205845628821,0.0850225399257734,0.0736696440712152,0.064918400944032,0.053548142448167,0.0259956043787506,0.0129869810181202,0.00740661458631564,0.00564474361200884,0.00501659376251662,0.0013678339532559,0.00278048076593351,0.00503910824147691,0.0121525257337467,0.0203933992757606,0.0158355815850111,0.0153374337485224,0.0187736454278886,0.020747528373992,0.025813285509561,0.0331309912473086,0.0338341343445481,0.0393883075336092,0.0441198266914926,0.0446694311151064,0.0435412965967252
218,"ECU","Ecuador",NA,NA,NA,NA,NA,NA,NA,NA,NA,0.0314382705216267,0.0189163733496851,0.00855402574768216,0.0175929333135891,0.0363986455768859,0.0224693132171943,0.0361338364203561,0.0501364125757233,0.0519530961369243,0.0516665704072392,0.0503126619488266,0.0444151308447758,0.0423858211991708,0.0367331330973848,0.0351388344117358,0.0396729451825046,0.0389843340356844,0.0298829853347653,0.0269692371882548,0.013199654504896,0.00599090128418545,-0.00719777980771385,-0.00877556883051959,-0.00671912376546541,-0.00105358198012858,0.0119537572952728
818,"EGY","Egypt",NA,NA,NA,NA,NA,NA,NA,NA,NA,0.0669510326899967,0.0728203483292669,0.0643407943808081,0.0528162301314037,0.0550489703654524,0.0489948509220175,0.0492506928377103,0.0458680660169692,0.0474591443149193,0.0521793754881148,0.0553219162957319,0.0598960718767045,0.0565067315949472,0.0446639485366371,0.0390789911088243,0.0317353154371021,0.0257334555446653,0.0248776793656822,0.0259325684637224,0.0231357812304946,0.019084849952449,0.0154186762321227,0.0198571820931899,0.0155075271335301,0.0113139720353426,0.00973411512008915
222,"SLV","El Salvador",NA,NA,NA,NA,NA,NA,NA,NA,NA,0.0907360331021032,0.0697954614340082,0.0575560065368608,0.0431661336606504,0.0371250164396306,0.0322522639669569,0.0307916310437428,0.0216468604768487,0.0223540918992231,0.020253567879289,0.0142651228878827,0.00783697666147543,0.00380521845482473,0.000594450995628382,-0.00282270377594762,-0.00691264123333513,-0.00593025472464326,-0.00179561540556028,-0.0016522615270691,0.000164547440595353,0.0100945453158934,0.00569465584799,0.0105593176064305,0.021184830509009,0.0303163096740708,0.0376656409281719
226,"GNQ","Equatorial Guinea",NA,NA,NA,NA,NA,NA,NA,NA,NA,0.664679698885353,0.605224446458775,0.495428239082497,0.321609312666568,0.127908737978781,0.149593233151329,0.153636223905719,0.142784394774329,0.134672357464142,0.125665492566679,0.0989340998830921,0.0850515597294512,0.066960197671988,0.0399980626742651,0.0204508935380527,0.0313821549855504,0.0355530099577315,0.0419484896758004,0.0308388365546576,0.0267349831843144,-0.00216628117432126,-0.00617501731180431,-0.00752220033469896,-0.00590731145444743,-0.00377420756622307,0.0002526188501768
232,"ERI","Eritrea",NA,NA,NA,NA,NA,NA,NA,NA,NA,NA,NA,NA,NA,NA,NA,NA,NA,NA,NA,NA,NA,NA,NA,NA,NA,NA,NA,NA,NA,NA,NA,NA,NA,NA,NA
233,"EST","Estonia",NA,NA,NA,NA,NA,NA,NA,NA,NA,-0.0318343797836463,-0.0585241187837682,-0.0405555913540268,-0.0307565071752641,-0.0240364945082955,-0.0136118619769694,-0.00896663638045991,-0.00223968286880616,0.0156565222284333,0.0200793062196598,0.00798029816643009,0.0103425374251258,0.0118814809666523,0.00548625717940299,0.0106396703060423,0.0120608397679924,0.0020073563175913,-0.00303085403854235,0.00538576418712133,0.00583015932276121,-0.027722307343374,-0.0559516152341141,-0.0691712823869948,-0.0723604930109982,-0.0807395205540858,-0.0853416994810293
748,"SWZ","Eswatini",NA,NA,NA,NA,NA,NA,NA,NA,NA,0.0383298128020484,0.0501588861492765,0.0471489582592595,0.036990997276686,0.00859057270240293,0.0046066708325192,0.000840929818277667,-0.021677497913743,-0.0214490687837078,-0.0202651142526661,-0.0112086985108193,-0.00519482091777079,-0.00502078133873396,0.00359943658728379,0.0163545290676346,-0.00411468898849321,-0.0144808750392237,-0.0126875859340509,-0.0118768799620451,-0.00944257063716336,-0.000269192724037722,-0.00111713300442895,-0.00435726854580321,0.00382609620890206,0.0246109317762195,0.0122554746771253
231,"ETH","Ethiopia",NA,NA,NA,NA,NA,NA,NA,NA,NA,0.00455862050429556,0.018695727445023,0.0423049636931341,0.0634501770060367,0.0865861336668146,0.0845675378490853,0.0784867841966679,0.0754878256869911,0.0742105323698603,0.073616126251844,0.0629112923210275,0.0498552780347346,0.0522182314958415,0.055075328699411,0.0685545559580496,0.0872744586301597,0.0977142719646666,0.108891896133164,0.114908750186144,0.121592074965838,0.120090566317417,0.10256922772749,0.0872612943780378,0.0633716344565745,0.0463145442967627,0.0346637202457705
234,"FRO","Faeroe Islands",NA,NA,NA,NA,NA,NA,NA,NA,NA,NA,NA,NA,NA,NA,NA,NA,NA,NA,NA,NA,NA,NA,NA,NA,NA,NA,NA,0.0100276744823926,0.0209023869785163,0.0246809418967164,0.0325681501244222,0.0327594404098062,0.027755035212315,0.0256534165287958,0.0176731382243012
238,"FLK","Falkland Islands",NA,NA,NA,NA,NA,NA,NA,NA,NA,NA,NA,NA,NA,NA,NA,NA,NA,NA,NA,NA,NA,NA,NA,NA,NA,NA,NA,NA,NA,NA,NA,NA,NA,NA,NA
242,"FJI","Fiji",NA,NA,NA,NA,NA,NA,NA,NA,NA,0.00525893224604612,0.0155746267459809,0.0236880619617554,0.02369756927849,0.0315608472380924,0.0504129017411676,0.0494722893852584,0.0562557025166242,0.0523457639266027,0.0243197918582585,-0.00689976744168213,-0.0138619174755952,-0.01509760030952,-0.0292368411059877,-0.0251194001083384,0.00330732742162776,0.029287862824573,0.0548671940678949,0.0794183844035135,0.078767642182415,0.0627288961787651,0.0583587948947213,0.0302847394757764,0.0128343641330411,-0.000227676752316613,-0.00200885781289658
246,"FIN","Finland",NA,NA,NA,NA,NA,NA,NA,NA,NA,0.0113342115504889,0.00771544092124588,0.00707856566582588,0.00596739262658796,0.0112159564636076,0.0166714414468061,0.00625361753065423,0.0125623264412915,0.0153505626973665,0.00649826709408696,-0.00523659964875034,-0.010991147788173,-0.0186884138917621,-0.0280019894236573,-0.0266884608379995,-0.0219260751837762,-0.0301772974088249,-0.0238531815152718,-0.0356925397749928,-0.0343460136289789,-0.0370632478102789,-0.0339957456123862,-0.0325287049441781,-0.0350083734416293,-0.0397876615967222,-0.0475897644730697
250,"FRA","France",NA,NA,NA,NA,NA,NA,NA,NA,NA,0.0016866365916508,0.0017210144179991,0.00589211995555128,0.00793557484472296,0.0075556248270503,0.00537179145801514,0.00338537781408976,0.00199609265202949,-0.00208632034540224,-0.00417029683236125,-0.00832059391296069,-0.0112557298179122,-0.0157891340227173,-0.0188182240940825,-0.0190901363976397,-0.022557932434319,-0.0222072252932903,-0.0201764466368766,-0.0170616941141357,-0.0156457548955008,-0.0162930156123856,-0.0203123848650155,-0.0200847716444461,-0.0196946646981401,-0.0213923540148223,-0.0269866464512999
258,"PYF","French Polynesia",NA,NA,NA,NA,NA,NA,NA,NA,NA,NA,NA,NA,NA,NA,NA,NA,NA,NA,NA,NA,NA,NA,NA,NA,NA,NA,NA,NA,NA,NA,NA,NA,NA,NA,NA
266,"GAB","Gabon",NA,NA,NA,NA,NA,NA,NA,NA,NA,0.0392898182952406,0.0380119727720356,0.0365365395642028,0.0342935332895145,0.03415626284675,0.0209174337528291,0.0116247762339652,0.00186369206034067,-0.0161730700043907,-0.0193586006675621,-0.0257048389972917,-0.0271286962005526,-0.0245000387377934,-0.0265420708279955,-0.0191929264541142,-0.00754674468854966,0.00500671544415887,0.00927358848492221,0.00585925219859473,0.00639765427553862,0.00602145335732174,0.00802386455172255,0.00790017111412311,0.00434113087471588,-0.00319428166945401,-0.00441371028037474
270,"GMB","Gambia",NA,NA,NA,NA,NA,NA,NA,NA,NA,0.0317608948743038,0.0383495368753255,0.0459057680127339,0.0481960316629975,0.0489597867508826,0.0484865603802809,0.0450555622688251,0.0428982351371392,0.0361055436327797,0.0315539641825398,0.0324138061599659,0.0376448570450083,0.0448073064631958,0.0480062533450931,0.0432116328364125,0.0474517469319553,0.053956180391548,0.0596925417125869,0.0593821748374912,0.0598136481807743,0.0601919564904034,0.0617074046131654,0.060888044607452,0.0611300130365018,0.0478188940600477,0.0408517502289727
268,"GEO","Georgia",NA,NA,NA,NA,NA,NA,NA,NA,NA,-0.0356953811577121,-0.0367745727105772,-0.0565033691469761,-0.0547830123001617,-0.0113609530987684,0.0185125661293941,-0.0023709760595243,0.0170804757016509,0.0407664144828899,0.0585998079274457,0.0690178025185386,0.0799180596798292,0.0856733711918714,0.0775298020247659,0.0635444603615649,0.056506225833312,0.0559888475360995,0.0638076247209121,0.069404742831839,0.0586524675068212,0.0496110952924567,0.0345122922850647,0.0302045152540757,0.0321963286893758,0.0269762315253472,0.0244629491162407
276,"DEU","Germany",NA,NA,NA,NA,NA,NA,NA,NA,NA,-0.0141469939144894,-0.0112866942273983,-0.00794288610725713,-0.0074675477024404,-0.00703505480758992,-0.00798034225340394,-0.00881397501747128,-0.00616736670440399,-0.00705617900934763,-0.0066921948702382,-0.0118420253965499,-0.0127688055602813,-0.0129744322488815,-0.0121930873886944,-0.0093841941348316,-0.0096411316628241,-0.0087877329095033,-0.00575706194780234,-0.00545548746818814,-0.0052419404995121,-0.0126183842945609,-0.0205314162088551,-0.0247855840622049,-0.0270404442390897,-0.0317936193435783,-0.0376179778137387
288,"GHA","Ghana",NA,NA,NA,NA,NA,NA,NA,NA,NA,0.0632616470040046,0.0570408292216902,0.0596382648035232,0.0485442039696364,0.0418887744115557,0.0381907261016585,0.0283544836659497,0.0371567859310786,0.0507395737021226,0.0547264275190702,0.0429836307678797,0.0399545850038414,0.0466316608267239,0.063814989778074,0.0746114857300091,0.0775783286522538,0.0728352289709635,0.077903115750459,0.0737594459823909,0.0716560669378499,0.0527046358304999,0.0502232476618181,0.0521491246509262,0.0600233455791299,0.0596660454114064,0.0593197190945551
300,"GRC","Greece",NA,NA,NA,NA,NA,NA,NA,NA,NA,0.0200921618004681,0.0242025656793508,0.0269693849358927,0.027914166870062,0.0277937572721199,0.0264000719763917,0.0246957043333154,0.0205944495542911,0.0181609783502708,0.0149650128656751,0.00639756419933435,-0.00189721883752609,-0.0052969988066401,-0.00526344316852363,-0.00382828996173644,-0.00352960882977947,-0.0024609665373357,-0.00333398657087949,-0.00408199142540741,-0.00672695491583644,-0.0153639107462293,-0.0215268374875333,-0.0464109267278102,-0.0422074101384973,-0.0451440992908454,-0.0439282977659248
304,"GRL","Greenland",NA,NA,NA,NA,NA,NA,NA,NA,NA,-0.000230917668243743,0.0123194471019328,0.018476678861302,0.0193293584879304,0.02090186941529,0.0114788976292419,0.00471641235869447,0.00492818564508846,0.00578053123320488,0.00555318791881421,-0.00284171226454943,0.00423605413450479,0.00988595069508813,-0.00427012220407463,-0.00857521369360514,-0.0199201976147517,-0.0236244457236024,-0.0278455695507694,-0.0274465146565528,-0.0244050156332641,-0.0265797981125717,-0.0165306583649864,-0.000143073604243926,0.00650452221800557,0.0161895038811519,NA
308,"GRD","Grenada",NA,NA,NA,NA,NA,NA,NA,NA,NA,0.0692243339759142,0.0651736823714986,0.0585052278083757,0.0512737440719857,0.0444819408763424,0.038521895667724,0.0344512302159468,0.0293801773596805,0.029474105141593,0.0331390055931511,0.0349897612378562,0.0337740551574714,0.0296158798172517,0.0288833411927512,0.0348046075021864,0.0171169654288042,0.0140128680766828,0.0102599519759765,0.0113218412577611,0.0185085960691107,0.025182209383773,0.0223346966868057,0.0201011777645348,0.0252210913190765,0.0385816759473647,0.036764876307225
320,"GTM","Guatemala",NA,NA,NA,NA,NA,NA,NA,NA,NA,0.073974834878511,0.0747320479816214,0.0697820266965512,0.0721195867648845,0.062206585124718,0.0601818454648582,0.0611261371287948,0.0503009544565443,0.0406067114675726,0.0280663620203263,0.0198352481757356,0.0101040319074783,0.0027304093084215,-0.000264574989913724,-0.000505885355173152,0.00498124206476591,0.0216582730298229,0.0400688337374475,0.0561696452434828,0.0639557937641988,0.0740104789401648,0.0651497057566968,0.0602999588481703,0.0469904349107131,0.0364850046253622,0.0257243687815547
831,"GGY","Guernsey",NA,NA,NA,NA,NA,NA,NA,NA,NA,NA,NA,NA,NA,NA,NA,NA,NA,NA,NA,NA,NA,NA,NA,NA,NA,NA,NA,NA,NA,NA,NA,NA,NA,NA,NA
324,"GIN","Guinea",NA,NA,NA,NA,NA,NA,NA,NA,NA,0.040868430694992,0.0444115258724944,0.0472811761737142,0.0488156351676783,0.04931676338414,0.0489913584654298,0.0471451213705074,0.0451386402804652,0.0430981097128924,0.0405401779994905,0.0402561121224863,0.0468234484933416,0.0523785679279392,0.0502852105765856,0.0380622758074236,0.0333703734337694,0.0291002574643004,0.0285657455788275,0.0595184221378617,0.0659122641006729,0.0733533178513497,0.0881791274030441,0.0931424919195918,0.0869076593858451,0.0611722159640611,0.0395020268771233
624,"GNB","Guinea-Bissau",NA,NA,NA,NA,NA,NA,NA,NA,NA,0.00518873915953022,-0.0298836662243678,-0.0652203545672425,-0.0759502315796289,-0.0713315127242532,-0.0890280233382311,-0.0584183248546768,-0.0117845553900383,0.0222297829894909,0.0634739632419858,0.100971938469052,0.0931290308573285,0.0749950645375841,0.0672917322720368,0.0768147273296884,0.0415816986824862,0.047242261263069,0.0689866957471321,0.0675808516475169,0.0842415776532206,0.0972997849406436,0.11214609730246,0.122744966697691,0.121107384363547,0.118820577903328,0.107604417533095
328,"GUY","Guyana",NA,NA,NA,NA,NA,NA,NA,NA,NA,0.0761243661191486,0.0727479464698799,0.062089615487076,0.0405403963433828,0.0184198960813582,0.0137536721515741,0.000762711711487674,-0.0123661049782784,-0.00967995913693098,-0.00840504366131167,6.57443538760738e-05,0.00422409119802758,0.00930415563675191,0.0118249166277653,0.0170872453377575,0.0263820391679219,0.0230479682190239,0.0192346372342893,0.0206490851004433,0.0206917704516043,0.0319065969097536,0.0473292260658675,0.0560673271023657,0.0833296625718056,0.0981130707056816,0.106465202524626
332,"HTI","Haiti",NA,NA,NA,NA,NA,NA,NA,NA,NA,0.05437033150238,0.103682920240515,0.140082127292713,0.17681809058005,0.180592461334043,0.0713084630838665,0.0531460009835658,0.0383069044157065,0.0368746925327792,0.0256177144651388,0.0160238472144685,0.0255732002826208,0.0280918350507335,0.0381702498250287,0.0520234569512807,0.0578455809635798,0.0593894484746078,0.0632194399787334,0.0639873527278125,0.0616060839182384,0.0507043380368775,0.0447581785206521,0.0419929885834058,0.0222577612206067,0.0118416813251065,0.0026934050765608
336,"VAT","Holy See",NA,NA,NA,NA,NA,NA,NA,NA,NA,NA,NA,NA,NA,NA,NA,NA,NA,NA,NA,NA,NA,NA,NA,NA,NA,NA,NA,NA,NA,NA,NA,NA,NA,NA,NA
340,"HND","Honduras",NA,NA,NA,NA,NA,NA,NA,NA,NA,0.0817786004472993,0.0815914889088012,0.0798949183697326,0.0779517487380763,0.0765392123448878,0.0754592411786921,0.0732514012473462,0.0712269695275556,0.0665518476146267,0.0677505593020498,0.0564711220543979,0.0437572225990741,0.0383886181478461,0.0323582733155114,0.0304415925307737,0.030437203560481,0.0311329969074363,0.0289961546044424,0.0295894531817353,0.0282814374225122,0.0268455063364879,0.0169530290832167,0.0162658361907562,0.0180609529439923,0.0213952219378593,0.0244638785549314
344,"HKG","Hong Kong",NA,NA,NA,NA,NA,NA,NA,NA,NA,0.0326708386324344,0.0322240095530972,0.026651551206436,0.0302182523786243,0.0406250420263792,0.0385553331661566,0.0362982396422153,0.0227265045484484,0.0105227979120646,0.00946752740020651,0.011665641245252,0.00753792065642678,0.00309676530023806,-0.000607034482936057,0.00262125230704591,0.00435697081829578,0.0044742368018984,0.00385556393167685,0.00422564715447238,0.00392612426770067,0.000858081116850817,-0.0168123667078616,-0.0270812200579136,-0.0396371135364246,-0.0423604897378956,-0.038905458285086
348,"HUN","Hungary",NA,NA,NA,NA,NA,NA,NA,NA,NA,-0.00983756653478741,-0.0110625692363636,-0.00584693633365296,-0.00723348194266338,-0.00469113798371057,-0.00451130770400776,-0.00426188985961728,-0.00257962836683134,-0.00269085163271665,-0.00379611704287952,-0.00944257069436483,-0.0160091976727775,-0.0213560281650967,-0.0294350256278745,-0.0316662119216151,-0.0364188084430683,-0.035420194517694,-0.0288084783120723,-0.0179074113259526,-0.00637538508688718,-0.000162271368246235,0.00491511995269844,0.0102574991885536,0.00768976812980582,-0.00554856124159864,-0.017926694213889
352,"ISL","Iceland",NA,NA,NA,NA,NA,NA,NA,NA,NA,0.0292552628918141,0.033565775358277,0.0293095568628372,0.0282540821871387,0.0279688749344014,0.0257401639496728,0.0210393648273486,0.0187482367898213,0.0219139664549799,0.0268806419646812,0.0311518439086726,0.032627132099567,0.0279012197239048,0.0235915379806051,0.017053914267591,0.0106501848154363,0.00165449439857834,-0.00623525127731039,-0.00673719280985978,-0.000901475409578849,0.00193814922745106,0.000287576663393407,-0.00015751706560944,0.000845660105214474,2.15641454857085e-05,0.0026980791897282
356,"IND","India",NA,NA,NA,NA,NA,NA,NA,NA,NA,0.0563424770389738,0.0550915488956563,0.0522294374546992,0.0493697620417666,0.0449749667601256,0.0419312768740236,0.0403868765463762,0.0431424791394448,0.0472916849685752,0.0505715117370094,0.058174027718841,0.0633344709604504,0.0656108586105892,0.0678489465995129,0.0664629704103523,0.0655685494442664,0.0623660061187998,0.0597609711980451,0.0565197312622063,0.054812724282459,0.0519467227933654,0.041478056695675,0.0356041779402472,0.0337533766077538,0.0339198993274847,0.0361591116897286
360,"IDN","Indonesia",NA,NA,NA,NA,NA,NA,NA,NA,NA,0.06398977486721,0.05251379947166,0.0488003777899995,0.04516087930945,0.0467119399591123,0.0444653439834852,0.0383043133218457,0.0353198662131122,0.0417220841941495,0.0313342709642306,0.0330711889048243,0.0345743233494096,0.0451890894303499,0.0498837647912838,0.0521752059727045,0.0509732058628154,0.0517663863983557,0.0461549707143547,0.0449250795296519,0.0382310913888935,0.0363283684578597,0.0320033959972899,0.032370260054764,0.0420720175622806,0.0442066431459573,0.0450913209057278
364,"IRN","Iran",NA,NA,NA,NA,NA,NA,NA,NA,NA,0.054005172960371,0.0579626585926487,0.0621859210567173,0.0618914709499767,0.0591485819973838,0.0614054407187756,0.0618144984033577,0.0608025822011822,0.0510670331391934,0.0444920486469906,0.046726710458324,0.0447483701525357,0.0430625222433234,0.0399176971438828,0.0349967761703329,0.0332582791883029,0.0303525761323378,0.0285703357242064,0.0288949822163704,0.0254038925729176,0.0260171228984509,0.0266390724909915,0.0280141854499849,0.0274044361765358,0.0265532390748415,0.0264357208586763
368,"IRQ","Iraq",NA,NA,NA,NA,NA,NA,NA,NA,NA,0.0651817044445804,0.0559539329055614,0.0423531756595263,0.0375543716285038,0.033787005318572,0.043417720711741,0.051744420470702,0.0426909439705347,0.00450446447663782,-0.00156230040733052,-0.00293548525694487,-0.00184679237004447,0.00958815981227756,0.0229026157692747,0.0385043837300265,0.0559508991203388,0.0740334210646756,0.0832412934175009,0.0579045407873457,0.05642781445675,0.0556474181228754,0.046625404129264,0.0446045640652106,0.0494408113631302,0.0546639946697363,0.0531425026995749
372,"IRL","Ireland",NA,NA,NA,NA,NA,NA,NA,NA,NA,0.0288184831282188,0.0346800915910814,0.0409760790726392,0.0407023085646661,0.0363783900817416,0.0311169049070117,0.0267017272522183,0.0210091195095512,0.0148449540653486,0.00908163026131859,-0.00158136610951497,-0.00922101412407272,-0.0171029669150053,-0.024156509329865,-0.0308139840788883,-0.0350485436173259,-0.0312884299805141,-0.0234676229498896,-0.0153313123187568,-0.00530312014055145,-0.00299858928239705,-0.0030185308809475,-0.00350672108655348,-0.00468305022243409,-0.0118026762354824,-0.0187930264440309
833,"IMN","Isle of Man",NA,NA,NA,NA,NA,NA,NA,NA,NA,NA,NA,NA,NA,NA,NA,NA,NA,NA,NA,NA,NA,NA,NA,NA,NA,NA,NA,NA,NA,NA,NA,NA,NA,NA,NA
376,"ISR","Israel",NA,NA,NA,NA,NA,NA,NA,NA,NA,0.0544009222488699,0.0495882749653604,0.0422588582350483,0.0350613798998238,0.0299244393264613,0.0219200302727272,0.0126298702751093,0.00982925926015588,0.00910383393715208,0.0124836008183498,0.00851948254809187,0.0119832439057677,0.0178922880690267,0.0234558808652627,0.0201648264376288,0.0100570096793862,-0.000414315341111027,-0.0073469522144336,-0.0154301850986236,-0.0164740420421812,-0.0210482701430212,-0.0199857082703668,-0.0172489113140223,-0.00402309557299252,-0.00614404071130081,-0.0124531477547623
380,"ITA","Italy",NA,NA,NA,NA,NA,NA,NA,NA,NA,0.00708688282310477,0.0094698661157715,0.0109480733893697,0.0124641538674133,0.013778010334053,0.0130786239298766,0.0141557927143197,0.0124084011313508,0.0094376806336316,0.00588867525627657,-0.00198835269297269,-0.00524055805213725,-0.00922911683218671,-0.00857515263105898,-0.00465121823859519,-0.00277244016843686,-0.00140701696142335,-0.00216386333454973,-0.00600793715923257,-0.0150470974621758,-0.0193488707007224,-0.0132197023727423,-0.0144052563262836,-0.00971633245448847,-0.0134769416851239,-0.0179258861056083
388,"JAM","Jamaica",NA,NA,NA,NA,NA,NA,NA,NA,NA,0.0377073834930044,0.0370178769342868,0.035817126699839,0.0283311092410814,0.0224433965552975,0.0141349410453744,0.00955523516584145,0.0129312732288911,0.0126481507416778,0.00914835874936748,-0.00825274432111713,-0.0193862138811794,-0.019407819888122,-0.0154967053262129,-0.00859785074278334,-0.00586258870204755,-0.00428180821822858,-0.00639007268403945,-0.0108901709550579,0.000585050718114433,0.00948890533478997,-0.00180770122603669,-0.00429450568192797,-0.0052532319715001,-0.00126507843161742,-0.000341947480375868
392,"JPN","Japan",NA,NA,NA,NA,NA,NA,NA,NA,NA,0.00797605523488154,0.00758799583565639,0.00618605686531071,0.00577586339299541,0.00438246392181996,0.00466431214443719,0.00540577762474581,0.00536246919670536,0.00628234514537884,0.00142579583673674,-0.00352890734874206,-0.00520522409865817,-0.0051945436225527,-0.00200443713490479,0.000218542584101034,0.00128464386331606,0.00113636450786148,-0.000324685817133557,-0.000308760400729359,-0.0048999712712896,-0.0140754312039025,-0.022992072289916,-0.0263092987000018,-0.026947695062115,-0.026582071895463,-0.0268268538658597
832,"JEY","Jersey",NA,NA,NA,NA,NA,NA,NA,NA,NA,NA,NA,NA,NA,NA,NA,NA,NA,NA,NA,NA,NA,NA,NA,NA,NA,NA,NA,NA,NA,NA,NA,NA,NA,NA,NA
400,"JOR","Jordan",NA,NA,NA,NA,NA,NA,NA,NA,NA,0.0411995889329535,0.0385018212466508,0.0287630851570828,0.0298735693406116,0.0278991113278968,0.0349040729264567,0.0424047953993045,0.0476943955016231,0.0515198772187422,0.0488107410434448,0.0429710825902567,0.0345975396201585,0.0260441992675402,0.0239170520495171,0.0195267531834262,0.0222025662711651,0.0262680486069227,0.0259099175886184,0.0285913887273794,0.0252593830307739,0.0194603373180429,0.000230205000626649,-0.0152823362482429,-0.0198047176585727,-0.0218735691112655,-0.0177621938881261
398,"KAZ","Kazakhstan",NA,NA,NA,NA,NA,NA,NA,NA,NA,-0.00432999899822858,-0.00633018420212902,-0.0213356584376417,-0.0267267585303513,-0.00560399635351217,0.0125643005524856,0.0343759022676144,0.0544091853139559,0.0683630863826497,0.0761978639687406,0.0630133375936859,0.0606797399154901,0.0468196324370522,0.0367380591114976,0.030587142371542,0.03311247216249,0.0350461495253891,0.0384291542126611,0.04264194690325,0.0447471256934282,0.0351094712221975,0.0265224470725716,0.00594308336096372,-0.00649105882813794,-0.0156706819688657,-0.0152424675948727
404,"KEN","Kenya",NA,NA,NA,NA,NA,NA,NA,NA,NA,0.0844439710474094,0.0907822784326833,0.0690269916337507,0.0395142996541173,0.0073566303731254,-0.015634325803447,-0.0253062012611019,-0.015976119146732,-0.0139536579095345,0.000971167075115353,0.0266104287620137,0.0513517231970093,0.0682411855168266,0.0650364203094178,0.0509961164131205,0.0431250466877093,0.0435475710540352,0.0490477662809041,0.0486280051926264,0.0471535996112435,0.0559713625509706,0.0633566115211066,0.0678863036399315,0.0596721850406485,0.0510997441421224,0.0414538756913454
296,"KIR","Kiribati",NA,NA,NA,NA,NA,NA,NA,NA,NA,0.0346718868967244,0.0348350278109366,0.0227150649229524,0.0273549357115288,0.0355550024888778,0.0447457859809632,0.0534398925670645,0.0686089101402205,0.0697733341259168,0.0594081299283709,0.042987338437507,0.0478964414927969,0.0358674212418111,0.0313615089607671,0.0230219547620458,0.0168233632447063,0.016898776839825,0.0158596012160548,0.0271319244108579,0.0295928970498467,0.0273233228738177,0.0345770332980793,0.0352501143167598,0.0329596304925135,0.0274598383830718,0.0216130058541295
689,"XKX","Kosovo",NA,NA,NA,NA,NA,NA,NA,NA,NA,NA,NA,NA,NA,NA,NA,NA,NA,NA,NA,0.0408078355332238,0.0347655739825543,0.0377586610025413,0.0333768061996997,0.0307732369908249,0.0212012219140663,0.0172741123786984,0.014062571525328,0.00526975195713586,-5.53224404143902e-05,0.0022898263304103,0.00666249017551013,0.0127540701439779,0.0128112898023178,0.0105010549767643,-0.000757241057685376
414,"KWT","Kuwait",NA,NA,NA,NA,NA,NA,NA,NA,NA,0.0988356076196568,0.103453622233259,0.0414256003462483,0.0124016009125762,0.0113228680435213,0.0205233147410722,0.0338741846896891,0.0392508461727088,0.0469729185143266,0.0509560362694546,0.0547258542172988,0.0528330576950344,0.0481286735560953,0.0482146231508407,0.033197833373142,0.0127954916988227,0.0115101727816973,0.014915580286059,0.0132734422169571,0.015779291636961,0.02052855445223,0.0156167796843076,0.00733995989458625,0.0243657322412485,0.0297925076551004,0.0261413913000175
417,"KGZ","Kyrgyzstan",NA,NA,NA,NA,NA,NA,NA,NA,NA,-0.00440854587044025,-0.0110556226990227,-0.0374090978593146,-0.050831408593321,-0.0199753480651987,0.000160538761838414,-0.00226351573227823,0.00735596991585608,0.0263288335787362,0.0556468075915546,0.0591998438693806,0.0538866391982669,0.042873724956376,0.0562360082387174,0.0647421004497175,0.074078493769828,0.0725855298342273,0.058528744528703,0.0483519313781142,0.0533331779710766,0.0336063578259485,0.00253791806686632,-0.00750487116941401,0.00327095228881014,0.00834768818469622,0.0182199531398692
418,"LAO","Laos",NA,NA,NA,NA,NA,NA,NA,NA,NA,0.0593114487631676,0.0616641283395789,0.0660362326573292,0.0733012871929755,0.0762539253055847,0.075675301856202,0.0727283828542622,0.0851796628243848,0.0928260673941457,0.100799744945029,0.111842424805571,0.124097259622089,0.130178477421267,0.133252843260893,0.139787451991867,0.135697434447815,0.16402653672722,0.225111622645327,0.270970850166382,0.297053332610588,0.299416696114933,0.281562746194322,0.251183062069443,0.200791606709382,0.147883932435964,0.0779536440825295
428,"LVA","Latvia",NA,NA,NA,NA,NA,NA,NA,NA,NA,-0.0238486035725653,-0.0561227844770969,-0.0656977218985156,-0.0488593816707356,-0.0340949224738162,-0.023017807555906,-0.016097372651768,-0.00321671225555503,0.00900341263889048,0.0156532539503751,0.0122640780614047,0.0110858445512687,0.00640822002741426,-0.000272746549090976,-0.00402684350899814,-0.0101085684599284,-0.0157258703359809,-0.0185784556683496,-0.0149034476446368,-0.00764369156161071,-0.00756726430911714,-0.00336814232904192,-0.000983364317009708,-0.00523458335663141,-0.00926658605689579,-0.0147790503869067
422,"LBN","Lebanon",NA,NA,NA,NA,NA,NA,NA,NA,NA,0.0913528539759396,0.0799961303495622,0.0656496862032674,0.0546537513481047,0.0491447028346539,0.0370178588925536,0.024448475194675,0.0044567807108522,-0.00975514614827322,-0.0049416162828021,0.0098039133048371,0.0150390049540783,0.0218796697858461,0.0309038348159882,0.0447029008527029,0.0557507817381655,0.0643480652386725,0.0605493480239647,0.0471407807942987,0.0371628166915625,0.0335956642320507,0.0212522044801577,-0.000795849310714299,-0.0056823170063138,-0.00626572759635187,-0.00550770224259474
426,"LSO","Lesotho",NA,NA,NA,NA,NA,NA,NA,NA,NA,0.0235479787037198,0.0207414474315533,0.0182700298171135,0.0168192621770582,0.0157082471910395,0.015667504003948,0.0158084644563843,0.0156861937382489,0.0159826502416469,0.0168355485570106,0.0189421307891358,0.0210481806971832,0.0321957613195247,0.040456576022279,0.0294288995814291,0.0219791366443416,0.0090650936695964,-0.00364931157184767,-0.00836025142024377,-0.0156434511499031,-0.0197112319130859,-0.0270469316463504,0.00209533819272149,0.0137523003713755,0.0138215482062765,0.0178464371998549
430,"LBR","Liberia",NA,NA,NA,NA,NA,NA,NA,NA,NA,0.00379364322004094,0.00568612159475687,0.000870245416918151,-0.00124248026070106,0.00270307410965134,0.014085445572602,0.0322176794093062,0.0452868476397257,0.0527483986980345,0.0494902655773218,0.0269494943420566,0.0445339090302522,0.0493397534672284,0.0535200775288391,0.0500203873413487,0.0398554774148228,0.0357474318986031,0.0283412247873003,0.018940940370985,-0.00618690480499601,-0.0131486443841095,-0.0153933573896328,-0.00858205797854417,0.0114413716809616,0.0274917853205814,0.0339325081578032
434,"LBY","Libya",NA,NA,NA,NA,NA,NA,NA,NA,NA,0.0430553811532757,0.0345001030437493,0.0317868184930798,0.0161359159519765,0.0024374035330974,0.00469656086141335,0.00897851297497798,0.00751591002427765,-0.00416763625076855,-0.00794582749661021,-0.0109973284516103,-0.00320245117728046,-0.00221811303032537,0.00460945658971539,0.00461120324616173,0.0137499497847953,0.0165029545989909,0.016299442883005,0.0179937010021705,0.017809562456006,0.0228771954765403,-0.00488874379792906,-0.00970529158121949,-0.0067925131256977,-0.00614410151400398,-0.000464368251742591
438,"LIE","Liechtenstein",NA,NA,NA,NA,NA,NA,NA,NA,NA,NA,NA,NA,NA,NA,NA,NA,NA,NA,NA,-0.00468028215062832,-0.012981497457818,-0.0244362718038834,-0.0294017339830379,-0.0276147813195361,-0.0326037646013903,-0.0317060912471352,-0.0357474815670771,-0.0383071961315848,-0.0367076646411001,-0.0321385788215821,-0.0310774831863406,-0.0299890998737217,-0.03024731865126,-0.0225081063049479,-0.0216010919298407
440,"LTU","Lithuania",NA,NA,NA,NA,NA,NA,NA,NA,NA,-0.00725276826835393,-0.016150609203915,-0.0448355884139914,-0.0326252755655567,-0.0311180725219038,-0.0264148582347873,-0.0202378800682865,-0.00883009743963947,0.00619060856041864,0.0228017121414807,0.0201715567756842,0.0135656525779368,0.0098885844916583,0.00572328977518488,-0.00156225262959728,-0.00941492657011952,-0.0144992831798851,-0.0154511088338388,-0.00904952582225338,-0.00262472720122253,-0.0039905608573757,-0.00183781200732802,0.00246247928082921,0.00376102312235416,-1.4293867462964e-05,-0.00457123309383167
442,"LUX","Luxembourg",NA,NA,NA,NA,NA,NA,NA,NA,NA,-0.0568063638146225,-0.0549317885463804,-0.04341210260369,-0.0251665828072738,-0.000807561370936641,0.0283675434767958,0.0430753641165698,0.0539960270469408,0.0536140628883623,0.0413113871280313,0.0256556726392718,0.0145115855705991,0.00369305380631202,-0.00505367169113491,-0.0144080285179103,-0.0182574270822756,-0.0210998131870435,-0.0232958132374215,-0.0246535367559283,-0.0226980856047849,-0.0210961614736852,-0.0251579236067985,-0.0237379340327567,-0.0281282822570932,-0.0342998713125109,-0.0374236845560041
446,"MAC","Macao",NA,NA,NA,NA,NA,NA,NA,NA,NA,0.0563550031645725,0.0540213899120616,0.051141492170037,0.036363095959024,0.026939902762686,0.0250353690479073,0.0196253537208717,0.0110987224369394,0.00103138914443019,-0.0154623366882352,-0.00181387643546749,-0.0101535434277766,-0.0119874347812284,-0.0263377956891857,-0.0436596069820463,-0.035759847727691,-0.00447330865450135,0.011002276571082,0.025346979728151,0.00579323671189639,0.0133353574209079,0.00474953180847601,-0.00954201734464363,-0.0220767661110883,-0.0300395033270462,-0.0329903507420328
450,"MDG","Madagascar",NA,NA,NA,NA,NA,NA,NA,NA,NA,0.0727244840725367,0.0816594888070585,0.0803419015877069,0.0503398457321442,0.0383907168469395,0.0314736023149813,0.0193978819524361,0.00381952214466996,0.000309721666504226,0.000771359767425928,0.00308248232592234,0.0180663515997972,0.0384058975356936,0.0386738726788101,0.0596740061371697,0.0759622723936593,0.0862593610231546,0.0886223698528146,0.0937026646423598,0.0876107854767529,0.0769808671888033,0.0565894828885449,0.0493886015199987,0.043378283205141,0.0444599751335264,0.0397846395262098
454,"MWI","Malawi",NA,NA,NA,NA,NA,NA,NA,NA,NA,0.0219965846928771,0.0110877264168145,-0.00202507524559902,-0.0099867708499809,-0.00791146311730329,-0.00537908691624311,-0.00624531381977977,-0.00473452877778024,0.0017969063596186,0.0117113828114044,0.0208601180959875,0.0228348169071664,0.0202233618542575,0.0210382761787495,0.028066928125134,0.0260792845855289,0.0201085157371048,0.0181008646690197,0.018317330951376,0.0405309559157796,0.0579732287229529,0.0714761411536005,0.0748675909644321,0.0764009505193921,0.0777040243727456,0.0663279322957435
458,"MYS","Malaysia",NA,NA,NA,NA,NA,NA,NA,NA,NA,0.0807059967776877,0.0637875939393855,0.0538220488803329,0.0429463729333661,0.0450826360457737,0.0464443971997814,0.0552552330615572,0.0588880033389161,0.063886816344844,0.0639151502743649,0.0526727519508454,0.0475059734714107,0.0417985316481932,0.033777095506204,0.037252392946783,0.042798304744847,0.0416824015998145,0.0368395022916261,0.0316391898623465,0.0328445519329161,0.0330583086221263,0.0279750185651113,0.0232398516891716,0.019705393958886,0.0201869381489346,0.022697715350567
462,"MDV","Maldives",NA,NA,NA,NA,NA,NA,NA,NA,NA,0.102771154853005,0.113560156685753,0.105863096126453,0.128370779722877,0.116292905598064,0.108726569759025,0.0960782524691695,0.0955173790126498,0.0948190319276385,0.0803163319021154,0.0798300058656731,0.0775979585573094,0.0710202992248783,0.0791023395108081,0.067652694795608,0.0759881579790056,0.0667000521056931,0.0692702135471148,0.06996829509024,0.0752985658373073,0.0829273542068714,0.0735653445416511,0.0708665175629322,0.0735829627281044,0.0661074667468329,0.0654137491628153
466,"MLI","Mali",NA,NA,NA,NA,NA,NA,NA,NA,NA,0.10205308390646,0.111484850697055,0.11430721116549,0.112156059236022,0.10507912744763,0.0999252301164704,0.0900397402485917,0.0774502199215978,0.0705707073013242,0.0754006683956967,0.0714771130965142,0.0715471331365243,0.07410405385381,0.0746829162058884,0.075226070724214,0.0825071089298028,0.0862607152714685,0.0963879013770963,0.110351173963551,0.123325820686186,0.124854306368699,0.126761529220043,0.12962885232258,0.118283985069784,0.0992074144968875,0.0804146587176009
470,"MLT","Malta",NA,NA,NA,NA,NA,NA,NA,NA,NA,0.00812168575617389,0.00484780828846154,0.00260050278112156,-0.00104956395538724,0.0125851631150142,0.0183506257556096,0.0137775361262202,0.0106008577923369,0.00893152413263154,0.00551443974085153,-0.000861249846717871,-0.00866804554972977,-0.0105628221201902,-0.00878237128982917,-0.00873790601570523,-0.0091352724044057,-0.03120626903662,-0.0583761749895401,-0.0701979555470063,-0.0752704871667733,-0.0745453860731371,-0.068976564079299,-0.0576973190343765,-0.032260272174409,-0.00923136672027669,0.0166711396501207
584,"MHL","Marshall Islands",NA,NA,NA,NA,NA,NA,NA,NA,NA,NA,NA,0.0280347096564979,0.0292516756050134,0.0292116185829991,0.0301935569069518,0.0303716148798316,0.0336764308782489,0.0368303464458655,0.0357609584172487,0.0320659712075593,0.0306545730042249,0.027810664050689,0.0262270459256326,0.0235322372277529,0.0201512497937009,0.0157133329624426,0.012696642923997,0.0130048868104207,0.0116744404961082,0.0106079563748191,0.0100974937483187,0.00863369134095993,0.00691441708262164,0.0056218267542012,0.00606197727907087
478,"MRT","Mauritania",NA,NA,NA,NA,NA,NA,NA,NA,NA,0.0311966932417695,0.0289341286074676,0.027416932641549,0.0285549721381424,0.0289261544238388,0.0317466599743825,0.0358012012728439,0.0431301959471035,0.0538668851464481,0.0605309919572505,0.067278054298543,0.0696667731942711,0.0711305476083319,0.0743409490961195,0.0638370455492476,0.0615874695327758,0.0630374638155244,0.0527304216629463,0.0624801714455976,0.0786358323333407,0.0923969398190645,0.100304242762227,0.0981009959405945,0.102909489184966,0.086031202797257,0.0726828004889903
480,"MUS","Mauritius",NA,NA,NA,NA,NA,NA,NA,NA,NA,0.0511376057212261,0.0578696696061718,0.0631746423902388,0.0690196318865524,0.0742561647886246,0.0666509622646738,0.0629672234071657,0.0618341997663518,0.0553656338844912,0.0481657822543786,0.0409168899877039,0.0385633291225542,0.0358451477473969,0.0304149778921292,0.0265332919100898,0.0216655714996625,0.0174231553353399,0.0184163278223679,0.0207571453974376,0.0209519982526476,0.0188662898285912,0.00832554334109448,0.000678727375605925,-0.000449291824236728,-1.59907689805465e-05,0.00334974413914102
484,"MEX","Mexico",NA,NA,NA,NA,NA,NA,NA,NA,NA,0.019566715137457,0.0202935576712926,0.0233967710634995,0.024807796166125,0.0280776348164224,0.0312587832900131,0.0306214382992327,0.0292805029786578,0.0278088047465253,0.026370168012934,0.0216140970724226,0.0151849150212406,0.0127789456780645,0.0107891376588867,0.00975920204409686,0.00629614892324182,0.00480876999521196,0.00442360095372329,0.0021247974725549,0.000451769673532221,-0.00293222580526542,-0.0118080282330078,-0.0139228553380684,-0.0118352291527809,-0.00865652156766812,-0.00464930470871643
583,"FSM","Micronesia",NA,NA,NA,NA,NA,NA,NA,NA,NA,NA,NA,0.0304426882104163,0.00474216724296757,-0.00917611206408153,-0.0284521095456344,-0.0499425581230114,-0.0634758019014001,-0.0616463314897319,-0.057855106729438,-0.0383120447899793,-0.0317191345606076,-0.0302242566217048,-0.0198283462312565,0.000468427384022097,0.00915830152662806,0.0125465785908691,0.0153113540288354,0.0231469681906146,0.0170711010872391,0.0313415375432751,0.0176020423836776,0.00896299485072372,0.00467647187102949,0.00239184179140994,0.00360187289616398
498,"MDA","Moldova",NA,NA,NA,NA,NA,NA,NA,NA,NA,-0.00405337572124498,-0.00938703229012237,-0.022818477969447,-0.0459315494817992,-0.104256432683834,-0.113014226696183,-0.0771532903199601,-0.0274893067305485,0.00284756106316997,0.0326687964308461,0.0361438766461883,0.0248864824929291,0.0152612581382916,0.00498480808671542,-7.55090325519042e-05,-0.00498273165378038,-0.00537629825808794,-0.00279291803297199,0.00141259443428488,0.0109133644432713,0.0113338492204391,0.0110808885117168,0.0183010010190583,0.0151958477435319,0.0146007791356197,0.0109317280274308
492,"MCO","Monaco",NA,NA,NA,NA,NA,NA,NA,NA,NA,NA,NA,NA,NA,NA,NA,NA,NA,NA,NA,NA,NA,NA,NA,NA,NA,NA,NA,NA,NA,NA,NA,NA,NA,NA,NA
496,"MNG","Mongolia",NA,NA,NA,NA,NA,NA,NA,NA,NA,-0.0463204027390138,-0.0470946034461707,-0.0292696351551566,-0.0092044158806186,0.00132930748405413,0.00707136555088872,0.0117444027445621,0.0210484630280876,0.0399370052346835,0.0532637804014791,0.0649132916555524,0.072188455074373,0.101031540796651,0.151155770855113,0.194064335448177,0.193656805633986,0.160089093063629,0.126112941611342,0.115459955087454,0.107687809167442,0.0910766450765568,0.0560246594445872,0.0288273767002676,0.0359258488817511,0.0615294299887041,0.0607667149099407
499,"MNE","Montenegro",NA,NA,NA,NA,NA,NA,NA,NA,NA,NA,NA,NA,NA,NA,NA,NA,0.0204822746578635,0.0319063649960709,0.0595105068244153,0.0327592119919036,0.0314644020751587,0.0288538073877278,0.021291435453973,0.0138614260728529,0.00949091200786034,0.00466639336764296,-0.00293823087771765,-0.00894212193485999,0.0082227676657034,-0.000956396553169794,0.00742074561853978,0.0159664020954851,0.0207477982423321,0.0201064530492827,0.0159663338036002
504,"MAR","Morocco",NA,NA,NA,NA,NA,NA,NA,NA,NA,0.039421581506609,0.0355745958057736,0.0367450273932661,0.0361350850746398,0.0347213930560051,0.0409077588298028,0.0467132937709911,0.0508047766542088,0.0534667658957557,0.054786081298194,0.0515064550996946,0.0487507148233497,0.0474727283477219,0.0442074441834093,0.0339030082808112,0.0286625424235174,0.0247931158788326,0.019938202470503,0.0184699283948249,0.0186771024735273,0.0212775895211492,0.0211762035230632,0.0243225382121288,0.0265555719354367,0.0251858147882753,0.0221332263305818
508,"MOZ","Mozambique",NA,NA,NA,NA,NA,NA,NA,NA,NA,0.0176718738283985,0.0244491653549712,0.0313233230471364,0.0373495357882578,0.056377139148492,0.0669977808623554,0.0699132688857251,0.0691371306899564,0.0738078711924726,0.0664586363379933,0.0605043811230499,0.0583694535149959,0.0682796387661944,0.0674474403206384,0.0804940969092307,0.134950421027806,0.155158768295304,0.178230495456346,0.17693579723789,0.16001484241611,0.136503804352732,0.0981206510256789,0.0728047299442258,0.0458648485105597,0.0154475773365612,0.0265026937607762
104,"MMR","Myanmar",NA,NA,NA,NA,NA,NA,NA,NA,NA,0.0920469037923346,0.0958559782386665,0.0778459729529128,0.0644799424984268,0.053273455898974,0.0578558676909677,0.0562294618404777,0.0569607724392063,0.0526504179717657,0.0315514393989174,0.0179919499486911,0.0259714692689244,0.0290036616965013,0.0152237782381524,0.00735043224564436,0.0241742383677941,0.0508424295152861,0.0753414908885566,0.100573260849167,0.119935986886385,0.125104608906605,0.134655241433795,0.131336640858293,0.105485622333678,0.0728722532510844,0.0446164497015133
516,"NAM","Namibia",NA,NA,NA,NA,NA,NA,NA,NA,NA,NA,0.0592147339630822,0.0538070275829121,0.0378442235588028,0.0314457918249442,0.0322257555853025,0.0381081281511291,0.0423326510164279,0.0408179028901345,0.0498107442036071,0.0444776301587189,0.0356221259423253,0.0387116902337399,0.0381826724509955,0.0322386911498875,0.0282141215220231,0.0336844221369454,0.0383578596954959,0.0331179203086176,0.0373438259864329,0.0350553863887384,0.0272427172360665,0.0194664077755227,0.0147624101521655,0.00560150320459796,-0.00263068240735165
520,"NRU","Nauru",NA,NA,NA,NA,NA,NA,NA,NA,NA,-0.00215789960578577,-0.00106538194145341,-0.00157590614464655,-0.0020781613904393,-0.00469050776274894,-0.0057622872283748,-0.00469326970096974,-0.0126496129623685,-0.0118856862955257,-0.0193471236669543,-0.0237108243666025,-0.0293562809603728,-0.0529568484024469,-0.0558471102470842,-0.0335785959643229,-0.00512690617758635,0.0273035812441411,0.0356980511627367,0.0400905727776668,0.040582339754301,0.0332720320583091,0.0328493328566073,0.02368270995237,0.0146933200791601,0.0121016382303503,0.0144211418268239
524,"NPL","Nepal",NA,NA,NA,NA,NA,NA,NA,NA,NA,0.160215304311051,0.130442684339801,0.111980631779992,0.0789315580532342,0.0506801263720873,0.0198483151326574,0.0159207722483587,-0.000584977113899525,-0.0072941776383294,-0.010608211423243,0.0165075817516498,0.046628497693209,0.0806969109920368,0.0960966138298762,0.115317368387845,0.129886778949871,0.134945220317358,0.137171200761822,0.136270435973435,0.141458596126024,0.136608339067869,0.140762412189696,0.134011504284022,0.123902517730049,0.11011517816061,0.0980504684529193
528,"NLD","Netherlands",NA,NA,NA,NA,NA,NA,NA,NA,NA,0.0057587449571459,0.001732976903424,0.00207456581673759,0.00169285808131203,0.00195440498432298,0.00247310714339188,0.00168537751280429,0.00246641594985331,0.00116481835333326,0.00125260410673289,-0.00239088523241981,-0.0018365941188031,-0.00401981702545728,-0.00706225506494707,-0.00832898728157094,-0.010317687839422,-0.00984686705465354,-0.00992238102802889,-0.0103179767886846,-0.0102219410804463,-0.0128581741305079,-0.0155576148802761,-0.0185929909053314,-0.0256772255861833,-0.0344844883273853,-0.0431735085775549
540,"NCL","New Caledonia",NA,NA,NA,NA,NA,NA,NA,NA,NA,NA,NA,NA,NA,NA,NA,NA,NA,NA,NA,NA,NA,NA,NA,NA,NA,NA,NA,NA,NA,NA,NA,NA,NA,NA,NA
554,"NZL","New Zealand",NA,NA,NA,NA,NA,NA,NA,NA,NA,0.0214161763933463,0.0208012988034889,0.022652403534585,0.0263843934461294,0.0292845048580115,0.0285622641866388,0.0274256650056615,0.025641731725484,0.0239123836147841,0.0187994257433053,0.0100181496808709,0.00208963610969137,-0.00326615422541142,-0.00572102368575056,-0.00649459688907006,-0.00741477508209054,-0.00469159339503655,-0.00420369559096756,-0.001926374470271,0.00263204969113406,0.00398108960109922,0.000959401232963897,-0.00209462050689879,-0.00638312262619545,-0.0112411987898277,-0.0128858409193086
558,"NIC","Nicaragua",NA,NA,NA,NA,NA,NA,NA,NA,NA,0.0684296939145197,0.0701308510396421,0.0651064811346977,0.064921847401161,0.0600073596233008,0.0545435190359451,0.0469388864252802,0.0381652738093399,0.0318152641231517,0.0242979368900023,0.0187086001693368,0.0130371377763046,0.012694446599095,0.00798600839186969,0.00774231121743196,0.00913091158148771,0.0153672865219339,0.0207736912163723,0.0264119899712316,0.0241724011617517,0.0213354942314734,0.0104619821323855,0.009582417066478,0.00417547105893123,0.00112485090918546,-2.25891197972876e-05
562,"NER","Niger",NA,NA,NA,NA,NA,NA,NA,NA,NA,0.0235832133480562,0.0294144109188348,0.02663012474371,0.0197587179068444,0.0239822566307117,0.026456152907977,0.014858198938418,0.00821015556513904,0.00472052231876385,0.0113435190787377,0.0252363466927916,0.0465136654523657,0.0646110787157319,0.0983099403757632,0.132791517712536,0.164275105787259,0.16896473788008,0.153363071542329,0.128708140970655,0.0846380790320984,0.0637786284446109,0.0556750628274272,0.034937120653405,0.0416264441951362,0.0482559110054834,0.0561221816732562
566,"NGA","Nigeria",NA,NA,NA,NA,NA,NA,NA,NA,NA,0.116292884663572,0.100321466492902,0.0800775397622993,0.049699416723465,0.0156984496518131,0.00918907927633628,0.0075793907331021,0.00704514255134114,0.000956287007265728,-0.0071938814140704,-0.0226814516404701,-0.00820648186385697,0.0135255719246901,0.0178471740438222,0.0305463521603238,0.0408645687924145,0.046099503238529,0.0448175366686951,0.0320368645570417,0.0160943089636334,-5.22534603213317e-05,0.00132474974179445,0.0189511843656174,0.018884580132231,0.0200994196513382,0.0265438374726765
570,"NIU","Niue",NA,NA,NA,NA,NA,NA,NA,NA,NA,NA,NA,NA,NA,NA,NA,NA,NA,NA,NA,NA,NA,NA,NA,NA,NA,NA,NA,NA,NA,NA,NA,NA,NA,NA,NA
408,"PRK","North Korea",NA,NA,NA,NA,NA,NA,NA,NA,NA,NA,NA,NA,NA,NA,NA,NA,NA,NA,NA,NA,NA,NA,NA,NA,NA,NA,NA,NA,NA,NA,NA,NA,NA,NA,NA
807,"MKD","North Macedonia",NA,NA,NA,NA,NA,NA,NA,NA,NA,0.000414457415612635,0.0148695634482837,0.0100819621903987,0.00527118567369986,-0.000666117271654332,-0.00733684884219488,-0.0119187119551022,-0.00574297058881412,-0.00343539255067752,0.00636134626639429,0.00651156762365379,0.00454033845694868,0.00571571826214701,4.63359150428833e-05,-0.00772044971425778,-0.0182863272353169,-0.0277028481466841,-0.0346384619792219,-0.0320263607850001,-0.0304982130593209,-0.0234609932264507,-0.0206909459491075,-0.0147434793235529,-0.00138889898237093,0.00525482093475627,0.00383817339365788
578,"NOR","Norway",NA,NA,NA,NA,NA,NA,NA,NA,NA,0.029118367618421,0.0288379933227372,0.0249829211988934,0.0185455707681632,0.0142241024448573,0.0113871020745904,0.00649089836990546,0.0060536858103557,0.00726476012961563,0.0065684898697369,0.00430126293609145,0.0043044653826867,0.00442795430680509,0.00209667979344674,0.00172468248398028,0.00222692748188713,0.00170294554996331,0.000468040794598279,0.000977913982335599,0.000857583491661984,-0.00362402713872145,-0.00624814920465688,-0.00922938700178921,-0.0122249057148189,-0.0164814100408934,-0.0208359780766486
512,"OMN","Oman",NA,NA,NA,NA,NA,NA,NA,NA,NA,0.0779833991753018,0.078903351823012,0.0686259065823709,0.0622403763157542,0.0672594564086468,0.069641794252254,0.0756166962113718,0.0864578338653901,0.0933680183836716,0.0924924909632137,0.088088359552583,0.0890446170842083,0.0817821774408289,0.0810362770572026,0.0893165768116682,0.0776490601405251,0.0630515597411911,0.054382992068797,0.0475322475559063,0.0426928517043299,0.0295552314827792,0.0203114187475426,0.0167621319144275,0.0185724771172808,0.0216728712974359,0.0249320610151256
586,"PAK","Pakistan",NA,NA,NA,NA,NA,NA,NA,NA,NA,0.0487474648918174,0.047870268810803,0.0420243529508626,0.0378110951898729,0.0343110103091553,0.037341758259885,0.0374458624163512,0.043147158371406,0.0483018103210036,0.0496370610196437,0.0476394238813984,0.0433636934175019,0.0364243120292291,0.028853694421294,0.0182045650927851,0.0118447816816918,0.00380594095780262,0.00934806659116694,0.0269407136625772,0.0378058954596274,0.041291660166725,0.0481378695469861,0.0581645109483209,0.0544700022268869,0.0381685415926662,0.0183027370927586
585,"PLW","Palau",NA,NA,NA,NA,NA,NA,NA,NA,NA,NA,NA,0.00927636646487651,0.0106549454111371,0.0109301192288422,0.0113605004202724,0.0124372616254449,0.0139501173478829,0.0196986669788153,0.012098680622016,0.00132420337894601,-0.000654411226218838,-0.00109358260210642,-0.000938544582899252,-0.000807181723012991,-0.0011820744780754,-0.00430818664120415,-0.00456446320615525,0.0050195057846874,0.00343101823826141,-0.0011845538937354,-0.00446298551940849,-0.00563665678381686,-0.00226853498544688,0.00139763085283947,0.0029284863968056
591,"PAN","Panama",NA,NA,NA,NA,NA,NA,NA,NA,NA,0.0761479191714021,0.0640837867160491,0.0657602909365973,0.066040913755333,0.0579314559689064,0.0466738316664801,0.033984015477045,0.0315051739364087,0.0242822706100025,0.0256155671799381,0.0310189468567084,0.0394925006904032,0.0613916918499078,0.063265074995065,0.0654861990217752,0.0576677680550066,0.0554723223274287,0.0511113618558459,0.0365440578647782,0.0127456634870169,0.0141314648044857,-0.0129021933490666,-0.0101701193786394,-0.00388113311244464,0.00919231069792947,0.0236218755210682
598,"PNG","Papua New Guinea",NA,NA,NA,NA,NA,NA,NA,NA,NA,0.0353904676785988,0.0418192193597648,0.0522115906648442,0.0339134432698997,0.0312228615032611,0.065332307502963,0.0843779861703327,0.0783523954422265,0.0894889187712709,0.100371736784616,0.0783938676182405,0.0512347606793686,0.0341322670465332,0.00739296983952431,-0.0122410308136111,-0.00721286347288164,0.000366193268479087,0.0118544913139871,0.0335893663052733,0.0523246183172772,0.0635382545108132,0.0647434792429027,0.0672807192568095,0.0551203888951852,0.0367699943676771,0.0316369250630422
600,"PRY","Paraguay",NA,NA,NA,NA,NA,NA,NA,NA,NA,0.0938122636730065,0.0695347599159652,0.0396195122982785,0.0198006095874181,0.00601922607205707,-0.000312727785097437,-0.00277292991805822,-0.00797791015638619,-0.00480203608825946,0.00519952905373167,0.0194204652909675,0.0257836533964491,0.0318098477072941,0.0362609746516516,0.0401999292984245,0.0445623748440098,0.0460190936262981,0.0537183274341142,0.0618883130798749,0.0692907540894132,0.0702952481649972,0.0646382354014448,0.0619330068433361,0.048195010851765,0.0308617634643971,0.0146631059766686
604,"PER","Peru",NA,NA,NA,NA,NA,NA,NA,NA,NA,0.0405425000466564,0.0402433199813381,0.02702359931072,0.0130190505902135,0.00397060250686598,0.00263349998533458,0.00530043149438009,0.000770052260517851,0.0133222333102891,0.025684564837972,0.0446521719590152,0.06247080558586,0.0661479866232042,0.0683050353578614,0.0574666946077473,0.057630093705356,0.0548933735365125,0.0451093128913027,0.0435881479368836,0.0395822368142982,0.039613221356102,0.0276302405873028,0.0274844755367367,0.032313070408438,0.0294837671449555,0.0346349180354237
608,"PHL","Philippines",NA,NA,NA,NA,NA,NA,NA,NA,NA,0.0643789930669936,0.0589349290047929,0.0485352185052226,0.0393416466069534,0.0263781686415525,0.017901161423181,0.0129801875690214,0.00169095556673349,0.00196916177639928,0.00529186539427973,0.00623529179483873,0.0144696476224926,0.0199196415825065,0.025898647721972,0.0335847317151912,0.0429190893004772,0.0544376982951238,0.0582908636060464,0.065035882514342,0.0725502268775073,0.0724395771224455,0.065382128471928,0.0567289782301807,0.0493646306326405,0.0444179728284726,0.0412559114575246
616,"POL","Poland",NA,NA,NA,NA,NA,NA,NA,NA,NA,-0.0104635959727764,-0.0146977825767548,-0.0180891348423923,-0.0222720406744983,-0.0220534835180458,-0.020309516742759,-0.0170158003205004,-0.00743883920665378,0.00173289105657437,0.00566612884881623,0.00569096598968111,0.00681500620366959,0.00635087508707799,0.00225762962320064,-0.000512840427957961,-0.00450409767786719,-0.00760817653481582,-0.00572146025469189,-0.00130263163739042,0.00171285148829758,-0.00135355751031696,-0.00345318822645113,0.000462127125990586,0.000268482760378497,-0.00609998368186526,-0.0154836090699628
620,"PRT","Portugal",NA,NA,NA,NA,NA,NA,NA,NA,NA,0.0352104595853668,0.0371288208752596,0.0364952241879775,0.0411820738979278,0.0355827198460459,0.0301752879073791,0.0286407958552417,0.0166407156609758,0.00352238565045293,-0.00783292108533529,-0.0138574763321861,-0.0234663479277543,-0.0319008819522207,-0.0353033388362548,-0.0274021021695261,-0.0181907430922975,-0.00700590638655383,-0.00359470270381171,-0.00200912544466079,-0.00180825245964277,-0.00149720314490206,-0.00845898609595242,-0.0175760433429776,-0.0244435984304369,-0.0353967879594564,-0.0466086798828146
634,"QAT","Qatar",NA,NA,NA,NA,NA,NA,NA,NA,NA,0.117406131459016,0.0719248116273843,0.0487988401372563,0.042871893035664,0.041626056017823,0.0397331816978808,0.0350076950362632,0.0411556884581417,0.0543425977488536,0.0560721091802845,0.0531032280644808,0.0570432377709433,0.0684215378483342,0.0792098284601859,0.0813229648456841,0.0759992886723249,0.0635977462172861,0.057417812663749,0.0539273846208836,0.0441932975781161,0.0312759949882013,0.0211975441819314,0.0160397913112567,0.0198190417871817,0.0248273265165422,0.0295406380257177
178,"COG","Republic of Congo",NA,NA,NA,NA,NA,NA,NA,NA,NA,0.209802944443926,0.181140609570965,0.136972649226512,0.0640881231517387,-0.0103028520522228,-0.0191516553975269,-0.020755803614783,-0.00560523631901197,0.0124319747669892,0.0178184202959488,0.0310241792075985,0.0538319569987817,0.0670674536543416,0.0472781906961837,0.0416680627958426,0.0303930256192984,0.0294694106430149,0.0327390261879987,0.025014799402433,0.0221954252378194,0.0196654883702225,0.0163982356294303,0.0079255733783142,0.0105116778491954,0.0129776277445425,0.0204206834349179
642,"ROU","Romania",NA,NA,NA,NA,NA,NA,NA,NA,NA,-0.0214065064697828,-0.0438835963610738,-0.0397426711981773,-0.0360729916697562,-0.0313168911429443,-0.0257763197649344,-0.01676821036826,-0.00147068704449473,0.0123352191373489,0.0187080875077066,0.00281894786828296,-0.0116336008583151,-0.0160488050772256,-0.0210307261309471,-0.0288321801036165,-0.0332936254205288,-0.0367121539340183,-0.0362219815761016,-0.027628297494805,-0.0158582929715365,-0.0156830693462919,-0.0183731312308683,-0.011081124991025,-0.00657571853940553,-0.0123559251802766,-0.0153362830513096
643,"RUS","Russia",NA,NA,NA,NA,NA,NA,NA,NA,NA,-0.000458812053575706,-0.00177203562589238,-0.00533181227659086,-0.0105625596049331,-0.00788878419019023,-0.00234602068623588,0.002796211502196,0.00945323925607999,0.0112907914370355,0.0122261408724123,0.00926809307553067,0.00833786144124238,0.00961051191094331,0.00966546982966188,0.00754845434238094,0.00494760330976773,0.00238273703264258,0.0015749541367045,0.0018121209370332,0.00452540044600225,0.0021522947472099,-7.14490742406129e-05,0.00117371525421239,0.00314030595688886,0.00463209464417447,0.00690531719449949
646,"RWA","Rwanda",NA,NA,NA,NA,NA,NA,NA,NA,NA,-0.00071258366876302,0.00763176057147774,0.0110733101961593,0.0136078141627931,0.0151733694126812,0.0143173917426604,0.0102876733752439,0.00660260455342598,0.00721514816749047,0.00517234786187282,0.00713363835010283,0.0121060250897949,0.0217953705244871,0.034113124396616,0.0460389931269773,0.057640953177412,0.0718656697157882,0.0829989652159733,0.0949608757649056,0.102257555069541,0.105088349557334,0.0979876828554502,0.0985625806628829,0.102777660911314,0.101318584626024,0.0923743292021595
652,"BLM","Saint Barthelemy",NA,NA,NA,NA,NA,NA,NA,NA,NA,NA,NA,NA,NA,NA,NA,NA,NA,NA,NA,NA,NA,NA,NA,NA,NA,NA,NA,NA,NA,NA,NA,NA,NA,NA,NA
659,"KNA","Saint Kitts and Nevis",NA,NA,NA,NA,NA,NA,NA,NA,NA,0.0473248775249955,0.0544232776836533,0.05658748809879,0.0604060353348761,0.0592353528691392,0.0597984313350883,0.0512783633580465,0.0432961763771282,0.0377552353025732,0.031968133647881,0.0258852285746292,0.0217692510840017,0.0179060498124415,0.0167146170534094,0.0137955744928955,0.014970589166718,0.0110818770492136,0.00930426599631429,0.011050338951285,0.013072262679255,0.0168807511440403,0.0145737099488321,0.0116164253100148,0.0108546198913746,0.00857931395576528,0.00809708379845553
662,"LCA","Saint Lucia",NA,NA,NA,NA,NA,NA,NA,NA,NA,0.0742675598194205,0.0666820214199777,0.0567764396255788,0.0470656357023922,0.0411885410616271,0.0397438849029645,0.0356546354411624,0.0346512192366921,0.0303162652477444,0.0284930259632119,0.0262777431291066,0.0291581154393898,0.0312690331831404,0.0293802376059924,0.0276750202813723,0.0266665911491166,0.0210814176079501,0.0158771841441541,0.0127677011044331,0.00989628794913533,0.00403345425109025,0.00318909553301161,0.00427329979461932,0.00665882071417667,0.0081897546817693,0.0110752349580632
882,"WSM","Samoa",NA,NA,NA,NA,NA,NA,NA,NA,NA,0.0506977892065383,0.0510138327407268,0.0526626780502708,0.0535136311706201,0.0531476603518235,0.0450277733871018,0.0387752103069847,0.0343472319321163,0.0297137412698323,0.0221473040086138,0.0152937872933507,0.0135859891563583,0.0146655522692571,0.0162670269329077,0.0158120295767041,0.0194247375949537,0.0290036931920321,0.0363758565818191,0.0429404576343242,0.0386749323946058,0.0386594208197102,0.0344523563643657,0.036171511066396,0.0265913668030573,0.0142046620827865,0.00562531231559293
674,"SMR","San Marino",NA,NA,NA,NA,NA,NA,NA,NA,NA,NA,NA,NA,NA,NA,NA,NA,NA,NA,NA,NA,NA,NA,NA,NA,NA,NA,NA,NA,NA,NA,NA,NA,NA,NA,NA
678,"STP","Sao Tome and Principe",NA,NA,NA,NA,NA,NA,NA,NA,NA,NA,0.00405043395073945,0.00721211049934634,0.0132826117106022,0.0245942082057851,0.0418636623244626,0.0567151862471007,0.0682734930553057,0.0730933651261563,0.0736831288562039,0.0717327679769175,0.0752663178026283,0.0651707274719371,0.0576900341473112,0.0502014111898894,0.0557324315807399,0.0607626396123346,0.066337468182738,0.0612285579657161,0.0522843122312204,0.0457873495388794,0.0422620903046391,0.0301060909164135,0.0177816904686714,0.00474983757563496,-3.41102874871412e-05
682,"SAU","Saudi Arabia",NA,NA,NA,NA,NA,NA,NA,NA,NA,0.00180992527601864,-0.00738509774952512,-0.000792175780312636,0.0141458129549552,0.0324022183997246,0.0558846141795224,0.0719504900502004,0.0860791980371203,0.078391537708637,0.0660928198804407,0.0540597955391438,0.0566837173069015,0.0534810716183902,0.0550659213327116,0.048231346656002,0.045588328439637,0.042864344982265,0.0417015460968242,0.032792240819403,0.0264688341697905,0.0255545869658802,0.0225850310610562,0.0191572453925375,0.0180715492559491,0.0140948761191992,0.00970405572191835
686,"SEN","Senegal",NA,NA,NA,NA,NA,NA,NA,NA,NA,0.0130755872438444,0.0165417102258549,0.0253625494400749,0.0339045360571097,0.0468172845464623,0.0653783879841763,0.0687587800251264,0.0569702225777107,0.0491529044421004,0.0332460401463477,0.0242935197797165,0.0310275963859206,0.044151079014904,0.0491138450730313,0.0587187074073741,0.0728756475619154,0.091723015580699,0.0878699758670916,0.0890966353274854,0.0772031187025459,0.0682315331065828,0.0575029298983252,0.0576747685884957,0.0557002148528807,0.0497315914000052,0.0437729070197537
688,"SRB","Serbia",NA,NA,NA,NA,NA,NA,NA,NA,NA,NA,NA,NA,NA,NA,0.0141416021596723,0.0112594329583877,0.0198683113545455,0.0298038918878389,0.0421819517012061,0.0222256778243926,0.00634509426858543,-0.00239540717320144,-0.0146507341679649,-0.0208071583597893,-0.0298175269472672,-0.0297264985884249,-0.0208176352981728,-0.00814758442793776,-0.00421549285582319,-0.00256295269705806,0.000265265098070122,0.00649806378932727,0.00727699427908535,0.00714209698377655,-0.00550488180301567
690,"SYC","Seychelles",NA,NA,NA,NA,NA,NA,NA,NA,NA,0.0818065190291835,0.0811220997036786,0.0843602064044857,0.079900860789857,0.0694908891500334,0.0638546692462176,0.0494999306095709,0.039389002391641,0.0357933045439471,0.0332649831937772,0.033514346653182,0.0318180773846837,0.0258092275213406,0.0211945254171448,0.0124319098567347,0.0137842420484957,0.0180845916701939,0.0255704680673563,0.0339618621688242,0.0419291923229987,0.0493764174346192,0.0533508639678646,0.048715477632252,0.0428685464029297,0.0324127209724494,0.0244910525477504
694,"SLE","Sierra Leone",NA,NA,NA,NA,NA,NA,NA,NA,NA,-0.00188042352784292,-0.00222324376537447,0.00196248611495764,0.0507065818101862,0.093461225801079,0.129093962176432,0.129610079215716,0.141175185290904,0.121060997174724,0.0970449973833658,0.0466515216661216,0.0194843245248233,0.0207972099995659,0.0428646631956984,0.077590494993675,0.106186793932327,0.108706901028967,0.123086493952388,0.113463556866441,0.0925467324087674,0.0665623107699049,0.0403559678251435,0.0359993384906274,0.031436723279122,0.0336018985378284,0.0393997625160589
702,"SGP","Singapore",NA,NA,NA,NA,NA,NA,NA,NA,NA,0.0121112010423787,-0.00903909236425826,-0.025296200442412,-0.0329360139698313,-0.0365432620581333,-0.0232374071473971,-0.0327330646916195,-0.0296847917757256,-0.0130708129847937,-0.00543434114218422,0.00756328146607665,0.00910392861916298,0.013730316079535,0.0177529466491078,0.0200249744709056,0.0233478638251354,0.0245269715899077,0.024323749806584,0.0237228921999986,0.0193857059928164,0.011866963532267,0.00520246321929863,0.00561151669352289,0.00265841394371069,0.00261123488716808,0.00537882098954912
534,"SXM","Sint Maarten",NA,NA,NA,NA,NA,NA,NA,NA,NA,NA,NA,NA,NA,NA,NA,NA,NA,NA,NA,NA,NA,NA,NA,NA,NA,NA,NA,NA,NA,NA,NA,NA,NA,NA,NA
703,"SVK","Slovakia",NA,NA,NA,NA,NA,NA,NA,NA,NA,-0.0312103872367031,-0.0208360635471856,-0.0122972506423955,-0.00844966447080642,-0.00586677546256076,-0.0053593989034092,-0.00399782617459243,-0.00271911560232407,-0.00302165083833394,-0.00232767944832446,-0.0072879718205715,-0.0124814618039538,-0.0141794101672716,-0.0192623099011147,-0.0224753457552771,-0.0258082013411203,-0.0250218764978303,-0.0213174370129539,-0.0159387168836926,-0.00839044366076713,-0.00905114270822693,-0.0115154667355857,-0.00554016455190398,-0.00830726911380919,-0.0115628514178158,-0.0196810531590256
705,"SVN","Slovenia",NA,NA,NA,NA,NA,NA,NA,NA,NA,0.0147540655944611,0.0146439428961584,0.0137581322956486,0.0114195887487369,0.00770496564401268,0.00560937603279243,0.0058660344834065,0.00846877325075512,0.0128477417085961,0.0176009604495204,0.0113862505988622,0.00388216492393467,0.000322615423355321,-0.00234436818762162,-0.00740205016230928,-0.015260033744764,-0.018103216259634,-0.0188460760252342,-0.024338988386636,-0.0176788852935889,-0.0164814028693453,-0.0172582817248551,-0.0146643587609222,-0.0132881974318662,-0.0151398426174615,-0.0181997342341691
90,"SLB","Solomon Islands",NA,NA,NA,NA,NA,NA,NA,NA,NA,0.0469483891788429,0.0440041447900608,0.0416075169277637,0.0241747245979374,0.0105100280440274,0.0103601171347536,0.0201196167371367,0.0348871955266873,0.0413579490352645,0.0409141185020763,0.0399703555460191,0.0383753186690872,0.0376595757283977,0.0336761406792196,0.0336316668438723,0.0259244753136945,0.0119785421219458,-0.000453503353222839,-0.0119212275615094,-0.0197322985647678,-0.0238524230653121,-0.0254617045938871,-0.0234195125696184,-0.0210613967169561,-0.0106041384930915,-0.00304335000237765
706,"SOM","Somalia",NA,NA,NA,NA,NA,NA,NA,NA,NA,NA,-0.0395921875861232,-0.0298259731314529,-0.0175896851476658,-0.00487535652857884,0.00959663087089657,0.0223021544250641,0.0345545628738546,0.041794215886678,0.0442441757125926,0.0413353668600638,0.0386239991351953,0.037302372365335,0.0365385778825096,0.0362941656929281,0.0360290722806651,0.0360730759381431,0.0359661571466221,0.0357537019484548,0.0361274751929153,0.0360381308725592,0.0379437500308468,0.0386306313691853,0.0421980889977962,0.0436292700757546,0.0431607752863936
710,"ZAF","South Africa",NA,NA,NA,NA,NA,NA,NA,NA,NA,0.0265389995213248,0.025017044942073,0.0229384232912242,0.0116150585459245,0.00938117427047058,0.013855446328082,0.0150759428544238,0.018875128278188,0.0262972494972402,0.0334621219586779,0.034472601310046,0.032306631635614,0.0271043187403175,0.0145772801066404,0.0068780031695097,0.00778904573287709,-8.43355882983231e-05,-0.00440570526226114,-0.00837917134510424,-0.00592725470741573,-0.00319617365187508,-0.00562644505015419,-0.00570622076616301,-0.00801769507274197,-0.00922181491260321,-0.00590905634405459
410,"KOR","South Korea",NA,NA,NA,NA,NA,NA,NA,NA,NA,0.058833692694398,0.0487023493977583,0.0401896702529154,0.0337250826959015,0.0292001544174836,0.0257071715722705,0.024204550662523,0.0263240127339899,0.0320158660818721,0.0257058615408872,0.0213384081433148,0.023925756302059,0.027847481678388,0.0312851562663532,0.0331690617741338,0.0321005831419356,0.029383422003098,0.0246676479684846,0.0208977892528526,0.0170622352170682,0.00906021580932381,0.00130630486241468,-0.00162944369904028,-0.00475255358838689,-0.00836163020316771,-0.0121174100561278
728,"SSD","South Sudan",NA,NA,NA,NA,NA,NA,NA,NA,NA,NA,NA,NA,NA,NA,NA,NA,NA,NA,NA,NA,NA,NA,NA,NA,NA,NA,NA,NA,NA,NA,0.0177398332222658,0.024408747386927,0.00949685468863331,0.00278731727798376,-0.00250557056152719
724,"ESP","Spain",NA,NA,NA,NA,NA,NA,NA,NA,NA,0.0234108360110408,0.0267991957966616,0.0296931602260475,0.0352000578041092,0.0354113791369159,0.0375589358775352,0.0415513354921531,0.0367414336372835,0.0320201158670614,0.0205435312157753,0.00540127335995177,-0.00846702286202689,-0.0223161168352919,-0.0310990518335701,-0.0361698017057196,-0.0244233839100481,-0.0106290400279706,-0.012469545492884,-0.011913236788299,-0.00858785214724371,-0.0082920054956076,-0.0153788273894224,-0.0168171838456317,-0.0154612103758238,-0.0235774008022883,-0.0272842580356134
144,"LKA","Sri Lanka",NA,NA,NA,NA,NA,NA,NA,NA,NA,0.0914486564501433,0.0946675941635549,0.0916899914353058,0.0951600522344582,0.086600007463115,0.0798390860835592,0.0663896599292049,0.055999848324894,0.0460929941930037,0.0314709989231203,0.0225195417913595,0.0211020839677809,0.0251621375380404,0.0323806357475229,0.0302624891139947,0.0423495502245261,0.0552294386420165,0.0696987043870056,0.0773202778385378,0.0699663853729078,0.0637453056860031,0.0497163948295327,0.0401024784467043,0.0232396882825374,0.00114143934969024,-0.00381437969859868
670,"VCT","St. Vincent and the Grenadines",NA,NA,NA,NA,NA,NA,NA,NA,NA,0.0887787997034368,0.0754366445562193,0.0700939272121215,0.0588201619607327,0.0556367625301211,0.0604032952546554,0.0616567351220942,0.0579750551961358,0.0523828838897185,0.0487587233392053,0.0563190360334798,0.0346761222311147,0.0201900724364066,0.0110688978442577,0.000922122188355079,0.00512315593497115,0.00254526182497949,0.000870526734934263,-0.00354733330656707,-0.00453569031521653,0.00284852527365742,0.00338340015079841,6.55107003698098e-05,0.00291375863382652,0.000428569470624273,0.00996847876504736
275,"PSE","State of Palestine",NA,NA,NA,NA,NA,NA,NA,NA,NA,NA,NA,NA,NA,0.044024004509317,0.065108926913416,0.0875964762435306,0.0918687179551532,0.0742348568576612,0.0739192191832887,0.0655831691128121,0.0640572465822324,0.0508306275175949,0.0195978749119363,-0.00619184973182729,0.00470273103619667,0.0308478132095875,0.0476289609562646,0.0624366007678054,0.0583534859230344,0.0565575116916035,0.0482855079392981,0.0457993797476344,0.0503003556320711,0.0530794784449853,0.035264282558234
729,"SDN","Sudan",NA,NA,NA,NA,NA,NA,NA,NA,NA,0.0130038774255101,0.0361165339423639,0.0612635158038857,0.089051853154426,0.088062738657444,0.110948529285816,0.120727173426479,0.125180083716284,0.140807783022686,0.135035194884271,0.12216418828273,0.103184475722592,0.078654108124778,0.0639793707551135,0.0535070263946587,0.0341207586278361,0.0125957934038601,0.0145234691814541,0.0238339991242118,0.0325446480673637,0.0419873210710594,0.0463924785801293,0.0396257856319635,0.029169380477643,0.0247238116302366,0.00125140335416485
740,"SUR","Suriname",NA,NA,NA,NA,NA,NA,NA,NA,NA,0.0142071988000307,0.00785919381327727,0.0130513895393369,-0.00614876612259896,-0.0223947492121769,-0.0344533909180454,-0.0415301184855479,-0.0400119950387947,-0.035177617186489,-0.0229394368885429,-0.00767756631650252,0.020623148117181,0.0625856655452013,0.0681974355960409,0.0804471722825328,0.0849800443259041,0.0718295352232952,0.0626008746892304,0.0372939766905531,0.00706623516510185,-0.00591814200954329,-0.0114700290027758,-0.0114349873661102,-0.0141805587869941,-0.00239943316665192,0.0060239984797147
752,"SWE","Sweden",NA,NA,NA,NA,NA,NA,NA,NA,NA,0.00139561288452876,-0.00332954590139256,-0.00646660744942185,-0.0085533263436528,-0.00988668972266094,-0.00912395655082954,-0.0107766138094882,-0.00720301892337238,-0.00784264290303449,-0.00903826368528227,-0.0157148234020699,-0.01524896675357,-0.0174318632118318,-0.0199083797507272,-0.021142204877255,-0.0225399401985206,-0.0240354764354823,-0.0231341243649608,-0.0218252592809618,-0.0211768642526,-0.0244638284348203,-0.0240900125925444,-0.0215679418460429,-0.0227650139847607,-0.0226125434966423,-0.0205737180821551
756,"CHE","Switzerland",NA,NA,NA,NA,NA,NA,NA,NA,NA,-0.00275153163226438,-0.00356743100856605,0.000482529486971917,0.00266383692337602,0.00341697575186273,0.00313017052977327,0.00394849990007895,0.00468859965476853,0.000985300263881772,0.00126430110613218,-0.000195403731757193,-0.000793380355614826,-0.00472002781522096,-0.00824794691734732,-0.00845823918010957,-0.012577134666898,-0.0148710895903136,-0.0151210919278493,-0.0179739356151414,-0.019166638461386,-0.020012680650756,-0.0203721520707489,-0.0213117685250803,-0.0232717942557027,-0.022451343582509,-0.0241456137016773
760,"SYR","Syria",NA,NA,NA,NA,NA,NA,NA,NA,NA,0.0375660024078825,0.0316426765581552,0.0265229901407231,0.0068707770598746,0.00902584991366795,0.00564012863984287,0.000905523337728198,-0.00045652136063929,0.0112151846049402,0.0254349117467711,0.0352499565049968,0.0411454410256846,0.0384586500933237,0.00477288063540371,-0.00432357235021504,-0.00605115910746494,-0.00686788850048371,-0.00697316464785579,-0.00466326360145745,-0.00173011560979546,-0.00110769807705888,-0.000918851199180676,-0.00158386632060563,-0.002492782767515,NA,NA
158,"TWN","Taiwan",NA,NA,NA,NA,NA,NA,NA,NA,NA,0.0587939273940326,0.0578622608832031,0.0554716094632093,0.0522985857874605,0.0505384908554742,0.0483058142707125,0.0452830920639278,0.041790135780176,0.0382629210506635,0.0306785421506806,0.0191117021507883,0.0148676052888772,0.01102116934804,0.00634764898344375,0.00319839245032916,0.00203841781484204,0.00185427652436321,0.00440229103103285,0.00872466510794001,0.00928341335935312,0.00362387105705397,0.0010569300982628,0.00212135223398868,0.000108148544170739,-0.00299818427117615,-0.00617021810762997
762,"TJK","Tajikistan",NA,NA,NA,NA,NA,NA,NA,NA,NA,-0.00268676777199881,-0.00355772100006696,-0.00780505792313523,-0.0230549929754769,-0.0232432010627567,-0.0167352590786068,-0.0113769903894905,0.0084977622932958,0.0218310633358627,0.0344202232865385,0.0362642780902487,0.0323150726171402,0.0239469093289275,0.0142830972180144,0.00552271712103147,0.0324683212620194,0.0573637425446911,0.0861940208983507,0.127498594010784,0.161492401529713,0.173253707204896,0.174830369261365,0.151497825685424,0.133646211602405,0.0967959973288028,0.080244456778872
834,"TZA","Tanzania",NA,NA,NA,NA,NA,NA,NA,NA,NA,0.0221941920648852,0.0191116254284962,0.0273965229370994,0.0372904875874518,0.0520745143101269,0.0580388233480065,0.080468272498051,0.101161333333586,0.11731450222318,0.117349381401601,0.103000691740622,0.0934826255259142,0.0921124061195384,0.0994439059876968,0.101303772616419,0.0968407165575969,0.106101512632274,0.114030298664599,0.108486819772791,0.0981298765609511,0.0818901660424456,0.0669968770550129,0.0592758458277116,0.0628852103107793,0.0657904172536343,0.0586317020797311
764,"THA","Thailand",NA,NA,NA,NA,NA,NA,NA,NA,NA,0.0848654182764614,0.0665561993365227,0.0483669674840335,0.0341511497239797,0.0249134762546521,0.02263096962752,0.0249408875221204,0.0318596221900538,0.0411935781431128,0.039166677235287,0.0372079934170391,0.0342955378261165,0.0297161602783229,0.0293985833260155,0.027348127160189,0.028700481340757,0.0298638510673279,0.0296908094482824,0.0285296597093909,0.0254720739196452,0.0194369881374734,0.0123941699508525,0.00402253730483748,0.000348116017449662,-0.00500480350666388,-0.00760674684060536
626,"TLS","Timor-Leste",NA,NA,NA,NA,NA,NA,NA,NA,NA,NA,NA,NA,NA,NA,NA,NA,NA,0.165489179206809,0.0865842141322546,0.0644855318157958,0.05560706061793,0.0216641516119485,0.0418291021952726,0.0510032340902273,0.0988413407458633,0.109103170856981,0.115371687123592,0.109596861302265,0.0845485165081985,0.0639288636088327,0.0299891667177932,0.00788815555013245,0.00667549589551508,0.00436285721321572,0.00488627367797526
768,"TGO","Togo",NA,NA,NA,NA,NA,NA,NA,NA,NA,0.0436506946795268,0.0423491274010961,0.0342396286179825,0.0310946016711799,0.0449236939254918,0.0460855182151456,0.0503206352311074,0.0470220585708141,0.0171905998015403,0.00734284300930188,0.0485869576912914,0.0651138080414986,0.0612156715826031,0.0497372777575993,0.0362086644064903,0.016593229149942,0.0083926418979812,0.00423087832168407,-0.014150343104019,-0.0315177226871414,-0.0110519064071343,0.020703170382526,0.0474183349010968,0.068090631870598,0.063146671450159,0.0472139760158243
776,"TON","Tonga",NA,NA,NA,NA,NA,NA,NA,NA,NA,0.0257570147592392,0.0266629910368112,0.0266664448904927,0.0159358278230226,0.0230274835962896,0.0271881831324758,0.0336724075696553,0.0301043033075836,0.0280142040111109,0.0161995736568854,0.0191993543796522,0.0135553491129477,0.00251312066746546,-0.00867289676151317,-0.00891608271365574,-0.0123085057616725,-0.0148932976792495,0.00603459815166252,0.0195563051437471,0.0213485219947973,0.040622440781231,0.0460060847345385,0.0423665175054964,0.0382427684038138,0.0321763191158264,0.0228156200919765
780,"TTO","Trinidad and Tobago",NA,NA,NA,NA,NA,NA,NA,NA,NA,0.023062621556162,0.0366812426111689,0.0511961931067495,0.0725530199386957,0.0894079993249244,0.0896192066366508,0.0861301619428196,0.0930432657230473,0.0944781781993635,0.0865157517204231,0.0771836093230842,0.0679520729130041,0.0568845292547484,0.0425829574604877,0.0303985492408612,0.0160187262398497,0.00631424284930104,-0.00480157764683113,-0.00830727547031146,-0.011031126063767,-0.01149436994278,-0.00657606895011969,-0.00195268177005161,-0.00122962542539822,-0.00124199058476027,-0.00240183812450171
788,"TUN","Tunisia",NA,NA,NA,NA,NA,NA,NA,NA,NA,0.0209112746762159,0.0185337301891042,0.0242169192981772,0.0240649963424995,0.0281084311985682,0.0308072322952284,0.0303996275851433,0.0295774951057308,0.0318024596064042,0.0333999356548969,0.0321927500263386,0.0351992150301987,0.0334856467402096,0.0324938602559797,0.030785469030967,0.0307902056489395,0.0309628912560667,0.0274626461516612,0.0266868418703836,0.0238279210304384,0.0172475948650548,0.0116449957891971,0.00691450172024122,0.00308189935840297,0.0012167187764589,0.00224123076141391
792,"TUR","Turkiye",NA,NA,NA,NA,NA,NA,NA,NA,NA,0.0411605547499896,0.0421471853416617,0.0367915253743107,0.0322069730145105,0.030572361026004,0.025333416969672,0.0252001251732243,0.0305496398485294,0.0416047342677721,0.0472070292413969,0.0477596595216614,0.0499516641857871,0.0475663898794234,0.0440284469633827,0.037948197494849,0.0320186821777175,0.0295421298012397,0.0293732839050183,0.0352968234035025,0.0356251135078716,0.0310957247305912,0.0249113316703278,0.0259437115825747,0.0245403531301991,0.0241644347786618,0.0257940110563077
795,"TKM","Turkmenistan",NA,NA,NA,NA,NA,NA,NA,NA,NA,0.0122435419532296,0.0225669407645145,0.022702906113433,0.012820395236701,0.0109955955298384,0.029574432335147,0.0428940853456656,0.0478908607611404,0.0458374626862932,0.0537029055553369,0.0593069392174916,0.06759921910597,0.0658942149273296,0.0488518455421298,0.0403639719735478,0.0383205553098975,0.0315026352490202,0.0226269508920691,0.0113773908308104,0.0084677801687445,-0.00230230810079979,-0.00649090016749809,0.0156246954402739,0.0418754324413364,0.0566647715107704,0.0553649226310338
796,"TCA","Turks and Caicos Islands",NA,NA,NA,NA,NA,NA,NA,NA,NA,NA,NA,NA,NA,NA,NA,NA,NA,NA,NA,NA,NA,NA,NA,NA,NA,NA,0.0254076557724126,0.028357187948812,0.0312729898077444,0.0337196245680855,0.0339316828460854,0.0322621049986505,0.027207768481297,0.019737404323771,0.0164166124523766
798,"TUV","Tuvalu",NA,NA,NA,NA,NA,NA,NA,NA,NA,0.0785483925329702,0.0830887880287856,0.0785483925329702,0.0888582374625106,0.136026401443608,0.126165976141088,0.101623246864801,0.0633604265191232,0.0607505705746654,0.0292034272143484,0.0209604184214112,0.0074084437156502,-0.00734498565124297,-0.00245434744360484,-0.0194669379501321,-0.0314408612506155,-0.0385549142271099,-0.0409146345155429,-0.0385549142271098,-0.0361893881157125,-0.012211646668447,0.0123626145492202,0.037548235793919,0.0633604265191232,0.0604766493759192,0.0550468161494986
800,"UGA","Uganda",NA,NA,NA,NA,NA,NA,NA,NA,NA,0.062092419552267,0.072066317890144,0.0790141278504859,0.0809162239539492,0.0775652660034418,0.0613910853783333,0.0666091556028141,0.0783806884388454,0.0895518657662899,0.0994645394357041,0.105575723885505,0.116641485215034,0.121988506426808,0.111915623132758,0.0952064736946927,0.0762644430296056,0.0676409426777895,0.0641544496488919,0.0672196068372606,0.0647559521369427,0.0608890452776591,0.0590705790368857,0.0629511164718808,0.055788377301849,0.0454237544703788,0.0355754108136761
804,"UKR","Ukraine",NA,NA,NA,NA,NA,NA,NA,NA,NA,-0.000406145032145903,-0.00144203384693417,-0.00294981851668625,-0.00810455949152038,-0.0240302268885387,-0.0238648155415694,-0.0119787760924615,-0.00072627889219843,0.00942115039262359,0.0157884147443912,0.00688815027605871,-0.000382158232870019,-0.00100941751715857,-0.0034118903181896,-0.00480899561655245,-0.00614057443113041,-0.00307088893684437,-0.000821920463700814,-0.00119563868577075,-0.00173040367051691,-0.00390510990771444,-0.00495753371944673,-0.00792265305726106,-0.00661408788449598,-0.00699661181461387,-0.00641835665725795
784,"ARE","United Arab Emirates",NA,NA,NA,NA,NA,NA,NA,NA,NA,0.0474436034390986,0.0570044551857694,0.0575958715888774,0.0418828934789119,0.0432174271547765,0.0505962308782228,0.0519722128556881,0.0538913881127894,0.0523698126515733,0.0581679223711538,0.0581300267621876,0.0796504329465977,0.0917610644406632,0.0849923045293965,0.0846708994772123,0.0788806899898606,0.0692912147425284,0.0563515802636805,0.0335173227000181,0.0183918372570966,0.00593983302937584,0.000558660275569167,-0.00297479016593194,-0.0054135506114783,-0.0050744665269471,-0.00150623803982164
826,"GBR","United Kingdom",NA,NA,NA,NA,NA,NA,NA,NA,NA,-0.00818097604119317,-0.00680908034468741,-0.00309197492739077,-0.00213615513004939,-0.000998763091135113,-0.000164949950521409,-0.000532385425801252,0.00115542453389006,-0.000352482636720164,-0.00254655855431396,-0.0103318423373978,-0.0137721086132981,-0.0195300892098562,-0.0228462886484898,-0.0242907449656709,-0.0279064634057231,-0.0307213666288024,-0.0332520923295242,-0.0342210759321873,-0.0336379837838855,-0.037244856263814,-0.0408799216899446,-0.0422528101479268,-0.0425809443767691,-0.0395517239040132,-0.0359656245424893
840,"USA","United States of America",NA,NA,NA,NA,NA,NA,NA,NA,NA,0.0158994913675157,0.0180301137272103,0.0163383662197596,0.0145566075369781,0.0129209984844916,0.011707163245817,0.00982942238973705,0.00786974918858596,0.0065280249738946,0.00316312746172964,-0.00396895048949919,-0.00611319359721763,-0.0101067504498524,-0.0148845846854028,-0.0162873391328924,-0.0148773083060922,-0.0137158748445503,-0.0131034606097645,-0.0104801304681369,-0.00639884289474024,-0.0074314531519446,-0.0116816795392798,-0.0115154323210955,-0.0123088485973354,-0.0122150405295538,-0.0103023893765415
858,"URY","Uruguay",NA,NA,NA,NA,NA,NA,NA,NA,NA,0.0450939337825087,0.0338628495555628,0.0256724057909989,0.0194201350151257,0.0043981980851806,-0.00131135337440855,-0.00265137314314568,0.00158862474017352,0.00674510979843834,0.0304449342744397,0.0601765100275884,0.0577459966959788,0.0610510134406488,0.0585230003169726,0.0395496951080887,0.0223741078416571,0.00564510413587316,-0.00514497757421384,-0.0255410832828837,-0.0217172218820668,-0.0183882727551209,-0.02714886441389,-0.0133192496757043,0.0056847312471191,0.0182440122979004,0.0254116789810306
860,"UZB","Uzbekistan",NA,NA,NA,NA,NA,NA,NA,NA,NA,0.0141657122738956,0.0163829575774144,0.0161781845651021,0.0216327978745399,0.0267294457112472,0.0262918247131578,0.0173506049228846,0.0102803398780236,0.00153439189917947,0.000237649082340668,-0.0091265752066102,-0.0177741333716336,-0.0189719142517873,-0.015065383828839,-0.0139909949170797,-0.0141530530798489,-0.0181534580414167,-0.0152091975605066,-0.0117574861779582,-0.00771218036509769,-0.0087273113472669,-0.0104541495488567,0.00019109318799404,0.00965513359880288,0.0171158014210413,0.0274711912932357
548,"VUT","Vanuatu",NA,NA,NA,NA,NA,NA,NA,NA,NA,0.0275630317073168,0.0358189382139162,0.0385223482687547,0.0321304053343938,0.0231538180697102,0.00897205581574312,-0.00297186943380264,-0.009509819448977,-0.00996163582122855,-0.00246410432275856,0.0227508765574918,0.0490166990038081,0.0710367118942083,0.0767051750773544,0.0731070854886904,0.082498078408556,0.0714516958922289,0.0604852883670386,0.0396100536502888,0.0339855862580045,0.0380086932760997,0.0526878274162554,0.0682245562052608,0.0613934851244138,0.0437255331496351,0.0469858745601799
862,"VEN","Venezuela",NA,NA,NA,NA,NA,NA,NA,NA,NA,NA,NA,NA,NA,NA,NA,NA,NA,NA,NA,NA,NA,NA,NA,NA,NA,NA,NA,NA,NA,NA,NA,NA,NA,NA,NA
704,"VNM","Viet Nam",NA,NA,NA,NA,NA,NA,NA,NA,NA,0.11681607794182,0.124969034121152,0.128293085251289,0.125679428098504,0.118227234367324,0.116301140010604,0.110063958181197,0.102842826628849,0.101192939211854,0.0997373401468598,0.0928633353152839,0.0880255368377925,0.0848584095058109,0.0758615680275612,0.067819832027521,0.0711923991075727,0.0807205564297275,0.0846968823548377,0.0812491667171196,0.0826068315786053,0.096424531925321,0.109402940378475,0.107537107257722,0.0935496639973317,0.0770534909079097,0.0661655945993804
876,"WLF","Wallis and Futuna Islands",NA,NA,NA,NA,NA,NA,NA,NA,NA,NA,NA,NA,NA,NA,NA,NA,NA,NA,NA,NA,NA,NA,NA,NA,NA,NA,NA,NA,NA,NA,NA,NA,NA,NA,NA
732,"ESH","Western Sahara",NA,NA,NA,NA,NA,NA,NA,NA,NA,NA,NA,NA,NA,NA,NA,NA,NA,NA,NA,NA,NA,NA,NA,NA,NA,NA,NA,NA,NA,NA,NA,NA,NA,NA,NA
887,"YEM","Yemen",NA,NA,NA,NA,NA,NA,NA,NA,NA,0.051562519166938,0.0646373848139101,0.0731733686997851,0.0774849281860066,0.0717119167071241,0.0704471252083769,0.0727267751467955,0.073190963678553,0.0687987553619005,0.0617889189661682,0.0614140314869662,0.0557815376457402,0.0422028957033578,0.0178400378305759,0.0145346120245022,0.0103655469041104,-0.00313291014869522,-0.00313702572456813,-0.00294986682065594,-0.00313558443169918,-0.00276918668928589,-0.00279151672439661,-0.00304436714720635,-0.0015254380446717,-0.00175599257964271,-0.00437889017581531
894,"ZMB","Zambia",NA,NA,NA,NA,NA,NA,NA,NA,NA,-0.0250107636983055,-0.0320316966989889,-0.0332731549643257,-0.0285504026560885,-0.0171737776958327,-0.00479289602082045,0.00537950504046947,0.00449780612753958,0.0195490772446096,0.0388365695411923,0.0477135235306008,0.0539264023695434,0.0615002247489196,0.0767445512503915,0.0897571137294455,0.104484796641193,0.114389320085226,0.116603744516608,0.121155866512528,0.126724001901828,0.127550174270672,0.125293946649429,0.1091832795205,0.104682175139345,0.0963291233753332,0.0889646023086574
716,"ZWE","Zimbabwe",NA,NA,NA,NA,NA,NA,NA,NA,NA,-0.0109821267570028,-0.0166128591507261,-0.0263013422466563,-0.0311850914515597,-0.0276623510514518,-0.00966979100156359,-0.00576608745648987,-0.00504051031318584,-0.00510097383736024,-0.00514652905084352,-0.00360475394882539,-0.00500856431452016,-0.00463605057506633,-0.00101797244198452,0.0121512838619697,0.021075570265717,0.0361495283610036,0.0405467641290538,0.0368347103213993,0.0239017017823242,0.00620107883063059,-0.0184436143121286,-0.0247501978345025,-0.0111133466405999,0.00293659215525155,0.0213035694519419
