"code","iso","country","CDB.raw.1980","CDB.raw.1981","CDB.raw.1982","CDB.raw.1983","CDB.raw.1984","CDB.raw.1985","CDB.raw.1986","CDB.raw.1987","CDB.raw.1988","CDB.raw.1989","CDB.raw.1990","CDB.raw.1991","CDB.raw.1992","CDB.raw.1993","CDB.raw.1994","CDB.raw.1995","CDB.raw.1996","CDB.raw.1997","CDB.raw.1998","CDB.raw.1999","CDB.raw.2000","CDB.raw.2001","CDB.raw.2002","CDB.raw.2003","CDB.raw.2004","CDB.raw.2005","CDB.raw.2006","CDB.raw.2007","CDB.raw.2008","CDB.raw.2009","CDB.raw.2010","CDB.raw.2011","CDB.raw.2012","CDB.raw.2013","CDB.raw.2014","CDB.raw.2015","CDB.raw.2016","CDB.raw.2017","CDB.raw.2018","CDB.raw.2019","CDB.raw.2020","CDB.raw.2021","CDB.raw.2022","CDB.raw.2023","CDB.raw.2024"
4,"AFG","Afghanistan",NA,NA,NA,NA,NA,NA,NA,NA,NA,0.059317875537628,0.0181130339633933,-0.0183813877383779,-0.0627577098287828,-0.0900594367521699,-0.105273049839821,-0.101523371499061,-0.0962084936017104,-0.0845545223050703,-0.0692902259875047,-0.0547699725083574,-0.0512746858700196,-0.0426132774067237,-0.0315879667814045,-0.0109188500943775,-0.00456230421472925,0.0255094741649227,0.0581138239679753,0.0976307293461169,0.152641222645822,0.206860967026198,0.251700178071462,0.289315748037166,0.298815248162903,0.283917279430311,0.22218401659984,0.173626247993435,0.109939028952465,0.0548171824979986,0.0209010727882353,0.0056348338892187,0.0062802584707089,0.0178002239061765,0.0220559332123402,0.0214926244963829,0.0189709446252908
8,"ALB","Albania",NA,NA,NA,NA,NA,NA,NA,NA,NA,0.0321786274109521,-0.00873914704060841,-0.039587154890189,-0.0905363878802017,-0.128579802853406,-0.160523093035979,-0.173327378458231,-0.17307926705828,-0.175386847001751,-0.156847776694281,-0.0846575874380987,-0.0244264033141016,0.0334470951372023,0.069008969143806,0.103350018292528,0.113984975620673,0.121569767594003,0.111672820044211,0.0750693466878136,0.042544397651753,0.0347336967282026,0.0285801386682236,0.0249789283612869,0.0231428251422565,0.031890778428366,0.0431367064852575,0.0366973415510943,0.0212773253013692,0.0146010408940309,0.00996699871002105,-0.000464433354974814,-0.00666031274933698,-0.00525318611838932,-0.0141414992616737,-0.0175402008399532,-0.00995892107248575
12,"DZA","Algeria",NA,NA,NA,NA,NA,NA,NA,NA,NA,0.0666522295467966,0.0776422654148243,0.06251643986969,0.0301261942954343,0.0111008464072599,0.0114011242583969,0.0153261047100355,0.0209327150907481,0.0225028452581615,0.0338839321162896,0.030248336344628,0.0183699218917464,0.00807305477217324,5.75480802860184e-05,-0.00509975994116996,-0.00875639142942553,0.00318552653386139,0.0131714700660686,0.0159525040732369,0.0296389309550347,0.0363715825082991,0.0359388112840062,0.03572546824075,0.0384378707751691,0.0417121828203626,0.0416276592166471,0.0509213842057676,0.050894800423537,0.050439147409524,0.0483028492867739,0.0475042366554601,0.0382911088539248,0.0318600461477283,0.0297013163979689,0.028956116494979,0.0275131366848893
20,"AND","Andorra",NA,NA,NA,NA,NA,NA,NA,NA,NA,NA,NA,NA,NA,NA,NA,NA,NA,NA,NA,0.0286192886301997,0.0338247628387269,0.0357574491933614,0.0351828899503608,0.0321592009363383,0.0280995931802723,0.0249379229678879,0.0192362880546488,0.0121790900518508,0.00698589683549811,0.00134337874902912,-0.00294510054773922,-0.00979977057713,-0.0153228586104975,-0.0205596951632926,-0.0225888234694198,-0.0201430344310283,-0.0180940407385041,-0.0152078201270971,-0.00789264632791231,-0.00316177763481351,-0.0120704611275789,-0.0155332296516387,-0.0162448665975138,-0.0174527483822104,-0.018318956160056
24,"AGO","Angola",NA,NA,NA,NA,NA,NA,NA,NA,NA,-0.00158074368695982,0.00303987842892228,0.00711918741112005,0.00419174549993007,0.0122569457418347,0.055842624794,0.0919890628832429,0.126778012613033,0.165693451388127,0.183016799717641,0.184334421734826,0.165507969403852,0.130453324480802,0.0833945534564255,0.0361598686712996,0.0215797059118474,0.00382718021825146,0.00242049543466649,0.0037146261790233,0.00989102063049474,0.0229630419948326,0.0346806627354241,0.0425811850062083,0.0522968712835679,0.0613566971088109,0.064431587839092,0.0579368024516829,0.0472517517008708,0.0291939466004087,0.0113968068752217,-0.00478997814774562,-0.0303080952067362,-0.0424964466199637,-0.0408840570728537,-0.0359896035989533,-0.0265183993631766
660,"AIA","Anguilla",NA,NA,NA,NA,NA,NA,NA,NA,NA,NA,NA,NA,NA,NA,NA,NA,NA,NA,NA,0.0509898973640688,0.0578631513293737,0.0595528913217855,0.058542888672374,0.0627771493435085,0.0678049095535316,0.0713793451628475,0.0761483436559731,0.0732412549508761,0.0689681273092513,0.0603508873179199,0.0563367757764031,0.0478794895203349,0.0328934193456432,0.0130956228865862,0.00181905757546796,0.00145748165048509,0.00638229320779238,0.00708703920140952,0.00898745169130932,0.0146114205299803,0.0176154353038196,0.0194538234026658,0.0193349543242092,0.0128118033262254,0.00982444269320415
28,"ATG","Antigua and Barbuda",NA,NA,NA,NA,NA,NA,NA,NA,NA,0.10600306800504,0.0966034209091831,0.0609693093388144,0.0870494963849697,0.0286016458093625,-0.00137530254975549,-0.00212502704172302,-0.00103125663844084,0.0090153425656363,0.0230211602521657,0.0394387930778293,0.0438509837951793,0.0483494188599334,0.0520293490763808,0.0556502558553369,0.0579409521310923,0.0581396138026029,0.0589727343011239,0.0594514139878966,0.0565156148614614,0.0535903615321685,0.0460046103938938,0.0360898079203316,0.0278378496645533,0.0204271318674456,0.0138437984511723,0.00976737079527612,0.00973457523703947,0.0110248788186305,0.0126816007485995,0.0169058630614412,0.0166284050778374,0.0161275258866682,0.0158294057974115,0.0136743122382597,0.0132082077905971
32,"ARG","Argentina",NA,NA,NA,NA,NA,NA,NA,NA,NA,0.0142444951402763,0.0165592532470531,0.0168561703122485,0.0180542708230678,0.0168082621336012,0.0152114666015746,0.0115719067242899,0.0102146467456687,0.0147554949113085,0.0221029205538807,0.0286947754388107,0.0275168614118049,0.0232325545715746,0.015122764715348,0.00880417547317913,0.00981718151972699,0.0127400869616114,0.019890052127699,0.0260311874509149,0.0349557293974843,0.0416194555011218,0.0460243071231314,0.0440865680297753,0.0330410837298472,0.0211561350962586,0.015485087691341,0.0104670338131301,0.00791817961946428,0.00324721798589267,0.00145646606151506,-0.00396506777205285,-0.0116424036483765,-0.00870767323303734,-0.0070120512637214,-0.00716952909038182,-0.009220087207367
51,"ARM","Armenia",NA,NA,NA,NA,NA,NA,NA,NA,NA,0.0222477895732818,0.0231196792543431,0.0099264516236568,-0.0152597870155687,-0.0777453521429341,-0.120464024340976,-0.135313028218952,-0.156781384482836,-0.153621290646394,-0.131106579066709,-0.102110006111348,-0.0550578219791352,-0.00663693329584036,0.0281290883815921,0.0212711752165164,0.0187321851191002,0.0371814811583573,0.0323344038466908,0.0469256015682982,0.0646212271948137,0.0536516068494939,0.0464407703740022,0.0463958064799719,0.0407165992200775,0.0331066773588495,0.024899022713089,0.0218100067235469,0.0136498171208044,0.0168153150050063,0.0278536601550077,0.0259068627772847,0.0221092369940219,0.0274640376430684,0.040612266116431,0.0455343513221349,0.0476056925276456
533,"ABW","Aruba",NA,NA,NA,NA,NA,NA,NA,NA,NA,-0.0100871601214728,-0.0066512561582982,0.000482542791812701,0.0165483745359702,-0.000129765631054934,0.0373895730920968,0.0946843817484617,0.0390260907651738,0.0332927126110663,0.0460932973127295,0.0598824639252211,0.114347714677105,0.156727066438582,0.180784081155379,0.201497433128198,0.205131494195794,0.19712711484509,0.171126109511225,0.133640134514878,0.0808572525737832,0.0154350906937923,0.00789319114473863,0.000347608436904068,-0.039705385960116,-0.0907757577874514,-0.125839765345314,-0.144823573558583,-0.152933641013589,-0.146838681538891,-0.133276761951566,-0.110239387523801,-0.0773414333893457,-0.0279386320178633,-0.0027843397872237,-0.0020424551117586,0.00124742791591781
36,"AUS","Australia",NA,NA,NA,NA,NA,NA,NA,NA,NA,0.0215233053139567,0.0275003976427648,0.0330448044077436,0.0375976194340619,0.0363077152478175,0.0350224219666726,0.0343143126534311,0.0308762989400664,0.0279736678460549,0.0253358582867571,0.0246796061414294,0.0267948657817754,0.0276206759985143,0.0273270295616272,0.0263330529790589,0.0250354113378586,0.0235100246295639,0.0215225797601462,0.019595798479396,0.018569367919202,0.0175282982283147,0.0153230603663499,0.0126521146053444,0.00954453445848613,0.00564316818089639,0.00216798466150103,4.32622948087769e-06,-0.00033298491578071,0.000541343019002216,0.00205887640750824,0.00373086214774232,0.0026430095703287,0.000164243944036135,-0.00227125476718604,-0.00520981459384318,-0.00826126918081449
40,"AUT","Austria",NA,NA,NA,NA,NA,NA,NA,NA,NA,0.00226833833108397,0.0076690123411014,0.0188067127073039,0.0203262692628228,0.018323512433422,0.0179442464152406,0.0189439442698616,0.0199554863067164,0.0225439652066115,0.0173788168123961,0.0092696302400177,0.00903846300301514,0.0150629003304095,0.0158024085487374,0.0188575597708229,0.0195463021013742,0.0214797454685378,0.0226303922917217,0.020062912322278,0.0154763829883655,0.00367315802737611,-0.00409135334392674,-0.0105500883181475,-0.017316437681954,-0.0180957342001057,-0.0199552685944767,-0.0165788001598202,-0.0123368778038603,-0.00696020431765831,-0.0037876468385446,-0.00412097087186114,-0.00491100399134081,-0.00287032019978373,-0.00631067194396262,-0.012315021462478,-0.0202894190093594
31,"AZE","Azerbaijan",NA,NA,NA,NA,NA,NA,NA,NA,NA,0.0164692403768651,0.0152191683834713,0.010098574327871,0.0114355187333244,0.0032277029192842,-0.0123904822717376,-0.0336212130835556,-0.0501927670215436,-0.0660898592293007,-0.0714216270062953,-0.0762409547745214,-0.0731908095105771,-0.0678900833956969,-0.0485551828846609,-0.0270544726369795,-0.00594017225653976,0.00653643411117555,0.0150326727509025,0.0115364287738551,0.0174877589004105,0.00933798545959963,0.00029078210913358,-0.00582252089855351,-0.00788215993149388,-0.00600405308423191,-0.000278837176580837,0.00917463868932211,0.0192607986137503,0.0198215692614394,0.0248875053331921,0.025650693765553,0.0171712656351548,0.0146746599255572,0.0187791697911663,0.0237846511088349,0.023430684394764
44,"BHS","Bahamas",NA,NA,NA,NA,NA,NA,NA,NA,NA,-0.116654863247972,-0.0367383222486534,-0.00466842159495051,0.0143481626976998,0.0243740649990278,0.0314140374449734,0.0271081284837518,0.0149955470565861,-0.00603786458382893,-0.0115460865221245,-0.00345165407495485,0.0065725036822204,0.0135637044838108,0.0188716192051241,0.0194554036461687,0.018320411713425,0.013993833574522,0.00681028417759832,-0.00802402008935887,-0.00915437256615059,-0.00215979945686107,0.00586267028611731,0.00696299388679322,0.00839419411868159,0.00944357756474501,0.0121323038072245,0.0141952603796249,0.0128358776890511,0.0161684443729633,0.0160755648992619,0.0222494100764583,0.0174206316871863,0.0256587214008133,0.0333730995118906,0.0345106555517196,0.0352016031352642
48,"BHR","Bahrain",NA,NA,NA,NA,NA,NA,NA,NA,NA,0.0476898341266663,0.0403914468076443,0.0329620322217086,0.0270589072833152,0.0349473112410528,0.0329827001516538,0.0339799738780888,0.0400858880088704,0.0485299730818856,0.0591465121720511,0.0619017682931431,0.0608431351203942,0.0536194760614779,0.0347910372217595,0.0431287093419042,0.038538904078883,0.0390667848234709,0.0375659474084671,0.0420416430256627,0.0510658110306716,0.0511757637612085,0.051322306065624,0.0467019310029895,0.0361945167749482,0.0326614557985607,0.0244614003018242,0.0241495754583594,0.0175268926283614,0.0166840244932487,0.0198673459630847,0.0263365650134419,0.0313487324040782,0.0300415085406966,0.0248222416777999,0.0263518244062206,0.0249323845183649
50,"BGD","Bangladesh",NA,NA,NA,NA,NA,NA,NA,NA,NA,0.0726154462155901,0.0737680684599529,0.072290462330012,0.0709467935309362,0.0614500098106954,0.0557210951305895,0.0601920908134508,0.0645516676338611,0.0674078223275698,0.0712047682136048,0.071980711461201,0.0715040112768541,0.0753313240178204,0.0742486292267741,0.0694178030174877,0.0655320806326571,0.0680576769406975,0.0704369841143417,0.0707674160547875,0.0669248051460984,0.0647044643844086,0.0632360498118181,0.0654142722201623,0.0663486012011278,0.0671888063944774,0.0670413308446887,0.0696844241685286,0.0738393589265951,0.0741781021931169,0.069714754389874,0.0679562282658128,0.0649637820618278,0.0583066772116243,0.0514658590599777,0.0448457142232683,0.0371794783095196
52,"BRB","Barbados",NA,NA,NA,NA,NA,NA,NA,NA,NA,0.0533633129402034,0.0567043328072951,0.0633133665654941,0.0576524712194806,0.0363169033530801,0.0176862399460307,0.00952803983992401,0.00584039829189398,0.00762428031832618,0.01049179913826,0.0164574362782364,0.0226274949695715,0.0349434405305467,0.0453958493785602,0.0408926700511743,0.0332181018002276,0.0282219558029921,0.0224862070725236,0.0190730397980852,0.026030309151714,0.0316402623427685,0.029734509481933,0.0276027515965651,0.020727479259137,0.0134513127379638,-0.000405159648281694,-0.0132431737455857,-0.0217753754190441,-0.0284350256320618,-0.0219843761924161,-0.0167020232513444,-0.0198963598252589,-0.020874455082755,-0.0157618932719418,-0.00915856218309141,-0.00653149917136486
112,"BLR","Belarus",NA,NA,NA,NA,NA,NA,NA,NA,NA,0.0230228977094284,0.0197233418220555,0.0115825528971025,-0.00218480776551455,-0.0223616695975086,-0.0481867074435873,-0.069906935881183,-0.0764820868430633,-0.0806863671292716,-0.0778532375454946,-0.0726919224672617,-0.0635337578089055,-0.0498883288619744,-0.035431705257202,-0.0226476340572042,-0.0134502916399577,-0.00855808237460121,-0.000250292782762229,0.00659425530582958,0.0144778205233858,0.0173729964281442,0.0177699818179859,0.0144225124502371,0.0104472178843711,0.00761413875912176,0.00627927902803926,0.000694972415058892,-0.00269131767299091,-0.00584574111750813,-0.00353611872872917,-0.00355345053288392,-0.00456947571662025,-0.00458383605186363,-0.00661668726523612,-0.00724489026729935,-0.00656914399285813
56,"BEL","Belgium",NA,NA,NA,NA,NA,NA,NA,NA,NA,-0.0253365192749989,-0.00629430849596846,0.0100208570006206,0.0225514534385285,0.0241629307634947,0.0275454192187257,0.0286551476340042,0.027841679931367,0.0218366990077921,0.0143493116901188,0.00585403127815631,0.00440757005800241,0.00371024274493137,0.00261970506511178,0.00112421247889039,0.00101868550173667,-0.000215663777122344,-0.000343085895787798,-0.00433165062081986,-0.00483695547364138,-0.0131293624401712,-0.0152935232296821,-0.0211874512419622,-0.0258620652810537,-0.0271154780274202,-0.0285401066401301,-0.0259671054845544,-0.0225567763857227,-0.0186749406177151,-0.0120947292079518,-0.0107342281438727,-0.00926713881248531,-0.00859131217967879,-0.011919958064357,-0.0159372415243204,-0.0209126640348629
84,"BLZ","Belize",NA,NA,NA,NA,NA,NA,NA,NA,NA,0.0513559339168919,0.0716863999947552,0.0989686317719476,0.103365689216073,0.101694492731638,0.0890343941187872,0.0742400552443148,0.0444275374818268,0.0303346326550933,0.0134094572869341,0.00110256561860389,-0.00350285113657833,0.0135081399786967,0.0185629846835089,0.0253085943058988,0.0242478384500069,0.0268031957195043,0.0175201451274578,0.0231262812791901,0.0180554333451977,0.0164155334072944,0.0214074436135456,0.0342857271201367,0.0311475994070629,0.0269089861168312,0.0182771381165103,0.0282624039829924,0.0353301930922163,0.0409792529202544,0.0355040973410989,0.0452956637270405,0.0440966743362463,0.0479743961712324,0.0385964752146228,0.0272060620587267,0.0161610776634915
204,"BEN","Benin",NA,NA,NA,NA,NA,NA,NA,NA,NA,0.0340178973049305,0.0408676159105845,0.0343341490943909,0.0356131539811861,0.035906961890465,0.0415014685776376,0.0708566273942164,0.102440710197153,0.107693674434121,0.0997163633724549,0.10609053585574,0.101498594307005,0.097631319824538,0.0995728214209268,0.10741776499375,0.114514700988894,0.10859923464932,0.123684765161736,0.137060170955263,0.127141618279292,0.125130125842041,0.115527643955043,0.098006633161269,0.0829936783158285,0.0697789551423358,0.0566651006523711,0.0393042681422402,0.0330487349428936,0.0345752169900586,0.0326984880902013,0.027308111787381,0.0289586305711214,0.0281324812385828,0.0255884418860659,0.0199860810723238,0.0154966240361814
60,"BMU","Bermuda",NA,NA,NA,NA,NA,NA,NA,NA,NA,0.0653308566964883,0.0595829917790465,0.0480052556075274,0.0250856198203806,0.0180343038401618,0.00699472369806253,-0.00502055156112979,-0.0236091057713584,-0.0252059088834975,-0.0182828030184604,0.00317880244863744,0.00085402457322048,0.00403799954223172,0.000128425475694138,0.00459796991861694,0.00979408840021301,0.0138837211322034,0.0229739941513218,0.0349110555836509,0.0353548032251489,0.0147878662887098,0.00955216126861447,-0.0129999579844019,-0.0395571970795249,-0.0406334676303255,-0.0270760969835958,-0.02599032648657,-0.00949184809284376,0.0174671468091414,0.0429209117714116,0.0370696429317112,0.0279791525604351,0.0113924726087435,-0.0178703165795306,-0.0264094441142706,-0.0184545268645054
64,"BTN","Bhutan",NA,NA,NA,NA,NA,NA,NA,NA,NA,0.189015562439943,0.12757744152222,0.108168822691566,0.0908524669710327,0.0711822101762825,0.0673234853022429,0.0709167758353162,0.071064965745582,0.0998333497713233,0.119811377490662,0.10388845371459,0.106407145128254,0.108121156274901,0.112234503173136,0.0928534927793458,0.0646860857516243,0.0520011327635568,0.026082777815537,0.0130108406172598,0.0259316064357147,0.0357524477069375,0.0565272527544147,0.084358430854262,0.115255981285839,0.141459060885785,0.148490912015061,0.161888956384358,0.145251848486677,0.111559073508757,0.0965586340563285,0.0690184526453941,0.0368514799998325,0.0192225092288085,0.00979139348712077,0.00616110868377784,0.00368520075477807
68,"BOL","Bolivia",NA,NA,NA,NA,NA,NA,NA,NA,NA,-0.00552410504812717,0.0466668290167618,0.0961665461479557,0.132744952662206,0.159333275973518,0.156215885767332,0.138370320599058,0.110010696856308,0.0834275621049463,0.0461446853293741,0.00672861030520511,-0.00877787746502301,-0.0169804672550481,-0.0104630078021563,0.00284817243807489,0.00512707901638088,0.00733520947272681,0.012936437002623,0.0283349924455831,0.0413619781742705,0.053322211409865,0.0490479766808463,0.0447779788383373,0.0501320519462636,0.0532205467981901,0.0570858920680719,0.0611838841247418,0.0631228331848603,0.0626756094529497,0.0575292939562677,0.0488807666403799,0.0277995303146532,0.0194987364246981,0.0178647512998071,0.0160487066437263,0.0264302490276382
70,"BIH","Bosnia and Herzegovina",NA,NA,NA,NA,NA,NA,NA,NA,NA,0.0229186530540277,0.0185981915380242,-0.00127113430186176,-0.0198169208131532,-0.0414924362978402,-0.123295336041424,-0.176950123176205,-0.199191048019713,-0.177380934898381,-0.133577108597743,-0.0814991379132939,-0.00385112370156626,0.0586114367180124,0.134898949220886,0.204055620086399,0.168970541339021,0.120242389618123,0.0737500184671043,0.0589209143941161,0.058788353839625,0.050698879156353,0.0553426506248964,0.0588810976845091,0.0555323883932783,0.0465542390320486,0.0306865284399915,0.0123389986658289,0.00688075607227145,0.000120691918007232,-0.000822841408645747,-0.00429401063404722,-0.00592286634481864,0.00151901557425127,0.00423974825270523,0.00440675695380777,-0.00365947700938796
72,"BWA","Botswana",NA,NA,NA,NA,NA,NA,NA,NA,NA,0.054084173024503,0.0757538649525717,0.0879406079716547,0.0946518020225091,0.0969305147491679,0.0852486930682028,0.0784149598369752,0.0539750375357719,0.0349414608371161,0.0266721308919491,0.0163414459203695,0.0247278141404599,0.0283167743937773,0.0326614439116215,0.0400278739458952,0.0425034181133312,0.0450165290873397,0.0373513028312698,0.0270516923462545,0.027320744226299,0.0114368180840574,0.0142909309114805,0.00956625425091295,0.0192726889599912,0.0295148297399148,0.0469834439269943,0.047555888892377,0.0542141653860069,0.0632937478440043,0.074872976466859,0.0672978062585001,0.0518226991985611,0.0287948544124139,0.0212795180943299,0.0154734305867672,0.0211483470182834
76,"BRA","Brazil",NA,NA,NA,NA,NA,NA,NA,NA,NA,0.0247111581282202,0.0340154669707007,0.0383174555408468,0.0400526545593589,0.0381349904983386,0.034251125590157,0.0333032518494623,0.0377794325236811,0.0438069076515333,0.0472870989332075,0.048598750663625,0.0487661527725607,0.0476642444691877,0.0428813053302863,0.035706571678588,0.0296293327287969,0.0234960074128445,0.0193436970355498,0.0193983535546405,0.0218011014854058,0.0198717618380191,0.0252075192956167,0.031245068572068,0.0382063643141872,0.04383187035918,0.0499300022555464,0.0481262260151043,0.0384246276272187,0.0297742099032872,0.019586199390532,0.00392919381422496,-0.00922061520068296,-0.0137510742749325,-0.0160755479731356,-0.0131811753451044,-0.00622737779182014
92,"VGB","British Virgin Islands",NA,NA,NA,NA,NA,NA,NA,NA,NA,0.0878087815908959,0.0733218416613408,0.0836119238536748,0.0797110367466403,0.0749870909732031,0.0632228285309933,0.0533559581286955,0.0525236453866706,0.0550661843317928,0.0552507630216603,0.0556425074892097,0.0509171163433122,0.0513917053411113,0.0561420762319147,0.0599982007555735,0.0625828473753656,0.0619618513892475,0.0665307417976835,0.0671660677364014,0.0625942516840825,0.0583817074673727,0.0547481572365318,0.0488349028394299,0.0425074536471295,0.0356520020330313,0.0285137923570187,0.0237749870848418,0.0219937747599985,0.0056894026475367,-0.0145668457812432,-0.0229535705003443,-0.0258147808608398,-0.0267362128567685,-0.0253735475865543,-0.0215963221401808,-0.0130281105456552
96,"BRN","Brunei Darussalam",NA,NA,NA,NA,NA,NA,NA,NA,NA,0.0451596537339414,0.123941246713981,0.13865393786123,0.155159680288194,0.152665333829758,0.106874539722685,0.0775174910539289,0.0309388074324848,0.00112973910917669,-0.00489752179632075,-0.000111245312137576,-0.0111171110109716,-0.00475629693372559,-0.00251758079560438,0.00200317907574799,-0.00230444674709018,-0.00614035271530922,0.00684394788183607,0.0270404405640594,0.0445433176959424,0.0509780399718991,0.0550384907201085,0.0637411642497088,0.059545738530629,0.0458032066470748,0.0358255950257207,0.00136294494441858,-0.0118221063869811,-0.00691220189718667,0.00492733657436362,0.00661828854002855,0.0165636219214806,0.0372640631310492,0.0579142533207206,0.0612713849035607,0.0665432988486052
100,"BGR","Bulgaria",NA,NA,NA,NA,NA,NA,NA,NA,NA,0.0105225247800662,-0.00410301024088189,-0.0277811547800612,-0.0441958415513746,-0.0541346124092834,-0.0629639286448286,-0.0639043297407398,-0.0580960693294656,-0.0494722297394664,-0.0407657537947975,-0.0337019471435462,-0.0280721674022383,-0.0265682042720251,-0.0301389317498393,-0.0252119563022097,-0.0218362179038343,-0.0140054570053691,-0.00254996457822632,0.0113110916033354,0.0203516742773477,0.0107788822194634,0.00260484800019567,0.00459723134624679,-0.00364520816537894,-0.0131896308149223,-0.0187164635197441,-0.0183454247636879,-0.0189868800258407,-0.0109147229717494,-0.00754344373625992,-0.0141919570843178,-0.0245860333497895,-0.0170604231723819,-0.00754154533089657,-0.0224837661099714,-0.0355353077112868
854,"BFA","Burkina Faso",NA,NA,NA,NA,NA,NA,NA,NA,NA,0.0280913792485307,0.0185397222403791,0.0263122050968994,0.0343558344482999,0.0434154620081284,0.0370290890017486,0.0280370143916642,0.0208894094145677,0.0164178283600998,0.0175856994692192,0.0521565766332019,0.0551829669163639,0.0652535705798087,0.0685073717292661,0.071093913564886,0.064492765975452,0.0512445585359225,0.0438443428291215,0.0495669630882751,0.0598596580963238,0.0755433308353963,0.0805465863631216,0.0900277544786594,0.102113376885199,0.114413007976513,0.111383609140221,0.111457737612005,0.106166656781999,0.114831886201674,0.125588805907838,0.127187645405951,0.119391293796392,0.110742300434673,0.104044279825283,0.0883590748838967,0.065696149673514
108,"BDI","Burundi",NA,NA,NA,NA,NA,NA,NA,NA,NA,0.067105228366678,0.0442329401298516,0.0297414528284097,0.00505460552944448,-0.00273924682369309,-0.00541562477114443,-0.00479009474933334,-0.00266546397850265,0.00477190325213317,0.00605013753219663,0.0180288144380527,0.0178673927391342,0.00797206083651947,-0.00455443161172775,-0.0258599308497693,-0.0328047404943911,-0.048619477570544,-0.0497160530389154,-0.0459434460491667,-0.034843061343935,-0.0163866567368338,0.0331549880586417,0.0751712779417564,0.108709455911427,0.123933950710796,0.125749184702385,0.102775405668421,0.0930270850273185,0.0834724633423294,0.0792093045895343,0.0683873971687536,0.0780294741940619,0.0955195012985786,0.108657139993325,0.120542856509594,0.108446875783772
132,"CPV","Cabo Verde",NA,NA,NA,NA,NA,NA,NA,NA,NA,0.0451892539454426,0.154744397913342,0.158938567455959,0.154065314424135,0.123408528121609,0.137457008397606,0.148813454795907,0.127352645632257,0.114061175951214,0.0839909104071566,0.0557814940889958,0.0703817017350705,0.081853512801147,0.0957240707877274,0.0993401697647727,0.0961957184695399,0.0923337272924698,0.091393002816633,0.083448129630078,0.0657017090357608,0.0573354482679616,0.0474605577498486,0.0464919430079656,0.0337098682095534,0.021971132650513,0.0101205401349105,-4.29868384553833e-05,-0.000734683311813589,0.00316565962541837,0.00107467518428495,0.00891805876757257,0.00809181342288467,0.0218214449349667,0.0230034652950422,0.018532375605057,0.0139196161713384
116,"KHM","Cambodia",NA,NA,NA,NA,NA,NA,NA,NA,NA,0.0543878073808748,0.103093163199996,0.13939036944039,0.16713449984043,0.183915873372727,0.192563731685907,0.187922590322941,0.168573216395798,0.1306953915547,0.0951115678161247,0.043022967505989,0.0485691361095137,0.057157878663157,0.0591011556732297,0.0595166598354948,0.0553386880190396,0.0481861782616146,0.0514748592422476,0.0560147398532145,0.0739309462677313,0.0920616322045205,0.108656430691048,0.123673629073045,0.127769334132167,0.122854808042723,0.115757144088181,0.105093150952636,0.111456672546483,0.12292130742774,0.135348169840463,0.160121918898004,0.181014968928977,0.184191224726559,0.172410950373084,0.144659166802989,0.113837942563725
120,"CMR","Cameroon",NA,NA,NA,NA,NA,NA,NA,NA,NA,-0.0586935375097365,-0.0894402170861152,-0.0949906641423938,-0.0816925795816364,-0.0534349350732296,0.00918642204555287,0.0892983873917019,0.09575488336244,0.0758295635465265,0.0534763724956742,0.107710918245732,0.0936837263957411,0.0713377660948369,0.0390747611426574,0.006704461884667,0.0021154332468496,-0.000589334138027642,0.00428239625727111,0.019752914851517,0.0307001736482384,0.0447018538409303,0.0562082029801039,0.0603206192487304,0.0532131661705364,0.0479781029748594,0.0449699791151212,0.039656296068536,0.0283457387021497,0.0280627466719034,0.0252672110729717,0.028077087881571,0.0287030177624832,0.0252813554061289,0.0156371309807952,0.00459143153265629,-0.00186288795497458
124,"CAN","Canada",NA,NA,NA,NA,NA,NA,NA,NA,NA,0.00590236911443554,0.0115645243069242,0.013786073924984,0.014667099918259,0.01325149233636,0.0146946502755787,0.0155931922086279,0.0136530526780745,0.0147070089000028,0.0179778543741715,0.0219461904993394,0.0255020420760392,0.0244118388481243,0.0231856278938589,0.0212696899505782,0.0181824155689092,0.0140391812928937,0.00991006760350066,0.00857002661644679,0.005224260402934,-0.00055957892614944,-0.00221408116286215,-0.0036784629248322,-0.00470296228454392,-0.00305509241231139,-0.00205401900161895,-0.00168212414210955,-0.00253635203573854,0.000865492623002062,0.00376771405804366,0.00305628033527361,-0.00229406603050974,-0.00457660252376135,-0.00540681365650364,-0.00534611339553437,-0.00643268234500949
136,"CYM","Cayman Islands",NA,NA,NA,NA,NA,NA,NA,NA,NA,NA,NA,NA,NA,NA,NA,NA,NA,NA,NA,NA,NA,NA,NA,NA,NA,NA,NA,NA,NA,NA,NA,NA,NA,NA,NA,NA,NA,NA,NA,NA,NA,NA,NA,NA,NA
140,"CAF","Central African Republic",NA,NA,NA,NA,NA,NA,NA,NA,NA,0.093495203501339,0.065835068920471,0.0511828393364704,0.0371710958147671,0.0223125346185837,0.00863230624534839,-0.004153927989762,-0.0189280673090986,-0.00456272452786444,0.00516769779742909,0.0234979848123666,-0.0118468200012661,-0.0317724570028106,-0.0570031301748504,-0.076390810377078,-0.0813682343577202,-0.0791236851454143,-0.0661434573313128,-0.0418118139096404,-0.0129790837038866,0.0261003013988743,0.0339160638994025,0.0423338918198839,0.0460221883182299,0.00941832226970729,-0.00513285610029857,0.00267355319949392,0.0223168132104175,0.0529368409227633,0.0715579097608818,0.0927005120586661,0.115642816335829,0.128646885098043,0.144913261696205,0.109506386128174,0.0766383132594577
148,"TCD","Chad",NA,NA,NA,NA,NA,NA,NA,NA,NA,-0.0875327609130974,-0.0323587310464227,0.0204151461587532,0.0689037174599783,0.110017805716028,0.14995070471998,0.169129659844025,0.181676632304484,0.187859945536837,0.100061780578437,0.0258533844958659,0.0258889441952803,0.0267425467509046,0.0296219399360982,0.0572995602070283,0.0797910258094852,0.0959168335647309,0.10631578853377,0.115881555119266,0.101967510750492,0.101367732136379,0.0911125869668392,0.0733208029656514,0.0655417522640744,0.0889351059054202,0.10611965303347,0.118080260303268,0.120496875350252,0.119108238601807,0.0922354234724054,0.0747895508666296,0.0518477732753282,0.0305807048338151,0.0245442111879244,0.0256157044652179,0.0256843267529041
152,"CHL","Chile",NA,NA,NA,NA,NA,NA,NA,NA,NA,0.0209340158486864,0.0445387461825284,0.0593661854128074,0.061048517900606,0.0613465535162854,0.065865012155343,0.0662532424931208,0.0690460021938593,0.0715862390265118,0.0758595823289947,0.0876094153170417,0.0899535258129762,0.074254256371461,0.0564204891381628,0.036771992854848,0.0228920454563606,0.0115731151206515,0.0082084274269123,0.0166463564373558,0.023939796084705,0.0297041011276065,0.0356922545891114,0.0373683919785228,0.0377294406858004,0.0352177632109172,0.0298127990049812,0.0261755478865127,0.0237974084163275,0.0244640357422974,0.0232121736967994,0.0199185913046092,0.0102669536068825,0.0076243622716683,0.0068372977761324,0.0014408113009523,-0.00597712397283334
156,"CHN","China",NA,NA,NA,NA,NA,NA,NA,NA,NA,0.0650358615429745,0.0632659933220687,0.0571909850059917,0.0521626286855819,0.0478274260000546,0.0459736991344708,0.0476782586057882,0.0489034731652158,0.0487868939269296,0.0454504832633711,0.0422970762477231,0.0366257477824645,0.0310746948895402,0.0294058422067003,0.0364362335794999,0.0455322740079971,0.060645726645544,0.0774823832477536,0.0910110759546108,0.096501070364267,0.098478993078698,0.0970484117292381,0.0918037800107601,0.0826819344457583,0.0752132594145247,0.0639964359524683,0.0524278465852996,0.0406186808519373,0.0302739718314999,0.0223459715624474,0.015862033508445,0.0125502096948813,0.0150710178092344,0.0193047634626393,0.0246682181895734,0.0283048238914392
170,"COL","Colombia",NA,NA,NA,NA,NA,NA,NA,NA,NA,0.0197490363004476,0.0226471373211248,0.0223126622723282,0.0255650845193975,0.0319932152169531,0.0378246007828895,0.0319467701324831,0.0247048586479439,0.0217919686655486,0.0187323473860543,0.00470228410096829,-0.0041922607081254,-0.0129183077849087,-0.0172924258904412,-0.0168868279486627,-0.0141058301875321,-0.0111910207424223,-0.00619054778940675,0.00253175301425368,0.0181554901507934,0.0259307423370132,0.0344464293082598,0.0394511703456515,0.0421316664138864,0.0477558080410947,0.0482990616268,0.0487518037971573,0.0468282098584378,0.0328062978605679,0.0264769169216603,0.0259185403273228,0.0208830452528475,0.0196456633705295,0.00931549669008147,0.00416090632128996,0.00432923088322523
174,"COM","Comoros",NA,NA,NA,NA,NA,NA,NA,NA,NA,0.00574735870012688,0.0197292434593273,0.0337670186803591,0.0469553897487951,0.0554459110223124,0.06208961529596,0.0660422232653362,0.0581460609438815,0.0514542812593608,0.0482685616513667,0.0428298918537682,0.0473035389362555,0.0514559190092236,0.0533297818120206,0.0638558270344101,0.0754979163658096,0.0784138799616192,0.082961887776366,0.0537347716567427,0.0297161579866756,0.0205036829338128,0.0216556815209901,0.0129165573777958,0.00470535951399764,0.0179767463901785,0.0287934844045166,0.0399150027655089,0.0676001699990274,0.0749293465540579,0.0775608038953988,0.0878814589239125,0.110312661480111,0.131072738028331,0.144567371517848,0.155513949083349,0.144352042008739
184,"COK","Cook Islands",NA,NA,NA,NA,NA,NA,NA,NA,NA,-0.0982163574741745,-0.0846822592224455,-0.0231140919220395,0.0314115592256283,0.097364375964976,0.105476236052601,0.104330625948218,0.103193301952736,0.0907966402146945,0.0675190705490032,0.0340634029284801,0.0323044471377294,0.031414581082468,0.0142383420076884,0.0064775481047048,0.00184913499207462,0.00265675630144724,0.0168129990253703,0.0280327055514245,0.0362148453054751,0.0380438780006958,0.0437448423059539,0.0561699211937576,0.0513403529752465,0.0444304895607923,0.0360767978661325,0.0287009778259792,0.0260417164438234,0.0214789188926732,0.0150380474930802,0.00547402576569223,-0.0106070787564081,-0.0136184575216229,-0.0103523732890315,-0.00677197819477837,-0.00012278107111674
188,"CRI","Costa Rica",NA,NA,NA,NA,NA,NA,NA,NA,NA,0.0343455993636923,0.0468131632828368,0.0577813131315641,0.0659359194431384,0.0693496264939641,0.0778874570060009,0.078067795384088,0.0768936769515673,0.0746817678989378,0.0730855815276426,0.0667733470578797,0.0516219228181221,0.0401214450063345,0.0363557341362015,0.0318472422807747,0.0428933912877618,0.0438532998360412,0.0415919906483064,0.0446823977079709,0.0462394470880472,0.043363560288421,0.0337326831395106,0.0220615746432917,0.013506388490049,0.00946340184331751,0.00697209327044268,-0.000927562612539679,-0.00348051694197105,0.0019955528776201,0.00747505290101502,0.00869138514802104,0.00100370315125486,-0.000208534371116564,-0.000200691751158444,0.00492087151652654,0.0115964255132732
384,"CIV","Cote d'Ivoire",NA,NA,NA,NA,NA,NA,NA,NA,NA,0.0731978629948378,0.055323497433835,0.00891800322422509,-0.0192827375916813,-0.0409186905314396,-0.0661290650504782,-0.0483546959704572,-0.0333947298349154,-0.0059060600776093,0.0312452316632856,0.0628186681332747,0.06488592670078,0.0636845226752702,0.045568072199051,0.0197474584637491,-0.00175778220900524,-0.00147601588293056,0.00395322457990188,0.00572592092673374,0.00451963251792287,-0.0126324514214038,-0.0180778864896939,-0.0108271867412578,0.0113726321470065,0.0161146096419951,0.0374128504916766,0.0550477949497641,0.0764497653446479,0.0885420373492736,0.0851481188782941,0.0645379235443839,0.0456096073059773,0.0352092991306718,0.0375387521111024,0.040086545093087,0.0425734821088721
191,"HRV","Croatia",NA,NA,NA,NA,NA,NA,NA,NA,NA,0.0229301861360027,0.0220732396426877,0.00738760198936328,-0.0130747136146572,-0.0259124519257596,-0.0359899534355725,-0.0395380855568773,-0.0362317690109512,-0.0282385348181234,-0.0152167078669663,0.00233009918413285,0.0234329601459566,0.0294808130097701,0.0334984629391841,0.0389581671718053,0.0362571650541057,0.0334086183344007,0.0290866612537086,0.0287230410555437,0.0234935099567555,0.0149784717436059,0.00212885301659949,-0.00861592495717478,-0.0198838278675669,-0.0274501189322842,-0.0354716003079883,-0.0387724325777121,-0.0375440793495724,-0.0279311729714089,-0.0213475726641142,-0.0160606511706294,-0.0136971514580797,-0.00818623226377724,-0.00527540943763061,-0.00102741731230249,0.000402452548949883
192,"CUB","Cuba",NA,NA,NA,NA,NA,NA,NA,NA,NA,0.0117476619424528,0.00134189392223427,-0.0106056555595319,-0.0305357434159274,-0.0538546409778469,-0.0641498473731923,-0.0663550762885052,-0.0617222913432203,-0.0488972856319446,-0.0302186630215426,-0.00599224379667063,0.0126511762212944,0.025738661082148,0.0232390162339524,0.0159498240933986,0.00870136765318419,0.006756463062906,0.00690208619848343,0.00737968823938151,0.0101594080853775,0.0128575828999891,0.0247020439740879,0.0244617421478948,0.0243153239146168,0.020149283944338,0.0111309599503353,0.00732464281538503,0.00223035833822482,-0.0125940763932183,-0.0251976565850848,-0.0354940959662852,-0.0359137033885909,-0.0363668437024266,-0.0313307095219718,-0.0265715169674829,-0.0188214250120949
531,"CUW","Curacao",NA,NA,NA,NA,NA,NA,NA,NA,NA,-0.131659459041102,-0.115056764894619,-0.105548664225242,-0.0902057561046221,-0.0815566333812836,-0.0169405913429004,0.074920202458467,0.0631896406946433,0.0399586766700961,-0.138997458932712,-0.146600390913762,-0.0942709022471199,-0.0525396208042472,-0.0268353727256084,0.0235492778753341,0.0763201460742033,0.129218932697313,0.180787355201379,0.243451666280399,0.0736169773314859,0.0219701905178831,0.0033282568241737,0.00192199699305928,0.00882870991193396,0.0094876035730751,0.0185154228071542,0.0277238061584126,0.025846149614168,0.0176937964093717,0.00157133379775365,-0.0408033095737892,-0.10287005000666,-0.136955542438847,-0.14809944445927,-0.151762586064013,-0.135652151157621
196,"CYP","Cyprus",NA,NA,NA,NA,NA,NA,NA,NA,NA,0.0412813156323719,0.0520424330993872,0.0604636995670462,0.0678808445186829,0.0705132350851749,0.0696077814420517,0.0574982895006388,0.0504781566655406,0.0477722490581756,0.0427020636448494,0.0379367097667593,0.0329833106290041,0.0285960178531632,0.0267247514939977,0.027494810110801,0.0293412351949969,0.0276062934499384,0.027660834589597,0.0272039526727648,0.0276001148005627,0.025617213060902,0.0209806952166995,0.0116302697922204,-0.0010075149144293,-0.0154809518896426,-0.0234232113375233,-0.0284042276437078,-0.0269853412994159,-0.0211527095090648,-0.0131720528834636,-0.00502438417722428,-0.00128727882390023,0.00238529840060053,0.00367640985081308,-0.000412784908777941,-0.00126023364555783
203,"CZE","Czechia",NA,NA,NA,NA,NA,NA,NA,NA,NA,-0.00337461546156193,-0.00818716624086357,-0.0175734682777173,-0.0262448809856796,-0.0342848542480159,-0.040020758414429,-0.0430270021756322,-0.0403376942737608,-0.0362872462510089,-0.0314662799198072,-0.0293555284537986,-0.0211471752780051,-0.0163004914799928,-0.0123260759334985,-0.00742771225880978,-0.00469862077567007,-0.0031986749880083,0.00091158195904395,0.00456289438244384,0.00336550017630888,-0.0061706862850126,-0.00857631540075421,-0.0111139579168196,-0.0159769293309598,-0.0198989705067213,-0.0225734849823215,-0.0237292627583983,-0.0214986475279777,-0.0157349824370584,-0.0114031416987087,-0.0125022016843331,-0.0158564870313286,-0.0147017141030793,-0.014604892217264,-0.0224751155579571,-0.0339446617749575
180,"COD","Dem. Rep. Congo",NA,NA,NA,NA,NA,NA,NA,NA,NA,0.0177827298188169,0.0209148373649808,0.00977256598341492,-0.0187719473875054,-0.0309479901063937,-0.0375992587837849,-0.0392971983203617,-0.0380900456520745,-0.0350137487121899,-0.0332309420586289,-0.0327157631807439,-0.0391656797171094,-0.0561221890295888,-0.0697168681205579,-0.0714642906021605,-0.070165153398221,-0.051814263627302,-0.0206137750636943,0.0145342313178232,0.0458017557919599,0.0573638821588465,0.0561185699534379,0.0525221077245963,0.0399873235416486,0.0538929675194071,0.0724545209055936,0.062404648934226,0.0379772744833551,0.0252161619324729,0.0271468544158571,0.0233452091707322,0.0231937628795806,0.0244814071689059,0.0335307001881477,0.056703274143165,0.09385482511221
208,"DNK","Denmark",NA,NA,NA,NA,NA,NA,NA,NA,NA,-0.00260958663512245,0.00293779402841632,0.00964501972536991,0.0109740785882493,0.00878695817757769,0.00879474094457411,0.0144278580887323,0.0292692601893159,0.0329726630133576,0.027570722306107,0.0102063617775332,-0.00706195171301283,-0.0107979432013766,-0.0194071765456801,-0.0202385176282359,-0.0219294196015178,-0.0283848656106078,-0.0123536393424399,-0.0068343769721747,-0.007067474431525,-0.0106108719335741,-0.0166424084803243,-0.0252384639429923,-0.036899336166114,-0.0365367304377685,-0.043510076857677,-0.0537629026711198,-0.0478858306299327,-0.0450748835292438,-0.0412043572216323,-0.0416766739822472,-0.0410862609417123,-0.0384948881777424,-0.038804950023568,-0.0329184370673128,-0.0303380723560815
262,"DJI","Djibouti",NA,NA,NA,NA,NA,NA,NA,NA,NA,0.0172818750673647,0.00610058658469015,-0.0121050469340928,-0.0197701539105413,-0.0257824888290293,-0.0301360186460791,-0.0293923902728984,-0.0250049105576265,-0.011199452473631,0.0056814717259217,0.0289815686244819,0.0308283782959597,0.0308871339612975,0.0341501206292989,0.0370289353031867,0.0329801604597739,0.0286376120902125,0.0191650635249432,0.0173424566157385,0.0268144612407983,0.0271885488794383,0.0305005827251543,0.00213345687718403,-0.0219101535361856,-0.0245343265822608,-0.0233522523009543,-0.0111315658765718,-0.0101573834601514,-0.00523166179743206,0.0137425973197371,0.0338024067698512,0.0536231162667076,0.0509839280971354,0.0353791328127075,0.0307913316700448,0.0284460638046293
212,"DMA","Dominica",NA,NA,NA,NA,NA,NA,NA,NA,NA,0.0527679209885861,0.0537830599689773,0.048807057253575,0.044540587410034,0.0390075673599186,0.0403382076306427,0.0497881367342123,0.0471322691958846,0.0444592294997876,0.0424450826617393,0.0433120266979625,0.0539297973188511,0.061445242454572,0.0569149532546489,0.0571948377923002,0.0686780269885843,0.0843823242865678,0.082172954393541,0.0891178067492722,0.0814355209675497,0.072975645211572,0.0648565705811928,0.0486987004764827,0.0293749626214186,0.0110858271550462,0.00640390557550541,0.005411228602894,-0.00198129100758548,-0.00530676928819895,-0.00495336545163272,0.00491888560711895,0.00404690214362757,-0.00242625323202639,-0.00232172813023446,-0.00534589385646744,-0.0023667624913678
214,"DOM","Dominican Republic",NA,NA,NA,NA,NA,NA,NA,NA,NA,0.0602788720291394,0.0546521359422776,0.0453396112328019,0.037415833725966,0.0426752829122496,0.0420427307648665,0.0481904357926231,0.0580382089466558,0.0740853304882341,0.0849167761749647,0.0917205845628821,0.0850225399257734,0.0736696440712152,0.064918400944032,0.053548142448167,0.0259956043787506,0.0129869810181202,0.00740661458631564,0.00564474361200884,0.00501659376251662,0.0013678339532559,0.00278048076593351,0.00503910824147691,0.0121525257337467,0.0203933992757606,0.0158355815850111,0.0153374337485224,0.0187736454278886,0.020747528373992,0.025813285509561,0.0331309912473086,0.0338341343445481,0.0393883075336092,0.0441198266914926,0.0446694311151064,0.0435412965967252
218,"ECU","Ecuador",NA,NA,NA,NA,NA,NA,NA,NA,NA,0.0112137509264603,-0.0099643412962469,-0.0200469595888317,-0.00382387981003174,0.0170631000762764,0.0123488655998285,0.0339413249736211,0.0408780548666368,0.0257739121936096,0.0263469471690589,0.0314382705216267,0.0189163733496851,0.00855402574768216,0.0175929333135891,0.0363986455768859,0.0224693132171943,0.0361338364203561,0.0501364125757233,0.0519530961369243,0.0516665704072392,0.0503126619488266,0.0444151308447758,0.0423858211991708,0.0367331330973848,0.0351388344117358,0.0396729451825046,0.0389843340356844,0.0298829853347653,0.0269692371882548,0.013199654504896,0.00599090128418545,-0.00962635788594435,-0.0114305108039188,-0.00963351715809491,-0.00227768609851664,0.0119537572952728
818,"EGY","Egypt",NA,NA,NA,NA,NA,NA,NA,NA,NA,0.0540328584226868,0.041670918545212,0.0327585962879875,0.0282700474583626,0.0291806846384204,0.0295859914339307,0.0324012555315321,0.0396035694728241,0.0509560968226768,0.0631685429772353,0.0669510326899967,0.0728203483292669,0.0643407943808081,0.0528162301314037,0.0550489703654524,0.0489948509220175,0.0492506928377103,0.0458680660169692,0.0474591443149193,0.0521793754881148,0.0553219162957319,0.0598960718767045,0.0565067315949472,0.0446639485366371,0.0390789911088243,0.0317353154371021,0.0257334555446653,0.0248776793656822,0.0259325684637224,0.0231357812304946,0.019084849952449,0.0154186762321227,0.0198571820931899,0.0155075271335301,0.0113139720353426,0.00973411512008915
222,"SLV","El Salvador",NA,NA,NA,NA,NA,NA,NA,NA,NA,0.0346399435341997,0.049087895267693,0.0649675734754633,0.0741944991963299,0.0910806800540103,0.0933137795207999,0.103386776364442,0.093633705819756,0.100373087840765,0.100321049386424,0.0907360331021032,0.0697954614340082,0.0575560065368608,0.0431661336606504,0.0371250164396306,0.0322522639669569,0.0307916310437428,0.0216468604768487,0.0223540918992231,0.020253567879289,0.0142651228878827,0.00783697666147543,0.00380521845482473,0.000594450995628382,-0.00282270377594762,-0.00691264123333513,-0.00593025472464326,-0.00179561540556028,-0.0016522615270691,0.000164547440595353,0.0100945453158934,0.00569465584799,0.0105593176064305,0.021184830509009,0.0303163096740708,0.0376656409281719
226,"GNQ","Equatorial Guinea",NA,NA,NA,NA,NA,NA,NA,NA,NA,0.0707004967103768,0.0356163261057596,0.0156409944147673,0.000118056055528726,-0.0216543182375935,0.133008436844524,0.257930124848923,0.374073112866813,0.500617054666427,0.601028867900894,0.664679698885353,0.605224446458775,0.495428239082497,0.321609312666568,0.127908737978781,0.149593233151329,0.153636223905719,0.142784394774329,0.134672357464142,0.125665492566679,0.0989340998830921,0.0850515597294512,0.066960197671988,0.0399980626742651,0.0204508935380527,0.0313821549855504,0.0355530099577315,0.0419484896758004,0.0347496148084143,0.0296932619091479,-0.00389305402310014,-0.0126237960380254,-0.0190121487328155,-0.016042733710729,-0.00710229056760248,0.0002526188501768
232,"ERI","Eritrea",NA,NA,NA,NA,NA,NA,NA,NA,NA,NA,NA,NA,NA,NA,NA,NA,NA,NA,NA,NA,NA,NA,NA,-0.0261452555356553,-0.0269487167839245,-0.0234348781201716,-0.0243040598882257,-0.0286441698150262,-0.0466423995558333,-0.0510252486297985,-0.0503439756299761,-0.0322765368628721,-0.0246540306861904,0.00561325228909459,0.0263945865139406,0.0423315779468258,0.0409443489920513,0.0322912119693857,0.0221297905063365,0.0168450380713836,0.0100065870887331,0.0169500380232144,0.0283253700817587,0.0341860882216067,0.0377800777537489
233,"EST","Estonia",NA,NA,NA,NA,NA,NA,NA,NA,NA,0.0139268380810873,0.0108337637514553,0.0016062987352552,-0.0241653044935509,-0.0559681070883111,-0.0778914762900704,-0.093467297658483,-0.0978728313064552,-0.0968660599227814,-0.0927483994286377,-0.081216201923879,-0.0642573462330561,-0.0405555913540268,-0.0307565071752641,-0.0240364945082955,-0.0136118619769694,-0.00896663638045991,-0.00223968286880616,0.0156565222284333,0.0200793062196598,0.00798029816643009,0.0103425374251258,0.0118814809666523,0.00548625717940299,0.0106396703060423,0.0120608397679924,0.0020073563175913,-0.00415921323656077,0.00538576418712133,0.00583015932276121,-0.027722307343374,-0.0559516152341141,-0.0691712823869948,-0.0723604930109982,-0.0807395205540858,-0.0853416994810293
748,"SWZ","Eswatini",NA,NA,NA,NA,NA,NA,NA,NA,NA,0.00768883772763584,0.0645679764094595,0.104202177923021,0.132801938174008,0.107290400247654,0.109891158251629,0.116166107963774,0.0957852372186472,0.0868955182860984,0.0667083241150923,0.0383298128020484,0.0501588861492765,0.0471489582592595,0.036990997276686,0.00859057270240293,0.0046066708325192,0.000943134140177992,-0.021677497913743,-0.0214490687837078,-0.0202651142526661,-0.0112086985108193,-0.00519482091777079,-0.00502078133873396,0.00359943658728379,0.0163545290676346,-0.0041848600553771,-0.0144808750392237,-0.0126875859340509,-0.0118768799620451,-0.00944257063716336,-0.000276402602402359,-0.00111713300442895,-0.00435726854580321,0.00382609620890206,0.0246109317762195,0.0122554746771253
231,"ETH","Ethiopia",NA,NA,NA,NA,NA,NA,NA,NA,NA,0.0605235482297932,0.0758815348878967,0.0860262431742591,0.0729074690386802,0.0677020457085791,0.0312542332233585,0.00550185216767018,-0.00459089888388275,-0.0039903081951993,-8.55976873680442e-05,0.00455862050429556,0.018695727445023,0.0423049636931341,0.0634501770060367,0.0865861336668146,0.0845675378490853,0.0784867841966679,0.0754878256869911,0.0742105323698603,0.073616126251844,0.0629112923210275,0.0498552780347346,0.0522182314958415,0.055075328699411,0.0685545559580496,0.0872744586301597,0.0977142719646666,0.108891896133164,0.114908750186144,0.121592074965838,0.120090566317417,0.10256922772749,0.0872612943780378,0.0633716344565745,0.0463145442967627,0.0346637202457705
234,"FRO","Faeroe Islands",NA,NA,NA,NA,NA,NA,NA,NA,NA,0.0283676364118792,0.0383938731431546,0.0413122994500903,0.0409963749739461,0.0345273060642288,0.0266932570889371,0.0192425690481695,0.00959623640437823,-0.00235627824730977,-0.00907969852264856,-0.0106979670520675,0.00404761463527192,0.0205089263761113,0.0317720472414571,0.0345408589440004,0.0346809867440456,0.0291403594103032,0.0202261348273338,0.00976588672864409,-0.00338381690218348,-0.0206212658006812,-0.0265466065635799,-0.0303273555593968,-0.0307485400243945,-0.0237219607652146,-0.0183083702142424,-0.0114949898081886,-0.00512773852784498,0.0100276744823926,0.0209023869785163,0.0246809418967164,0.0325681501244222,0.0327594404098062,0.027755035212315,0.0256534165287958,0.0176731382243012
238,"FLK","Falkland Islands",NA,NA,NA,NA,NA,NA,NA,NA,NA,NA,NA,NA,NA,NA,NA,NA,NA,NA,NA,NA,NA,NA,NA,NA,NA,NA,NA,NA,NA,NA,NA,NA,NA,NA,NA,NA,NA,NA,NA,NA,NA,NA,NA,NA,NA
242,"FJI","Fiji",NA,NA,NA,NA,NA,NA,NA,NA,NA,-0.0600134775067955,-0.0387580431834306,-0.00779316698209631,0.019056207909637,0.036818521447245,0.0397523639678274,0.040400978442122,0.0450035723095628,0.0276406457350962,0.0134073309147513,0.00525893224604612,0.0155746267459809,0.0236880619617554,0.02369756927849,0.0315608472380924,0.0504129017411676,0.0494722893852584,0.0562557025166242,0.0523457639266027,0.0243197918582585,-0.00893830785349514,-0.0152574802595633,-0.0160746212775612,-0.0292368411059877,-0.0251194001083384,0.00330732742162776,0.029287862824573,0.0548671940678949,0.0794183844035135,0.078767642182415,0.0627288961787651,0.0583587948947213,0.0302847394757764,0.0128343641330411,-0.000927129847992147,-0.00701954372511859
246,"FIN","Finland",NA,NA,NA,NA,NA,NA,NA,NA,NA,0.0093169230537109,0.0273646776541703,0.0357073779796517,0.0298969052156386,0.0208448750143497,0.0142930936601653,0.0106759163989414,0.0152790979636299,0.0217441962285332,0.01730648139799,0.0113342115504889,0.00771544092124588,0.00707856566582588,0.00596739262658796,0.0112159564636076,0.0166714414468061,0.00625361753065423,0.0125623264412915,0.0153505626973665,0.00649826709408696,-0.00523659964875034,-0.010991147788173,-0.0186884138917621,-0.0280019894236573,-0.0266884608379995,-0.0291446517260491,-0.0433394635536474,-0.0394319991712946,-0.0356925397749928,-0.0343460136289789,-0.0370632478102789,-0.0339957456123862,-0.0325287049441781,-0.0350083734416293,-0.0397876615967222,-0.0475897644730697
250,"FRA","France",NA,NA,NA,NA,NA,NA,NA,NA,NA,-0.0262690700750851,-0.0170421693227019,-0.0083647221557196,-0.00262242019685077,-0.00122258461457403,-0.00138222053000325,-0.000879552680885243,-0.000144191613216105,-0.0012021694338622,-0.000478688931490945,0.0016866365916508,0.0017210144179991,0.00589211995555128,0.00793557484472296,0.0075556248270503,0.00537179145801514,0.00338537781408976,0.00199609265202949,-0.00208632034540224,-0.00417029683236125,-0.00832059391296069,-0.0112557298179122,-0.0157891340227173,-0.0188182240940825,-0.0190901363976397,-0.022557932434319,-0.0222072252932903,-0.0201764466368766,-0.0170616941141357,-0.0156457548955008,-0.0162930156123856,-0.0203123848650155,-0.0200847716444461,-0.0196946646981401,-0.0213923540148223,-0.0269866464512999
258,"PYF","French Polynesia",NA,NA,NA,NA,NA,NA,NA,NA,NA,0.0869635957861707,0.0620139719943773,0.0388747274257448,0.0087981835804678,-0.00809249331968842,-0.0197636899000354,-0.0182067388570905,-0.0132232504874871,-0.00415693079592294,0.0015868825381089,0.0100036217781871,0.0230244743508137,0.0398879963599321,0.0508677415331089,0.0608981995785871,0.0673770735228088,0.0657552135657393,0.0586983965411851,0.0493369495971738,0.0340795718429141,0.0196538430689448,0.0143853341956606,0.0108436385578512,0.00829976630451967,0.00760621962571739,0.00473466923492372,0.0006539172136526,-0.00164299025559989,-0.00245727354088043,-0.002452497484419,-0.00248747628349144,-0.00198836048732265,-0.000847348080136756,0.00108159864639146,0.00316081035902527,0.00515339939010429
266,"GAB","Gabon",NA,NA,NA,NA,NA,NA,NA,NA,NA,-0.0409992538636141,-0.0414122317274385,-0.0374421131811172,-0.024833638800991,-0.0193216337492161,-0.0120637827324359,0.00967872772433132,0.0244620945335829,0.019301940670456,0.0238915206840025,0.0392898182952406,0.0380119727720356,0.0365365395642028,0.0342935332895145,0.03415626284675,0.0209174337528291,0.0116247762339652,0.00196515179491308,-0.0161730700043907,-0.0193586006675621,-0.0257048389972917,-0.0271286962005526,-0.0245000387377934,-0.0265420708279955,-0.0191929264541142,-0.00754674468854966,0.00500671544415887,0.00927358848492221,0.00585925219859473,0.00639765427553862,0.00602145335732174,0.00802386455172255,0.00790017111412311,0.00434113087471588,-0.00319428166945401,-0.00441371028037474
270,"GMB","Gambia",NA,NA,NA,NA,NA,NA,NA,NA,NA,0.0169264758685792,0.0214492029080311,0.0231631697917738,0.0236218406117723,0.0245588332937461,0.0267890910498272,0.0285538802692349,0.023915905541289,0.0237092039331575,0.0265661554227448,0.0317608948743038,0.0383495368753255,0.0459057680127339,0.0481960316629975,0.0489597867508826,0.0484865603802809,0.0450555622688251,0.0428982351371392,0.0361055436327797,0.0315539641825398,0.0324138061599659,0.0376448570450083,0.0448073064631958,0.0480062533450931,0.0432116328364125,0.0474517469319553,0.053956180391548,0.0596925417125869,0.0593821748374912,0.0598136481807743,0.0601919564904034,0.0617074046131654,0.060888044607452,0.0611300130365018,0.0478188940600477,0.0408517502289727
268,"GEO","Georgia",NA,NA,NA,NA,NA,NA,NA,NA,NA,0.0209863003251105,0.0206752955461804,0.0165639997294029,0.0102501541344147,-0.0154039380547329,-0.0631779668233053,-0.141280870260145,-0.169917213666671,-0.18009599041386,-0.171700248507953,-0.158221837732868,-0.129323164634964,-0.0966873303179879,-0.0547830123001617,-0.0113609530987684,0.0185125661293941,-0.00276773242666473,0.0170804757016509,0.0407664144828899,0.0585998079274457,0.0690178025185386,0.0799180596798292,0.0856733711918714,0.0775298020247659,0.0635444603615649,0.056506225833312,0.0559888475360995,0.0638076247209121,0.069404742831839,0.0586524675068212,0.0496110952924567,0.0345122922850647,0.0302045152540757,0.0321963286893758,0.0269762315253472,0.0244629491162407
276,"DEU","Germany",NA,NA,NA,NA,NA,NA,NA,NA,NA,-0.00433015417028992,0.000562139376371507,0.000777809004007368,-0.00336278032479442,-0.00775911925770911,-0.0110276319391416,-0.0126962630068423,-0.0117781664668057,-0.0123687460174924,-0.0124226090465679,-0.0141469939144894,-0.0112866942273983,-0.00794288610725713,-0.0074675477024404,-0.00703505480758992,-0.00798034225340394,-0.00881397501747128,-0.00616736670440399,-0.00705617900934763,-0.0066921948702382,-0.0118420253965499,-0.0127688055602813,-0.0129744322488815,-0.0121930873886944,-0.0093841941348316,-0.0096411316628241,-0.0087877329095033,-0.00575706194780234,-0.00545548746818814,-0.0052419404995121,-0.0126183842945609,-0.0205314162088551,-0.0247855840622049,-0.0270404442390897,-0.0317936193435783,-0.0376179778137387
288,"GHA","Ghana",NA,NA,NA,NA,NA,NA,NA,NA,NA,0.019025131464403,0.0152602465976701,0.0239559214195364,0.0195868334009957,0.036142260434151,0.0371697152564572,0.0484222026649099,0.0528656597749724,0.0631141673981579,0.0683151698231306,0.0632616470040046,0.0570408292216902,0.0596382648035232,0.0485442039696364,0.0418887744115557,0.0381907261016585,0.0283544836659497,0.0371567859310786,0.0507395737021226,0.0547264275190702,0.0429836307678797,0.0399545850038414,0.0466316608267239,0.063814989778074,0.0746114857300091,0.0775783286522538,0.0728352289709635,0.077903115750459,0.0737594459823909,0.0716560669378499,0.0527046358304999,0.0502232476618181,0.0521491246509262,0.0600233455791299,0.0596660454114064,0.0593197190945551
300,"GRC","Greece",NA,NA,NA,NA,NA,NA,NA,NA,NA,0.0403708246362702,0.051915712272927,0.0561476381859412,0.0568592986001069,0.0550397927644104,0.051062503972364,0.0462043892136221,0.0362758535832068,0.0289031067336483,0.0240704240918233,0.0200921618004681,0.0242025656793508,0.0269693849358927,0.027914166870062,0.0277937572721199,0.0264000719763917,0.0246957043333154,0.0205944495542911,0.0181609783502708,0.0149650128656751,0.00639756419933435,-0.0032847417482389,-0.012292377176968,-0.0219403028304511,-0.0333235391278379,-0.0429859470095862,-0.0487493231995116,-0.0530123048923224,-0.0483935935180091,-0.0429575012383455,-0.0410347568587081,-0.046923308121031,-0.0464109267278102,-0.0422074101384973,-0.0451440992908454,-0.0439282977659248
304,"GRL","Greenland",NA,NA,NA,NA,NA,NA,NA,NA,NA,-0.0341494433397845,-0.000999772839834212,0.026071054827344,0.0492200650790418,0.0411103254716851,0.0536150192856919,0.0646340729981838,0.0500111400409275,0.00756506615407493,0.00904874184525828,-0.000422908523958765,0.0123194471019328,0.018476678861302,0.0193293584879304,0.02090186941529,0.0114788976292419,0.00471641235869447,0.00492818564508846,0.00578053123320488,0.00555318791881421,-0.00284171226454943,0.00423605413450479,0.00988595069508813,-0.00427012220407463,-0.00857521369360514,-0.0199201976147517,-0.0236244457236024,-0.0278455695507694,-0.0274465146565528,-0.0244050156332641,-0.0265797981125717,-0.0165306583649864,-0.000143073604243926,0.00650452221800557,0.0161895038811519,0.0182381436206092
308,"GRD","Grenada",NA,NA,NA,NA,NA,NA,NA,NA,NA,0.068683965383239,0.0706239126973938,0.0789858633074305,0.0873505182637846,0.0910126624307401,0.0936825842758955,0.0883445053789722,0.0770425626424309,0.06768841213761,0.0687497393327245,0.0692243339759142,0.0651736823714986,0.0585052278083757,0.0512737440719857,0.0444819408763424,0.038521895667724,0.0344512302159468,0.0293801773596805,0.029474105141593,0.0331390055931511,0.0349897612378562,0.0337740551574714,0.0296158798172517,0.0288833411927512,0.0348046075021864,0.0218089911758279,0.0145115020116446,0.0102599519759765,0.0113218412577611,0.0185085960691107,0.025182209383773,0.0223346966868057,0.0201011777645348,0.0252210913190765,0.0385816759473647,0.036764876307225
320,"GTM","Guatemala",NA,NA,NA,NA,NA,NA,NA,NA,NA,0.00275097196871688,0.0261833613165789,0.0419097388655747,0.0604448531214941,0.0614577692990381,0.0705588916017459,0.0768009652903041,0.0724926739791554,0.0730830114216967,0.0765933126932521,0.073974834878511,0.0747320479816214,0.0697820266965512,0.0721195867648845,0.062206585124718,0.0601818454648582,0.0611261371287948,0.0503009544565443,0.0406067114675726,0.0280663620203263,0.0198352481757356,0.0101040319074783,0.0027304093084215,-0.000264574989913724,-0.000505885355173152,0.00498124206476591,0.0216582730298229,0.0400688337374475,0.0561696452434828,0.0639557937641988,0.0740104789401648,0.0651497057566968,0.0602999588481703,0.0469904349107131,0.0364850046253622,0.0257243687815547
831,"GGY","Guernsey",NA,NA,NA,NA,NA,NA,NA,NA,NA,NA,NA,NA,NA,NA,NA,NA,NA,NA,NA,NA,NA,NA,NA,NA,NA,NA,NA,NA,NA,NA,NA,NA,NA,NA,NA,NA,NA,NA,NA,NA,NA,NA,NA,NA,NA
324,"GIN","Guinea",NA,NA,NA,NA,NA,NA,NA,NA,NA,0.00719839393700306,0.00392947774299257,0.00360842700866804,0.00419130156127512,0.00390302358919903,0.00635236953655327,0.0103764198979124,0.0161652492155007,0.0221379275352371,0.0308592803115983,0.040868430694992,0.0444115258724944,0.0472811761737142,0.0488156351676783,0.04931676338414,0.0489913584654298,0.0471451213705074,0.0451386402804652,0.0430981097128924,0.0405401779994905,0.0402561121224863,0.0468234484933416,0.0523785679279392,0.0502852105765856,0.0380622758074236,0.0333703734337694,0.0291002574643004,0.0285657455788275,0.0595184221378617,0.0659122641006729,0.0733533178513497,0.0881791274030441,0.0931424919195918,0.0869076593858451,0.0611722159640611,0.0395020268771233
624,"GNB","Guinea-Bissau",NA,NA,NA,NA,NA,NA,NA,NA,NA,0.0581819044359442,0.0146387597241842,-0.0236685980114902,-0.0559010673430411,-0.0806810388220576,-0.0935512917860747,-0.0951799615014759,-0.0891692165995556,-0.0640154881572178,-0.0404978947465056,0.00518873915953022,-0.0323309974043865,-0.0652203545672425,-0.0759502315796289,-0.0713315127242532,-0.0890280233382311,-0.0584183248546768,-0.0146229896340127,0.0222297829894909,0.0634739632419858,0.100971938469052,0.0931290308573285,0.0749950645375841,0.0672917322720368,0.0768147273296884,0.0415816986824862,0.047242261263069,0.0689866957471321,0.0675808516475169,0.0842415776532206,0.0972997849406436,0.11214609730246,0.122744966697691,0.121107384363547,0.118820577903328,0.107604417533095
328,"GUY","Guyana",NA,NA,NA,NA,NA,NA,NA,NA,NA,-0.0375980372623889,-0.0316763253744,-0.0209188785624264,-0.0238257232374971,-0.0307280949374568,-0.0099617969487451,0.0153667576601135,0.0222715066962986,0.0439030197909347,0.0675220343515504,0.0761243661191486,0.0727479464698799,0.062089615487076,0.0405403963433828,0.0184198960813582,0.0137536721515741,0.000762711711487674,-0.0123661049782784,-0.00967995913693098,-0.00840504366131167,6.57443538760738e-05,0.00422409119802758,0.00930415563675191,0.0118249166277653,0.0170872453377575,0.0263820391679219,0.0230479682190239,0.0192346372342893,0.0206490851004433,0.0206917704516043,0.0319065969097536,0.0473292260658675,0.0560673271023657,0.0833296625718056,0.0981130707056816,0.106465202524626
332,"HTI","Haiti",NA,NA,NA,NA,NA,NA,NA,NA,NA,0.0315988533029916,0.0277312350348056,0.0204420147535493,0.00993655539863947,-0.0102499753521853,-0.0932309181525744,-0.075842055734319,-0.0567916378509377,-0.0197731015488549,0.0165541001665459,0.05437033150238,0.103682920240515,0.140082127292713,0.17681809058005,0.180592461334043,0.0713084630838665,0.0531460009835658,0.0383069044157065,0.0368746925327792,0.0256177144651388,0.0160238472144685,0.0255732002826208,0.0280918350507335,0.0381702498250287,0.0520234569512807,0.0578455809635798,0.0593894484746078,0.0632194399787334,0.0639873527278125,0.0616060839182384,0.0507043380368775,0.0447581785206521,0.0419929885834058,0.0222577612206067,0.0118416813251065,0.0026934050765608
336,"VAT","Holy See",NA,NA,NA,NA,NA,NA,NA,NA,NA,NA,NA,NA,NA,NA,NA,NA,NA,NA,NA,NA,NA,NA,NA,NA,NA,NA,NA,NA,NA,NA,NA,NA,NA,NA,NA,NA,NA,NA,NA,NA,NA,NA,NA,NA,NA
340,"HND","Honduras",NA,NA,NA,NA,NA,NA,NA,NA,NA,0.033122968420966,0.0450169160363321,0.0465265037535418,0.0474247146310305,0.0536081357229623,0.0594789542315868,0.0662384103163365,0.0621147321477407,0.0616982948435321,0.0736961044082163,0.0817786004472993,0.0815914889088012,0.0798949183697326,0.0779517487380763,0.0765392123448878,0.0754592411786921,0.0732514012473462,0.0712269695275556,0.0665518476146267,0.0677505593020498,0.0564711220543979,0.0437572225990741,0.0383886181478461,0.0323582733155114,0.0304415925307737,0.030437203560481,0.0311329969074363,0.0289961546044424,0.0295894531817353,0.0282814374225122,0.0268455063364879,0.0169530290832167,0.0162658361907562,0.0180609529439923,0.0213952219378593,0.0244638785549314
344,"HKG","Hong Kong",NA,NA,NA,NA,NA,NA,NA,NA,NA,0.0686762685083877,0.0553870545458888,0.0467141168920242,0.0446745371108823,0.0436417520133738,0.034054346166092,0.0227239154577155,0.0107300606481184,0.00667868736013699,0.017896765779192,0.0326708386324344,0.0322240095530972,0.026651551206436,0.0302182523786243,0.0406250420263792,0.0385553331661566,0.0362982396422153,0.0227265045484484,0.0105227979120646,0.00946752740020651,0.011665641245252,0.00753792065642678,0.00309676530023806,-0.000620182522419133,0.00262125230704591,0.00435697081829578,0.0044742368018984,0.00385556393167685,0.00422564715447238,0.00392612426770067,0.000858081116850817,-0.0168123667078616,-0.0270812200579136,-0.0396371135364246,-0.0423604897378956,-0.0393813850680331
348,"HUN","Hungary",NA,NA,NA,NA,NA,NA,NA,NA,NA,-0.0139413512431839,-0.0198556880237123,-0.0266404741120145,-0.0367167478945306,-0.0406221092695307,-0.0402140265136927,-0.0391421929560241,-0.0348687517948619,-0.0278044624658454,-0.0222712390261954,-0.0153481840580556,-0.0110625692363636,-0.00584693633365296,-0.00723348194266338,-0.00469113798371057,-0.00451130770400776,-0.00426188985961728,-0.00257962836683134,-0.00269085163271665,-0.00379611704287952,-0.00944257069436483,-0.0160091976727775,-0.0213560281650967,-0.0294350256278745,-0.0355687438987161,-0.0391396749342912,-0.035420194517694,-0.0288084783120723,-0.0179074113259526,-0.00637538508688718,-0.000204380320741548,0.00491511995269844,0.0102574991885536,0.00768976812980582,-0.00554856124159864,-0.017926694213889
352,"ISL","Iceland",NA,NA,NA,NA,NA,NA,NA,NA,NA,0.00963211038593936,0.0270975777924993,0.0351412974958372,0.0383261914566455,0.038590588300826,0.043147855391513,0.0396591566625042,0.0385398535631172,0.0376105859178766,0.032572026519869,0.0292552628918141,0.033565775358277,0.0293095568628372,0.0282540821871387,0.0279688749344014,0.0257401639496728,0.0210393648273486,0.0187482367898213,0.0219139664549799,0.0268806419646812,0.0311518439086726,0.032627132099567,0.0279012197239048,0.0235915379806051,0.017053914267591,0.0106501848154363,0.00165449439857834,-0.00623525127731039,-0.00675386605979611,-0.00108837849661236,0.00193814922745106,0.000287576663393407,-0.000238455356886602,0.000845660105214474,2.15641454857085e-05,0.0026980791897282
356,"IND","India",NA,NA,NA,NA,NA,NA,NA,NA,NA,0.0690635627836558,0.0718460714133711,0.074899443026105,0.075256985186634,0.0740886371049492,0.0693958377810004,0.0663447695076704,0.0645129175511039,0.0612411766261709,0.0564584017437075,0.0563424770389738,0.0550915488956563,0.0522294374546992,0.0493697620417666,0.0449749667601256,0.0419312768740236,0.0403868765463762,0.0431424791394448,0.0472916849685752,0.0505715117370094,0.058174027718841,0.0633344709604504,0.0656108586105892,0.0678489465995129,0.0664629704103523,0.0655685494442664,0.0623660061187998,0.0597609711980451,0.0565197312622063,0.054812724282459,0.0519467227933654,0.041478056695675,0.0356041779402472,0.0337533766077538,0.0339198993274847,0.0361591116897286
360,"IDN","Indonesia",NA,NA,NA,NA,NA,NA,NA,NA,NA,0.0384733266504809,0.0428195895794337,0.0516944485330038,0.0647444577472172,0.0738320819741645,0.0795958516601716,0.083068631327275,0.0865922661221663,0.087517868726847,0.0747525765742545,0.06398977486721,0.05251379947166,0.0488003777899995,0.04516087930945,0.0467119399591123,0.0444653439834852,0.0383043133218457,0.0353198662131122,0.0417220841941495,0.0313342709642306,0.0330711889048243,0.0345743233494096,0.0451890894303499,0.0498837647912838,0.0521752059727045,0.0509732058628154,0.0517663863983557,0.0461549707143547,0.0449250795296519,0.0382310913888935,0.0363283684578597,0.0320033959972899,0.032370260054764,0.0420720175622806,0.0442066431459573,0.0450913209057278
364,"IRN","Iran",NA,NA,NA,NA,NA,NA,NA,NA,NA,0.0494500054200475,0.0545619640928225,0.0512570765379934,0.0545434054683986,0.0594135460513956,0.0650296101213144,0.0692866549284916,0.0623871597044827,0.0510643266105031,0.0473412921031922,0.054005172960371,0.0579626585926487,0.0621859210567173,0.0618914709499767,0.0591485819973838,0.0614054407187756,0.0618144984033577,0.0608025822011822,0.0510670331391934,0.0444920486469906,0.046726710458324,0.0447483701525357,0.0430625222433234,0.0399176971438828,0.0349967761703329,0.0332582791883029,0.0303525761323378,0.0285703357242064,0.0288949822163704,0.0254038925729176,0.0260171228984509,0.0266390724909915,0.0280141854499849,0.0274044361765358,0.0265532390748415,0.0264357208586763
368,"IRQ","Iraq",NA,NA,NA,NA,NA,NA,NA,NA,NA,0.0816444511868426,0.0868079584424577,0.0605675873828571,0.0419471769377862,0.0355026786669783,0.0361676737326839,0.0383523307416511,0.0341324198417281,0.0323532525862964,0.0466554864307467,0.0651817044445804,0.0559539329055614,0.0423531756595263,0.0375543716285038,0.033787005318572,0.043417720711741,0.051744420470702,0.0426909439705347,0.00509648013515474,-0.00156230040733052,-0.00293548525694487,-0.00185850040265556,0.00958815981227756,0.0229026157692747,0.0385043837300265,0.0559508991203388,0.0740334210646756,0.0832412934175009,0.0579045407873457,0.05642781445675,0.0556474181228754,0.046625404129264,0.0446045640652106,0.0494408113631302,0.0546639946697363,0.0531425026995749
372,"IRL","Ireland",NA,NA,NA,NA,NA,NA,NA,NA,NA,0.0206035854300457,0.0280343494869606,0.033356148183326,0.0338593420903843,0.0317767828120841,0.0276919096068289,0.0245018869226847,0.0245999371962531,0.0271787720448549,0.0285534137172014,0.0288184831282188,0.0346800915910814,0.0409760790726392,0.0407023085646661,0.0363783900817416,0.0311169049070117,0.0267017272522183,0.0210091195095512,0.0148449540653486,0.00908163026131859,-0.00203280328380806,-0.00922101412407272,-0.0171029669150053,-0.024156509329865,-0.0308466339830115,-0.0350485436173259,-0.0312884299805141,-0.0234676229498896,-0.0153313123187568,-0.00530312014055145,-0.00299858928239705,-0.0030185308809475,-0.00350672108655348,-0.00468305022243409,-0.0118026762354824,-0.0187930264440309
833,"IMN","Isle of Man",NA,NA,NA,NA,NA,NA,NA,NA,NA,NA,NA,NA,NA,NA,NA,NA,NA,NA,NA,NA,NA,NA,NA,NA,NA,NA,NA,NA,NA,NA,NA,NA,NA,NA,NA,NA,NA,NA,NA,NA,NA,NA,NA,NA,NA
376,"ISR","Israel",NA,NA,NA,NA,NA,NA,NA,NA,NA,0.0436001198234079,0.0518525693175558,0.0539474698461717,0.0668302393302216,0.0749478177641749,0.0784815678981841,0.0790501350817405,0.0776799346298565,0.0726227522389504,0.0662577081209599,0.0544009222488699,0.0495882749653604,0.0422588582350483,0.0350613798998238,0.0299244393264613,0.0219200302727272,0.0126298702751093,0.00982925926015588,0.00910383393715208,0.0124836008183498,0.00851948254809187,0.0119832439057677,0.0178922880690267,0.0234558808652627,0.0201648264376288,0.0100570096793862,-0.000414315341111027,-0.0073469522144336,-0.0154301850986236,-0.0164740420421812,-0.0210482701430212,-0.0199857082703668,-0.0172489113140223,-0.00402309557299252,-0.00614404071130081,-0.0124531477547623
380,"ITA","Italy",NA,NA,NA,NA,NA,NA,NA,NA,NA,0.00511069680342979,0.0156442772264291,0.0226716281833521,0.0262991003340101,0.0251436135907861,0.0221401110476138,0.0211480968372109,0.0159544952792983,0.012134093371639,0.00881506197695625,0.00708688282310477,0.0094698661157715,0.0109480733893697,0.0124641538674133,0.013778010334053,0.0130786239298766,0.0141557927143197,0.0124084011313508,0.0094376806336316,0.00588867525627657,-0.0039652020372849,-0.0105697929770679,-0.0176946447448774,-0.0251623158498681,-0.0328663714286759,-0.0393093641915854,-0.0397058595689183,-0.0374163467058612,-0.0329374928830808,-0.026675333791518,-0.0259227555493534,-0.0269254655056248,-0.0198343111642635,-0.0124964731307243,-0.0134769416851239,-0.0179258861056083
388,"JAM","Jamaica",NA,NA,NA,NA,NA,NA,NA,NA,NA,-0.0432133387182606,-0.00628200091068698,0.026168360419228,0.0464447146795759,0.0690965382822848,0.0744381169870876,0.0790039213871983,0.0715598952995353,0.0685757241805263,0.0432646216284207,0.0377073834930044,0.0370178769342868,0.035817126699839,0.0283311092410814,0.0224433965552975,0.0141349410453744,0.00955523516584145,0.0129312732288911,0.0126481507416778,0.00914835874936748,-0.0104663563417143,-0.0265199966752708,-0.0336346859053598,-0.0422783703445951,-0.0413481603102157,-0.0434199158142279,-0.0408115968407585,-0.0271397162567995,-0.0163882050527638,0.000585050718114433,0.00948890533478997,-0.00337741148953574,-0.00679052289482385,-0.0073290815130671,-0.00209912696973114,-0.000599197281621389
392,"JPN","Japan",NA,NA,NA,NA,NA,NA,NA,NA,NA,0.00694578895881026,0.0198024525876983,0.0296004216267298,0.0348390049043945,0.0351968317671767,0.0388441773724177,0.0378901184193421,0.0336583818386584,0.0243212709416318,0.0152688147290911,0.00797605523488154,0.00758799583565639,0.00618605686531071,0.00577586339299541,0.00438246392181996,0.00466431214443719,0.00540577762474581,0.00536246919670536,0.00628234514537884,0.00142579583673674,-0.00478960625496883,-0.00669949917474566,-0.0066871900890505,-0.00353694775705649,0.000218542584101034,0.00128464386331606,0.00113636450786148,-0.00047469605936068,-0.000322184036050444,-0.0048999712712896,-0.0140754312039025,-0.022992072289916,-0.0263092987000018,-0.026947695062115,-0.026582071895463,-0.0268268538658597
832,"JEY","Jersey",NA,NA,NA,NA,NA,NA,NA,NA,NA,NA,NA,NA,NA,NA,NA,NA,NA,NA,NA,NA,NA,NA,NA,NA,NA,NA,NA,NA,NA,NA,NA,NA,NA,NA,NA,NA,NA,NA,NA,NA,NA,NA,NA,NA,NA
400,"JOR","Jordan",NA,NA,NA,NA,NA,NA,NA,NA,NA,0.0759839561176368,0.0605393780838206,0.0467678396965852,0.0425996136373263,0.0400880558584837,0.0468105800973773,0.0486294197916264,0.0530639344370873,0.0558695465414674,0.0516074999069593,0.0411995889329535,0.0385018212466508,0.0287630851570828,0.0298735693406116,0.0278991113278968,0.0349040729264567,0.0424047953993045,0.0476943955016231,0.0515198772187422,0.0488107410434448,0.0429710825902567,0.0345975396201585,0.0260441992675402,0.0239170520495171,0.0195267531834262,0.0222025662711651,0.0262680486069227,0.0259099175886184,0.0285913887273794,0.0252593830307739,0.0194603373180429,0.000230205000626649,-0.0152823362482429,-0.0198047176585727,-0.0218735691112655,-0.0177621938881261
398,"KAZ","Kazakhstan",NA,NA,NA,NA,NA,NA,NA,NA,NA,0.0217226530850529,0.0221726966931028,0.0179023223651062,0.00711484256529804,-0.00926941647054291,-0.0326550204555454,-0.0491754075185197,-0.0639255700793901,-0.0755414810239117,-0.077471521493422,-0.0846593811421744,-0.0732259674486857,-0.0576335631513479,-0.034693030360634,-0.00824260615494432,0.0125643005524856,0.0343759022676144,0.0544091853139559,0.0683630863826497,0.0761978639687406,0.0630133375936859,0.0606797399154901,0.0468196324370522,0.0367380591114976,0.030587142371542,0.03311247216249,0.0350461495253891,0.0384291542126611,0.04264194690325,0.0447471256934282,0.0351094712221975,0.0265224470725716,0.00594308336096372,-0.00649105882813794,-0.0156706819688657,-0.0152424675948727
404,"KEN","Kenya",NA,NA,NA,NA,NA,NA,NA,NA,NA,-0.0227096207695475,0.00255503006965863,0.0223974612400513,0.0312502790781388,0.0453833468351001,0.0523015564150313,0.0525338186030837,0.0629108801088794,0.0714344737041765,0.0797864421898222,0.0844439710474094,0.0907822784326833,0.0690269916337507,0.0395142996541173,0.0073566303731254,-0.015634325803447,-0.0253062012611019,-0.015976119146732,-0.0139536579095345,0.000971167075115353,0.0266104287620137,0.0513517231970093,0.0682411855168266,0.0650364203094178,0.0509961164131205,0.0431250466877093,0.0435475710540352,0.0490477662809041,0.0486280051926264,0.0471535996112435,0.0559713625509706,0.0633566115211066,0.0678863036399315,0.0596721850406485,0.0510997441421224,0.0414538756913454
296,"KIR","Kiribati",NA,NA,NA,NA,NA,NA,NA,NA,NA,-0.0352464641299212,-0.023066265132292,-0.00727663591619809,0.0117921418050979,0.0281451678013016,0.0411256983478694,0.0506002145668634,0.0504340301914163,0.048804351314635,0.0435319950501463,0.0346718868967244,0.0348350278109366,0.0227150649229524,0.0273549357115288,0.0355550024888778,0.0447457859809632,0.0534398925670645,0.0686089101402205,0.0697733341259168,0.0594081299283709,0.042987338437507,0.0478964414927969,0.0358674212418111,0.0313615089607671,0.0230219547620458,0.0168233632447063,0.016898776839825,0.0158596012160548,0.0271319244108579,0.0295928970498467,0.0273233228738177,0.0345770332980793,0.0352501143167598,0.0329596304925135,0.0274598383830718,0.0216130058541295
689,"XKX","Kosovo",NA,NA,NA,NA,NA,NA,NA,NA,NA,NA,NA,NA,NA,NA,NA,NA,NA,NA,NA,NA,NA,NA,NA,NA,NA,NA,NA,NA,NA,0.0408078355332238,0.0347655739825543,0.0377586610025413,0.0333768061996997,0.0307732369908249,0.0212012219140663,0.0172741123786984,0.014062571525328,0.00526975195713586,-5.91741337335749e-05,0.0022898263304103,0.00666249017551013,0.0127540701439779,0.0128112898023178,0.0105010549767643,-0.000757241057685376
414,"KWT","Kuwait",NA,NA,NA,NA,NA,NA,NA,NA,NA,0.0542870170535679,0.0623258483363249,0.0140735194637087,-0.000913404710772503,0.00902543142234347,0.0360031872934603,0.0555863142807536,0.0758219107865483,0.088444848282111,0.0924354619194476,0.0988356076196568,0.103453622233259,0.0414256003462483,0.0124016009125762,0.0113228680435213,0.0205233147410722,0.0338741846896891,0.0392508461727088,0.0469729185143266,0.0509560362694546,0.0547258542172988,0.0528330576950344,0.0481286735560953,0.0482146231508407,0.033197833373142,0.0127954916988227,0.0115101727816973,0.014915580286059,0.0132734422169571,0.015779291636961,0.02052855445223,0.0156167796843076,0.00733995989458625,0.0243657322412485,0.0297925076551004,0.0261413913000175
417,"KGZ","Kyrgyzstan",NA,NA,NA,NA,NA,NA,NA,NA,NA,0.0103983737624431,0.0038912832438891,-0.0137091882822995,-0.0465849797442427,-0.0843185314659151,-0.126238194731354,-0.164092088599175,-0.174768565602701,-0.174144737361465,-0.156915705548253,-0.138868685548342,-0.109598275707486,-0.0834928467913106,-0.050831408593321,-0.0199753480651987,0.000160538761838414,-0.00226351573227823,0.00735596991585608,0.0263288335787362,0.0556468075915546,0.0591998438693806,0.0538866391982669,0.042873724956376,0.0562360082387174,0.0647421004497175,0.074078493769828,0.0725855298342273,0.058528744528703,0.0483519313781142,0.0533331779710766,0.0336063578259485,0.00253791806686632,-0.00750487116941401,0.00327095228881014,0.00834768818469622,0.0182199531398692
418,"LAO","Laos",NA,NA,NA,NA,NA,NA,NA,NA,NA,0.0395065699538011,0.0953835075628704,0.127576769274986,0.151492595996396,0.168859270460506,0.173056662146627,0.172510372236492,0.163959421071223,0.142103143828922,0.104987822244907,0.0593114487631676,0.0616641283395789,0.0660362326573292,0.0733012871929755,0.0762539253055847,0.075675301856202,0.0727283828542622,0.0851796628243848,0.0928260673941457,0.100799744945029,0.111842424805571,0.124097259622089,0.130178477421267,0.133252843260893,0.139787451991867,0.135697434447815,0.16402653672722,0.225111622645327,0.270970850166382,0.297053332610588,0.299416696114933,0.281562746194322,0.251183062069443,0.200791606709382,0.147883932435964,0.0779536440825295
428,"LVA","Latvia",NA,NA,NA,NA,NA,NA,NA,NA,NA,-0.0279019259956125,-0.0306826987452856,-0.0374975757531061,-0.0523216914557081,-0.0692413372673798,-0.0846295964120124,-0.0923261245936745,-0.0935527944403866,-0.0995537182678711,-0.100327427245516,-0.0987640148981568,-0.0866360464712561,-0.0656977218985156,-0.0488593816707356,-0.0340949224738162,-0.023017807555906,-0.016097372651768,-0.00332233017816597,0.00900341263889048,0.0156532539503751,0.0122640780614047,0.0110858445512687,0.00640822002741426,-0.000585972867838902,-0.00684334001118891,-0.0139062084920595,-0.0186897142221364,-0.0189243013795886,-0.0149034476446368,-0.00764369156161071,-0.00756726430911714,-0.00336814232904192,-0.00112141035669877,-0.00523458335663141,-0.00926658605689579,-0.0147790503869067
422,"LBN","Lebanon",NA,NA,NA,NA,NA,NA,NA,NA,NA,0.0362356136201873,0.0334027049694141,0.028166807394725,0.027533347272982,0.0371093892096115,0.043388937415648,0.0591338329962374,0.0688301491098731,0.0834044837937529,0.0905585163820486,0.0913528539759396,0.0799961303495622,0.0656496862032674,0.0546537513481047,0.0491447028346539,0.0370178588925536,0.024448475194675,0.0044567807108522,-0.00975514614827322,-0.0049416162828021,0.0098039133048371,0.0150390049540783,0.0218796697858461,0.0309038348159882,0.0447029008527029,0.0557507817381655,0.0643480652386725,0.0605493480239647,0.0471407807942987,0.0371628166915625,0.0335956642320507,0.0212522044801577,-0.00284844216696445,-0.0321882061524844,-0.0562106020699201,-0.0704875028066254
426,"LSO","Lesotho",NA,NA,NA,NA,NA,NA,NA,NA,NA,NA,NA,NA,NA,NA,NA,NA,NA,NA,NA,0.0235479787037198,0.0207414474315533,0.0182700298171135,0.0168192621770582,0.0157082471910395,0.015667504003948,0.0158084644563843,0.0156861937382489,0.0159826502416469,0.0168355485570106,0.0189421307891358,0.0210481806971832,0.0321957613195247,0.040456576022279,0.0294288995814291,0.0219791366443416,0.0090650936695964,-0.00364931157184767,-0.00836025142024377,-0.0156434511499031,-0.0197112319130859,-0.0270469316463504,0.00379666560865677,0.0241241909932057,0.0258648646235187,0.0310307710926994
430,"LBR","Liberia",NA,NA,NA,NA,NA,NA,NA,NA,NA,-0.0866900291493546,-0.066555567943494,-0.042202987308616,-0.0707457591937897,-0.0804457600967443,-0.0854284519181466,-0.0827957846971455,-0.0721326346712464,-0.0500990991070466,-0.013896245280697,0.00379364322004094,0.00749905436309151,0.00105015653412233,-0.00124248026070106,0.0030074617042346,0.0147823391501019,0.0336611017465602,0.0506949221581023,0.0616635087752231,0.0626019329982206,0.0449949355845589,0.0455678663772634,0.0493397534672284,0.0535200775288391,0.0500203873413487,0.0398554774148228,0.0357474318986031,0.0283412247873003,0.018940940370985,-0.00743242703320057,-0.0131486443841095,-0.0153933573896328,-0.00858205797854417,0.0114413716809616,0.0274917853205814,0.0339325081578032
434,"LBY","Libya",NA,NA,NA,NA,NA,NA,NA,NA,NA,0.0325071375175696,0.0303293099420265,0.0376763034477468,0.0365292020212689,0.0345365138362164,0.0409728820132,0.0497917706491808,0.0570372382237312,0.052698453304155,0.0500473560162045,0.0430553811532757,0.0345001030437493,0.0317868184930798,0.0161359159519765,0.0024374035330974,0.00469656086141335,0.00897851297497798,0.00751591002427765,-0.00416763625076855,-0.00794582749661021,-0.0109973284516103,-0.00320245117728046,-0.00221811303032537,0.00559423112667723,0.00516842535242867,0.0231690282947485,0.0315600718114455,0.0298120772179158,0.025368358557224,0.0197003194573941,0.0228771954765403,-0.00846618164559898,-0.0159165501864582,-0.0122506578383612,-0.0154585657791536,-0.00159462965621282
438,"LIE","Liechtenstein",NA,NA,NA,NA,NA,NA,NA,NA,NA,0.0345014379092967,0.0525907619747608,0.0656388585873189,0.0494802590823542,0.0430073581733705,0.0295267199507312,0.0273333195595438,0.0327249586759237,0.0155861209375909,0.0144181594483201,0.0125642219460844,0.0100930185329486,0.00845870899757917,0.00789716380357697,0.0114531063552545,0.00972106515474103,0.00730886695542932,0.00458989497936391,-0.00329341961917806,-0.00205076323414422,-0.00468028215062832,-0.012981497457818,-0.0244362718038834,-0.0294017339830379,-0.0276147813195361,-0.0331503979792727,-0.0351509204857162,-0.0357474815670771,-0.0383071961315848,-0.0367076646411001,-0.0321385788215821,-0.0310774831863406,-0.0299890998737217,-0.03024731865126,-0.0225081063049479,-0.0216010919298407
440,"LTU","Lithuania",NA,NA,NA,NA,NA,NA,NA,NA,NA,0.000217607208311543,-0.00232373415289489,-0.00262671723905339,-0.0333555408406527,-0.0692187282870745,-0.0958665829748468,-0.110266323044557,-0.118585637438517,-0.119789263833245,-0.108461154538117,-0.0959371049036366,-0.0802211904278063,-0.0448355884139914,-0.0326252755655567,-0.0311180725219038,-0.0264148582347873,-0.0202378800682865,-0.00883009743963947,0.00619060856041864,0.0228017121414807,0.0201715567756842,0.0135656525779368,0.0098885844916583,0.00572328977518488,-0.00335027648380271,-0.0110252291399631,-0.0144992831798851,-0.0154511088338388,-0.00904952582225338,-0.00262472720122253,-0.0039905608573757,-0.00183781200732802,0.00246247928082921,0.00376102312235416,-1.54194009167608e-05,-0.00457123309383167
442,"LUX","Luxembourg",NA,NA,NA,NA,NA,NA,NA,NA,NA,-0.00684973330766236,0.0183042469544901,0.035428424241607,0.0441097798184655,0.0450743624708485,0.042343139205355,0.0252061365087972,0.00787890689055848,-0.0153469333539741,-0.0413705701692929,-0.0568063638146225,-0.0549317885463804,-0.04341210260369,-0.0251665828072738,-0.000836000883608357,0.0283675434767958,0.0430753641165698,0.0539960270469408,0.0536140628883623,0.0413113871280313,0.0256556726392718,0.0145115855705991,0.00369305380631202,-0.00505367169113491,-0.0144080285179103,-0.0182574270822756,-0.0210998131870435,-0.0232958132374215,-0.0246535367559283,-0.0226980856047849,-0.0210961614736852,-0.0251579236067985,-0.0237379340327567,-0.0281282822570932,-0.0342998713125109,-0.0374236845560041
446,"MAC","Macao",NA,NA,NA,NA,NA,NA,NA,NA,NA,0.0922917120714215,0.0840484558260262,0.0740188215552624,0.0500403117645993,0.0482391237786262,0.0358807859204358,0.0258390380873068,0.0308416066494428,0.04083860092429,0.0491883090451857,0.0563550031645725,0.0540213899120616,0.051141492170037,0.036363095959024,0.026939902762686,0.0250353690479073,0.0196253537208717,0.0110987224369394,0.00103467348768804,-0.0154623366882352,-0.00181387643546749,-0.0101535434277766,-0.0119874347812284,-0.0263377956891857,-0.0436596069820463,-0.035759847727691,-0.00447330865450135,0.0175075214227223,0.0374041652840531,0.0154584026390143,0.0263647093627735,0.00485358760265764,-0.0112177813134403,-0.0319842722134711,-0.0602186824664132,-0.0711232558867316
450,"MDG","Madagascar",NA,NA,NA,NA,NA,NA,NA,NA,NA,-0.00220028546865736,0.0201686720499512,0.0230680378559587,0.0240059659004199,-0.00341580026572874,-0.0107477647400248,-0.00674439662014781,0.00341851005362015,0.0322342505190263,0.0628295165195629,0.0727244840725367,0.0816594888070585,0.0803419015877069,0.0503398457321442,0.0383907168469395,0.0314736023149813,0.0193978819524361,0.00381952214466996,0.000309721666504226,0.000771359767425928,0.00308248232592234,0.0180663515997972,0.0384058975356936,0.0386738726788101,0.0596740061371697,0.0759622723936593,0.0862593610231546,0.0886223698528146,0.0937026646423598,0.0876107854767529,0.0769808671888033,0.0565894828885449,0.0493886015199987,0.043378283205141,0.0444599751335264,0.0397846395262098
454,"MWI","Malawi",NA,NA,NA,NA,NA,NA,NA,NA,NA,-0.0203094050025775,0.00649677781284019,0.0261658888070617,0.0415913701567334,0.057723072645198,0.0677939947610211,0.0717683332273356,0.0700150992279627,0.0606566345060844,0.04326237168946,0.0219965846928771,0.0110877264168145,-0.00220762116096096,-0.0099867708499809,-0.00791146311730329,-0.00537908691624311,-0.00624531381977977,-0.00473452877778024,0.0017969063596186,0.0117113828114044,0.0208601180959875,0.0228348169071664,0.0202233618542575,0.0210382761787495,0.028066928125134,0.0260792845855289,0.0201085157371048,0.0181008646690197,0.018317330951376,0.0405309559157796,0.0579732287229529,0.0714761411536005,0.0748675909644321,0.0764009505193921,0.0777040243727456,0.0663279322957435
458,"MYS","Malaysia",NA,NA,NA,NA,NA,NA,NA,NA,NA,0.057096420914097,0.0605071840032076,0.0734762048382311,0.0822317492187961,0.105635906487361,0.112310976396452,0.123493275333367,0.127387163778593,0.123433986675161,0.104061371760194,0.0807059967776877,0.0637875939393855,0.0538220488803329,0.0429463729333661,0.0450826360457737,0.0464443971997814,0.0552552330615572,0.0588880033389161,0.063886816344844,0.0639151502743649,0.0526727519508454,0.0475059734714107,0.0417985316481932,0.033777095506204,0.037252392946783,0.042798304744847,0.0416824015998145,0.0368395022916261,0.0316391898623465,0.0328445519329161,0.0330583086221263,0.0279750185651113,0.0232398516891716,0.019705393958886,0.0201869381489346,0.022697715350567
462,"MDV","Maldives",NA,NA,NA,NA,NA,NA,NA,NA,NA,0.117491880784622,0.145087226966875,0.154839343059188,0.17391362739192,0.165451166752721,0.149881505960205,0.140984575363581,0.138338868493192,0.126216070086605,0.10201470271784,0.102771154853005,0.113560156685753,0.105863096126453,0.128370779722877,0.116292905598064,0.108726569759025,0.0960782524691695,0.0955173790126498,0.0948190319276385,0.0803163319021154,0.0798300058656731,0.0775979585573094,0.0710202992248783,0.0791023395108081,0.067652694795608,0.0759881579790056,0.0667000521056931,0.0692702135471148,0.06996829509024,0.0752985658373073,0.0829273542068714,0.0735653445416511,0.0708665175629322,0.0735829627281044,0.0661074667468329,0.0654137491628153
466,"MLI","Mali",NA,NA,NA,NA,NA,NA,NA,NA,NA,-0.000731345179188936,0.00267362529320936,0.0062401187274006,0.00816609195420859,0.0207420533879936,0.038970779693466,0.054337939566899,0.0650646276371079,0.0712729964076304,0.0881646661595044,0.10205308390646,0.111484850697055,0.11430721116549,0.112156059236022,0.10507912744763,0.0999252301164704,0.0900397402485917,0.0774502199215978,0.0705707073013242,0.0754006683956967,0.0714771130965142,0.0715471331365243,0.07410405385381,0.0746829162058884,0.075226070724214,0.0825071089298028,0.0862607152714685,0.0963879013770963,0.110351173963551,0.123325820686186,0.124854306368699,0.126761529220043,0.12962885232258,0.118283985069784,0.0992074144968875,0.0804146587176009
470,"MLT","Malta",NA,NA,NA,NA,NA,NA,NA,NA,NA,0.0854009475886295,0.0948133885868256,0.0969967215212943,0.100684340118355,0.0905949676128994,0.084400165873552,0.0557310554894326,0.0354237522954757,0.0245190065134264,0.0146130895504708,0.00812168575617389,0.00484780828846154,0.00260050278112156,-0.00104956395538724,0.0125851631150142,0.0183506257556096,0.0137775361262202,0.0106008577923369,0.00893152413263154,0.00551443974085153,-0.000861249846717871,-0.00866804554972977,-0.0105628221201902,-0.00878237128982917,-0.00873790601570523,-0.0091352724044057,-0.03120626903662,-0.0583761749895401,-0.0701979555470063,-0.0752704871667733,-0.0745453860731371,-0.068976564079299,-0.0576973190343765,-0.032260272174409,-0.00923136672027669,0.0166711396501207
584,"MHL","Marshall Islands",NA,NA,NA,NA,NA,NA,NA,NA,NA,NA,NA,NA,NA,NA,NA,NA,NA,NA,NA,NA,NA,0.0280347096564979,0.0292516756050134,0.0292116185829991,0.0301935569069518,0.0303716148798316,0.0336764308782489,0.0368303464458655,0.0357609584172487,0.0320659712075593,0.0306545730042249,0.027810664050689,0.0262270459256326,0.0235322372277529,0.0201512497937009,0.0157133329624426,0.012696642923997,0.0130048868104207,0.0116744404961082,0.0106079563748191,0.0100974937483187,0.00863369134095993,0.00691441708262164,0.0056218267542012,0.00606197727907087
478,"MRT","Mauritania",NA,NA,NA,NA,NA,NA,NA,NA,NA,0.186311324098617,0.1306027834637,0.0749635487815083,0.0432865119784367,0.017643864722759,-0.0101725448999819,-0.0535343520691444,-0.130730113668614,-0.0888611816608054,-0.0334892623842657,0.0311966932417695,0.0289341286074676,0.027416932641549,0.0285549721381424,0.0289261544238388,0.0317466599743825,0.0358012012728439,0.0431301959471035,0.0538668851464481,0.0605309919572505,0.067278054298543,0.0696667731942711,0.0711305476083319,0.0743409490961195,0.0638370455492476,0.0615874695327758,0.0630374638155244,0.0527304216629463,0.0624801714455976,0.0786358323333407,0.0923969398190645,0.100304242762227,0.0981009959405945,0.102909489184966,0.086031202797257,0.0726828004889903
480,"MUS","Mauritius",NA,NA,NA,NA,NA,NA,NA,NA,NA,0.0784363769792247,0.109852729981351,0.125777086033068,0.129071289217677,0.131031807185852,0.116322055214435,0.10513948774327,0.0941774127232755,0.0840742230579428,0.0628509979179948,0.0511376057212261,0.0578696696061718,0.0631746423902388,0.0690196318865524,0.0742561647886246,0.0666509622646738,0.0629672234071657,0.0618341997663518,0.0553656338844912,0.0481657822543786,0.0409168899877039,0.0385633291225542,0.0358451477473969,0.0304149778921292,0.0265332919100898,0.0216655714996625,0.0174231553353399,0.0184163278223679,0.0207571453974376,0.0209519982526476,0.0188662898285912,0.00832554334109448,0.000678727375605925,-0.00169123476921118,-7.28185199556641e-05,0.00334974413914102
484,"MEX","Mexico",NA,NA,NA,NA,NA,NA,NA,NA,NA,0.0149858881274605,0.0136269132658502,0.0163508785337612,0.0223311090503155,0.0219070763567388,0.0210507925386374,0.0164475558142696,0.0132780242257404,0.0143620472040866,0.016049153504156,0.019566715137457,0.0202935576712926,0.0233967710634995,0.024807796166125,0.0280776348164224,0.0312587832900131,0.0306214382992327,0.0292805029786578,0.0278088047465253,0.026370168012934,0.0216140970724226,0.0151849150212406,0.0127789456780645,0.0107891376588867,0.00975920204409686,0.00629614892324182,0.00480876999521196,0.00442360095372329,0.0021247974725549,0.000451769673532221,-0.00293222580526542,-0.0118080282330078,-0.0139228553380684,-0.0118352291527809,-0.00882095864627208,-0.00607383858214383
583,"FSM","Micronesia",NA,NA,NA,NA,NA,NA,NA,NA,NA,NA,NA,NA,NA,NA,NA,NA,NA,NA,NA,NA,NA,0.0304426882104163,0.00735334181635339,-0.00917611206408153,-0.0284521095456344,-0.0499425581230114,-0.0634758019014001,-0.0616463314897319,-0.057855106729438,-0.0386659379378099,-0.0387365884811819,-0.0307093232090804,-0.0198604453547493,0.00072715809935775,0.0171729194259476,0.0199505090335439,0.0198936519592097,0.0252644874923174,0.021018306584949,0.0313415375432751,0.0176020423836776,0.00896299485072372,0.00467647187102949,0.00239184179140994,0.00360187289616398
498,"MDA","Moldova",NA,NA,NA,NA,NA,NA,NA,NA,NA,0.008872655730924,0.00494492030137139,-0.0115764319645534,-0.0426200936478734,-0.0797722165722731,-0.117614129771429,-0.142325906896722,-0.15383060731352,-0.176645434538578,-0.186167066547287,-0.193246741331241,-0.194065903128882,-0.180753235557915,-0.162518329718757,-0.138917395366576,-0.113014226696183,-0.0771532903199601,-0.0274893067305485,0.00284756106316997,0.0326687964308461,0.0361438766461883,0.0248864824929291,0.0152612581382916,0.00498480808671542,-9.74983577868294e-05,-0.00498273165378038,-0.00537629825808794,-0.00279291803297199,0.00141259443428488,0.0109133644432713,0.0113338492204391,0.0110808885117168,0.0183010010190583,0.0151958477435319,0.0146007791356197,0.0109317280274308
492,"MCO","Monaco",NA,NA,NA,NA,NA,NA,NA,NA,NA,NA,NA,NA,NA,NA,NA,NA,NA,NA,NA,NA,NA,NA,NA,NA,NA,NA,NA,NA,NA,NA,NA,NA,NA,NA,NA,NA,NA,NA,NA,NA,NA,NA,NA,NA,NA
496,"MNG","Mongolia",NA,NA,NA,NA,NA,NA,NA,NA,NA,0.0701980888017502,0.0667932197646675,0.06788748583704,0.0572352475406772,0.0332486512330965,-0.00750419307141892,-0.0275731605754389,-0.0408902671500306,-0.0483782559160509,-0.0462668721263574,-0.0463204027390138,-0.0470946034461707,-0.0292696351551566,-0.0092044158806186,0.00132930748405413,0.00707136555088872,0.0117444027445621,0.0210484630280876,0.0399370052346835,0.0532637804014791,0.0649132916555524,0.072188455074373,0.101031540796651,0.151155770855113,0.194064335448177,0.193656805633986,0.160089093063629,0.126112941611342,0.115459955087454,0.107687809167442,0.0910766450765568,0.0560246594445872,0.0288273767002676,0.0359258488817511,0.0615294299887041,0.0607667149099407
499,"MNE","Montenegro",NA,NA,NA,NA,NA,NA,NA,NA,NA,0.0229492633379511,0.0185716069280153,-0.00134854382631566,-0.0199049176538648,-0.0394389814356695,-0.0532251629667896,-0.0583656589892616,-0.0486369637436221,-0.0337356976868943,-0.0120802199502041,-0.00892996203553664,0.00515584205077935,0.00463870712561776,0.0118390093749874,0.0131022814762152,0.014247082871252,0.0118569771751342,0.0204822746578635,0.0319063649960709,0.0595105068244153,0.0327592119919036,0.0314644020751587,0.0288538073877278,0.021291435453973,0.0138614260728529,0.00949091200786034,0.00466639336764296,-0.00334560106603266,-0.00894212193485999,0.0082227676657034,-0.00119943885852558,0.00742074561853978,0.0159664020954851,0.0207477982423321,0.0201064530492827,0.0159663338036002
504,"MAR","Morocco",NA,NA,NA,NA,NA,NA,NA,NA,NA,0.0385051442855924,0.0400173092382456,0.0401948319132583,0.0427081423326836,0.0478507115391189,0.0505640456214778,0.0487537891686549,0.0461435050726664,0.0430227975893724,0.039918496918355,0.039421581506609,0.0355745958057736,0.0367450273932661,0.0361350850746398,0.0347213930560051,0.0409077588298028,0.0467132937709911,0.0508047766542088,0.0534667658957557,0.054786081298194,0.0515064550996946,0.0487507148233497,0.0474727283477219,0.0442074441834093,0.0339030082808112,0.0286625424235174,0.0247931158788326,0.019938202470503,0.0184699283948249,0.0186771024735273,0.0212775895211492,0.0211762035230632,0.0243225382121288,0.0265555719354367,0.0251858147882753,0.0221332263305818
508,"MOZ","Mozambique",NA,NA,NA,NA,NA,NA,NA,NA,NA,-0.133182976471614,-0.108587752323765,-0.0904670914123333,-0.055418680500394,-0.0194621547917017,0.00502476019321363,0.0162160877367041,0.0154172422627734,0.0170690487139269,0.0156718539846465,0.0176718738283985,0.0244491653549712,0.0313233230471364,0.0373495357882578,0.056377139148492,0.0669977808623554,0.0699132688857251,0.0691371306899564,0.0738078711924726,0.0664586363379933,0.0605043811230499,0.0583694535149959,0.0682796387661944,0.0674474403206384,0.0804940969092307,0.134950421027806,0.155158768295304,0.178230495456346,0.17693579723789,0.16001484241611,0.136503804352732,0.0981206510256789,0.0728047299442258,0.0458648485105597,0.0154475773365612,0.0265026937607762
104,"MMR","Myanmar",NA,NA,NA,NA,NA,NA,NA,NA,NA,-0.0257780110263489,-0.0398758870199309,-0.0506682580936891,-0.0502183897407684,-0.041435742556656,-0.0150900777207996,0.0201082024346622,0.0594242369533271,0.0786318042649783,0.0837989204368701,0.0920469037923346,0.0958559782386665,0.0778459729529128,0.0644799424984268,0.053273455898974,0.0578558676909677,0.0562294618404777,0.0569607724392063,0.0526504179717657,0.0315514393989174,0.0179919499486911,0.0259714692689244,0.0290036616965013,0.0152237782381524,0.00735043224564436,0.0241742383677941,0.0508424295152861,0.0753414908885566,0.100573260849167,0.119935986886385,0.125104608906605,0.134655241433795,0.131336640858293,0.105485622333678,0.0728722532510844,0.0446164497015133
516,"NAM","Namibia",NA,NA,NA,NA,NA,NA,NA,NA,NA,NA,NA,NA,NA,NA,NA,NA,NA,NA,NA,NA,0.0592147339630822,0.0538070275829121,0.0378442235588028,0.0314457918249442,0.0322257555853025,0.0381081281511291,0.0423326510164279,0.0408179028901345,0.0498107442036071,0.0444776301587189,0.0356221259423253,0.0387116902337399,0.0381826724509955,0.0322386911498875,0.0282141215220231,0.0336844221369454,0.0383578596954959,0.0331179203086176,0.0373438259864329,0.0350553863887384,0.0272427172360665,0.0194664077755227,0.0147624101521655,0.00560150320459796,-0.00263068240735165
520,"NRU","Nauru",NA,NA,NA,NA,NA,NA,NA,NA,NA,0.0351811931239521,0.023176142440644,0.0113103149608347,-0.00204424236959155,-0.0182198231086874,-0.0347790313281509,-0.0513739837331774,-0.0515066179669347,-0.0478896346233427,-0.0411800005491376,-0.0330288543619971,-0.0357747284223295,-0.0390166613584485,-0.0415301363657887,-0.050798091502335,-0.0587671976544819,-0.0623431672763356,-0.0796874734410092,-0.0917071940124918,-0.0955556872540396,-0.0941913538721729,-0.081895420715993,-0.0714265498575493,-0.0558471102470842,-0.0335785959643229,-0.00664505844793017,0.0273035812441411,0.0356980511627367,0.0400905727776668,0.040582339754301,0.0332720320583091,0.0328493328566073,0.02368270995237,0.0146933200791601,0.0121016382303503,0.0144211418268239
524,"NPL","Nepal",NA,NA,NA,NA,NA,NA,NA,NA,NA,0.0899695346059599,0.0830969805869266,0.0804734287900555,0.0762243989771041,0.0736549078245186,0.0916250833125045,0.117408593223725,0.130357439713991,0.149901483632437,0.152825737857754,0.160215304311051,0.130442684339801,0.111980631779992,0.0789315580532342,0.0506801263720873,0.0198483151326574,0.0159207722483587,-0.000590457603973138,-0.0072941776383294,-0.010608211423243,0.0165075817516498,0.046628497693209,0.0806969109920368,0.0960966138298762,0.115317368387845,0.129886778949871,0.134945220317358,0.137171200761822,0.136270435973435,0.141458596126024,0.136608339067869,0.140762412189696,0.134011504284022,0.123902517730049,0.11011517816061,0.0980504684529193
528,"NLD","Netherlands",NA,NA,NA,NA,NA,NA,NA,NA,NA,-0.00516623540699257,0.0102728098535558,0.0247417461846708,0.0246243905912493,0.0233121999490498,0.0228359999965739,0.0220516156460586,0.020579371547681,0.0174172965300445,0.0100549638112422,0.0057587449571459,0.001732976903424,0.00207456581673759,0.00169285808131203,0.00195440498432298,0.00247310714339188,0.00168537751280429,0.00246641594985331,0.00116481835333326,0.00125260410673289,-0.00239088523241981,-0.0018365941188031,-0.00401981702545728,-0.00706225506494707,-0.00832898728157094,-0.010317687839422,-0.00984686705465354,-0.00992238102802889,-0.0103179767886846,-0.0102219410804463,-0.0128581741305079,-0.0155576148802761,-0.0185929909053314,-0.0256772255861833,-0.0344844883273853,-0.0431735085775549
540,"NCL","New Caledonia",NA,NA,NA,NA,NA,NA,NA,NA,NA,0.00146748746531888,0.0296860719244691,0.0425764092112928,0.039581496041234,0.0359909339012328,0.0338131542121063,0.0409736040825617,0.044392770165381,0.0343984473468553,0.0236645694560607,0.0237773013273104,0.0228062387374739,0.0155826089261244,0.0135850646493316,0.0239089876069403,0.0300084765860806,0.0424623321035726,0.0530383474779992,0.0524311471888959,0.0439249299695255,0.0422077126957996,0.0516765501462095,0.0435445458473329,0.0439354078432694,0.0518238780767362,0.0626985607196096,0.0709981456587063,0.0765186108608793,0.0794640990181246,0.0753778772162905,0.0639849144704498,0.0518029487788938,0.029553812963049,0.0120782492821017,-0.00492243194033026,-0.00700926626521114
554,"NZL","New Zealand",NA,NA,NA,NA,NA,NA,NA,NA,NA,0.0537377749347292,0.0538284472072048,0.046834042129174,0.0450863255060225,0.0360241005202351,0.0268442599220859,0.0217605610120202,0.0194657809606915,0.0213048763722734,0.0208764348949804,0.0214161763933463,0.0208012988034889,0.022652403534585,0.0263843934461294,0.0292845048580115,0.0285622641866388,0.0274256650056615,0.025641731725484,0.0239123836147841,0.0187994257433053,0.0100181496808709,0.00208963610969137,-0.00330169533967295,-0.00572102368575056,-0.00649459688907006,-0.00741477508209054,-0.00469159339503655,-0.00420369559096756,-0.001926374470271,0.00263204969113406,0.00398108960109922,0.000959401232963897,-0.00209462050689879,-0.00638312262619545,-0.0112411987898277,-0.0128858409193086
558,"NIC","Nicaragua",NA,NA,NA,NA,NA,NA,NA,NA,NA,-0.00847400789750408,-0.0085130046758668,-0.00665681778638516,0.00501682723061125,0.00950060271235165,0.0124842323126224,0.0215756897296213,0.0373092747276529,0.0607672862127282,0.0806747128184329,0.0684296939145197,0.0701308510396421,0.0651064811346977,0.064921847401161,0.0600073596233008,0.0545435190359451,0.0469388864252802,0.0381652738093399,0.0318152641231517,0.0242979368900023,0.0187086001693368,0.0130371377763046,0.012694446599095,0.00798600839186969,0.00774231121743196,0.00913091158148771,0.0153672865219339,0.0207736912163723,0.0264119899712316,0.0241724011617517,0.0213354942314734,0.0104619821323855,0.009582417066478,0.00417547105893123,0.00112485090918546,-4.79896644359767e-05
562,"NER","Niger",NA,NA,NA,NA,NA,NA,NA,NA,NA,0.0576419613029235,0.00740701939146038,-0.0322389832051653,-0.0670900014993283,-0.0740430282980358,-0.0760609751618807,-0.0735584402625142,-0.0640054468977496,-0.0431252660083088,-0.0134948609790962,0.0235832133480562,0.0294144109188348,0.02663012474371,0.0197587179068444,0.0239822566307117,0.026456152907977,0.014858198938418,0.00821015556513904,0.00472052231876385,0.0113435190787377,0.0252363466927916,0.0465136654523657,0.0646110787157319,0.0983099403757632,0.132791517712536,0.164275105787259,0.16896473788008,0.153363071542329,0.128708140970655,0.0846380790320984,0.0637786284446109,0.0556750628274272,0.034937120653405,0.0416264441951362,0.0482559110054834,0.0561221816732562
566,"NGA","Nigeria",NA,NA,NA,NA,NA,NA,NA,NA,NA,-0.0224698422845941,-0.0441092567846985,-0.0570920635211727,-0.0601856628262774,-0.0666512339788188,-0.0298816805247397,0.00933715889831332,0.0597673874926239,0.0916921719843558,0.124958595054982,0.116292884663572,0.100321466492902,0.0800775397622993,0.049699416723465,0.0156984496518131,0.00918907927633628,0.0075793907331021,0.00704514255134114,0.000996907802954361,-0.0071938814140704,-0.0226814516404701,-0.00820648186385697,0.0135255719246901,0.0178471740438222,0.0305463521603238,0.0408645687924145,0.046099503238529,0.0448175366686951,0.0320368645570417,0.0160943089636334,-5.35168848843082e-05,0.00149030733368849,0.0189511843656174,0.018884580132231,0.0200994196513382,0.0265438374726765
570,"NIU","Niue",NA,NA,NA,NA,NA,NA,NA,NA,NA,0,0.0385318447370644,0.0695246228621347,0.0922270009762174,0.106079087336857,0.110735379572726,0.0650410894399627,0.0212266063153641,-0.0207854027539986,-0.0248903492698462,-0.037102227468836,-0.0125235948488928,0.0126824243937012,0.0385318447370644,0.0255256926759042,0.0212266063153641,-0.0207854027539986,-0.0610690893382937,-0.0996955545031105,-0.0610690893382937,-0.0571164454818244,-0.0451583960895834,-0.0248903492698462,0.00420972811906228,0.0341782355387947,0.0561303298044946,0.0695246228621347,0.0740270307410269,0.0695246228621347,0.106079087336857,0.0922270009762174,0.0695246228621347,0.0385318447370644,0,-0.000258233373937933,0.0019824537860309
408,"PRK","North Korea",NA,NA,NA,NA,NA,NA,NA,NA,NA,0.0762508834523188,0.047068801378717,0.0157386561419524,-0.0206338003582994,-0.0539920686094819,-0.082711997031603,-0.104425762402202,-0.120539613051784,-0.122619563852857,-0.110300966874451,-0.0769435420005233,-0.0608581565108879,-0.0394685698632755,-0.0237138685564212,-0.00817800148278736,0.00553441551062872,0.0187790424379894,0.0237926087087761,0.0142164408686534,0.0049858311304829,-0.00259784526126072,-0.00765908402639726,-0.0263520970121852,-0.0439915490751376,-0.0687380671278781,-0.0793092745120043,-0.0925392413859362,-0.090648016263359,-0.0550437569652439,-0.0182065546674089,0.0247067282551456,0.0632925032528486,0.0691956333508708,0.0743510230357416,0.0643989048000528,0.0549382759093904
807,"MKD","North Macedonia",NA,NA,NA,NA,NA,NA,NA,NA,NA,0.0239949284583088,0.0201561231718652,6.65647580513351e-05,-0.0185309250288701,-0.0361473979079444,-0.0449665662800574,-0.0490862628471403,-0.0380203673841037,-0.0322933755343646,-0.0143405461787379,0.000414457415612635,0.0160878400688378,0.0100819621903987,0.00527641812178703,-0.000666117271654332,-0.00733684884219488,-0.0119187119551022,-0.00574297058881412,-0.00350981314637577,0.00636134626639429,0.00651156762365379,0.00454033845694868,0.00571571826214701,4.63359150428833e-05,-0.00772044971425778,-0.0182863272353169,-0.0277028481466841,-0.0346384619792219,-0.0320263607850001,-0.0304982130593209,-0.0234609932264507,-0.0206909459491075,-0.0147434793235529,-0.00138889898237093,0.00525482093475627,0.00383817339365788
578,"NOR","Norway",NA,NA,NA,NA,NA,NA,NA,NA,NA,0.0122093779414825,0.0129404733482696,0.010054971768346,0.00616070599835172,0.00559151770690791,0.0102414908764201,0.011283709731742,0.0194758177051042,0.0224956219646597,0.0277138158777979,0.029118367618421,0.0288379933227372,0.0249829211988934,0.0185455707681632,0.0142241024448573,0.0113871020745904,0.00649089836990546,0.0060536858103557,0.00726476012961563,0.0065684898697369,0.00430126293609145,0.0043044653826867,0.00442795430680509,0.00209667979344674,0.00172468248398028,0.00222692748188713,0.00170294554996331,0.000468040794598279,0.000977913982335599,0.000857583491661984,-0.00362402713872145,-0.00624814920465688,-0.00922938700178921,-0.0122249057148189,-0.0164814100408934,-0.0208359780766486
512,"OMN","Oman",NA,NA,NA,NA,NA,NA,NA,NA,NA,0.0747518737176851,0.074766456727865,0.0682219598961222,0.0513047410937904,0.0503244352717132,0.0625669592252946,0.0743159475632618,0.0834727672632511,0.0813542990132643,0.0800398758761758,0.0779833991753018,0.078903351823012,0.0686259065823709,0.0622403763157542,0.0672594564086468,0.069641794252254,0.0756166962113718,0.0864578338653901,0.0933680183836716,0.0924924909632137,0.088088359552583,0.0890446170842083,0.0817821774408289,0.0810362770572026,0.0893165768116682,0.0776490601405251,0.0630515597411911,0.054382992068797,0.0475322475559063,0.0426928517043299,0.0295552314827792,0.0203114187475426,0.0167621319144275,0.0185724771172808,0.0216728712974359,0.0249320610151256
586,"PAK","Pakistan",NA,NA,NA,NA,NA,NA,NA,NA,NA,0.0744188824109708,0.0758588448585169,0.072169099467944,0.0693980086434098,0.0673367659263973,0.0660987416375771,0.0625721801948576,0.0614025990967144,0.0575422067443503,0.0540556346464838,0.0487474648918174,0.047870268810803,0.0420243529508626,0.0378110951898729,0.0343110103091553,0.037341758259885,0.0374458624163512,0.043147158371406,0.0483018103210036,0.0496370610196437,0.0476394238813984,0.0433636934175019,0.0364243120292291,0.028853694421294,0.0182045650927851,0.0118447816816918,0.00380594095780262,0.00934806659116694,0.0269407136625772,0.0378058954596274,0.041291660166725,0.0481378695469861,0.0581645109483209,0.0544700022268869,0.0381685415926662,0.0183027370927586
585,"PLW","Palau",NA,NA,NA,NA,NA,NA,NA,NA,NA,NA,NA,NA,NA,NA,NA,NA,NA,NA,NA,NA,NA,0.00927636646487651,0.0106549454111371,0.0109301192288422,0.0113605004202724,0.0124372616254449,0.0139501173478829,0.0196986669788153,0.012098680622016,0.00132420337894601,-0.00257721241892539,-0.00436675354958171,-0.0034154723071721,-0.00218826884402135,-0.00355061255993749,-0.00669562512560007,-0.0055764132823708,0.00558134844378122,0.00377919918512104,-0.0011845538937354,-0.00446298551940849,-0.00563665678381686,-0.00226853498544688,0.00228357489696696,0.00771562686817795
591,"PAN","Panama",NA,NA,NA,NA,NA,NA,NA,NA,NA,-0.0223560413354608,-0.0271033236425455,-0.0166709229249601,0.00935229175784635,0.0323355980026887,0.0468639847838999,0.0454738393021836,0.0519169152851737,0.0651859632836327,0.0820115975400053,0.0761479191714021,0.0640837867160491,0.0657602909365973,0.066040913755333,0.0579314559689064,0.0466738316664801,0.033984015477045,0.0315051739364087,0.0242822706100025,0.0256155671799381,0.0310189468567084,0.0394925006904032,0.0613916918499078,0.063265074995065,0.0654861990217752,0.0576677680550066,0.0554723223274287,0.0511113618558459,0.0365440578647782,0.0127456634870169,0.0141314648044857,-0.0168380466830733,-0.0142640938383625,-0.00667456274610234,0.00919231069792947,0.0236218755210682
598,"PNG","Papua New Guinea",NA,NA,NA,NA,NA,NA,NA,NA,NA,0.0177007874809261,0.0129064308611753,0.0102662397133146,0.00716132010680792,0.00482095610524635,0.00239349052802162,-0.00171239102479803,-0.00363152727235194,0.0113785414243874,0.0381696206264053,0.0353904676785988,0.0418192193597648,0.0522115906648442,0.0632495522865082,0.0737056873794857,0.084501111371238,0.0843779861703327,0.0783523954422265,0.0894889187712709,0.100371736784616,0.0783938676182405,0.0512347606793686,0.0341322670465332,0.00739296983952431,-0.0122410308136111,-0.00721286347288164,0.000366193268479087,0.0118544913139871,0.0335893663052733,0.0523246183172772,0.0635382545108132,0.0647434792429027,0.0672807192568095,0.0551203888951852,0.0367699943676771,0.0316369250630422
600,"PRY","Paraguay",NA,NA,NA,NA,NA,NA,NA,NA,NA,0.0547288457654851,0.0635256291045727,0.0617637140127374,0.0653574543868705,0.0701703469186024,0.0787453295510503,0.087959673927545,0.0862918749499668,0.0889214108729361,0.094853408040773,0.0938122636730065,0.0695347599159652,0.0396195122982785,0.0198006095874181,0.00601922607205707,-0.000781312810630652,-0.0039917689736414,-0.00870205961212756,-0.00555842383260541,0.00519952905373167,0.0194204652909675,0.0257836533964491,0.0318098477072941,0.0362609746516516,0.0401999292984245,0.0445623748440098,0.0460190936262981,0.0537183274341142,0.0618883130798749,0.0692907540894132,0.0702952481649972,0.0646382354014448,0.0619330068433361,0.048195010851765,0.0308617634643971,0.0146631059766686
604,"PER","Peru",NA,NA,NA,NA,NA,NA,NA,NA,NA,-0.000358823653313078,0.00111379107228138,0.00224090946688427,0.0045476135780127,0.00559507298065087,0.00616580276328538,0.00301678320325705,0.00335430876857989,0.0196796064395308,0.0341117813493403,0.0405425000466564,0.0402433199813381,0.02702359931072,0.0130190505902135,0.00397060250686598,0.00263349998533458,0.00530043149438009,0.000770052260517851,0.0133222333102891,0.025684564837972,0.0446521719590152,0.06247080558586,0.0661479866232042,0.0683050353578614,0.0574666946077473,0.057630093705356,0.0548933735365125,0.0451093128913027,0.0435881479368836,0.0395822368142982,0.039613221356102,0.0276302405873028,0.0274844755367367,0.032313070408438,0.0294837671449555,0.0346349180354237
608,"PHL","Philippines",NA,NA,NA,NA,NA,NA,NA,NA,NA,5.61022621474727e-05,0.0169691842056217,0.0312014061311501,0.0496599205904564,0.0658408598612616,0.0744464072961435,0.0747083743086365,0.0691613038238328,0.0700142348220978,0.0697075438761525,0.0643789930669936,0.0589349290047929,0.0485352185052226,0.0393416466069534,0.0263781686415525,0.017901161423181,0.0129801875690214,0.00169095556673349,0.00196916177639928,0.00529186539427973,0.00623529179483873,0.0144696476224926,0.0199196415825065,0.025898647721972,0.0335847317151912,0.0429190893004772,0.0544376982951238,0.0582908636060464,0.065035882514342,0.0725502268775073,0.0724395771224455,0.065382128471928,0.0567289782301807,0.0493646306326405,0.0444179728284726,0.0412559114575246
616,"POL","Poland",NA,NA,NA,NA,NA,NA,NA,NA,NA,0.00282734948658869,-0.00141673859717206,-0.01181553489984,-0.0204566449877834,-0.0272123512132885,-0.0312385553749548,-0.0309647505012169,-0.0251263879056421,-0.016829587405831,-0.0128110667087629,-0.0104635959727764,-0.0146977825767548,-0.0180891348423923,-0.0222720406744983,-0.0220534835180458,-0.020309516742759,-0.0170158003205004,-0.00743883920665378,0.00173289105657437,0.00566612884881623,0.00569096598968111,0.00681500620366959,0.00635087508707799,0.00225762962320064,-0.000512840427957961,-0.00450409767786719,-0.00760817653481582,-0.00572146025469189,-0.00130263163739042,0.00171285148829758,-0.00135355751031696,-0.00345318822645113,0.000462127125990586,0.000268482760378497,-0.00609998368186526,-0.0154836090699628
620,"PRT","Portugal",NA,NA,NA,NA,NA,NA,NA,NA,NA,0.0335593235399756,0.04858692897841,0.0596305535768256,0.0736038274719475,0.0808139767967064,0.0796483145809124,0.0717436645220839,0.0596039134184894,0.0460643188221739,0.0331284095788287,0.0352104595853668,0.0371288208752596,0.0364952241879775,0.0411820738979278,0.0355827198460459,0.0301752879073791,0.0286407958552417,0.0166407156609758,0.00352238565045293,-0.00783292108533529,-0.0138574763321861,-0.0234663479277543,-0.0319008819522207,-0.0353033388362548,-0.0416110405411123,-0.0419908835632664,-0.0317175298621579,-0.0245612986490386,-0.0119254922875249,-0.00413010580255513,-0.00179122761069794,-0.00949139042888936,-0.0175760433429776,-0.0244435984304369,-0.0353967879594564,-0.0466086798828146
634,"QAT","Qatar",NA,NA,NA,NA,NA,NA,NA,NA,NA,0.00254978881171364,0.000768741277099139,0.0226327234336974,0.0630868201763337,0.096187709873395,0.126590151289041,0.146329579958737,0.16035395682352,0.162664387358522,0.141209145652467,0.117406131459016,0.0719248116273843,0.0487988401372563,0.042871893035664,0.041626056017823,0.0397331816978808,0.0350076950362632,0.0411556884581417,0.0543425977488536,0.0560721091802845,0.0531032280644808,0.0570432377709433,0.0684215378483342,0.0792098284601859,0.0813229648456841,0.0759992886723249,0.0635977462172861,0.057417812663749,0.0539273846208836,0.0441932975781161,0.0312759949882013,0.0211975441819314,0.0160397913112567,0.0198190417871817,0.0248273265165422,0.0295406380257177
178,"COG","Republic of Congo",NA,NA,NA,NA,NA,NA,NA,NA,NA,0.126361152918332,0.0573525892720483,-0.00463275539566022,0.00426951240647622,-0.00285946857923391,0.0491984634288154,0.0948273957300012,0.129763039036072,0.175271479593298,0.198853355178496,0.209802944443926,0.181140609570965,0.136972649226512,0.0640881231517387,-0.0103028520522228,-0.0191516553975269,-0.020755803614783,-0.00606006406330917,0.0124319747669892,0.0178184202959488,0.0310241792075985,0.0538319569987817,0.0670674536543416,0.0472781906961837,0.0416680627958426,0.0303930256192984,0.0294694106430149,0.0327390261879987,0.025014799402433,0.0221954252378194,0.0301398850166101,0.0435497636578388,0.044692318873589,0.0500784539135075,0.0566204660383007,0.0574393505328343
642,"ROU","Romania",NA,NA,NA,NA,NA,NA,NA,NA,NA,0.0102958226887409,0.00175453117467628,-0.0166029215291545,-0.0355372531810073,-0.0518746863691245,-0.0668365413878264,-0.0729876851950688,-0.0705137881519722,-0.0645493439440373,-0.0579125230401871,-0.0512381287373062,-0.0438835963610738,-0.0397426711981773,-0.0360729916697562,-0.0313168911429443,-0.0257763197649344,-0.01676821036826,-0.00172767166526788,0.0123352191373489,0.0187080875077066,0.00281894786828296,-0.0116336008583151,-0.0160488050772256,-0.0210307261309471,-0.0288321801036165,-0.0332936254205288,-0.0367121539340183,-0.0362219815761016,-0.027628297494805,-0.0158582929715365,-0.0156830693462919,-0.0183731312308683,-0.011081124991025,-0.00657571853940553,-0.0123559251802766,-0.0153362830513096
643,"RUS","Russia",NA,NA,NA,NA,NA,NA,NA,NA,NA,0.0184309623371872,0.021082092684412,0.0173770399261202,0.00199959685829065,-0.0139744514670154,-0.0340243268848177,-0.046568646649739,-0.0556951874093633,-0.0635271152301886,-0.0645513831639799,-0.0596482241737275,-0.0463621522883626,-0.0286054156206781,-0.0187529123776018,-0.00788878419019023,-0.00268889542695216,0.002796211502196,0.00945323925607999,0.0112907914370355,0.0122261408724123,0.00926809307553067,0.00833786144124238,0.00961051191094331,0.00966546982966188,0.00754845434238094,0.00494760330976773,0.00238273703264258,0.0015749541367045,0.0018121209370332,0.00452540044600225,0.0021522947472099,-8.79575252958897e-05,0.00117371525421239,0.00314030595688886,0.00463209464417447,0.00690531719449949
646,"RWA","Rwanda",NA,NA,NA,NA,NA,NA,NA,NA,NA,0.0211211302676588,-0.00348751145870019,-0.0210573485952599,-0.0339087611325884,-0.0348140471483233,-0.0397794242843166,-0.0441859714944267,-0.0454308807034123,-0.040212907588516,-0.0242543996114637,-0.00212450193164115,0.00763176057147774,0.0110733101961593,0.0136078141627931,0.0151733694126812,0.0143173917426604,0.0102876733752439,0.00660260455342598,0.00721514816749047,0.00517234786187282,0.00713363835010283,0.0121060250897949,0.0217953705244871,0.034113124396616,0.0460389931269773,0.057640953177412,0.0718656697157882,0.0829989652159733,0.0949608757649056,0.102257555069541,0.105088349557334,0.0979876828554502,0.0985625806628829,0.102777660911314,0.101318584626024,0.0923743292021595
652,"BLM","Saint Barthelemy",NA,NA,NA,NA,NA,NA,NA,NA,NA,NA,NA,NA,NA,NA,NA,NA,NA,NA,NA,NA,NA,NA,NA,NA,NA,NA,NA,NA,NA,NA,NA,NA,NA,NA,NA,NA,NA,NA,NA,NA,NA,NA,NA,NA,NA
659,"KNA","Saint Kitts and Nevis",NA,NA,NA,NA,NA,NA,NA,NA,NA,0.018515180658168,0.046695583306184,0.0711178324796591,0.102720782432067,0.111489199532165,0.113374616030812,0.105530671894157,0.0991311102056607,0.0806163425299435,0.0677733700264642,0.0473248775249955,0.0544232776836533,0.05658748809879,0.0604060353348761,0.0592353528691392,0.0597984313350883,0.0512783633580465,0.0432961763771282,0.0377552353025732,0.031968133647881,0.0258852285746292,0.0217692510840017,0.0179060498124415,0.0167146170534094,0.0137955744928955,0.014970589166718,0.0110818770492136,0.00930426599631429,0.011050338951285,0.013072262679255,0.0168807511440403,0.0145737099488321,0.0116164253100148,0.0108546198913746,0.00857931395576528,0.00809708379845553
662,"LCA","Saint Lucia",NA,NA,NA,NA,NA,NA,NA,NA,NA,0.0582632477738829,0.0720362408694168,0.0697202776016368,0.0787572009101729,0.0781133631892723,0.0800878997773826,0.0831871170674989,0.0821321556240706,0.0782119310711025,0.0793121518129203,0.0742675598194205,0.0666820214199777,0.0567764396255788,0.0470656357023922,0.0411885410616271,0.0397438849029645,0.0356546354411624,0.0346512192366921,0.0303162652477444,0.0284930259632119,0.0262777431291066,0.0291581154393898,0.0312690331831404,0.0293802376059924,0.0276750202813723,0.0266665911491166,0.0210814176079501,0.0158771841441541,0.0127677011044331,0.00989628794913533,0.00403345425109025,0.00318909553301161,0.00427329979461932,0.00665882071417667,0.0081897546817693,0.0110752349580632
882,"WSM","Samoa",NA,NA,NA,NA,NA,NA,NA,NA,NA,0.0200154240045043,0.0326209615425821,0.0420145397468561,0.0429632670941127,0.0428517730336713,0.0364256980518498,0.0384785188260766,0.046384067900914,0.0455534428245934,0.0513167346911245,0.0506977892065383,0.0510138327407268,0.0526626780502708,0.0535136311706201,0.0531476603518235,0.0450277733871018,0.0387752103069847,0.0343472319321163,0.0297137412698323,0.0221473040086138,0.0152937872933507,0.0135859891563583,0.0146655522692571,0.0162670269329077,0.0158120295767041,0.0194247375949537,0.0290036931920321,0.0363758565818191,0.0429404576343242,0.0386749323946058,0.0386594208197102,0.0344523563643657,0.036171511066396,0.0265913668030573,0.0142046620827865,0.00562531231559293
674,"SMR","San Marino",NA,NA,NA,NA,NA,NA,NA,NA,NA,NA,NA,NA,NA,NA,NA,NA,NA,NA,NA,NA,NA,NA,NA,NA,NA,NA,NA,NA,NA,NA,NA,NA,NA,NA,NA,NA,NA,NA,NA,NA,NA,NA,NA,NA,NA
678,"STP","Sao Tome and Principe",NA,NA,NA,NA,NA,NA,NA,NA,NA,0.0140145063299613,-0.000388486462787552,-0.0108590843319636,-0.0169373439477519,-0.0136128079042731,-0.0131084966396284,-0.00716046840994689,-0.00403409411895983,0,0,0,0.00405043395073945,0.00721211049934634,0.0132826117106022,0.0245942082057851,0.0418636623244626,0.0567151862471007,0.0682734930553057,0.0730933651261563,0.0736831288562039,0.0717327679769175,0.0752663178026283,0.0651707274719371,0.0576900341473112,0.0502014111898894,0.0557324315807399,0.0607626396123346,0.066337468182738,0.0612285579657161,0.0522843122312204,0.0457873495388794,0.0422620903046391,0.0301060909164135,0.0177816904686714,0.00474983757563496,-3.77789005252538e-05
682,"SAU","Saudi Arabia",NA,NA,NA,NA,NA,NA,NA,NA,NA,0.0271252335546068,0.0247469803554043,0.0405106821763774,0.0518703689477478,0.0618603872538237,0.0602994899665728,0.054590456234058,0.0538978743309906,0.0349899599603665,0.0162730944409413,0.00180992527601864,-0.00738509774952512,-0.000839942778020242,0.0141458129549552,0.0324022183997246,0.0558846141795224,0.0719504900502004,0.0860791980371203,0.078391537708637,0.0660928198804407,0.0540597955391438,0.0566837173069015,0.0534810716183902,0.0550659213327116,0.048231346656002,0.045588328439637,0.042864344982265,0.0417015460968242,0.032792240819403,0.0264688341697905,0.0255545869658802,0.0225850310610562,0.0191572453925375,0.0180715492559491,0.0140948761191992,0.00970405572191835
686,"SEN","Senegal",NA,NA,NA,NA,NA,NA,NA,NA,NA,-0.0108937956990612,-0.00262380831560571,0.00939633545060525,0.0180116237314825,0.0179832308969623,0.0364533119709054,0.027989159114495,0.0222501862154638,0.00731449078102009,-0.00075560163444921,0.0130755872438444,0.0165417102258549,0.0253625494400749,0.0339045360571097,0.0468172845464623,0.0653783879841763,0.0687587800251264,0.0569702225777107,0.0491529044421004,0.0332460401463477,0.0242935197797165,0.0310275963859206,0.044151079014904,0.0491138450730313,0.0587187074073741,0.0728756475619154,0.091723015580699,0.0878699758670916,0.0890966353274854,0.0772031187025459,0.0682315331065828,0.0575029298983252,0.0576747685884957,0.0557002148528807,0.0497315914000052,0.0437729070197537
688,"SRB","Serbia",NA,NA,NA,NA,NA,NA,NA,NA,NA,0.0227506164651645,0.0186412309165369,-0.00122843652977789,-0.0194670514239388,-0.0388520880040288,-0.0524732610363885,-0.0575217368866409,-0.0477481338716172,-0.032931578124299,-0.0114349076030134,-0.00854152804961394,0.00556081453961643,0.00482318470151233,0.012073679852358,0.013215646798999,0.0141416021596723,0.0112594329583877,0.0198683113545455,0.0298038918878389,0.0421819517012061,0.0222256778243926,0.00634509426858543,-0.00253615897297699,-0.0146507341679649,-0.0208071583597893,-0.0298175269472672,-0.0297264985884249,-0.0219524899668718,-0.0134203353343808,-0.00519044121927903,-0.00305233240834568,0.000265265098070122,0.00649806378932727,0.00727699427908535,0.00714209698377655,-0.00550488180301567
690,"SYC","Seychelles",NA,NA,NA,NA,NA,NA,NA,NA,NA,0.123870897946943,0.105952544571309,0.0931678717342619,0.0618834254974858,0.0370815611514963,0.0105622111143693,0.00283101733099111,0.00730871503984476,0.0291826861207765,0.050214183291901,0.0818065190291835,0.0811220997036786,0.0843602064044857,0.079900860789857,0.0694908891500334,0.0638546692462176,0.0494999306095709,0.039389002391641,0.0357933045439471,0.0332649831937772,0.033514346653182,0.0318180773846837,0.0258092275213406,0.0211945254171448,0.0124319098567347,0.0137842420484957,0.0180845916701939,0.0255704680673563,0.0339618621688242,0.0419291923229987,0.0493764174346192,0.0533508639678646,0.048715477632252,0.0428685464029297,0.0324127209724494,0.0244910525477504
694,"SLE","Sierra Leone",NA,NA,NA,NA,NA,NA,NA,NA,NA,-0.0461165704983322,-0.0494397058396404,-0.0363816248949337,-0.0702456536539551,-0.0856097349523198,-0.0949806783425571,-0.101137938148122,-0.092819179393378,-0.0967774894888526,-0.0926831076339047,-0.103782005332871,-0.067562813819462,0.00196248611495764,0.0507065818101862,0.093461225801079,0.129093962176432,0.129610079215716,0.141175185290904,0.121060997174724,0.0970449973833658,0.0466515216661216,0.0194843245248233,0.0207972099995659,0.0428646631956984,0.077590494993675,0.106186793932327,0.108706901028967,0.123086493952388,0.113463556866441,0.0925467324087674,0.0665623107699049,0.0403559678251435,0.0359993384906274,0.031436723279122,0.0336018985378284,0.0393997625160589
702,"SGP","Singapore",NA,NA,NA,NA,NA,NA,NA,NA,NA,0.0341801819011058,0.0473134700493945,0.0451132076804777,0.0469265948379616,0.0562334606243524,0.0684708599755866,0.0507788887702565,0.0436794929661304,0.0369651764931471,0.0201390611634094,0.0121112010423787,-0.00903909236425826,-0.025296200442412,-0.0329360139698313,-0.0365432620581333,-0.0232374071473971,-0.0327330646916195,-0.0296847917757256,-0.0130708129847937,-0.00543434114218422,0.00756328146607665,0.00910392861916298,0.013730316079535,0.0177529466491078,0.0200249744709056,0.0233478638251354,0.0245269715899077,0.024323749806584,0.0237228921999986,0.0193857059928164,0.011866963532267,0.00520246321929863,0.00561151669352289,0.00265841394371069,0.00261123488716808,0.00537882098954912
534,"SXM","Sint Maarten",NA,NA,NA,NA,NA,NA,NA,NA,NA,NA,NA,NA,NA,NA,NA,NA,NA,NA,NA,NA,NA,NA,NA,NA,NA,NA,NA,NA,NA,NA,NA,NA,NA,NA,NA,NA,NA,NA,NA,NA,NA,NA,NA,NA,NA
703,"SVK","Slovakia",NA,NA,NA,NA,NA,NA,NA,NA,NA,-0.00315545003773221,0.000463213499113602,-0.00491075923805728,-0.0144259354828529,-0.0245979533175466,-0.0329216479580416,-0.0379184633373844,-0.0391896610134437,-0.0376173626000206,-0.0340599793215738,-0.0312103872367031,-0.0208360635471856,-0.0122972506423955,-0.00844966447080642,-0.00586677546256076,-0.0053593989034092,-0.00399782617459243,-0.00271911560232407,-0.00302165083833394,-0.00232767944832446,-0.0072879718205715,-0.0124814618039538,-0.0141794101672716,-0.0192623099011147,-0.0224753457552771,-0.0258082013411203,-0.0250218764978303,-0.0213174370129539,-0.0159387168836926,-0.00839044366076713,-0.00905114270822693,-0.0115154667355857,-0.00554016455190398,-0.00830726911380919,-0.0115628514178158,-0.0196810531590256
705,"SVN","Slovenia",NA,NA,NA,NA,NA,NA,NA,NA,NA,0.0229121941231805,0.0145533110073228,0.0063148455388069,-0.00730017332026878,-0.0147907216397477,-0.0170663021092924,-0.0149020867129531,-0.00741485761295368,0.000381182818698367,0.0086230696266032,0.0147540655944611,0.0146439428961584,0.0137581322956486,0.0114195887487369,0.00770496564401268,0.00560937603279243,0.0058660344834065,0.00846877325075512,0.0128477417085961,0.0176009604495204,0.0113862505988622,0.00388216492393467,0.000322615423355321,-0.00423441945722547,-0.011545005687476,-0.0220705930255332,-0.0287974077303341,-0.0289965544000316,-0.0259318540827355,-0.0176788852935889,-0.0164814028693453,-0.0172582817248551,-0.0146643587609222,-0.0132881974318662,-0.0151398426174615,-0.0181997342341691
90,"SLB","Solomon Islands",NA,NA,NA,NA,NA,NA,NA,NA,NA,0.0412263787868166,0.0212650661445311,0.0187779830204753,0.00958494514487995,0.0117913155582883,0.0151321006416389,0.0209941934313334,0.0276957394125648,0.03655243104335,0.0411968657548123,0.0469483891788429,0.0440041447900608,0.0416075169277637,0.0386562027402733,0.0374644905747739,0.0394498122301565,0.040538972314158,0.041465221222432,0.0413579490352645,0.0409141185020763,0.0399703555460191,0.0383753186690872,0.0376595757283977,0.0336761406792196,0.0336316668438723,0.0259244753136945,0.0119785421219458,-0.000522636777615326,-0.0119212275615094,-0.0197322985647678,-0.0238524230653121,-0.0254617045938871,-0.0234195125696184,-0.0210613967169561,-0.0106041384930915,-0.00304335000237765
706,"SOM","Somalia",NA,NA,NA,NA,NA,NA,NA,NA,NA,0.0770746645861953,0.0807149130144662,0.00366386529509333,-0.0208082384873893,-0.0301979179341023,-0.052537824404118,-0.0642049660046311,-0.0677382102283348,-0.0650900081448983,-0.0576040487548466,-0.0474139075675951,-0.0395921875861232,-0.0298259731314529,-0.0175896851476658,-0.00487535652857884,0.00959663087089657,0.0223021544250641,0.0345545628738546,0.041794215886678,0.0442441757125926,0.0413353668600638,0.0386239991351953,0.037302372365335,0.0365385778825096,0.0362941656929281,0.0360290722806651,0.0360730759381431,0.0359661571466221,0.0357537019484548,0.0361274751929153,0.0360381308725592,0.0379437500308468,0.0386306313691853,0.0421980889977962,0.0436292700757546,0.0431607752863936
710,"ZAF","South Africa",NA,NA,NA,NA,NA,NA,NA,NA,NA,0.042141561570479,0.0250106255215921,0.0145860066383197,0.00288261206352991,-0.00357689989195054,-0.00292772430587518,0.00217460106040313,0.00762171696583569,0.0147195016665813,0.0215796551863978,0.0265389995213248,0.025017044942073,0.0229384232912242,0.0116150585459245,0.00938117427047058,0.013855446328082,0.0150759428544238,0.018875128278188,0.0262972494972402,0.0334621219586779,0.034472601310046,0.032306631635614,0.0271043187403175,0.0145772801066404,0.0068780031695097,0.00778904573287709,-9.03459386624172e-05,-0.00440570526226114,-0.00837917134510424,-0.00592725470741573,-0.00319617365187508,-0.00562644505015419,-0.00570622076616301,-0.00801769507274197,-0.00922181491260321,-0.00590905634405459
410,"KOR","South Korea",NA,NA,NA,NA,NA,NA,NA,NA,NA,0.0585353418251695,0.0670284023824463,0.075752477206086,0.0812020604621997,0.0865923200067613,0.0913625267337534,0.0937007490746309,0.0938795617447978,0.0894849748900255,0.0733629607895068,0.058833692694398,0.0487023493977583,0.0401896702529154,0.0337250826959015,0.0292001544174836,0.0257071715722705,0.024204550662523,0.0263240127339899,0.0320158660818721,0.0257058615408872,0.0213384081433148,0.023925756302059,0.027847481678388,0.0312851562663532,0.0331690617741338,0.0321005831419356,0.029383422003098,0.0246676479684846,0.0208977892528526,0.0170622352170682,0.00906021580932381,0.00130630486241468,-0.00162944369904028,-0.00475255358838689,-0.00836163020316771,-0.0121174100561278
728,"SSD","South Sudan",NA,NA,NA,NA,NA,NA,NA,NA,NA,0.0107595459076908,0.0250784522077105,0.0297820171807917,0.0279854485127879,0.00537043147892091,-0.00360145651368904,-0.00276140592953789,0.00200577464541118,0.00151624166695452,0.0121285643752198,0.0105228755202951,0.032118045550501,0.0569093056832204,0.0850859585492052,0.0851511226713679,0.107866013983597,0.117057601755036,0.121416190720587,0.13727930446743,0.132618911626952,0.120802464271871,0.101374072721115,0.0771931477256034,0.0634248496440719,0.0532126625796403,0.0528929484958729,0.0573598482551061,0.0516559781255217,0.0410045779714991,0.0411263804575848,0.0404589331090308,0.0345702992600474,0.024408747386927,0.0115002245446032,0.00278731727798376,-0.00415735375606563
724,"ESP","Spain",NA,NA,NA,NA,NA,NA,NA,NA,NA,-0.00324737790754503,0.00704304563282165,0.0164014531588126,0.0267431515160528,0.0313228771528213,0.0347520317696661,0.0389488632074357,0.0330282944362803,0.0263542538823214,0.0201841129994538,0.0234108360110408,0.0267991957966616,0.0296931602260475,0.0352000578041092,0.0354113791369159,0.0375589358775352,0.0415513354921531,0.0367414336372835,0.0320201158670614,0.0205435312157753,0.00540127335995177,-0.00935068973658482,-0.0223161168352919,-0.0310990518335701,-0.041891690528319,-0.0458911789331348,-0.0400670950383605,-0.0342584006894217,-0.0204388358431398,-0.00977451396041307,-0.0082920054956076,-0.0169917418007431,-0.0179054349477745,-0.0163863964634828,-0.0235774008022883,-0.0272842580356134
144,"LKA","Sri Lanka",NA,NA,NA,NA,NA,NA,NA,NA,NA,-0.0134922607834994,-0.0231068891955191,-0.0191248233397102,0.00278178705453658,0.0280306992993054,0.0421978474444833,0.0572450059214293,0.0732468502822448,0.0925238152020571,0.0945532612804927,0.0914486564501433,0.0946675941635549,0.0916899914353058,0.0951600522344582,0.086600007463115,0.0798390860835592,0.0663896599292049,0.055999848324894,0.0460929941930037,0.0314709989231203,0.0225195417913595,0.0211020839677809,0.0251621375380404,0.0323806357475229,0.0302624891139947,0.0423495502245261,0.0552294386420165,0.0696987043870056,0.0773202778385378,0.0699663853729078,0.0637453056860031,0.0497163948295327,0.0401024784467043,0.0232396882825374,0.00114143934969024,-0.00725679649227484
670,"VCT","St. Vincent and the Grenadines",NA,NA,NA,NA,NA,NA,NA,NA,NA,0.0951783723971797,0.0866542249457531,0.070533636582844,0.0507132155446293,0.0446763464965809,0.0610954360307805,0.0733223838316774,0.0786305298713523,0.0859991901223451,0.0870247905963826,0.0887787997034368,0.0754366445562193,0.0700939272121215,0.0588201619607327,0.0556367625301211,0.0604032952546554,0.0616567351220942,0.0579750551961358,0.0523828838897185,0.0487587233392053,0.0563190360334798,0.0346761222311147,0.0201900724364066,0.0110688978442577,0.000922122188355079,0.00512315593497115,0.00254526182497949,0.000870526734934263,-0.00366201746004646,-0.00510169344648992,0.00284852527365742,0.00338340015079841,7.29350234274229e-05,0.00292648827279285,0.000482252703050579,0.00996847876504736
275,"PSE","State of Palestine",NA,NA,NA,NA,NA,NA,NA,NA,NA,NA,NA,NA,NA,NA,NA,NA,NA,NA,NA,0.0477394940681852,0.0657189979297577,0.0649272137440404,0.0522266836285123,0.044024004509317,0.065108926913416,0.0875964762435306,0.0918687179551532,0.0742348568576612,0.0739192191832887,0.0655831691128121,0.0640572465822324,0.0508306275175949,0.0195978749119363,-0.00619184973182729,0.00470273103619667,0.0308478132095875,0.0476289609562646,0.0624366007678054,0.0583534859230344,0.0565575116916035,0.0482855079392981,0.0457993797476344,0.0503003556320711,0.0530794784449853,0.0582931835353204
729,"SDN","Sudan",NA,NA,NA,NA,NA,NA,NA,NA,NA,0.0106083858055683,0.0250394952116824,0.0298522296872021,0.0280630755078848,0.00535932096058245,-0.00299155827077535,-0.00174141943593931,0.00345432594573758,0.00330025086961117,0.0143513964041173,0.0130038774255101,0.0361165339423639,0.0612635158038857,0.089051853154426,0.088062738657444,0.110948529285816,0.120727173426479,0.125180083716284,0.140807783022686,0.135035194884271,0.12216418828273,0.103184475722592,0.078654108124778,0.0639793707551135,0.0535070263946587,0.0350160587282307,0.0172770631951982,0.0201472529456868,0.0289711601539291,0.0364464047099338,0.0463070449521004,0.0463924785801293,0.0396257856319635,0.029169380477643,0.0247238116302366,0.00125140335416485
740,"SUR","Suriname",NA,NA,NA,NA,NA,NA,NA,NA,NA,-0.0139196961799796,0.00343237610684355,0.0228283005072558,0.0372239990371572,0.0295014859095282,0.0254558836138379,0.0204207910089618,0.0193672505058291,0.0167958402721236,0.0163761221355783,0.0142071988000307,0.00785919381327727,0.0130513895393369,-0.00614876612259896,-0.0223947492121769,-0.0344533909180454,-0.0415301184855479,-0.0400119950387947,-0.035177617186489,-0.0229394368885429,-0.00767756631650252,0.020623148117181,0.0625856655452013,0.0681974355960409,0.0804471722825328,0.0849800443259041,0.0718295352232952,0.0626008746892304,0.0372939766905531,0.00706623516510185,-0.00926838144491593,-0.0114700290027758,-0.0116358242853716,-0.0143817625545587,-0.00239943316665192,0.0141803886138974
752,"SWE","Sweden",NA,NA,NA,NA,NA,NA,NA,NA,NA,-0.0213853019051323,-0.0148118490872815,-0.00746761831062182,-0.00518793134705586,-0.00633304762146614,-0.0061332942908584,-0.00133547924388377,0.00712817227713636,0.00830214986514366,0.00753571752496396,0.00152739904992027,-0.00332954590139256,-0.00646660744942185,-0.0085533263436528,-0.00988668972266094,-0.00912395655082954,-0.0107766138094882,-0.00720301892337238,-0.00784264290303449,-0.00903826368528227,-0.0157148234020699,-0.01524896675357,-0.0174318632118318,-0.0199083797507272,-0.021142204877255,-0.0225399401985206,-0.0240354764354823,-0.0231341243649608,-0.0218252592809618,-0.0211768642526,-0.0244638284348203,-0.0240900125925444,-0.0215679418460429,-0.0227650139847607,-0.0226125434966423,-0.0205737180821551
756,"CHE","Switzerland",NA,NA,NA,NA,NA,NA,NA,NA,NA,0.00440981488529713,0.0115801677032004,0.0172940075278536,0.0167463420213729,0.0164728770625968,0.0123961638200119,0.00933466660614268,0.0101205707265959,0.00570078565799337,0.00318648923201437,-0.00275153163226438,-0.00356743100856605,0.000482529486971917,0.00266383692337602,0.00341697575186273,0.00313017052977327,0.00394849990007895,0.00468859965476853,0.000985300263881772,0.00126430110613218,-0.000195403731757193,-0.000793380355614826,-0.00472002781522096,-0.00824794691734732,-0.00845823918010957,-0.012577134666898,-0.0148710895903136,-0.0151210919278493,-0.0179739356151414,-0.019166638461386,-0.020012680650756,-0.0203721520707489,-0.0213117685250803,-0.0232717942557027,-0.022451343582509,-0.0241456137016773
760,"SYR","Syria",NA,NA,NA,NA,NA,NA,NA,NA,NA,0.0562805317309649,0.0443836806241107,0.0497670019565639,0.0438395277188295,0.0435461972952889,0.0493261774447875,0.0437674214055415,0.0377053961546634,0.0389508437546702,0.0418638552115227,0.0375660024078825,0.0316426765581552,0.0265229901407231,0.0068707770598746,0.00902584991366795,0.00564012863984287,0.000905523337728198,-0.000517478404146732,0.0112151846049402,0.0254349117467711,0.0352499565049968,0.0411454410256846,0.0384586500933237,0.00477288063540371,-0.0254424561307296,-0.0526700880862402,-0.0810942956736821,-0.103176015742017,-0.0972520421807259,-0.0870127669434008,-0.0699697967095128,-0.0483103348891116,-0.021368075956742,-0.00447676146709441,-0.00236996738864514,0.0020557663219698
158,"TWN","Taiwan",NA,NA,NA,NA,NA,NA,NA,NA,NA,0.042985403637569,0.0640029984797783,0.0768249880043823,0.0809812475234122,0.0868958423535857,0.0874290445830537,0.0802732521880274,0.0740103824396039,0.0659221350705783,0.0626114780883213,0.0587939273940326,0.0578622608832031,0.0554716094632093,0.0522985857874605,0.0505384908554742,0.0483058142707125,0.0452830920639278,0.041790135780176,0.0382629210506635,0.0306785421506806,0.0191117021507883,0.0148676052888772,0.01102116934804,0.00634764898344375,0.00319839245032916,0.00203841781484204,0.00185427652436321,0.00440229103103285,0.00872466510794001,0.00928341335935312,0.00362387105705397,0.0010569300982628,0.00212135223398868,0.000108148544170739,-0.00299818427117615,-0.00617021810762997
762,"TJK","Tajikistan",NA,NA,NA,NA,NA,NA,NA,NA,NA,0.0142663939415444,0.0121105825439105,-0.00325110332148038,-0.0322461225126567,-0.072249222060419,-0.138861777385924,-0.179073772483217,-0.196872777245632,-0.213332584203919,-0.202747050071824,-0.175798502506953,-0.139067340116663,-0.0933297540393996,-0.0582524542512017,-0.0232432010627567,-0.0167352590786068,-0.0113769903894905,0.0084977622932958,0.0218310633358627,0.0344202232865385,0.0362642780902487,0.0323150726171402,0.0239469093289275,0.0142830972180144,0.00552271712103147,0.0324683212620194,0.0573637425446911,0.0861940208983507,0.127498594010784,0.161492401529713,0.173253707204896,0.174830369261365,0.151497825685424,0.133646211602405,0.0967959973288028,0.080244456778872
834,"TZA","Tanzania",NA,NA,NA,NA,NA,NA,NA,NA,NA,0.0146826070738608,0.00142718041237644,-0.00178336701905801,-0.0064129401436458,-0.00387241831840657,-0.0069228507914848,0.000304905612299455,0.00739524283931048,0.0220687825119075,0.0246231815287308,0.0221941920648852,0.0191116254284962,0.0273965229370994,0.0372904875874518,0.0520745143101269,0.0580388233480065,0.080468272498051,0.101161333333586,0.11731450222318,0.117349381401601,0.103000691740622,0.0934826255259142,0.0921124061195384,0.0994439059876968,0.101303772616419,0.0968407165575969,0.106101512632274,0.114030298664599,0.108486819772791,0.0981298765609511,0.0818901660424456,0.0669968770550129,0.0592758458277116,0.0628852103107793,0.0657904172536343,0.0586317020797311
764,"THA","Thailand",NA,NA,NA,NA,NA,NA,NA,NA,NA,0.0691659691009758,0.0918644436908287,0.105996046178001,0.113734723512404,0.124599833312769,0.133909461285991,0.139589437187358,0.138483315333419,0.129783530090517,0.10606844491425,0.0848654182764614,0.0665561993365227,0.0483669674840335,0.0341511497239797,0.0249134762546521,0.02263096962752,0.0249408875221204,0.0318596221900538,0.0411935781431128,0.039166677235287,0.0372079934170391,0.0342955378261165,0.0297161602783229,0.0293985833260155,0.027348127160189,0.028700481340757,0.0298638510673279,0.0296908094482824,0.0285296597093909,0.0254720739196452,0.0194369881374734,0.0123941699508525,0.00402253730483748,0.000348116017449662,-0.00500480350666388,-0.00760674684060536
626,"TLS","Timor-Leste",NA,NA,NA,NA,NA,NA,NA,NA,NA,NA,NA,NA,NA,NA,NA,NA,NA,NA,NA,NA,NA,NA,NA,NA,NA,NA,NA,0.165489179206809,0.0865842141322546,0.0645495388513209,0.0573293892104201,0.0216641516119485,0.0418291021952726,0.0510032340902273,0.0988413407458633,0.109103170856981,0.115371687123592,0.109596861302265,0.0845485165081985,0.0639288636088327,0.0299891667177932,0.00788815555013245,0.00667549589551508,0.00436285721321572,0.00512931992836285
768,"TGO","Togo",NA,NA,NA,NA,NA,NA,NA,NA,NA,0.0366694904210836,0.0483089034055819,0.0532606199649808,0.0624210042491913,0.0516104317488566,0.0381935204805639,0.0253788818154865,0.026835213134047,0.0090245816316421,0.0158701176815337,0.0436506946795268,0.0423491274010961,0.0342396286179825,0.0310946016711799,0.0449236939254918,0.0460855182151456,0.0503206352311074,0.0470220585708141,0.0171905998015403,0.00734284300930188,0.0485869576912914,0.0651138080414986,0.0612156715826031,0.0497372777575993,0.0362086644064903,0.016593229149942,0.00866395767743167,0.0043589653642091,-0.014150343104019,-0.0315177226871414,-0.0110519064071343,0.020703170382526,0.0474183349010968,0.068090631870598,0.063146671450159,0.0472139760158243
776,"TON","Tonga",NA,NA,NA,NA,NA,NA,NA,NA,NA,0.0540848612508873,0.0642739366278284,0.0826306903457577,0.0765725483472706,0.0778180639794877,0.0741188840654721,0.0671559035871294,0.0391906489844673,0.0276389055070776,0.0233056455022109,0.0257570147592392,0.0266629910368112,0.0266664448904927,0.0159358278230226,0.0230274835962896,0.0271881831324758,0.0336724075696553,0.0301043033075836,0.0280142040111109,0.0173624776011498,0.0244968486950017,0.0215611434831138,0.00592024629442123,-0.00867289676151317,-0.00891608271365574,-0.0123085057616725,-0.0148932976792495,0.00603459815166252,0.0195563051437471,0.0213485219947973,0.040622440781231,0.0460060847345385,0.0423665175054964,0.0382427684038138,0.0321763191158264,0.0228156200919765
780,"TTO","Trinidad and Tobago",NA,NA,NA,NA,NA,NA,NA,NA,NA,-0.0056614720476792,-0.00840087706787351,-0.00997209345451577,-0.000598063846189656,-0.00487482560620467,-0.0119483215589009,-0.00850641005543629,-0.000451898735119971,0.00876643566109281,0.0132109505546421,0.023062621556162,0.0366812426111689,0.0511961931067495,0.0725530199386957,0.0894079993249244,0.0896192066366508,0.0861301619428196,0.0930432657230473,0.0944781781993635,0.0865157517204231,0.0771836093230842,0.0679520729130041,0.0568845292547484,0.0425829574604877,0.0303985492408612,0.0160187262398497,0.00631424284930104,-0.00523713264128056,-0.0110013941782952,-0.016887397585266,-0.0210285624868984,-0.0283582144505476,-0.0302480773434576,-0.0287620968576283,-0.0281733922150773,-0.024548699443922
788,"TUN","Tunisia",NA,NA,NA,NA,NA,NA,NA,NA,NA,0.042453037207647,0.0405274607190196,0.0441602065757634,0.036128739836482,0.0397586931984844,0.0389589785649258,0.0365295500631138,0.0335446494412481,0.0280812109809847,0.0237139290597748,0.0209112746762159,0.0185337301891042,0.0242169192981772,0.0240649963424995,0.0281084311985682,0.0308072322952284,0.0303996275851433,0.0295774951057308,0.0318024596064042,0.0333999356548969,0.0321927500263386,0.0351992150301987,0.0334856467402096,0.0324938602559797,0.030785469030967,0.0307902056489395,0.0309628912560667,0.0274626461516612,0.0266868418703836,0.0238279210304384,0.0172475948650548,0.0116449957891971,0.00691450172024122,0.00308189935840297,0.0012167187764589,0.00224123076141391
792,"TUR","Turkiye",NA,NA,NA,NA,NA,NA,NA,NA,NA,0.0721587272291244,0.0749724692318263,0.0745687641563346,0.0732077601349983,0.0685985270905902,0.0581891434279371,0.0525066641337331,0.0515312276330442,0.0541956372137402,0.0482774968293631,0.0411605547499896,0.0421471853416617,0.0367915253743107,0.0322069730145105,0.030572361026004,0.025333416969672,0.0252001251732243,0.0305496398485294,0.0416047342677721,0.0472070292413969,0.0477596595216614,0.0499516641857871,0.0475663898794234,0.0440284469633827,0.037948197494849,0.0320186821777175,0.0295421298012397,0.0293732839050183,0.0352968234035025,0.0356251135078716,0.0310957247305912,0.0249113316703278,0.0259437115825747,0.0245403531301991,0.0241644347786618,0.0257940110563077
795,"TKM","Turkmenistan",NA,NA,NA,NA,NA,NA,NA,NA,NA,0.0345163801838342,0.0289478263026566,0.0155540747329233,0.00571124772235021,-0.0122171109009636,-0.0166302122421322,-0.0170565414815438,-0.016671674933651,-0.0145606659606957,-0.00537518591872532,0.0155812666732773,0.0273461017634069,0.022702906113433,0.0133309645317092,0.0109955955298384,0.029574432335147,0.0428940853456656,0.0478908607611404,0.0458374626862932,0.0537029055553369,0.0593069392174916,0.06759921910597,0.0658942149273296,0.0488518455421298,0.0403639719735478,0.0383205553098975,0.0315026352490202,0.0226269508920691,0.0113773908308104,0.0084677801687445,-0.00230230810079979,-0.00649090016749809,0.0156246954402739,0.0418754324413364,0.0566647715107704,0.0553649226310338
796,"TCA","Turks and Caicos Islands",NA,NA,NA,NA,NA,NA,NA,NA,NA,NA,NA,NA,NA,NA,NA,NA,NA,NA,NA,0.0560726125877502,0.0628453396316668,0.0701651967392958,0.0861555393758606,0.0962878588859764,0.101956045944138,0.109087360338363,0.112477449856855,0.121185103878016,0.120780449094747,0.116754414301764,0.10588261739705,0.0870531549147779,0.0767078959797884,0.0607931769609447,0.044737604213557,0.032313688910667,0.0254076557724126,0.028357187948812,0.0312729898077444,0.0337196245680855,0.0339316828460854,0.0322621049986505,0.027207768481297,0.019737404323771,0.0164166124523766
798,"TUV","Tuvalu",NA,NA,NA,NA,NA,NA,NA,NA,NA,NA,NA,NA,NA,NA,NA,NA,NA,NA,NA,0.0785483925329702,0.0830887880287856,0.0785483925329702,0.0888582374625106,0.136026401443608,0.126165976141088,0.101623246864801,0.0633604265191232,0.0607505705746654,0.0299274588895402,0.0223626564821753,0.00987792495420026,-0.00734498565124297,-0.00245434744360484,-0.0194669379501321,-0.0314408612506155,-0.0385549142271099,-0.0409146345155429,-0.0385549142271098,-0.0361893881157125,-0.012211646668447,0.0123626145492202,0.037548235793919,0.0633604265191232,0.0604766493759192,0.0550468161494986
800,"UGA","Uganda",NA,NA,NA,NA,NA,NA,NA,NA,NA,0.0483782522803029,0.0536942677539307,0.0463037712471104,0.0371494189225017,0.0315538200419205,0.012334459937434,0.00940298221122404,0.0154628565393464,0.0258205549761883,0.0473270402632839,0.062092419552267,0.072066317890144,0.0790141278504859,0.0809162239539492,0.0775652660034418,0.0613910853783333,0.0666091556028141,0.0783806884388454,0.0895518657662899,0.0994645394357041,0.105575723885505,0.116641485215034,0.121988506426808,0.111915623132758,0.0952064736946927,0.0762644430296056,0.0676409426777895,0.0641544496488919,0.0672196068372606,0.0647559521369427,0.0608890452776591,0.0590705790368857,0.0629511164718808,0.055788377301849,0.0454237544703788,0.0355754108136761
804,"UKR","Ukraine",NA,NA,NA,NA,NA,NA,NA,NA,NA,0.00938421222835473,0.00728697433141079,-0.002663407779536,-0.0146084102163921,-0.0315543251791626,-0.0544438002116394,-0.0702083058668024,-0.0839577976123583,-0.0914805448622781,-0.0927935114846096,-0.0938914978617841,-0.0860804540260836,-0.0716878870887667,-0.0545363077800278,-0.0362843650851724,-0.0238648155415694,-0.0119787760924615,-0.000893348963088014,0.00942115039262359,0.0157884147443912,0.00688815027605871,-0.000810692089432186,-0.00219130948332225,-0.00621080678404506,-0.00930797316283016,-0.0190118077903391,-0.0332730833781064,-0.0372156741628425,-0.0387960466142513,-0.0356933196011452,-0.0411701039386108,-0.043967330581078,-0.0388257843195351,-0.0502759121411938,-0.0557589894405148,-0.0604194785839837
784,"ARE","United Arab Emirates",NA,NA,NA,NA,NA,NA,NA,NA,NA,0.0473052665814062,0.0459863341893469,0.0454688249975053,0.0405607880041792,0.0341938840621281,0.0464521744064099,0.0558554335463795,0.0588549113182122,0.0544734887224942,0.051050363216842,0.0474436034390986,0.0570044551857694,0.0575958715888774,0.0418828934789119,0.0432174271547765,0.0505962308782228,0.0519722128556881,0.0538913881127894,0.0523698126515733,0.0581679223711538,0.0581300267621876,0.0796504329465977,0.0917610644406632,0.0849923045293965,0.0846708994772123,0.0788806899898606,0.0692912147425284,0.0563515802636805,0.0335173227000181,0.0183918372570966,0.00593983302937584,0.000558660275569167,-0.00297479016593194,-0.0054135506114783,-0.0050744665269471,-0.00150623803982164
826,"GBR","United Kingdom",NA,NA,NA,NA,NA,NA,NA,NA,NA,0.00333811993576538,0.00928589311786876,0.0132803135427315,0.0133244564874684,0.0107096251872376,0.00478334671310554,0.000892807424493158,-0.000121916517833887,-0.00343538477942018,-0.00614805035154098,-0.00818097604119317,-0.00680908034468741,-0.00309197492739077,-0.00213615513004939,-0.000998763091135113,-0.000164949950521409,-0.000532385425801252,0.00115542453389006,-0.000352482636720164,-0.00254655855431396,-0.0103318423373978,-0.0137721086132981,-0.0195300892098562,-0.0228462886484898,-0.0242907449656709,-0.0279064634057231,-0.0307213666288024,-0.0332520923295242,-0.0342210759321873,-0.0336379837838855,-0.037244856263814,-0.0408799216899446,-0.0422528101479268,-0.0425809443767691,-0.0395517239040132,-0.0359656245424893
840,"USA","United States of America",NA,NA,NA,NA,NA,NA,NA,NA,NA,0.00901952189238298,0.0171938512852967,0.0210732434533525,0.0211364065811137,0.0205474970133226,0.0204650429565278,0.0190619673633046,0.0171466130427482,0.0160992687182584,0.0162363345854328,0.0158994913675157,0.0180301137272103,0.0163383662197596,0.0145566075369781,0.0129209984844916,0.011707163245817,0.00982942238973705,0.00786974918858596,0.0065280249738946,0.00316312746172964,-0.00396895048949919,-0.00611319359721763,-0.0101067504498524,-0.0148845846854028,-0.0162873391328924,-0.0148773083060922,-0.0137158748445503,-0.0131034606097645,-0.0104801304681369,-0.00639884289474024,-0.0074314531519446,-0.0116816795392798,-0.0115154323210955,-0.0123088485973354,-0.0122150405295538,-0.0103023893765415
858,"URY","Uruguay",NA,NA,NA,NA,NA,NA,NA,NA,NA,-0.0273507209970489,-0.00892363738177182,0.0162314702196227,0.0445322912681421,0.0471248557799511,0.0352955199726002,0.0253002551123085,0.0183273940021704,0.0135562080977802,0.0250117712663165,0.0450939337825087,0.0338628495555628,0.0256724057909989,0.0194201350151257,0.0043981980851806,-0.0058430864159631,-0.0102469024962427,0.00158862474017352,0.00674510979843834,0.0304449342744397,0.0601765100275884,0.0577459966959788,0.0610510134406488,0.0585230003169726,0.0395496951080887,0.0223741078416571,0.00564510413587316,-0.00514497757421384,-0.0255410832828837,-0.0217172218820668,-0.0183882727551209,-0.02714886441389,-0.0133192496757043,0.0056847312471191,0.0182440122979004,0.0254116789810306
860,"UZB","Uzbekistan",NA,NA,NA,NA,NA,NA,NA,NA,NA,0.0176596739468129,0.0187726835630571,0.0165424408049131,0.0182858117363902,0.0206801053040677,0.0178997596690373,0.0154717236759849,0.0113340901543355,0.00778553686072669,0.0109351029593157,0.0150605668534005,0.0163829575774144,0.0161781845651021,0.0216327978745399,0.0267294457112472,0.0262918247131578,0.0173506049228846,0.0102803398780236,0.00155792501247398,0.000249671775637061,-0.0091265752066102,-0.0177741333716336,-0.0189719142517873,-0.015065383828839,-0.0139909949170797,-0.0141530530798489,-0.0181534580414167,-0.0152091975605066,-0.0117574861779582,-0.00771218036509769,-0.0087273113472669,-0.0104541495488567,0.00019109318799404,0.00965513359880288,0.0171158014210413,0.0274711912932357
548,"VUT","Vanuatu",NA,NA,NA,NA,NA,NA,NA,NA,NA,0.0144718022977237,0.0206918245902783,0.0130409660718189,-0.000731027019904351,-0.0120993420931551,-0.0248189223766239,0.0162032236907308,0.0223578645030376,0.014365929690505,0.0225481140784916,0.0275630317073168,0.0358189382139162,0.0385223482687547,0.0321304053343938,0.0231538180697102,0.00897205581574312,-0.00318004176236986,-0.009509819448977,-0.00996163582122855,-0.0031792482424462,0.0227508765574918,0.0490166990038081,0.0710367118942083,0.0767051750773544,0.0731070854886904,0.082498078408556,0.0714516958922289,0.0604852883670386,0.0396100536502888,0.0339855862580045,0.0380086932760997,0.0526878274162554,0.0682245562052608,0.0613934851244138,0.0437255331496351,0.0469858745601799
862,"VEN","Venezuela",NA,NA,NA,NA,NA,NA,NA,NA,NA,0.0287980088124518,0.0322949192694806,0.0298937588505639,0.0209957351437289,0.0194566098199145,0.0127175603651781,0.0111836732129726,0.00939955464636855,0.0125951832759899,0.0190983784054235,0.0226307764066493,0.0299543420586117,0.0262879743753777,0.0278510045174285,0.0313842075348576,0.0254748771130937,0.0226963660962562,0.01688319414119,0.0133401779179254,0.010929944643336,0.00942993354754695,0.0192241461661138,0.0130015830251746,0.0214444335952109,0.031645523548431,0.0266736094981421,0.0186024579754913,0.00779443858930695,-0.00844564645539359,-0.0343794200649001,-0.0600077833022422,-0.080685902486699,-0.0907335700253444,-0.0852525513419284,-0.0618330348101068,-0.0411849108500925
704,"VNM","Viet Nam",NA,NA,NA,NA,NA,NA,NA,NA,NA,0.0230433275076101,0.0185545431947249,0.0149150691296387,0.011625112322305,0.0131953286361208,0.0161028535141357,0.0315697139587492,0.0504707264341682,0.0861236715398319,0.116272778556987,0.11681607794182,0.124969034121152,0.128293085251289,0.125679428098504,0.118227234367324,0.116301140010604,0.110063958181197,0.102842826628849,0.101192939211854,0.0997373401468598,0.0928633353152839,0.0880255368377925,0.0848584095058109,0.0758615680275612,0.067819832027521,0.0711923991075727,0.0807205564297275,0.0846968823548377,0.0812491667171196,0.0826068315786053,0.096424531925321,0.109402940378475,0.107537107257722,0.0935496639973317,0.0770534909079097,0.0661655945993804
876,"WLF","Wallis and Futuna Islands",NA,NA,NA,NA,NA,NA,NA,NA,NA,NA,NA,NA,NA,NA,NA,NA,NA,NA,NA,0.0234758821766126,0.0178368765195347,0.0185224830283237,0.0150602239866164,0.0198128983015233,0.0226751775681524,0.0236310547618042,0.0226751775681526,0.0198128983015236,0.0150602239866167,0.00844366725505785,2.22044604925031e-16,2.22044604925031e-16,2.22044604925031e-16,2.22044604925031e-16,2.22044604925031e-16,2.22044604925031e-16,2.22044604925031e-16,2.22044604925031e-16,2.22044604925031e-16,2.22044604925031e-16,0.00731011993087316,0.0130326934941165,0.0171401394905755,0.0193492987233066,0.0224610553204447
732,"ESH","Western Sahara",NA,NA,NA,NA,NA,NA,NA,NA,NA,NA,NA,NA,NA,NA,NA,NA,NA,NA,NA,NA,NA,NA,NA,NA,NA,NA,NA,NA,NA,NA,NA,NA,NA,NA,NA,NA,NA,NA,NA,NA,NA,NA,NA,NA,NA
887,"YEM","Yemen",NA,NA,NA,NA,NA,NA,NA,NA,NA,0.118795020091053,0.085930025936553,0.0551719599775524,0.043415179221812,0.0220541275899733,0.013176693807158,0.0191584215683573,0.0200706234774279,0.0245558888778723,0.0346637424953367,0.051562519166938,0.0646373848139101,0.0731733686997851,0.0774849281860066,0.0717119167071241,0.0704471252083769,0.0727267751467955,0.073190963678553,0.0687987553619005,0.0617889189661682,0.0614140314869662,0.0557815376457402,0.0422028957033578,0.0178400378305759,0.0145346120245022,0.0103655469041104,-0.0259926567024744,-0.0677543896004035,-0.103105936839008,-0.114451896119479,-0.110990145682624,-0.105478965728506,-0.0989869603088668,-0.0911403083516438,-0.0591099989585556,-0.0159718142223889
894,"ZMB","Zambia",NA,NA,NA,NA,NA,NA,NA,NA,NA,-0.0307528834979446,-0.0328648689998063,-0.0341621093048786,-0.0276107275762024,-0.0205419917632214,-0.0215742800607144,-0.0283036514034283,-0.0371479241156738,-0.0322057391902368,-0.0176418769467004,-0.0250107636983055,-0.0320316966989889,-0.0332731549643257,-0.0285504026560885,-0.0171737776958327,-0.00479289602082045,0.00537950504046947,0.00449780612753958,0.0195490772446096,0.0388365695411923,0.0477135235306008,0.0539264023695434,0.0615002247489196,0.0767445512503915,0.0897571137294455,0.104484796641193,0.114389320085226,0.116603744516608,0.121155866512528,0.126724001901828,0.127550174270672,0.125293946649429,0.1091832795205,0.104682175139345,0.0963291233753332,0.0889646023086574
716,"ZWE","Zimbabwe",NA,NA,NA,NA,NA,NA,NA,NA,NA,0.0743006299392603,0.0783871616673464,0.0744612803453399,0.0635843124054145,0.0543143444443623,0.0405499339797577,0.0140972683286618,-0.000444069420212245,-0.0102404437388058,-0.0144233311222952,-0.0109821267570028,-0.0166128591507261,-0.0263013422466563,-0.0311850914515597,-0.0407171796513393,-0.0463869541061022,-0.047694453870459,-0.0472520356399231,-0.0497327143207246,-0.0596990181291874,-0.0525830171755356,-0.043097627241664,-0.0256427433776069,-0.00444446125636033,0.0121512838619697,0.021075570265717,0.0361495283610036,0.0405467641290538,0.0368347103213993,0.0239017017823242,0.00620107883063059,-0.0201075520790821,-0.0247501978345025,-0.0142384718725822,0.00293659215525155,0.0213035694519419
