"code","iso","country","CDO.raw.1980","CDO.raw.1981","CDO.raw.1982","CDO.raw.1983","CDO.raw.1984","CDO.raw.1985","CDO.raw.1986","CDO.raw.1987","CDO.raw.1988","CDO.raw.1989","CDO.raw.1990","CDO.raw.1991","CDO.raw.1992","CDO.raw.1993","CDO.raw.1994","CDO.raw.1995","CDO.raw.1996","CDO.raw.1997","CDO.raw.1998","CDO.raw.1999","CDO.raw.2000","CDO.raw.2001","CDO.raw.2002","CDO.raw.2003","CDO.raw.2004","CDO.raw.2005","CDO.raw.2006","CDO.raw.2007","CDO.raw.2008","CDO.raw.2009","CDO.raw.2010","CDO.raw.2011","CDO.raw.2012","CDO.raw.2013","CDO.raw.2014","CDO.raw.2015","CDO.raw.2016","CDO.raw.2017","CDO.raw.2018","CDO.raw.2019","CDO.raw.2020","CDO.raw.2021","CDO.raw.2022","CDO.raw.2023","CDO.raw.2024"
4,"AFG","Afghanistan",1756.3024923918,1978.46268983778,2094.58052041183,2519.95376883639,2821.539726236,3501.42174643251,3133.64489083782,3113.82608856231,2856.89592205929,2764.8550301002,2024.326,1914.30111450382,1482.054,1486.943,1453.82890954774,1417.327,1370.104,1304.152,1278.504,1091.64,1047.128,1069.098,1341.065,1559.679,1237.247,1889.507,2159.31807251265,2799.909,4254.49000000001,6388.232,8364.80299999999,11409.6232920013,9731.202,8891.44706930695,8697.668,9384.4004544744,8605.9321043627,9311.05398779046,10191.5042189781,10400.1104289184,11118.6258680657,9868.84089051096,10169.8887528721,10516.319420717,10825.9976892663
8,"ALB","Albania",5170.83660803242,7343.09017883812,7307.60666806157,7630.8092347803,7825.90291316995,7881.54047691409,8058.07733775945,7447.29206504432,7329.22190778297,8986.16904820521,5520.60200174035,4290.22550677219,2517.11606287421,2337.99871532265,1923.8060704853,2089.06490943057,2017.50792305889,1543.00922317525,1754.70912229586,2986.19581658338,3024.92593356099,3220.656,3748.272,4303.49945572246,4176.68440892595,4261.41303667584,3910.7149793938,4003.59683207324,4448.33910829224,4369.91199999999,4816.841,5175.44399999998,4930.00593359072,5346.08942679319,6072.48889908944,4712.14404669678,4555.03491230409,5343.79154521936,5194.86012158449,4940.52774581728,4865.03341354055,5137.01148214287,4498.2822830417,4417.33281879773,4444.44755570454
12,"DZA","Algeria",66123.6095582864,45999.2703602047,38807.7847533192,52074.201977276,70417.0048809093,71987.7801910276,75381.794267308,83019.7259625651,82838.6201020077,78942.1408419327,75892.11173,77975.8571,79284.1685000001,81305.9671000001,87848.4771483681,95905.6983279999,99559.524676,87516.9126319999,105740.125676,90612.9000726603,84552.4524279998,86019.196992,89658.4028519999,94077.928136,90852.531452,109564.418948,103797.7569,107548.695564,108596.082919226,116327.970648,117847.359725241,124715.239633068,135593.456130876,141534.277549424,152434.661726143,160321.613552473,158308.318798573,165251.639629316,174461.175982715,182424.989884118,171138.530946565,182035.819389075,192778.562111088,202846.648703949,198203.188658723
20,"AND","Andorra",NA,NA,NA,NA,NA,NA,NA,NA,NA,NA,403.04,403.04,403.04,406.704,403.04,425.024,454.336,465.328,490.976,512.96,523.952,523.952,531.28,534.944,564.256,578.912,545.936,538.608,538.608,516.624,516.624,490.976,487.312,476.32,461.664,465.328,472.656,472.656,498.304,490.976,377.392,414.032,423.407725328,418.098052757199,424.662982500287
24,"AGO","Angola",5334.35163565001,5266.77401655083,4635.17857250112,5100.53482558548,4985.84694264555,4676.11424203712,4633.83950258729,5786.02876313745,5049.30573378161,4922.74974194999,5089.86393479014,5064.05441061205,5164.44854632725,5748.38872264751,11353.2480891868,12616.6504619177,15248.9567187538,15884.2494577448,16513.2940273303,17261.2778466703,15995.1075497942,15908.4614116944,16080.0016293949,17484.4279072775,17015.6870396701,15386.8186159691,17144.8391357931,17587.9374494314,18750.1563653134,20668.3313958509,22983.3207636783,23397.0309210925,25940.9598503748,25709.7410621127,26092.1469720755,27505.2275020512,25465.6341868084,23600.9848162092,23278.0493791743,22210.0745704369,16549.3411420167,19218.5606996261,21089.0051319678,21674.8160982948,22333.5833404706
660,"AIA","Anguilla",NA,NA,NA,NA,NA,NA,NA,NA,NA,NA,43.968,43.968,47.632,54.96,54.96,54.96,58.624,58.624,65.952,69.616,80.608,84.272,84.272,87.936,98.928,109.92,120.912,124.576,124.576,124.576,128.24,124.576,120.912,113.584,120.912,135.568,139.232,128.24,131.904,142.896,135.568,139.232,142.896,142.606931771964,148.08540896562
28,"ATG","Antigua and Barbuda",142.896,106.256,293.12,84.272,146.56,249.152,249.152,274.8,285.792,285.792,241.824,249.152,249.152,256.48,267.472,271.136,285.792,307.776,322.432,344.416,355.408,373.728,403.04,432.352,450.672,479.984,516.624,534.944,538.608,556.928,549.6,545.936,556.928,556.928,567.92,578.912,593.568,600.896,615.552,637.536,615.552,633.872,641.8316736,640.533294746952,665.140422909979
32,"ARG","Argentina",108695.221383077,102008.616646241,103388.133923038,105182.114935851,106491.760352437,100569.298108001,104198.747712162,114935.941982236,121464.444855639,117066.976773733,112188.295196923,117726.927743405,121514.168289886,118020.971460611,118506.770914684,125415.496523236,131445.541314062,136616.998939333,139505.28807795,148344.569783493,143354.805336196,135003.961864886,124930.114112187,134420.99237804,157235.149192116,161727.950986069,174341.651582134,173763.577718242,187595.530545779,178378.451564588,186121.297112462,189883.826995155,191714.570108576,189524.848379486,188539.180279411,191808.789626634,190020.497488471,187068.018244365,182483.460447213,180427.660408573,164612.721693208,190196.935439993,183768.142612255,178407.004260315,171059.270763609
51,"ARM","Armenia",7734.90433183277,7600.47576231864,7745.15142813545,7861.09158465322,7935.47395514771,8551.1119370725,8142.52450710409,8169.48119562145,9298.55080034107,9418.27334741434,9003.20972591197,7382.95199505182,5723.69777497217,2510.24709350061,2684.70241645559,3362.69395237616,2500.31219130615,3252.76090140854,3419.0941708292,3040.20374100728,3491.407,3532.701,3076.79331067961,3455.56,3691.19699999999,4376.16899999999,4401.59,5100.20988041088,5574.79,4363.49967457626,4256.41399999999,4968.878,5748.25200000002,5535.12687055668,5604.11266226041,5469.20419431281,5206.67741049585,5536.58936492892,5822.12198104265,6284.11023222748,6795.18956888659,7350.70388625592,7698.77255377316,7430.22792133548,7430.71537683842
533,"ABW","Aruba",585.434587699316,557.624911161733,623.468410022778,320.424728929385,800.141649202733,936.531753986333,179.536,447.008,611.888,648.528,487.312,531.28,538.608,648.528,659.52,710.816,721.808,758.448,806.08,809.744,2377.936,2407.248,2436.56,2561.136,2616.096,2715.024,2711.36,2821.28,2656.4,2627.088,2506.176,2495.184,1344.688,861.04,872.032,897.68,883.024,890.352,868.368,831.728,820.736,861.04,888.38143668,886.584305565615,920.643883441263
36,"AUS","Australia",204370.204886413,213809.926695227,218000.905735981,207645.380659474,217514.604044735,224557.44256121,224040.278765063,234598.331823744,240737.044361146,256838.113483957,278061.015726891,279437.374277442,284433.456494728,288780.432519221,293613.293663766,304962.29687542,311850.887574604,320242.533222133,334037.765701455,343876.186597625,349897.655317512,357667.798614926,362424.932006684,370784.411844224,382004.893498943,385081.498939303,391372.528882014,398896.277040845,404279.285938992,406977.093041068,405025.944128058,403874.388100867,405005.126379672,397849.880917678,392609.592207382,400589.161171251,409666.350263011,413407.826832262,414780.570487633,414925.320394623,398546.9145079,388472.29699538,384078.414991991,384316.056162381,386732.383476982
40,"AUT","Austria",52054.2433902708,55862.2053310022,53598.2631236461,51697.5502517419,54247.0250882566,54402.9602422248,53765.1717824392,57406.8904991401,52962.8691677317,53718.1130664327,62191.44819297,65790.0866196649,60291.0694555641,60710.528971592,61080.1211803228,64063.0332926229,67410.3115385171,67304.8857095732,66936.90225072,65667.6998826118,66204.024153229,70190.7274806983,71988.380003042,77411.928324766,77715.9206451667,79095.4798040742,76796.2007805251,74092.1611874141,73466.47433049,67301.7613864639,72000.2501023728,69891.7063585226,67260.3450709506,67758.866699078,64158.7388280652,66357.7838928432,67218.7376014626,69601.4782930947,66566.5142135637,67951.2345450925,62179.8265694502,65751.3447726601,61454.1378428143,56908.9551842098,56367.6568228236
31,"AZE","Azerbaijan",46427.6609598598,45572.8216472317,46435.7334481183,47105.8864953449,47533.5335335601,51248.2802040304,53371.8759993606,50586.3932247252,51596.3192208702,51586.8789546505,51344.7112641976,50074.0164042889,56174.4002988907,48406.0981961471,41944.853822858,33309.3498457676,31242.3088991247,29842.897202133,31784.8731741256,28821.5935742662,29765.311432,28415.4609638679,28570.3339460423,30487.5837348135,32253.0390544648,34193.561932,34521.8260496299,30036.7846989926,33036.5120499504,29102.575703317,27549.051472,30210.2289515526,32770.0664827074,33558.8876397887,34344.7614264568,34683.3256638706,34726.9676980879,34698.2788434058,34576.2342172816,37752.5519198449,36237.164311739,38299.6454832488,41174.5752508724,42748.1970610802,39830.1405472462
44,"BHS","Bahamas",7971.14833852602,2798.36669811386,2258.29315640715,2014.30041401937,1853.984,1509.568,1410.64,1421.632,1538.88,1945.584,2022.528,1996.88,1868.64,1744.064,1769.712,1839.328,1813.68,1608.496,1989.552,2033.52,2026.192,1945.584,2033.52,2070.16,2048.176,1905.28,1853.984,1872.304,1919.936,2154.432,2231.376,2110.464,2048.176,1993.216,2062.832,2231.376,2246.032,2520.832,2454.88,2520.832,2051.84,2726.016,2961.983441332,2956.12165046304,3069.679337228
48,"BHR","Bahrain",7881.264,8518.8,9830.512,8222.016,9200.304,10185.92,11002.992,11420.688,12076.5207961399,11651.52,11493.968,11329.088,10402.0627374302,16748.144,14351.888,14743.936,15942.064,17220.7836983051,18276.032,18254.048,19199.36,19679.344,20111.696,20976.4,21203.568,24486.512,24035.84,26626.288,29524.512,28137.6778230595,29142.5087653802,28544.1230021106,27202.4913516706,31228.2704041239,30970.7460495695,32520.6138570209,31635.4359810347,32916.5796911951,32698.4854522542,37616.1425153755,37429.2731190656,36265.1303599661,37826.8375190734,38786.693222722,39003.4584644441
50,"BGD","Bangladesh",7597.21875190959,7886.13586093664,8552.287860742,8188.28176879375,9077.16010027898,10189.1613966225,11405.806747604,11799.7272570477,13478.4406291112,13382.3628107264,14081.5963543038,14752.9751966295,15390.8956541291,16073.9184677711,17552.6985074007,21056.3695794964,21507.4720840531,23144.1139717705,23216.1204938325,25093.3078376003,26539.2665896787,31064.2207157613,32006.8906030566,33495.9345046776,35978.1705063864,37716.6757582572,41725.808,42675.1039999999,45341.4929844817,49188.376,54035.5210771905,55592.7119999999,59703.8630497347,64762.7936386306,67551.8912631033,76946.1304273421,81761.1634919587,86530.8699650172,86608.1079269608,94807.6894204707,95729.0886474486,98530.2778183232,102147.407264947,104526.674594959,108317.879697428
52,"BRB","Barbados",674.176,685.168,644.864,685.168,746.9953103171,845.710912190156,915.407324332473,941.049291657277,944.787491717714,988.685644373238,1037.10572020603,1183.67892131976,1164.21410080018,935.646634805562,940.022064617763,1022.8113971655,1049.68049588529,1155.70822072182,1227.699391205,1301.68327074039,1309.144,1307.472,1316.816,1358.456,1386.768,1429.072,1471.04,1469.04,1733.42706638116,1699.72659436009,1566.6,1626.24171179039,1554.21645414847,1539.83168558952,1367.62368558952,1334.64768558952,1371.45467754662,1399.24352838428,1446.87552838428,1391.91552838428,1255.53264628821,1190.11986694227,1314.98278885555,1316.73317690492,1365.17144832506
112,"BLR","Belarus",97225.9909015021,95395.3425035423,97167.0765162755,98525.0386565492,99363.974985716,107089.722833474,121533.370774776,111861.916441892,114892.633958652,109199.575523849,108458.874375682,104185.953127576,93596.9166171975,80674.4761456387,67989.8315027978,61014.5261442921,61843.5655471137,61697.4591660755,60184.0261891063,58075.7784294964,55014.4682034146,54104.6890046047,53944.1203068967,55236.2510840359,58372.8020428832,59396.208494433,61809.4940657198,60275.6624775543,62931.1350183467,60628.3405341435,62515.4414710042,61353.2355504426,62591.6989257875,64151.8557621804,63699.2133688641,58827.8075361766,58188.0652839813,59444.3707612139,62170.6696485684,62170.6362881064,59122.9034697305,60861.0802243114,57120.5496347947,55736.0648360185,55818.4180221247
56,"BEL","Belgium",134835.892014289,123577.286807166,117109.235559102,101205.506036888,104970.20442683,104011.820072595,102374.087172822,102592.376677413,99750.1476465975,106792.199877287,120335.408295906,123396.21798791,122519.254351458,121451.205690056,124833.049126298,125969.295941249,129503.279862062,124017.385715448,130255.756774476,124718.593714945,126775.706073738,126085.032030065,126883.143073705,128292.038461573,128811.73040309,125657.68932969,123900.465272322,120493.403377403,120204.350458294,107806.796098844,114562.653030133,105158.965801353,102486.234875939,102815.959543221,97080.9533295083,101327.498041161,99816.2823933834,99282.1912255446,100256.372220344,99798.728061978,91254.5541757372,94928.067784544,88914.9681210115,84703.3641870755,85456.2033319535
84,"BLZ","Belize",190.528,183.2,172.208,172.208,172.208,190.528,205.184,227.168,249.152,300.448,311.44,406.704,355.408,377.392,373.728,377.392,307.776,388.384,370.064,348.08,395.712,447.008,432.352,432.352,392.048,417.696,443.344,472.656,432.352,512.96,538.608,571.584,472.656,472.656,501.968,685.168,674.176,666.848,659.540131868134,769.44,653.635736463134,693.630481919999,723.761362920001,766.45127085716,796.027366189784
204,"BEN","Benin",479.825789585073,387.290933923157,442.544693776886,404.410618070732,448.295923470477,686.373228870226,624.002534269972,473.695839669721,508.049632118917,570.164373559836,579.346285714285,619.650285714285,670.946285714285,807.421714285714,911.526857142858,956.267428571427,1183.80571428571,1223.97485714286,1113.856,1461.936,1472.928,1689.104,2110.05485714286,2393.99771428571,2593.6,2489.73028571429,3351.10628571428,3930.95999999999,3918.99428571429,4224.51657142857,4679.38971428572,4479.71885714285,4402.53942857142,4565.97485714286,4774.01599999999,5318.23771428572,5310.5422898491,5555.00222121149,5668.44860864171,5272.59844366344,5540.91992226586,5805.78723201313,6092.27777029325,5927.82299081764,6066.33870790504
60,"BMU","Bermuda",436.016,388.384,395.712,450.672,443.344,450.672,421.36,571.584,644.864,780.432,501.968,538.608,461.664,538.608,531.28,531.28,527.616,523.952,520.288,512.96,516.624,527.616,556.928,560.592,582.576,582.576,655.856,729.136,644.864,472.656,604.56,443.344,366.4,534.944,666.848,542.272,615.552,641.2,696.16,593.568,436.016,516.624,530.7269080248,529.653286041861,550.000778355667
64,"BTN","Bhutan",21.984,55.3486908461325,62.68063461583,86.7485848786872,108.740209500103,119.739834121518,112.419458742934,160.059083364349,167.394707985765,119.77033260718,185.729957228596,185.737581850011,215.057206471427,181.786428948509,212.410491132976,248.966441784434,298.271998107552,390.105494378839,385.183453832336,385.869196751726,396.871056175973,463.541208898293,494.001559031066,494.01207575026,436.152959722673,546.084133736819,411.117410821281,397.185686574818,646.349517883909,683.001349193004,905.463533891218,1006.82296902937,1150.01827803958,1268.97146902635,1332.33460533079,1433.89783669234,1560.27048364031,1649.28655274896,1681.91609453165,1564.88129958846,1213.66207741935,1454.68186709886,1549.59260103455,1629.64773588902,1657.41581525986
68,"BOL","Bolivia",4660.84159318355,4783.89845685149,4340.74403699623,4281.50274664323,4032.62541271956,4114.61916303412,3767.79354003555,4017.85927340667,4294.3124185454,4977.47683493629,10017.5484976159,10505.751990769,11025.1743386043,11561.577621962,9649.57611040137,9028.55847667425,10027.2610667224,11732.9099788608,11264.0369975809,10950.2749687845,8442.28234877068,8752.27765361591,10414.9797283423,10983.0671962018,11051.1231525251,12336.8519772161,12368.6667420166,12740.0145738559,13027.6961099191,13633.146590175,14808.6148161694,16051.1965512908,17574.6667212699,17777.7093065416,19900.3217481687,19899.7291366219,21249.6026187822,22181.5829618833,22508.8732115506,22609.2554346009,18320.1925337561,21766.604088124,23488.2059432042,24620.5188315936,28708.6626040343
70,"BIH","Bosnia and Herzegovina",16523.7525625394,17982.9700450774,16518.7153426733,17787.8730269059,18759.3050066909,19135.500351485,19983.0627421688,19508.4113289798,20129.571447458,20067.7196680693,19872.074565423,14059.9576152334,15028.7126184883,12580.5755887173,3204.95176072631,3405.59307729103,4239.50266362234,8365.76462617814,10550.5968797254,10333.2508201835,13702.1334322765,13262.7331652475,14172.6011924747,14358.12,15462.4540665702,16046.0765527172,17386.8200018744,17474.3319247467,19955.0855504463,20537.0940665702,21145.7039083952,23764.9000992112,22137.784,21801.1064424747,19311.7855166425,18460.4905255323,21734.0719851148,22152.5103096961,22078.6955133261,20810.3773909448,20831.8114996899,21267.6509895427,20742.836337774,19881.3093220718,19425.9312100612
72,"BWA","Botswana",1403.446,1407.6,1399.2,1329.584,1344.24,1657.824,1566.224,1838.432,2000.72,2228.96,2700.368,2634.416,2777.312,3195.008,3030.128,3044.784,2755.328,2799.296,3341.568,3158.368,3777.584,3847.2,3975.44,3825.216,3894.832,4096.352,4132.992,4228.256,4503.056,3855.44397667919,4537.27527558296,4028.80227682428,5076.71128036649,5663.05462536938,6850.16439549214,5417.54039549214,6340.87262643902,7066.34419238333,7643.49149303281,7485.552,6192.16,6683.136,7395.75533039721,7248.67741330181,7461.59868828551
76,"BRA","Brazil",186127.376637523,171261.910977808,171439.140752985,165851.319592533,167524.245631311,180064.833076052,197183.39512608,205911.795690861,207640.25251466,212015.96359057,218657.67888,229393.59214,233600.856876,244305.5449,254002.25835,268677.51621,289310.91569,306949.0687,317359.43181,327255.65693,340182.84041,346165.74579,347764.96154,344644.93651,361434.00805,364370.5684,368870.95495,390573.445179999,412637.834579999,389775.330790001,440269.04005,461911.324640002,497468.209169998,531568.843080001,556525.514809999,528173.545769999,491744.84398,497254.547367861,476600.542227432,476723.741810496,447999.380594782,496561.986238605,480058.290116241,483991.939735605,483011.561718568
92,"VGB","British Virgin Islands",29.312,43.968,36.64,40.304,40.304,47.632,54.96,62.288,65.952,65.952,65.952,73.28,80.608,84.272,87.936,87.936,98.928,102.592,102.592,113.584,117.248,128.24,139.232,146.56,153.888,164.88,179.536,183.2,190.528,194.192,212.512,208.848,208.848,212.512,216.176,223.504,227.168,179.536,157.552,183.2,179.536,183.2,185.76089784,185.385117037339,192.506987784522
96,"BRN","Brunei Darussalam",6877.328,2059.168,2664.73077894737,2733.344,1916.272,2594.112,2297.328,3315.92,5712.176,6342.384,5008.688,6826.032,6668.48,5851.408,5292.823664,5884.485256,5962.525776,6178.84631600001,5595.27870800001,5978.05084400001,5886.17641999999,5757.95001709311,5285.42616799999,6139.63641999999,5966.67340400002,5428.519132,7143.68830000001,8076.69650399999,9165.560776,7744.92485988784,8017.38215199999,9555.43933822528,9499.82794780549,7626.05479235629,8830.99232229726,6933.29021721449,7632.90762174891,9309.38436071725,9341.08986771661,9564.18942412391,11157.0913570898,11708.84086316,12237.0377080095,12502.6924584442,12052.4625933953
100,"BGR","Bulgaria",77254.1112690153,80090.3404197489,89844.1826717131,90061.3030083218,87044.9322016847,89221.3333722215,91172.3823659648,91276.7095769109,86916.990837508,86467.1840509983,76637.9457721903,61520.7143661693,57355.6448277368,58389.1687983957,56382.5577079626,57916.5632730926,58460.4024402641,55806.1898132875,53113.8382165643,46371.3202573841,45499.3137355617,49019.6390629039,46141.0414099886,50491.2087840796,49537.2869783353,50600.3565146347,51837.4948532476,55669.2186539891,54025.9145693705,45750.2485317218,47815.699490017,53120.4612020745,48276.5596189631,42582.9899311804,45169.0615666622,48127.1232590701,45343.7492342008,47445.843280964,43503.3267625448,42194.9811245221,36571.0301812258,42365.0338370283,46931.7949228129,34500.9474249788,31621.8246540553
854,"BFA","Burkina Faso",432.352,556.928,575.248,593.568,465.328,476.32,479.984,516.624,553.264,820.736,593.568,637.536,633.872,633.872,659.52,660.750390887661,726.683702972641,763.702686743496,847.949769523467,1040.18183536549,930.781837708535,1064.37475379041,1067.26475323592,1184.46465419761,1107.47255515929,1103.76045612097,1217.23335253736,1616.44747374496,1817.81723292958,1836.30471601337,1985.07605183411,2149.25315836368,2611.58598410144,2808.88018094983,2867.51969222215,3743.77159429259,3987.63662413537,4621.63145905676,5226.24602054004,5618.02037506157,5618.0879064373,6328.71909842796,6542.19364482089,6308.44107674022,6507.66331321626
108,"BDI","Burundi",146.56,157.552,157.552,205.184,219.84,230.832,234.496,249.152,227.168,267.472,208.848,238.16,216.176,227.168,234.496,238.16,241.824,249.152,249.152,252.816,271.136,205.184,212.512,168.544,197.856,157.552,186.864,186.864,201.52,216.176,333.424,414.032,392.048,436.016,355.126153846154,355.408,428.688,516.497655172413,645.096634920635,685.168,739.429730937945,771.676721756335,877.523333606405,900.716494775915,916.663574541455
132,"CPV","Cabo Verde",120.912,32.976,36.64,36.64,84.272,84.272,58.624,80.608,73.28,80.608,179.536,164.88,179.536,168.544,175.872,197.856,219.84,227.168,241.824,285.792,296.784,348.08,384.72,414.032,428.688,447.008,494.64,505.632,472.656,523.952,556.928,615.552,501.968,494.64,490.976,494.64,531.28,571.584,571.584,630.208,520.288,589.904,597.6502029144,571.49345719782,593.786283425914
116,"KHM","Cambodia",285.792,300.448,337.088,366.4,410.368,417.696,432.352,436.016,450.672,450.672,1260.416,1304.384,1348.352,1384.992,1425.296,1498.576,1516.896,1465.6,1875.968,1894.288,1996.88,2235.04,2154.432,2253.36,2238.704,2209.392,2846.928,3489.462,3936.33199999999,4579.38,5067.38800000001,5271.034,5572.35200000001,5625.738,6702.34383830712,8186.07400000001,10643.5497725948,12087.1459047619,13937.5093333333,18626.2803809524,20990.7961904762,20775.3833836743,20865.1333056859,21411.501630452,21882.6906500769
120,"CMR","Cameroon",3885.94491272402,5319.12391642815,6315.88769057994,6554.47968411987,6052.928,6470.624,1993.216,1842.992,2153.96089582619,7577.69312535787,2604.7932736255,2668.44037557916,2712.29872907629,2865.80051216587,4879.76411916635,5374.67128833298,5974.65984422185,5378.78101252417,5373.17162018416,5219.44965944815,5588.56931160597,5562.42397029193,5350.64198873537,5704.62169027463,5698.45508810345,5423.85803469896,5485.91872591196,7409.37278689008,7320.61940915108,8554.96331658294,8383.32243978553,8105.27791143717,7607.03803596815,7853.18092325308,8775.17369085229,9849.95064594793,9964.9237429945,9581.7277726197,9843.86337669947,9605.29032737929,9716.26709767532,9733.52162172192,9792.43502520416,9694.86429004435,9631.5834504047
124,"CAN","Canada",442843.209854872,429622.392198208,414454.888352646,408334.838493363,425236.994011093,421726.023174795,404715.229964475,430982.05864157,455672.82295071,462888.813967664,458017.841148308,449776.472694887,463392.763963082,464071.598336954,478467.850758378,491305.353216099,507775.196253232,522018.649784091,529614.802806205,543859.520924789,566679.88565379,558980.579268906,564256.191243103,581190.404019242,576286.363390898,570396.139197827,566315.370508448,589956.261692491,574214.346426857,541129.887943743,554307.403533107,562832.438427054,561769.530853572,568589.748281842,564938.2411937,563002.591819986,553707.010396131,566660.291206883,575090.775465735,579007.021082091,524207.921279769,537478.662006369,547657.677991214,545478.503077811,533340.089677815
136,"CYM","Cayman Islands",NA,NA,NA,NA,NA,NA,NA,NA,NA,NA,NA,NA,NA,NA,NA,NA,NA,NA,NA,NA,NA,NA,NA,NA,NA,NA,NA,NA,NA,NA,NA,NA,NA,NA,NA,NA,NA,NA,NA,NA,NA,NA,NA,NA,NA
140,"CAF","Central African Republic",106.256,135.568,142.896,146.56,150.224,161.216,161.216,260.144,230.832,249.152,183.2,190.528,194.192,197.856,208.848,208.848,212.512,216.176,219.84,230.832,124.576,142.896,117.248,113.584,124.576,128.24,139.232,153.888,150.224,153.888,168.544,153.888,183.2,102.592,131.904,194.192,238.16,285.792,271.136,311.44,333.424,366.4,377.392,389.27906676491,394.681207592296
148,"TCD","Chad",208.848,208.848,205.184,205.184,216.176,179.536,186.864,197.856,65.952,102.592,377.392,388.384,403.04,399.376,415.768864000001,427.410967999999,443.217152000001,453.097387999998,463.839348000001,473.581148000001,487.512032,505.593580000001,531.21292,882.414175999999,906.194807999999,929.365583999999,957.287120000002,1088.955116,872.462584,1219.70952,1236.006024,1276.61303224731,1746.61147199415,2082.16123571682,2182.77962504063,2351.87382773333,2381.58260306721,2340.76175773366,2383.51029081782,2299.78510898755,2356.44574891762,2670.14177097275,2800.40139124559,2848.39370222674,2831.40058473623
152,"CHL","Chile",25099.9535159185,24347.1415518848,20475.2670287417,20674.0847053835,22004.6849995907,21292.2523789864,22022.4720841321,22410.1855864071,26600.0067205603,32017.8618499892,32908.1515818878,30891.7899865604,32000.6714346522,34097.8642334818,37974.8772193215,41562.6738025999,48226.2887805433,55942.0194598001,57258.4298057401,61407.9705086398,58502.62158234,52918.3883225805,54835.6130177421,55100.2129051325,59221.0899011801,61116.4544654601,64048.2823323399,70469.2448911469,70549.0137182466,65959.7605120497,71347.4799736752,78071.440838102,79620.8880905654,81733.2690096069,77586.2018852112,81778.462422093,84250.4970018361,84134.6222469462,84442.6424136067,91977.0515532588,80178.221082321,83630.3077426985,85743.7808004466,77604.2195187137,78725.5435496126
156,"CHN","China",1494297.83542085,1476279.98994812,1606239.12512587,1693746.71437767,1844212.75796744,1997193.34189849,2103430.02004405,2256629.39894769,2424444.09752336,2462149.95875241,2483534.5087476,2619143.29997368,2731290.30036467,2914284.43059346,3093890.91447688,3351197.38109391,3499310.58761065,3512349.77331983,3355335.96817429,3549949.06390212,3643809.53175996,3724114.2014678,4098180.51804364,4835252.00995442,5210961.46487547,5881990.92285998,6486184.58094285,6974663.10340819,7492404.42990806,7881490.87904381,8610047.98673378,9520153.11337984,9767310.89748233,9942370.99087844,9976027.80952438,9858040.44313999,9748174.77559696,10000013.6445853,10346790.2336036,10713514.487671,10896520.3995813,11284401.136777,11711807.355958,12172009.0267129,12289036.7547315
170,"COL","Colombia",44180.3852419803,44267.2427042428,45687.8211793525,49218.311925352,48711.9745658493,48090.918938155,48767.8548629654,50138.2980107849,52151.8512571274,53100.0709716719,56856.9292731998,56609.0323800001,61340.6719404,63260.2020057311,66981.8080134971,59349.8850847999,59628.169840968,65095.605645,65559.5691824334,55285.8500657842,56212.9413170768,56465.1324835441,55416.711141384,57033.4900086684,54324.0382683201,60256.4728390484,62465.7153278082,60669.939392,66982.2071928001,71770.9684788001,75431.1674604101,75191.3885398941,78674.8262846641,86445.0997092585,92041.6863450668,91026.5906218838,91582.8885587218,83458.8156087706,90810.6878865033,98961.9114491825,92305.1541123275,103733.526016732,89436.9399200004,89992.3484165185,92659.386200946
174,"COM","Comoros",47.632,47.632,47.632,47.632,47.632,47.632,43.968,47.632,51.296,51.296,62.288,65.952,69.616,69.616,73.28,76.944,76.944,80.608,87.936,95.264,102.592,106.256,106.256,135.568,150.224,142.896,168.544,106.256,109.92,135.568,161.216,142.896,153.888,183.2,164.88,179.536,205.184,263.808,285.792,311.44,370.064,498.304,531.67114116,542.130201491748,551.650226855194
184,"COK","Cook Islands",29.312,65.952,51.296,51.296,21.984,21.984,21.984,21.984,21.984,21.984,40.304,40.304,40.304,43.968,43.968,43.968,51.296,51.296,51.296,51.296,51.296,54.96,43.968,47.632,51.296,58.624,65.952,65.952,65.952,62.288,69.616,76.944,80.608,80.608,80.608,76.944,76.944,76.944,76.944,80.608,65.952,73.28,76.944,76.5805397824917,80.0834794848462
188,"CRI","Costa Rica",2447.31620921017,2235.0594952933,2069.38256351275,2087.54317633578,1979.19166370902,2240.47109648922,2575.01649175843,2720.96813203291,2902.90654930928,2929.79886055603,2909.15453308388,3282.46034167841,3735.31833955242,3881.49847169537,5188.11079311779,4788.61301170848,4673.41310681469,4900.02855598173,5213.7572065347,5415.41822448237,5367.23348381694,5637.90247710595,6214.32897270681,6551.01979932308,6796.82297930865,6659.58428497472,6976.07590924149,7906.67615796262,7934.12193049642,7693.12152903654,7461.20841077453,7276.38349048893,7216.78599194882,7583.54573231441,7701.8725816147,7352.82515372235,7828.94195087522,7986.78188354831,7966.99663130437,7660.39486826291,6754.06972107648,7665.43829318413,8010.13774270895,8472.52867190442,8760.45120654633
384,"CIV","Cote d'Ivoire",5569.28,3865.52,5554.624,4517.712,5133.264,6983.584,5576.608,7349.984,8804.592,8265.984,4781.52,4308.864,3843.536,5092.96,4132.992,6225.33682906578,7526.00850399999,7211.23791651002,6748.15739999999,6095.40738000001,6630.06439309446,7653.345324,7450.16474400001,5300.524773782,7386.261148,7568.01884800001,6887.23813600001,6653.26966799999,6712.605368,5659.94329600001,6224.74572800001,6523.16970873175,8540.00968946352,9679.76984573879,9903.22487257681,9554.74508438758,11979.4720460657,12001.9051961809,10415.1998315855,10538.7453096655,11018.6074360433,13665.82013732,14504.3209720268,14052.4362980296,14828.5852546791
191,"HRV","Croatia",17925.5397497828,19479.7164131296,17890.9094686777,19266.5617098669,20321.1026270702,20731.4704972057,21657.0449119243,21139.2253424445,21820.4880311523,21752.126305483,22885.2197538948,16999.4324069694,16379.1642793088,16811.0398927219,16054.5535249231,16814.4891607607,17338.4337659714,18569.1678236268,19040.0273905943,20082.2243391319,19652.6818815414,20775.9347288071,21915.519352379,23226.1893337677,22852.6898162836,23295.5521153151,23496.1979230561,24801.7592355398,23515.6558906498,21752.3166143583,20978.1335850665,20614.65917122,19050.0196625758,18401.3430064467,17649.9376393526,17793.8906026276,18079.2794281037,18713.124804131,17694.5118240266,17820.4223434531,16870.1045317053,17402.9714650627,17585.1640849323,18467.5977253342,18464.8487952377
192,"CUB","Cuba",31374.0229213224,32723.4796187594,34527.3433484402,30820.6182569604,32580.6931796808,32555.8659663837,33546.7517451476,33933.2620514163,35616.4471591685,35719.0588730568,29637.7556446877,26961.2346307199,20754.4937592713,19789.7110255468,21426.3676104764,22868.3043413346,23303.7372945931,24823.7339749865,24308.5070707843,24489.205219889,25299.1767413442,24680.939206823,25179.2338633485,25554.360554701,24539.8131840736,25706.1879578652,26781.426974691,25724.2210806097,27738.2041075645,28260.7497517105,33041.9902798299,29075.759096458,29475.8226929436,27893.9830162474,27366.4386277002,29091.2327772861,27772.2462772311,24559.1691472577,23019.4702069399,22486.9151783616,21280.835461199,22548.8662095748,23258.5367734896,23470.2704154835,24440.2343253885
531,"CUW","Curacao",8765.49208845175,8349.10825190639,9334.9582178447,4797.59905784278,11980.2202382507,14022.3380248373,2688.1250624033,2389.80479009799,2354.13606188757,4481.28930789065,4799.06525012893,3829.52436513665,3155.06114079422,4870.40270654976,4669.36078390925,4620.72160907684,4322.40133677154,4523.44325941206,249.681097472924,1870.98692521919,4964.43844455906,5055.23157091285,4873.64531820524,4876.88792986076,5116.84119236721,5071.44462919032,5285.45699845282,5950.19238782877,5723.20957194431,5856.15664981951,4033.80889943269,5146.02469726663,6287.424,5932.016,6796.72,7331.664,6203.152,4968.384,4323.52,2396.256,2007.872,2139.776,2209.392,2204.92256047421,2289.62824631458
196,"CYP","Cyprus",3260.64737176367,3095.65422855667,3157.20482487222,3151.34801137567,3234.55661072063,3144.99428234384,3606.06684224645,4184.95380546512,4197.55907292439,4429.73476952107,4647.75704159466,5136.09968350962,5508.84091532162,5752.77936777523,5994.99451024892,5865.76387497493,6215.67710449077,6302.38457890685,6596.84829274888,6863.43198872156,7106.90117357734,6979.65857452384,7171.93705532753,7560.7740201506,7787.1021894595,7951.67119836344,8183.13122227001,8475.066767744,8691.63582549466,8437.98805120632,8071.82140738,7792.36327597136,7261.66779186411,6578.17099883843,6929.78874225363,6952.47697711489,7349.92585201065,7469.28190259288,7324.20315315171,7324.48232274834,6903.17283143667,6950.78162869852,7070.77786289972,7188.08925631254,7299.32756196007
203,"CZE","Czechia",184691.10982211,182673.31087583,180876.57631173,181106.674925843,187201.027923983,184632.942695347,185887.492679921,183677.334776374,180664.25876948,172367.1490621,164252.30201691,148886.185900512,145708.173551126,140126.122095097,132670.148848252,131623.817205859,135019.224504072,130942.001523035,125716.775231718,116668.898446083,127233.492950446,127165.208064924,123988.122389617,127591.67334948,128313.662835477,125713.451865639,126532.55867354,128363.635137754,122927.723829325,114972.076393344,117464.092146432,115178.141560839,111275.534520693,106710.087156553,104232.56408746,104989.707464126,106636.418758791,107735.533520216,106322.056017905,100997.498646909,91661.457169621,96629.4088142765,95039.6754969154,83232.2430309723,75622.9991294615
180,"COD","Dem. Rep. Congo",3485.01992410785,3755.42409143837,3046.9654597627,3997.99992636615,3931.64024267806,3611.90817230704,3345.66337823412,3815.86314854603,3977.99232473065,4351.99207547383,4248.96526144448,3132.60418789787,2808.2230368698,2662.33017469793,2750.98238537484,3096.17284595336,3472.62822988023,3089.41210007343,2733.25833990362,2199.43657990618,1704.73132572742,1647.45715547309,1734.0941757906,2096.08412562901,2027.89271446553,2287.39623973709,2351.72667701523,2622.97596164678,2685.12040674571,2445.96668085583,2735.41251165863,3041.0447732436,2797.33004200145,3921.08873568401,5065.95678729663,3274.37956360124,2659.40430907964,2920.24634402167,3774.20452366661,4118.09172120325,4304.78908198736,4292.23703831999,5892.36580148737,5881.08623938797,5904.45075594479
208,"DNK","Denmark",60289.8127489566,51719.5367054021,53619.117968254,50101.8237037664,50784.3634648234,59984.2134660554,58801.9049805771,58245.9026695455,55013.9805111394,48685.2106455979,53476.9718844885,64104.6091434554,58326.550294636,60573.7170380642,64673.2738687059,61653.3948508508,74899.6500657798,65437.8217588578,61238.2977717922,58652.8052196881,54306.5765910731,55896.7479011246,55554.3830306519,60645.4465201823,55100.0087054691,51534.924586138,59500.2398630103,54709.3519563223,51256.3281112032,48851.4174146373,49189.6941226597,44236.8629540154,39861.2589926958,41763.0075892951,37571.3829806667,35110.5726511652,36916.5614163735,34664.6183966402,34608.9536674195,30950.2829463924,28299.6771332602,29603.5233955646,29094.3210301782,28831.1848384652,28369.1619852151
262,"DJI","Djibouti",348.08,300.448,348.08,348.08,351.744,359.072,377.392,388.384,348.08,388.384,296.784,300.448,304.112,304.112,300.448,311.44,304.112,333.424,388.384,388.384,366.4,366.4,399.376,421.36,406.704,414.032,414.032,454.336,494.64,443.344,516.624,315.104,293.12,380.818253693923,417.617815577583,504.921024593305,427.766094265212,413.742885249491,471.518439349286,540.217258202329,463.062327874236,557.615352467537,550.390416976472,557.5587886223,564.08356978985
212,"DMA","Dominica",36.64,36.64,40.304,40.304,43.968,47.632,47.632,47.632,54.96,58.624,58.624,58.624,58.624,62.288,69.616,80.608,73.28,80.608,76.944,80.608,102.592,109.92,102.592,117.248,142.896,150.224,142.896,172.208,168.544,186.864,168.544,150.224,164.88,157.552,168.544,175.872,172.208,153.888,164.88,172.208,157.552,161.216,164.870511156,164.536990088124,170.857946135001
214,"DOM","Dominican Republic",6424.9031049467,6132.87801417198,6300.72990850248,7861.93270096861,7386.20731054528,7237.3624033696,8116.18873256439,9681.86961444138,9731.70123039191,10248.5892000147,8929.41749204664,9528.66362125151,10405.4155621272,11194.8695040986,11780.510634062,15090.0672852899,16458.549090831,17234.1553193898,17756.3381514451,17774.8712131757,18937.0177113918,19082.6658751108,20870.1561389631,21260.4590201987,17253.6107638036,17851.8551202878,19030.026847806,19909.1704162939,20234.6867207611,19686.4732801643,20445.2399299689,20922.3282973539,20902.875860523,20841.6037497427,21264.2096683617,22986.1276428737,24140.3652763231,23455.1969385358,25203.1236846955,28471.1039697556,26227.6313248657,29362.701186997,31224.7956840435,31828.554470649,33130.8156909843
218,"ECU","Ecuador",13416.0025951354,16662.2236225696,19249.2532064528,19517.0452325363,21209.3588244078,19377.6382409637,15222.2476733129,15055.0079228657,17204.9337604045,20193.7584853696,16500.7319279212,16198.4572326985,21997.532915278,24121.470019648,14338.3875663939,23533.6372878942,25337.2440395707,19461.3901058935,23116.6947238859,21996.84847262,20949.2482065843,23435.9940701709,24861.36037436,27112.6073799638,29310.2724992799,30651.7129341067,29781.0346058185,34392.653172313,30487.721711404,33814.698548697,36469.475279185,38480.3708645549,37492.7620748434,39684.9225162567,43759.8161829262,41297.7333044522,39374.5159679794,39195.87385282,38451.1902343111,40082.6330772973,32473.2670817914,38184.9748591762,42065.6504224398,44599.5918277244,45979.547645429
818,"EGY","Egypt",44918.0779476101,50580.0758980898,56000.2335863232,56379.5604459348,62941.8592727419,63086.5854640713,73377.9414055808,73377.2878032651,72846.9550216362,69939.6959202705,72883.6993931854,74446.7638528729,77419.34906,90834.72138,87482.9891437693,97968.228572,97042.3353799999,110934.079503972,124256.27948,126987.199840372,142836.850324,126372.046954297,128361.888932,149953.990074445,151917.089541684,166933.892259256,178389.280998784,189201.137250244,195859.767052701,205242.862745886,202704.2378691,221675.047777545,212524.457386872,219086.55876485,227254.088984232,226653.968004442,245163.589431321,253363.894116098,241903.189675775,234060.164774562,246323.297357889,266838.988548062,249898.668817068,250230.198472572,258367.863862805
222,"SLV","El Salvador",2118.35043805229,1817.59582076483,1750.88065724529,1883.92414238098,1586.81596625449,1963.47669055142,1965.48199340674,2411.45239188267,2429.69621962223,2543.57144587733,2471.07988339802,3149.41861763045,3312.85622896067,3966.18953503454,4502.05712143631,4985.84802360759,4399.68313404859,5398.20596500142,5711.21908291193,5566.91298676484,5647.69345026783,5829.35159415705,6035.62717240926,6396.04519367998,6215.98398695358,6261.61750345455,6689.38065561694,6818.92800488419,6374.69726576139,6282.82181302418,6286.84568804152,6466.68977648681,6436.42482063528,6058.0551198111,6120.19772107648,6637.12783529427,6572.03063454728,5941.62914896883,6452.16193879136,7634.15515562509,6134.85372107648,6976.69083005128,7912.70603140525,8669.88210184378,8972.2907981224
226,"GNQ","Equatorial Guinea",58.624,69.616,73.28,62.288,80.608,65.952,80.608,98.928,106.256,117.248,62.288,65.952,65.952,69.616,1149.252128,1223.390816,1359.200336,1974.75426,2295.006112,2510.60950109091,2699.264648,3091.01694,2765.12284635781,3129.772424,6137.382884,6206.02199309259,6172.398832,5711.38983200001,5925.53985599999,4883.21800171233,6376.58016000001,6066.91991809716,6875.0309871842,8168.39390671097,7641.30942841065,7009.90546696639,7537.71308893823,6815.63116778102,7034.36768581173,5513.67056933315,6389.50560793334,7087.58825925677,7496.82479415667,6913.36250360006,7010.35176611184
232,"ERI","Eritrea",NA,NA,NA,NA,NA,NA,NA,NA,NA,NA,NA,NA,NA,NA,707.193618204026,789.810651479437,861.839134657139,768.162030115242,586.169490713902,615.453458841372,604.433426968842,637.337278411364,509.025129853886,780.088981296408,633.45683273893,585.752684181453,453.682028806037,424.127210617438,398.364580089384,446.017932896274,468.024678590351,577.818076844388,608.228965619622,569.509588997346,569.107397546143,557.482606561861,554.365827341083,553.396745905676,616.134710817957,644.580382269314,640.91088524949,681.636745905676,718.276745905676,731.03462000061,742.64706711488
233,"EST","Estonia",35207.1592930112,34533.9760531191,35186.0956017691,35689.556799761,36008.834770567,38841.5140845564,38839.066128977,37907.7957809055,38014.0287119035,38944.672757149,36906.1879936746,34135.4288054737,24413.1229679264,19433.1669715933,20038.9169454692,18053.4508164299,19032.8829489365,18673.2268674624,16933.1138182046,15929.5129089225,15470.9725410158,15869.9322162388,15358.0150826382,17250.7494743049,17322.0944766557,17089.781088867,16438.1797975847,19930.4897398301,17814.8052311221,14404.9872311703,18964.734602013,18948.0258442204,17761.4138226876,19633.8204072712,18783.9530108584,15779.6273216581,17432.9096924859,18616.037332192,17800.6879030853,12288.0942118197,9198.24512001154,10390.9148898355,11966.2268616671,8744.25712053403,8306.7774780128
748,"SWZ","Eswatini",465.328,436.016,436.016,271.136,333.424,439.68,458,436.016,436.016,436.016,959.968,872.032,831.728,707.152,1077.216,1058.896,787.76,1139.504,1161.488,1242.096,1205.456,1099.2,1080.88,1003.936,1003.936,1014.928,1014.928,1044.24,1018.592,1055.232,996.608,959.968,1110.192,1315.376,762.112,850.048,1022.256,970.96,1014.928,1099.2,989.28,989.28,1028.23508259717,1029.6129621954,1044.64350762564
231,"ETH","Ethiopia",1817.48298102696,1860.00694993867,1473.91369182776,1834.75403294888,1650.28142477228,1798.7102547763,2195.24628324437,2554.38076313747,2640.06581880875,2794.11373950267,2986.50741191133,2958.47237796153,2936.73654632724,2993.62261170654,2197.2006854815,2505.95336107873,2794.18916837077,2980.15771077772,3147.42217856504,3094.27579423989,3462.85457183512,4264.58556822728,4431.68659707772,4870.23234101572,5158.55062589938,4956.12925314329,5318.1772414056,5839.59631669519,6417.59679742062,6453.44470715259,6344.19911576848,7354.84792493761,7988.4249826888,9743.7109189786,11543.204582946,12563.6136632636,14323.2193564892,14602.656412915,16117.1973557376,17177.141385441,16735.0157215313,17905.5904998649,16959.7470493508,17570.6617474846,17837.2915246422
234,"FRO","Faeroe Islands",421.36,439.68,458,487.312,498.304,516.624,490.976,498.304,527.616,578.912,703.488,659.52,648.528,582.576,575.248,571.584,597.232,586.24,622.88,633.872,688.832,762.112,729.136,732.8,747.456,721.808,677.84,692.496,633.872,575.248,626.544,564.256,593.568,648.528,597.232,608.224,626.544,703.488,725.472,740.128,758.448,784.096,722.9215512468,713.658971753461,725.387786512655
238,"FLK","Falkland Islands",NA,NA,NA,NA,NA,NA,NA,NA,NA,NA,NA,NA,NA,NA,NA,NA,NA,NA,NA,NA,NA,NA,NA,NA,NA,NA,NA,NA,NA,NA,NA,NA,NA,NA,NA,NA,NA,NA,NA,NA,NA,NA,NA,NA,NA
242,"FJI","Fiji",792.419671908943,1077.17308697065,835.123371625574,708.925636405485,577.208783841804,572.991349465522,598.08591508924,471.995372746436,549.765098309236,625.202222744859,801.220111106124,655.032139264853,730.309434538524,728.647413608672,723.076517962156,736.696857439455,792.446833540843,764.284780904486,743.300100673085,756.467319824949,814.851573266438,1003.936,835.392,992.944,1300.58060869565,1022.256,1150.496,1084.544,791.424,703.488,1029.584,930.656,908.672,1036.912,1179.808,1461.936,1344.688,1454.608,1480.256,1509.45566037736,1370.24033420366,1088.32696103896,1388.656,1382.09640845545,1445.31612975032
246,"FIN","Finland",58142.8945311555,51403.3449258747,42980.0601261515,41463.3709583868,42147.2120181382,49549.0759886731,53217.9810758383,57533.4453676463,52058.0815308769,52451.5384707091,56921,55195.0000000002,54272,56320,61738.9999999999,58121.9999999998,64039.9999999999,62702.9999999999,59357.9999999999,58873.9999999999,57016.9999999999,62520.0000000001,65049,72658,68946.0000000001,57064.0000000001,68374.0000000001,66763.9999999999,58625,55920.9999999998,64091.9999999999,56645.9999999998,51153.9999999999,51719.0000000001,47622.0000000001,44191.9999999999,47252,44657.0000000001,45736,42444.0000000001,37720,37819.9999999999,36337,31799,29775
250,"FRA","France",515521.767575858,463565.96811832,444474.848519227,426606.16068116,416025.982771059,409395.59043468,393218.574161844,390451.92942827,387929.163506237,402070.596920728,395530.075651888,419647.541698794,408879.418869979,389505.084456242,382492.455618064,387542.73426558,403902.662617979,396574.248226305,414439.737914566,413333.460351144,408052.156955842,412209.270318013,407627.666024381,413594.191411989,414701.16096629,416969.692285298,407319.614681172,397185.749159851,390493.630465024,372118.308447849,377590.649309379,355765.571298583,358866.029095192,360793.767454024,328600.191446073,332940.766714615,336309.778526697,339137.492171857,323845.503285367,317075.57682781,282229.986631676,308008.316269568,296049.683436154,271007.028080254,264928.585900665
258,"PYF","French Polynesia",293.12,329.76,337.088,421.36,461.664,589.904,608.224,611.888,575.248,542.272,523.952,527.616,498.304,520.288,534.944,523.952,523.952,542.272,534.944,593.568,685.168,769.44,806.08,835.392,842.72,831.728,839.056,857.376,868.368,861.04,923.328,883.024,875.696,883.024,850.048,846.384,868.368,875.696,879.36,890.352,831.728,868.368,886.688,882.499553683953,922.866763587276
266,"GAB","Gabon",6624.65098102696,6564.03391083862,6543.61697122867,5508.58924031225,5979.46157253405,6298.54254140052,4950.76103281317,4009.48238540858,4320.70575888285,5757.46376141262,4484.72521112271,4521.70285593621,4916.93269124652,4974.69497355791,4541.73067497128,5220.39611324028,5885.63663233129,5526.93421371749,6452.91456889247,6014.01881394652,6128.18745118794,6480.01767419393,6250.31063005443,6746.06900292221,6386.33864361578,6223.08088238173,5542.53547665712,5037.63516511904,5378.8888200124,5304.44775512463,5528.29279479216,5446.85060571824,5016.16885494502,5190.34671088516,5663.48974672955,5772.06977622408,5613.02798729956,5500.51686450749,5563.36246988136,5607.27154605437,5636.10067024519,5545.12540294042,5783.25303481139,5320.94353770392,5398.79437995439
270,"GMB","Gambia",157.552,157.552,161.216,161.216,172.208,172.208,161.216,179.536,183.2,179.536,197.856,197.856,197.856,208.848,208.848,216.176,219.84,223.504,241.824,274.8,274.8,300.448,300.448,300.448,318.768,318.768,348.08,348.08,362.736,373.728,432.352,443.344,450.672,428.688,505.632,582.576,589.904,597.232,648.528,710.816,699.824,725.472,807.99819102,772.635359854037,802.77433274685
268,"GEO","Georgia",12940.3912546049,12720.7416346235,12967.4068113221,13169.0847079645,13302.3013430144,14340.0252627229,14157.2176153693,14515.791531333,15132.9997827388,15043.3322282455,14850.2848391348,14601.5070451217,14126.7113674237,9883.73149484045,5897.41993494,2265.66198152719,4045.67225431959,4412.00134603844,4863.53045286865,4245.7972422607,4497.43656571189,3722.91412170274,3346.54575246568,3730.51560729785,4277.99004820768,5045.53361387532,6272.76646833702,6609.30550301231,5746.69621774869,6170.55834786166,6289.89228493929,7814.20369414003,8293.62388781242,8028.03459026626,9058.11940442979,9790.61602798328,10042.9345881937,10059.7882234101,9888.3354133536,10517.0867145677,10377.978998287,10749.7587585235,11999.8638782567,11922.2025620235,11784.2577213982
276,"DEU","Germany",1099901.11476101,1048362.14132124,1015499.54776738,1011436.28463342,1033017.41136923,1043912.90097855,1047233.74374542,1032266.97022264,1028701.69752341,1008565.24717273,1054795.85728302,1016929.51520975,969464.407523481,959385.87814652,943227.654501128,939933.62027621,959690.122642619,931508.100356899,923498.642956178,895442.081697758,898975.770604119,915254.754240601,898834.273797281,894501.07095436,876569.915343251,867880.51230581,886434.347488201,846152.966722099,856642.51550101,789983.935306821,826704.686058412,804541.583049542,814093.00300713,831745.56209813,792583.59618276,800822.483767689,797988.269196941,784595.152012549,758771.367474871,708648.957035391,647176.84410502,677997.688502818,667843.045179699,593766.016016282,572319.175442674
288,"GHA","Ghana",2410.70172740316,2846.68961927711,2894.56,3509.96853012048,2465.71042958748,3143.712,2934.864,3147.376,3209.664,3059.44,3513.776,3901.85967213116,3242.64,3817.888,4539.696,4623.968,4858.464,5514.32,5583.936,5613.248,5312.8,5968.656,6483.25102,6684.57281599999,6450.627524,6113.07176,8523.184252,8981.87460399999,8324.32260800002,6867.65817600001,8942.512824,10328.5534524661,12640.5860809323,12609.9875433952,13256.5756674528,14568.1189448467,13913.6492940337,12437.2697437247,15189.6575928383,16415.1957449667,19164.0554637144,20556.0589805528,20745.2110349665,20135.6476159291,21021.8738429542
300,"GRC","Greece",50888.6951336458,50125.4228826287,51508.7711449173,54789.3717941275,56284.9302593852,59771.9265700033,58274.835297443,62576.3312677534,67051.8735995682,73227.447447943,83436.7896362378,83406.2488940969,84973.9922001164,84283.2900551658,86429.0046187093,86962.3659833938,89114.1077098395,93801.1201387366,98621.3757337424,97934.3886004515,102972.761024633,105361.455433877,105000.270043033,109066.556797781,109484.846171632,113888.812702458,112419.364616551,114545.45185418,111080.037816624,104319.482701376,97354.1380888588,94505.2234057928,91392.5920438367,81713.2577816869,78635.6974228753,74926.6673106065,71359.6097875621,74841.7516657128,71778.0937576805,65736.3248561684,55576.9267667594,57527.9113313615,57609.0479966044,51988.2227110424,53360.8391960118
304,"GRL","Greenland",564.256,527.616,516.624,362.736,567.92,509.296,326.096,234.496,545.936,472.656,624.200000000001,609.4,595.300000000001,545.4,495.4,533.799999999999,596.499999999999,617.3,596.499999999999,594.099999999999,667.203999999998,617.802800000001,579.401299999999,649.302599999999,622.601800000001,626.700099999999,643.699999999999,635.201499999998,653.603,577.2,660.704899999999,705.100000000001,547.019600000001,562.2,502.5066,547.600000000001,509.2001,535.9032,523.7399,526.130300000001,549.509500000001,546.3544,587.2011,608.954600000001,618.962623415735
308,"GRD","Grenada",47.632,58.624,62.288,62.288,62.288,62.288,65.952,73.28,95.264,98.928,106.256,109.92,117.248,124.576,142.896,150.224,153.888,168.544,175.872,190.528,186.864,194.192,201.52,212.512,205.184,216.176,223.504,238.16,260.144,249.152,256.48,249.152,267.472,300.448,241.824,260.144,274.8,293.12,307.776,333.424,289.456,311.44,342.392512032,362.972916463401,376.9707335527
320,"GTM","Guatemala",4491.43109478912,3948.18521699255,3605.31694898565,3158.41749164459,3399.49507549085,3494.65130688037,3661.63830116686,3911.80769323953,4070.95671226806,4183.06620410434,4657.69915445817,4756.46929849684,5791.40239604672,5571.56239604672,6638.77926575784,7085.01683827968,6539.78061101285,7460.35577393188,8620.26968658522,8873.89140364301,9741.98505109733,10147.4669456812,10693.5389637892,10411.404806275,11055.9129831598,12038.3585180135,12175.961483389,12117.0077289354,10734.7580038945,11724.6942733986,10817.1416039171,10979.2661877443,11346.7797616808,12493.4547503392,13424.8082399802,15449.1770973452,16523.7106226847,16992.7237229456,18338.4172910095,19258.8554209426,17156.8982234705,19984.1241352671,18913.3537646522,19736.067802788,19880.4306746845
831,"GGY","Guernsey",NA,NA,NA,NA,NA,NA,NA,NA,NA,NA,NA,NA,NA,NA,NA,NA,NA,NA,NA,NA,NA,NA,NA,NA,NA,NA,NA,NA,NA,NA,NA,NA,NA,NA,NA,NA,NA,NA,NA,NA,NA,NA,NA,NA,NA
324,"GIN","Guinea",963.632,989.28,981.952,952.64,978.288,992.944,996.608,992.944,1025.92,1044.24,967.296,989.28,1014.928,1044.24,1084.544,1121.184,1183.472,1238.432,1311.712,1384.992,1443.616,1516.896,1579.184,1652.464,1722.08,1784.368,1846.656,1927.264,1963.904,2092.144,2458.544,2557.472,2392.592,2077.488,2370.608,2454.3993974026,2699.81438523645,4847.472,3770.256,4104.16494117648,4430.2481785457,4067.52872386894,4052.384,3875.027450438,4026.18458529877
624,"GNB","Guinea-Bissau",146.56,142.896,142.896,142.896,161.216,172.208,183.2,194.192,216.176,230.832,95.264,95.264,95.264,98.928,98.928,102.592,98.928,117.248,87.936,98.928,51.296,47.632,62.288,73.28,43.968,91.6,117.248,84.272,117.248,98.928,102.592,109.92,113.584,142.896,142.896,153.888,168.544,183.2,197.856,256.48,311.44,340.752,344.416,329.342296872668,342.189286634796
328,"GUY","Guyana",1788.032,1799.024,1403.312,1245.76,1403.312,1417.968,1044.24,1308.048,1403.312,1183.472,1128.512,1106.528,1040.576,1044.24,1458.272,1564.528,1656.128,1806.352,1828.336,1835.664,1747.728,1740.4,1711.088,1868.64,1927.264,1615.824,1509.568,1780.704,1703.76,1905.28,1883.296,1956.576,1956.576,1901.616,1974.896,1963.904,2209.15837013997,2158.096,2319.312,2645.2063119266,3100.2690968204,2932.77771028,4396.63477549599,4378.93268565735,4510.33003280444
332,"HTI","Haiti",744.567612052474,758.341584910879,816.683281756374,885.320002187261,902.327092363604,928.421653440184,829.080329597153,897.548208723022,1006.32008784889,1021.83785321302,993.751526801251,974.189550599431,886.650954157839,683.106333918065,183.2,875.696,1018.592,1348.352,1234.768,1271.408,1634.144,1466.42038110801,1777.72590173748,1692.08444437477,1643.02349097714,1714.76611487735,1745.75277965592,1766.45944895738,1753.70884721377,1880.9647974489,2129.4352564517,2271.65902798791,2262.25439242583,2703.2151323503,2698.43314421529,2654.46514421529,2976.89714421529,3133.48171632294,3400.95371632294,3118.82571632294,3265.38571632294,3507.20971632294,2870.34067231934,2864.75067070711,2970.69346681849
336,"VAT","Holy See",NA,NA,NA,NA,NA,NA,NA,NA,NA,NA,NA,NA,NA,NA,NA,NA,NA,NA,NA,NA,NA,NA,NA,NA,NA,NA,NA,NA,NA,NA,NA,NA,NA,NA,NA,NA,NA,NA,NA,NA,NA,NA,NA,NA,NA
340,"HND","Honduras",2037.95702341374,1807.84312945421,1749.49275674528,1976.45154556682,1957.35732727511,1885.69862133147,1824.97746787839,2144.19100896871,2464.96747464528,2680.27352454895,2504.65768904894,2526.9658727963,2803.31170695113,2940.77738562752,3231.03897975695,3836.23541730878,3875.52066619881,4010.33446502781,4810.58222928033,4704.55681308327,5031.50828305915,5664.89531918115,5945.28150103815,6686.7783584625,7194.15938182086,6834.85655378062,7698.20799999999,8216.41793176785,8532.90799999999,8030.4080852221,8106.538,8856.64999999998,9108.358,9328.258,9503.22199999998,10897.808,9938.74729411765,10197.9244349738,9876.19011764705,10962.542658768,9976.78305882355,11059.7468235294,11742.0192817729,12404.3536931155,12854.8422135342
344,"HKG","Hong Kong",16600.215793237,18616.6561590934,19622.7667889156,20912.1062188319,22224.7874418687,22881.4053358754,25525.9180143946,28085.6447427713,29284.7812160254,30141.1788523442,27147.6901746698,28463.07157592,32922.138677938,34777.8440483909,31079.2928606485,31270.6123986997,28908.528026242,30496.9811170951,38924.9835875197,42549.0155742913,39765.4458823531,37288.528,39003.28,42733.1870029645,41157.7523204506,43334.0911943747,41914.8084036603,43572.4376704491,42794.2483357955,41583.0638495963,40062.9032958425,43149.716158483,42738.3977336667,44310.4956725936,45491.7538256946,42403.5198229102,43365.8454898501,42431.1715026933,42597.0243295042,41896.5918728061,33512.9957758495,33636.9978989055,30763.7999665519,32957.0558753178,33323.91790643
348,"HUN","Hungary",86696.8639493778,86437.2435546007,86683.8265923656,88945.7401848031,90664.7887664515,85936.2319358873,83197.7621421337,84114.8768671194,78030.7133853098,75909.4031892126,73427.3309610096,69824.8970470614,62280.7527985185,62991.3529851284,61880.367761498,61464.1265706176,63083.0621753032,61675.9561760706,61255.4052481561,61575.154606683,58244.4083160003,59827.7544696239,58841.9788995326,61611.2468437122,59984.9236612041,60142.080939809,59528.5627665573,58448.5849054646,57184.4290942954,51457.5266632994,51992.71824157,50156.0099760928,46720.1804262312,43486.5285617503,43638.8762704581,46566.9115654378,47039.119508738,49423.5218522795,49366.2314480163,49158.9520521702,47105.3194720946,48326.2810453043,45267.3406461958,40343.8657121624,40017.2913417023
352,"ISL","Iceland",1861.8461526434,1747.99968494711,1593.84921725082,1542.52989194718,1809.74614763129,1622.63511921125,1780.22534160218,1845.06069516757,1841.11878819503,1896.45694590508,2221.97868530532,2103.06577633385,2249.32170605318,2400.13984197426,2349.27860920029,2468.94801574869,2523.0038094674,2618.38167958649,2638.28118684627,2840.94390367313,2932.74145222469,2864.99239991691,2991.99495395442,2985.43662709822,3107.1695957861,2976.3600117734,3154.38183117455,3494.3198052417,3811.48848263662,3730.44913050863,3626.63674615494,3503.4789192678,3499.15325688849,3488.79683055532,3445.28104581111,3541.01398606925,3493.66250303943,3610.94918334142,3665.35511543271,3552.6396651857,3338.90555953092,3490.63492961516,3597.68489503534,3508.23490075721,3803.01090444587
356,"IND","India",291714.405043046,314969.274484716,325383.049303529,352204.873618309,361568.774963029,397601.108534836,426318.046207101,455354.711298206,491700.111877455,540661.890960647,577986.557666816,615388.194521766,655423.514171213,677262.110000333,714042.789396152,760480.193789655,823602.170794152,857975.749042497,875783.400971384,961193.829094008,987065.06581007,1001198.41498463,1032750.33580646,1068397.96201846,1134610.95637848,1195393.25653717,1293321.54996416,1393485.28718008,1490366.49638751,1613327.67881497,1678529.56021959,1765694.86977888,1926986.33180565,1995337.19573333,2148052.10835602,2231817.47599687,2352540.09694833,2425721.87688797,2595226.94154266,2611174.55181139,2422731.96473038,2675778.03791972,2831131.69165117,3062756.42802299,3193478.0150671
360,"IDN","Indonesia",94853.8554164832,100272.302687631,105554.589142926,105149.097590765,112419.731156869,121548.002738073,122108.906206354,123812.71309189,132649.247378061,131586.065768265,154990.687890793,174754.219537417,199298.025542254,214962.849506026,219199.947208633,222225.299365815,252855.738262133,279695.604000944,244315.318599819,291770.673293223,281054.434042564,316759.363979096,308201.312910104,339023.908832957,342708.621233904,347361.265287729,346365.765411047,387577.249828184,365384.039153303,398624.429223693,445370.089009961,500457.676088899,515769.579772491,493435.155707991,498028.802039037,551160.023066013,547968.882050917,570928.204913421,607378.385978062,665049.344499384,623304.044422364,632946.01725515,758020.489687673,762357.538068732,812220.231845511
364,"IRN","Iran",120695.338668548,113273.213939117,138132.328650632,150028.202302339,150400.526704349,160485.792667404,148304.88073922,159340.087787481,175958.324499084,191114.478233183,211074.598053051,223042.00354637,228193.818410184,236992.517484816,264821.932088225,270875.344574672,276620.340172847,269262.883317535,305641.632234919,374452.270965774,367213.345717881,389912.38396632,397031.435041506,410966.720504543,442119.382978616,466795.316884012,501014.984096716,507771.094495132,528528.172540859,543405.935388174,561496.119597746,576365.721069643,599278.329605067,609996.516311891,644227.615115469,641958.727535687,644680.559751095,696407.493442145,664523.248673836,727268.550641338,745595.773009683,779525.290633746,767178.543541886,789675.838867476,792631.152018994
368,"IRQ","Iraq",45472.9921385005,32041.8272609504,30537.9614028655,38652.0298610025,40071.0399455793,44529.8132143532,47596.2664831271,52683.6315150093,67698.4938200603,72973.6805335177,49683.3122703321,45505.2683873536,59019.9938558165,63263.0995566913,76572.6219535663,79841.2625381971,74822.966899453,76296.3482901623,80983.922235066,82416.2364528527,83721.6550824478,96802.0054729677,97090.492467338,101424.336506553,113015.836552053,114281.870403523,98838.1182774829,61361.41877651,94335.405952629,105211.454770595,113983.426745935,123525.606109181,134039.548907642,141704.38704351,137512.706108505,142529.997716745,153132.136355516,167472.349118517,186156.443232978,191777.618767154,172098.037416449,193115.158436911,217643.908563533,227909.69366699,233635.504954031
372,"IRL","Ireland",26275.0821369675,26061.5090708909,25566.2667044406,25725.0174572238,25549.4499008479,26746.1400040626,28550.3020621938,30226.3355686284,29883.6373957837,30061.0989762398,32945.3000779383,33675.1647711841,33496.1327523286,33717.1490944623,34838.9942268965,35853.3602555567,37469.4647873428,38804.9359310117,40708.4411060998,42440.3148539756,45249.517236857,47607.7118050913,46081.3876055979,45683.9647234663,46166.7369237517,48152.9913458698,47597.3865508503,47658.1932924627,47361.0751484787,42177.0691867881,41790.9029471732,38054.3886222304,38223.9179917817,37278.7055640932,36849.8755457575,38715.3963089997,40369.0217073241,39040.4468820213,38922.364918786,37199.8359846663,35052.5667534604,37473.6828836735,36675.6701767322,33567.9398446799,33310.6229264086
833,"IMN","Isle of Man",NA,NA,NA,NA,NA,NA,NA,NA,NA,NA,NA,NA,NA,NA,NA,NA,NA,NA,NA,NA,NA,NA,NA,NA,NA,NA,NA,NA,NA,NA,NA,NA,NA,NA,NA,NA,NA,NA,NA,NA,NA,NA,NA,NA,NA
376,"ISR","Israel",20984.6178878799,21017.6064672224,23854.86107516,23709.0245556723,23498.4786880251,24613.0130846425,26348.2554312069,27068.9160445469,29702.6030631036,31394.2516049458,35824.3597855178,36148.4577843303,42082.4980644685,44234.508126564,47474.5817137057,49865.5274919166,51935.7519999998,54865.7049381905,56009.7676147115,54756.0498318121,59519.3804000001,63023.5693317215,59304.902172303,62414.6778000001,58679.2337514794,56527.6700901,62148.9634285307,62799.7925547185,67980.2759766,63860.9464333,68286.9013531001,68594.7373134001,74781.1855769914,63095.307750195,60278.8178186118,62935.6243395313,61164.3517053802,58849.096988511,59985.9307067424,58950.1506665766,59285.3715673355,58950.0834256272,62267.3050772395,55381.9968390325,52637.135636388
380,"ITA","Italy",386436.669798943,375307.261494043,366882.892037643,358409.081458868,364604.722324846,368986.05544928,363187.620948305,380098.755564681,385962.26108045,404741.934399469,438208.034148926,437741.829516485,437936.510810995,430267.771203639,424506.707291403,448595.814957147,442842.922063757,448570.95934125,460824.366107251,465507.838582551,469598.274974361,469679.257047121,477136.321446487,495093.783909568,500687.237105974,501365.466803848,496074.61148513,489793.651364142,478131.962674289,424032.055085241,435672.039808393,423897.11609382,403443.516148583,369460.540687771,349388.934752507,361243.715695967,358133.137683077,352666.234577712,349048.343167792,339637.943079745,302600.099483555,335930.414832322,340114.717123968,312290.653736576,301929.74168701
388,"JAM","Jamaica",8445.35460105152,7408.47324226447,6214.02855808163,6444.90622592009,5140.6031036892,5041.74495004345,4547.17572170514,5379.03517337599,4525.48434095234,6724.09085347646,7527.1647864674,7750.99088985299,7708.7310915737,8000.95770843989,8188.6095233497,9173.40633001692,9687.62203008911,10068.1870895834,9694.03492992615,9958.1881756938,10313.9896067994,10576.4404080084,10202.5796999757,10667.0595795698,10574.2231960328,10412.8748048576,11573.642,10749.231,10775.971,7937.45200000001,7677.29499999999,8226.293,7887.18099999998,8466.72794352213,7675.46972980534,7966.21893433818,8134.11961451519,7768.2336641443,8060.65034261712,9439.48329422473,6865.8342592589,7312.53533278808,7907.61058711813,8068.91544649878,8401.76253379625
392,"JPN","Japan",948551.666801459,930377.37802143,900724.451466575,884423.8267533,940541.820941604,915276.154370578,914048.884400433,902207.432438006,984698.473256784,1021297.82866451,1154853.3025716,1166552.46727457,1175454.33596785,1169328.00620469,1223158.36712583,1235873.14273356,1248690.0188279,1240980.34477256,1201334.39919363,1238120.96732811,1260202.99737691,1245935.21691887,1275420.28932778,1283844.94810476,1279121.52923824,1286412.26884858,1263440.42773174,1298973.47222858,1228686.79339241,1160252.83040288,1211090.33570714,1261180.56788063,1302112.52530785,1311875.6021001,1260272.36927369,1219982.4797194,1199933.03821724,1184391.7218625,1138549.76444398,1102063.01471688,1037284.62191196,1058501.87601102,1029644.93549767,986910.125830141,961867.294927023
832,"JEY","Jersey",NA,NA,NA,NA,NA,NA,NA,NA,NA,NA,NA,NA,NA,NA,NA,NA,NA,NA,NA,NA,NA,NA,NA,NA,NA,NA,NA,NA,NA,NA,NA,NA,NA,NA,NA,NA,NA,NA,NA,NA,NA,NA,NA,NA,NA
400,"JOR","Jordan",4714.84797416205,5849.31173687177,6278.89432787054,7342.43124041191,8321.46756658047,8505.93098521832,9247.44465366758,9619.47687991294,9276.38033346965,9192.35286172702,10590.4028332005,9991.09568427103,12188.863513184,12008.471856456,13521.4985151325,13451.2442211059,14073.5793977592,14308.1296204906,14447.4165809125,14467.3260851678,15400.8904909171,15857.9361313287,16707.08903791,17273.3475654341,19003.283366304,20790.3531370672,20829.4940382587,21700.1358938998,20987.2954612974,21545.0069173983,20838.3434698566,21409.4207061103,24069.0976890452,24060.994791124,26164.846206267,25799.389886533,24949.4591924155,26079.9306093829,25419.1658654597,24569.7846666188,20621.5550876153,21190.1264247915,22427.6825348492,23119.2636065638,23219.1379526234
398,"KAZ","Kazakhstan",230263.42343456,225577.99192524,229742.232332292,232791.622067741,234663.028603628,253150.010933212,258133.620819835,256684.917375676,273732.875700317,264606.132862169,267405.356095014,260420.507333444,233523.398170076,207558.709316057,174671.111726233,168467.98492597,154715.703118936,147293.125789479,145621.867451582,118761.628084001,142196.982572342,138036.494880307,156768.223566243,175021.966184009,185475.843723189,198448.553627199,219633.14904427,225712.399488134,226102.393781636,223189.226229787,248092.768710152,238156.970700961,245262.90167425,253532.732545115,299137.339381814,303052.270075782,301738.821392322,317720.427049367,329572.125096059,296039.622271619,281789.179327341,244903.722797127,274345.569450641,286174.932654006,287005.955502862
404,"KEN","Kenya",6176.56351139684,6504.8827740867,4671.81209130146,4638.10529134683,4298.1163766412,3752.74005050146,4136.12285937042,5146.06192512828,4761.76078579495,5164.35708727561,5788.84164,4804.75633600002,5504.70872799999,6311.64716206995,6522.693928,7515.3002332974,9283.09375999999,8226.74193976724,9998.5019207064,10020.53344,10384.89456,9223.59959999998,7819.11292975792,6716.15087999999,7621.34248799999,8454.1662690187,9566.835956,9734.02302317017,10098.608864,12184.812052,11856.81948928,12217.6445176,11245.819317881,12162.92996976,13214.4056016077,15212.2078407609,16288.6977573816,16181.10289488,17002.8573554211,18158.88166144,19989.5730951038,20589.81693968,20544.3665770905,21185.7234065663,21225.4332986405
296,"KIR","Kiribati",29.312,29.312,25.648,21.984,21.984,21.984,18.32,21.984,21.984,21.984,21.984,21.984,25.648,29.312,29.312,29.312,32.976,29.312,29.312,29.312,36.64,32.976,40.304,40.304,43.968,47.632,51.296,51.296,47.632,47.632,58.624,54.96,54.96,54.96,54.96,58.624,54.96,69.616,69.616,69.616,69.616,69.616,69.616,69.2871550413019,72.4564814386704
689,"XKX","Kosovo",NA,NA,NA,NA,NA,NA,NA,NA,NA,NA,NA,NA,NA,NA,NA,NA,NA,NA,NA,NA,4807.168,6093.232,6060.256,6437.648,6616.50501881756,6435.25640700792,6488.50379519824,6801.63665820587,7358.43208273684,8109.15506641029,8354.61707315696,8294.39413751421,7847.67992560457,7965.70248269259,7129.10749085402,8290.58925389088,8793.50330720429,8022.66155225077,8044.65493888207,8385.85919264666,8451.52588768617,8815.83064764816,8569.35626639864,8220.21266478939,8049.93982189705
414,"KWT","Kuwait",24643.5031887165,25178.4844616789,21135.6104340884,21578.7915594394,28329.7223934054,29119.9112246866,35276.8642713366,31428.6930955454,32873.398378915,35836.539611148,37863.4007810682,15054.6072155921,29683.2016745751,49162.7548891727,57264.6094847832,56262.8698084801,51768.1953033161,56764.857424191,52910.3925514383,55085.2104785027,54979.8813077668,59119.3571676972,60113.543371148,62490.8037837155,65855.1908533216,74615.2728964226,76221.9010125817,77294.9498767187,84442.3751400955,88832.0919811862,89721.0010750053,87150.8678289495,101200.57537295,83046.6818258148,74993.7374724312,93317.4743152787,104018.831217839,100010.357758719,102453.009707227,104654.213567335,90102.6091671445,87868.8542405304,115848.885663398,123168.716508901,129518.653224003
417,"KGZ","Kyrgyzstan",19847.2886767756,19458.4029575186,19817.0971407495,20087.7309129555,20253.1467283739,21836.8371996362,21823.765242675,21217.6055837746,21351.7156392543,20729.7238852281,19204.0336020041,15897.4668866652,11041.681,8468.16600000002,6144.47912783753,4506.94999999999,5651.918,5560.68099999999,5900.99899999999,4642.43899999999,4575.258,3856.74044106465,4917.24700000001,5375.527,5808.16000000001,5519.072,5457.268,6522.285,7480.88723181375,6709.287,6355.65600000001,7620.17200000001,10086.689,9733.81299999998,10236.388,10264.781,9621.676,9364.11851572327,11174.9092598347,9046.66070895907,8348.4911984186,10338.2919044772,11512.8941106533,11144.4268940376,11770.1577838752
418,"LAO","Laos",186.864,150.224,157.552,179.536,183.2,205.184,208.848,212.512,212.512,230.832,512.96,545.936,592.749786211544,607.424588810518,630.600444528533,670.879830487851,753.378345430786,792.409183291423,820.068126706672,845.680269326271,960.399873737754,1059.16899910242,1165.76832469676,1220.96366101054,1282.48388912073,1337.0121645682,1757.33525952902,1835.72386817969,2131.34101985851,2667.45594723295,3000.84909720131,3096.82384777347,3328.36620925366,4198.31127818819,4383.01676799226,9184.79265243433,16406.5264520861,19624.9334086113,20481.4992486882,18339.8690848267,18293.5592605035,21836.6382691237,22548.7819965019,24157.0681586282,24399.9260812875
428,"LVA","Latvia",23394.949379914,22964.6253112659,23396.5108967742,23736.7390641658,23951.8087879533,25819.0726923901,23608.8213211934,19294.1305177117,18865.4421902228,17943.0967994469,19661.6028164177,17919.585955799,14193.5329347502,11921.6742168745,10370.181333034,9133.9414276046,9211.65947125184,8679.91594317422,8306.02260471251,7717.85985941944,7081.62954558602,7496.50631154416,7520.418336984,7726.04043966634,7731.1977953675,7810.7636827347,8310.11479672977,8637.23308926798,8198.05758768581,7456.19554759227,8554.5206794727,7808.42992783243,7519.71789136893,7368.74561303865,7172.20004446112,7262.42145434471,7210.68163499006,7215.32010867322,7843.18944464654,7633.45236888336,6999.26759692702,7218.34891418818,6607.99744952368,6589.88297193903,6461.88865648497
422,"LBN","Lebanon",5889.75836122559,5844.2455200883,5719.42211113038,6942.19998666992,6713.18263192972,7764.93435330758,7478.44838773368,7670.36385299066,7345.65531824763,7720.77078350461,7868.19527344863,8115.15245508649,9726.91339454055,10354.9053945406,11110.8254907489,12254.740699905,12752.779642925,15098.6932760684,16286.4949454891,16429.6723420703,15466.264,16406.605805502,16243.7439620133,18529.0278474496,17208.4149991116,16650.190895077,14792.3755594805,13746.0865415093,17417.7749336433,20957.5548091335,19996.5952236107,20264.128,22332.0316338922,22163.7430584274,23992.0278922998,25731.2345828669,26437.8704441777,27820.7204392799,25812.1020449323,25141.0705031727,23693.9505155205,19474.3797940442,15360.7046103037,15558.8046922754,15649.9734841661
426,"LSO","Lesotho",NA,NA,NA,NA,NA,NA,NA,NA,NA,NA,1472.928,1527.888,1586.512,1630.48,1674.448,1707.424,1736.736,1769.712,1802.688,1824.672,1850.32,1872.304,1905.28,1930.928,1978.56,2011.536,2033.52,2073.824,2121.456,2216.72,2275.344,2758.992,2791.968,2125.12,2242.368,2044.512,2026.192,2286.336,2165.424,2187.408,1985.888,3096.08,2551.34407332213,2493.63328273285,2571.76660818262
430,"LBR","Liberia",2037.55798229183,1934.94329995911,597.407730505268,706.517930234197,695.432474924096,716.084273885054,722.878531950726,758.462389248427,809.183590242227,659.59382105945,456.131856422514,374.547809503182,391.658254568725,417.301271124722,415.256107880269,416.069065147945,427.461851486321,446.187170180111,473.047442380866,376.137819613791,402.43318477306,413.753789775909,432.026955824663,460.659211831339,542.807581034274,650.571958254433,669.069728992174,628.785082423587,530.795700631154,521.982783014118,709.26828574456,822.403501402471,915.014946980844,874.264888110805,733.526444678746,698.691068107072,646.649820907043,667.363514350653,608.631686892692,931.662110253595,776.749101648673,782.556772552982,863.766413231615,834.00140277151,859.369474666016
434,"LBY","Libya",26780.5563807645,28667.9626235178,30565.1023331236,30146.0168857517,28276.211144383,31002.1774776868,33895.4930777003,32348.2629181552,36160.3635937777,37068.5214826665,36513.7816216088,42619.8462569229,37024.420188509,38708.3281876437,51359.9441763399,54595.6506055383,53951.9414517626,51778.9559498549,51652.6402968936,50259.916954758,53238.5421432561,53113.6097634244,52524.9965359517,55480.6210266399,56853.8055365598,55985.4986938011,51450.0144389333,44391.8837412087,49699.2408540536,51626.7520661628,59147.9206122704,53542.2111351775,61606.4921612796,51343.9150827072,68348.4028910325,60866.1792149608,57378.8782302386,67092.2456697925,62644.525453472,73778.31055853,36110.6265592972,56312.4664087079,58974.003737548,64219.0823575618,65260.0719632872
438,"LIE","Liechtenstein",157.814947352257,148.208631839731,103.785323825779,130.692212975782,136.430925802723,170.210747580058,195.123534418347,135.103270253119,179.000609980228,187.125359897047,198.970855799094,206.329151456906,206.950491057098,215.03442023538,201.111090326121,204.201614218201,205.96036739446,218.372535037588,229.234510134359,226.562182014202,216.856612325309,214.667761830824,220.01509153477,229.349079731182,229.383224356295,228.962048344709,231.089427568604,200.734435573988,219.469782933581,205.338362105615,190.783420953814,176.727197201762,185.262687528594,192.493419735324,161.186426325099,159.667604967631,149.65339610839,155.47613467497,142.573209505081,148.655134517824,141.604521432668,145.594572233056,128.335898931953,131.221122407386,131.624253741473
440,"LTU","Lithuania",36613.7194433542,35991.4045369355,36680.8224890027,37242.8291296009,37600.5172231712,40510.9328815719,36062.5836281377,36071.3703124074,36467.4455317361,36816.6810320273,35737.6729797811,37820.3768786101,21168.4411297142,16319.7130605194,15767.0422501044,15057.3427812654,15739.9629657274,15162.8463881989,15997.0526200877,13449.5957272832,11843.0346900038,12593.7367044692,12666.0290652584,12659.430765768,13254.1434194364,13862.545313812,14195.2648073866,15473.5035853116,14918.7910519213,12829.1254908526,13801.892302283,13959.6489729537,14054.1367307114,13148.174494361,12845.8033698434,13045.2200853471,13101.5183706442,13277.3983994406,13414.424171637,13647.3402757992,13499.6035491161,13778.0950481182,12895.0643132203,12507.401989381,12541.5091656824
442,"LUX","Luxembourg",11077.1736324625,9489.62245403353,8931.50450851497,8371.28014365633,9007.82114278533,9240.50638087953,9114.82089450921,8812.3669206967,9103.27865305053,9849.94130421243,11809.1665262373,12420.4107009122,12189.4323030362,12338.2935778038,11523.991086121,9134.48320673585,9185.69333185035,8547.97788522433,7656.82706982771,8119.31415526248,8702.31924539956,9205.36537320604,9978.49052890267,10450.9385167035,11815.9943153949,12075.892166836,11905.6231285563,11302.2031472924,11166.7630786204,10619.7868087563,11190.5073425079,11089.5093754436,10857.9710909587,10323.4076558906,9806.8543140898,9333.97732666525,9077.20472496597,9251.00614133869,9556.16237359952,9749.96933790601,8069.08283930134,8409.5053069871,7274.37897359002,6840.73349202647,7039.7834659564
446,"MAC","Macao",527.616,534.944,483.648,681.504,604.56,732.8,875.696,970.96,963.632,1029.584,901.344,967.296,978.288,1102.864,1179.808,1124.848,1300.72,1366.672,1443.616,1425.296,1527.888,1560.864,1388.656,1421.632,1582.848,1681.776,1454.608,1363.008,1128.512,1894.288,1234.768,1293.392,1132.176,989.28,1293.392,1773.376,1780.704,1927.264,1242.096,1212.784,1033.248,1029.584,1048.775321184,1042.86548494566,1056.32799359833
450,"MDG","Madagascar",1613.93971713078,1024.5397083163,1013.33667811258,650.3910197309,866.371852238225,1053.03056687887,1137.09728151951,1282.41758327585,1285.79496850604,925.800765610277,944.29566092553,1024.86628509549,1002.84490926545,1028.45553343541,1152.21941308712,1192.44052118355,1249.00276435988,1535.18201806915,1619.05330087762,1766.35438014896,1955.16997145274,1746.68414394202,1232.14475323592,1699.38569465071,1804.37647923596,1741.21828060485,1674.71076268679,1727.69126370463,1787.28561809558,1699.0513467884,1871.71441276569,2329.85259605549,2660.19964326023,3060.91988839855,2971.0039549214,3121.2279549214,3256.7959549214,3803.78660656185,3604.45409426521,4146.5151639371,3788.07595492139,4246.07595492139,4209.63976674298,4446.77099296517,4528.38064073115
454,"MWI","Malawi",710.075751604272,603.850569939826,593.091428390705,574.535211954497,556.183240493697,556.310676564707,552.455297572099,545.095326111299,541.486619185453,563.351383189704,736.905587948202,787.354835541587,787.088878362487,878.57648629056,901.75,903.089999999998,919.529999999999,918.222,901.754000000001,893.263999999998,853.982,777.288220539777,856.235421002717,914.835185288776,901.678168555402,845.318861809003,851.328463197827,919.179360928161,998.705378277153,1017.60504844089,972.162288727073,1033.84366134606,1040.75108594943,1120.22947298709,1015.11128694282,1049.90907213384,1172.44029428779,1193.03307238865,1690.0485724842,1695.35390054789,1868.04985955443,1682.49478803485,1801.38779932175,1852.56845683965,1881.47917092738
458,"MYS","Malaysia",28032.5970970198,30877.6610272833,30641.9403976822,38048.3068860084,34794.4325015887,36329.7708120634,40101.8851283107,40877.6839517598,42869.204153332,50083.8695694918,54269.364,65785.134,72961.0159999999,86612.3810249959,87497.4269599999,109595.206744,110108.477728,118471.346438358,109781.681964,103986.549732,122881.387684,130890.038309833,132035.23126,153384.336684,169674.385529507,169978.323004,170166.447216,175454.457019209,192847.062296396,192122.742776,199346.409145179,203452.77212186,212993.639659721,241671.083984907,245053.377248798,235941.756708405,237293.891379632,244457.09178917,262647.072458308,277672.874394487,262158.823311216,273332.161790507,281883.808410906,276296.742493934,290223.857919118
462,"MDV","Maldives",43.968,47.632,47.632,51.296,58.624,65.952,80.608,80.608,95.264,124.576,168.544,153.888,230.832,194.192,197.856,249.152,289.456,329.76,300.448,421.36,450.672,461.664,589.904,509.296,663.184,600.896,743.792,780.432,839.056,883.024,930.656,985.616,1110.192,1095.536,1319.04,1282.4,1432.624,1513.232,1736.736,1993.216,1678.112,1996.88,2215.800423936,2205.33365194547,2306.20981223738
466,"MLI","Mali",391.342996205391,394.883824989777,365.131538365552,416.621482558548,434.818311342934,405.38314012732,379.611968911705,357.504797696091,383.029626480477,415.882455264863,422.242553641845,425.89409503183,462.521636421815,502.813177811801,548.392539401341,595.200369384656,646.081481189057,723.001015057621,930.656,970.96,1066.224,1161.488,1209.12,1245.76,1414.304,1458.272,1535.216,1784.368,1956.576,1886.96,2088.48,2279.008,2436.56,2743.39434416884,3139.31340165415,3399.10343596462,4286.1650291492,4766.55074545852,5198.32503280931,5594.03703280931,6330.05554921398,7393.17015577583,7019.71458776876,6743.01613345257,6978.84021594703
470,"MLT","Malta",1022.256,1143.168,1311.712,996.608,1363.008,1198.128,1483.92,1853.984,2011.536,2169.088,2427.41049927379,2271.85804006107,2293.61099824265,2885.60428648902,2658.36383857488,2452.14715746869,2533.96641231529,2556.266095154,2524.94964096634,2572.87645170857,2468.16981822635,2736.57777932331,2747.25035039619,2960.86488866776,2849.10245411343,2649.81034228606,2655.35110929147,2727.79987365168,2721.28734202005,2560.86384721917,2619.25850001551,2608.19554567908,2749.05948622776,2429.64716147894,2417.32037828677,1697.46811937537,1375.87899852927,1537.20564179248,1547.70265514646,1649.19646418463,1600.88910851877,1611.40857053531,1774.24514451329,1768.00216589531,1728.76646210519
584,"MHL","Marshall Islands",NA,NA,NA,NA,NA,NA,NA,NA,NA,NA,NA,NA,76.944,80.608,84.272,87.936,91.6,91.6,91.6,91.6,98.928,102.592,109.92,109.92,113.584,113.584,120.912,128.24,128.24,131.904,135.568,135.568,135.568,139.232,139.232,142.896,142.896,146.56,146.56,146.56,146.56,146.56,148.42357452,147.722466380595,154.479573262892
478,"MRT","Mauritania",630.208,633.709155555557,883.024,937.984,872.032,655.856,373.728,3242.64,3184.016,2802.96,853.517583673469,868.368,905.008,926.799157894738,959.408883116885,1014.928,1062.56,1077.216,1073.552,1095.536,1113.856,1172.48,1249.424,1286.064,1384.992,1433.674168,1550.077548,1757.602164,1830.771768,2012.298328,2093.51984,2226.5773310582,2447.5708221164,2168.8553807076,2562.74554365904,3002.48623883284,2623.86101527114,3581.13665625166,4444.432,4613.27999999998,4781.52,4499.6854491018,5267.432316276,5036.89798866388,5238.67898869145
480,"MUS","Mauritius",589.904,542.272,501.968,597.232,626.544,707.152,798.752,930.656,853.712,1051.568,1461.936,1520.56,1707.424,1773.376,1623.152,1828.336,1949.248,1996.88,2169.088,2425.568,2689.376,2861.584,2883.568,3059.44,3088.752,3293.936,3627.36,3685.984,3766.592,3707.968,3913.152,3916.816,3964.448,4067.04,4206.272,4209.936,4341.84,4539.696,4455.424,4525.04,3799.568,3968.112,4316.74128703072,4587.621200112,4673.61619859326
484,"MEX","Mexico",267644.670850207,283586.707401458,303763.702660934,277430.425338384,276491.046233608,287181.095485454,293219.40111217,305790.149960869,305418.28378923,323215.965985971,316745.774884584,329831.041031122,332453.395071535,337721.9283424,351533.910992,330905.2966472,341543.73596,362465.8843776,381101.784054114,386036.355370401,391435.268307201,407484.6824112,410301.049261582,435968.674842402,438588.437416908,463435.527184449,474522.559419265,473595.259735433,472981.287527617,460290.147929841,456408.96791024,483301.611390292,501492.27770869,495411.566655414,484044.532627652,479433.705711198,478827.739643367,464406.622897452,468420.605700214,468235.850357654,428936.833430329,446837.562468561,453799.109083572,458253.860263977,460987.633938945
583,"FSM","Micronesia",NA,NA,NA,NA,NA,NA,NA,NA,NA,NA,NA,NA,135.568,142.896,153.888,175.872,183.2,194.192,205.184,190.528,179.536,164.88,150.224,161.216,142.896,113.584,113.584,128.24,113.584,146.56,102.592,117.248,128.24,135.568,139.232,142.896,142.896,142.896,142.896,142.896,142.896,142.896,144.72069948,144.037082603948,150.625613015169
498,"MDA","Moldova",36366.2878590258,35704.1386392486,36359.7133059373,36892.3796584159,37226.0181218872,40105.3690074183,39112.2712788096,37497.818409794,39037.330013014,38141.1600400289,36505.4535665577,29617.8700389866,20978.1107050889,15845.8125,12426.9641,11405.4058,11687.09,7301.3433,6443.83789320844,4684.53826851551,3572.952,3786.5887,4051.73569999998,4404.2676,4613.4245,4937.54844943224,5029.74729999999,4978.55360000001,5190.38000000001,4539.51189999999,4830.90530000001,4944.97440000001,4765.68149999999,4899.3584,4755.15219999998,4785.08410000001,4907.33308455773,5090.4040100729,5351.23986853079,5378.35259932058,5113.13439630512,5760.04342522807,5173.47927125656,5329.30284474444,5326.84336087586
492,"MCO","Monaco",NA,NA,NA,NA,NA,NA,NA,NA,NA,NA,NA,NA,NA,NA,NA,NA,NA,NA,NA,NA,NA,NA,NA,NA,NA,NA,NA,NA,NA,NA,NA,NA,NA,NA,NA,NA,NA,NA,NA,NA,NA,NA,NA,NA,NA
496,"MNG","Mongolia",6855.1663895653,6614.66776892316,6712.30700764959,6969.06513920835,6424.71184292128,8997.95241310632,9595.1420198309,10482.5159131519,11492.8760463861,10459.0125108882,9791.05799999999,11959.794,10942.6128251421,9193.0240318218,7864.77199999999,7837.062,7935.41363870969,7615.10333846154,7621.516,7487.59199999999,7431.86434088668,7803.95823849767,8196.56800000001,7934.59600000002,8501.1,8515.10599999999,9281.17600000001,11957.832,11917.7909381729,13030.046,13772.3531837823,21367.8358642906,34996.2048147463,43478.0429137215,29629.7856839169,23278.6363868356,25629.1154774249,34138.9866004656,45319.3098959198,47118.9888759123,42477.5014034746,35971.7002773723,40443.1668730723,44183.6610230688,44693.8901396463
499,"MNE","Montenegro",1838.30114185961,2000.56690731582,1837.92480069504,1979.11546093545,2087.18809869388,2129.08741501578,2223.48632379491,2170.7985607554,2239.98261150847,2233.14574701882,2209.1226360139,1562.94485645072,1671.26838831886,1457.57722809787,1416.06008839779,1495.70244461984,1749.55397526966,1881.16059458037,1980.06907445409,1365.45259458037,1515.51127598001,1627.0377100763,1740.46362115233,1863.25124019995,2034.06849144962,1934.17701657459,2062.832,2055.504,2605.104,1681.776,2421.904,2407.248,2213.056,2150.768,2106.8,2238.704,2015.2,2103.136,2403.584,2476.864,2403.584,2410.912,2495.184,2406.84949784535,2376.25810825948
504,"MAR","Morocco",15817.7373719769,15718.1172046196,16904.6305309481,17626.5177514694,17645.2333335024,17681.7773032536,18683.9498505453,19904.8843019915,20930.807991692,22660.6638944501,22297.997828281,23688.1635884026,24736.7837232449,26782.1555614635,28123.8007637304,28750.2698872252,29524.5234771621,29977.5774084491,30881.1558986965,31989.3327899585,33199.0361915567,36808.9293830136,37309.5165189017,36570.1250511769,42225.5560079352,44660.7686732792,46249.4159863473,48912.7150516557,51372.3250050499,50859.7327345334,54365.1999999999,54867.636277812,56953.5401141047,56606.4171430315,57174.916075127,58498.841189944,58457.4760000001,61103.7635894548,62314.9323461146,68743.4869999999,64541.8257658725,70275.3126931158,69779.4580977188,68961.1714557989,69062.3479557393
508,"MOZ","Mozambique",3198.48854404528,2479.03512420485,2523.93046038662,1954.48016861244,1510.86299730634,1134.94426114588,977.138563039021,976.747412423204,1006.19287944143,1034.53085088287,1025.37568688528,941.464380127317,1027.20645463273,1140.32553910212,1098.03415760537,1130.97278177533,1091.81421783585,1170.23677708923,1111.89537847439,1168.34300243859,1321.94456181305,1553.99419508914,1537.05657708511,1855.51708395211,1863.97284458693,1769.69811664249,1915.62194283673,2188.9429841145,2179.85178628039,2439.00617467564,2637.634761486,3106.62786875077,3051.74206664675,3578.6635473,8118.42635198591,6730.54924246109,8547.74937506738,6905.36159347974,7010.11640758114,7097.43541777573,6340.35254051313,7722.03918858514,9295.68593533976,9093.45583793612,8612.63048179402
104,"MMR","Myanmar",5508.78297326087,5622.97863936207,5579.51511195914,5753.76661831014,6548.54776318121,6675.51674732763,6756.34561463577,4943.39734444512,4086.65583886822,4425.2990035278,4235.71905125556,4137.41617334594,4841.91497173662,5303.02906804334,6173.9648928411,6892.62245380437,7187.98174926341,7419.63964763613,8046.16580737193,8933.6070259035,10219.3675256841,8855.70363892083,9328.0668172174,9997.11778113838,12565.4880885681,11547.7606805295,12817.1186916908,12844.7228986099,9772.0564675609,10210.8627834191,13125.1866937968,15122.0174068986,11825.6907589201,12714.8231912122,15849.3461332371,21879.8165553332,21144.0810530623,23633.4095085626,34016.8410560728,33616.9234562644,34587.7992692493,29284.831853014,31638.6637032619,31792.9706458457,31603.4383573226
516,"NAM","Namibia",NA,NA,NA,NA,NA,NA,NA,NA,NA,NA,NA,1044.24,1139.504,1374,1557.18279812206,1619.488,1718.416,1813.72379282869,1864.976,1740.4,1718.416,2231.376,1971.232,2092.144,2238.704,2531.824,2524.496,2326.64,2857.92,2660.064,2788.304,2785.54870773264,3194.064,3003.744,3099.1392985782,3393.65972815534,3582.204,3589.60914281641,3635.03683239172,3730.07669814362,3440.42140656561,3607.79947247682,3413.84808786509,3442.66389398621,3469.1124068999
520,"NRU","Nauru",124.576,124.576,124.576,124.576,124.576,124.576,161.216,157.552,157.552,157.552,124.576,124.576,120.912,113.584,109.92,106.256,102.592,102.592,98.928,91.6,87.936,80.608,76.944,65.952,62.288,62.288,43.968,40.304,40.304,40.304,43.968,40.304,40.304,47.632,51.296,54.96,51.296,54.96,54.96,51.296,54.96,54.96,58.983713658,58.7050924088373,61.3903751126858
524,"NPL","Nepal",541.295098188062,453.186138297339,442.360842906392,492.418254562192,701.423686093002,676.018261374009,697.01391508924,860.679853459394,975.970007168071,893.564335293215,721.435793440452,1026.3105182281,1232.92884815155,1397.3333916097,1619.43164710167,2308.91516904067,2352.77913766811,2641.11145524489,2223.32656131296,3191.08297630773,3037.43054479702,3236.07805156729,2596.38339234192,2810.38346413445,2582.40955359764,2986.77221828298,2456.46935390265,2570.34090113477,3355.31600214565,4126.12874810902,4827.96817682813,5216.76467717252,5470.25317944665,6217.83978570915,7587.67026477781,6904.65054990936,10088.0482093388,12421.580367623,14038.992336673,12750.4897066804,15630.8002624545,15486.2307142876,17608.9687964667,18347.8203816904,18776.0817522494
528,"NLD","Netherlands",176798.899253696,164269.155718109,133664.827709643,137450.460764877,144296.264522821,147241.489905172,144064.510440081,151528.586276903,145646.684848951,161747.762984937,163122.242393708,171540.561560459,171336.222401702,171275.857130861,172038.993517148,173568.559448922,182623.189976968,175550.544819416,176400.843300217,171087.881969917,172246.468724679,177558.494201416,176829.111956774,180259.600707815,182185.830553539,178224.339190814,173377.922394126,173139.138304807,176010.392836168,170542.617289448,182553.988961378,169442.081895384,165869.132216998,165038.958814751,157620.078368276,164086.338203465,164943.667053593,162434.981792056,158396.161714831,152866.320913439,137106.057608017,140024.906665352,127649.701970369,117162.650566606,114936.61371154
540,"NCL","New Caledonia",1998.60339775196,1390.32396990727,1261.78596678159,1151.19767274959,1202.1530977488,1450.95532204788,1400.82196734201,1454.48795115313,1501.23879774565,1639.4437350311,1576.35542592177,1758.70901941565,1575.4686798627,1831.82057983071,1974.7640007568,2066.71162355984,2183.91480183434,1817.46998010884,1810.016,2055.504,2224.03951493234,1876.64222735354,2392.23813529032,2725.55746490106,2514.91254301043,2806.10203483993,2710.30566599083,2926.78805351479,2847.95949930154,3035.8083764122,3657.62522658684,3694.42816256531,3705.5620772378,3970.12912570911,5009.06840092854,4876.90904130939,5481.73710006938,5583.76450772158,5913.00802141899,5672.86691080772,5109.17338259379,4536.78032647641,5115.5968290599,5068.00463609989,5286.63729305877
554,"NZL","New Zealand",17482.46402848,16560.9612330633,18270.2383055302,17998.0901079884,19336.6135892545,21857.9536853769,22945.9816191772,24165.2611909372,25445.7321000542,25453.20566257,25490.1099097402,26169.8592537051,28153.9661285624,27745.9607212092,27885.1745558565,27989.4474777977,29287.7852363006,31261.4250336535,29837.2865726257,31442.5780440367,32221.1277251427,34356.2825377607,34519.2081907834,36219.5612481566,35805.7576759823,37401.2496652897,37304.4288861331,36382.6607372185,37485.4512238183,34594.2202865895,34786.9194695381,34241.1431951333,35918.2474534874,35219.2099786289,35399.337219923,35805.0940247178,34134.955292784,35661.2622933369,35686.7953556473,36710.6141433776,34108.9585646605,34596.5148326564,31965.8664262721,31559.8140105519,32479.4298387362
558,"NIC","Nicaragua",2022.02229857885,2134.43251415469,2110.40268774445,1996.3459320904,1845.64917643635,1984.40842078229,2255.07166512824,2430.47090947419,2239.47015382013,1467.54751192781,2042.58024090097,1984.46140237306,2370.02541150861,2279.61315149107,2514.10213943978,2750.5043142122,2841.62245596782,3107.98684000543,3385.65483028901,3590.0621623353,3709.72615849808,3909.4715876937,3975.58874501336,4310.42621984389,4362.25596933028,4253.18760106486,4406.5826662677,4539.81623430139,4353.26109674434,4432.1306088264,4453.0625129034,4788.55439183081,4533.83631072019,4585.68236027698,4719.78800475352,5408.23303359658,5378.53406243963,5440.82206243963,5177.98149033202,5208.10900255322,4641.01811774899,5132.57419017616,5131.23640493294,5428.29866616425,5630.34635724389
562,"NER","Niger",566.274990273436,680.342072800728,742.202458831733,957.925146654489,986.809587130029,990.021813685297,894.382765781191,992.854908556658,983.00427922576,1033.95823160619,598.801678848397,566.288463648681,520.943083278423,602.074779360334,577.10753745248,558.041317350095,638.863043630458,647.858375397369,696.173207072497,681.637259769881,683.49928252559,646.166785267036,684.661246227653,743.70415261724,795.379887550975,691.31875117639,670.964466187971,705.881586575418,792.045573825334,952.182229104365,1159.98096436718,1313.02732110092,1851.81387525901,2078.36076097006,2256.25987483192,2198.77048776909,2141.51850863461,2242.50331616387,1803.4092416879,2513.36486463224,3040.03647090673,2588.20534240765,3200.73203832159,3133.39885646534,3169.95798855321
566,"NGA","Nigeria",67986.785952762,65750.9324954794,65309.0669683872,59622.0812818944,69337.9159578135,69561.3918576265,73107.375952589,58942.3384960664,70347.0659680188,42046.4087868543,38785.5990081206,41841.4528728365,46161.5130724113,44704.5725192228,80360.1840473427,84230.397969457,97767.4702165369,95648.949120015,86338.2140199399,84837.7041018315,96831.0415451998,100218.154968,89906.3126705877,100029.683978,94961.834694,101666.031029588,90097.1501579999,82170.0259479998,86488.8552789998,77031.379522,112049.795208,126115.482357781,110124.547740232,117400.793438004,123971.237537628,110524.586167357,116395.998523515,112540.363885158,106785.731956237,127859.299615945,124899.296035169,147776.628749712,131440.931756719,129376.091718472,135824.010603186
570,"NIU","Niue",3.664,3.664,3.664,3.664,3.664,3.664,3.664,3.664,3.664,3.664,7.328,7.328,7.328,7.328,7.328,3.664,3.664,3.664,7.328,7.328,7.328,7.328,7.328,3.664,3.664,3.664,3.664,3.664,7.328,3.664,3.664,3.664,3.664,7.328,7.328,7.328,7.328,7.328,7.328,7.328,7.328,7.328,7.328,7.2933847411897,7.62699804617585
408,"PRK","North Korea",114082.190094266,114398.607894159,116884.769132114,125163.144075757,134657.9670194,144288.357963043,156835.292906686,175625.985765425,199234.116049804,209252.469722357,118382.582783084,112818.814681772,97985.273592314,89585.2248270314,81584.0084808551,76085.4641142251,66291.5309895216,63678.848075205,58749.3004890752,64143.4738029715,69165.0498185886,71668.0177757444,68641.7309728952,70142.7518023637,71721.9638381119,75010.0975035577,76170.2078348619,63478.0502101833,70325.9665217436,67660.1488374732,65355.170181106,47866.7154291033,46754.6588799989,36144.3150320001,39824.5511927805,31277.7538642635,34236.420881677,69707.9155923504,62608.2831871562,69512.1875728436,65576.7477584593,53969.7855671213,56289.4864401803,62024.9987150925,62550.2724435649
807,"MKD","North Macedonia",9101.29100355612,9896.73795316551,9062.7595227705,9791.70368765751,10351.7295543621,10578.7506257451,11063.709927519,10792.8608321018,11157.8181363635,11130.1947652247,11098.2363633091,7788.77855089231,8394.224,7599.23228531204,7903.248,7925.232,9416.48,8445.52,9647.2423525904,8782.6945276873,8467.60269360271,8291.52354182755,7837.296,8533.32839800994,8229.344,8595.744,8650.704,9013.29544375,8936.496,8247.51256923731,8181.84782068967,8822.912,8456.512,7452.44229004738,7166.784,6719.776,6606.192,7090.02337978409,6653.824,7624.61272227315,6979.92,6518.256,7352.1712166476,7338.38485210489,6619.63610603712
578,"NOR","Norway",31777.0068193358,31804.671044434,30912.1024412476,31947.2582948575,33810.2494851413,32285.598690173,34785.3391535545,33207.003215005,35591.6568225843,34147.8521789425,35009,33466,34402,35948,37863,38468.9999999999,41540.0000000001,41644.0000000001,41837.9999999998,42609.0000000001,42130.9999999999,43518.9999999999,42571.0000000001,43919.0000000001,44256.9999999999,43278.9999999999,43859.0000000002,45604.9999999999,44692,43097.9999999999,45659,44775.0000000002,44257.9999999999,44539,44975.0000000001,45523.0000000001,44708.0000000001,44197,44471.9999999999,42866.0000000001,41275.0000000001,41058.0000000001,40832.9999999998,38869.0000000001,37182.9999999999
512,"OMN","Oman",6041.936,6012.624,5730.496,7525.856,8053.472,8645.55999526986,9856.97101494872,9443.77411956441,10563.6659893551,10041.1369128351,11285.0672270332,11658.4716662608,11956.0033177162,13291.3977783456,17465.9696345398,18816.3498776976,18197.2054953692,18144.5095436408,18543.086974645,22076.1251661411,23984.3557434831,22511.7392791908,26978.9795565087,34563.3653599698,29247.3710194113,31835.3398110676,40449.7142121324,45308.4110182055,47435.6226309149,44503.9063697505,51429.1521167368,57305.1327282213,63104.9112975367,65586.9839930445,66190.0410080426,67883.2243502495,66239.8155020367,66343.7208404386,70677.9318481646,72034.9036847464,71845.1517251727,75041.3978953767,77993.7865814639,79810.6399222358,82661.9694292484
586,"PAK","Pakistan",31931.5508224237,34232.8321878214,37189.6211567468,40022.1885109657,42557.3261070126,46813.5459592296,49058.6213560347,52988.7374311527,57607.3772188779,60316.6160060502,67827.368905428,67477.105324059,72014.9205535223,77175.721107972,84018.2960681123,83614.3588788479,93542.4653632563,93788.1585095967,96740.7348771978,99389.325149413,103939.721190523,105400.678762246,110566.242881935,113141.819911009,124636.83697179,129947.432923339,137911.595442513,148349.019805358,147901.415756283,148354.978354907,147503.984996479,149488.313510861,150555.063092613,148183.03665902,150809.507262427,144895.550325411,176740.985204668,211980.722036817,203499.671848886,190825.865544565,215509.558320879,243552.351425332,211969.713776707,186860.880494184,179800.385505653
585,"PLW","Palau",NA,NA,NA,NA,NA,NA,NA,NA,NA,NA,NA,NA,194.192,194.192,197.856,194.192,197.856,197.856,201.52,201.52,208.848,212.512,212.512,212.512,212.512,223.504,227.168,252.816,205.184,194.192,208.848,212.512,223.504,227.168,219.84,201.52,208.848,216.176,212.512,216.176,208.848,212.512,217.23533568,216.209181563282,226.099001199743
591,"PAN","Panama",3088.1996800663,3304.10768699638,3265.4763476516,3467.27749800201,2855.39750235436,2714.50206338867,2720.43631032823,3164.13914395,2904.73581450605,2502.44543376014,2617.69032264997,3088.69091143761,4097.87694893991,3749.1943427545,4135.69318949104,3608.3475965057,4396.61222809378,4572.3211519791,5835.10958237762,5551.97538094218,5635.843971831,6909.412,5710.00412090682,5928.724,5504.64400000001,6741.97999999999,7281.95800000002,7133.54399999999,6809.098,8051.36199999998,9059.71999999999,9899.39199999998,9540.32199999999,10273.632,10688.6209979494,10652.06,10333.79,9567.92822136818,9121.04651732474,12448.774,6557.34000000002,10144.616,11707.3497046658,13002.1212807847,12664.4278337916
598,"PNG","Papua New Guinea",1828.336,1930.928,1945.584,2007.872,2044.512,2125.12,2062.832,2333.968,2198.4,2033.52,2154.432,2172.752,2191.072,2194.736,2185.930936,2051.84,2197.386424,2611.13424,3536.205336,2548.49132,2937.89686,3335.970792,3666.106472,4053.44334,4687.09154400001,4983.82866799999,5050.94429999999,6581.09052799999,5544.582312,5264.62404800001,4714.716656,5298.42054009358,4372.44516400771,4531.95825368275,6124.88974498529,6316.25880483733,7024.07149958626,6550.1400948751,7595.90430688136,7582.73180195138,7910.78834371985,7873.08478903999,8436.02475300087,8357.75012875913,8345.4423945526
600,"PRY","Paraguay",1483.88276131647,1381.62936116868,1361.23721870389,1406.11325120221,1488.64571158499,1547.19918321021,1652.09952714573,1872.59148217591,2138.50071221838,2217.88916844398,2129.77562901903,2097.8504529355,2570.86778963341,2905.45229040557,3393.40699702088,3925.14875756472,3706.34495099768,4091.60324909883,4373.73124909883,4362.4079470775,3592.4806919703,3687.27073958979,3853.27277885474,4025.90479773366,4057.53826208744,3772.47153360486,3900.52189658113,4041.21709770222,4269.57484886024,4524.97079836073,5010.83983337355,5191.52257886218,5159.12025995346,5169.0608980055,5451.21703052107,6045.47289782072,7186.51576385136,7939.46528428556,8503.592426403,8268.41288522578,7443.76066239513,8186.96748631803,7533.38051083403,7645.68662766506,7936.71848622214
604,"PER","Peru",24064.699767994,24026.7738249662,23600.1009529706,20392.8577465628,20632.4536891225,19454.6263611937,21775.107400745,25693.6750080279,25018.1450722228,21762.1077253599,21400.7953245366,20757.8949927007,20985.7835116477,23884.7572858043,24176.5575195635,25143.0612522567,24717.0855713848,27747.1650193465,28065.8269116002,29562.4077084035,28677.5268235577,25260.1501165353,25591.7428685327,24914.1715676241,28503.6297713388,30321.1064894987,28299.2672797355,34566.9195635456,35572.4140657622,39423.8429091689,42505.101024,42326.7930873307,45508.6798152588,42717.743480129,49388.0208711234,49204.0572176053,52697.6675885729,54726.3538784975,56013.568180005,58668.283299806,47236.7367484055,59961.8545356735,64784.8058530735,66064.7525046427,70246.6540248968
608,"PHL","Philippines",36836.7596432369,34493.3706067437,34795.2499420488,35189.2803779108,30784.5701061658,27855.3749792413,28969.3654493514,32439.1252446851,37409.076235469,38834.4641894869,40774.0433066604,42874.4561348001,47771.7392774137,48341.9974256127,53478.6773953731,59219.9228240449,60436.7194756872,69147.0799194168,67378.677782439,67295.0071653054,71466.6930980793,69798.8900546346,69491.7096693054,69500.7198122254,71998.7116578136,72333.9449048349,65645.511968641,70009.9577376993,76605.0179697239,75580.7062259261,82245.8888516886,82980.2844502657,87476.2736494724,94825.431590259,100073.811093527,111046.29818375,120215.625472728,133575.599777105,139856.767218833,142601.214158349,131457.409823647,140269.500477027,150963.021475372,160980.475738625,174877.999716944
616,"POL","Poland",463332.814451868,409004.28431487,420977.758382043,421027.432778141,432474.619754823,444511.58608584,451855.998312832,463736.302884028,444240.891,422243.813624936,376341.516038723,373366.02285702,364282.646062202,364957.829548728,359990.96343497,362482.912732386,377118.632824487,367199.086623242,338980.04926978,329204.292605306,317306.224498519,313267.091939283,305852.422771786,318732.699017833,323620.77181026,322576.874005663,336387.245624234,335734.639180209,329428.448365307,315886.286172386,334027.521395847,333406.06545686,325777.704692379,321757.153240581,309415.388734563,312548.845409111,323300.485085282,336505.102909233,335718.634261801,317444.070359274,302102.412460613,330693.72521159,314891.967502624,283243.469316919,272861.825585511
620,"PRT","Portugal",26773.499262163,27000.4800732268,28999.8779662352,29901.6265102089,28793.810265177,27132.9763114006,30221.1407889807,31198.3437423539,32567.554836903,40822.2222456848,45310.738994507,46879.392550936,50956.709192119,49468.9709264254,50242.741523274,54502.8669762424,51799.5357935283,54669.4080906024,59210.8787006328,66878.1983648471,65503.6356387418,65187.3323406295,69582.5983468066,64482.0448495318,67302.3553124114,69639.7867253688,64856.1265036347,62380.1014535396,60009.6469148635,57146.9999168327,52889.9345255831,51783.669101728,49931.9788407348,48146.1983512048,47942.3332997129,52233.0493735104,50310.9173641283,55165.1557097533,51340.275004614,47583.049551518,41738.1429939892,40299.8450772427,40722.4968883791,37622.0382730947,35538.8527325527
634,"QAT","Qatar",13085.9901949391,12847.1300671031,12341.568394693,11255.0851864798,12315.9853232887,12391.0080885978,13281.1646043198,11485.6246871811,11914.0226573183,14309.9901195832,11427.9176376179,17414.1853328271,26815.8667447821,30720.74682342,32375.3000062529,33170.0760905301,34472.4618114641,42232.2441046262,36960.0047501057,36324.6164049948,40406.4814919067,45914.3943375497,45174.6417921056,46630.9314291349,47439.5680961896,47681.8268517615,59752.8018445045,59529.8419955466,61870.8510120985,65305.3640168986,73651.1823007343,81809.4439265578,93738.0368343452,91433.4874846377,91641.6419838594,93310.3707449172,91378.3378277262,105656.583178328,102621.407372831,101429.570451109,101329.229897577,104385.688600255,109594.409298492,119544.35619687,125812.258007328
178,"COG","Republic of Congo",405.528993675653,470.723591642815,1343.10242295694,1142.45165503903,1139.504,1275.22377070046,1062.37325043122,1320.09199616015,1492.94142160159,1495.62724650089,1007.90749138829,1082.79618941392,1289.16340942544,1160.44311352727,3383.87953652778,3224.66979484052,4037.41112095439,4830.57184337176,3869.27012800001,3915.57936399999,4284.25043154169,4177.80662800001,2720.282632,3258.110676,3548.606528,4352.12953422317,4785.87609379118,4259.31086581653,4270.26393090827,4943.6530981909,5499.94322238285,5046.42126457128,5018.02550896858,5890.37383312169,5471.0868541208,5636.68116354398,5727.21081344118,5650.94826381187,6544.66711206216,7293.59673899522,7677.29689310679,7392.86043524446,8727.51509007005,8274.27310919329,8839.77031204833
642,"ROU","Romania",195806.60449702,197322.541869773,194876.903308709,199663.370994715,188323.362603228,193449.169138474,201073.253836274,211024.286683989,211567.811305737,212969.515915519,176535.105220457,142258.091302965,132002.823378682,122709.183839826,120868.471626883,125675.387908532,129117.050951406,118114.572089706,104783.421222615,88898.5988499098,93206.2568396946,98928.0662246489,99068.8869083988,103707.358746045,103232.625473624,101336.595980789,104290.000235751,108496.599887441,106997.317394355,87805.7545980369,84487.9050843072,92390.7050426905,89847.7131704967,78795.4671361453,79335.3504787545,78045.9914411728,76586.9170618052,79432.3414924166,79874.4193745734,76690.3573573708,73946.3806275748,77501.2656352118,73186.0259391285,67866.018420939,68551.3981155801
643,"RUS","Russia",2130355.1500569,2089791.10731256,2129189.4992632,2159388.98255902,2178563.11963868,2349517.25986079,2349904.32752752,2358795.13387538,2437800.79898109,2405696.69895627,2536283.66446376,2407641.67688563,1963458.34413151,1866524.78479773,1646876.26687605,1618286.2279248,1586632.65947144,1481963.46936301,1465858.68212806,1494087.75977752,1480576.41108754,1518081.40277645,1508329.81926843,1539006.40380621,1545353.33027396,1563980.46651649,1623428.47935393,1624315.48289855,1652731.49526065,1545236.4021455,1633147.44095097,1684989.04893427,1700103.98100494,1637547.02640293,1637311.31778585,1635243.56008748,1629328.30996271,1661012.21308119,1709909.72579159,1704458.62176555,1631901.65928777,1674524.25139888,1675460.81124867,1733134.59111932,1780524.38403568
646,"RWA","Rwanda",494.64,600.896,608.224,696.16,633.872,615.552,597.232,611.418602656733,692.306883920099,684.246893744813,523.863654378925,472.135546822699,479.485888878874,482.945006128846,462.123353896471,451.097206771466,464.039250515135,482.527566380887,481.521915839069,502.407280591555,515.133145139747,518.995348595094,511.542786653987,505.436380912615,515.760497743045,513.908269993795,514.105502212766,542.177352751678,531.482624000001,554.835216,580.9768,643.355799999999,718.465967999998,778.846268,829.80435147826,966.782048,1051.996968,1169.72372,1313.07509880759,1413.4916325,1394.31074813265,1699.0493195,1957.2264180958,2016.0149026494,2033.54970373204
652,"BLM","Saint Barthelemy",NA,NA,NA,NA,NA,NA,NA,NA,NA,NA,NA,NA,NA,NA,NA,NA,NA,NA,NA,NA,NA,NA,NA,NA,NA,NA,NA,NA,NA,NA,NA,NA,NA,NA,NA,NA,NA,NA,NA,NA,NA,NA,NA,NA,NA
659,"KNA","Saint Kitts and Nevis",51.296,54.96,65.952,51.296,51.296,51.296,58.624,54.96,65.952,65.952,106.256,106.256,109.92,113.584,120.912,124.576,131.904,139.232,150.224,157.552,172.208,175.872,194.192,194.192,208.848,194.192,201.52,216.176,216.176,219.84,219.84,227.168,223.504,223.504,227.168,230.832,238.16,241.824,249.152,260.144,241.824,234.496,250.653782916,250.146728520649,259.756521889315
662,"LCA","Saint Lucia",113.584,95.264,113.584,102.592,113.584,128.24,131.904,146.56,164.88,164.88,179.536,186.864,212.512,234.496,260.144,274.8,293.12,293.12,322.432,337.088,340.752,359.072,355.408,377.392,399.376,392.048,414.032,421.36,425.024,425.024,483.648,483.648,487.312,487.312,487.312,479.984,472.656,494.64,509.296,501.968,487.312,505.632,518.09393268,517.045866288527,536.909024070122
882,"WSM","Samoa",76.944,73.28,65.952,65.952,69.616,76.944,80.608,76.944,84.272,84.272,91.6,95.264,98.928,106.256,98.928,109.92,124.576,124.576,139.232,139.232,142.896,153.888,161.216,161.216,168.544,172.208,168.544,179.536,161.216,168.544,186.864,190.528,190.528,190.528,201.52,227.168,238.16,234.496,234.496,260.144,234.496,267.472,235.959484995814,234.844883652763,245.58713578599
674,"SMR","San Marino",NA,NA,NA,NA,NA,NA,NA,NA,NA,NA,NA,NA,NA,NA,NA,NA,NA,NA,NA,NA,NA,NA,NA,NA,NA,NA,NA,NA,NA,NA,NA,NA,NA,NA,NA,NA,NA,NA,NA,NA,NA,NA,NA,NA,NA
678,"STP","Sao Tome and Principe",40.304,43.968,47.632,54.96,51.296,54.96,51.296,51.296,47.632,47.632,47.632,47.632,47.632,47.632,47.632,47.632,47.632,47.632,47.632,47.632,51.296,51.296,54.96,62.288,73.28,76.944,80.608,80.608,84.272,91.6,106.256,98.928,109.92,109.92,128.24,135.568,146.56,139.232,139.232,146.56,142.896,142.896,135.568,139.838111362152,141.778686222475
682,"SAU","Saudi Arabia",169233.927572242,175292.931161326,157874.149710747,160813.422174763,155490.096801404,172393.711895284,204570.51004268,190414.310691937,202207.993055139,203375.442294396,181971.097909651,244533.911878746,276011.349863127,297754.210108551,291208.524372445,274604.503163225,269498.414146967,227148.647615091,218914.967916941,237716.388978181,309639.13349748,324373.639584742,346930.492454136,351227.705155258,407702.31501088,412234.44025691,444977.27804625,423314.096866731,469430.379198278,503969.662629752,555639.742311127,540235.814705519,605712.296556746,583177.93325229,585109.131162316,624547.008250374,641174.170648602,644486.507113434,652204.193364785,708334.740422516,653564.676691015,695394.448158661,666993.509164236,677441.893561699,692133.489361806
686,"SEN","Senegal",3336.44093296193,3279.85702482623,3036.573344978,2611.41068605389,3284.16806327754,2650.50423566754,2636.44562669657,2424.57356083356,2710.80873448843,3661.87722459095,2929.95601058331,3108.07009005051,3165.87087504962,3286.19201255633,3635.72863266126,2990.4406425346,3242.78677036043,3182.36826254376,3333.56506238173,3603.59330758604,3902.05212367148,4258.09972166864,4436.92470329943,4927.51190131822,5238.2234461952,5538.91860321752,4429.71764157449,5195.95526287449,4740.29468879237,5257.66793812501,6862.390914408,7818.83690714461,7362.128642567,7852.6689509876,8724.36036773283,9845.41634641497,10012.8052725273,10757.1831699311,11330.392293564,12711.4562524222,10819.9900731284,12319.0137460699,14132.7170015683,14081.856920684,14091.8457011386
688,"SRB","Serbia",47741.3122524629,51955.3822358867,47704.0977862792,51364.613330939,54165.6349574858,55244.288024815,57680.0921075632,56297.5984954275,58081.6361244481,57896.6305453437,57537.9185118378,40577.0331721711,43635.7035970666,37996.9705666229,36967.0462520034,39046.9894113504,45695.5678388317,49097.8845293197,51690.7754668737,35651.5254612253,39606.467286659,42540.9828549762,45486.4429636,48648.6986505296,52942.0847849968,50058.2587004524,53721.0153276876,52159.944,51736.8099999999,45919.8060882613,45694.3960000002,48956.180002,43763.5419809897,44576.0676363766,37331.0385282824,43896.9939656245,45192.6311341787,45672.5103660001,44478.0620925927,44444.513178428,45356.1551305852,43886.1310382399,44462.4030695201,42907.3202235891,42019.4386164939
690,"SYC","Seychelles",95.264,98.928,84.272,98.928,98.928,150.224,164.88,201.52,197.856,234.496,150.224,172.208,172.208,183.2,201.52,197.856,234.496,271.136,289.456,304.112,318.768,340.752,348.08,340.752,377.392,381.056,384.72,403.04,414.032,443.344,439.68,403.04,417.696,414.032,458,498.304,553.264,575.248,597.232,589.904,597.232,611.888,628.9364112732,641.308878689786,652.570521693863
694,"SLE","Sierra Leone",608.224,692.496,553.264,688.832,615.552,663.184,674.176,498.304,458,373.728,498.304,556.928,282.128,263.808,274.8,223.504,230.832,205.184,219.84,175.872,271.136,373.728,501.968,538.608,520.288,432.352,575.248,487.312,505.632,501.968,545.936,714.48,831.728,1051.568,1128.512,1084.14549848943,1139.504,1095.536,1036.912,1117.52,1187.136,1483.61258956916,1443.616,1380.43473370033,1434.28275461818
702,"SGP","Singapore",30433.184,25706.624,28381.5097244269,33397.36,31968.5544430296,32397.088,34100.848,31810.848,35280.656,41003.824,43535.5748590283,44235.472,47441.472,49661.856,60085.936,40545.824,48012.941415348,56737.04,47412.16,49200.192,37368.72,38525.2203495262,40208.3999999999,39534.0431182827,40999.9999999999,39599.9999999999,40600.0000000001,41099.9999999998,40199.9999999999,40800,44400,47000.0000000001,46099.9999999998,47000.0000000001,47600.0000000002,49400,49100.0000000001,50100,50299.9999999999,48999.9999999998,46699.9999999999,50100,48933.8823104225,51067.6166562391,53919.4615986475
534,"SXM","Sint Maarten",NA,NA,NA,NA,NA,NA,NA,NA,NA,NA,NA,NA,NA,NA,NA,NA,NA,NA,NA,NA,NA,NA,NA,NA,NA,NA,NA,NA,NA,NA,NA,NA,NA,NA,NA,NA,NA,NA,NA,NA,NA,NA,NA,NA,NA
703,"SVK","Slovakia",59116.1720964296,58473.6091786083,57917.0160668703,57998.3907043221,59973.7198379566,59167.0538183187,59584.0064522371,58886.0223300071,57919.5491955151,55271.8611847769,61528.5428433174,53333.9278544078,48930.9751211678,46394.3307650146,43803.5212844904,44194.1709454551,44075.5153550038,44147.0786963546,43877.5261675211,43088.3520231879,41187.0403688786,43272.7247373201,42033.6988521456,42359.2263540389,42856.5578041989,42857.2682086577,42639.3504709844,41031.8539122622,41425.2986726312,37681.1250736657,38464.3545341691,38045.1090511185,35961.4064368775,35621.7076633878,33708.1727279143,34527.8535207654,34977.5515499279,36183.9441551481,36184.0684741244,33853.189538735,31176.161169131,35251.3218394714,31589.4641490248,30766.2454973778,29090.957303899
705,"SVN","Slovenia",13544.9724648156,14726.2605601036,13509.9374130168,14551.781026211,15349.5397724703,15657.9444643438,16351.8629269965,15935.2094353647,16514.5730148122,16434.4346855793,15097.3268956224,13976.5413296282,13885.9389138628,14254.2503847283,14639.1395727404,15356.9915195288,16002.6127771166,16512.5022138617,16044.5645049835,15418.648051235,15059.7530795205,16309.1829153341,16570.9116220126,16278.0822896735,16710.7085021267,16941.9766284408,17184.160415829,17349.0814178807,18284.6031313034,16209.4102058464,16465.5046629728,16364.2087859283,15765.1007932181,15136.7848640994,13568.339585848,13658.6733790447,14468.0119799229,14637.1933571032,14563.3516515652,14053.0073719586,12872.9906702578,13076.1582945973,12727.8399611831,12012.1643816914,12751.1938983526
90,"SLB","Solomon Islands",102.592,135.568,120.912,142.896,142.896,150.224,153.888,161.216,153.888,161.216,146.56,153.888,161.216,172.208,183.2,190.528,197.856,205.184,212.512,219.84,227.168,238.16,245.488,256.48,274.8,282.128,293.12,300.448,311.44,322.432,333.424,348.08,344.416,377.392,329.76,296.784,293.12,289.456,293.12,296.784,293.12,289.456,283.0971397248,281.759874337241,294.648107472574
706,"SOM","Somalia",813.408,274.8,718.144,934.32,714.48,857.376,923.328,992.944,1003.65579512111,952.072395618012,782.197107283685,707.587047515915,666.08804552727,625.768472264751,618.424899002236,585.43332573972,575.248,534.944,505.632,487.312,509.296,542.272,575.248,604.56,626.544,648.528,670.512,692.496,721.808,743.792,776.768,809.744,831.728,857.376,886.688,923.328,956.304,992.944,1033.248,1069.888,1139.504,1154.16,1271.408,1296.41919949685,1319.18484440448
710,"ZAF","South Africa",228201.394119979,257078.9060671,280436.985273587,291905.734169272,315596.655226603,323865.000347016,330500.768891066,328672.002058601,342662.013691753,340714.70692267,312933.889722234,326030.371745574,301329.075400435,320352.639523721,338701.264775054,361711.931383134,363732.331050839,385215.415429574,377273.451080722,374869.023132337,378332.519020972,371601.988940218,356501.172588926,404406.028466739,449321.622009546,416204.865600356,446744.337159491,465033.717646761,494672.536862774,474512.254024715,467352.503619607,474272.771231104,461438.422364747,456188.000484004,481637.841584396,457473.230087747,457049.763591929,440010.299229081,453765.993862117,470727.40810815,435297.661128247,439464.37455789,428782.178089057,436604.188907959,439830.514362562
410,"KOR","South Korea",134524.425778251,139589.729631793,140781.901024812,149133.610430585,160700.457654994,168757.668852726,176297.244606458,185358.380198951,210953.466341507,223510.385447571,250510.836847552,275688.225309486,299905.412977059,330173.95165461,355694.835393257,383665.453892911,420996.074684389,444967.618791805,378037.781124881,410518.805961111,439980.691702632,455630.632918464,476064.88008142,485212.7846482,491389.425511567,498688.299117078,503478.182691748,521708.714643188,532650.763797021,537819.830861224,594339.109833683,623442.836999811,627943.034087933,634580.702679861,629366.483609494,634177.278481186,637914.08359729,654537.268637612,670168.698524174,646102.263178969,597634.25134997,616074.987996207,606877.274975333,589178.499805187,583679.19482733
728,"SSD","South Sudan",301.462121091151,292.907912175649,307.951520958084,314.440920825017,281.993921490353,327.714693280106,341.873383898869,269.605067198936,389.953937458416,302.347039254824,419.45120958084,392.90366467066,351.312510978044,242.172604125083,333.024202262142,344.233165668663,355.147156353959,434.789791084497,376.97513772455,408.832191616765,444.523890884898,511.482698602796,651.889713905522,728.287648702594,920.314890219562,881.673463739189,965.445716566867,1134.17011310712,1197.88422089155,1247.73461077844,1269.56259214903,1238.59045642049,1330.032,1443.616,1498.576,1912.608,1703.76,1454.608,1736.736,1769.712,1707.424,1740.4,1634.144,1666.29095958384,1695.55170202997
724,"ESP","Spain",213915.332583516,206099.613923162,208594.870247942,203446.138830475,197707.50441962,199942.607030495,189123.656340137,189515.378423908,197461.558784737,224892.963070556,229382.625312695,239290.683130406,247686.566340613,239099.316615507,251388.198716058,265068.576696329,252561.924335303,264899.446679762,273649.817072463,297024.913310185,309259.515598985,311031.283081141,331028.199429399,335538.91352321,352139.290460772,367447.068532906,358869.489624031,366468.508234876,335284.443019554,296159.336423992,282585.084621684,283275.062215171,277432.159811116,252109.156805353,253657.832095153,270248.05646262,259554.68131584,273483.866937214,268520.593975501,250673.645424483,211764.744621659,228805.71482268,234223.463763949,215460.752283206,220341.271917416
144,"LKA","Sri Lanka",3359.8216236781,3972.08327453188,4431.67473660889,4826.20998647392,3822.7677928114,3880.36010028719,3622.8315061961,3988.182912105,3429.97221200928,3419.50248261522,3802.25682223429,4106.68688861929,5035.79891638366,4912.02097726734,5341.53408378902,5717.07220298031,6862.7495157949,7400.96132630095,7621.32322219056,8381.35367095193,9990.3729076583,10157.6867552538,10786.742481046,10761.4328138367,11908.2450111393,11669.7485642128,11502.9495337806,11843.6464522166,11648.2517223987,12572.4647207904,12696.7735966189,14476.1757863269,15389.4,14143.1066935078,17076.0160939992,19178.976,22339.1850628481,22167.977517109,20136.7619940109,21105.576,20412.408,20823.088,18376.9604598627,19166.0194036157,20825.5440514725
670,"VCT","St. Vincent and the Grenadines",36.64,36.64,40.304,47.632,65.952,65.952,65.952,76.944,65.952,76.944,80.608,84.272,84.272,102.592,120.912,128.24,131.904,131.904,161.216,164.88,142.896,175.872,186.864,201.52,219.84,219.84,219.84,238.16,219.84,278.464,223.504,216.176,230.832,216.176,256.48,234.496,241.824,212.512,241.824,219.84,238.16,234.496,246.698003757705,246.198951616243,255.657084715189
275,"PSE","State of Palestine",NA,NA,NA,NA,NA,NA,NA,NA,NA,NA,861.04,883.024,912.336,934.32,963.632,945.312,1036.912,864.704,1458.272,1366.672,1659.792,1344.688,1154.16,1275.072,2191.072,2737.008,2268.016,2326.64,2051.84,2088.48,2033.52,2246.032,2194.736,2436.56,2835.936,3000.816,3235.312,3264.624,2956.848,3264.624,3326.912,3634.688,4702.03415496,4755.35828370592,4780.04635722091
729,"SDN","Sudan",3437.46533242268,3340.07098633932,3509.51299590095,3581.89363036582,3211.36101280309,3731.69679889317,3895.18455420764,3070.49664679479,4443.23505479262,3441.24976870643,4783.36484848842,4480.04564601389,4001.42349640438,2754.72016739412,3837.8801269258,3962.51833963346,4095.9996271128,5022.66869027285,4372.37676992745,4753.42663109697,5291.61917184597,6017.57902432404,7633.64291163583,8515.3830140006,10866.0643269307,10558.2228999353,11544.7175339909,13563.8474012938,14178.916946315,14805.2588598354,15070.0480644079,14711.4592155271,15763.0217556262,17374.258681041,13094.8560613924,14246.5012111757,19737.2525455759,20306.1663466421,20515.9551504328,22007.0046967566,19799.9390330741,19208.15806204,17528.6143947486,17715.5219396293,17794.7992573851
740,"SUR","Suriname",2369.83674419846,2028.88374637298,1871.22127807652,1372.80505480961,1552.62098207989,1596.51042579306,1757.64786950622,1757.56931321938,1874.73875693254,1852.67620064571,1738.32168728714,2024.03950505866,2031.29332283019,2038.54714060171,2043.12755004789,2061.35853137372,2083.25351269955,2105.14849402538,2105.05947535121,2123.29045667705,2192.81743800288,2363.45898085379,1560.79724663843,1538.68849355514,1553.15924990582,1585.9500062565,1740.0033858508,1757.99896863025,1940.94158845827,1989.07112239362,2375.39461414619,2757.94199317719,2493.79651009213,3151.4247038354,3200.92619064992,2713.62019526447,2913.52827492505,2430.18372480915,2093.09572480915,2632.31265710869,2921.82172240824,2646.99420801525,2827.57974201383,2868.58739712813,2987.76832991789
752,"SWE","Sweden",71713.6853675205,69388.5038339616,62256.7446764975,58268.3152245027,57308.0882372308,62364.0081702902,62009.7792330689,59694.7085879579,57425.1221709628,55520.8546290834,57416.5082200686,57663.9566412259,57509.8078921511,57516.7541539686,59997.3982852023,59487.2629502883,63349.0237668505,58355.3006066248,58767.1740291195,55936.6197484832,54892.391714588,55782.3061394186,56633.7981823837,57220.9932743212,56427.5252537054,53787.4789940304,53650.845733957,52878.7985768723,50765.4407408252,47143.3046254281,53028.585005065,49113.7679380676,46606.914165092,45105.8849985785,43384.7457881678,43310.1427668276,43308.3769081161,42355.4244307754,41856.0006744413,40772.4798290516,36622.2183391503,38567.983892275,36342.1571897247,36708.5973865066,38096.6515414559
756,"CHE","Switzerland",40481.7584287533,38801.9843305251,36574.9100691542,40010.6186667403,39111.6730599633,39762.29623568,42226.0905745886,40182.1390189323,40639.7931289223,39388.5207921155,44148.6926640776,46130.7295442355,46018.065078756,43609.6741605049,42667.984336785,43413.7462855907,44106.826449351,43046.3136564201,44622.4768567871,44446.5492651454,43620.5102887453,45084.8992996682,43467.0769873424,44650.6497320511,45231.1366340017,45776.113683422,45364.9335210742,43359.4123583629,44700.868942038,43525.8490037172,45033.6832473494,40973.2303125582,42242.188934451,43182.9255734517,39244.1503905873,38756.060483409,39224.779068308,38234.0010433355,36945.0670639434,36822.2415966167,34343.2546690251,35902.4447835128,32950.5605953602,31977.4860624467,32071.7078183219
760,"SYR","Syria",20768.283169338,26592.6346039283,24440.3084332512,27895.5885738172,33009.7848887504,29568.6508777,31266.0367980342,36136.6107755808,36859.8948235413,34475.8277660772,37264.5272946163,42424.6942711474,42803.3694332601,45521.5299004634,45956.0199774259,46391.9134357615,47445.6830232528,49605.1961116623,53496.2943186659,55534.0785149027,54526.7801678292,51342.883937217,40726.8794424071,55377.3041876139,51691.5130305661,51161.7605051639,54039.9657208499,66972.5268938015,68084.0804213674,63261.2377330452,62057.3183314512,59078.2273852912,46338.5115239034,34256.5222817332,34869.3106682153,31115.4046311024,29162.0136680987,34473.4715422167,31771.348430857,33491.6071840084,32344.4181841324,32508.5009009497,31423.3329625887,31673.6428184555,31778.4489045033
158,"TWN","Taiwan",83514.6296180291,75051.8994678833,70034.6440343677,76553.3568303202,77606.2716585355,76449.1590136975,86161.9751026193,90519.456423594,106379.695476869,115009.885250108,124258,133631,142432,154046,161564,170064,178059,190782,200546,208023,226934,231431,238567,249129,259367,266888,276552,280080,266975,253028,270718,276771,273282,274576,276959,276264,280197,285736,284151,274704,272464.197294708,283820.917914398,273988.823272982,267126.807937308,262344.813122379
762,"TJK","Tajikistan",11535.4865191095,11339.3889977588,11557.9161998716,11738.9638572481,11856.4301042694,12778.8856122334,12349.8756417686,12017.7249262566,12968.3544006181,12856.1277026478,12306.6439539292,10015.0581376323,7332.642,5152.61614427862,2345.0548,2434.788,2823.6502,2150.4296,2496.5998,2518.9128,2236.4632,2287.3966,1872.4008,2071.7042,2561.5104,2440.51840606061,2656.229,3228.7674,2897.0176,2444.954,2534.78628613139,2342.44248607595,2934.4796,2908.2852,4606.22226537218,5306.56712359551,6015.88441356815,6879.48759033499,8080.87654043944,8714.16824794105,9423.31125430517,9384.3383797258,10520.92334212,10264.2850866003,10739.7679488019
834,"TZA","Tanzania",1873.64216636286,2106.82490815275,2148.29976793495,2196.30416861244,2346.98252238225,2337.90024840671,2277.59290845998,2367.50956851325,2271.68609616413,2161.59841144499,2112.30894832976,2255.26784791068,2177.58818338903,2426.03630391267,2063.12332742817,2433.8901656349,2526.70561193794,2824.35781169277,2480.93741723147,2458.75544921917,2571.82054811211,3040.80956822727,3485.6161606686,3687.24117582067,4221.28311678436,5355.81703537477,5876.2411746976,5706.14632007568,5988.6689514648,5807.48177225922,7194.10936723495,8440.30857594269,10367.4988274004,11251.4743948001,10997.4336666538,12782.6718130581,13529.4521365667,13513.4867377991,14233.0634332967,16190.8496157199,15952.4370799271,17677.6929972776,19702.3843349529,20309.6084456757,20018.3641150162
764,"THA","Thailand",39750.5061950078,37540.5307259346,37357.0371871936,41784.5881294608,45154.6487588541,47865.1705485555,48969.8292904768,53814.3881558174,60731.5379422822,71695.890668317,86563.2640194297,95044.8258030038,105513.452746393,121855.05680473,136870.026937641,153650.045254694,173565.817296688,181202.737159383,159704.031685698,167234.709455855,167352.152007201,172266.833925636,184665.461942064,191087.735216786,207330.687812006,214325.148348356,215824.663846596,224082.566913185,224248.745467411,228836.229712089,241018.985674487,244878.16600255,262347.658260316,263753.50473097,272487.651655751,277098.716215461,284045.477816893,283347.625130122,288304.916213531,281877.429620709,271923.314106129,267141.808761149,272573.359820566,264733.681164576,267760.195862571
626,"TLS","Timor-Leste",NA,NA,NA,NA,NA,NA,NA,NA,NA,NA,NA,NA,NA,NA,NA,NA,NA,NA,60.534684,152.974472,219.860172,118.844012,261.882104,248.529968,496.998371999999,321.14524,316.707944,288.066776,285.133376,321.783136,313.134248,433.890341734679,591.295397099933,619.965822406337,627.079837756321,590.43104583008,642.966227499199,692.846752842717,617.02354464856,675.431079628279,646.107075526798,620.167638062921,669.585302004402,636.717112367839,668.112323862181
768,"TGO","Togo",794.432964996217,706.484199308026,817.874055609389,623.626661567123,694.580888558247,659.030788261837,847.915114577273,924.976106075315,963.449262277874,1024.18258954947,977.643597474677,1049.80588703794,1030.49635656562,1068.80723771042,1006.67942283597,1174.741,1265.171,878.986,1289.967,1850.434,1331.372,1158.913,1322.471,1804.731,1743.929,1721.591,1500.506,1516.752,1522.778,2535.654,2595.698,2503.92,2215.629,1635.224,1490.602,1798.36103703704,2292.6402739726,1911.98194538148,2033.82803835617,2363.70120547945,2751.28246575342,2620.18120547945,2738.66727982008,2671.01321506533,2753.58451034956
776,"TON","Tonga",40.304,47.632,43.968,47.632,47.632,47.632,47.632,54.96,69.616,69.616,80.608,87.936,73.28,84.272,87.936,95.264,76.944,95.264,91.6,109.92,98.928,91.6,95.264,117.248,113.584,113.584,128.24,113.584,106.256,120.912,117.248,106.256,106.256,109.92,106.256,106.256,139.232,142.896,131.904,161.216,139.232,139.232,146.56,145.867694823794,152.539960923517
780,"TTO","Trinidad and Tobago",16919.0531441805,17242.0328780502,18404.6801858766,16274.2513143422,17502.8983359999,20721.7070668002,17353.3689379206,17487.4548583474,15831.1562294334,16102.8054131567,16978.4361636947,16964.383919154,19098.2542395204,17405.4254430874,15342.0870177978,14724.6612580636,18448.691108367,18899.9716011235,19892.2589889852,22580.3843716762,24350.0345052152,26739.7471251076,28682.5310990782,32369.9316207803,32688.3630915104,38204.8902487437,42707.8965111594,45563.6063529302,44442.5026814358,44417.4908413694,47092.3482501776,47043.4047931931,46159.0845052452,45799.307499826,46865.8147279053,45533.6755459282,39867.355256883,40296.8926259408,40307.3574206148,40754.5361447457,35043.0730299287,36388.8130662183,37492.8892670354,35535.9004558987,34576.2774472949
788,"TUN","Tunisia",9783.79532997029,10199.7893498644,9877.88755801514,11920.0649067611,12193.4310507823,12703.7863211624,12861.1575343482,12717.3478448921,13436.4466497452,14272.7248192828,14622.0277863198,16755.328445,15843.425508,17179.8501958858,16760.5336419193,16623.122016,17211.0255128009,17809.591557,18292.1398227435,18709.196578,19435.9877715119,20260.558245,20380.036605,21041.52024,22144.166293,22515.908076,22914.9293313432,24725.20394478,25453.210013,25353.3957675152,27899.69865,26429.2081093382,28194.2751366764,28773.2524214495,29874.5741944709,31380.5368751972,30971.4840182371,31676.9174797575,31121.70886341,30578.563565004,28844.8120066608,31526.71517268,30784.9346217947,31737.8231495338,32663.6974986868
792,"TUR","Turkiye",75317.6027249732,79321.3767323055,86361.2819347285,89956.5009283315,95093.2768372146,105877.804108916,115872.347790738,128747.539265665,125064.779665605,137932.79467431,154572.093849646,161125.930969127,167234.000801057,174291.142718847,170592.416502748,184674.707549238,203097.942182523,215511.522655305,215585.836785707,211238.081154287,232933.968666196,216872.489413129,224319.76869683,239848.551733959,247843.043156071,267710.686380102,285429.426195117,316497.415153367,312628.216804525,318567.937930176,318710.341098667,344214.797538901,358644.620245636,350633.578130618,367271.623864592,387703.921813877,405552.239918205,430621.670134764,423818.291873081,406567.762998751,416328.049152072,457377.291801479,443602.702736112,486944.574666229,513034.609277091
795,"TKM","Turkmenistan",29510.3998416466,28975.7884560608,29521.0062901044,29945.185541045,30215.0345281388,32564.167920391,35820.7569936268,36389.0503454354,37200.0151421443,37648.693618616,33361.1686789021,30439.2458509651,31994.1812972626,27516.3963279666,34216.1418768248,34569.1746117638,31654.2012442729,31196.0743881447,33445.509368725,39796.909506025,39361.4970171955,34034.182957001,30130.7995328064,40567.559604612,49355.1044560657,47928.6660158775,49499.593991806,49182.9260802656,59438.4207393873,52462.3641448218,59184.0681768178,65155.0764761059,66938.6397475122,64339.6459672052,62799.3420955061,63091.6742476301,62090.922496152,62956.5748552989,61301.6595360367,62254.2144416402,62904.9672030415,91693.6382652336,102062.825507136,95420.7707843624,81005.5581588582
796,"TCA","Turks and Caicos Islands",0,0,0,0,0,0,0,0,0,0,58.624,62.288,62.288,65.952,69.616,73.28,73.28,84.272,87.936,98.928,106.256,113.584,150.224,153.888,161.216,186.864,216.176,252.816,263.808,274.8,282.128,282.128,282.128,285.792,307.776,315.104,326.096,351.744,359.072,362.736,359.072,366.4,365.566338324,364.826824176306,378.84223991416
798,"TUV","Tuvalu",NA,NA,NA,NA,NA,NA,NA,NA,NA,NA,3.664,3.664,3.664,7.328,3.664,3.664,3.664,7.328,7.328,7.328,7.328,7.328,10.992,10.992,10.992,10.992,10.992,10.992,7.328,10.992,10.992,10.992,10.992,7.328,7.328,7.328,7.328,7.328,10.992,10.992,10.992,10.992,10.992,10.9400771117845,11.4404970692638
800,"UGA","Uganda",629.686630644204,530.709465299178,544.696599908296,617.209403827363,580.421907792277,616.914411757192,701.85527714807,772.238473229007,862.874615767958,804.152285077903,760.854897421141,783.469245983627,801.45490415033,797.456562317033,711.840958748288,925.484993705745,1018.0916840857,1061.94573090628,1208.7573172265,1254.72446854169,1360.86980401218,1417.08751434861,1442.55671647162,1512.74540635414,1607.48604481296,2017.941,2387.05025,2706.32575,2779.61425,2996.13425,3569.61875,3827.73275,3626.98675,3754.53025000002,4089.66575,4528.54928673324,4817.41927584727,5406.20169111969,5548.64916773916,5761.23739510938,5571.38425225226,6232.32743114542,6128.25104904896,6235.86136573839,6333.81021695036
804,"UKR","Ukraine",674348.94922266,661273.248552167,673809.190441172,683290.181368813,689314.399730251,743672.70040496,740756.046543724,734118.509521192,727528.334573906,683856.084502902,706525.677751175,633193.869077488,589505.206994586,510495.393150907,419630.285364369,390173.453321934,351834.191338277,340585.969507441,328877.989045303,298635.556123194,285663.483272507,303876.02483827,295900.918997386,307245.355757987,310625.75255967,313512.514328702,333054.191774314,336828.781209111,325983.396319766,277593.356208405,294365.791092777,308376.396796643,304429.895866777,297540.228600432,257703.071974165,223849.80972761,234105.646404087,223287.763219882,231899.984109105,222187.897365105,207100.650524813,210636.073393785,143039.868706363,139325.370539921,142497.859655385
784,"ARE","United Arab Emirates",36859.310105335,36810.0314947706,36817.6685094159,35289.4615176632,46306.2138658754,49828.1121740153,47156.0281831401,47605.8059588417,48273.9820444212,54384.2569055577,51907.9358001281,56895.5749770557,58005.2132760826,65832.1374003717,75350.4188145887,72873.7510004517,75836.1200259484,73297.5149315018,80624.5176317463,77844.0621971704,112276.808349589,101895.537945184,85213.0317980353,107105.835698314,112468.603947139,115273.288371744,122723.180820937,134103.14705959,155030.383104451,169088.11643066,185848.407865606,198518.192745786,208323.564862423,214188.06549048,214530.336002722,225044.830074609,227897.7270124,196492.832371295,204104.802838146,204058.075313784,215266.166959174,212172.96564814,207103.410919932,210425.10953195,221988.084293125
826,"GBR","United Kingdom",579053.734807252,560572.797241361,548251.360256667,545499.747126852,529122.875480849,559663.965082085,568601.649628366,571682.253713816,570315.716320511,581598.084334694,601981.718126488,609449.313442763,593882.562260969,579652.840691345,574060.858032102,566202.926737176,586808.30810152,562752.07351052,568584.001651931,561697.206061835,569070.356174579,578007.213395364,560328.159941938,571666.414460857,573484.721962056,570389.665669517,567896.955434103,559617.772328369,544987.364867607,494162.661180839,511974.198015961,469760.947081937,487528.071814636,477673.555680474,438862.041060437,422523.081502883,399474.099105932,387403.781167304,379770.059067531,364793.609734,326296.175194148,342394.876369447,311154.661620301,307862.721673257,312943.529162375
840,"USA","United States of America",4730218.37240546,4543633.19800207,4311918.54641913,4346380.78330409,4479379.61260874,4495378.61690067,4498135.64687154,4691930.3145033,4897775.83176623,4960237.6065603,5131760.87714634,5076412.75395631,5178769.42344323,5279520.45568895,5361863.34115834,5425837.27218201,5601094.01578184,5673143.98442803,5736360.0586732,5800281.44971365,6023157.6235037,5903562.16330882,5947819.10540431,6006439.88802792,6111544.79142768,6126903.11017152,6045326.24487266,6121542.50864011,5919220.97967399,5486104.16463878,5669249.96210633,5538973.10093643,5331467.41489922,5473436.2288829,5531385.07625777,5368496.79297623,5245361.77982427,5195417.65813034,5361236.14924399,5235912.14233202,4689953.59181464,5020110.96439986,5055403.05282379,4918406.68451703,4904119.65208922
858,"URY","Uruguay",5823.64697071371,5361.62196356863,4859.71150268868,3807.65180145286,3441.94174194216,3287.83939712415,3169.65068789451,3548.70288958086,4793.14323700289,4862.585035582,3976.82475391225,4536.65204000894,5151.30122830189,4447.07140601714,4040.71163139761,4565.26531373719,5413.61351139722,5522.41946543963,5650.99625541925,6689.29023020649,5276.98211003356,5040.51300871689,4569.19349545335,4537.12007790415,5574.14176833242,5737.10393058119,6610.99303646572,5959.75365893985,8217.57821679652,7990.30119414914,6321.84422454365,7686.49329864014,8604.56407982367,7490.97019681798,6683.81905305313,6738.13199259509,6520.38715738597,6151.02743896917,6570.39681816762,6408.47584693648,6476.82098553959,7829.20774427448,7500.85528584952,7626.93996891734,7973.27039868676
860,"UZB","Uzbekistan",89878.0045289739,88282.8387917205,89966.4693186407,91260.7933955564,92106.2647964009,99281.90510554,95237.9110635712,97685.2241753284,101107.217307003,104126.84032906,103123.457106142,102324.083154203,110990.94724055,115619.1,109786.614032,104804.134864,108188.86908,109029.0157,120976.109713914,123587.694052,123478.477866455,126222.533444,132576.551144413,130295.827978486,129099.224524653,121601.63506,124898.80100677,123822.697063399,128386.85068,109229.76224,107668.246841343,116754.603754629,118860.365662736,112394.722433083,107495.619946209,103373.575835682,109837.336164729,108882.875843106,102330.270602628,107947.205771364,108138.82840347,123161.63494588,119105.479830192,122872.018453008,139234.177973928
548,"VUT","Vanuatu",62.288,51.296,51.296,54.96,54.96,120.912,58.624,47.632,65.952,62.288,65.952,65.952,62.288,62.288,62.288,65.952,73.28,76.944,76.944,80.608,84.272,80.608,76.944,76.944,73.28,73.28,73.28,76.944,87.936,120.912,124.576,131.904,117.248,109.92,157.552,131.904,150.224,139.232,175.872,164.88,205.184,216.176,189.3526866288,188.458241725131,197.078680534389
862,"VEN","Venezuela",90671.4076518211,91828.7733734142,93249.3979909514,92953.1184676343,93057.5780502758,101093.724275544,109320.243707695,110754.357040758,115854.204013448,108651.31414226,120863.885290235,114220.524311135,104738.604216736,123051.510200893,119060.247878779,124830.388163653,118346.77501663,129754.624009964,134993.205798629,143125.898981541,142902.324472412,130617.784556431,164232.908496173,154364.056759302,142842.053786294,148408.254405657,155841.228494135,154167.497249417,155758.293667051,152175.686258477,189581.658412673,168712.503754381,175845.083721848,198452.167566701,175991.604101134,166328.369799051,152733.44666482,139093.28460585,111239.588557626,105430.48074849,80901.1539289749,94902.4936658422,108423.499692151,119587.760618426,116042.42741358
704,"VNM","Viet Nam",16789.0370810722,17695.3501783292,18341.6274746664,19269.6922207642,17495.1616232748,21097.418831904,20584.666047684,23296.9000948582,23072.5359122727,17397.9092018147,21298.6473551779,21375.5347989902,21466.4588292501,22853.0021577195,27362.1522770032,30088.4716867784,35481.5115157194,45502.0709318489,47866.351372047,48548.3236438588,53935.46465216,60983.3867506219,69530.9539147599,77261.0573125199,88939.1831070007,95842.0530238799,99655.9199253198,101432.63021244,114299.573581401,124493.39282296,139563.84119,152563.928674535,144287.52933371,151459.370942665,180047.521279979,213391.312209758,221027.00924618,227694.36431033,255468.4116552,339312.348507297,362598.865038623,314196.601831682,322653.1317167,347398.783746084,370931.350065552
876,"WLF","Wallis and Futuna Islands",NA,NA,NA,NA,NA,NA,NA,NA,NA,NA,18.32,18.32,18.32,21.984,21.984,21.984,21.984,21.984,21.984,21.984,21.984,25.648,25.648,25.648,25.648,25.648,25.648,25.648,25.648,25.648,25.648,25.648,25.648,25.648,25.648,25.648,25.648,25.648,25.648,25.648,29.312,29.312,29.312,29.1735389647587,30.5079921847034
732,"ESH","Western Sahara",NA,NA,NA,NA,NA,NA,NA,NA,NA,NA,NA,NA,NA,NA,NA,NA,NA,NA,NA,NA,NA,NA,NA,NA,NA,NA,NA,NA,NA,NA,NA,NA,NA,NA,NA,NA,NA,NA,NA,NA,NA,NA,NA,NA,NA
887,"YEM","Yemen",3315.20606222405,4227.46464966098,5940.48068973942,6314.08614964036,7149.19689660634,8631.68671705992,8245.39370196506,8664.59290464622,9585.35009375635,9975.88110635142,9572.03905598352,9181.7466658501,9925.88874232655,8678.74062267653,9964.47296702652,11137.873601392,11375.2450828885,12260.346557418,12930.9465986702,14796.2670089311,15831.7456519712,17194.1926054668,16707.1976789796,18609.2243424322,20108.7925908754,21797.0079060204,23906.0815232229,23676.3425789798,24537.0385544683,26896.531454343,25817.5887990668,22625.0890686313,20467.4919928477,27281.024788513,26592.2054996197,14122.8212346314,10043.7006868009,9213.89517755764,11503.876427728,11787.7826492115,10757.0137946589,10607.9559692843,10403.7691992385,10141.1692057984,10123.0897250414
894,"ZMB","Zambia",3523.26197217288,3358.03083326519,3510.78057641914,3260.76637790985,2804.44142477228,2732.73167515826,2865.57153367559,2673.76166169964,3109.02161532605,2570.00522459095,2407.11259707427,2381.81104383407,2424.69279191851,2466.00661170654,2393.25806882504,2142.31286523169,1837.99495448265,2354.10161688617,2278.45802756844,1777.60439227581,1784.11338329244,1885.60344129874,1960.89110814208,2074.41296563873,2104.1311130846,2242.54261375405,2231.11812985158,2297.55852740926,2553.02766333454,2939.88356070634,3120.84426916424,3379.16357633291,4176.83523909301,4426.54833366796,5283.26076233769,5522.48789120433,5977.86606561861,7458.88760250858,8657.80133325842,8846.3350531946,9990.58510248319,9349.84532991236,10938.9100770697,11830.7267104462,12043.2989901748
716,"ZWE","Zimbabwe",9613.95191904839,9405.38733306076,8779.85699812826,10425.0963740418,9879.63881151821,10213.7087706985,13068.022942998,15170.1060854188,16029.4609268167,16113.6535386522,15537.0132259708,15490.5516101266,16702.3758232671,16031.9548905901,17382.5984772957,15017.3998126419,14894.2460990881,13900.9918854461,14127.4746618954,15724.105307586,13814.5383770853,12508.7217789398,11895.8390647185,10609.5827713704,9428.64240762442,10698.4891224194,10365.4608925384,9835.16098326611,7720.09384826924,8249.76873394203,8754.01206382841,10363.1989802774,11257.432996161,11671.3736126384,11946.1481426205,12016.794479542,10588.2420258133,9830.5703824083,11209.2379672454,10266.7945508628,8490.83908199591,10222.7782459331,12231.8453041143,13443.2946400749,13701.153912232
