"code","iso","country","CDR.raw.1990","CDR.raw.1991","CDR.raw.1992","CDR.raw.1993","CDR.raw.1994","CDR.raw.1995","CDR.raw.1996","CDR.raw.1997","CDR.raw.1998","CDR.raw.1999","CDR.raw.2000","CDR.raw.2001","CDR.raw.2002","CDR.raw.2003","CDR.raw.2004","CDR.raw.2005","CDR.raw.2006","CDR.raw.2007","CDR.raw.2008","CDR.raw.2009","CDR.raw.2010","CDR.raw.2011","CDR.raw.2012","CDR.raw.2013","CDR.raw.2014","CDR.raw.2015","CDR.raw.2016","CDR.raw.2017","CDR.raw.2018","CDR.raw.2019","CDR.raw.2020","CDR.raw.2021","CDR.raw.2022","CDR.raw.2023","CDR.raw.2024"
4,"AFG","Afghanistan",NA,NA,NA,NA,NA,NA,NA,NA,NA,NA,NA,NA,NA,NA,NA,NA,NA,NA,NA,0.932366349802434,0.960427627985691,0.95791046773446,0.959915923507556,0.934442644842359,0.897708938892303,0.868423197268234,0.783781446733121,0.662315666423171,0.368242480253151,-0.0284722625108959,-0.147544932953946,0.337501139476675,0.131958528468169,-0.065698601591825,-0.189033748783681
8,"ALB","Albania",NA,NA,NA,NA,NA,NA,NA,NA,NA,0.147232366204006,-0.0724732625834295,0.586144265093701,0.84164550847496,0.954324506322782,0.971994730464595,0.967435421905883,0.918997164256102,0.836391654109144,0.812745782527269,0.762777411504568,0.752547259594777,0.747450721702211,0.725264509096147,0.824916990950533,0.84609520550534,0.805872921047683,0.52021925040252,0.37973968679004,0.256052054375273,-0.0532072249223365,-0.235099508045281,-0.176692271996641,-0.46664938676679,-0.550937852741893,-0.480151412166443
12,"DZA","Algeria",NA,NA,NA,NA,NA,NA,NA,NA,NA,0.611109226309778,0.334671294489783,0.0939829116755804,-0.0661066669498241,-0.167998826520345,-0.304560869897513,0.238470142540679,0.504089672016683,0.56277280188963,0.899311595806835,0.942997829931537,0.945800847813602,0.947767736006011,0.944631497019903,0.954113100714776,0.952834115383732,0.986555473984972,0.979961490754038,0.979883778604912,0.97956988221321,0.976367879205541,0.960308957608811,0.939675915294752,0.923570607202493,0.92751853602747,0.892207994399785
20,"AND","Andorra",NA,NA,NA,NA,NA,NA,NA,NA,NA,0.983054685687631,0.988657410625938,0.96875356723407,0.954330169988711,0.914133186748016,0.926061218005133,0.946397681225248,0.871722210081364,0.790498280078481,0.693250887806541,0.497903588593983,0.400317442612925,0.309333388233895,0.508699500155105,0.718832483324577,0.845958639946255,0.921460235078666,0.874337793695156,0.817349005611394,0.677414226830859,0.574948935532212,0.645407165228249,0.463878702650275,0.164525660894919,0.0285788876810005,-0.0595561209524986
24,"AGO","Angola",NA,NA,NA,NA,NA,NA,NA,NA,NA,0.367001084149305,0.52840580134314,0.69902487089357,0.798884727709997,0.835904418326211,0.706807845537121,0.0941141974475556,0.144424450300373,0.322553024507339,0.601706733183676,0.786320579613962,0.806050667168546,0.835246662801006,0.862145457664698,0.930412138301447,0.969165375412443,0.96726344440883,0.954564526505869,0.870581995604094,0.740097965856211,0.396614929225714,0.23634672580203,0.340683077274822,0.643577641546552,0.725997527342446,0.488332526064761
660,"AIA","Anguilla",NA,NA,NA,NA,NA,NA,NA,NA,NA,NA,NA,NA,NA,NA,NA,NA,NA,NA,NA,NA,NA,NA,NA,NA,NA,NA,NA,NA,NA,NA,NA,NA,NA,NA,NA
28,"ATG","Antigua and Barbuda",NA,NA,NA,NA,NA,NA,NA,NA,NA,0.982170087610207,0.986289645793197,0.966617706022957,0.930038189816452,0.928006522413431,0.939861773347246,0.950504768692462,0.93897488410182,0.929785805724707,0.939884087331789,0.90685681363641,0.847997367264583,0.730435419091388,0.5464170592747,0.280289362709931,-0.104728173463497,-0.543796246175119,-0.366153681631057,0.0713708984653365,0.900293459147627,0.985276489729396,0.790338796356248,0.671783028767337,0.686793551896776,0.671513448397907,0.703130810152943
32,"ARG","Argentina",NA,NA,NA,NA,NA,NA,NA,NA,NA,0.867828975403893,0.85169422313594,0.852674267925177,0.869800855623968,0.824060660359524,0.795576343708618,0.839612656257314,0.906523789387338,0.923029791727372,0.963959811316839,0.968398236161598,0.967692741047151,0.962523487250828,0.957132136830242,0.964779835809751,0.944187401025904,0.917183959114368,0.887449800809274,0.823231515255911,0.760178361759573,0.39409861326118,0.905790069198925,0.860048865163492,0.81163305490165,0.726581253998544,0.63889566787766
51,"ARM","Armenia",NA,NA,NA,NA,NA,NA,NA,NA,NA,0.868720303071852,0.681231896924535,0.0535989601973652,0.524083982676879,0.454481802531725,0.496903704930541,0.774199299102221,0.85192972763584,0.911896017677907,0.947825466098863,0.926849616343295,0.919597129229083,0.949449879363902,0.92184285742226,0.907446286155853,0.880344664381979,0.883524864916039,0.770473456119656,0.737147103830601,0.789200457891306,0.807036829792268,0.726159896235306,0.710034625095809,0.861401378117012,0.863638385178987,0.840784823103694
533,"ABW","Aruba",NA,NA,NA,NA,NA,NA,NA,NA,NA,0.988050593588746,0.68067023116226,0.803312087866602,0.868566932304823,0.922907212641376,0.925885075094625,0.929485185456174,0.922072830795339,0.886672555715467,0.794503478325797,0.830437269768572,0.788560790159494,0.799267786024448,0.47031477984391,0.267104699531798,0.113352534400423,-0.0840387849154182,-0.25782026703722,-0.511331675228703,-0.763725186737468,-0.73351265134238,-0.391536131945228,-0.326702018261606,0.42067516309089,0.461552171923777,0.638883985152271
36,"AUS","Australia",NA,NA,NA,NA,NA,NA,NA,NA,NA,0.996490278677714,0.996887707584002,0.997351850686682,0.996391752347086,0.9956855795934,0.99704386889104,0.995162498281632,0.995171952582025,0.996799605487558,0.994879315697515,0.992924573717936,0.984344306359934,0.957810812475301,0.917290185456677,0.749209657147809,0.343834573663194,-0.00920313767640184,-0.0882498997854165,0.114646441502269,0.373753601245753,0.604855911317337,0.465278435642826,0.127560744262469,-0.180835153042771,-0.474726377669192,-0.730798537461419
40,"AUT","Austria",NA,NA,NA,NA,NA,NA,NA,NA,NA,0.633535354081818,0.599209778985022,0.8201986901134,0.833429113427982,0.795764474985582,0.79344382332456,0.816042165045713,0.843007252009186,0.736466273124537,0.569686376614845,0.201495468906151,-0.132931106966153,-0.48395545934804,-0.7582137275565,-0.783733492007774,-0.785004770345999,-0.68781622700338,-0.49987486289992,-0.226981262329353,-0.235233488597788,-0.251143157477896,0.0502400667599762,0.188884333342045,-0.220463573016414,-0.417672046881565,-0.594279483494323
31,"AZE","Azerbaijan",NA,NA,NA,NA,NA,NA,NA,NA,NA,0.791109585437301,0.722772247905935,0.56559731298076,-0.105657020354825,-0.408764894498744,-0.183873735938858,0.544031875435689,0.781879898832926,0.416585503604024,0.557836458129476,0.225390342218203,-0.0935600135686802,-0.284280648427474,-0.41917171841815,-0.429454980546273,-0.310862653398696,0.0318855521922136,0.533633488195236,0.541758483482568,0.872531020256182,0.867231766279642,0.844843957509288,0.77127035674902,0.890980984382795,0.931273348316675,0.850128076110922
44,"BHS","Bahamas",NA,NA,NA,NA,NA,NA,NA,NA,NA,0.338698422954634,0.524685899082644,0.652881425808006,0.763204640402147,0.770108279305784,0.759507494938211,0.649849846700308,0.403276760629381,-0.563883556622774,-0.752472227807032,-0.660257490041722,-0.541962717908136,-0.695986266310675,-0.596296040429637,-0.61801884907398,-0.607588183129025,-0.421719656988716,-0.292295614218369,0.383211732560756,0.605440303802852,0.727868175957678,0.618453769858607,0.441640468913277,0.631696557118016,0.735068793458857,0.834479164512076
48,"BHR","Bahrain",NA,NA,NA,NA,NA,NA,NA,NA,NA,0.916720538434109,0.93306846201934,0.919303555425716,0.930399954716083,0.974759633869541,0.955297514592467,0.971146563189257,0.973924038852325,0.980289336134263,0.981413178239561,0.979276108209255,0.978416378307685,0.967092217050705,0.903174839832622,0.894850547023188,0.87358998360871,0.873243131917425,0.826870124834873,0.826263457867013,0.888749899518459,0.866159114696002,0.82826853389288,0.821342606885141,0.775802195219295,0.808466988822425,0.792436934934977
50,"BGD","Bangladesh",NA,NA,NA,NA,NA,NA,NA,NA,NA,0.98021922647068,0.980451211322512,0.979393123093507,0.981219925913463,0.983341416041875,0.985371505830685,0.988405663375745,0.990778219929669,0.985507492960743,0.985147013853869,0.989419363452143,0.992143085748275,0.993376474955874,0.99428013177455,0.99461882101688,0.995349961298828,0.992286536578084,0.995364357173147,0.995821900725307,0.986157455928446,0.985567273606907,0.982094621010924,0.975925817518805,0.972229218035377,0.969530178967727,0.988489332194226
52,"BRB","Barbados",NA,NA,NA,NA,NA,NA,NA,NA,NA,0.687771172205632,0.788597681074418,0.855738911210727,0.985738426560221,0.984243809941223,0.980304598924879,0.96917466210671,0.937835887441157,0.938969273461534,0.865167047671545,0.803169192382539,0.773947526585204,0.687451339915309,0.537855220359605,0.368207196370547,0.373654602530565,0.492731956597985,0.623638223713636,0.843530995067585,0.818498369569023,0.712922126209054,0.691174535929752,0.7715766307875,0.733419426776332,0.777872170770024,0.7543088296258
112,"BLR","Belarus",NA,NA,NA,NA,NA,NA,NA,NA,NA,0.854996761055749,0.629149398626356,0.135212365536949,-0.382089129689825,-0.797723577508526,-0.663844593721019,-0.339295779751879,0.209673540841908,0.572721424406985,0.860640753461219,0.925319566156537,0.923044810140125,0.863817954063148,0.834246200299372,0.81148606065918,0.755512834642783,0.301282926285399,0.258778124356823,0.0919304374564754,0.339741376178508,0.421785253414153,0.580988949652116,0.495510614300139,0.5281467657097,0.266244647265004,-0.157823203799502
56,"BEL","Belgium",NA,NA,NA,NA,NA,NA,NA,NA,NA,0.618818951147497,0.511336578987635,0.42620701805657,0.333753704075995,0.137614504128197,0.125606181420455,-0.104773120731365,-0.116554922260573,-0.673087528078558,-0.682333964494805,-0.66547790186412,-0.7220780626766,-0.795993074692352,-0.832934564915768,-0.858471303903215,-0.86265055009084,-0.82788335751873,-0.761145931674271,-0.73484567920514,-0.707941136134896,-0.624026379129537,-0.419848737762488,-0.431880784002002,-0.629394685590122,-0.731486721736437,-0.833031493455425
84,"BLZ","Belize",NA,NA,NA,NA,NA,NA,NA,NA,NA,0.120291506942813,-0.0162616494218672,0.637088489188661,0.715839702967102,0.76997458360386,0.664332189309275,0.684168150450069,0.6488137796939,0.73307010217784,0.655296018151964,0.473882618705847,0.42521535609399,0.560314884177154,0.589261309919819,0.471316533560741,0.267680289939889,0.5583254444185,0.649688948354856,0.677541966764408,0.654310049152691,0.7212382280848,0.601602459684452,0.656769981400411,0.546950576404128,0.585529895271404,0.831359342361405
204,"BEN","Benin",NA,NA,NA,NA,NA,NA,NA,NA,NA,0.965068498218476,0.964239261760455,0.970136273805747,0.956739107091288,0.948687827370832,0.958701635040972,0.961860606554139,0.958683248850045,0.968277511796656,0.973157212685232,0.983220227312575,0.983566133449906,0.975449268625723,0.939648658485771,0.878169244243975,0.830292096679431,0.887931267806578,0.899782060619688,0.913140567447675,0.925281880000958,0.828786130545726,0.836104807711046,0.830097769838454,0.841688368778513,0.823799428199844,0.86002645666745
60,"BMU","Bermuda",NA,NA,NA,NA,NA,NA,NA,NA,NA,0.115369299027721,0.00473716879682084,0.181519109896383,0.0886828122566496,0.466611037708686,0.65628399627706,0.76916327124798,0.822861255078275,0.8607586326661,0.901446172631548,0.756550570628603,0.734640449171065,0.741736524731677,0.87189565153006,0.807473494419333,0.500913366458725,0.485311940173757,0.338750569573043,-0.00712079574491214,-0.363704883285949,-0.247429039161999,-0.171282398406082,0.147900557896802,0.271109112074786,0.0458082681696609,0.0435228138884372
64,"BTN","Bhutan",NA,NA,NA,NA,NA,NA,NA,NA,NA,0.95064408122766,0.944190000521103,0.951207530360902,0.949900725767035,0.930749448096967,0.838120034825332,0.87212767746506,0.601386443471816,0.210621630156798,0.481022803327616,0.614801730286681,0.75102690293922,0.855605118726112,0.915108503089935,0.942489853293138,0.957012197447815,0.985522669936668,0.985495505234229,0.991836131556332,0.989624935526489,0.947527808448673,0.826850775659798,0.742225234373782,0.649616978220364,0.583918962307395,0.51503270072038
68,"BOL","Bolivia",NA,NA,NA,NA,NA,NA,NA,NA,NA,0.267710140680846,-0.166412077672648,-0.328556990169348,-0.194845375601683,0.169148163276463,0.214825300948058,0.297017383724088,0.437960115986573,0.726884523550515,0.843723871963491,0.922423069679294,0.946201389608676,0.973660198274213,0.968402227292356,0.974829122664438,0.977687504494124,0.985167082088421,0.988138603315549,0.988876993704293,0.988599052472839,0.988992441439046,0.960189099643448,0.944587604250129,0.942223125690961,0.924952323381747,0.825183218624664
70,"BIH","Bosnia and Herzegovina",NA,NA,NA,NA,NA,NA,NA,NA,NA,-0.166736427015999,0.132499600381773,0.360509916944059,0.698874393523147,0.979493812384326,0.981574788581765,0.983148479398747,0.974215866986682,0.959311221760876,0.962949344605646,0.961604775174013,0.956310069020067,0.904156565282189,0.894330441862587,0.874956155581518,0.745199564982087,0.26387516484562,0.0635556769051612,-0.0283029038707198,0.066644954069236,-0.0682752375360474,-0.123258432726173,0.13726931092765,0.242868559669302,0.219326739816649,-0.212547480180939
72,"BWA","Botswana",NA,NA,NA,NA,NA,NA,NA,NA,NA,0.506171401790687,0.6307654874132,0.659187385145495,0.705568707115511,0.806814819643284,0.846116514218134,0.876827414677887,0.81870307150757,0.821688097648409,0.837647580436145,0.8711720171942,0.835145807279231,0.680132557598094,0.707249410697162,0.815745975098577,0.888291111226754,0.902104232699006,0.91737743036641,0.93652814826914,0.951825416770354,0.949924265407444,0.937041598256745,0.847545544155382,0.777566419368079,0.693448114486852,0.763109692605403
76,"BRA","Brazil",NA,NA,NA,NA,NA,NA,NA,NA,NA,0.971357722779931,0.972666561338488,0.973367393450299,0.972389201926731,0.950101336892106,0.91544291544701,0.915212767358397,0.927167971616593,0.971718860179363,0.981630876169765,0.965497670621482,0.963508755474402,0.970597305128391,0.959594000465828,0.953496322593052,0.951835283287473,0.953071436311759,0.951612544681327,0.950705639271709,0.930095926449021,0.793860551275716,0.72629299710131,0.658737141514749,0.415757851471101,0.170159505003712,-0.0280655887008032
92,"VGB","British Virgin Islands",NA,NA,NA,NA,NA,NA,NA,NA,NA,NA,NA,NA,NA,NA,NA,NA,NA,NA,NA,NA,NA,NA,NA,NA,NA,NA,NA,NA,NA,NA,NA,NA,NA,NA,NA
96,"BRN","Brunei Darussalam",NA,NA,NA,NA,NA,NA,NA,NA,NA,0.32748421587756,0.131883158953262,0.034990592692646,-0.1170906078259,0.191723646722267,0.0508195395559992,-0.139300788777716,0.398760129184164,0.46240736813463,0.24645472926137,0.107079790078431,-0.0421193775232712,-0.0990655549963779,-0.1278548124529,-0.114022022296868,-0.134910875215992,0.0634824234927067,0.522544663476291,0.454676521459427,0.398502159277479,0.38314185133496,0.475093657744893,0.437819124378225,0.374956859009119,0.589579537554724,0.637503809674801
100,"BGR","Bulgaria",NA,NA,NA,NA,NA,NA,NA,NA,NA,0.907458503830456,0.828219140266013,0.76887960541082,0.572749053077367,0.491532574980306,0.316330309909462,0.226361270878345,0.229772435272164,0.72988276522441,0.914699287208543,0.57460298240012,0.320978771583979,0.376209853278391,0.046341981746288,-0.148968209204719,-0.318243407716832,-0.381956752387659,-0.428605761443279,-0.131090637564845,-0.260972245826542,-0.522094561286218,-0.597135984499979,-0.498316845138839,-0.118660544129909,-0.500893896546611,-0.672924446598423
854,"BFA","Burkina Faso",NA,NA,NA,NA,NA,NA,NA,NA,NA,0.947981339652867,0.953102627184218,0.965784390618928,0.970793596035758,0.975560681184158,0.952202504683415,0.879196859147297,0.86845716274572,0.837051501627045,0.850035095910943,0.896940530913385,0.918399990488144,0.945276776969878,0.96262940105326,0.980958021793376,0.983407788364362,0.961747254084289,0.962418966902609,0.968363496295435,0.979962237346514,0.99006120110897,0.990739732320071,0.99061579171854,0.990847731831553,0.980615457184141,0.97607062130956
108,"BDI","Burundi",NA,NA,NA,NA,NA,NA,NA,NA,NA,-0.780869151858595,-0.77320639646166,-0.549178301928601,-0.381399058934821,-0.301248371208523,-0.618736904382552,-0.808321508690871,-0.741004613952939,-0.657299285624589,-0.487969504893277,-0.191740489916758,0.653688330308261,0.817337920738318,0.901259482495803,0.934639857929909,0.89361522886218,0.840707487646666,0.827845355883727,0.823618932712982,0.830801602129865,0.843764406053346,0.871120020302727,0.939812882719963,0.969240915616952,0.993756894989841,0.983467778968389
132,"CPV","Cabo Verde",NA,NA,NA,NA,NA,NA,NA,NA,NA,0.95319163305789,0.978470356545284,0.965161382476344,0.965679196581427,0.963313760255278,0.968113899168461,0.971164761748974,0.977791134530866,0.953619083675884,0.886155844308771,0.885706315220071,0.914163858698213,0.887521325955191,0.800893346335801,0.667526341085491,0.451279995129361,0.116901367866652,0.0206313667177852,0.211066122365777,0.252937473849083,0.548907000149953,0.645632778300101,0.854449344816014,0.857061606800928,0.760537588327288,0.696538113970938
116,"KHM","Cambodia",NA,NA,NA,NA,NA,NA,NA,NA,NA,-0.00648798987299228,0.270746550449613,0.564891402000147,0.766794422179799,0.943642179013685,0.908201223155206,0.829057958633512,0.878820194372106,0.890371951215874,0.914919477355241,0.91754528616409,0.927963538767617,0.956186408614959,0.972868362136621,0.970201564466682,0.973787522629153,0.972086779617939,0.948715166056532,0.956358390664162,0.967090028225553,0.964561991594288,0.947851191122366,0.957885520459798,0.966804665311002,0.959853250388163,0.930118406450156
120,"CMR","Cameroon",NA,NA,NA,NA,NA,NA,NA,NA,NA,0.191671802755095,0.41643305370795,0.498511453597362,0.470615297616965,0.327736439617475,0.183180025161398,-0.0161615551630234,0.44818722834698,0.597446516179157,0.717775372089563,0.765051722483835,0.844379910173502,0.884699993537649,0.821955400993144,0.748503483044242,0.733376663599062,0.768353709565484,0.825793647564143,0.820269848071114,0.81186586465582,0.841275821424278,0.857472975991924,0.820449411287134,0.70334221814996,0.433448634483334,-0.47486936537392
124,"CAN","Canada",NA,NA,NA,NA,NA,NA,NA,NA,NA,0.985316389434052,0.989125187816396,0.983200400759029,0.973449058133052,0.976394314074814,0.973180951228364,0.945202465234887,0.86169995711877,0.84236407823079,0.719521612593663,0.153720507619997,-0.00245038172791457,-0.207412252675246,-0.353952867295878,-0.128161069830562,0.0126506322581455,0.0492118306845738,-0.0673648550168078,0.34525183736281,0.742808755422474,0.723774968585192,0.130540624481686,-0.0966578269214091,-0.196633553363714,-0.204637305718595,-0.309326177284746
136,"CYM","Cayman Islands",NA,NA,NA,NA,NA,NA,NA,NA,NA,NA,NA,NA,NA,NA,NA,NA,NA,NA,NA,NA,NA,NA,NA,NA,NA,NA,NA,NA,NA,NA,NA,NA,NA,NA,NA
140,"CAF","Central African Republic",NA,NA,NA,NA,NA,NA,NA,NA,NA,0.785127956483502,-0.0277455918563237,-0.297185400831639,-0.54819273272206,-0.631622820352501,-0.684088979435244,-0.678518848877066,-0.577200096576606,-0.287792374548098,0.00511162668519512,0.794951454718146,0.863968963285208,0.88563238520877,0.92174791520407,0.926652853322835,0.895486071551652,0.480934365308062,0.125493097698757,-0.0331041820530191,-0.0618974075149354,-0.0110650067577415,0.0820118307272997,0.328486088483833,0.972533540787456,0.971688492054371,0.959641559877126
148,"TCD","Chad",NA,NA,NA,NA,NA,NA,NA,NA,NA,0.846587946425826,0.82708900694309,0.88918609160202,0.977970020676328,0.896719566925474,0.921201511644951,0.916327761694937,0.927501544623481,0.938981550425337,0.90059900508285,0.879648970576601,0.87305557872509,0.851023062826223,0.799217785821909,0.895340552349979,0.937001110908059,0.945666187320196,0.936669650734939,0.930012698180011,0.91090464096346,0.898150410518981,0.817993524513709,0.683206989200129,0.733275102041702,0.798654706976048,0.823475022748714
152,"CHL","Chile",NA,NA,NA,NA,NA,NA,NA,NA,NA,0.954210273732762,0.97768009948031,0.937124258249104,0.878024991556339,0.762355762851367,0.628777842303196,0.516168117873759,0.541854468933772,0.720498338773228,0.809783154719305,0.920066508934487,0.97494679128881,0.975295778230654,0.977896496232742,0.97669550852123,0.942764008071177,0.934951319941737,0.931888591942633,0.94310406314715,0.933723586732973,0.892223569671124,0.776484354430615,0.638290617976421,0.58522039797827,0.207169150892438,-0.210669212900663
156,"CHN","China",NA,NA,NA,NA,NA,NA,NA,NA,NA,0.943492970611356,0.932239056598957,0.919483200059802,0.931133469742489,0.895701518998552,0.917802008713188,0.95205459737563,0.981402114960224,0.991327194613481,0.991397451819197,0.989020301757823,0.989100119990714,0.993435804132227,0.996533656776514,0.992572021600851,0.9815275582055,0.951066771670861,0.892549925864242,0.840639453651454,0.811216638960057,0.841304924014807,0.874425290078094,0.889386572013889,0.913259670148861,0.952680132524399,0.985349166781726
170,"COL","Colombia",NA,NA,NA,NA,NA,NA,NA,NA,NA,0.390135294327998,0.108405968740406,-0.255959622600326,-0.42949881557037,-0.433681419134086,-0.337291215163409,-0.120874295616877,0.154069815512396,0.389323942978389,0.87104085703391,0.872446952416128,0.899441570808234,0.930072546295639,0.944349328027025,0.962224085921138,0.963672540266619,0.969746904079864,0.967143120641168,0.905034046372434,0.8852890147887,0.875474257966587,0.839805554415503,0.823204987818082,0.390760809314277,0.129090733142288,0.122903009713505
174,"COM","Comoros",NA,NA,NA,NA,NA,NA,NA,NA,NA,0.873861014670935,0.865851928686946,0.91901572743036,0.904874767179726,0.922359960843577,0.94491799876678,0.934653106890164,0.927414063269816,0.74989627766047,0.51148041996638,0.415771305054733,0.441833449206866,0.300809615248633,0.215228873467233,0.468099813879185,0.590224946967878,0.675041549769798,0.929952178551122,0.893487233034938,0.898643765491118,0.922097144787859,0.938302940631676,0.887174173489012,0.912771640805581,0.942213418903768,0.938277478824826
184,"COK","Cook Islands",NA,NA,NA,NA,NA,NA,NA,NA,NA,NA,NA,NA,NA,NA,NA,NA,NA,NA,NA,NA,NA,NA,NA,NA,NA,NA,NA,NA,NA,NA,NA,NA,NA,NA,NA
188,"CRI","Costa Rica",NA,NA,NA,NA,NA,NA,NA,NA,NA,0.922544680729259,0.895298669523284,0.871137739204971,0.872508252513641,0.892916790819286,0.969884944951523,0.971458408242942,0.960528474961459,0.969972083744668,0.9705786723797,0.963332504127998,0.922484675579168,0.823129080530959,0.634185151059149,0.528653415081948,0.438175163923939,-0.0271123800231059,-0.259022464576702,0.22393253109224,0.618975957160813,0.731778621509637,0.307336950091572,0.233060157771851,0.248072823266574,0.516896439111048,0.733920364108334
384,"CIV","Cote d'Ivoire",NA,NA,NA,NA,NA,NA,NA,NA,NA,0.7649572469475,0.757941279713864,0.750043743303568,0.690836947073455,0.579963518614721,0.136355064735926,-0.115437493155238,0.0968004179352142,0.103325751007164,0.0654266083295975,-0.210369883681174,-0.29963838925867,-0.298166742410876,0.230929454784702,0.519908464346108,0.75731512580587,0.844483329345897,0.914041822715424,0.93451019878227,0.874357359895821,0.799939399134306,0.769159722619627,0.762886139270926,0.778549801659253,0.808249279169251,0.833399649825726
191,"HRV","Croatia",NA,NA,NA,NA,NA,NA,NA,NA,NA,0.930163643415383,0.85901312194606,0.925028637631779,0.938971659992737,0.98266331139242,0.970416456078064,0.952486570912295,0.933799595252607,0.949400832616305,0.918242778912589,0.811155614534925,0.569172370211339,0.265069253389539,0.205386831171986,0.443960195189185,0.69913996637541,0.85984713453392,0.809817436781183,0.568033305896903,-0.130683612532049,-0.304484155151133,-0.27124865963191,-0.357404952066854,-0.247720503436307,0.201434442621533,0.346409928082854
192,"CUB","Cuba",NA,NA,NA,NA,NA,NA,NA,NA,NA,NA,NA,NA,NA,NA,NA,NA,NA,NA,NA,NA,NA,NA,NA,NA,NA,NA,NA,NA,NA,NA,NA,NA,NA,NA,NA
531,"CUW","Curacao",NA,NA,NA,NA,NA,NA,NA,NA,NA,NA,NA,NA,NA,NA,NA,NA,NA,NA,NA,0.93408512718881,0.285633183591172,0.242604449036389,0.297596339569666,0.241596788942783,0.152295332767137,-0.0357618437037319,-0.429858221877674,-0.0576854487658428,0.336718280857438,0.69925389722224,0.806962711386933,0.867829738053661,0.872636968506602,0.855526441465537,0.795843975875689
196,"CYP","Cyprus",NA,NA,NA,NA,NA,NA,NA,NA,NA,0.95155989295617,0.976725842835351,0.963588996509955,0.962926988759663,0.963152169843558,0.971560575826306,0.982689918103055,0.983766775315754,0.984787863868568,0.98601732230862,0.984417597254436,0.931563323762518,0.774403042562367,0.412635035304955,0.332300379456751,0.499062728084614,0.666241444488027,0.744624659059445,0.668957226822451,0.460242999698202,0.45261414485002,0.371150190355528,0.250139693378769,0.217851409401638,0.00964914998075438,-0.0505368491133289
203,"CZE","Czechia",NA,NA,NA,NA,NA,NA,NA,NA,NA,-0.313553453805733,-0.787046936338903,-0.713372132289046,-0.633472996020394,-0.361322741436343,-0.119196490411062,-0.0506341785027966,0.160909770903521,0.458532597725975,0.262135830075632,-0.401823674268808,-0.477260176493316,-0.528876002927722,-0.628169633930062,-0.594164575367368,-0.57485172501438,-0.63876383984811,-0.545722096841152,-0.49221251104711,-0.566717441331275,-0.637610868294604,-0.571732760870419,-0.570765449426183,-0.559179143541831,-0.594947085527736,-0.691993078670146
180,"COD","Dem. Rep. Congo",NA,NA,NA,NA,NA,NA,NA,NA,NA,0.694448925940894,0.522351603786151,0.645576241935008,0.858244579957048,0.933946188607588,0.905938203920945,0.785491389989596,0.621743851449172,0.774585063611498,0.943380590099492,0.93860687052177,0.938310944755355,0.951943864888537,0.904779117641745,0.904249567090788,0.888663963079916,0.764919268682845,0.535698703781608,0.392857363896648,0.401422021656225,0.358884599894473,0.325927375255989,0.320626867706641,0.492203499027713,0.706046810786872,0.940235437073092
208,"DNK","Denmark",NA,NA,NA,NA,NA,NA,NA,NA,NA,0.288879005768004,-0.240175644559364,-0.343452270194138,-0.569688311898423,-0.689823036361059,-0.742730794192522,-0.88412379426783,-0.581268144066595,-0.406738484352918,-0.361806412762261,-0.214223896282427,-0.279212864024314,-0.29616222642914,-0.265463496325989,-0.0139739932010111,-0.019814152864463,-0.241818810015441,-0.499509525292297,-0.729090951045488,-0.839624209428464,-0.854388124055227,-0.875355929633344,-0.87709528408037,-0.873708244839278,-0.857742241375248,-0.82350797029492
262,"DJI","Djibouti",NA,NA,NA,NA,NA,NA,NA,NA,NA,-0.605243999691054,-0.594884762066062,-0.527717535691243,-0.204988446804034,0.322296954059946,0.627105846056349,0.726625066563461,0.754483135366194,0.855659072930053,0.928228293832775,0.8884760276693,0.903374080068393,0.0515265493965304,-0.389719308565092,-0.436436871774989,-0.395857877028743,-0.0949354201351454,-0.0931052426448324,-0.0499956564497051,0.225812405561837,0.492316973136519,0.807658449107619,0.807438303486718,0.782329346544024,0.75250260669958,0.72555241747483
212,"DMA","Dominica",NA,NA,NA,NA,NA,NA,NA,NA,NA,0.864534169931489,0.863750890993549,0.847781594452497,0.799148560454649,0.80179908879328,0.86343849400733,0.939940745157725,0.913151316572573,0.930106378931656,0.905527735990322,0.941309833920761,0.936698312889072,0.871373085110077,0.802638516885745,0.654231300434465,0.56175266878781,0.464547258424038,-0.140683886528288,0.371628180217573,0.351191451410197,0.337552647632282,0.374433049476282,0.587485942597924,0.600549022364755,0.708140028835406,0.731137554472505
214,"DOM","Dominican Republic",NA,NA,NA,NA,NA,NA,NA,NA,NA,0.955282756906949,0.949166496910922,0.935683580067219,0.93663405437238,0.939034254626366,0.797751809006215,0.496110422604735,0.287555393505544,0.250302968437809,0.257744828398026,0.146205056868993,0.218723668731258,0.307403570090538,0.556996254518034,0.954231734103217,0.924845233661117,0.941290485284844,0.944163852301238,0.950994506741251,0.970382253359103,0.941113851695306,0.940127701612148,0.957048120126435,0.971224979225539,0.97770338256789,0.979309706592032
218,"ECU","Ecuador",NA,NA,NA,NA,NA,NA,NA,NA,NA,0.437485384080934,0.275919674220858,0.096500358829893,0.278610106521073,0.642978765241217,0.725313635877469,0.861467360358877,0.943742328657895,0.967050936806912,0.912389931416586,0.913086954218033,0.91597926793633,0.92373837975518,0.903287967125286,0.901329262659702,0.921450261175576,0.917865672703137,0.884587264842132,0.841525141124116,0.713575864354795,0.541118976762367,0.252284208316888,0.232268007873191,0.302526413230144,0.537433195551075,0.778703474337564
818,"EGY","Egypt",NA,NA,NA,NA,NA,NA,NA,NA,NA,0.981694180716822,0.986108751179749,0.946813611665562,0.917672658147056,0.923871200330911,0.920697844889223,0.922253229838127,0.927822278595751,0.940492790429482,0.954573559013106,0.960389699381989,0.957110067451485,0.965358177366236,0.973816380968145,0.969941774558685,0.973873510524789,0.961598623932509,0.954623891127856,0.960216932820879,0.908059284835628,0.76281123649696,0.746511177571133,0.809730855794331,0.727527464549345,0.621947871059591,0.582453963938347
222,"SLV","El Salvador",NA,NA,NA,NA,NA,NA,NA,NA,NA,0.97376452342285,0.969625021556206,0.964864511795912,0.950780646683114,0.936373653161526,0.9247439495481,0.910296067756274,0.940984322833757,0.946899701410872,0.851750764791124,0.771152795183305,0.623832213061296,0.46383288445542,0.234526132237089,-0.118565423384218,-0.471818976018352,-0.354695946235708,-0.038542711267257,-0.115701767408462,0.0279169528692931,0.464853090895298,0.451882906742383,0.613112113865893,0.807374476792111,0.874828047373195,0.912413620193772
226,"GNQ","Equatorial Guinea",NA,NA,NA,NA,NA,NA,NA,NA,NA,0.898473167901338,0.909884371792813,0.886257147780184,0.846707191837906,0.907284737497327,0.908867572164369,0.935413043087102,0.94233827742384,0.918355775331687,0.881627945791279,0.772910157493537,0.737395293450382,0.671739132335856,0.549995996509883,0.17613400660471,0.279776690528463,0.286600613870992,0.0763594526498991,-0.112541628887631,-0.09962794703677,0.443552244210524,0.510843070245755,0.60434770207139,0.631776506363329,0.468592909527055,0.261137285567847
232,"ERI","Eritrea",NA,NA,NA,NA,NA,NA,NA,NA,NA,NA,NA,NA,NA,NA,NA,NA,NA,NA,NA,NA,NA,NA,NA,NA,NA,NA,NA,NA,NA,NA,NA,NA,NA,NA,NA
233,"EST","Estonia",NA,NA,NA,NA,NA,NA,NA,NA,NA,0.608029198244415,0.089222910459047,-0.7120402170391,-0.899292414331534,-0.71313707961417,-0.442590825584215,-0.252203952079444,-0.00280549158352166,0.687822742851461,0.784319858155708,0.654695092348006,0.581522322739548,0.565972461937429,0.434879850714153,0.528204168807316,0.586486098687187,0.33229874981583,0.271291500060588,0.230447503072174,0.188788324486484,-0.63453158983855,-0.668467567610831,-0.748630415289132,-0.781524559807591,-0.745752930879106,-0.693146737983538
748,"SWZ","Eswatini",NA,NA,NA,NA,NA,NA,NA,NA,NA,0.65686449164222,0.76009282247882,0.727927321178725,0.600747504065995,0.162255128065861,0.020975933219627,-0.108366686716522,-0.785507390947263,-0.724148192158241,-0.691000490319737,-0.547993320316904,-0.459253727815985,-0.407678058925071,0.331122001744842,0.59590565930412,0.0167678407295201,-0.203234845250702,-0.186059321120538,-0.189220250830366,-0.168120199329946,0.0260846978355941,-0.0073635910083437,-0.104804148754702,0.0497775293530105,0.740266638560184,0.624759165183472
231,"ETH","Ethiopia",NA,NA,NA,NA,NA,NA,NA,NA,NA,0.238784751063673,0.473692652658508,0.71469003870149,0.882598731593435,0.947817944742442,0.955845013518009,0.889508167061453,0.867300525627021,0.886442618650882,0.909458745862171,0.931245694107609,0.936454683017919,0.959424066831012,0.968668330546611,0.951753931023909,0.953000082059599,0.96460137042483,0.974284924399604,0.981710507530492,0.989810181254627,0.991375811375329,0.978058969330243,0.974002003262032,0.950019552379258,0.928576315730012,0.892285625638731
234,"FRO","Faeroe Islands",NA,NA,NA,NA,NA,NA,NA,NA,NA,NA,NA,NA,NA,NA,NA,NA,NA,NA,NA,NA,NA,NA,NA,NA,NA,NA,NA,0.545256240915978,0.718495298901762,0.765783777190044,0.883113407885354,0.897445544374722,0.810459919851617,0.723819276773308,0.604650842497756
238,"FLK","Falkland Islands",NA,NA,NA,NA,NA,NA,NA,NA,NA,NA,NA,NA,NA,NA,NA,NA,NA,NA,NA,NA,NA,NA,NA,NA,NA,NA,NA,NA,NA,NA,NA,NA,NA,NA,NA
242,"FJI","Fiji",NA,NA,NA,NA,NA,NA,NA,NA,NA,0.414351855999845,0.825220964813461,0.652075059891988,0.6509892333247,0.73668167137414,0.813282274298498,0.795344831419963,0.824955486973292,0.81872811191398,0.520432563709793,0.228067822816808,0.0914674481124324,0.0607803413325205,-0.226449834213483,-0.132023008772252,0.413752403988925,0.73133388064887,0.860703666641824,0.944557799844731,0.938268490494563,0.943215329583431,0.88506254712607,0.867301888019715,0.840939955130615,0.754428408480555,0.713819317670445
246,"FIN","Finland",NA,NA,NA,NA,NA,NA,NA,NA,NA,0.41189638528194,0.199090140191174,0.267413532729127,0.286811861826745,0.393713397742477,0.551151954788678,0.183206516798063,0.409046711945439,0.490953283959185,0.179793898920535,-0.0296639918426236,-0.247751593901194,-0.414913605457665,-0.443068555183744,-0.143337084574312,0.247681001993961,0.30369933233091,0.3950805940208,-0.108642897296002,-0.451963949746181,-0.506650044000147,-0.535531582698357,-0.71771147499732,-0.754110329415176,-0.68206516687915,-0.627977735968205
250,"FRA","France",NA,NA,NA,NA,NA,NA,NA,NA,NA,0.320758628141011,0.314511550851246,0.657474212551881,0.79017809181711,0.776113875359453,0.723359951692686,0.681186699368226,0.42622761992757,-0.512453909986984,-0.638794826000857,-0.573329619788069,-0.664218090037166,-0.72884416299513,-0.800929278833065,-0.838061340880761,-0.853000252328285,-0.841865330049078,-0.814881154019873,-0.801978265485506,-0.869514056684425,-0.873692387649152,-0.381535815157326,-0.388681439523967,-0.411815750156592,-0.489207461419647,-0.603507017326268
258,"PYF","French Polynesia",NA,NA,NA,NA,NA,NA,NA,NA,NA,NA,NA,NA,NA,NA,NA,NA,NA,NA,NA,NA,NA,NA,NA,NA,NA,NA,NA,NA,NA,NA,NA,NA,NA,NA,NA
266,"GAB","Gabon",NA,NA,NA,NA,NA,NA,NA,NA,NA,0.875709035693781,0.81561326235142,0.74585803048456,0.691424006139358,0.59631101995778,0.297009624119596,0.00759137933129069,-0.05162946436761,-0.299605469350164,-0.613525985003645,-0.667381269118443,-0.642151358959381,-0.507634759534971,-0.564146433771542,-0.525219991264141,-0.202919096877638,0.320815899029361,0.5212214368551,0.431094983530722,0.463297432627804,0.444710225415839,0.642209048793991,0.744455037231255,0.572890923351163,-0.417866051896222,-0.555097752886872
270,"GMB","Gambia",NA,NA,NA,NA,NA,NA,NA,NA,NA,0.959687771876352,0.977888629285556,0.986574573852973,0.984544788965512,0.977913709204023,0.971587542249624,0.969213371749256,0.940029163969455,0.924336053017076,0.912821380296255,0.919399949240352,0.940832139063617,0.87557849924485,0.884483830152289,0.866670029826635,0.829103145594489,0.786647464430808,0.814982997203954,0.843624070253752,0.85067487735288,0.898916337080258,0.932904750094119,0.927349546437839,0.943202486535844,0.963965640007001,0.961241606648252
268,"GEO","Georgia",NA,NA,NA,NA,NA,NA,NA,NA,NA,0.774396621419744,0.715638162626321,0.41560730903267,-0.302820725293585,-0.193766020387618,0.267698947642225,0.143350695073707,0.559539796760511,0.76860660569221,0.847136925408972,0.883137937885286,0.937739209552486,0.947049031914596,0.946458750695645,0.933114533489555,0.930306848497133,0.930670006063873,0.966345267335001,0.969661253798839,0.944076975666101,0.921709550403035,0.915200344544232,0.895037884427159,0.919706689791667,0.950847263112467,0.921333688816327
276,"DEU","Germany",NA,NA,NA,NA,NA,NA,NA,NA,NA,-0.923002932988987,-0.888206895760185,-0.873531893099709,-0.877629622388894,-0.860299103156692,-0.863463141434968,-0.869166498247624,-0.740786035974115,-0.78654843018573,-0.769754797316633,-0.510194237189141,-0.536081885163788,-0.602401483903145,-0.590636944797684,-0.459256783291316,-0.464141451445977,-0.403610082594885,-0.306150758310318,-0.40460048562554,-0.578879721217051,-0.84442835652135,-0.619183137325778,-0.676338426467075,-0.707862717227904,-0.656904053092207,-0.623254461711095
288,"GHA","Ghana",NA,NA,NA,NA,NA,NA,NA,NA,NA,0.942390009708537,0.897682530221642,0.909696879478983,0.929435701089712,0.947235081562147,0.920186669138632,0.800023212338467,0.816593785796362,0.876322362735226,0.877107021903281,0.685150809502252,0.704947128994021,0.792970205475531,0.87240453896391,0.906772881857194,0.91891574955597,0.919793338122955,0.939587820836557,0.901286639659488,0.901812041083803,0.899592952494143,0.861243826291016,0.860861321401384,0.897171204956225,0.897251441816663,0.895771183389948
300,"GRC","Greece",NA,NA,NA,NA,NA,NA,NA,NA,NA,0.978266677230397,0.986483815260815,0.985212229683314,0.963474847956846,0.956835875890525,0.938930279383495,0.956020513954524,0.953885429149882,0.959346053374783,0.918640655202331,0.712761097926262,0.422414611881353,0.569082633051239,0.760101617138189,0.885117545676943,0.917889238801873,0.949517934284668,0.937109194221013,0.915650169192574,0.843404417810231,0.625587869348643,0.541233592652752,-0.0353040566747064,-0.36160300607279,-0.519754875564063,-0.585647198709774
304,"GRL","Greenland",NA,NA,NA,NA,NA,NA,NA,NA,NA,0.453977266567797,0.695439590774489,0.715777552705189,0.69443859819624,0.727220957317623,0.573909090929032,0.390963298266383,0.412782827631547,0.454691959077304,0.465557229992809,-0.0691438149028782,0.301470136184495,0.436151717569267,-0.105894877251164,-0.136286709437928,-0.411917477022257,-0.529880286463201,-0.634296990765828,-0.694941023009485,-0.653216283188842,-0.660560292565987,-0.529354297875678,-0.215409933441925,0.2760481795817,0.730796950787625,NA
308,"GRD","Grenada",NA,NA,NA,NA,NA,NA,NA,NA,NA,0.858088384676458,0.876179116612448,0.922152185209359,0.957071438528414,0.982170659882306,0.978199646388994,0.95749136920619,0.955362595609772,0.946752809107381,0.90217018412312,0.864416096306957,0.78652683753519,0.708029656363191,0.494404409756127,0.290928179828682,-0.215141805927461,-0.0343612904137493,0.0593148687050671,0.376123029671935,0.590518366716508,0.682721473904386,0.647017034390885,0.570714305139206,0.583456853492997,0.852207023870846,0.850967475570058
320,"GTM","Guatemala",NA,NA,NA,NA,NA,NA,NA,NA,NA,0.973841317473952,0.975597959609448,0.975203243003495,0.98258890435509,0.973778491808973,0.975734459555749,0.981272460621645,0.977441686664723,0.948095947286728,0.7404661632571,0.678880429371749,0.416078677180713,0.120261257118838,-0.0267337440986782,-0.0142294815466638,0.267305486113342,0.664707616846767,0.858156504522627,0.945212220139014,0.95810965074404,0.990266612869316,0.979302195336781,0.972576097986035,0.914910985201564,0.88108267965621,0.869792701260301
831,"GGY","Guernsey",NA,NA,NA,NA,NA,NA,NA,NA,NA,NA,NA,NA,NA,NA,NA,NA,NA,NA,NA,NA,NA,NA,NA,NA,NA,NA,NA,NA,NA,NA,NA,NA,NA,NA,NA
324,"GIN","Guinea",NA,NA,NA,NA,NA,NA,NA,NA,NA,0.991058749686758,0.989266335185452,0.990238535430153,0.994858698687099,0.9948768603356,0.995238523570528,0.995717506732878,0.995165306220146,0.992069724143855,0.983109341958955,0.976047850269319,0.937740052477689,0.953862156816579,0.918259594494346,0.719759101086993,0.677136443343563,0.647546179471746,0.689072136908694,0.783615048300767,0.798415301439042,0.825401333563509,0.870344561767056,0.859790334161759,0.817302250224123,0.69756167855762,0.545475286867398
624,"GNB","Guinea-Bissau",NA,NA,NA,NA,NA,NA,NA,NA,NA,0.757428354053833,0.0756961237356273,-0.184282154889754,-0.28895563410295,-0.27167647905208,-0.315250804747306,-0.075916971080235,0.194107656164394,0.199484718899062,0.619256653255104,0.834798422361376,0.774341124591595,0.700053653875167,0.678416683181525,0.724103955354718,0.686982915748947,0.738283597744861,0.897493847134887,0.910596469688926,0.96991211792647,0.964586732134596,0.947854462328234,0.956057812182105,0.961414978192588,0.942092120251612,0.917975160996926
328,"GUY","Guyana",NA,NA,NA,NA,NA,NA,NA,NA,NA,0.945026933249246,0.961653019207366,0.962585511288908,0.915619176020342,0.887085671906001,0.794472348297004,0.37151988626092,-0.484578455806002,-0.184276239189375,-0.163003472658055,0.199179430259536,0.348548433976766,0.500680073007106,0.558101573137587,0.647850731891604,0.861025804088534,0.828795647062878,0.81873156555336,0.838070437199629,0.839837545584015,0.896367355609779,0.9481616620099,0.891865901198889,0.967337702646203,0.95113080721853,0.908791057175264
332,"HTI","Haiti",NA,NA,NA,NA,NA,NA,NA,NA,NA,0.739339188046006,0.785726670721832,0.90011037393079,0.945251965234328,0.959867235749192,0.911642597915217,0.859839619899378,0.784684321472126,0.720839444329448,0.60741840877623,0.741708611100612,0.682514676918186,0.700541452381618,0.791201051597416,0.828567293554882,0.869074788379813,0.886199166910435,0.912736332371076,0.921709262837211,0.927178822467077,0.968679864218421,0.927893605385434,0.733742418602925,0.546878720968683,0.481918134450033,0.415032837437599
336,"VAT","Holy See",NA,NA,NA,NA,NA,NA,NA,NA,NA,NA,NA,NA,NA,NA,NA,NA,NA,NA,NA,NA,NA,NA,NA,NA,NA,NA,NA,NA,NA,NA,NA,NA,NA,NA,NA
340,"HND","Honduras",NA,NA,NA,NA,NA,NA,NA,NA,NA,0.974800477368544,0.976748172592114,0.971876045545715,0.962511028308217,0.934308314869024,0.920028694862155,0.944011783899351,0.959957556374208,0.961460872534292,0.972920786386848,0.963558009274088,0.960319070647309,0.95953241524344,0.959097410048987,0.95807110237873,0.973131196065138,0.944257971053496,0.914095551135313,0.893601310597257,0.823973857831603,0.826979173872643,0.762444035647226,0.75981112354377,0.789453597866758,0.823532278499084,0.853807721231774
344,"HKG","Hong Kong",NA,NA,NA,NA,NA,NA,NA,NA,NA,0.470803645309261,0.458140519273085,0.348546042100951,0.411693532483387,0.600535175798463,0.548574655920901,0.540620707398857,0.458321746586026,0.607519539278182,0.572100752371053,0.701157945356165,0.478494208869732,0.338018910957367,0.0212002741254134,0.348869027440269,0.428346531977692,0.471751928570507,0.424559396399233,0.410840342916485,0.35809034698183,0.118617156036216,-0.15297136501314,-0.286524446674551,-0.211471197591157,-0.132037030564219,0.0120850696877456
348,"HUN","Hungary",NA,NA,NA,NA,NA,NA,NA,NA,NA,0.359040359590678,-0.530674974796378,-0.830591556188405,-0.86751243518499,-0.568489679321683,-0.533350689316123,-0.486421002975523,-0.36328309454555,-0.368542758625939,-0.412928911778781,-0.195120984010066,-0.276051017200812,-0.248971627936076,-0.146324427064341,0.10971801501379,0.0695168392632476,-0.0296711629632894,-0.180537232685514,-0.145058729634808,-0.0420543913906336,0.206032324161787,0.458996568699969,0.728678854284485,0.50438633051807,-0.148436044761647,-0.547678112668346
352,"ISL","Iceland",NA,NA,NA,NA,NA,NA,NA,NA,NA,0.876778466899717,0.919505659784318,0.958578776057716,0.967508770414136,0.967310129880124,0.973461090254994,0.88093458531727,0.87229443709302,0.904745304248033,0.890130184700548,0.856133072488223,0.838073546329037,0.806933315504915,0.782440013383216,0.714972209363321,0.597577725667375,0.284599893539502,-0.11289767680588,0.00246869715637182,0.171726184976327,0.436049649116413,0.369512507039925,0.339427439726811,0.453423211745838,0.316390190839522,0.460547401129986
356,"IND","India",NA,NA,NA,NA,NA,NA,NA,NA,NA,0.994128666863261,0.997940361052603,0.995811436383074,0.994488398313052,0.989342924348703,0.990145345778177,0.994128305732604,0.995358614393883,0.994549212419863,0.98760193106407,0.987535524047658,0.992003102446315,0.993891018967705,0.995037835232342,0.995534616513878,0.995959566555123,0.993467468504261,0.991577315320101,0.989815665477069,0.991267736998486,0.98947926192809,0.984607496845212,0.989333462254098,0.989314409518163,0.989560023408005,0.992764599396044
360,"IDN","Indonesia",NA,NA,NA,NA,NA,NA,NA,NA,NA,0.891263528210975,0.846133673477026,0.770635203007303,0.743329971059945,0.768205099477722,0.767891418267425,0.796953635138511,0.840643841393441,0.914914435442142,0.912987467412018,0.925022598572923,0.932941179828609,0.931907188118851,0.944057907580998,0.946229927712171,0.931427331978664,0.937666777636976,0.924728105013842,0.921474167798113,0.935804119319972,0.93859393929338,0.929873483267832,0.946663005232957,0.948570073509401,0.959553714400417,0.965196650779153
364,"IRN","Iran",NA,NA,NA,NA,NA,NA,NA,NA,NA,0.816313705404308,0.882741278794988,0.906861036010363,0.908358243821289,0.889568777528645,0.899704286360821,0.9099224462101,0.928648885286476,0.954297135246195,0.972548580255573,0.978047572631292,0.977835350578531,0.984781120951614,0.961956826853922,0.907423939359989,0.865268759489088,0.802550034207235,0.775323998225693,0.831447374682799,0.811406122164036,0.672795825844497,0.709548676322227,0.818938344829836,0.82342632360238,0.81396272856525,0.805529703172797
368,"IRQ","Iraq",NA,NA,NA,NA,NA,NA,NA,NA,NA,0.534903512950903,0.756733335738021,0.821431101645973,0.811880442766483,0.550916642427093,0.517880531782191,0.506426706439365,0.367793497183232,-0.116161672922707,-0.24019462825264,-0.199731936740221,0.00629972024453671,0.236660864407472,0.46014939532705,0.69130968125615,0.795995919719644,0.900136325576007,0.913039179765873,0.965847311072771,0.93611886811117,0.927631956547669,0.898025465801259,0.812742708805488,0.774718771055848,0.745641683598423,0.636112195596902
372,"IRL","Ireland",NA,NA,NA,NA,NA,NA,NA,NA,NA,0.99745891483521,0.997479237742521,0.996247705556987,0.988305389611386,0.973436841632409,0.947016146210963,0.936342134167404,0.897919745815434,0.843036819387131,0.77329352554264,0.222076173277039,-0.0191666069183415,-0.0268018453252569,-0.0147011562487193,0.00105845921928529,-0.190499872721226,-0.224522177955479,-0.171076358408321,-0.196552214552974,-0.0701425179495521,-0.0561710862447535,-0.181263138150848,-0.21235664482444,-0.304807571809548,-0.578645291191446,-0.804336522233537
833,"IMN","Isle of Man",NA,NA,NA,NA,NA,NA,NA,NA,NA,NA,NA,NA,NA,NA,NA,NA,NA,NA,NA,NA,NA,NA,NA,NA,NA,NA,NA,NA,NA,NA,NA,NA,NA,NA,NA
376,"ISR","Israel",NA,NA,NA,NA,NA,NA,NA,NA,NA,0.980707572740367,0.974675500234481,0.982518769021815,0.975265120395513,0.9678266959,0.894073572809202,0.637946265100266,0.58047190589393,0.568589856692847,0.681027629392998,0.59873471841345,0.697748261926986,0.832015760907644,0.864897565010786,0.732720464655475,0.375253446565992,-0.0159104458583763,-0.332706590637852,-0.618633054904394,-0.642174742797099,-0.788027108043847,-0.781283090084255,-0.70124267720871,-0.354035095797259,-0.485946624567279,-0.65209583458806
380,"ITA","Italy",NA,NA,NA,NA,NA,NA,NA,NA,NA,0.860516665748896,0.922715853906658,0.934564945422,0.95170493680852,0.926508167666468,0.906481088766326,0.919900456617764,0.896458183074168,0.80263966305752,0.613753523121522,0.498549462479803,0.504194825432522,0.47842316332129,0.659206541948565,0.85848093244218,0.929471253848712,0.964563996933975,0.942167968680631,0.81759579636012,0.435917181776359,0.25359514099939,0.509026041908887,0.273720362306389,0.222474025043152,-0.00643970753174961,-0.219504546329135
388,"JAM","Jamaica",NA,NA,NA,NA,NA,NA,NA,NA,NA,0.765818441207748,0.711217390170954,0.65286389044787,0.481885453131703,0.461485795422981,0.548283930967112,0.67913031651044,0.830260154254235,0.782047505743598,0.71533011306298,0.211497864999559,0.268996368342062,0.422981979295685,0.633460201992057,0.792062072936795,0.864979270638602,0.895083541206789,0.764549023888984,0.33548726538412,0.0410306278933692,0.56583173427706,0.464767253964315,0.367573639255159,0.283234609666429,0.397331152493622,0.429324045912591
392,"JPN","Japan",NA,NA,NA,NA,NA,NA,NA,NA,NA,0.844637378244782,0.832991458151164,0.795196522322553,0.772056808246301,0.694517888940147,0.744415418930024,0.80053133568396,0.68851582585236,0.744601117670683,0.33381966179923,0.263215562849013,0.223042803217335,0.223209815575878,0.43328619120659,0.714597002324429,0.756056228632761,0.563502440184385,0.316013245252461,0.0416644955027609,-0.220733656579207,-0.729243144735002,-0.549305479288643,-0.525521702255715,-0.425168017572567,-0.387473693402195,-0.31420930681032
832,"JEY","Jersey",NA,NA,NA,NA,NA,NA,NA,NA,NA,NA,NA,NA,NA,NA,NA,NA,NA,NA,NA,NA,NA,NA,NA,NA,NA,NA,NA,NA,NA,NA,NA,NA,NA,NA,NA
400,"JOR","Jordan",NA,NA,NA,NA,NA,NA,NA,NA,NA,0.969697661139978,0.967925979203577,0.969082191599963,0.973431324472022,0.985114689886456,0.991045659590219,0.990897649139584,0.988454161212256,0.983069111418132,0.945174094042288,0.926109187490501,0.877292044218601,0.843128126339586,0.821355316995342,0.779231488516938,0.730953605162693,0.805145443447644,0.833898920845117,0.910413282483355,0.872650003134187,0.754151095784549,0.181280456965437,-0.392155211843749,-0.568910498212259,-0.656431925994872,-0.52551650247487
398,"KAZ","Kazakhstan",NA,NA,NA,NA,NA,NA,NA,NA,NA,0.948853878450199,0.91355274060988,0.629804973507998,0.229621677537919,0.320118388751279,0.638549126281535,0.866280971603524,0.944192191968168,0.970016430671632,0.986062062976779,0.980846987108868,0.982097229996459,0.966573345287274,0.956055228579287,0.946386762106841,0.89910620687617,0.887189160881073,0.906887377042947,0.923206653559822,0.935354727540746,0.840833856876774,0.742572961417457,0.230465281821815,-0.177922298034103,-0.511631796143514,-0.460998155350681
404,"KEN","Kenya",NA,NA,NA,NA,NA,NA,NA,NA,NA,0.96160483334778,0.967462763509444,0.914836947759057,0.703404949153072,0.201409912344335,-0.299373867131001,-0.480942046476205,-0.174433700350503,-0.0430615680231721,0.230917639187405,0.585822081374137,0.859475944681112,0.9459528116428,0.899274966062354,0.868672449700086,0.864670492424284,0.872589411891801,0.888279697357435,0.898704204576588,0.904059344649366,0.958676936293796,0.963627237142995,0.977112605829373,0.965501970519929,0.95221363099933,0.935639616081063
296,"KIR","Kiribati",NA,NA,NA,NA,NA,NA,NA,NA,NA,0.873211979529035,0.833429488665059,0.722894689771854,0.665556572476444,0.64102324562854,0.516866912905628,0.445253661103328,0.658656944788861,0.69228384337588,0.752322770588228,0.673231742329314,0.772562452813678,0.808700986165356,0.771878769261781,0.663007701491834,0.573994787858355,0.621914715555233,0.505861243076752,0.698896852477917,0.754699749472811,0.769132765537639,0.857915193950468,0.871798984470473,0.848037140428363,0.781327390270113,0.697081131206382
689,"XKX","Kosovo",NA,NA,NA,NA,NA,NA,NA,NA,NA,NA,NA,NA,NA,NA,NA,NA,NA,NA,NA,0.842461013217594,0.886544869656939,0.897754067237357,0.846794693701576,0.79220564408278,0.528518573742543,0.48225228297095,0.496546104910737,0.311026890076247,0.0650908272950235,0.190158934921624,0.386954449962424,0.633826021484513,0.629799016083692,0.500657451967676,-0.136070633617276
414,"KWT","Kuwait",NA,NA,NA,NA,NA,NA,NA,NA,NA,0.958844847777105,0.966415948880422,0.904018006240183,0.646262537162775,0.677097380709394,0.882115947215435,0.951719895891096,0.96897065360371,0.976938815899426,0.979046768274618,0.93391030270983,0.880634566717051,0.86721005697667,0.861865487067522,0.705640456546023,0.252886166032278,0.177833790241538,0.284457747966623,0.256170145195833,0.300927979375325,0.360404162489788,0.443381830729881,0.428963398052906,0.75590378810863,0.788244832294547,0.695287255380032
417,"KGZ","Kyrgyzstan",NA,NA,NA,NA,NA,NA,NA,NA,NA,0.968253851809481,0.899125943107629,0.551948468677584,-0.0555490101844301,-0.364931333139987,0.0566614788414501,-0.0273394211131104,0.197434666971359,0.572385812930567,0.921722005355833,0.921976946971664,0.885366161557268,0.917145781974038,0.803492206353837,0.856214842619335,0.891457417580236,0.893036469665404,0.823230902533838,0.71754889890506,0.756322832103096,0.546287629398931,0.158949067586262,-0.166041374105656,0.261170637127191,0.422071245178759,0.645096630837992
418,"LAO","Laos",NA,NA,NA,NA,NA,NA,NA,NA,NA,0.991150316880172,0.988195463302265,0.98203532268273,0.982676717038956,0.988763378678988,0.990338772090886,0.986970564236473,0.973791419545314,0.981474764056535,0.985203604296305,0.973596001010852,0.979439741844862,0.985170110821208,0.986729296677001,0.987546740357192,0.989400348040638,0.850610299116756,0.818502611571126,0.87387602493734,0.919408589004922,0.932415244741502,0.934290987006146,0.938085365073289,0.928502622815187,0.908823104844368,0.886504845892778
428,"LVA","Latvia",NA,NA,NA,NA,NA,NA,NA,NA,NA,0.758529423928772,0.352200535885289,-0.697978676233025,-0.803538134725731,-0.777257868951664,-0.699371352966837,-0.508098216482655,0.0317903149136273,0.633735001776727,0.892996000921914,0.885634034602785,0.742779845753433,0.69302849782304,0.534540651861785,0.411567523692492,0.273089536540426,0.158581551912929,0.0182752168390234,-0.468876728774348,-0.47137956622986,-0.437280005760059,-0.13167453339339,0.123100378790369,-0.156204061241367,-0.289968614591003,-0.463758004008371
422,"LBN","Lebanon",NA,NA,NA,NA,NA,NA,NA,NA,NA,0.922445277071752,0.956047396092108,0.949563964971702,0.938389936735302,0.931825552626546,0.83740343487141,0.650418190789176,0.176386719851298,-0.426564862765238,-0.112226302897586,0.457875762366731,0.572159329743288,0.655705618398482,0.730346178365293,0.869183567909568,0.922605944358387,0.947056640623594,0.945705646147075,0.899647563956121,0.86933540661523,0.868921333464741,0.453114627468981,0.720601906563395,0.823465868852862,0.888531213585687,0.921862712916579
426,"LSO","Lesotho",NA,NA,NA,NA,NA,NA,NA,NA,NA,0.99510437981851,0.994476253297241,0.993159080956771,0.99123716150472,0.989943541697679,0.988397947947022,0.990307636220543,0.987497709134928,0.989728122591029,0.989726075485227,0.965690199550275,0.966841312787242,0.870733683630915,0.919460493176204,0.691273094736701,0.553202934831329,0.259723731079649,-0.04837995172817,-0.192408642400092,-0.364306846656099,-0.57010201860731,-0.497487015347576,-0.44811094557711,-0.429937344831638,-0.465624568020792,-0.42487935132061
430,"LBR","Liberia",NA,NA,NA,NA,NA,NA,NA,NA,NA,0.00776160071420072,-0.241754850752576,-0.171318380982641,-0.135196393107533,-0.101210796518098,-0.04714366044667,-0.0428810188128044,-0.106678820839501,-0.14457675624146,-0.209445088880426,-0.401054941140866,-0.0226904928672969,0.421489601690427,0.758372871395939,0.773487978687855,0.674046439745918,0.626058037999534,0.576777814931966,0.489969271858526,0.167579476077037,-0.180912001082285,-0.456551916386238,-0.541067487488392,0.103300917970729,0.319936839946299,0.425205785343215
434,"LBY","Libya",NA,NA,NA,NA,NA,NA,NA,NA,NA,0.344691179135974,0.03556073940809,0.227048717439758,0.369553214805967,0.416524422918149,0.661136395901624,0.783054403595062,0.379484507131615,-0.341938129471298,-0.451122968287897,-0.567023374762321,-0.284468839023875,-0.250697480364192,-0.176033938295066,-0.107812741458111,-0.406537485738584,-0.477093883132231,-0.45326040973724,-0.290702984917935,-0.0959759564040181,0.0893516652018101,0.422556235788964,0.390238998556562,0.445538907761516,0.602543883968233,0.708792414631591
438,"LIE","Liechtenstein",NA,NA,NA,NA,NA,NA,NA,NA,NA,NA,NA,NA,NA,NA,NA,NA,NA,NA,NA,-0.384670400618048,-0.407822263481871,-0.290153998243319,-0.199110842599258,-0.049794314096888,0.016489496693952,0.0980011103828931,-0.0968699710975552,-0.431953922543335,-0.846623280724806,-0.846048181003668,-0.825246795915568,-0.733052286247879,-0.69626011079172,-0.722600997666121,-0.717201990342751
440,"LTU","Lithuania",NA,NA,NA,NA,NA,NA,NA,NA,NA,0.924400801174489,0.798674027176778,-0.103468461539132,-0.751890588153942,-0.737344696722521,-0.617229237099083,-0.425042468059024,-0.0972519012093166,0.383247978193505,0.882055640237584,0.912120188318286,0.883421019744369,0.87330467797481,0.842503210242787,0.533694416818981,0.146056154425555,-0.0290574135943278,-0.102085594150979,-0.199311041028529,-0.269184403086001,-0.353016528393685,-0.158062298108925,0.311317810306033,0.497166358406076,0.07299462929026,-0.311911040457771
442,"LUX","Luxembourg",NA,NA,NA,NA,NA,NA,NA,NA,NA,-0.85422727544234,-0.78097207562534,-0.650053442112256,-0.401012975496573,0.0340185198716114,0.654368892185113,0.788038345016605,0.911658481312663,0.883328017883813,0.794467643597338,0.657452757414593,0.514338110138818,0.237085716898868,-0.226854608039605,-0.837756879051804,-0.885158470361432,-0.899659480483253,-0.911531967666178,-0.919673168726094,-0.885077151552955,-0.837293855555722,-0.815367397272852,-0.798830703141949,-0.771002152942283,-0.743944834277019,-0.747069056740033
446,"MAC","Macao",NA,NA,NA,NA,NA,NA,NA,NA,NA,0.70438461548605,0.591084777985531,0.494757861203355,0.177567911721105,0.0839859289494764,0.388921669204733,0.695876750909056,0.451134709904375,-0.00317427990272303,-0.43427301597341,-0.0254835339875916,-0.236317036068654,-0.29889508728408,-0.528845063739717,-0.70698789370629,-0.63532911865965,-0.428189517334955,-0.37156857870226,-0.32234874015602,-0.625237041162631,-0.494196684006036,-0.0214389442820917,0.149384617329712,0.309761811563434,0.501159738195856,0.536152411321382
450,"MDG","Madagascar",NA,NA,NA,NA,NA,NA,NA,NA,NA,0.922206023644075,0.9861483796208,0.913774504865378,0.846482088233372,0.822043920709778,0.789562303215983,0.676730577233716,0.423976415778271,0.308643635887663,0.297561149259431,0.322432857468478,0.627450892435654,0.667025673110506,0.532934506250634,0.632258391690005,0.776949801327534,0.873963147253637,0.889547652911605,0.91171255712457,0.922335684349369,0.946941572173896,0.958639209568238,0.945079899581678,0.937372130930039,0.951896168498862,0.931533962058803
454,"MWI","Malawi",NA,NA,NA,NA,NA,NA,NA,NA,NA,0.638917554746738,0.416755174957497,0.0826889679216892,-0.339945497658044,-0.249243611549287,-0.0999692765011083,-0.162664973562514,-0.104884765515146,0.328703973813829,0.714293942024997,0.854096877074796,0.827811851985966,0.857206844140928,0.866714812791772,0.922805651023716,0.868078262438956,0.806676843603574,0.767279753036643,0.753771124672181,0.71757206877573,0.840663092927572,0.879119882677544,0.889355076637893,0.909406985048555,0.928400105978443,0.91083036899873
458,"MYS","Malaysia",NA,NA,NA,NA,NA,NA,NA,NA,NA,0.961330885164894,0.957963443568947,0.948522393929633,0.93725427447506,0.930313771431024,0.932281490007367,0.971074231341351,0.962170415574946,0.95090201001144,0.954507939425531,0.958784496505326,0.96154190493046,0.953705550508246,0.971592741570453,0.951027906794144,0.97268666424888,0.953673853382461,0.921476073229677,0.905085179107621,0.916977230893989,0.921076661748408,0.904945447355359,0.884153909922368,0.8750101301605,0.891570385741807,0.930291136235252
462,"MDV","Maldives",NA,NA,NA,NA,NA,NA,NA,NA,NA,0.936242685827145,0.941827529539631,0.924109230434097,0.922872250723952,0.901002026365896,0.914092576053815,0.893250015484633,0.911022393760224,0.918046759478187,0.942786874081916,0.93122244298832,0.932422104887749,0.931706882302561,0.947921303045335,0.957627004445704,0.962840746311548,0.962474191105798,0.969223370780297,0.974684431245818,0.988373579748857,0.986702169084385,0.834823297539117,0.819445534975602,0.845015727027472,0.851658328812061,0.863914750976462
466,"MLI","Mali",NA,NA,NA,NA,NA,NA,NA,NA,NA,0.969085911049559,0.976540816813851,0.973335280570397,0.971163335579355,0.949181471515031,0.958062841156072,0.95970741248529,0.965540644478951,0.938745917711859,0.918585851274547,0.91980430771376,0.952572892254265,0.96281364423636,0.960284071240521,0.948472941165995,0.952996188522662,0.964127657151791,0.964956185571541,0.980518693695808,0.993970092167454,0.994822172008811,0.983822809568137,0.962213688906195,0.96341100227039,0.942184570589545,0.896841896068386
470,"MLT","Malta",NA,NA,NA,NA,NA,NA,NA,NA,NA,0.289363110558507,0.0775329821803675,0.0684604170993257,-0.0410058394537544,0.59647799123942,0.767846999308288,0.651953653962649,0.554336922321812,0.491012350120864,0.302945981947308,-0.112041858302964,-0.555400071259183,-0.652259601729708,-0.507034859218975,-0.602864006808239,-0.669405173440016,-0.840919978094764,-0.913616377198599,-0.916717714060054,-0.896980511364446,-0.866380053334697,-0.849444809214941,-0.771384193811891,-0.586669896268125,-0.251770034532721,0.65514300001249
584,"MHL","Marshall Islands",NA,NA,NA,NA,NA,NA,NA,NA,NA,0.641038814188977,0.508916965496134,0.00541521000164242,0.0364789622824507,0.0877444546122238,0.258684158060974,0.843330734539372,0.937822226157374,0.94111505839252,0.761029272251773,0.581150147183997,0.536581043294487,0.537576875090499,0.609878842343224,0.665168473822523,0.64830460261216,0.759150889259533,0.847984438327534,0.974192442516035,0.921220313332278,0.802408319649696,0.818604356724871,0.82020185750846,0.83966007483107,0.817271866830843,0.578016275322135
478,"MRT","Mauritania",NA,NA,NA,NA,NA,NA,NA,NA,NA,0.96919948087954,0.950519821132844,0.862142877371366,0.718734857097964,0.736876653937013,0.814210885727187,0.856488295238238,0.895210621541522,0.921152334399355,0.926437135366613,0.906584891370544,0.889492220104658,0.87831258442789,0.882432679408138,0.845784692390239,0.859800792619661,0.88716527267549,0.90378189513002,0.916677836579413,0.905927486885816,0.930804004893343,0.945202967633422,0.959088136290796,0.981603236379507,0.9310959367105,0.871573524851716
480,"MUS","Mauritius",NA,NA,NA,NA,NA,NA,NA,NA,NA,0.954946578797877,0.958648441370296,0.963269509565772,0.978359912522713,0.991474658650857,0.985021534591405,0.985508211318855,0.98531647959372,0.983334913921566,0.981509090724728,0.959688610822719,0.957761235449381,0.943930380603085,0.926725739896236,0.920867608013307,0.954337445427669,0.975291043115087,0.980077097679167,0.979820832729228,0.975802597277604,0.97143824288788,0.847000618281672,0.772787901585911,0.734340948745818,0.780402444456678,0.855691280052919
484,"MEX","Mexico",NA,NA,NA,NA,NA,NA,NA,NA,NA,0.98996792059751,0.987769337878691,0.984338663586724,0.979058056522511,0.944792893714485,0.949489463255326,0.936755261021185,0.943364828095053,0.939778548934798,0.926713100803057,0.90226616546034,0.89725380309329,0.901361581290702,0.920493272658582,0.908809329634514,0.809197430420837,0.658843116549278,0.564147415681069,0.291698530080115,0.133517094352611,-0.236063950171134,-0.327142482580946,-0.34503076178986,-0.218140619694737,0.018641633545516,0.234536011150398
583,"FSM","Micronesia",NA,NA,NA,NA,NA,NA,NA,NA,NA,0.83135652079197,0.66955632276226,0.245535674241623,-0.355100393616781,-0.61891527515981,-0.805687517764583,-0.794043641806541,-0.790287388242854,-0.766310360783005,-0.401750176267342,0.009152581489161,0.181158284601736,0.0157954177001268,0.00161623382152002,-0.35581081413268,-0.466700955180036,-0.371114863797517,-0.230339705337657,-0.0838140612330538,-0.187798454730717,0.0805248523463802,0.0117186786889066,0.350847988461257,0.660977548212228,0.711397405925915,0.316095806225531
498,"MDA","Moldova",NA,NA,NA,NA,NA,NA,NA,NA,NA,0.979024868966369,0.951629667351259,0.873758951539566,0.717376190357819,0.24950772069458,-0.0516236953665162,-0.167030076401682,-0.0284061248131418,0.192843442610703,0.822666926734735,0.926788368176006,0.864556513541932,0.767322036504413,0.525191765236926,0.225535339610568,-0.20594668885143,-0.239521054417446,-0.046640337981034,0.285973936100203,0.772194547073363,0.776831019474257,0.801752805285066,0.910095218305804,0.909413733012286,0.938338279252105,0.914211016628016
492,"MCO","Monaco",NA,NA,NA,NA,NA,NA,NA,NA,NA,NA,NA,NA,NA,NA,NA,NA,NA,NA,NA,NA,NA,NA,NA,NA,NA,NA,NA,NA,NA,NA,NA,NA,NA,NA,NA
496,"MNG","Mongolia",NA,NA,NA,NA,NA,NA,NA,NA,NA,-0.152066528323272,-0.385782781666247,-0.615277293064391,-0.454314312900087,0.180747461360219,0.666105013622412,0.820071302365684,0.946256070878859,0.897629076545817,0.938492539651347,0.940421960353396,0.948215581594264,0.925303933836753,0.914288360226605,0.95559569056106,0.908559352095053,0.801188983382725,0.723497584331816,0.710490089734297,0.73160293054154,0.724052591149343,0.616174536416896,0.421809035459013,0.513848699651119,0.839121718941422,0.798140882770362
499,"MNE","Montenegro",NA,NA,NA,NA,NA,NA,NA,NA,NA,NA,NA,NA,NA,NA,NA,NA,0.78736653450247,0.787776644203098,0.910238331818576,0.704888345102679,0.706985639330342,0.694389099160289,0.628194162067406,0.533708221617497,0.494551663687928,0.393369759334575,0.121762929971231,-0.0494289403794039,0.250838963349623,0.202630007880975,0.34058604037027,0.568731540325669,0.694531015578163,0.630487937042547,0.501890214744338
504,"MAR","Morocco",NA,NA,NA,NA,NA,NA,NA,NA,NA,0.899972031859763,0.909442700059146,0.957772134124867,0.970738552198492,0.952486031267919,0.95780022690217,0.968661299306796,0.974693857972802,0.979525952881318,0.982356328015595,0.975784641685102,0.975597469378079,0.970415020573667,0.967107329100348,0.97902368353181,0.972184484969198,0.961890237030314,0.964457066898336,0.965401301648941,0.966321711913958,0.907519193671824,0.892791736040444,0.893098052848415,0.931806124891083,0.915428635521052,0.853472952757003
508,"MOZ","Mozambique",NA,NA,NA,NA,NA,NA,NA,NA,NA,0.647185831859656,0.740504588982538,0.805396479873015,0.853953622740479,0.901490933098853,0.933570827231706,0.941015436706217,0.936734024696086,0.950551629425548,0.946462189476154,0.961022936417866,0.960311900165729,0.950244834050389,0.955034730774716,0.974711721149987,0.794647759970426,0.856968604190608,0.90121513295802,0.900599150470128,0.881157011833929,0.848959261490887,0.768184442804083,0.695662181715701,0.593736630387127,0.368977952676538,0.634758592551629
104,"MMR","Myanmar",NA,NA,NA,NA,NA,NA,NA,NA,NA,0.991260310325053,0.991970057283347,0.910321988170727,0.860640311562213,0.855953220428362,0.905809171859196,0.894525916396124,0.913159130788491,0.91125332403678,0.593212043804139,0.333558960655455,0.470608358142499,0.541473006100792,0.336381174441291,0.191925549304322,0.508279813593506,0.681893594566828,0.824120388905727,0.919535756501693,0.901099913585026,0.923302307868087,0.918251698154707,0.909115844011628,0.844680670061396,0.730100671127613,0.5508070143145
516,"NAM","Namibia",NA,NA,NA,NA,NA,NA,NA,NA,NA,0.64886989233044,0.797144527310504,0.800215432354908,0.801866128779368,0.78888222847995,0.809724481518279,0.858628937550942,0.884570590849544,0.826990432371364,0.864182685785837,0.855168227991653,0.857382370414617,0.895337282600769,0.895057752633921,0.853006538117547,0.832235520453317,0.881865893955077,0.892439271635874,0.89265834615251,0.914954576728565,0.882795307844377,0.815633259378575,0.639143333971804,0.57246679690458,0.176506377769466,-0.13478895541834
520,"NRU","Nauru",NA,NA,NA,NA,NA,NA,NA,NA,NA,0.934666229045212,0.970219705685077,0.959609405577566,0.949960159722682,0.907663701055908,0.901947217863717,0.924718779843718,0.84125970599717,0.870395268075624,0.797530380211499,0.748269629940977,0.641539408385505,0.258583138789956,-0.114846061985221,-0.0772422241561526,0.228463343436309,0.841853149925232,0.869081926945798,0.871094826014293,0.85732824293718,0.811469126250124,0.867034986704975,0.771795015235067,0.731663935108852,0.652622167470281,0.701410531751901
524,"NPL","Nepal",NA,NA,NA,NA,NA,NA,NA,NA,NA,0.95876005808409,0.947857969348815,0.939437908300192,0.845912501096809,0.738212746965957,0.468732155986012,0.402081423976395,0.00928176728817595,-0.171989812753453,-0.167386334838675,0.48587317350489,0.748998558606848,0.890868104053622,0.932914526475743,0.969526785160543,0.978293646931784,0.981013221787692,0.937626933311312,0.93877869091664,0.958160168369016,0.939388208174728,0.942173624964526,0.944483542926133,0.947276268707867,0.945688694593024,0.940856122992173
528,"NLD","Netherlands",NA,NA,NA,NA,NA,NA,NA,NA,NA,0.47217709106368,0.132669912001547,0.204749020352793,0.167289703416736,0.155286306571097,0.152264314793651,0.0198555333315369,0.244931104305144,0.0148825822682785,0.0264956169366703,-0.40929736977337,-0.388945574420006,-0.517470318412752,-0.593395519140699,-0.553756071484867,-0.462152713147012,-0.42317866594922,-0.418698520600056,-0.45124149626585,-0.581686657401705,-0.686516099380489,-0.590091302879129,-0.681331115018735,-0.795195348411483,-0.832523009463807,-0.896023541126718
540,"NCL","New Caledonia",NA,NA,NA,NA,NA,NA,NA,NA,NA,NA,NA,NA,NA,NA,NA,NA,NA,NA,NA,NA,NA,NA,NA,NA,NA,NA,NA,NA,NA,NA,NA,NA,NA,NA,NA
554,"NZL","New Zealand",NA,NA,NA,NA,NA,NA,NA,NA,NA,0.893822483703426,0.911586525664325,0.903458352810771,0.960756284440672,0.977192371509826,0.962691887597286,0.96851107671233,0.965585827824222,0.930792529999193,0.922817198956477,0.755648074735987,0.435290644142924,0.0107645044757666,-0.319774404231125,-0.416756940029729,-0.490830907870463,-0.235556803293221,-0.313320419411343,-0.118436306371475,0.382374768025928,0.521477217041499,0.17126274021124,-0.194154528293557,-0.462179243789521,-0.653272736735184,-0.727169438593718
558,"NIC","Nicaragua",NA,NA,NA,NA,NA,NA,NA,NA,NA,0.96790112113847,0.975758154686816,0.993495838240754,0.993763711535623,0.988677425286895,0.987378008369977,0.961164881313388,0.94315171507312,0.929159682585514,0.84720259538208,0.82072521528067,0.794810631659665,0.824792046597187,0.706955373772504,0.67519712535089,0.739519165301988,0.768736095595818,0.841465492221636,0.89397557901084,0.880177643675905,0.869272549749117,0.748049111131873,0.780974885381551,0.617205025459366,0.519816901069445,0.529291982705487
562,"NER","Niger",NA,NA,NA,NA,NA,NA,NA,NA,NA,0.823840210775283,0.874645833068466,0.754200090534977,0.723909693984539,0.789023162670231,0.796900879915903,0.612028829296729,0.289814083678002,0.130577235360336,0.441055615497292,0.638791130601704,0.792131150780208,0.837711602386572,0.883820479782822,0.933292444614787,0.981495694652782,0.984219539602649,0.95810869457469,0.929981536891444,0.757243021156308,0.73976724237436,0.759655982034802,0.683968865792045,0.761151859725426,0.809968481417583,0.847392772588021
566,"NGA","Nigeria",NA,NA,NA,NA,NA,NA,NA,NA,NA,0.554064731786588,0.544012431092136,0.5192026034382,0.368539455592044,0.496150487330475,0.367689048099442,0.416782086189748,0.285211544523836,-0.0407467928009515,-0.325606605544019,-0.757607117509707,-0.136241045151385,0.391257134578397,0.449328154929632,0.629087602540794,0.733595349147209,0.779046813515443,0.779458914917061,0.684123798020735,0.468343509498067,0.023607961593949,-0.111089563978916,0.170672802045473,0.0166724184121575,0.0207828333740628,0.253920371323315
570,"NIU","Niue",NA,NA,NA,NA,NA,NA,NA,NA,NA,NA,NA,NA,NA,NA,NA,NA,NA,NA,NA,NA,NA,NA,NA,NA,NA,NA,NA,NA,NA,NA,NA,NA,NA,NA,NA
408,"PRK","North Korea",NA,NA,NA,NA,NA,NA,NA,NA,NA,NA,NA,NA,NA,NA,NA,NA,NA,NA,NA,NA,NA,NA,NA,NA,NA,NA,NA,NA,NA,NA,NA,NA,NA,NA,NA
807,"MKD","North Macedonia",NA,NA,NA,NA,NA,NA,NA,NA,NA,0.533804611033981,-0.0757265497009717,0.128639566614701,-0.000991666688725957,-0.0944032462790548,-0.322199274642695,-0.496611615793634,-0.191314719526277,0.0212035776819346,0.661425454109584,0.575784935220593,0.378750200686448,0.433293115108144,0.121371813178903,-0.24591425298294,-0.619224023059878,-0.804779883771542,-0.915185971596054,-0.880048350872786,-0.870910197969227,-0.670513717432545,-0.63883530355654,-0.579076328742259,-0.0518295379976426,0.378079180642708,0.264661299928754
578,"NOR","Norway",NA,NA,NA,NA,NA,NA,NA,NA,NA,0.968196867500744,0.960823406321248,0.95663066382267,0.936149828961591,0.926219656560785,0.906552882398753,0.835769961610306,0.811888502883535,0.83858362359586,0.815644680105072,0.667659485842234,0.605294026752919,0.630564880011724,0.390694685869284,0.361517119812861,0.456357326291724,0.40439515760832,0.21462447457517,0.149417758643449,0.10263389299823,-0.600352334185776,-0.520414635431196,-0.681975278737153,-0.817729368145228,-0.893912153265878,-0.927794426045691
512,"OMN","Oman",NA,NA,NA,NA,NA,NA,NA,NA,NA,0.918505822949065,0.926532448417284,0.906723769690732,0.879781133387712,0.702200436649313,0.7207163125043,0.766045737580404,0.833705895795808,0.883035661841679,0.887032276860678,0.830675759618026,0.860873674340463,0.918817237393099,0.947845338153816,0.960656867776963,0.962695305546302,0.96232167347465,0.932279070888788,0.908083132009607,0.89594240890396,0.908088979318679,0.853954187941341,0.669439797862774,0.709881664229521,0.77614480748782,0.83649587044157
586,"PAK","Pakistan",NA,NA,NA,NA,NA,NA,NA,NA,NA,0.981072867083407,0.986493821620824,0.977402250731721,0.984934641469396,0.982686730168116,0.987117233367625,0.996155729210748,0.997249082111795,0.995588712467459,0.996080901302408,0.993031715245564,0.986340343643152,0.977462704340816,0.956566715168995,0.880077791997954,0.778071639427291,0.381421715235774,0.62008641272886,0.769698758457623,0.857704001175081,0.860485559194535,0.882892103825562,0.911340026403818,0.875617086999562,0.722002961275909,0.431720563462398
585,"PLW","Palau",NA,NA,NA,NA,NA,NA,NA,NA,NA,0.0918337373662113,0.00869411338171234,0.577031426088895,0.633672935578844,0.600839086367482,0.67898009721104,0.698956749996125,0.75545467780723,0.750637490083443,0.703520333454673,0.702675272869427,0.74607788577563,0.749566219002404,0.725207965841674,0.631132287415999,0.667078720045927,0.356566928346658,0.181469705521059,-0.100664322386076,-0.0921308800632793,-0.426964888132089,-0.590774825342481,-0.363629063402744,-0.365219816249738,-0.38796364651941,-0.620447379475575
591,"PAN","Panama",NA,NA,NA,NA,NA,NA,NA,NA,NA,0.948514289509834,0.935462447939814,0.918366027062943,0.913527555021333,0.876174122905874,0.728992945323673,0.703910933668072,0.736736674156214,0.723999029993932,0.675802204590646,0.74927500273618,0.795719774313761,0.916521471811793,0.919279777539471,0.929379025168166,0.930933374234383,0.927264213905238,0.900882766551187,0.756083806780548,0.466373753797891,0.457870974157619,0.233747619785569,0.287012586015982,0.418518746458551,0.652381942648375,0.788699730708931
598,"PNG","Papua New Guinea",NA,NA,NA,NA,NA,NA,NA,NA,NA,0.27712680286431,0.22303389484792,0.0576476885145469,-0.463815283367092,-0.576384637151471,-0.226846766358621,0.202068819107074,0.689460005319116,0.895236324303703,0.884208248748553,0.8431530304287,0.606893252722498,0.511369072514676,0.104704562000492,-0.300769984328788,-0.0412767935958636,0.189413467633396,0.422522991240239,0.740100383352135,0.865941925276461,0.932716225075259,0.923973193978903,0.954298866209617,0.937171790187488,0.875936430784428,0.822189168915488
600,"PRY","Paraguay",NA,NA,NA,NA,NA,NA,NA,NA,NA,0.981858346617986,0.963480721740577,0.948225151878796,0.908179300516194,0.804965514574588,0.59974061497211,0.30533807533238,0.0832158693480063,0.136079537495688,0.468048016572998,0.82316434652837,0.888624634936545,0.917906628210899,0.938473430349868,0.95374409837155,0.96840859122759,0.966930056890924,0.926677142432145,0.921712835834239,0.927496128331743,0.946407557787299,0.944566810947417,0.947957929440418,0.925481798096938,0.784955142075951,0.579807865702736
604,"PER","Peru",NA,NA,NA,NA,NA,NA,NA,NA,NA,0.944739945292311,0.94589943872554,0.838850069022505,0.584378372326629,0.202552834907461,0.15845320106352,0.347132944333771,0.209052546085508,0.623633767430425,0.796526673889775,0.907709461433118,0.964073913984332,0.969372619433755,0.973234790964503,0.939859320320651,0.942001453404159,0.941438530753094,0.944252721124763,0.939089841023856,0.938786248309881,0.94172097077315,0.932475191781287,0.940608732464077,0.967311144727233,0.957533797867853,0.975017088104642
608,"PHL","Philippines",NA,NA,NA,NA,NA,NA,NA,NA,NA,0.967357626489648,0.975703842223996,0.963164585128699,0.91856269919702,0.838763011042764,0.783504858903197,0.728897856384497,0.12124200388931,0.140978046984711,0.408275635406223,0.460458562674292,0.705432016124365,0.800999825148978,0.873821487727276,0.924436277517951,0.969871163567245,0.992235186211276,0.992201989853245,0.989878166775544,0.994088993888969,0.992596967747046,0.993055003024899,0.992113538085583,0.990821032079546,0.990287942710451,0.990238919954803
616,"POL","Poland",NA,NA,NA,NA,NA,NA,NA,NA,NA,-0.697587594024281,-0.779664602376008,-0.811558953043455,-0.860163181239517,-0.876441610349373,-0.857367503900102,-0.778696930809912,-0.389240913794065,0.287249921275471,0.645804641067063,0.566121020088314,0.626511443684933,0.602774923958544,0.330136363140824,-0.00743367556334036,-0.409074298809956,-0.718246438865001,-0.566208031753723,-0.0287899501479673,0.301634757956293,-0.0282001164234135,-0.167458804134993,0.131551699022748,0.0770909203999247,-0.269723735949075,-0.588720054486806
620,"PRT","Portugal",NA,NA,NA,NA,NA,NA,NA,NA,NA,0.940517072629912,0.948843728725717,0.953547370685704,0.958444784520599,0.944161964627891,0.931563961182229,0.944598483411674,0.832086539600979,0.325722276586585,-0.53251500933416,-0.525011687434178,-0.603896174219401,-0.521714114993227,-0.0362938948656656,0.341470393117125,0.566793038186727,0.779115636778747,0.8536436222214,0.831526833759097,0.56217769081749,0.16414690352016,0.108772717830105,-0.139082016662597,-0.371156725888594,-0.586439131953097,-0.723087946041208
634,"QAT","Qatar",NA,NA,NA,NA,NA,NA,NA,NA,NA,0.687291829053724,0.741397396657823,0.83862423015242,0.875440238293396,0.88145556024088,0.868885547687046,0.835681099234656,0.901899727376179,0.939012185480453,0.936659288665181,0.958898301821898,0.97750173559368,0.984000451148928,0.970342395864507,0.974464819800921,0.972884941887555,0.966048697597619,0.961859109031128,0.94002617184594,0.917780357212182,0.859971164741981,0.731575736546677,0.543515615135094,0.659721879293467,0.746765952158664,0.837510861866639
178,"COG","Republic of Congo",NA,NA,NA,NA,NA,NA,NA,NA,NA,0.456078562418846,0.437071239317667,0.410996153962327,0.107318454715692,-0.270314547794939,-0.442564349699087,-0.330570678380356,0.0750532897912695,0.363240320373911,0.418942977658147,0.625133299540332,0.8469488052859,0.901222825554813,0.850867932825087,0.870692390392371,0.850384240715336,0.846880893848656,0.84739825343635,0.734328854106648,0.126350203923026,-0.347526098411296,-0.62345982498854,-0.822663634869082,-0.79009579913648,-0.770796168725212,-0.644482689210688
642,"ROU","Romania",NA,NA,NA,NA,NA,NA,NA,NA,NA,0.582215295575444,-0.0878589493531784,-0.283043695968889,-0.220521154423481,-0.123173230935573,-0.0568003488140965,-0.0245017599479594,0.148746214885283,0.684918343436719,0.847579655579634,0.254359171164156,-0.12142126445822,-0.238778627399528,-0.360631982599859,-0.391767497521957,-0.434484260378256,-0.507069287660896,-0.482500134597005,-0.370753021985606,-0.565408561986348,-0.582629872777463,-0.632991468277706,-0.527342786298111,-0.551801779228016,-0.661485159709919,-0.709004693001755
643,"RUS","Russia",NA,NA,NA,NA,NA,NA,NA,NA,NA,0.992308034984589,0.96177840030224,0.813608291964944,0.436750975408551,-0.00056845415561956,0.127515089385581,0.519170572027323,0.958670341313775,0.969709123524243,0.974209927777166,0.893329575697145,0.879322880922869,0.87818802901547,0.868370660500003,0.804773777934651,0.686173699895406,0.521176748220834,0.538733562288061,0.559258086039498,0.668807511130425,0.435213714579861,0.187686624876522,0.412313820452775,0.66197008388435,0.77370769447783,0.86936070042714
646,"RWA","Rwanda",NA,NA,NA,NA,NA,NA,NA,NA,NA,0.664587893213842,0.694486397569645,0.809762789897087,0.879812735591818,0.870694768905276,0.86033040448297,0.778472053861247,0.663694995859451,0.722648826056643,0.721569966863271,0.782879730433868,0.862761382011921,0.885903420893184,0.896772371938541,0.914864210183591,0.946969297706537,0.962018683881992,0.975470398457424,0.987322161388003,0.991210542177261,0.995337821945561,0.995979153689269,0.993503230548845,0.991601507564444,0.991774960820668,0.974783319585584
652,"BLM","Saint Barthelemy",NA,NA,NA,NA,NA,NA,NA,NA,NA,NA,NA,NA,NA,NA,NA,NA,NA,NA,NA,NA,NA,NA,NA,NA,NA,NA,NA,NA,NA,NA,NA,NA,NA,NA,NA
659,"KNA","Saint Kitts and Nevis",NA,NA,NA,NA,NA,NA,NA,NA,NA,0.969458553248773,0.975788805448606,0.981131450627659,0.97915333350595,0.963970866358429,0.95357219916371,0.900515617045937,0.860354018778616,0.866650629001952,0.822577579752647,0.790129245108884,0.776513818734295,0.805781926925711,0.785460797555519,0.714222742583272,0.789486597020568,0.77626448281658,0.856328142463726,0.86836639017288,0.897349773762245,0.886831606147728,0.785630867044929,0.763436090164542,0.70638545432539,0.643200851347036,0.681686760548406
662,"LCA","Saint Lucia",NA,NA,NA,NA,NA,NA,NA,NA,NA,0.978222461338721,0.975754647517624,0.935712542603312,0.921424571384555,0.913363275767972,0.910545490385382,0.899159466177283,0.901682998444475,0.904675372287352,0.919531326656603,0.948681191067971,0.878032263996995,0.876704999664777,0.850934126508792,0.823203437105258,0.813227781333684,0.756042263291081,0.581043716096367,0.466361778643041,0.63491084396183,0.735418582497346,0.454431918481965,0.234417877449277,0.400622326214596,0.494035724487314,0.613826173411447
882,"WSM","Samoa",NA,NA,NA,NA,NA,NA,NA,NA,NA,0.973018125133079,0.981899183092628,0.977579235587314,0.972780919506164,0.954921630706877,0.95711920743641,0.963257336057812,0.952340938823038,0.972938562853414,0.867206385232978,0.794602425943511,0.752465673657197,0.767023133495869,0.77119949685591,0.74323528470422,0.766246917011075,0.804922064449607,0.883467321950461,0.930329034540561,0.93096019783645,0.937298803173013,0.926599244140896,0.811402376070012,0.759806271346664,0.4070200702139,0.098441990751856
674,"SMR","San Marino",NA,NA,NA,NA,NA,NA,NA,NA,NA,NA,NA,NA,NA,NA,NA,NA,NA,NA,NA,NA,NA,NA,NA,NA,NA,NA,NA,NA,NA,NA,NA,NA,NA,NA,NA
678,"STP","Sao Tome and Principe",NA,NA,NA,NA,NA,NA,NA,NA,NA,NA,0.508436663650611,0.696564202209843,0.828485573433399,0.936669031727781,0.947476243802267,0.97516835844774,0.976459708239265,0.968331419567864,0.959190831110323,0.965955369361706,0.949591628753638,0.944398313795845,0.930952056863813,0.923072301460588,0.939638638558082,0.961229077249274,0.975571829506238,0.955046970540904,0.920199610197242,0.916777880234052,0.888139767803229,0.836161416401188,0.676590030984195,0.443030332970681,0.0971074591135937
682,"SAU","Saudi Arabia",NA,NA,NA,NA,NA,NA,NA,NA,NA,0.155837813443135,-0.11525030274759,0.0568693474812574,0.273631774478165,0.581050841954801,0.82012428245051,0.881092133819617,0.914914723352607,0.901828612448262,0.935330596526349,0.962463620400159,0.95024811333797,0.935489290954598,0.948611763857577,0.932242613045968,0.912750390180233,0.916134943731931,0.917581249313102,0.92655299536939,0.937009513290242,0.892245539986599,0.923514418200101,0.902899186316932,0.735719609921335,0.629262899492079,0.579800413369327
686,"SEN","Senegal",NA,NA,NA,NA,NA,NA,NA,NA,NA,0.511053520650556,0.660355916607449,0.774493964879025,0.815688147864886,0.868431259483523,0.975518008853137,0.980333664828982,0.880013583841528,0.851686542006818,0.700956377048805,0.634897312698966,0.667311204113886,0.699158799271111,0.74822775984364,0.820926614658268,0.899528812650305,0.955675801378187,0.943374507063983,0.936709734867687,0.949529045719441,0.982790328239937,0.943631631604444,0.943249191195886,0.943416571426264,0.941457251444019,0.928180964733959
688,"SRB","Serbia",NA,NA,NA,NA,NA,NA,NA,NA,NA,NA,NA,NA,NA,NA,0.662623067380468,0.604800012756973,0.722695034309245,0.790379293729271,0.878840107396196,0.69395862968227,0.374778164511099,0.0554980193573309,-0.374679735482496,-0.591361797832574,-0.403217963856557,-0.415143330946281,0.0516959429391201,0.392892634577847,0.187835353926089,0.160329756336353,0.229416368140062,0.332923999946262,0.321932775493606,0.234538533528792,-0.730383647929876
690,"SYC","Seychelles",NA,NA,NA,NA,NA,NA,NA,NA,NA,0.983853360201217,0.985256418029974,0.97901958923757,0.970288488896896,0.93846288853372,0.774377022689069,0.602607968977593,0.438964625242652,0.568167612231283,0.660683208239958,0.693680465811365,0.794560812279049,0.694260576196127,0.663207474172633,0.520817442557967,0.537897171537524,0.675495690318969,0.828943311529526,0.894635811162021,0.924637525484409,0.956047978937547,0.965598371205376,0.94402302892246,0.937443270531615,0.927555023093385,0.897187910773941
694,"SLE","Sierra Leone",NA,NA,NA,NA,NA,NA,NA,NA,NA,0.981881025310586,0.967093677132582,0.22600421798204,0.689804366422794,0.86428152586513,0.889206939292434,0.82597928591132,0.858738500229558,0.814997106257546,0.768775899776009,0.684787342352323,0.592176226720324,0.563089671282489,0.807372371454687,0.945679268716772,0.946189317830776,0.926896785796831,0.947803827923803,0.944767404713529,0.914637493152648,0.85484130947095,0.766211877630658,0.721509394262067,0.756396275682551,0.795481735740652,0.821507302995379
702,"SGP","Singapore",NA,NA,NA,NA,NA,NA,NA,NA,NA,0.344100880612271,-0.127840853250015,-0.413103204596109,-0.574354619893175,-0.659076334747696,-0.457090581223236,-0.643301569288226,-0.548096503935195,-0.372790129146838,-0.184671356440858,0.682232139993321,0.770447837084794,0.800995750345303,0.876502177671693,0.909349891474661,0.961314374443208,0.968895370714684,0.970687267940466,0.966875674264479,0.959956244720212,0.910654373225351,0.678864971198737,0.705865761470583,0.482197716572555,0.489083080303329,0.625286005319653
534,"SXM","Sint Maarten",NA,NA,NA,NA,NA,NA,NA,NA,NA,NA,NA,NA,NA,NA,NA,NA,NA,NA,NA,NA,NA,NA,NA,NA,NA,NA,NA,NA,NA,NA,NA,NA,NA,NA,NA
703,"SVK","Slovakia",NA,NA,NA,NA,NA,NA,NA,NA,NA,-0.127074494328592,-0.681036158567437,-0.790233811887549,-0.765230630850338,-0.633143606066489,-0.563201954076788,-0.3686913014688,-0.211712003584179,-0.428488873716715,-0.46613942837249,-0.512916576034463,-0.715130253721907,-0.738397222546648,-0.797776061922731,-0.833044173925853,-0.846970599115888,-0.852355544145775,-0.777253307673186,-0.624567190134765,-0.498803993559541,-0.527477978307327,-0.496762644253483,-0.218438668988844,-0.317072639302392,-0.410032917912134,-0.670550150635953
705,"SVN","Slovenia",NA,NA,NA,NA,NA,NA,NA,NA,NA,0.796237255641231,0.641041905356335,0.669162318699154,0.638159240452516,0.521249804960787,0.460513331997472,0.490051742081708,0.644460666113948,0.843934714645593,0.924660085869462,0.799602972498539,0.654606629602552,0.521648014435069,0.446354285090658,0.358852618813431,0.308580710671896,0.371359518566499,0.35005808741146,0.0614250601217116,-0.347230580212132,-0.393019408684899,-0.460909121744611,-0.548705159367597,-0.573570414596557,-0.602948570563946,-0.719993725089629
90,"SLB","Solomon Islands",NA,NA,NA,NA,NA,NA,NA,NA,NA,0.953362182917303,0.723059443377174,0.166069136655308,-0.374622366289708,-0.719466943690297,-0.737384880964427,-0.503696922032973,-0.158639590042417,0.208380610856601,0.614514795977409,0.929589679871529,0.986407374594114,0.992940511143294,0.986599217861912,0.984716528993157,0.89367557832812,0.554315805632986,0.132278146800015,-0.265602886405301,-0.52901396889398,-0.710160913907537,-0.791922902473694,-0.774850645208888,-0.715144827732079,-0.626759817901481,-0.000786053353567891
706,"SOM","Somalia",NA,NA,NA,NA,NA,NA,NA,NA,NA,NA,-0.261108330123003,-0.502583114142275,-0.342552753482905,-0.0217391741467378,0.497407109862784,0.793237577485191,0.943602270412043,0.987270869579747,0.991850791146265,0.992224197205725,0.996790126107058,0.99929145328985,0.999267048836535,0.992820329116287,0.987703645511363,0.985585015021763,0.9884267671828,0.987168479735332,0.991599312092281,0.990956183897762,0.947441247146926,0.930092151222842,0.883168168357172,0.880403681155985,0.898531076702598
710,"ZAF","South Africa",NA,NA,NA,NA,NA,NA,NA,NA,NA,0.937302065781842,0.909294626251493,0.837245746852715,0.589784773809075,0.591839312309389,0.682077864484115,0.700741258892265,0.778565525428597,0.86854498516523,0.914795205124851,0.925214135371099,0.910779734422885,0.874920899374934,0.788142872146185,0.541017490377726,0.601826202505775,0.0665259606915166,-0.459347748881891,-0.690889396920721,-0.627131409500502,-0.386712713771279,-0.20329593005851,-0.0550888227095545,-0.184646854840753,-0.267355420561343,-0.0647246671716733
410,"KOR","South Korea",NA,NA,NA,NA,NA,NA,NA,NA,NA,0.953917127027382,0.932899844469749,0.925393341035085,0.925275540951378,0.922207517274162,0.916564340717496,0.912473064188333,0.925628383692944,0.974252174445558,0.979054003352598,0.987831156453379,0.95167926263815,0.939625764421582,0.953362592263012,0.970518711434624,0.967352309749783,0.950478973161643,0.913365172392276,0.89157144597557,0.88937284156484,0.864459534770922,0.26063918077922,-0.0267303276553073,-0.304939115720356,-0.518951814088335,-0.701965359433034
728,"SSD","South Sudan",NA,NA,NA,NA,NA,NA,NA,NA,NA,NA,NA,NA,NA,NA,NA,NA,NA,NA,NA,NA,NA,NA,NA,NA,NA,NA,NA,NA,NA,NA,-0.486847565627886,0.00673310784202828,-0.174202673017374,0.0737645624194653,0.397316007118343
724,"ESP","Spain",NA,NA,NA,NA,NA,NA,NA,NA,NA,0.948352230943734,0.967729997688516,0.972004695903865,0.977866657697984,0.979952694939614,0.982089026405876,0.993373697160933,0.979135353091084,0.963931231589479,0.828974422909107,0.443776912741603,0.0945028548108665,-0.135698407075605,-0.0992230511651999,0.136587680049134,0.467797854013865,0.734718975313926,0.636014955691309,0.417127429383526,0.121403664466117,-0.132370690657186,0.0949234298775767,0.0607776971247512,0.0564606190092357,-0.192542736425489,-0.322208895095985
144,"LKA","Sri Lanka",NA,NA,NA,NA,NA,NA,NA,NA,NA,0.982874039564983,0.977293568238468,0.968915979256525,0.982253383161605,0.977402591470347,0.975631951157619,0.947134141108075,0.872630621120594,0.817940000540511,0.763978817928243,0.849926796424152,0.87687879441744,0.883980289762801,0.913784041961296,0.889711309608802,0.930785561384693,0.936327437233079,0.924831881886945,0.946563182061083,0.926400256215739,0.923369203012161,0.899725407856885,0.875850582958913,0.828946648432948,0.682785225131253,0.474371411316378
670,"VCT","St. Vincent and the Grenadines",NA,NA,NA,NA,NA,NA,NA,NA,NA,0.963201172032595,0.919862490014016,0.915791856987939,0.92507018140464,0.941385056047364,0.960057015063505,0.962039536640915,0.934938655636571,0.942251984141887,0.914606068238147,0.866452025657632,0.816695717358283,0.723247531983075,0.591347971927652,0.397734432659458,0.440553805167494,0.377664270352933,0.335260265843277,0.0313172055378291,0.110944167306409,0.0907171543034872,0.0769961857814091,-0.101793661107149,-0.0043498000947682,-0.111317639251626,0.531713724149452
275,"PSE","State of Palestine",NA,NA,NA,NA,NA,NA,NA,NA,NA,NA,NA,NA,NA,0.764910091940105,0.787697327323472,0.857874650720287,0.876571165692816,0.882049164070227,0.82096547447515,0.780693329407492,0.688114325509472,0.603270115575152,0.329062133431306,-0.102446812143666,0.180588329419274,0.632496569256461,0.78574901637261,0.9083568322045,0.909301621591432,0.921255009943242,0.813023463082575,0.71812467899876,0.566510801537992,0.333866617075335,-0.3950530676221
729,"SDN","Sudan",NA,NA,NA,NA,NA,NA,NA,NA,NA,0.349118996991211,0.69342480720071,0.880756895511507,0.909866041229149,0.910827638351026,0.90919271075942,0.943507557721914,0.972661580343421,0.987233972273866,0.988574428649483,0.983620582182163,0.981299225788269,0.973695439620524,0.655689866732405,0.156269782956965,-0.0255682716134136,-0.270952866146784,-0.279134022856286,-0.177319824350237,-0.107054637449785,-0.0932843779064122,0.0215031041548813,0.314011168059723,0.226166827589599,0.147695870400346,0.311553064815088
740,"SUR","Suriname",NA,NA,NA,NA,NA,NA,NA,NA,NA,0.410647457690134,0.763590240527668,0.841106294788156,-0.18599548622922,-0.575057389333775,-0.719893920444832,-0.763194916499535,-0.690988770616632,-0.597635322984894,-0.395251321145533,-0.150090163854225,0.356670277092351,0.900928146746562,0.93912930063395,0.949725193237112,0.955428320119805,0.954024387773635,0.925001981650463,0.882302334949382,0.61155491383386,0.361469740459417,-0.0458098643215709,0.0172602227685669,0.0139902022997065,-0.189931094828046,-0.575188054168634
752,"SWE","Sweden",NA,NA,NA,NA,NA,NA,NA,NA,NA,-0.0862814242279318,-0.421525375584283,-0.557378559194905,-0.646162360830486,-0.75413569648031,-0.716111833772619,-0.766522706876159,-0.771722876646186,-0.792140549554364,-0.76183183644121,-0.64666310722817,-0.651164586105836,-0.71197215997951,-0.717828367260591,-0.683854183712672,-0.671330599147224,-0.699268970974388,-0.701779720637504,-0.752091680424594,-0.760860408813862,-0.853366468256358,-0.838392852319764,-0.849229150206929,-0.849762155007764,-0.841029112503003,-0.835509984067976
756,"CHE","Switzerland",NA,NA,NA,NA,NA,NA,NA,NA,NA,-0.094548433665532,-0.187475468093488,0.203740252952902,0.471538708059199,0.543596419647291,0.540605747285072,0.612187155158391,0.695013924566241,0.0201716807816814,0.0623581236714688,-0.115159532726155,-0.161307436431683,-0.420950281452351,-0.657511775336882,-0.707769642687087,-0.790050387493407,-0.829039923175436,-0.831460571373775,-0.879967159899814,-0.898351470994484,-0.911299885477975,-0.863032209162992,-0.870703051166599,-0.885516213328444,-0.89844970055585,-0.910370637246045
760,"SYR","Syria",NA,NA,NA,NA,NA,NA,NA,NA,NA,0.938806223086873,0.923205024607469,0.907571057531513,0.39732861938948,0.444826639806537,0.316528257374735,0.123186298586697,0.117796304191581,0.487939088145994,0.667915159724446,0.754748064379826,0.78905712624281,0.731366155362086,0.628663615050812,0.830064663254229,0.885112037451751,0.915309844626808,0.932414867954471,0.952049710248844,0.980116531509441,0.984168911028031,0.980980235361859,0.925876980042001,0.443172752035655,NA,NA
158,"TWN","Taiwan",NA,NA,NA,NA,NA,NA,NA,NA,NA,0.998280778165916,0.997331900777031,0.992403388301755,0.992094356364072,0.993996461811411,0.99248399741824,0.986775382427397,0.982469799656242,0.969265068459953,0.927985031109903,0.845008315072395,0.794402960430864,0.740747086196021,0.624122979145091,0.463886296578959,0.374643968346728,0.35540561437603,0.594708786102083,0.888585764824565,0.908275682277707,0.632733915019538,0.163080552905918,0.367883691661645,0.00372117969037326,-0.414612726248756,-0.655391577652384
762,"TJK","Tajikistan",NA,NA,NA,NA,NA,NA,NA,NA,NA,0.984716776686465,0.974417278729266,0.916371172264739,0.60422280448379,-0.682650183349763,-0.321411860867972,-0.178864013111186,0.305414574806603,0.540001171878216,0.693012333217854,0.68979838670335,0.610554941713602,0.425374095294854,0.327238184200388,0.194770512644877,0.567820755811536,0.712116552892217,0.820918820956315,0.9273582781856,0.969694124544533,0.9850694563368,0.992502904318207,0.97441730111529,0.967330377315012,0.954157564983207,0.935955762273334
834,"TZA","Tanzania",NA,NA,NA,NA,NA,NA,NA,NA,NA,0.662580979674548,0.608744961393171,0.74946302732093,0.835182157882055,0.909852319157298,0.932303536484533,0.941637837510983,0.963690118047598,0.981335886518508,0.977607490952962,0.95142083933225,0.956077863460687,0.957410908974283,0.937286112192623,0.943583554331277,0.946200209728376,0.964943300776236,0.978022989855635,0.964535423264001,0.952854833830859,0.965176531104443,0.970827914833912,0.975298643447266,0.96359727317354,0.973412957227038,0.96381447577451
764,"THA","Thailand",NA,NA,NA,NA,NA,NA,NA,NA,NA,0.9764782408215,0.970980998054249,0.950824473159446,0.910291846501482,0.862435355759426,0.923439555121622,0.968448012627743,0.973972483791975,0.991180431922074,0.987891468876671,0.987515456527261,0.987942351513294,0.987170184240651,0.984869209322812,0.985248803110622,0.986216109093157,0.994489217395849,0.994673958024058,0.980926313519022,0.969257262183298,0.916566251789815,0.865413283816829,0.648728290430071,0.439271582760493,-0.0355892728411875,-0.325414311945307
626,"TLS","Timor-Leste",NA,NA,NA,NA,NA,NA,NA,NA,NA,0.0172550294703588,0.133256444109007,0.265115108543311,0.271461498441641,0.22952950056556,0.164874964718002,0.0954448080324842,0.0449672167823899,0.312249362078957,0.285015989978487,-0.000991595550705757,-0.0300426817067334,0.232615288637279,0.509763542875886,0.606325054942978,0.848899309714266,0.874836043634847,0.921410869827601,0.933102335697142,0.9217870470457,0.736377121500788,0.428391168905047,0.173451757172591,0.123929329885976,0.0649380751396415,-0.0473837182671428
768,"TGO","Togo",NA,NA,NA,NA,NA,NA,NA,NA,NA,0.479835052567695,0.49370525671165,0.430320773376722,0.401996383125645,0.527581661798002,0.521609356354755,0.542492334468095,0.595186623561195,0.570539827464035,0.435383166191122,0.859655524949667,0.924006871773841,0.881162801355768,0.739026001992132,0.386921257142035,0.0841306260585758,-0.0313154553094378,-0.0293847350971719,-0.271730175608553,-0.55970992035859,-0.230312608315747,0.302508878153872,0.706778207330969,0.909142747906307,0.8687710666545,0.822386382559416
776,"TON","Tonga",NA,NA,NA,NA,NA,NA,NA,NA,NA,0.645706783809515,0.668408072841393,0.657768942623902,0.443399542756236,0.546899304629738,0.573894261475377,0.613387782958963,0.393370279592914,0.236983546302696,-0.0669779953632537,-0.216252073126057,-0.371306576408437,-0.575504034378836,-0.548524748274466,-0.66424181135363,-0.704841645920693,-0.721548273539375,0.296902877419436,0.617970885237423,0.650346961932749,0.798527436966232,0.897095243046328,0.886573188470664,0.862549845962975,0.8454469004219,0.447345359613274
780,"TTO","Trinidad and Tobago",NA,NA,NA,NA,NA,NA,NA,NA,NA,0.74455602862518,0.854692150933092,0.910013819878427,0.970387604392661,0.991944102633756,0.984043381781625,0.987863229700129,0.991708710962733,0.99283232845225,0.991042124074294,0.990050655374278,0.986712572223079,0.982342661668089,0.96256232855337,0.900622741980824,0.812565383612666,0.49323798232708,0.083166691447962,0.244888844479275,0.346783540325272,0.453392501273378,0.768107087222034,0.93544443344681,0.957248408157276,0.955916185907652,0.902160270038404
788,"TUN","Tunisia",NA,NA,NA,NA,NA,NA,NA,NA,NA,0.889588519088706,0.9250209657926,0.966651202605004,0.970132715128459,0.991926924062207,0.995452983212141,0.996526567613018,0.993731442964756,0.994459342417998,0.9954358243696,0.993147694173767,0.979669656310752,0.978967235378218,0.974361472453741,0.972438069698966,0.97656433087848,0.97346411659626,0.972815697863639,0.978867565780003,0.945532534685878,0.88155544134596,0.861260534240662,0.763273524660659,0.635800114611115,0.515484138393305,0.54158186629248
792,"TUR","Turkiye",NA,NA,NA,NA,NA,NA,NA,NA,NA,0.992751437868224,0.991324977370912,0.991426981008726,0.986458607004343,0.988513825280755,0.964189225624183,0.97981908484354,0.987671839378917,0.981118886540261,0.984149343166486,0.969127036296797,0.973134356348628,0.970688676405949,0.967479809614172,0.918299370800058,0.914378901445084,0.944381387413949,0.967169102489564,0.970921515365506,0.972415227943562,0.951865891270268,0.928405611181134,0.937860496623611,0.908773424721401,0.927344100786267,0.928053167219423
795,"TKM","Turkmenistan",NA,NA,NA,NA,NA,NA,NA,NA,NA,-0.214213952564721,-0.174765713966865,0.0319070716254298,-0.0382995014197021,0.439386980896068,0.622984529563842,0.748762079468392,0.790512425070056,0.762635603565198,0.837399299423775,0.81373055564618,0.841616537250284,0.871000064783409,0.936386334190412,0.916999590123825,0.860717455259924,0.786930324610982,0.664267341047884,0.49697473124105,0.365084481438031,-0.198176716778695,-0.767467136297931,0.42918855236265,0.707360693816493,0.820051328378643,0.7653341730119
796,"TCA","Turks and Caicos Islands",NA,NA,NA,NA,NA,NA,NA,NA,NA,NA,NA,NA,NA,NA,NA,NA,NA,NA,NA,NA,NA,NA,NA,NA,NA,NA,0.484196042919025,0.801815323342558,0.926393750286514,0.946837020436876,0.900006747701619,0.903024884689927,0.905488589342665,0.893487071472135,0.883571524498903
798,"TUV","Tuvalu",NA,NA,NA,NA,NA,NA,NA,NA,NA,0.663672044449374,0.678076809812023,0.660678872114115,0.730608742553269,0.869605666530695,0.858465746702374,0.744793783848742,0.435509037383676,0.37762809359936,-0.0241928884728936,-0.0627044493520608,-0.25,-0.565916458418111,-0.565916458418111,-0.673913043478261,-0.716713200345963,-0.763083775930203,-0.726722092687433,-0.697253984053624,-0.435970955087627,-0.0150109564007003,0.27256938005872,0.52103679246493,0.849921543279482,0.846060850997064,0.780329299772811
800,"UGA","Uganda",NA,NA,NA,NA,NA,NA,NA,NA,NA,0.94015292371,0.955274464560522,0.970412251172821,0.977836989053539,0.971396244926316,0.97498606602632,0.954435591176468,0.954901515075878,0.963685907065698,0.975569102733712,0.98012315064354,0.983583382641987,0.989694246254834,0.97961850050782,0.971495403356215,0.975211572398604,0.972981656309541,0.971265418672608,0.961912431566412,0.964280203709258,0.963906409010067,0.956839921854034,0.966839716211107,0.954207291974235,0.936932654864495,0.920044889396624
804,"UKR","Ukraine",NA,NA,NA,NA,NA,NA,NA,NA,NA,0.995674315125489,0.983247836419436,0.958851925527758,0.851391489056976,0.337725027511679,-0.1380096329457,-0.213551658124842,0.187015464048984,0.641857548900419,0.915157947056906,0.691745633254599,0.528602489340083,0.539354196729808,0.450652638727322,0.483346639227928,0.677012596653183,0.907706511538242,0.977914669499083,0.969181429807553,0.951520237124109,0.905146950478012,0.887245060049648,0.79594351547266,0.868444199163983,0.874520469527554,0.893770075351836
784,"ARE","United Arab Emirates",NA,NA,NA,NA,NA,NA,NA,NA,NA,0.859977386418055,0.868008311667594,0.879701541498508,0.778833848492234,0.802053557570872,0.852639024479247,0.857622722695597,0.86382175657922,0.889427283656235,0.890206929873897,0.814431922963438,0.819853678198763,0.847906485193068,0.84560789780353,0.877158307959484,0.85690728157972,0.814424871029933,0.815264060866223,0.728092054818599,0.667577360049497,0.442929227321235,0.156302923325479,-0.117319938152019,-0.325802546781899,-0.321424109420538,-0.00599782052484394
826,"GBR","United Kingdom",NA,NA,NA,NA,NA,NA,NA,NA,NA,-0.830516654228274,-0.756494354956339,-0.522137760164592,-0.429968225804886,-0.221049516197802,-0.0533332860009503,-0.137791429686897,0.392316995697615,-0.078374235389093,-0.388500068496606,-0.363224682106272,-0.409198949471111,-0.383240955484215,-0.457952264858883,-0.473601245725128,-0.570262935728753,-0.649273126527388,-0.743393523260985,-0.873386308391228,-0.96761479107962,-0.977287763181882,-0.694008602308242,-0.676906907286942,-0.667092456371126,-0.612894286947987,-0.567962218291119
840,"USA","United States of America",NA,NA,NA,NA,NA,NA,NA,NA,NA,0.984281495444986,0.987625184082484,0.980778958654301,0.977004224139304,0.971883871877468,0.972281716673793,0.971318703618985,0.913691589570313,0.881946919693298,0.594348331775658,-0.0725276435250187,-0.176193092908742,-0.392269693627691,-0.603524247559548,-0.704776151994016,-0.631169203452343,-0.59511622252624,-0.628242252036924,-0.731725128972003,-0.710156845929642,-0.771349004484987,-0.637489211989366,-0.629055229306254,-0.663106145693777,-0.657147995211293,-0.593689734994068
858,"URY","Uruguay",NA,NA,NA,NA,NA,NA,NA,NA,NA,0.783700738244971,0.70963379734085,0.683504275925979,0.812550954610191,0.825384377640859,0.775571798694269,0.741251256746331,0.836418782375485,0.761721754755555,0.886946557128015,0.938090974626678,0.778464845834524,0.792154350414488,0.808803357557701,0.70454793906235,0.451321661624395,0.160572280056197,-0.0842021383957309,-0.610307473910477,-0.540557958603172,-0.45131253407972,-0.824804656372689,-0.669889223963601,0.0197904644398857,0.480407727803899,0.641581051259697
860,"UZB","Uzbekistan",NA,NA,NA,NA,NA,NA,NA,NA,NA,-0.0594170583494934,0.38212338371161,0.923114210615304,0.956185704726344,0.951966808997301,0.894131497843588,0.651180228340623,0.424381714756932,-0.0151054210607589,-0.0481539944421666,-0.601261054865174,-0.810117982600288,-0.802708510227069,-0.681560769551501,-0.655724286175769,-0.665533521881083,-0.751050550257884,-0.668872573853721,-0.57172084417528,-0.508288388171953,-0.564085545534354,-0.687795942742077,0.0413501675106564,0.546797457927915,0.799086834987808,0.886330801717181
548,"VUT","Vanuatu",NA,NA,NA,NA,NA,NA,NA,NA,NA,0.817447554830968,0.903333470270934,0.947054844586877,0.940828940858919,0.934850675672308,0.706833266486397,0.0654621367022816,-0.417555207205521,-0.355489650134234,0.224941201551908,0.617280084478127,0.736424807416972,0.807578254143629,0.848823065866942,0.861125233769378,0.876910310461777,0.857278437076967,0.829232615658037,0.678033812296293,0.740841471968963,0.77060000108817,0.722723764768266,0.668765021075213,0.629760017402246,0.480362367870155,0.535627022784551
862,"VEN","Venezuela",NA,NA,NA,NA,NA,NA,NA,NA,NA,NA,NA,NA,NA,NA,NA,NA,NA,NA,NA,NA,NA,NA,NA,NA,NA,NA,NA,NA,NA,NA,NA,NA,NA,NA,NA
704,"VNM","Viet Nam",NA,NA,NA,NA,NA,NA,NA,NA,NA,0.973173297069379,0.985175877555447,0.992087496960901,0.992449238644263,0.99258931685649,0.993085857982914,0.994202841508398,0.991935871706169,0.982270713620026,0.983639547754618,0.98587703580263,0.986319578816742,0.985634948513046,0.975497977549553,0.967134014681598,0.969647149486687,0.964986086410682,0.973190884644847,0.973149329705814,0.977739665999344,0.957381799658085,0.962474977956114,0.961200878374015,0.928697394609271,0.905697260950415,0.887829032874148
876,"WLF","Wallis and Futuna Islands",NA,NA,NA,NA,NA,NA,NA,NA,NA,NA,NA,NA,NA,NA,NA,NA,NA,NA,NA,NA,NA,NA,NA,NA,NA,NA,NA,NA,NA,NA,NA,NA,NA,NA,NA
732,"ESH","Western Sahara",NA,NA,NA,NA,NA,NA,NA,NA,NA,NA,NA,NA,NA,NA,NA,NA,NA,NA,NA,NA,NA,NA,NA,NA,NA,NA,NA,NA,NA,NA,NA,NA,NA,NA,NA
887,"YEM","Yemen",NA,NA,NA,NA,NA,NA,NA,NA,NA,0.91330134316238,0.957933827354177,0.973533702192528,0.987558706184864,0.987278628119643,0.986644754358226,0.990187175212444,0.987314242405437,0.98712723222236,0.985104133062763,0.987233932208887,0.950483809240432,0.931573415865961,0.805292766723882,0.740259793171782,0.660641319072313,0.879469413821136,0.953700037103582,0.971389942120773,0.972603473266831,0.975050157180581,0.973534849293254,0.969244765798373,0.983262750891887,0.970292799685652,0.725836394360442
894,"ZMB","Zambia",NA,NA,NA,NA,NA,NA,NA,NA,NA,-0.532299966404621,-0.658526110516929,-0.660024739994358,-0.573691925691816,-0.410907622654155,-0.0757270711101731,0.243989884893746,0.274575315682031,0.650315335357148,0.975535836258508,0.96434043166803,0.972555831114946,0.975932916951364,0.954546044500366,0.964969947469447,0.957044391384607,0.967908741117522,0.974267755190121,0.951938542109356,0.947124541442629,0.967050571843427,0.93812293525242,0.941576971216613,0.952403387282569,0.949515152702332,0.937560764528913
716,"ZWE","Zimbabwe",NA,NA,NA,NA,NA,NA,NA,NA,NA,-0.648169473923768,-0.699837610646429,-0.700894319470705,-0.41570323970599,0.320622123429861,0.791540721137982,0.879103606634203,0.893327128769726,0.897432225306179,0.913792065395338,0.931446422391629,0.883785613383416,0.819206139265315,0.770957066949852,0.827074641499037,0.869063066484624,0.925351340853768,0.922544063433326,0.848268557348272,0.759068705802373,0.509881674093531,0.0827518815024983,-0.0607466009743173,0.219484594972588,0.60991098667235,0.827487965792096
