"code","iso","country","CTH.1950","CTH.1951","CTH.1952","CTH.1953","CTH.1954","CTH.1955","CTH.1956","CTH.1957","CTH.1958","CTH.1959","CTH.1960","CTH.1961","CTH.1962","CTH.1963","CTH.1964","CTH.1965","CTH.1966","CTH.1967","CTH.1968","CTH.1969","CTH.1970","CTH.1971","CTH.1972","CTH.1973","CTH.1974","CTH.1975","CTH.1976","CTH.1977","CTH.1978","CTH.1979","CTH.1980","CTH.1981","CTH.1982","CTH.1983","CTH.1984","CTH.1985","CTH.1986","CTH.1987","CTH.1988","CTH.1989","CTH.1990","CTH.1991","CTH.1992","CTH.1993","CTH.1994","CTH.1995","CTH.1996","CTH.1997","CTH.1998","CTH.1999","CTH.2000","CTH.2001","CTH.2002","CTH.2003","CTH.2004","CTH.2005","CTH.2006","CTH.2007","CTH.2008","CTH.2009","CTH.2010","CTH.2011","CTH.2012","CTH.2013","CTH.2014","CTH.2015","CTH.2016","CTH.2017","CTH.2018","CTH.2019"
4,"AFG","Afghanistan",NA,NA,NA,NA,NA,NA,NA,NA,NA,NA,NA,NA,NA,NA,NA,NA,NA,NA,NA,NA,NA,NA,NA,NA,NA,NA,NA,NA,NA,NA,NA,NA,NA,NA,NA,NA,NA,NA,NA,NA,NA,NA,NA,NA,NA,NA,NA,NA,NA,NA,NA,NA,NA,NA,NA,NA,NA,NA,NA,NA,NA,NA,NA,NA,NA,NA,NA,NA,NA,NA
8,"ALB","Albania",1155.824093765,1271.40650322,1618.1537312841,1965.7905372674,1854.8406473921,1969.2481423295,1968.4760557622,2082.3296624892,1965.891244211,2082.2289555456,1967.6590458985,2433.718583308,2083.1856715094,2316.1296467692,2313.2273817517,3007.6383814169,3008.8352318725,4427.686645767,5366.892903982,6171.9391301816,7111.13682198,7111.135580347,7130.0918273177,7130.0914134401,7512.3178442109,7466.8648154781,7468.8929235902,7387.0769982052,8079.9433251742,8023.9737915513,7962.4790957818,8309.2094632907,7628.5551311455,7934.5857416741,5883.8370875856,9877.5371512481,9298.1462143665,11384.0329370819,11016.653702108,9337.6944129539,10807.904092538,3110.1749528008,2384.7977983102,2262.3064763741,2072.7583838442,3327.9844475191,9580.0318556686,3167.9940981484,5472.9581000979,4456.8912954354,4959.7258691578,8189.3965359122,3247.4669619878,2444.7560412117,3960.1667263173,4390.669307534,5259.5415901626,4379.1613626395,5775.7256067286,5366.3379401966,4945.3627829845,3946.48806866,9307.6473702446,9693.1977937162,8404.6919278468,7439.2927518402,7252.5620967275,7332.3441417721,8051.0266418452,7591.6342411198
12,"DZA","Algeria",57588.5251550781,52315.6304975181,59116.5887486189,51933.1970996131,49982.8938053347,55479.7002203498,51706.9240443462,51111.6505582797,46371.2221513869,49944.3179431565,54116.9629587248,58546.8241104399,43468.3287992581,40525.4066901406,40396.2550168617,41539.8713174613,45039.2221411215,44880.3706401623,41350.9268690909,47311.2163506551,46949.7087036575,46443.1490996506,53179.9411564844,58070.122402693,64185.4075017889,68481.5560388952,66563.2564529496,78279.241088264,67641.855641841,75794.0910443847,89032.9860399454,99983.11286889,111676.08391996,113143.047640116,116420.166912641,135870.6103256,118812.809666486,156509.221243327,177673.455467953,164945.862613812,155199.280331763,143128.221070741,163746.465708231,177759.335987449,222220.957629416,181026.516811832,155330.183307506,170212.319809495,174948.298486675,190722.024893456,206570.191027179,234568.040801816,239353.040997738,254464.15410359,230351.181810009,261210.706442677,289834.965636762,292523.555999771,283957.871257178,272307.627659768,241106.005475348,244398.658016025,244341.186081455,243461.638042348,237854.208661866,236374.251217295,241050.751180315,240313.023300034,254902.384364194,236644.15639922
20,"AND","Andorra",NA,NA,NA,NA,NA,NA,NA,NA,NA,NA,NA,NA,NA,NA,NA,NA,NA,NA,NA,NA,NA,NA,NA,NA,NA,NA,NA,NA,NA,NA,NA,NA,NA,NA,NA,NA,NA,NA,NA,NA,NA,NA,NA,NA,NA,NA,NA,NA,NA,NA,NA,NA,NA,NA,NA,NA,NA,NA,NA,NA,NA,NA,NA,NA,NA,NA,NA,NA,NA,NA
24,"AGO","Angola",186375.574992184,234643.902847257,206503.8888154,285431.218952996,324003.723883617,353489.778517319,490955.390288011,464404.379960315,349293.662217739,353520.426812421,353702.143161498,360884.110010224,422005.365601697,419635.800586338,576785.415916497,488605.817321128,596021.176445416,616787.880417937,616069.297046396,719539.667967586,669629.892410413,689525.113357015,1004737.58354055,1008851.74582044,866840.426958019,581634.858675149,460911.940689292,443068.169191977,558481.577926468,486589.157918755,409926.710995305,568748.967488203,562186.87764493,604744.491800513,541040.73774306,399980.0390963,392516.850616135,372026.756252931,841803.938463441,878401.26207049,631107.924202188,736385.706480362,642966.56265658,657165.113543997,656633.920652663,583461.183112302,612688.277458031,610773.018272091,698563.859088971,718508.13247762,816138.4434179,803817.351870329,686656.905007189,602754.643260275,604538.610832304,599650.764217571,629092.552494494,748730.897708439,726547.397776004,666657.902881475,637267.104048461,681313.35110068,706358.965005104,711953.039759477,758466.768744586,743809.383898086,759078.93459417,786482.73664665,724619.213185218,619737.007017106
660,"AIA","Anguilla",268.5310880627,274.4845915923,280.0034768139,270.6316608089,281.301198903,303.868940584,313.5378097132,319.5457549971,325.6436316883,342.2082977875,360.3712249203,380.878015898,489.7323284298,532.143782472,584.2997694106,686.0049093609,719.135379447,916.0023166627,673.2292476967,567.5258570164,619.3322947553,579.6008675578,732.9591104417,633.4757336366,655.4562831364,745.7969429586,657.7998961866,952.101020457,1057.392403214,925.8622229297,1475.4703120138,642.946829067,635.1482370985,659.0210725697,755.391204754,839.6416741356,943.7774708887,1012.0504819697,1154.1572169147,1134.4529320982,1140.7852822059,1112.6094733657,1154.8967496894,1227.7902247681,1380.9878033136,1394.8795617318,1192.0570294414,1344.509188738,1420.3543120725,1279.2530242169,1372.6541130559,1335.2404510979,1385.4735175546,1439.2622857872,1495.0907462846,1562.939176539,2082.4431709498,1806.5961030057,1625.6179308343,1479.2120922341,1589.5204066292,1610.8937203738,1651.242241629,1477.2495221655,1483.8152141414,1106.110281805,844.596939379,1027.036715466,1027.036715419,1027.036715517
28,"ATG","Antigua and Barbuda",1429.1236356865,1407.4908993317,1402.2149564336,1368.4434955035,1382.0777634311,1434.4468313619,1477.0210311482,1873.4177567899,2284.3688820422,2066.9849708962,1812.7717297772,2130.2672648074,2302.0027387233,2242.2021787193,2097.5458685988,2181.7293253935,2421.4744030741,2931.7730304394,2208.3896725428,2151.2225425423,2067.2262699764,2070.1923320332,2677.8061893426,2901.9164257941,3044.7907129769,3371.4815404686,2943.3148906103,3388.1527282228,3435.0967172672,2472.535116515,3656.9449034141,3412.6381503249,2036.7036568274,2142.0251275427,2527.8552823375,3729.4765880456,3692.6273174645,2889.5492835418,2259.0072718318,1751.4844752545,1686.9009747145,1815.3847192333,2068.9400289131,2244.7367636749,2114.6772189612,2178.5064067075,3377.4719207893,4034.9098388051,3691.3758128328,3538.4068594331,2324.4951122962,2158.5533465333,2767.9826161901,2976.7124387945,2838.1517897698,3354.4466675238,3405.069127855,3355.4027274418,3863.4632927099,2783.1883242565,2772.3700963774,3348.5449175607,7067.0491840678,5650.2438693344,3789.1917332643,3754.318094671,3754.318094659,3754.318094693,3754.318094659,3754.318094694
32,"ARG","Argentina",69897.8921443685,110105.553071351,118820.229884608,118890.411233863,124916.781007748,131842.397475208,127389.456018731,144902.848379553,138524.204276668,138074.973987744,160635.380738749,158276.821600326,166726.86051296,178783.502945939,295739.871263574,331365.098262094,410744.620571869,484030.179733434,508495.931418601,431879.706256159,299644.753330454,325469.044341476,336409.774249088,437782.03311961,444927.784530653,310130.724627752,433305.033991196,630685.54542554,884747.476347703,972801.358876869,654657.434512883,584259.580252839,792088.396408463,730826.725079262,572732.091137233,731391.311462722,787559.191385014,986629.000968338,1160603.54436629,1143614.79935013,1191536.79674864,1400713.81622209,1502943.42841381,1696465.63966506,1529655.97375358,1799381.18956709,1890650.26243773,2038466.08465929,1711272.70090498,1609278.23227786,1395520.0513195,1461985.2443893,1399081.82137567,1324682.13779772,1365109.2268056,1302688.61069962,1657048.1517865,1605912.94406581,1761059.43700521,1362285.95339236,1252640.74019361,1124830.28300155,1225249.12332885,1505817.60241884,1718024.52350076,1687422.96972349,1245644.08912793,1432648.72595455,1466586.6625702,1455579.15884889
51,"ARM","Armenia",NA,NA,NA,NA,NA,NA,NA,NA,NA,NA,NA,NA,NA,NA,NA,NA,NA,NA,NA,NA,NA,NA,NA,NA,NA,NA,NA,NA,NA,NA,NA,NA,NA,NA,NA,NA,NA,NA,NA,NA,NA,NA,NA,NA,NA,NA,NA,NA,NA,NA,NA,NA,NA,NA,NA,NA,NA,NA,NA,NA,NA,NA,NA,NA,NA,NA,NA,NA,NA,NA
533,"ABW","Aruba",511.3353913734,488.5681842294,476.6082537891,444.0842637761,445.94413446,472.1458338981,421.4979864913,415.8118040762,415.41243187,448.4671848779,439.0038414839,420.6200380352,480.4033634479,473.744782291,506.9958967614,549.4828204176,593.8101748383,628.3453283527,601.7927916521,625.5013733603,604.8790598354,603.3405501872,739.9377796537,658.9793218248,755.0905295457,916.0472071481,926.8853963114,1000.8333537876,1364.425259066,1417.6256054181,1302.5481511992,1154.9647643659,1802.1900991104,1936.0681198949,2368.8316400972,2127.7786568279,2181.0200683407,2089.5568186451,2810.8516651846,2405.8832003888,2719.6249253199,2662.801555727,4442.5718350068,2881.490278939,5951.3823084651,2823.5554600958,4549.2755118144,6635.8612926099,3824.7265893202,4136.4817229513,5662.8755435874,8204.3181280623,3771.7417862918,6313.9507176133,10817.9002958779,3701.0952845043,2317.5907648492,4253.9859030741,4325.9736464182,3722.1819927609,2853.1227240402,3878.0024594013,1981.5225454256,2006.4326066855,1989.182285267,1983.7535595353,2119.684451036,2148.7359326982,2433.6087085312,2447.9523494379
36,"AUS","Australia",69407.84837819,73779.2778450476,80424.9448567486,88772.3766279048,102019.824366232,97779.5890458438,103855.066313072,110757.010947934,110063.935929609,122708.405511946,128613.027198761,154418.055704376,157237.746933232,174306.859153888,171837.995317929,189786.560745719,203585.511611681,201566.592585831,217793.66595145,226846.504432003,261928.458103628,321160.38215762,328559.408367221,345104.075675298,368175.127955875,272825.915412862,301841.756511491,363688.535523015,365148.667918078,337704.81305628,303478.34494982,404894.09644824,421187.067621458,423890.256410305,409790.75483956,404888.10280041,391920.089356026,434066.801692875,453106.55639128,429661.107515879,453318.951866797,473974.776552081,431502.742689445,475652.972428612,462202.733499427,522973.217296716,422355.524403877,405948.848017691,393296.489711011,404192.573208736,360071.67815631,465428.29617112,357978.618623398,342002.18879295,335716.920814543,324819.516162498,290565.410255702,264818.184269548,263123.030631165,258738.820279762,260855.613128299,250704.781640433,238013.503374172,228048.436789352,228609.227122713,237979.64216006,251373.105574583,253538.601399573,248717.829077778,233912.860848737
40,"AUT","Austria",NA,NA,NA,NA,NA,NA,NA,NA,NA,NA,NA,NA,NA,NA,NA,NA,NA,NA,NA,NA,NA,NA,NA,NA,NA,NA,NA,NA,NA,NA,NA,NA,NA,NA,NA,NA,NA,NA,NA,NA,NA,NA,NA,NA,NA,NA,NA,NA,NA,NA,NA,NA,NA,NA,NA,NA,NA,NA,NA,NA,NA,NA,NA,NA,NA,NA,NA,NA,NA,NA
31,"AZE","Azerbaijan",NA,NA,NA,NA,NA,NA,NA,NA,NA,NA,NA,NA,NA,NA,NA,NA,NA,NA,NA,NA,NA,NA,NA,NA,NA,NA,NA,NA,NA,NA,NA,NA,NA,NA,NA,NA,NA,NA,NA,NA,NA,NA,NA,NA,NA,NA,NA,NA,NA,NA,NA,NA,NA,NA,NA,NA,NA,NA,NA,NA,NA,NA,NA,NA,NA,NA,NA,NA,NA,NA
44,"BHS","Bahamas",4721.6306790238,4919.7521363622,4817.4817170458,4156.7650775127,4452.3468288119,5342.958268192,5845.7666491737,6373.6164896626,7000.1983702405,7927.7318475515,8586.8223830342,8965.0019811994,9923.488735961,12515.069532806,13545.765508631,16422.9737239755,21245.8329624175,20536.7258539615,18351.1870111838,18794.8314757598,20065.2286390631,20167.3951094484,32041.6745287563,21270.8902073962,23110.2516402718,29951.196422911,22376.2541020139,18698.3605597808,20559.841215346,22968.69968245,25710.470163481,24641.1313984458,25969.7156021016,30378.452248959,30245.2877272892,33834.4474404076,21176.4918795694,24167.4660358219,23884.2927289928,23989.8249918171,21660.1562785931,23686.323915755,25897.627207797,26405.8092694366,28751.7981264163,26750.8664613917,28512.3582759386,29351.8630399454,27287.700032607,27246.5157875544,29613.845094411,26306.2814181325,28295.7073782658,30449.5883702022,28578.8363294298,29203.3704410681,30178.4189495109,20292.6970599366,24569.9958943253,22999.0983039467,25533.9912071103,24946.6888654441,26055.4851388741,21952.2554790517,20922.4770346185,19745.4783437519,19837.1519839292,19907.992956386,19253.6519918538,18392.7135678369
48,"BHR","Bahrain",20800.8574062744,20802.5091742481,21310.2848522887,21710.697230242,22214.7560656657,22616.9388111555,23021.3663132622,23625.375953475,24024.8660038156,24427.6996884098,25139.8096712995,25935.031813024,26741.2450682417,28249.5012734244,29450.2068859073,31276.9262755409,33885.308886837,35347.8012937221,31824.9680890272,27717.835527572,23537.3120388453,23767.6728370959,24040.1086906523,24368.95157547,24560.9775944932,25006.8075177053,25107.3922776087,24902.2368631123,23618.6434490254,22935.5362234645,25609.1659861316,26515.5242392222,27059.3588444488,27866.1334473759,30920.8516005632,35496.0501041075,35284.4787956362,34516.0648648139,31878.5197247574,33683.5502672711,30637.9077855429,32263.7320996789,33643.5892780641,36925.2447054932,39134.7061173571,44431.3207333576,50294.5522233069,42431.6645328565,38418.6560330215,34534.2863780496,32146.3540940007,31152.399999,31342.4652610001,33616.3991810001,35833.8327,35962.6406250002,38727.3446189997,48312.8183619994,41108.8244820007,53078.8949569996,38835.7317180006,33721.5980990001,56337.1730940008,39842.639814,41141.8083070001,40353.932387,39584.804000975,40820.826477005,40820.826476689,40820.826476503
50,"BGD","Bangladesh",209911.501924103,208234.363102483,209352.835250918,217500.913655814,225641.953103502,226782.108505233,227833.876771091,235729.397416938,236692.103029451,244709.624448561,250470.021617342,268274.960053058,274957.708860593,277248.892634075,286600.101378141,296027.350509541,297847.851864014,299656.684854009,308610.179823864,310463.98654665,320300.179517421,326626.590645718,348979.277514679,354584.718442363,365552.373991471,372509.315910708,389911.159278187,406239.641558539,420758.082715235,423963.063184064,431363.289173537,437622.93109619,447951.009661905,464294.040180367,506201.741852742,544346.716140031,562088.373428025,592739.192915998,609943.0026504,615052.68687841,624817.053075737,636756.859243254,664508.246388604,707952.149119303,638389.925611563,654620.864334844,674622.441252606,692420.586643965,705072.763993354,707606.0221785,730161.925637595,782485.794550559,824803.531464771,839930.630859531,867834.318284718,886479.553043364,895623.55951473,899743.79377182,904965.824618736,1032119.52612484,1025000.51710134,961362.896335858,1024644.10187508,1033861.67215662,1034846.06546484,1039138.96061853,1079064.48171391,1088698.88483377,1106722.34489034,1114582.71992306
52,"BRB","Barbados",4617.3011631133,4155.588361242,5721.1924775375,4595.5378957045,3803.6393519841,3935.9568569555,4360.5308542583,5556.3799818192,5971.3789899296,5899.9066402223,6690.9471202165,6289.0213277308,7765.8942499616,7922.789378899,6157.2595435383,6990.4409227937,10470.3067813348,7076.824763402,6648.3124348686,5470.5416270391,6266.5695208282,6035.3663436776,5772.3535488428,5176.2896331101,5224.3087850246,6965.4681900321,7868.5971189312,6026.6251827126,6465.8794062088,6118.5627196651,5491.8478697566,5465.3705766132,5541.9100021951,6910.7456565136,7804.0290481802,4774.375165592,7670.450147589,6777.2281455715,7950.7486519312,4396.8047645319,6760.121958442,9372.6743284081,7644.3343054964,7220.9198029503,6925.9205352315,5562.8298062147,5670.4757969525,5066.6056890882,7143.6022472807,6221.1157284815,6714.2751089011,5235.7254232169,5136.4342978307,5381.3064999308,4411.7817728411,4555.9241658879,4125.8904089558,4420.13102205,6340.8564321311,6101.1402147295,5772.0098438161,3669.3868634325,3055.3495161604,5419.8297623116,5460.0832209035,2915.5535929056,3226.7813307066,3337.8642910447,3341.4822598085,3109.8835019505
112,"BLR","Belarus",NA,NA,NA,NA,NA,NA,NA,NA,NA,NA,NA,NA,NA,NA,NA,NA,NA,NA,NA,NA,NA,NA,NA,NA,NA,NA,NA,NA,NA,NA,NA,NA,NA,NA,NA,NA,NA,NA,NA,NA,NA,NA,NA,NA,NA,NA,NA,NA,NA,NA,NA,NA,NA,NA,NA,NA,NA,NA,NA,NA,NA,NA,NA,NA,NA,NA,NA,NA,NA,NA
56,"BEL","Belgium",27172.1041805306,29664.3689527678,38991.8919900267,40392.5322264841,37701.3627081,45766.4555278779,42246.8610766248,21052.6540056775,19561.8842265638,24967.1407619396,17807.901586372,21249.4924791343,15187.3749275066,20544.3441158988,27168.7474916888,16892.7498582355,18125.9940894853,17000.091489395,14977.8404147659,20251.9513075832,22981.4586855269,16662.4997459973,16971.3001137715,24055.563313732,18400.7260731298,22975.310268647,21705.8277789128,13618.1508322017,11088.2232955401,15028.8796604329,16506.3620778807,18343.4836828872,26430.0337289988,18703.5575809051,16965.9849579328,15023.9819279346,11651.9511149333,13328.0722799124,13519.1810036368,14699.5846661984,10396.5092608322,9024.4984092256,10984.8072575473,10539.2398430021,11343.4898234332,10808.240884401,7917.4971359122,8244.8109206213,8387.5618581004,11091.3401371554,8439.3924968602,8473.4791141374,6582.4194850661,9506.9168008014,7559.4528623344,7875.3000157836,7832.1764037632,5260.5879043757,5520.4268020273,7902.5575864432,10115.2534247411,6658.8173453184,4655.2111816981,6683.6594317095,6673.0443781364,6605.8450448322,6353.0227771976,5354.8313657633,5388.5520775099,4482.8223030263
84,"BLZ","Belize",4340.6334605975,4365.3563159105,4416.8557387838,4437.629426137,4648.7643293467,4610.9531070708,4827.394317587,4733.1242273455,4925.0811724223,5109.9409854457,5486.9287960386,5584.8977343357,5924.9725461856,6159.8080269712,5937.3809507763,5655.7053363148,6006.3321174606,7098.8815643115,6624.2767047485,7045.6278992063,6338.0387682145,6656.0041791908,7367.3726148973,6320.3269080183,6550.7084479172,7084.0480112829,6859.4915962772,7968.8758565365,7790.9294952731,7554.8945093084,7408.2862712947,7328.5087129028,7277.4100353064,8821.5162405052,9048.1142094315,9708.1733308541,8260.9706667529,8903.1964963099,9520.1880872701,9687.4742479568,12827.3253597619,9293.5220646614,7327.4354349909,7012.3986278443,6868.9730127322,6621.1734302317,6676.6415398231,7304.2060994435,6884.0041634977,5973.7376315565,6339.4343442963,6449.0311211434,5882.1850357747,6253.3385731179,6641.7467284202,6075.4600403872,6212.9173325713,5748.8535308879,5708.7071231956,6346.6156754074,6520.4109938163,6814.8707674053,7275.885885242,7219.3964819256,6180.9318142497,6263.1188062523,6476.7529298178,6698.7499871409,7726.7753652779,7918.6908172125
204,"BEN","Benin",18974.1184790238,19927.0942396613,20866.0137779073,21812.336090448,18656.2814579199,19600.698500887,17748.3042523721,20559.9446578078,17808.513245138,19255.3946286189,24008.7190453501,26082.4021601008,27201.9738181205,31292.1339207409,37246.6628837187,43389.9224873841,44043.9983879781,34890.5616262039,35541.205414395,38237.2696684428,30677.288365083,34078.8675998314,34302.8047129051,32991.2318673502,36872.6905537102,29325.6843679987,25314.2448004204,27333.1950449254,28946.1645507946,31447.6100246947,39945.4309645922,37099.3753362427,35911.9966931948,40452.926610956,42018.5234686065,44305.7387214169,48483.3468861605,56462.7278228805,65355.7153431912,67963.2066810558,75113.9746519131,76715.1313626462,75660.3538052574,73927.1767208618,71934.3783672167,66084.8234186039,68423.2723337581,66325.655768114,66027.7345089342,68080.9305679543,74554.6654623534,73115.2394755109,74519.8308320729,72009.5901409646,73277.5141516925,75771.4893191822,66986.9768442969,67454.581629738,69977.0415975161,74043.2953157781,76669.6575635114,75724.0384446577,78778.8350338573,72566.6039778368,78573.5725632181,83225.7829218211,84157.6591787306,84244.6634547541,82414.3146157763,83987.6435485869
60,"BMU","Bermuda",1299.5146517673,1198.8266916155,1098.2579323709,990.8667675211,979.2945094563,971.9559614401,955.9381612059,920.7124778243,912.4721205824,995.4743904453,968.1870470341,1012.6436484318,841.3316885049,1555.1678802499,1948.0242195532,2746.7012430099,2998.1198991456,2140.6078203177,1971.3586431534,1677.6794898822,1804.8564917389,2124.807099996,3113.5997080188,2535.47685498,2201.1182120684,2739.3409445238,2174.1640714683,964.308523063,935.6487616965,1108.4028130794,1218.204402728,871.2604368447,881.7762319708,1010.4028041721,1013.3848361053,1162.3019916757,1346.8666977112,1299.5379209404,1263.7794496459,1278.3675570439,953.9030344717,907.2219763845,937.3649944505,893.0868517311,909.3020270817,957.0234200427,991.4276882189,966.6257332071,979.615453986,914.7468529402,814.5776191491,731.9182918439,1650.736706079,809.558781715,846.5997989539,856.953507102,842.1301482797,920.007620783,871.0922107994,887.9849456363,820.9759329555,1015.6633530962,1010.5567348086,914.4707681351,863.4832701672,868.0071299771,875.2808829831,853.8503733642,813.6885546954,873.7608096846
64,"BTN","Bhutan",NA,NA,NA,NA,NA,NA,NA,NA,NA,NA,NA,NA,NA,NA,NA,NA,NA,NA,NA,NA,NA,NA,NA,NA,NA,NA,NA,NA,NA,NA,NA,NA,NA,NA,NA,NA,NA,NA,NA,NA,NA,NA,NA,NA,NA,NA,NA,NA,NA,NA,NA,NA,NA,NA,NA,NA,NA,NA,NA,NA,NA,NA,NA,NA,NA,NA,NA,NA,NA,NA
68,"BOL","Bolivia",NA,NA,NA,NA,NA,NA,NA,NA,NA,NA,NA,NA,NA,NA,NA,NA,NA,NA,NA,NA,NA,NA,NA,NA,NA,NA,NA,NA,NA,NA,NA,NA,NA,NA,NA,NA,NA,NA,NA,NA,NA,NA,NA,NA,NA,NA,NA,NA,NA,NA,NA,NA,NA,NA,NA,NA,NA,NA,NA,NA,NA,NA,NA,NA,NA,NA,NA,NA,NA,NA
70,"BIH","Bosnia and Herzegovina",NA,NA,NA,NA,NA,NA,NA,NA,NA,NA,NA,NA,NA,NA,NA,NA,NA,NA,NA,NA,NA,NA,NA,NA,NA,NA,NA,NA,NA,NA,NA,NA,NA,NA,NA,NA,NA,NA,NA,NA,NA,NA,NA,NA,NA,NA,NA,NA,NA,NA,NA,NA,NA,NA,NA,NA,NA,NA,NA,NA,NA,NA,NA,NA,NA,NA,NA,NA,NA,NA
72,"BWA","Botswana",NA,NA,NA,NA,NA,NA,NA,NA,NA,NA,NA,NA,NA,NA,NA,NA,NA,NA,NA,NA,NA,NA,NA,NA,NA,NA,NA,NA,NA,NA,NA,NA,NA,NA,NA,NA,NA,NA,NA,NA,NA,NA,NA,NA,NA,NA,NA,NA,NA,NA,NA,NA,NA,NA,NA,NA,NA,NA,NA,NA,NA,NA,NA,NA,NA,NA,NA,NA,NA,NA
76,"BRA","Brazil",185844.12177353,184084.804067689,205780.197750278,178730.359174008,201939.766162497,213042.867779633,230600.315808809,223954.425939625,237688.71119889,317165.230608176,307656.577937057,345558.464194706,507663.495840438,554657.554423062,483147.746997763,534924.12313592,611120.933486097,817281.270047041,719869.844618051,614783.882955398,716330.040854293,777682.700422038,904758.482239558,981417.799447054,912148.901062678,836550.823172528,747343.926092145,848156.137782261,925771.59903845,1027535.44907692,862035.067647626,857883.767940269,893952.546445112,964221.501570553,1079182.38953812,1068452.92420889,1054407.73747825,1033130.38290612,929729.603316091,864013.636313457,712405.404018018,731527.369268009,736066.99290049,746642.227627158,764271.417258431,716788.528368336,663952.044520842,724246.52035667,700429.036045816,695290.062711053,783962.000732795,836926.739953529,871050.222748645,813661.775867967,816963.706312916,822294.695797347,851790.193795174,877699.785313311,867038.728620125,880894.328530431,855967.484864935,984843.476398408,986588.444620351,921012.64855185,967518.868317365,859379.266272779,856717.962640937,873313.211284227,866364.700863755,924317.254067388
92,"VGB","British Virgin Islands",741.3384221113,725.6583331293,723.96149138,806.2697618308,817.7299219215,840.8825156806,856.5062373526,957.6295334269,964.9226702662,988.4794880636,975.8133157517,1069.427444269,1163.3674981012,1224.1477650176,1272.8259130946,1372.9990700044,1563.9072864791,1526.0809479869,1381.263204569,1342.5555678291,1336.1013301458,1320.3023492206,1757.8619373086,1285.3120454408,1397.1701969131,1720.6558272416,1411.5577441516,1134.5506356338,1186.0767291747,1183.2865057187,1221.7428878749,1267.8656853925,1321.1655884133,1388.2169049264,1507.300965593,1616.7661926012,1704.3688179192,1795.2836907484,1883.0060132013,1984.7551104533,2057.9991214683,2126.1118205786,2003.9138731213,1949.4868755451,2165.686863253,2381.3358506798,2312.5037413892,1996.0813164798,2123.2393134098,2113.7673676,2218.7987453092,2947.6268015197,3261.2256433678,3601.8326394214,3494.7191355985,3600.9585022961,3687.3288196116,3694.2118086417,3725.8323887913,3792.987187282,3871.8558545646,3945.3713858183,3997.0086389456,4064.1662721961,4126.2120546808,4116.6943766611,4102.3911591891,4102.3911591192,4102.3911591471,4102.3911591021
96,"BRN","Brunei Darussalam",2463.0415775233,2595.7987792577,2838.1180842818,3385.1564412456,2495.0925304185,3230.0285783531,3040.3940598233,2837.7161987523,3175.553267069,2737.3709506058,2717.7383641505,3423.999107755,3877.354860525,4274.5466668445,4397.0180104911,5065.7290943298,4755.1798416711,5040.9442639524,6627.6550002762,6237.5196183075,6407.9984528386,4668.9429198666,5706.8981136753,8502.400329598,4880.4782204028,4265.4638652156,4966.3572127059,5428.5478249007,6635.7215894351,7098.6826186127,6944.2209956101,7766.4544167586,7160.5004388987,5901.3959465461,8736.857542222,10091.5725474321,8725.4512707854,9291.9012151829,7268.8088047172,7014.5085180904,7439.1888430028,11028.7254774328,10365.7351272365,9823.890737658,12859.245769584,12438.5102177774,13460.0889784965,10556.931780642,14324.149593976,12471.5972226661,14045.6249700113,13622.3850403583,16506.9825548822,17267.3709312552,18159.8983914284,19194.286645539,19754.4184817809,18378.4257964174,18821.6654729764,19952.0655573714,21243.3100807951,22608.4450388144,22930.8400217757,23247.7893344822,23559.7227019689,17745.6393623352,16789.3564077564,15669.6941689135,16767.1838791168,16692.4609859602
100,"BGR","Bulgaria",3956.0983735628,4143.9738217313,4488.6296639999,7737.6257177036,14160.9836873228,25333.7175359686,27759.0577027671,22433.0694687706,18396.1735926654,11790.352034071,22287.8976687397,24771.1766790821,11539.3070474895,15713.6205904892,10659.7699530144,15047.5737896135,11690.7433307509,19763.1082177511,14741.6016841133,25929.8884272823,11584.348961621,15344.063922169,11516.1436473792,8830.5194031685,11077.3099163954,11759.9893199229,12961.7222540483,14452.2533321807,14755.7653764961,17732.0052538006,22271.4991274449,24933.0054775145,21783.892666841,18241.3854160397,20292.5496544215,22469.9736742684,15489.0603783246,17792.540019833,10842.5390403969,9812.2733236272,4565.7545933331,4737.7824791771,3696.5157247295,4499.4275035825,22015.8821094589,24247.0822563733,25321.3660816642,27402.9074089487,26122.0163319502,26034.6137616058,24991.9329382485,21687.3489368751,30797.8556035751,31988.6883785675,24587.9025983885,21012.2479049087,27032.1958121022,26606.1076328648,22817.6797471858,18839.6944109691,15593.9735509041,12493.0848407329,12930.1131023929,15194.5411954434,13801.44415691,14590.6373463806,14767.586204163,15170.5693661965,16059.2372952844,17051.5126534866
854,"BFA","Burkina Faso",NA,NA,NA,NA,NA,NA,NA,NA,NA,NA,NA,NA,NA,NA,NA,NA,NA,NA,NA,NA,NA,NA,NA,NA,NA,NA,NA,NA,NA,NA,NA,NA,NA,NA,NA,NA,NA,NA,NA,NA,NA,NA,NA,NA,NA,NA,NA,NA,NA,NA,NA,NA,NA,NA,NA,NA,NA,NA,NA,NA,NA,NA,NA,NA,NA,NA,NA,NA,NA,NA
108,"BDI","Burundi",NA,NA,NA,NA,NA,NA,NA,NA,NA,NA,NA,NA,NA,NA,NA,NA,NA,NA,NA,NA,NA,NA,NA,NA,NA,NA,NA,NA,NA,NA,NA,NA,NA,NA,NA,NA,NA,NA,NA,NA,NA,NA,NA,NA,NA,NA,NA,NA,NA,NA,NA,NA,NA,NA,NA,NA,NA,NA,NA,NA,NA,NA,NA,NA,NA,NA,NA,NA,NA,NA
132,"CPV","Cabo Verde",5221.4944473324,5397.0901182334,5572.6751681486,5781.5146422824,5959.498634365,6099.497690377,5845.7076870524,6891.5289135965,7059.0249743886,6329.5486667546,7011.059424588,7231.714105689,6648.2872524266,6823.7567798623,10015.3120671355,14776.5476761743,11808.5757524567,16759.4347141791,14766.4662193256,12265.3725869514,19791.7137794626,18866.98091451,17231.6730765642,14929.1008832014,11973.4277671665,15027.359389795,13562.0707185645,16584.2154478259,15278.2365195093,12591.39781958,16689.6466491582,20768.2810733815,17918.4855721227,22617.476980822,18315.9886985013,22252.9830621999,19416.0523354716,16632.6740900854,15732.539465062,20225.2298668584,16810.7092641425,25810.6326176123,20398.0354105527,23856.4636442209,29714.2921678566,23851.9854804455,23612.2121268922,30359.8499694355,26537.8757780742,44699.3665423107,30054.8233738009,25482.5142686819,21811.5439946366,23048.35452447,24721.7344569357,20608.7509645227,22170.5858775355,24115.7757259649,19065.9198607294,23590.7662249529,22380.5686408915,21524.4977385592,29279.8968515073,32294.4975926375,38911.7310182559,40856.5741585756,37025.0572668012,61975.1405213247,47068.6583954735,41113.6989825735
116,"KHM","Cambodia",11296.5619739248,11505.2667343861,12222.294544371,12634.7724772303,13045.967847045,13754.006888527,14266.4377160526,14474.4626493447,14981.8129603229,15189.8059255498,15900.8135240848,27203.4378704952,25175.7043797752,18821.8577032971,19187.1688281957,48535.9013253545,62129.5969540369,75051.5518960215,84735.3962379407,95065.00012005,118570.881427379,127842.212396109,138736.080159592,123638.145288632,121857.625462679,109355.493337801,91297.5418206084,112011.071216806,115426.334676628,108888.836135342,109916.00109443,144592.885978001,163528.259857698,190739.518024761,193988.458355796,218668.614526947,236846.06288234,276440.094652548,273215.798797689,281544.051141759,308194.433884231,305360.174803704,331564.31218388,326480.293033289,339760.67962715,346848.489258461,345081.350655901,339558.486954962,350499.261448808,388211.721099622,397575.609859319,380808.51285958,387271.278570408,375644.800361711,368328.17244916,364312.537721962,322064.901184143,308659.432398914,164581.557869144,166172.494753077,167551.723549415,198183.407583728,208557.89196941,186682.03815385,207045.869318676,196429.889879234,190356.256676099,191238.452499982,224708.828586857,211746.984487642
120,"CMR","Cameroon",14499.0177540907,14770.9715905008,15042.8001488407,15664.9822927465,21613.5813432548,26502.3989906403,28164.7094515717,29252.3223057955,33382.6586131933,23045.4507662887,23498.4066053575,28024.822573087,29115.4109461546,29578.32395687,29503.5911069678,25322.0268760345,25219.7711566437,25433.132620279,27093.5154015832,32881.1041957793,43759.9681059206,53423.1142840554,59161.6526715665,74848.6202417989,75961.1318042211,78044.4457273438,82823.6939736564,89387.9632442019,80657.0444350501,80387.598864618,79397.3114426902,75860.0778266159,72756.7785645041,68737.1937928263,71117.6583691629,64512.4854259823,63584.7398884833,63776.4491439062,68738.5590101958,79661.5395096842,89440.6501614454,90721.6877069659,89583.5371407112,92019.1214970892,95278.5815596839,97672.450947978,99485.2510588524,102426.676524204,105546.542075227,115098.868934915,109366.807365358,112054.337381389,114600.227272983,117144.304580896,125043.47850952,127632.747744118,132727.042519703,141554.284592374,151262.549775909,158954.829696102,165932.602606551,173647.34512725,181232.889010024,189051.211880583,198481.658926264,205810.701127453,213168.536827541,251130.230788353,265916.937094453,280509.918294358
124,"CAN","Canada",2024469.50043097,1779062.46752561,2192166.39184065,2356323.9116253,2877221.74464571,3027312.69860848,3356202.65947014,3474678.57203481,3625896.06547586,4131388.9029569,4612503.12422123,4847002.56724309,4276416.76345364,5256525.22161314,5395982.75147384,5613306.75574132,5467347.60530556,5913378.69131469,6535741.53015791,6151519.43401708,5725532.54551201,5232315.70012192,4673295.78374583,4690869.60800107,3837888.09503174,3398375.51634078,2793136.51861332,1978613.98768422,1856826.95759892,1928387.82262249,1787708.63831282,1813890.88175643,1820028.83891642,1813069.35425687,1877185.3945011,2049023.91685328,2389716.02391755,2581703.5829294,2488863.25612892,2458719.57091476,2492049.44860537,1920375.54075487,1676948.21110257,1673896.77072841,1303042.36339351,1066098.23953498,1090625.98076669,1111551.99322462,1145359.22386371,1166576.08025256,1164591.55953309,1246995.46185893,1232662.35771117,1274525.45057109,1323288.37094769,1251084.14717611,1208176.71046314,1155240.00719741,1082365.66650583,1083945.72529039,1087281.31774252,1040018.21532726,978631.047905726,1000235.42768598,984177.084365149,965698.224257942,997782.504228623,982098.939543497,950772.529333393,894417.979745973
136,"CYM","Cayman Islands",255.3374704191,216.1210146708,189.2093639956,115.8785317845,115.5518135057,161.1535960197,164.2675687573,137.0317310779,118.7164982184,144.2965668221,138.2623639411,131.1934983706,138.0779307483,529.4773987998,581.9153706564,801.3311340745,1028.7851901894,632.985507752,483.6690456616,552.2617490232,377.2847745732,380.930712942,999.647469466,298.6314803023,416.8595411065,941.1787555805,539.2048520896,142.6832866368,95.2390117756,78.8092435642,154.1755660559,158.5359505025,135.2677626343,207.5657886331,221.9616672453,171.8735962634,152.3689043152,443.0816429811,240.7750225939,538.512651566,310.5904548813,342.1577171778,457.3520391834,161.5687047517,344.2763489497,236.1351899209,414.6804261504,713.610820874,678.0603002841,606.9482345636,624.2440056274,581.4658005536,593.7090821075,696.176453726,538.8193135998,592.4670154391,515.332044098,611.5808313834,592.5022878518,680.3578611182,526.9217005501,525.1541874614,440.5611965446,390.067383929,386.6144395751,288.8729656634,287.4792071169,290.3002203124,276.5490983793,244.3796527111
140,"CAF","Central African Republic",NA,NA,NA,NA,NA,NA,NA,NA,NA,NA,NA,NA,NA,NA,NA,NA,NA,NA,NA,NA,NA,NA,NA,NA,NA,NA,NA,NA,NA,NA,NA,NA,NA,NA,NA,NA,NA,NA,NA,NA,NA,NA,NA,NA,NA,NA,NA,NA,NA,NA,NA,NA,NA,NA,NA,NA,NA,NA,NA,NA,NA,NA,NA,NA,NA,NA,NA,NA,NA,NA
148,"TCD","Chad",NA,NA,NA,NA,NA,NA,NA,NA,NA,NA,NA,NA,NA,NA,NA,NA,NA,NA,NA,NA,NA,NA,NA,NA,NA,NA,NA,NA,NA,NA,NA,NA,NA,NA,NA,NA,NA,NA,NA,NA,NA,NA,NA,NA,NA,NA,NA,NA,NA,NA,NA,NA,NA,NA,NA,NA,NA,NA,NA,NA,NA,NA,NA,NA,NA,NA,NA,NA,NA,NA
152,"CHL","Chile",138621.354929992,152637.588753602,183395.954807869,189034.383158258,188059.727767007,249747.399100905,209923.040198835,207962.63721624,201805.269870322,225224.315698418,411945.047556091,489914.509955143,523626.967377039,1484274.16739641,2285274.68301355,713816.715960482,1484713.26934561,1159585.11139281,1512418.49750777,1138382.06652852,1673730.54871021,1577945.03306799,867538.343989202,739847.047353252,2064832.89304301,1755653.70580793,1912635.2895669,2535163.13551285,3631106.5505151,2529803.49567252,2789688.69507515,3278982.60100627,5215926.64662679,4198363.34097201,4194012.30482484,4392360.96869593,5111517.39936643,4885427.15658582,4621762.60466106,5697749.65513114,5077332.68435728,5492258.92765607,5460481.82265175,4361340.52099204,5514017.91512789,5454132.64056266,5257673.80266764,4117637.85570119,2516490.49194887,3699460.44055399,3063464.01383304,3095552.15595007,3014645.92415825,3292087.92244988,4331704.62458333,3794297.22093989,3641798.03747197,3085770.40725926,3030987.43356005,2940072.61220704,2587918.37527028,3771697.39935001,2444943.13334836,1927417.93092989,2460805.35466367,1632510.80246091,1393836.04771674,1634512.3516671,1795852.59634314,1700375.00783427
156,"CHN","China",1033776.19071029,1342741.05225967,1607175.61543008,1620138.95309195,1918260.60299047,2054462.76449117,2395252.54600209,2291282.41309148,2409119.2661712,2438326.9993395,2551329.09156669,2306726.84142226,2497943.36339057,2407932.34959025,2448153.96524151,2572148.03090749,2740438.39282774,2501425.3110666,2619705.24076546,2790238.32585853,2745462.64862451,2720085.72586394,2914491.03990226,3246186.3741847,3314527.84067262,3488760.93162433,3298554.98734173,3365251.53222743,3283624.58201574,3249789.68011536,3239755.06789553,3368196.38638406,3833435.40963288,3912713.87845816,4408896.91310828,4740302.82307809,4795372.01532112,5503936.7552456,5905150.17031068,5685393.59353941,6263893.62006858,6297274.95949,7062399.41235897,7239586.8402584,8511534.10092763,9548801.64430139,10789038.1840505,11639507.9993866,11444956.1964117,9672868.60979605,9555303.78710996,10287453.3028934,10098380.678321,9747799.1691007,9785011.80676956,9685730.96484587,9621515.05845647,9414544.57775208,9521709.63771743,9790457.33281921,9964484.61243588,10314033.7616234,10744898.0344998,10848501.7421367,11164523.5134803,10595549.7636296,10485373.4772994,9888067.70516342,9490005.53852788,9568140.59773029
170,"COL","Colombia",4826.8202978839,4791.9397522017,4835.8944888065,4906.7528228345,5445.9684932701,5442.878082866,7455.0263524414,11255.9468544429,23933.7983793927,37435.0883792827,48442.0465093978,68971.6041291537,105625.021182337,85880.6905618531,78002.866936097,74366.8657772079,82335.7735206097,147834.283384594,145020.703081772,73336.4674723064,71717.091987176,65835.6751555491,85560.0803917573,135934.731033757,99793.7841098986,88303.304575142,69015.7246059709,110191.731859584,127359.225107131,107487.162864533,412470.991944747,155035.772323818,160248.684581339,55639.9080519422,103162.791173449,91192.7478622608,118041.165088125,97647.0522419143,103244.541339995,108182.101798599,154756.735537818,206703.387627944,169733.615029985,125179.719772287,88051.7209674837,98433.9799024759,121430.807816607,114630.7149905,116494.788153642,100654.699043072,127781.198796258,112498.235710536,90276.6799775077,90386.1951224564,71664.7841327036,81351.8443628946,72069.3649443177,98408.3735331371,87244.7792022411,84474.4006998,55818.9307385645,47286.8619808639,33090.9426687108,42337.1859919325,70730.1094437462,61349.9663486063,32449.3796052492,56148.8059745018,33353.3225555768,75192.08726689
174,"COM","Comoros",1170.8107109862,1276.539572215,1610.0511264761,2331.2812030887,2579.6112343832,2649.2579594194,4721.7836149076,1992.8305949418,2732.9754367352,10711.9571481087,14603.484852245,12564.9313391708,2685.9201699122,3298.1127024613,8954.4170583135,3151.1071227751,4212.2833262868,3816.7923682585,4195.3769203275,10722.4314689732,5564.1984411752,4160.2742923637,4853.802108265,4378.6179595868,5052.2147015519,4659.2934574948,4265.1972799526,4753.2567456108,4126.1353515988,4918.5715743656,5148.0739204447,5589.9680485328,6004.6445769259,10536.5224374984,10640.8188624684,10375.9053555949,9440.2589274165,10254.1490280951,11424.1753340896,14284.35631621,22540.5906976972,13029.3014391496,13868.9795659524,14888.2339159508,14537.2637730673,15080.6597697794,15710.7897800699,16055.7991554962,18661.3544918617,16891.4271183269,17306.9329726155,17672.9517771044,18067.0716197307,18380.9065120723,18505.7339652502,18788.8473696,19111.0530615211,18962.7926524609,18930.6299032858,18989.8768413743,18793.4802115443,19909.1124513782,18346.6131042032,19398.6269009077,19248.2454971109,18164.0831016715,22702.3011451271,20639.8935295219,16516.6516910987,20265.4402931076
184,"COK","Cook Islands",NA,NA,NA,NA,NA,NA,NA,NA,NA,NA,NA,NA,NA,NA,NA,NA,NA,NA,NA,NA,NA,NA,NA,NA,NA,NA,NA,NA,NA,NA,NA,NA,NA,NA,NA,NA,NA,NA,NA,NA,NA,NA,NA,NA,NA,NA,NA,NA,NA,NA,NA,NA,NA,NA,NA,NA,NA,NA,NA,NA,NA,NA,NA,NA,NA,NA,NA,NA,NA,NA
188,"CRI","Costa Rica",1719.8069690132,1738.0145998505,1898.2024830806,1801.3417669466,2408.9210170768,2919.4172233617,2842.9683152396,3295.3254463477,4782.7007939039,10675.1268667536,18288.9721512632,29535.8726410224,31310.8151567598,33455.8066573807,50536.6270764336,38926.3858584402,40307.1334410182,31379.7063960017,55519.2950833469,31342.3408877912,44662.0517907927,91028.8068720591,57228.6333533203,77702.3766704782,132965.178178175,68884.9929087469,71207.6480722083,54905.6892822722,77538.4426660819,77646.6149523992,54698.3371683597,57167.0218449916,64672.6557659795,38756.8059896856,59907.5089797146,108150.699458801,142948.842434718,87536.6659320713,115131.137307188,88918.3258752026,75254.0442153014,71165.3827899422,54462.0912131951,69638.0207654159,72089.0015979816,78786.8188680329,87773.2627418062,64782.0365228242,64846.9605374391,99200.4963866923,91301.9381292407,99427.9112038442,88162.789149156,87029.8756930426,74495.2830652543,83153.364017479,78084.5982501823,68764.5476933257,79616.54336883,82546.1014635642,67606.885477016,64315.7796738425,68643.2276383895,78840.7593349412,57910.0605653128,61805.374990079,64958.9275848335,55421.1939941374,58304.4770766763,54318.5561512375
384,"CIV","Cote d'Ivoire",NA,NA,NA,NA,NA,NA,NA,NA,NA,NA,NA,NA,NA,NA,NA,NA,NA,NA,NA,NA,NA,NA,NA,NA,NA,NA,NA,NA,NA,NA,NA,NA,NA,NA,NA,NA,NA,NA,NA,NA,NA,NA,NA,NA,NA,NA,NA,NA,NA,NA,NA,NA,NA,NA,NA,NA,NA,NA,NA,NA,NA,NA,NA,NA,NA,NA,NA,NA,NA,NA
191,"HRV","Croatia",30732.8812202625,23474.6618198914,22917.0937172966,23307.4661535182,21092.1489176762,21064.1282811314,25676.9156719954,27627.9441968142,28479.3196998227,26829.7476017594,30223.0942753826,30670.0355748148,27383.587845472,29525.4730370467,35888.0541049768,37815.2027177501,38251.1155764203,41347.904449199,41878.096486048,38689.8610110197,38149.5401491625,42671.0710381268,41887.0818376041,42041.3753338421,42254.0921858065,45321.3452746761,47153.9976384188,46609.9051611742,52974.1714320955,53659.9211562513,66800.5319570977,73616.996082815,71864.1229502646,85673.8443016312,86063.0785707442,90120.5506886656,97532.1679385131,105695.704571259,80443.5966950429,85102.9467315958,70936.8282485625,49607.3088656856,68090.4987243862,67644.3567943279,49807.8145152386,47969.425363314,44523.4775834789,45065.1926459087,48992.0174668033,37539.3725140729,40166.0501932766,35671.8480261753,37465.1246110665,52682.1168652823,54927.0730669236,62269.6201583478,62408.3708083179,66144.5319015041,72972.8920692527,76728.3067913381,68409.539792012,89836.4067241915,83231.143815877,94971.7689624046,91212.0160881645,84371.77940533,82637.7904174407,82488.4182589304,83760.8115759228,77072.9733877067
192,"CUB","Cuba",11670.1011502214,10936.573790973,11711.9371698275,11961.5772002133,11469.71316409,12466.4199428855,16963.531175831,18194.8607759466,16008.017939568,19036.7205076144,25421.337128264,24726.5447137224,32237.0751302774,33814.0517704791,34654.0071465957,36127.2419591766,39719.6156719793,40107.940561713,40562.5820973341,45623.3868469643,40688.1593392001,54976.1621658457,66772.368975999,65001.1281705186,71765.4417860933,71184.6273790419,72114.1237197405,63258.0412871207,67100.6904563766,65323.0872026481,65204.1122391253,57323.8875886301,71158.8256955501,71147.4336798744,74704.9523632103,77341.6434813958,76934.2090915906,76213.9120327241,75269.1597972238,72692.8710970029,60138.8574240561,60096.7320601188,56917.5636837843,45862.3023755245,55332.2173953931,54632.1034683042,53336.350205193,62035.8352844159,56610.7227173441,60678.5352785563,65633.8209496582,48508.7604794487,37487.1704437556,38205.2579653793,37363.5857986193,33827.9009601432,33411.6397099244,33224.6173033053,32976.8972219234,32864.4192591641,28952.2516206398,29429.9933906096,27462.4344120371,27644.3433098526,27653.329557947,31368.9334451916,29637.184905517,27230.1035092199,28154.0558381075,24306.8393757785
531,"CUW","Curacao",NA,NA,NA,NA,NA,NA,NA,NA,NA,NA,NA,NA,NA,NA,NA,NA,NA,NA,NA,NA,NA,NA,NA,NA,NA,NA,NA,NA,NA,NA,NA,NA,NA,NA,NA,NA,NA,NA,NA,NA,NA,NA,NA,NA,NA,NA,NA,NA,NA,NA,NA,NA,NA,NA,NA,NA,NA,NA,NA,NA,NA,NA,NA,NA,NA,NA,NA,NA,NA,NA
196,"CYP","Cyprus",1321.7229567476,949.7058229833,997.0812898203,1026.6307694523,1418.0756351367,2370.3624545,1634.1614992075,2058.9789991062,1641.026206967,1331.3814190577,1408.0920385921,1273.4037715452,1865.1291717499,1914.7386459325,1580.5002947892,2947.3043230389,2326.1970920055,2448.4444207364,3352.929099838,3257.1201761852,3134.0226460747,2913.2703318662,3170.5967074714,3415.0176013295,3161.4617894827,2651.1585453132,2965.9222527744,3326.765137852,3527.7347729505,3657.9411625512,8635.7679812568,11887.4312891692,15454.1903010566,20986.9091382742,10481.0872774715,13564.6559252521,12684.2134913768,9874.3353503861,8134.528878286,8315.5373232108,9751.5407114587,10348.9418863777,8453.3982995008,17906.4000443421,18062.4531228364,18503.7758001996,19416.6563526552,15995.4654898023,10857.7267443749,7591.0922044215,7666.280062264,6197.5306629648,6976.4343751028,3556.0863705165,3204.2357359428,3994.3974726703,4697.0124401815,5497.5109970399,5184.9123338383,3815.7954443184,3847.8900806209,3370.5168271343,3672.8510928765,6549.7329913714,20462.3490180136,8997.6540195323,41041.5712580531,14160.4194862022,35751.2574115074,6952.1362619535
203,"CZE","Czechia",NA,NA,NA,NA,NA,NA,NA,NA,NA,NA,NA,NA,NA,NA,NA,NA,NA,NA,NA,NA,NA,NA,NA,NA,NA,NA,NA,NA,NA,NA,NA,NA,NA,NA,NA,NA,NA,NA,NA,NA,NA,NA,NA,NA,NA,NA,NA,NA,NA,NA,NA,NA,NA,NA,NA,NA,NA,NA,NA,NA,NA,NA,NA,NA,NA,NA,NA,NA,NA,NA
180,"COD","Dem. Rep. Congo",NA,NA,NA,NA,NA,NA,NA,NA,NA,NA,NA,NA,NA,NA,NA,NA,NA,NA,NA,NA,NA,NA,NA,NA,NA,NA,NA,NA,NA,NA,NA,NA,NA,NA,NA,NA,NA,NA,NA,NA,NA,NA,NA,NA,NA,NA,NA,NA,NA,NA,NA,NA,NA,NA,NA,NA,NA,NA,NA,NA,NA,NA,NA,NA,NA,NA,NA,NA,NA,NA
208,"DNK","Denmark",346637.208548289,403163.778022648,416005.539635632,442159.733312877,460162.047882908,474087.288859396,500425.971210409,589507.288765079,619706.356340005,693503.818414754,510543.47575517,584562.519021883,598206.304232409,695343.9008949,812641.177629295,733707.10215259,708204.494202174,713395.348240183,813990.566395593,863549.532136249,855158.163622048,730809.862907753,716872.012749114,781054.713473796,739845.255895445,774878.014762897,797722.397780261,663142.010415878,668668.998671613,635237.073361363,688775.263993191,710671.429166475,693864.206480045,680893.829147023,711400.213610281,676115.769201719,655785.872811989,610412.210794973,722441.561418425,631838.996191067,562533.656826988,606824.820222854,679344.817153524,590633.399413642,663480.53357629,694505.934576193,552467.420912343,551195.981526252,512649.481994312,481407.690403821,490650.193321867,510109.644221872,496079.925305934,375920.99856938,401421.858612768,359221.904135016,322225.766421593,264466.473393043,244671.759232288,250030.160081687,244936.581093888,251246.106013118,217416.600378908,248413.482531998,253781.514156114,272366.414986291,227946.67216573,315832.044622774,248037.52480956,203388.661199157
262,"DJI","Djibouti",326.8281318691,334.5725519205,349.843033427,356.994778657,362.9239255864,389.7469841832,362.7808816539,371.9621414629,369.5618976778,389.2365051436,389.1806041011,386.605960521,399.4213670959,400.8723496454,412.2175445197,420.348199633,478.8549293998,477.3418594861,457.1855700971,480.8637166995,522.7095880166,507.314914575,560.9187676051,683.4849462168,777.1088081289,723.2510791475,840.7691522278,945.7334354822,872.0245635621,1254.0646774059,1423.3661300282,2164.3260243061,1246.1780971595,1425.7943212818,1627.1653087497,1600.9612974717,2080.6741981525,2256.4958291399,2516.4654934415,2104.4519696173,2575.0239833236,2098.204235803,1116.04154638,772.7367210809,1157.8035902972,1506.8106749934,1573.9595033692,2282.6046424112,2374.6617748722,2419.6487102699,2386.2888294939,2481.4358142114,2575.2201560044,2684.1385359739,2918.0310128338,4599.3963772637,4005.3856752908,3562.3272792443,3245.6202118588,2971.291242603,4775.7451255638,2988.8366602584,3657.0195923805,2861.3732479331,3822.8352781079,3266.0429048773,3828.8595989996,3695.0382904485,3871.0382904491,3605.053587344
212,"DMA","Dominica",1111.3556956299,1113.6699739393,1126.1246607686,1129.1097223417,1150.4498287713,1199.0128608676,1223.3578829315,1239.3823789619,1238.1368172674,1248.4482972252,1266.3164247488,1255.0664864177,1333.9702001451,1401.1595461541,1450.1631869255,1522.0095029249,1662.2440826234,1771.2487386549,1614.564740667,1649.9030755357,1599.8231206435,1651.9672986151,1892.2792036356,1621.5666175561,1772.2265079684,1986.6393235832,1824.9867338644,1831.4146738415,1976.942711119,850.9772966392,1975.5572474901,1533.8749999998,1568.7499999997,1519.4400000001,1512.0646750313,1501.6799383649,1536.3060348055,1482.4007224214,1475.1348745361,1471.214117348,1557.2332364131,1536.8136465677,1560.1323484923,1525.5732929085,1556.0448852722,1602.9637115545,1605.569843515,1614.7541967212,1629.6020987768,1844.3489953319,1871.8900486331,1805.4378048882,1907.2685344601,1796.5254691612,1662.6758582823,1716.1282748471,1711.2509895248,1754.3207746151,1838.566490758,1820.203976661,1793.7182196281,1813.9510281829,1726.0404548317,1735.2327233018,2398.1029664247,2560.6387538864,2189.3819390545,2081.9803052625,1787.4237207573,1874.1702079982
214,"DOM","Dominican Republic",17791.710198112,18117.5087117907,18604.9292387626,18902.6726170027,19517.994360304,20239.0061690839,21001.7683670604,21567.9498521263,22200.2431387655,23020.128997669,24123.2188056736,25732.3596662395,27680.0201268059,30197.4581373126,31275.0404974599,31532.8008563199,31970.2994767414,32846.5753504157,33623.7950616611,34618.4759320488,33265.2441730649,36601.4814538164,43297.415399383,36762.8213440932,35957.4733314727,39180.5147037769,32673.7483594945,31127.0078053064,34154.986370483,41027.0716329241,43912.3697965794,45964.5701384019,51215.8019215057,54739.8263724506,58298.5473024149,57612.2800887282,63323.8109272851,54084.8970882465,65085.0122158609,64823.8047645826,58173.3481423285,52181.110396223,71897.9617902391,72065.5960378114,60553.6352960198,55622.082241408,59808.280081003,55463.5772461444,46857.1011187979,54577.4849144718,54809.5047283968,60015.5093945796,63114.3947978734,50194.0184301581,50231.6602954702,51035.6769659486,51496.0221061238,51704.7712092335,51878.5049434049,52067.415986967,52336.0302583641,49820.8984181912,49327.7723288416,49076.6351970238,49707.6906002622,51488.3110068701,54885.904006868,56214.272254713,53766.461465447,54410.016272012
218,"ECU","Ecuador",59263.0834233701,61147.8490198541,62497.0299015956,64078.5356560543,67697.5773993272,69538.0575184091,73689.0020898526,87817.5225007341,92672.3768636808,97507.3445318643,88301.4043553115,119743.272370004,132133.901861537,160936.950470686,130269.819912675,168988.193155603,155616.827466702,179654.94741107,182027.20748211,195194.261678941,203938.476805722,251148.190645846,264481.31163004,358244.379748198,400912.745114688,524200.286710008,715066.613263056,1014675.27936529,1415743.88462092,1397542.85518204,1496848.3855993,1202600.28312306,1333245.78846986,707971.283522439,1506440.22551819,2161438.42510404,1410119.60243596,982468.178612839,1116561.17821626,852662.54963823,400535.015384281,470159.808292371,426898.946694847,596319.076948822,517016.228583433,640112.190857541,817717.510251152,658998.958205231,385554.891287131,517737.762220875,684800.31252977,605418.00861401,364019.27999703,402199.149000117,363080.017951499,417066.751308855,399998.975318682,396252.502184549,558004.101450682,483146.765318122,359330.516621933,493985.956006033,424661.284830177,436015.892855063,641268.599995611,488806.756400844,464647.188173956,360030.910894248,363722.104477677,296540.429988083
818,"EGY","Egypt",32461.103657093,37751.8953500156,48022.4611322768,35232.1782989934,38546.571419122,45766.1967777589,51166.8588823943,56495.1343359791,54754.140367565,54636.3723451604,52439.0338590892,58610.4471387992,89657.978389229,90411.8382619944,83127.9655777945,79515.958157154,54391.1169668578,51615.6286646191,51060.3201050526,48507.8114249935,41552.7940134934,49204.8164424472,55740.0062388587,32089.419773914,42312.6568708295,44734.1600255274,53682.5167875302,48546.9608013247,55255.3005278981,70968.9363771295,62272.4002263031,61992.9013354077,53517.3725744863,61818.3520681035,59492.9796964096,68620.4610201568,69982.4143222165,88745.6138271057,100950.138055166,119022.140708572,111811.692196518,114676.109094962,123401.930871906,133955.304769478,120063.532198889,125890.051480936,130195.205838972,141761.121044668,157474.82263589,201028.732619937,160135.893384694,159286.366502443,160133.775048621,136725.723932094,132425.141711435,125927.647674237,140516.311345203,156911.197875343,164589.664176613,153217.643998096,146389.071446109,151902.556215727,141560.527803007,130971.77196048,130543.646908102,123067.894498311,120650.091472194,126948.189466011,127904.10090455,120997.15366977
222,"SLV","El Salvador",2458.7073152921,2716.9586889029,3034.499433538,3264.5682876105,3598.8941449665,4108.7508598438,4070.195407957,21538.01292794,50160.5502089058,55829.2455626846,99954.2078714794,119307.172240548,105625.044344518,109718.602938477,123330.352833613,116732.696407254,138610.895395934,112716.088228189,118086.4749554,102053.147967725,107080.719934368,99957.1370652446,95997.2164989274,131692.291023705,97254.7948505455,84553.3754401681,76320.0685566472,58241.9324235306,106682.92828155,80963.798067033,32381.2768983123,82527.0126950402,73482.3613023009,49621.9229642966,121057.926808936,72920.3642206955,79288.3782108189,71337.2768722639,71515.4867132916,72433.4166365097,57457.3110701136,52389.0346362251,48761.2048059594,71964.6453298356,76910.3965064494,86536.1352417062,104922.552179999,82380.8140023236,76125.551694271,54242.2508586372,40963.8766477569,46606.7838799871,49939.6143261533,54260.2260161255,49096.511400347,55304.6494573281,48577.8312236959,52678.3633286164,49770.5989800399,46521.4564947127,30521.0740871516,20536.4494252091,18897.0755893917,18127.7108618468,17394.8106648931,21709.7395388919,22378.549929957,22993.8251833515,17471.7471400661,19144.4662436629
226,"GNQ","Equatorial Guinea",25106.4021346899,25362.4521975782,25406.7183772108,25728.6407480686,25967.0642882446,26098.2528503026,26383.4784161451,27395.566704595,29841.7752642275,31090.4701923936,32148.711350639,31139.1074916909,31139.6022610758,36353.2479453147,37843.1167686011,34497.8065522056,36654.6838651047,31156.954450868,37894.11542758,32334.5675265174,36175.729357801,42459.4929220838,45148.406423115,50549.6414409762,75043.6222028208,87805.9917851987,121115.526256568,81888.2510747257,68098.5252356587,26147.1532502572,58349.9798407855,110848.531135596,96838.8921586647,94622.9555036558,81498.0789808728,95798.0403909362,94141.859156634,99194.0565187784,96978.2740979682,99483.3315325139,108589.621742285,107854.056617021,111547.597140379,32059.6497720897,75001.5516960843,74224.0856149812,82232.6717410583,85436.5426905255,89808.1081615497,92541.1771344466,84357.0152544422,85500.2574082788,33678.2359461326,35611.7944569769,33489.1543243205,40371.0081877594,42313.8710070811,41360.2926204872,46514.3840781346,47016.9742731008,45081.5601947027,38167.272137563,27446.8476455026,30086.574691191,22455.8559977582,22198.6155598891,24335.5263884181,31082.0869339945,21519.2880531887,23094.1925275575
232,"ERI","Eritrea",29373.8130456007,29387.7620462637,29466.9700568286,29476.037518337,29474.5425332867,29653.5572229293,25820.1268991798,22298.7823017527,18776.2590714394,14687.4755547239,13951.9591048148,18394.5323175894,14924.8258075372,13891.3036327483,15500.8087867165,23657.93508359,27820.0754503347,24094.855449146,19301.2012220309,20005.0620422657,23884.8259145472,24678.7710354024,15172.944987462,10012.546710543,10392.3644451168,6980.2759449513,6883.9892896945,5939.6527862794,5125.4446667927,8065.1132948384,11575.3636411549,14562.5031235814,5998.772149685,8333.0886281676,8985.9370469171,13633.2152928008,14621.5591061157,14912.5137743495,14106.7059277838,10786.9723510089,10360.471057743,11528.9857113294,9133.7866924057,1836.4794993177,6641.4217746611,8252.8123249355,9694.1146675522,7533.4972534491,9413.8939807293,20884.2705063772,27623.762677357,24638.1690266166,23409.558325476,25043.2997367537,26921.7289059959,20868.5451436154,30061.4155788591,13831.8003693621,10636.5572684141,14131.6951231844,19082.9304361108,7731.0497557025,11515.6462452673,10937.9514289019,10825.9738971523,9995.9148740575,10096.3779095342,10321.1906367085,10752.7894215735,10673.4414939733
233,"EST","Estonia",21396.0924472941,24899.477431648,27469.8079776089,28179.8602479635,33243.4633656912,36540.4048341501,39225.1547775746,36926.4075435272,33644.6677330453,36968.8730030948,33977.3044061989,34380.5902123031,36361.9536044136,44113.7231823148,44910.4640709568,46457.9014875714,51778.4737274654,53655.338576144,62978.0921541109,64320.3638134282,64364.5371714127,66541.3215812159,69459.7806884008,78160.6242163364,82238.1106927902,72416.4836832355,75845.8309332831,73457.3707810153,73089.9423395281,72865.0140260312,74997.8734860885,66024.1291496115,64930.7066672348,70241.0029330629,71231.9034131879,67712.3651607583,61316.0590403606,64281.8281011774,68246.977608531,65466.3274673916,55295.9838461655,49034.6697187986,50607.9248787281,55878.4998201447,67654.0869373153,77024.7104876407,87350.1784829805,99790.3989473334,83027.7301627895,90135.2783503979,85973.0210826277,83489.1636553267,74374.5793466238,58935.6195028989,64068.398233222,77665.4148991632,69171.3273530437,73220.842581023,98026.9213202607,97338.4585363033,76588.7127236632,70474.6902003236,62245.7828030069,67538.8947998328,69299.0920272892,75715.7744631279,77326.6715356558,80156.9480061214,81901.4581110831,79757.3063875073
748,"SWZ","Eswatini",NA,NA,NA,NA,NA,NA,NA,NA,NA,NA,NA,NA,NA,NA,NA,NA,NA,NA,NA,NA,NA,NA,NA,NA,NA,NA,NA,NA,NA,NA,NA,NA,NA,NA,NA,NA,NA,NA,NA,NA,NA,NA,NA,NA,NA,NA,NA,NA,NA,NA,NA,NA,NA,NA,NA,NA,NA,NA,NA,NA,NA,NA,NA,NA,NA,NA,NA,NA,NA,NA
231,"ETH","Ethiopia",NA,NA,NA,NA,NA,NA,NA,NA,NA,NA,NA,NA,NA,NA,NA,NA,NA,NA,NA,NA,NA,NA,NA,NA,NA,NA,NA,NA,NA,NA,NA,NA,NA,NA,NA,NA,NA,NA,NA,NA,NA,NA,NA,NA,NA,NA,NA,NA,NA,NA,NA,NA,NA,NA,NA,NA,NA,NA,NA,NA,NA,NA,NA,NA,NA,NA,NA,NA,NA,NA
234,"FRO","Faeroe Islands",461911.708625808,451996.050703826,404865.726378985,411409.630985105,450366.895612196,498993.220533848,541915.046014852,357988.639756713,212810.834428223,206824.341549059,181807.622261243,113546.674818995,107757.977232036,132194.937845287,201581.27770684,461309.417334523,402224.465175913,275796.872242261,241863.229219208,212073.094739945,249761.995170221,186597.871757656,180590.444371699,210547.82726847,142167.481573836,207857.2091341,238244.913021496,218853.575048044,333976.053998493,354109.332250223,339035.969056122,379155.80997133,343972.600483552,386245.81089272,509638.916872565,556139.296555227,587502.402405343,555024.659524586,485684.254763538,456885.323687384,483434.243759403,428701.103569544,436007.093704546,462178.763844069,366058.06463343,551275.036453891,460690.069447822,551640.829090211,601359.879456803,594458.697081227,718380.682119642,874208.016695597,749207.847144323,1046556.65976185,857651.084953731,858648.89042758,860898.624197869,674037.479579742,521407.890597294,461772.249081459,564563.940859695,461405.094545537,397673.792391989,571397.995718544,620916.15004618,724603.995226227,703950.895797456,803335.757821332,613241.07030128,573325.994706999
238,"FLK","Falkland Islands",1250.4530041368,2351.3075586672,2064.2913433918,2599.1258402753,2501.729061333,3214.9969502759,4551.903400417,5705.7206095401,3298.2910571734,2521.7540105395,4631.3235008415,7410.8182560796,7768.6794663921,381.0939076784,15745.5150796823,17168.7097704238,27793.0981410002,257603.151694011,65284.8351770737,20051.415551383,115450.663053544,119527.262212478,235725.402982271,170714.130344886,157405.76701729,139126.077541651,83119.8713573436,50538.5028573996,83760.7508505511,141510.201434352,156292.042516034,147811.500316454,235536.879883016,328524.654403259,187020.564974222,286276.677554233,291741.080818785,414639.050769428,465342.332358882,588221.821360662,440102.741725359,502881.369832276,481893.280960852,313219.252271055,424706.122622388,534955.678309973,505368.905134224,664244.751464365,505064.081082405,959345.518514695,759320.466307546,614175.507407479,377892.273419062,460466.875732052,183433.035988895,264416.8754802,522588.427739001,814170.760865852,681947.966456675,329506.379874627,328904.978045415,299945.226475243,306903.114650718,316334.169242096,571227.257255571,828805.820251016,133106.135505433,213386.0029594,260296.739659333,278214.98085805
242,"FJI","Fiji",38097.0212453773,38572.6713398942,39439.298299788,40118.5422742705,41000.7059184135,47491.7861075508,42338.0051795367,43228.2261421596,45662.9934520235,46484.024890343,48456.2446132133,55031.1593262017,50833.2112352054,52769.883524888,53863.1888382626,54752.3450811252,58183.4786784865,56656.7610659466,56964.7493613081,58419.3979988301,57799.5275851233,57909.3483356302,58387.8776990954,59602.418015357,60399.9890903455,53841.7430101909,54196.649256651,54270.1902477359,57637.9404285737,67959.2288060951,70061.2570044859,56360.3721963171,56417.5755187165,54174.7580049315,53166.4537368483,54037.1527221299,51330.2163858656,49893.5089174064,49260.817710158,50990.7905266373,53204.0247881283,51344.1881244077,48491.779404521,50135.3391064139,62479.7707259372,57075.4773861173,56801.2575422214,43622.1608735837,52074.9560492839,46695.2329500726,60043.9231593134,58184.8283662445,48694.4941871468,45338.5420345247,52465.2572171794,47226.3465717289,49097.0866481174,47920.2092754028,48806.6441077055,58477.104746718,60868.8959005279,51604.2087833635,48337.2394312336,43880.5028906047,46770.3959808995,52171.2847966908,48898.0386799912,59928.3476200684,50116.9890777465,57561.8277487637
246,"FIN","Finland",23303.2990366501,23169.7505453824,25262.2225166377,34476.3439721454,36432.5615173103,38946.8396886929,39747.4563140636,37785.3582214984,36628.9054834761,41771.8152439874,40328.5584407669,40928.8173133159,43607.5104578502,54781.4886194048,44794.3809018453,51371.3260927446,50348.817649463,51973.260510794,66929.0172404361,64401.4231952731,60476.6567825703,66435.0636367721,67179.9543334299,76530.0811322246,80134.2556263468,77961.3073777178,82988.7969840745,84252.5353971407,90407.5795535803,89552.9104830905,89335.725610179,80538.7813973932,85861.036980318,94990.3888439276,95680.0897650448,94237.3288205842,90279.5115067173,86877.7099217913,95567.0223610257,88386.921751766,79773.7805359774,71644.2146284241,89788.4127520846,98774.7254483162,110378.123495826,113575.685987166,113366.390338636,125421.284966627,119715.746480116,130686.931928634,112338.204312461,107369.001787348,91808.2912614815,72864.1634345022,82328.7856017226,92732.2164167241,97287.6875356709,107191.207621091,110347.889652664,115646.980488271,109771.456799046,108182.061477481,112667.283340368,130438.087420123,132682.290470743,131951.569193338,145952.037181663,135634.985040118,131037.265177082,122751.589460631
250,"FRA","France",189280.993204434,210801.439649439,203515.600594133,252291.871788642,213623.486613494,208481.001006748,248404.312791618,236839.346784538,261391.532018525,240706.316961789,247249.531291671,252060.840844892,238133.435297474,229110.698687167,222211.489292912,211911.973770204,223983.26982077,243298.648979616,236714.667916699,258719.681463278,275027.670254227,412840.0989766,605207.245930176,420020.397325791,395321.794440583,470720.366889124,579522.160294277,396240.827501323,471631.637391658,395029.53292584,438948.861915389,359527.983802973,367882.611628441,423446.575684562,408278.192461742,422526.709253751,460357.275364167,453460.345568392,504851.669285472,487022.237268272,490865.31130628,481462.137727301,516679.316525622,462666.282101632,450874.822530109,465018.83130614,441543.211171461,476076.355867719,453017.870930123,509761.727723125,476600.518730996,490379.061976549,511523.429364032,544881.239540297,482563.568667173,479791.463204829,489653.036234927,456274.685468085,395854.064928973,418770.958813375,445910.045725064,462960.838593517,439522.067985994,447803.163740109,569185.517316558,466793.377958808,566808.310372932,434888.768869467,410153.38098212,357541.807136577
258,"PYF","French Polynesia",5346.4935969597,5516.3159480426,5493.7011316993,5848.3127568462,7139.143060312,6986.3839063486,9344.3763445166,10066.2572288652,11394.3486401799,30047.0043634628,40055.942820953,88821.3895647955,85658.6465117822,134740.321340164,95443.1273402273,84043.5190832782,76956.7165534771,72987.5066177953,87130.2279789188,99653.7356840084,84792.9281430593,76832.1031484855,83226.942212384,147938.197468573,79883.0003072214,105100.516052648,107030.362076112,91604.5656338817,96123.6045447418,32919.0344943985,25510.861579751,35896.6502030607,40576.7929137017,62993.0150203432,64571.4688162311,66761.6974674489,57382.473987421,62104.4215390193,65566.2704508153,40095.4842449726,57693.7057472203,71627.1534273857,61279.3580982344,23002.5066202367,24765.542176882,28803.8252957201,31922.4233900013,35150.3341008228,40237.5827346923,43542.8147749255,41929.1400775536,31631.3004969321,26387.033450531,20094.7764060968,19490.0003828606,16392.4581378225,17272.7850396289,19632.1536553196,17386.0513329278,19043.8252209203,20863.0266097621,20765.0191803758,22550.5090066687,22839.3142555529,30024.0691556125,25646.2717082335,35325.2675939539,26601.1070240733,23725.2434904957,30503.7776851117
266,"GAB","Gabon",4839.0980307831,5142.0382122331,5185.5654710175,5638.611326807,6029.3831129968,6330.749234392,6893.445068813,14277.7503943198,20539.9685144723,29649.2408466311,35233.1626519605,37751.8173111285,60299.4531881646,63269.1275905993,72471.1871790304,100552.147157376,84841.8811398694,80624.1172100381,94114.5950150604,89940.6843811275,76053.2658424624,98956.3114992472,91403.079752823,87586.4116913993,91412.3726585795,97042.5564281783,118149.324761753,134439.126724017,190198.496621171,186853.956643571,203757.405671573,190664.547380826,195528.052024204,184359.391209815,132159.405853076,161047.067551201,155828.327614504,147268.680338097,145656.805520875,138743.244894645,143342.692147867,158379.392807891,138576.424083325,153850.352715808,171697.609454844,188543.767861453,170682.080815257,134154.53697558,178253.450340298,187753.903197242,206850.057297294,149089.274675621,185848.173306788,178249.591082828,201238.819860157,178575.946369516,186505.332858546,223793.784431857,262988.747317774,233502.501126287,275530.008972481,238917.243431727,154575.99631688,139215.455545027,144134.442231282,164956.116426776,169052.521547173,138006.118351115,149950.030273265,158907.532797886
270,"GMB","Gambia",5945.94931669,6708.2759163645,7684.6047087177,8340.3484796824,9301.1754017811,10142.9039839745,10823.1620455509,20742.6514880493,12429.3057520411,13381.2626104432,14223.5230366044,14975.3492321399,17568.0003517345,23801.068958271,31273.7479945458,45760.867920852,46364.3900943514,50498.30555369,43392.9501390051,55431.5488932928,111669.266335931,272806.787474986,257355.726820736,202165.427416168,160429.17095958,179533.281829269,189453.133287492,174837.487821494,159085.12211948,155242.188476453,172203.343520788,166934.92031262,164823.218563559,160669.543055955,162837.884646076,308415.101383264,314915.804463321,329182.008130995,349621.353809494,394731.651576959,487829.832314604,448495.114256751,298263.386204257,238011.278690524,203433.168479954,165564.951075732,145260.167839617,119279.417616575,112196.348309582,117977.663357683,138521.950566098,175987.358896318,179705.791728673,222259.891791175,197850.95766703,158586.377096253,198717.332171489,206156.331791612,200478.479913724,196050.970819657,212515.380468786,143966.220503874,161973.485844498,158030.018412857,187909.683966932,177190.472123127,182092.582516352,173060.573482485,163490.92775489,168306.302799734
268,"GEO","Georgia",9438.9075280005,9557.9820691203,9677.3968141702,9797.1549775803,10966.318056401,11452.5169085801,11942.6741373199,12436.794951841,12934.875323679,13426.4943904701,13398.9091674506,15693.5706738996,18007.33591663,20340.2060658294,22692.1735934702,24995.752564569,28895.0342995112,32830.7031367705,36802.76034817,40791.4656870706,44680.0197161199,53242.5272480303,61883.8653991998,70604.0086390704,79402.9622581206,88280.7457612106,97379.5686482695,106552.40544271,115332.46974083,124049.240782301,129841.46310787,128925.21539317,128004.290367289,127078.4217918,126168.97189607,124997.5413148,123625.736258747,122281.155649273,121013.147166403,49910.618564855,17458.9302935973,11629.6722486607,17317.8960366738,14678.8512517693,11281.6829718876,12584.3158063442,27098.0345024346,29965.8191764811,33430.671371669,38634.3566885364,45297.493866853,58039.6604619797,63664.4983868375,61669.4152801237,73713.1693789676,86857.5301327918,85996.7630584639,104631.907476988,140144.301991685,149633.30309287,189528.3392,186383.604950153,111492.822700306,257836.362050459,309175.964400611,255469.4357,308713.2593,329179.6417,350331.146050358,350092.285442854
276,"DEU","Germany",212228.608857559,222945.623141777,207917.235355855,269580.390232238,249841.19078522,258632.714525695,243536.904335008,280045.923082041,264482.87765155,275697.362378722,252772.886959062,254324.313793201,249227.323847634,309462.669310539,301162.113044769,280144.279533622,325291.63725758,288437.581662922,338664.558182484,371556.358418075,435610.231631044,319405.678457223,325388.945680232,362590.987454411,398024.198333922,427015.045937227,444749.490480416,341359.186027863,320720.562669789,333044.920434711,334596.256803825,345059.204641528,388693.688387992,388050.911980541,417230.052323434,371507.323092854,353191.582594213,314634.870559706,345290.989827747,368248.905792974,295737.575010771,331665.649643637,329813.900205214,283017.481846362,346003.591568737,348901.16499512,283653.534327308,318270.110457997,291970.739895768,300699.63531819,311617.988961482,320985.284643185,317727.606370649,241343.869338585,278401.50976082,244445.893171837,231246.98723425,185537.725318133,195901.505297971,208525.939410589,199903.345546198,199757.986749884,161539.874495828,180715.764501754,181456.597266456,185693.47645077,142346.586023197,196229.276374611,159171.825566739,120122.909246916
288,"GHA","Ghana",63745.6256017337,69775.739856588,56451.6569459132,73335.8820479741,61464.2296858286,59635.999361505,83330.9872166953,106998.896754462,96848.807330053,125753.704391554,115581.552291242,124635.877652935,118268.336614686,138520.876054056,202035.062736517,169340.605162495,171680.072389229,190574.397753188,158809.929568343,247077.537098747,314996.874564024,351422.033181508,396838.377591855,309605.75251401,356159.517574348,430256.028504187,400094.961690503,459776.441615467,427350.701645921,303699.190881445,408838.669998274,434445.752203631,409392.491224107,386917.274493478,365582.354905046,368567.318617999,401457.405468187,476667.689576696,433795.123799841,436974.623143727,478069.068134442,445018.332828252,528371.729913346,452087.944971849,405079.848651776,432240.523675075,546328.424841419,495395.186765792,483115.849110881,538671.210758938,504946.730683804,472805.033540831,425570.764015276,473069.035099868,480853.087782946,415292.631383824,423749.462163013,389927.40929431,457809.837943587,451715.498014427,426830.834795649,413071.038908833,458956.116345131,449966.851487703,444506.26390611,448613.024243188,472229.181171531,445306.128621617,455685.976365404,476804.008021073
300,"GRC","Greece",62743.118675742,52708.9619164269,50624.7098166249,55486.9890350959,70318.6710251853,75101.5424828583,72265.7259130065,83606.8859894339,91538.0482424557,89973.4482468652,95601.4433769181,106442.654105097,99165.0670465225,93120.8526965067,97622.5668807747,97599.932338874,101845.098501597,103884.670164891,97178.1235774174,109568.16129823,103726.585508201,107873.940153569,110709.046578934,117555.208683553,118480.767727223,118600.589213482,131868.28199751,129359.372498357,135668.639823087,139486.593214536,141554.459482388,149925.82769652,167894.54948897,173146.915164543,182456.989813699,192222.013970191,209626.769655822,209736.472437558,205422.010460169,212206.135903555,203616.096433384,217609.577679025,218519.404030618,226166.087207116,274732.964588316,242856.972087878,240305.125090286,239035.344725598,198958.55009103,192166.050252423,186349.022108597,178906.658389326,188182.336580216,181573.20113616,184865.988968895,181467.477880915,184905.222173047,178155.225850352,163411.623734101,161038.474626046,146697.92559026,127701.842107031,121679.395864575,99499.3597848888,113970.349650144,118381.418073238,103276.667446875,105418.414140123,105556.099287184,112135.884614563
304,"GRL","Greenland",268588.245863243,246977.737115192,714029.747348306,727150.909050346,794894.134840855,867921.828065019,891004.200213491,865393.896268079,1186671.68145439,1135936.82595819,1193894.56121872,1600846.67404981,1964171.01471442,1853353.35555542,1428059.01576144,1309823.78134221,1231149.94105562,1420447.30664936,1168548.72637124,640983.864964159,401728.38288839,425523.669747024,354690.133390511,246042.844959184,276122.153940034,373939.665146785,527045.753730077,282261.865442294,247565.315323756,337671.75625163,340666.582650419,276057.034346731,301273.466518307,235625.583056722,227261.765375336,540748.663083198,473833.457346652,477415.217225005,391119.546483348,364419.473942163,311685.643900721,223818.846581442,281692.282173541,356024.520567776,337245.274967378,233495.211132337,398204.477180091,437002.004631562,389063.63730426,280711.732409239,347493.828419968,395476.177437636,386849.491497779,406049.530893542,370821.706903149,330543.477672934,336216.281774817,318295.788255982,315017.48805092,312516.457630735,316536.313097813,337953.365380869,289801.090193497,338492.524673956,374306.571570618,276985.0570064,327678.414266975,325716.179930715,304203.219554121,262347.581745436
308,"GRD","Grenada",905.6354156161,893.2227609603,919.2312598738,940.9250987442,965.4340455574,990.8149381792,965.0017627931,1147.7999186365,1313.6267313394,1495.4612661649,1575.5577424861,1629.6662720576,1825.4787285015,1990.1045476853,1937.0891421187,2141.6042959435,2034.898973822,2129.4758067975,2117.2064887104,2167.0500783119,2100.4093746508,2111.8160642232,2408.7932541232,2098.9626197706,2181.3346527567,2536.1725554527,2041.6645114337,2010.015938273,2428.0479706155,1777.7434121538,1715.8220008017,1086.6404826246,1337.3458717484,2168.8781560531,1948.3476505105,1699.1703702372,2104.7182827131,2264.8069730422,2496.61830454,2076.4398631844,2476.2595022383,3045.8799201629,2769.9916002256,3301.4626758853,2471.5354951367,2394.828035726,2259.6511558145,2344.3198280202,2300.2375133134,2368.7486315099,2222.9306785259,2606.0912119869,2661.7702266969,3072.7872840833,2492.5072936533,2490.2825197813,2503.7058795834,2676.105848794,2626.3193042317,2766.8003939275,2577.401004583,3498.4424708088,2499.2624147206,3172.029120876,2626.9315409806,4196.909652847,4866.2573891266,4219.2240652614,4361.5772614378,3717.1043054866
320,"GTM","Guatemala",2802.576813634,3097.8153555474,3402.091551007,4806.1633912267,5146.7538171523,5599.3190245754,5692.83853745,6029.0939305085,7404.5149085138,8010.7076167508,21076.8748559284,34196.6402811537,21674.6595636462,19364.2724888681,25248.0597294873,21820.4163281095,28475.907913095,25786.1772224321,28518.7799098562,26048.0759662446,30683.9501707297,29958.86860253,29401.8106173628,37545.0197566967,46996.9190475453,52337.5345398496,37578.7485591757,45105.6558580158,48949.8986379902,41712.4319806762,42953.8037791752,52267.5947209169,41135.8196860173,36441.9454553238,49923.0211408494,52056.3103269786,45594.9433006035,59879.2259046661,42422.8799659248,60780.0295357747,51147.8980285061,40758.9310163948,49222.1830776726,64022.9349342019,65353.8239241999,72656.5263331044,75296.4135155779,40596.245710254,69596.9406847817,59051.4418418882,46531.5591762612,52316.8922092694,46054.3740956685,60774.3715014106,46122.8518231974,47460.4842942171,38680.7587889972,44357.5518089089,39157.8425683444,30953.7349592452,50262.1269025216,44906.3670158664,39542.1372445897,40297.4968038027,34425.800559237,33847.809202304,34030.0682328098,34531.9428766723,35297.1356889618,36841.1735272038
831,"GGY","Guernsey",NA,NA,NA,NA,NA,NA,NA,NA,NA,NA,NA,NA,NA,NA,NA,NA,NA,NA,NA,NA,NA,NA,NA,NA,NA,NA,NA,NA,NA,NA,NA,NA,NA,NA,NA,NA,NA,NA,NA,NA,NA,NA,NA,NA,NA,NA,NA,NA,NA,NA,NA,NA,NA,NA,NA,NA,NA,NA,NA,NA,NA,NA,NA,NA,NA,NA,NA,NA,NA,NA
324,"GIN","Guinea",103558.968873819,111367.68380033,119419.949465129,127506.19194791,135509.613986079,121212.800703839,151762.887608656,169075.913126639,144164.673121443,174088.186459917,180359.17924821,194574.130546835,203711.893310803,208862.695926848,215146.099285684,212096.387332077,217334.418113374,229655.761760686,238435.648248371,240432.087440691,256722.496108939,271883.259393193,282568.230329122,315966.479726863,360025.654542345,390615.819495076,458780.643078979,513512.763592423,552038.48904455,534862.883384068,605396.381746635,612429.785172345,610046.598998851,620359.133503664,619046.581833987,635721.41680635,669145.686161421,665193.125062327,656756.757175248,636606.885919172,715544.567606902,696705.913746252,617777.184048603,707816.915443618,677819.773561617,711639.002097746,754677.778862274,951483.858784197,956514.531481905,934817.16358869,1135916.55753341,1085725.72987652,1094634.99174261,931688.914883039,864443.520155344,805014.373550211,856516.065980517,856870.411586628,860157.176292476,861611.180624527,839676.031157833,811588.38389079,787371.349705745,849670.728843883,833092.872485807,774650.757599184,771831.866426562,912293.099630053,968762.596721452,1012636.65359592
624,"GNB","Guinea-Bissau",13474.8035568577,13483.3375043822,14198.6264057458,14912.5871263912,15623.4389981616,16331.0556994471,27143.3309552111,47422.9802065218,47789.4727925592,56444.9863711675,65690.4124432666,72709.9973245888,90739.1168022824,100453.99722104,110455.793570631,115081.45279359,123528.737550659,129762.659396647,151064.594679095,169505.276604798,173440.565593155,187496.743753489,199171.086141686,209793.724348576,226506.53767434,238610.146690171,250742.801518054,336712.260463664,351096.041255941,393472.78202942,530742.823008748,494121.700272079,529749.341939754,520983.205278044,473726.383951592,515217.542333445,610273.245352895,727639.083377447,661608.457295429,733788.896827357,486336.997176912,448101.115747582,341967.627651431,350113.225298495,336473.316831394,353743.362518226,361793.146627664,358878.800854084,357846.141806336,361103.505343328,420097.168282496,382209.328042053,407755.262221914,398950.589418476,386908.13292375,403319.961442166,382791.676191279,400331.258981615,423555.134988644,370258.145626506,617920.61633498,817993.181679503,493832.105215087,779738.386217666,923907.470420569,1182210.8420484,1137729.33103727,1052389.00279207,982110.402005124,1133937.86055959
328,"GUY","Guyana",12003.0413167769,12284.5551843718,12807.0420531837,14371.5454883898,14142.3870025033,15423.3611533257,15651.9342930882,15891.6515520484,17079.9536396005,17108.6200714149,21219.4288870201,23550.9907490993,22920.2981240401,24582.2757195118,26148.2829648438,28644.2129518609,29837.8475562672,30396.2563072622,31714.5232374175,33356.8842912421,33826.5002988553,34769.1832592652,39525.1454113787,41249.688547096,44586.5299806224,39845.8997957026,38460.2373030091,51100.7692044326,55370.0065803568,52722.7541778168,46927.5044227139,48640.7687613347,48302.9657739074,53949.3764319285,58489.0938755392,54250.7102593092,53020.0914668387,51931.4780577612,51888.7756386235,52785.1762421543,55565.4174433419,59516.2042068953,60992.8710807908,63345.9983897613,64636.2902061554,72790.0421202607,74736.6127516573,77991.0900638298,75476.3319925042,75670.5189507027,71358.1492459546,77687.2619255249,69563.2288855881,89532.8506375147,78829.1549189,74893.7874795708,76149.1219195942,69015.5582939237,60743.2047827531,62514.7265142004,65642.1937161422,63749.7635252135,80137.979417493,73751.9460350602,55904.0197063189,56153.9472297909,63272.1508057247,64874.5447186788,63161.4455257859,57488.0008723285
332,"HTI","Haiti",6657.519593095,6869.9241816636,7120.7034563306,7312.7653705433,7623.2809332928,8002.6180643271,8337.8909785717,8631.5023038093,8839.8103304435,9107.9002720268,9329.1657400421,9497.52344668,9782.8721782716,10413.262751773,10693.08660009,11151.8592331221,11949.4829463231,11864.3704969258,12056.4259011073,12388.5734665588,12315.4676880664,12507.209459099,14096.4713742935,12821.2438833394,13413.814346019,14703.8830409401,13977.4866575922,13385.3595641916,13727.3956623502,14072.8405703774,13835.2686869587,13712.2440256169,13735.0974604618,15601.7310156375,15888.2082831546,16500.0594987401,15156.6154993695,15082.7694229949,16517.8824284747,15761.3497724327,16965.7234874259,16871.5829063909,19411.7967135538,17716.295350831,18570.7403039004,20731.6634352918,21758.2414358253,24691.6622544657,20975.960735887,20745.5634337765,21760.0658442337,20897.3314463352,21927.9955065139,25163.2059953136,23613.8870998077,27395.8803213822,23673.2313588644,32238.9383327794,31998.1407212675,29568.9284530984,29449.7618560564,25123.4036466544,25188.595687372,25257.4801319775,24963.5046883326,25071.5759444817,25190.7245843904,25368.2564908284,25684.9978491845,25123.6699543932
336,"VAT","Holy See",NA,NA,NA,NA,NA,NA,NA,NA,NA,NA,NA,NA,NA,NA,NA,NA,NA,NA,NA,NA,NA,NA,NA,NA,NA,NA,NA,NA,NA,NA,NA,NA,NA,NA,NA,NA,NA,NA,NA,NA,NA,NA,NA,NA,NA,NA,NA,NA,NA,NA,NA,NA,NA,NA,NA,NA,NA,NA,NA,NA,NA,NA,NA,NA,NA,NA,NA,NA,NA,NA
340,"HND","Honduras",5649.5524292816,5626.5027856761,6134.2229932291,6036.7219770386,7909.9942976714,8199.6380825823,8381.6186841809,8399.398193884,9431.2595752921,9677.6725011917,10214.6286230876,11640.8077284333,11873.5711493904,12538.7567256631,13438.3565149339,13973.8820127243,16571.2103599522,18007.5256007467,22304.8184137763,24365.7570796966,20410.4171897007,25341.3945508491,29788.8184013849,20996.1842365143,18883.5989652865,22262.7563063619,19833.7990957765,22278.613317574,24260.2071031193,26970.2420219085,25576.9987398554,24546.4516205819,21980.598987312,30057.5783607937,28451.371044327,32045.1604871929,39926.0098270602,37513.0821869917,37926.1602223918,23496.4351087193,24547.3201389479,28769.3204446308,29662.7684116471,27081.4730971157,27465.7898588022,34629.7950705519,25111.1903778081,31231.7945695721,25664.5831790994,23769.0034267279,28428.796982982,26236.6644050475,29832.5495060408,29607.3577663851,25400.1622146062,23292.2460270707,24731.1187234142,21711.6841199314,21132.9773410916,20243.9572277776,22899.8525068455,25414.3257999957,27032.9240357493,25189.8795494662,34490.6270856035,35214.9353224539,28321.4356244664,26184.6916500458,24881.7100958878,27437.7490228676
344,"HKG","Hong Kong",5208.8366584853,5120.1366266368,5769.5742754713,5762.5336667156,6669.2943025729,6288.7702430753,6211.1727766769,7882.8523623508,8327.7044252981,8137.5294316964,6816.4250823135,7374.9126093395,8361.3099149589,8216.7187812493,14125.0911720665,14670.7786023401,14582.8272654567,14321.6880549166,25785.5618912994,25103.6297325541,26939.5321422742,25093.7274842273,26067.1125268339,23776.2331800651,23339.7918758401,24696.2078348907,26012.0901318954,27386.7745494544,25632.4890046513,39604.7747064334,41141.0918311711,36800.4945878326,29675.6462205163,30369.7883782105,31026.9751426795,30982.5371621363,36885.1673470579,42205.9322027252,39813.9889348259,45681.9450579885,39878.6269998639,42014.5108170867,38904.0911096596,34694.2129350971,40859.6345576233,43749.1393908031,69889.5100450483,24739.6861256474,13941.4997710958,10291.9126189531,12346.9996935721,13550.5232255501,13251.6376800094,12286.5160553859,12511.354763944,12732.303639242,12225.1901685488,11907.4367795711,12495.843750448,12573.359923525,13201.2539283414,13399.2887617951,21401.8732736469,15918.7567993236,20439.3393036261,15387.1468027677,15241.4410796217,14262.4400945105,13802.0212680235,13460.8509304212
348,"HUN","Hungary",NA,NA,NA,NA,NA,NA,NA,NA,NA,NA,NA,NA,NA,NA,NA,NA,NA,NA,NA,NA,NA,NA,NA,NA,NA,NA,NA,NA,NA,NA,NA,NA,NA,NA,NA,NA,NA,NA,NA,NA,NA,NA,NA,NA,NA,NA,NA,NA,NA,NA,NA,NA,NA,NA,NA,NA,NA,NA,NA,NA,NA,NA,NA,NA,NA,NA,NA,NA,NA,NA
352,"ISL","Iceland",760631.397075748,853140.960548085,1022133.67353079,990850.624221367,979075.704746168,1299171.54566491,1156726.15172478,918403.256258281,958489.5169315,973562.613126687,979041.967319924,1137287.63833086,1292122.46268862,1249089.90992303,1492262.38869754,1559553.63523915,1366888.36296157,1075729.33604525,950059.318769307,1034091.46531943,1106064.70613932,1110390.77744866,1073800.2589698,1192779.259904,1210261.88057258,1171312.89526257,1177511.74160691,1616337.35847721,1718280.85348675,1808256.5979753,1660311.63320305,1577249.5910049,909218.699846525,936409.066909863,1631851.52289305,1775159.70246616,1826395.52077349,1799781.58597768,1951214.59048501,1668408.05599302,1682608.62868732,1156379.81248252,1725816.57508883,1806266.29725407,1591139.02389962,1493619.5790016,1924182.01857618,2149472.15408917,1635205.83425759,1606281.50467632,1889645.60923761,1946619.38295866,2075604.0922255,1837732.21670443,1656181.68016655,1497024.58663423,1051264.8570565,1215621.42481894,1090164.34123676,992639.286033281,954887.721836977,1052121.7094223,1480972.54304628,1369153.69643326,958080.444180405,1303396.31558358,1002014.83704401,1077887.3605776,994042.157567684,755890.055070265
356,"IND","India",641061.270752985,595752.687017353,591574.940108848,646414.793536492,655416.839234746,668440.275934986,798928.369597661,949750.921006035,829432.343051464,660681.483649131,959214.948889573,761822.446690871,712658.353419911,726693.242617671,940332.13788428,909730.405259288,975191.841942613,949308.485297996,991962.213448762,1012240.00342429,1180939.71733052,1264414.18892774,1083325.12955598,1333051.44293663,1335320.14294774,1542868.38801267,1476374.92862213,1384470.0821864,1528528.79419091,1506391.28526707,1386670.1019322,1517857.90777781,1566879.2283181,1700065.17822825,1786922.22791058,1693428.39367266,1872455.23969574,1864578.94696775,2021149.62651685,2459253.77932879,2410224.06204551,2543204.78863309,2605094.0148436,2621134.68688549,2750965.63700532,2664353.84756796,2866292.95923373,3204763.47408377,3234123.02046151,2921035.91874607,3225319.84129195,2818417.22676023,3080313.79990217,3100965.59780187,3041219.99412191,2775729.59763851,3150925.0021872,3324661.39672511,3617695.67241886,3665126.79533789,3810814.77408689,4311006.47364522,4414647.86262597,4299028.86461447,4138429.49820466,3894423.1634873,4132035.12865171,4394421.76070579,4045628.82015103,4405335.50992852
360,"IDN","Indonesia",314416.650282306,357281.994127922,408378.875174052,414734.697432889,443323.661605173,466000.79951711,479544.412674262,459089.945329001,476840.39816412,461296.99107703,476536.478116382,601616.059592682,655684.207625535,675693.629347239,733500.70527733,858346.698349725,971877.771075511,943607.44329892,1041153.54240286,1143468.79130024,1430409.83541099,1507986.89445594,1673964.50417012,1786882.8204336,1848782.49943932,1980883.45236399,2286977.18227517,2674204.19883569,2778513.69074563,2777540.31874081,2602691.54131706,2700264.61460741,3890234.46278158,4196038.11775247,4311463.55145042,4662594.58153999,4804246.63707374,5106928.17732951,5168780.54083162,5198936.83258159,4844410.17243256,4453101.62611643,4506681.56670939,4467615.08935762,4625772.53234288,4747171.96899757,4809745.92477389,4874370.73503005,5137566.29012017,5034668.67347244,5141808.92347254,5382702.22665332,5428762.41127034,5650410.33323397,5637212.88482576,5439833.44549651,5353367.06977892,5304212.35442347,4781216.28141343,4905102.72060176,5022605.09354897,5397419.98342496,5549105.23976308,5702912.90260662,5973519.10000645,6196768.51344595,6142839.78482423,6427340.70756531,6532115.73428127,7371496.98928623
364,"IRN","Iran",184192.410664429,185353.664848802,186486.972760704,187533.221260921,188546.764527419,189571.040881089,190663.114762633,191593.288804867,193937.050570299,196315.911916847,198572.3862824,201704.053433832,205007.750385436,208105.844116633,211257.451493071,214671.464404039,219413.629215988,221478.933670364,223485.831079335,224835.957279519,225919.199980976,226393.703701411,227457.144464455,227794.955741028,228569.381643933,238524.659533312,248231.454465,258292.90365203,252974.163839928,247391.171857974,235665.945886554,240059.17091311,244206.528293651,249749.290519025,256064.109574479,262539.848426052,282010.144039887,349086.234099766,362540.758142868,392841.736648977,388569.213769664,414403.156962442,449159.116692611,427987.896496517,529930.237351386,524589.029760557,502913.57122677,607051.408220279,505707.957435733,500319.917793546,450888.843235251,425256.339995904,435191.808886874,425774.621112543,461411.02950877,480462.061969188,495199.964758012,414494.038399512,393178.107916547,374158.210629227,355819.138926971,446509.720426354,487543.303432315,513070.707004264,565709.538445774,599770.623782973,659323.769534769,751941.767992799,817035.001489008,809150.191788159
368,"IRQ","Iraq",NA,NA,NA,NA,NA,NA,NA,NA,NA,NA,NA,NA,NA,NA,NA,NA,NA,NA,NA,NA,NA,NA,NA,NA,NA,NA,NA,NA,NA,NA,NA,NA,NA,NA,NA,NA,NA,NA,NA,NA,NA,NA,NA,NA,NA,NA,NA,NA,NA,NA,NA,NA,NA,NA,NA,NA,NA,NA,NA,NA,NA,NA,NA,NA,NA,NA,NA,NA,NA,NA
372,"IRL","Ireland",102996.89478143,117786.74902807,128140.043448218,143324.332220348,154059.161139978,121764.798053197,170810.817555055,183625.935756653,213025.099096009,206392.884254197,277719.039810133,160544.425906335,183678.442825126,193662.942039396,208630.119221748,189354.997174444,174619.699167541,196229.36108438,215583.7801568,265729.183012781,376944.936060817,431499.28211936,448206.278998899,407293.926438824,496773.121471331,581089.342392677,732132.313828576,231524.594255441,217758.255292977,239064.679253117,297397.983408742,424752.649816738,431112.525477743,403469.281307524,476423.93027235,465263.516948764,530555.060146574,612771.31448543,665546.249571991,712692.826158309,662147.191009286,496307.70759556,503892.186586011,605859.309636345,662319.04494544,808042.415497938,756088.717625729,656381.35714115,763075.691244918,622272.205424841,547440.361492161,557378.136061843,450806.236392363,589707.188603411,512759.135226782,693526.520020749,723909.872487773,707265.274805848,747643.580510543,497335.79543732,628916.12938908,362844.623492221,457460.746658348,512408.340687379,532653.200146124,528524.173095957,574730.65513574,561030.521243743,514427.347581935,408364.461933802
833,"IMN","Isle of Man",NA,NA,NA,NA,NA,NA,NA,NA,NA,NA,NA,NA,NA,NA,NA,NA,NA,NA,NA,NA,NA,NA,NA,NA,NA,NA,NA,NA,NA,NA,NA,NA,NA,NA,NA,NA,NA,NA,NA,NA,NA,NA,NA,NA,NA,NA,NA,NA,NA,NA,NA,NA,NA,NA,NA,NA,NA,NA,NA,NA,NA,NA,NA,NA,NA,NA,NA,NA,NA,NA
376,"ISR","Israel",2544.463754315,2739.9420589999,2724.6585728821,2977.3891282233,3369.7068535205,3963.4890557374,3491.0043478283,3793.5929647023,5016.4281824654,5466.4709646084,4798.1325356604,3713.2675307999,3994.9593882278,3332.301936404,3405.0206960312,3828.4396816971,3453.7397469995,3377.5820032796,4235.5852547597,3613.7104516303,3777.4836335549,4730.2972066363,4949.9394030849,4896.6613999316,4243.694329733,4122.3427292706,4288.7340461122,4541.4446572981,4583.1675437023,4239.9118726571,5085.5355568877,4918.914488432,5140.8463091427,5288.8560644907,5872.0948219511,6069.4353886232,5426.655705775,5675.5990260379,5375.3429454736,5657.1740705605,5891.5378347772,5126.8114466637,4983.1615392874,5300.8075718765,5189.8843927719,5940.4013181243,5382.5397524976,5673.5989322496,6197.0840017467,5565.461523257,5736.1082001063,5409.5948670647,5301.2073853066,5099.3852795651,6080.5587408748,5910.4960096531,4875.9898896603,5839.0101604479,5427.9159215468,5568.9379856901,4444.7993930002,4033.3360639876,4247.3782048735,3474.8256115925,3329.8898837174,3420.1339570537,2938.1184254344,2636.8017737582,2634.268259174,2632.149248787
380,"ITA","Italy",629378.588491006,631101.508962597,774141.11846549,698770.647630151,684940.815111517,678401.261729095,703063.414480075,623080.617779194,589277.087651034,567882.475829731,539895.680353885,592303.913769297,517372.651726191,563760.200595582,587461.186809216,623607.849525776,652186.096935774,684067.423154667,663524.904784858,639371.91672824,694217.109441991,664621.46021994,732617.157022423,781172.352742554,823694.012607051,978563.565118948,971526.161915299,932327.795616186,1017693.46588147,1050477.92436317,998477.837598699,1014147.95190297,1053017.92386732,957602.294222324,968698.207816435,993656.475418248,970147.710028754,865772.271623627,785672.898917034,736232.883138294,630993.479553835,661493.217695719,648431.301524479,670619.715918037,670651.109760888,697091.801027721,671467.169764898,671239.080962661,689513.309445213,636016.89871116,605265.40777058,544108.235977527,490091.502709599,499712.243535799,473223.651010874,438175.648059156,463228.513889712,445841.928391526,383328.185998531,401610.106847386,387473.103272882,336642.122281907,307226.543590772,281127.613008387,286762.006989737,306975.758181974,314016.460256431,303332.42413455,307951.359728215,289783.241522009
388,"JAM","Jamaica",50091.8553240388,49997.7596304519,50052.2843014734,49870.1307887651,49968.1272501975,50114.1687516123,50245.3283045515,50324.8839804422,50449.6416897732,50637.650784592,50489.4722338937,51639.7057453852,52325.1940935034,53059.6230857941,53635.473770822,54270.8713232646,55317.6880279134,55229.4589757159,55457.1627483974,56131.2492212186,56118.3398592055,56830.5370517969,58972.453549172,57909.1447247454,58908.5460815313,60649.2130607424,60196.6402171373,60623.4048222648,63275.2583991811,62891.7766528081,59656.3981898181,58216.6535866209,56626.1520141849,61213.5559351659,60095.2110880455,59445.0741384254,54838.7719529365,49312.3808010607,53313.9154643249,50029.0944990073,61525.9029221621,42414.0043025374,42395.1870468103,42889.5555090742,40441.6670632753,42539.8551564525,42514.780867029,42178.1913024923,40034.079404657,39841.9698902747,38792.6238554439,39118.691124316,41453.5976060329,38738.2798066735,39018.3653598329,39000.5410177633,31342.5937698761,33663.2742022317,36423.0855969335,36681.3471970043,38546.6562758647,39131.061366047,37871.1116683357,34797.655633276,32137.639538497,32370.591907776,33089.385678847,33245.34917743,29213.206813796,24803.119502512
392,"JPN","Japan",3262052.4105916,3288544.97000836,3310624.90857772,3556714.66388239,3625433.66744332,3913714.12930953,3884485.93843162,4434264.01272317,4563058.66912613,4817171.5122364,5036627.96692342,5509677.5070698,5520741.48809247,5422136.51027399,4616606.76634917,5006332.27488276,4879401.94243836,5035605.61761283,5422522.63915145,5174657.69224946,5609472.46080972,5901666.15026469,6004437.22926021,6373846.9259545,6684510.92730982,7032121.69698503,7274552.85348316,7510174.65682915,8156652.06140778,8039906.25043533,8301334.8252764,8803403.37209191,9042491.20003987,9534639.57027012,10400587.070799,10066809.8685825,10448462.3683161,10410881.7806769,10651404.5438435,10105845.4220518,9679383.95557959,8698008.06875129,7607536.09652346,7304170.6188116,6715233.18915396,6377631.32222712,6586711.29449592,6917610.64533751,6319210.93413901,6757978.11740278,6543348.53988539,6088241.81406371,5799809.89375221,6426239.64093134,6399309.93860073,6427590.766789,6429865.05022178,6386284.36584171,6410480.38360536,5934020.47985527,5957286.50962511,6408909.48743498,5887786.85964543,5935624.22144912,6501741.08892617,5716798.71231383,5529899.49178445,5329391.61668716,5371994.26930078,5998541.29231156
832,"JEY","Jersey",NA,NA,NA,NA,NA,NA,NA,NA,NA,NA,NA,NA,NA,NA,NA,NA,NA,NA,NA,NA,NA,NA,NA,NA,NA,NA,NA,NA,NA,NA,NA,NA,NA,NA,NA,NA,NA,NA,NA,NA,NA,NA,NA,NA,NA,NA,NA,NA,NA,NA,NA,NA,NA,NA,NA,NA,NA,NA,NA,NA,NA,NA,NA,NA,NA,NA,NA,NA,NA,NA
400,"JOR","Jordan",NA,NA,NA,NA,NA,NA,NA,NA,NA,NA,NA,NA,NA,NA,NA,NA,NA,NA,NA,NA,NA,NA,NA,NA,NA,NA,NA,NA,NA,NA,NA,NA,NA,NA,NA,NA,NA,NA,NA,NA,NA,NA,NA,NA,NA,NA,NA,NA,NA,NA,NA,NA,NA,NA,NA,NA,NA,NA,NA,NA,NA,NA,NA,NA,NA,NA,NA,NA,NA,NA
398,"KAZ","Kazakhstan",NA,NA,NA,NA,NA,NA,NA,NA,NA,NA,NA,NA,NA,NA,NA,NA,NA,NA,NA,NA,NA,NA,NA,NA,NA,NA,NA,NA,NA,NA,NA,NA,NA,NA,NA,NA,NA,NA,NA,NA,NA,NA,NA,NA,NA,NA,NA,NA,NA,NA,NA,NA,NA,NA,NA,NA,NA,NA,NA,NA,NA,NA,NA,NA,NA,NA,NA,NA,NA,NA
404,"KEN","Kenya",10294.5308185935,10607.8879902742,10994.9489365276,11364.6992103219,11838.7667176313,12087.6289903796,12610.4167937372,12611.6412212477,13008.3708189103,13645.9971752696,14076.5564913443,14280.399802793,14445.4154703261,15777.1146698757,15394.8243558378,15744.2817208068,16576.0326250888,17004.3998197161,18334.8516006931,19548.4905644704,18476.71008803,19218.0189473916,19870.5796901036,20470.0984712282,21372.509569441,21031.0128389983,21691.7731946515,23867.1101167432,22710.9477662247,22860.8470884383,22598.5004688399,23205.2321300759,23921.5517889289,24110.2009357282,24861.3335641886,28440.0209015905,24317.1894628259,24212.118192091,23461.3610662809,22211.2509124083,21638.0560790793,21279.8501811717,19566.5675283285,17598.1157541866,17177.9544737816,14627.3758593709,13485.3630734095,13665.8471987059,13685.3312097715,12327.5058796402,11857.7455219473,12169.5442170933,12095.4603761656,12687.1662608957,13080.5312569317,13445.7325714303,13103.5533885015,15627.829903677,14796.2701025387,15309.8866053342,15694.5197173368,19260.2033708106,21091.8411275815,21153.6810660426,21801.9785523083,20636.4851182361,23144.7028872276,25023.087010358,30903.0193363476,30334.3358525884
296,"KIR","Kiribati",9961.8770718011,9804.7297534594,9550.6873721667,10106.6470840382,9708.4776621819,14752.8784045044,11965.1115086008,21978.5253857946,20056.4644024244,30154.0902668285,38466.0013910655,41770.3072832402,58885.1816028532,82509.9577774722,65682.0092664481,51015.0247780163,42296.2382291579,33547.2217588095,45053.123394867,45788.2712926583,37190.9532032806,36355.4321897311,61048.1921008379,46404.908103576,48740.0860031104,47632.5913646239,78344.0609555078,72805.3683579396,97466.8353581295,47377.7482223283,75405.8958460122,45286.1481044855,51655.9861507998,65163.7753769962,60140.0338332621,86846.2447475916,95208.207561011,124822.376055346,110498.93947924,87818.0677675286,171323.128541052,162074.778232414,230636.424068739,243082.263286695,240314.643768,87434.9655636548,156416.619684195,361858.968465015,370361.309207614,272050.336876982,258652.798811598,383136.297840858,535242.916137137,190805.748836839,215649.212640996,327817.197770545,277273.935944585,301681.161621219,352185.306822305,487245.51011772,313448.870039054,311727.722754626,626044.129727955,410634.109251501,874758.970194918,722532.164148635,530540.261272544,435747.589569586,464369.662468172,788147.776598219
689,"XKX","Kosovo",NA,NA,NA,NA,NA,NA,NA,NA,NA,NA,NA,NA,NA,NA,NA,NA,NA,NA,NA,NA,NA,NA,NA,NA,NA,NA,NA,NA,NA,NA,NA,NA,NA,NA,NA,NA,NA,NA,NA,NA,NA,NA,NA,NA,NA,NA,NA,NA,NA,NA,NA,NA,NA,NA,NA,NA,NA,NA,NA,NA,NA,NA,NA,NA,NA,NA,NA,NA,NA,NA
414,"KWT","Kuwait",8708.8917136094,8712.6217966074,8718.6876236514,11273.6703580102,14852.9523663076,17410.0693186508,19459.5087505497,22527.1589527466,24572.7317152925,25600.0520765971,27136.0206155873,28155.3862648747,28168.4542549146,30212.4360656254,32768.2241551872,34846.1342729408,34977.8201629225,35340.7039095321,35347.592893093,34333.3278373451,38646.1999447782,40164.3376248556,45089.2982264079,38552.3217250574,33926.4328935058,23025.6626346438,20478.8218401317,18022.1842557266,18016.6242762193,13638.9660285784,14494.6232246077,20524.6769509325,33576.9763613343,42702.9810050833,45804.13809933,40154.0247472748,40004.6562414564,54712.4599928242,64585.7100278837,58572.4085420837,36025.5820000001,37629.2220000003,49205.6013333336,57841.4161149137,45777.0781845922,44114.5729209367,43614.8318214764,42365.3124250055,35604.0568524777,33646.3797266539,35375.2281223337,37180.7578314005,34315.1422371664,31194.0102990997,33380.8464728002,38104.6100000003,38214.3900000006,36418.71,33280.9400000001,37229.3000000004,36940.6699999994,32871.6699999995,29556.9799999996,29153.7199999997,27946.6200000003,27402.3799999998,35311.644146013,29462.576006566,23765.990080428,23587.724537113
417,"KGZ","Kyrgyzstan",NA,NA,NA,NA,NA,NA,NA,NA,NA,NA,NA,NA,NA,NA,NA,NA,NA,NA,NA,NA,NA,NA,NA,NA,NA,NA,NA,NA,NA,NA,NA,NA,NA,NA,NA,NA,NA,NA,NA,NA,NA,NA,NA,NA,NA,NA,NA,NA,NA,NA,NA,NA,NA,NA,NA,NA,NA,NA,NA,NA,NA,NA,NA,NA,NA,NA,NA,NA,NA,NA
418,"LAO","Laos",NA,NA,NA,NA,NA,NA,NA,NA,NA,NA,NA,NA,NA,NA,NA,NA,NA,NA,NA,NA,NA,NA,NA,NA,NA,NA,NA,NA,NA,NA,NA,NA,NA,NA,NA,NA,NA,NA,NA,NA,NA,NA,NA,NA,NA,NA,NA,NA,NA,NA,NA,NA,NA,NA,NA,NA,NA,NA,NA,NA,NA,NA,NA,NA,NA,NA,NA,NA,NA,NA
428,"LVA","Latvia",31037.3746192331,36973.5113029722,40689.9444374406,36977.7263099913,44831.643314578,44565.5472352594,49028.4681875092,50139.681874178,45099.4087588147,46983.6902563594,45835.5259399467,43554.262864963,48600.5225390777,53683.1024804637,56419.8641489699,57694.3429551341,69117.4637760369,73012.3545910864,82257.4252426444,83692.0924114865,89872.8890311346,89736.1636249674,96809.1278382618,103394.026235613,112812.845197654,98595.7641549429,99073.4888906585,92217.2850870867,92824.8361324192,97445.9207057452,102546.089233323,90110.1300866648,88621.6414538985,90986.8024304084,96996.8190699212,89258.9461006159,78826.1969526244,75899.4553659812,76831.6221760606,74230.1344664956,68180.1636685929,66843.2819335147,70930.5904757012,69041.4505742592,85968.4808039475,98826.8972544945,130417.259487334,140338.038115119,103520.577838508,95665.1321955338,95571.3313163073,98159.3628357168,91301.1613345691,93437.6810366772,93907.4855522635,101779.612221806,95610.8654048373,97823.7508444282,111589.585975741,112972.042892743,94595.6149502872,90378.7470006413,82434.9297631999,76593.0910416468,76793.7043910808,88284.8007078013,93065.6389908919,99874.681185651,109648.294741377,100360.135164857
422,"LBN","Lebanon",3778.8741926897,3597.0314419974,3613.6051358105,3442.657286895,3489.3930445013,3821.1102308439,3950.2131905082,4223.9872441215,4333.4733736357,4531.5894539539,5021.590289384,4729.7140123563,4844.2105694803,5260.4148358549,4868.5413791472,5533.4239791125,5845.555955,4556.8488383183,5909.771239252,6869.166198,5568.2604252739,4847.509390859,4696.7757572716,5876.3036436844,7235.6340376844,5845.2777087751,4525.412812129,4367.1888456647,4557.5706298099,4440.7812379485,4530.0201191176,4154.8251064193,4029.3948014558,3878.0664447385,3654.5748302114,4094.5134101299,4253.2029201823,4702.9092925826,4553.9130470242,4900.1255481913,4425.2154650383,5021.9564205052,4916.3055234307,5702.3196852989,6155.8901506175,9516.2106029167,8074.9843856384,8716.760918847,8508.1547115814,8438.5186950381,8754.428714895,9160.645676,9426.8031808705,9530.6443653217,10261.3595886311,10445.6423696432,8475.2733967712,7724.1776576729,7575.9933292742,7531.7249792867,7197.2649830002,7337.7406222011,7476.2914094686,7048.2707743409,6709.8483331066,7756.2914354913,8714.1489101503,7860.0499805847,6709.9730167238,6487.4467541149
426,"LSO","Lesotho",NA,NA,NA,NA,NA,NA,NA,NA,NA,NA,NA,NA,NA,NA,NA,NA,NA,NA,NA,NA,NA,NA,NA,NA,NA,NA,NA,NA,NA,NA,NA,NA,NA,NA,NA,NA,NA,NA,NA,NA,NA,NA,NA,NA,NA,NA,NA,NA,NA,NA,NA,NA,NA,NA,NA,NA,NA,NA,NA,NA,NA,NA,NA,NA,NA,NA,NA,NA,NA,NA
430,"LBR","Liberia",10002.5200920156,10054.5352724277,10147.6035215563,10566.4946947977,10908.1616051798,11485.1267794895,11775.1100015747,12428.9766540877,16851.5631686265,20564.5590271778,25025.3840533845,28944.0661078278,34269.5788181772,33278.6628864776,34899.1991906008,36446.3987262422,35193.2138006856,34994.2496297271,36172.1258775484,48546.4886722378,55844.4824497512,62643.6552022287,62290.4109578657,57243.9463604904,43680.9901400328,43553.1099938205,49141.4210479561,62523.3235151539,63909.1407488239,65335.0997045301,74250.1222201152,77931.4870009193,77324.9914872695,77665.405785414,84032.0462389927,89796.2402173195,105540.897675316,114330.155323675,129249.076056901,129339.948748024,136743.527781725,129085.895933156,113649.612992149,116151.175494863,115398.098655158,112988.645421902,114972.638319266,114428.165500382,121194.945632584,127584.139228202,120798.003045388,115029.561321665,113180.526672766,121091.825950095,119101.71305461,132940.5463056,124696.139568107,121403.716473707,123739.14292547,80076.8722895007,130918.785746209,140802.302122637,129761.053308635,128030.68488799,129029.954868672,132186.817421763,146050.429793685,152464.110081909,167837.976352401,179043.092654207
434,"LBY","Libya",24808.5118086231,24719.6444351177,29723.0039678595,24487.6203700038,24262.0054748329,23592.7516198775,25108.8855465912,23631.6932153687,21557.0518205322,20879.3943491551,19007.7848893507,17836.4567515757,15249.9741542408,15577.3017437558,16314.7237409828,19330.0991671156,20982.7042306138,22643.8022595338,24327.6783133918,26736.5577515683,24839.4784554477,24430.8632781894,19297.5914243221,20521.1375661907,25790.4998734083,25650.1846320325,23102.8454726746,18773.7171884309,23959.0279307087,22604.6467543345,22808.0186040205,26763.0332132171,28283.3830681365,32414.0769722846,37317.3183919144,42108.2251989376,43337.5508030033,45132.0655997091,44447.7414026586,43489.7161274177,44218.8488060782,48160.2441999566,50732.9305084435,53327.9098535701,54395.8832931234,55234.2293723832,59723.8517088929,58795.5951945917,59121.4718500341,66658.2280988853,74039.3043623908,75183.7194112634,73131.442924327,69250.1019312313,67743.7343790925,64206.8378515423,58135.1302799989,54171.5599374537,70808.8564991548,73439.5031326445,70125.4014057111,48421.7509620143,61605.8186899715,55903.9356993113,40638.3075713625,40749.4980283905,48759.6050841666,50520.0359911351,46225.4834853061,46065.4690766525
438,"LIE","Liechtenstein",NA,NA,NA,NA,NA,NA,NA,NA,NA,NA,NA,NA,NA,NA,NA,NA,NA,NA,NA,NA,NA,NA,NA,NA,NA,NA,NA,NA,NA,NA,NA,NA,NA,NA,NA,NA,NA,NA,NA,NA,NA,NA,NA,NA,NA,NA,NA,NA,NA,NA,NA,NA,NA,NA,NA,NA,NA,NA,NA,NA,NA,NA,NA,NA,NA,NA,NA,NA,NA,NA
440,"LTU","Lithuania",13070.0980012215,14236.9356648462,15123.198277913,12722.9463228313,15139.4690801447,14061.4892896759,15912.0870153285,16146.1868657639,14654.1133596328,15158.492200827,16515.1711913692,14404.9715168908,15309.8730878989,17257.2602110673,16943.2138691032,17761.3017252575,19863.3862906639,21244.8829474945,24990.7109673003,26244.8414266481,28621.2515278106,29319.6212342243,31042.1911893686,31088.935903162,34660.1082119378,34518.4396795817,33511.0078835121,32444.6960883092,31433.7704954278,33787.1763918366,36432.373235995,32976.1153892051,32343.2401814179,31637.2829530985,35657.3948326042,33550.3668722748,28483.5281831191,27453.5589538338,26958.7086836407,25157.9798325322,22337.1703739128,26686.3799910504,27273.3750744715,25156.4461783331,30303.8359404518,31693.7234404048,51161.567065715,53960.2634873879,38369.5104032772,31964.3322912867,31395.9766276375,31569.0059079504,27872.7511408663,32371.1156050812,27805.2425286683,28178.5154283427,32496.3543120173,36441.2476966425,27125.9895535291,30225.8904421343,30788.6113327806,28691.2975260697,26733.5919388429,27297.901559805,25313.6459185565,23749.0967551924,29282.4653517415,41305.2274292858,39419.1292465367,34707.5616911521
442,"LUX","Luxembourg",NA,NA,NA,NA,NA,NA,NA,NA,NA,NA,NA,NA,NA,NA,NA,NA,NA,NA,NA,NA,NA,NA,NA,NA,NA,NA,NA,NA,NA,NA,NA,NA,NA,NA,NA,NA,NA,NA,NA,NA,NA,NA,NA,NA,NA,NA,NA,NA,NA,NA,NA,NA,NA,NA,NA,NA,NA,NA,NA,NA,NA,NA,NA,NA,NA,NA,NA,NA,NA,NA
446,"MAC","Macao",NA,NA,NA,NA,NA,NA,NA,NA,NA,NA,NA,NA,NA,NA,NA,NA,NA,NA,NA,NA,NA,NA,NA,NA,NA,NA,NA,NA,NA,NA,NA,NA,NA,NA,NA,NA,NA,NA,NA,NA,NA,NA,NA,NA,NA,NA,NA,NA,NA,NA,NA,NA,NA,NA,NA,NA,NA,NA,NA,NA,NA,NA,NA,NA,NA,NA,NA,NA,NA,NA
450,"MDG","Madagascar",14669.0726303632,15640.0186825041,17020.75599779,18589.951318932,20509.6351006122,21165.2794486071,23509.7811630761,23922.5675929442,23957.5217029643,27003.8425042946,29505.9075327888,29313.6777361509,29522.5237795496,30909.5251972482,32168.1935697779,43304.8415009748,50071.7361128708,44139.6075260475,44958.2863661294,50018.1948939171,64857.3202198028,65835.0044047862,72405.5133072017,78687.2740363506,76641.8212552758,74076.9970801734,75689.8877136074,98804.6917173231,89461.3588430314,85859.2307783074,97399.363492493,97438.2422796858,96851.9498676244,106270.558517447,111587.613654245,103831.85374839,115063.432807598,122582.028416823,115347.284587176,117510.854153038,129075.126973206,122690.575062083,119271.389063642,127475.117381458,142180.833784487,129886.066332103,133971.211817618,141481.358631363,145950.487501843,133356.140436495,142230.795389211,145454.590652696,144073.262046777,142944.385224949,140988.242832522,133716.40243804,137691.29384031,139400.806552882,146377.522221734,157438.646176452,154972.38455788,152440.351211056,170173.756789317,241403.144573008,165291.384079712,166886.947392809,180189.282895563,169830.687556911,167097.587301232,159996.686209322
454,"MWI","Malawi",NA,NA,NA,NA,NA,NA,NA,NA,NA,NA,NA,NA,NA,NA,NA,NA,NA,NA,NA,NA,NA,NA,NA,NA,NA,NA,NA,NA,NA,NA,NA,NA,NA,NA,NA,NA,NA,NA,NA,NA,NA,NA,NA,NA,NA,NA,NA,NA,NA,NA,NA,NA,NA,NA,NA,NA,NA,NA,NA,NA,NA,NA,NA,NA,NA,NA,NA,NA,NA,NA
458,"MYS","Malaysia",199697.826384507,196769.34518639,202860.706026112,194888.544800614,210910.073984118,204520.367930367,202806.44604991,209447.296643293,231532.046151251,242165.088088666,268569.892841323,297399.220723358,328685.49227975,388330.990034625,489056.77627867,548559.766151004,608509.893319508,681507.439466721,725753.125097533,694829.218708025,763893.526092352,955075.772363497,1076149.69373409,1233433.67748211,1382947.46154457,1416614.94832695,1646064.14443689,1708655.86441336,1900647.87471423,1944175.00998645,1962285.37435148,2052068.28541093,1983178.10386312,1983520.57033788,1891539.12415065,1879946.63482087,1831909.20190355,1943286.16921122,1859674.92865406,1968344.12199139,1975142.21116616,2032712.02773393,2187925.46958013,2177683.98242099,2197657.41004773,2314516.9787699,2263468.01197354,2296298.8905111,2285096.81095311,2445093.94080525,2459574.6897166,2367076.3981507,2414993.60416503,2484240.84071811,2550677.78426385,2415863.95085285,2429996.49478294,2481694.215987,2261735.35298991,2252276.55427683,2280166.31596211,2165173.35158624,2324132.42400153,2337919.799536,2291426.64879632,2342874.42924244,2453569.84276403,2262590.80515103,2109064.15176388,2266305.78139141
462,"MDV","Maldives",5190.9185651216,11593.4340980712,12072.741174687,11662.5562950168,12806.0552663559,13104.3133093064,14340.0041923029,15853.8729585567,14218.3378688973,16467.3809826296,17760.4995359357,17222.0674165748,20721.6294962952,17357.0949007765,17408.7958419982,21048.3695127242,16848.2659557939,22259.7133120603,17778.5660578607,21722.4459531005,13710.485120115,14166.257049466,23718.7342131241,15073.3006538772,16628.3415680654,18804.5156337705,16533.5006148278,22499.6587415505,25886.5106974228,45487.3910743792,50962.763502742,53912.8357965571,56202.3746368477,58956.6753703661,70188.6333371019,79818.9815975887,81218.5937001486,81221.6870306375,92789.1732697057,94773.4510599127,32832.0043187425,45602.8391533391,37545.6976092137,41039.7693332561,45011.3678830797,46272.5318141652,52943.9197519257,57769.7574860658,53835.2255804548,50391.203057936,58703.5552442925,59308.6931717324,69895.3846141429,76850.5068002159,96666.1934528224,100559.901781965,102408.073262423,82169.2385510302,83497.1687902007,80236.9400797815,69463.8789548595,76407.843676717,69246.1286072387,55124.4703440171,56000.8497885768,52574.6416029038,54110.4141824073,54229.5982460779,57144.1126859099,51028.4249362374
466,"MLI","Mali",NA,NA,NA,NA,NA,NA,NA,NA,NA,NA,NA,NA,NA,NA,NA,NA,NA,NA,NA,NA,NA,NA,NA,NA,NA,NA,NA,NA,NA,NA,NA,NA,NA,NA,NA,NA,NA,NA,NA,NA,NA,NA,NA,NA,NA,NA,NA,NA,NA,NA,NA,NA,NA,NA,NA,NA,NA,NA,NA,NA,NA,NA,NA,NA,NA,NA,NA,NA,NA,NA
470,"MLT","Malta",16119.8557623744,16006.9020493978,23604.2783518895,16757.2617233533,16192.7302313723,15421.0307514498,17212.5292591671,11591.3857214567,11683.0403903,11013.4526189303,10330.2907260071,10088.4806269322,7076.2485630051,9163.0469211233,9416.2139673932,9894.6637283558,11273.922899038,11647.3912393072,9236.1307591298,8818.5492739249,11036.1586278253,10294.1163040205,12973.1321570009,13806.2719722707,14999.559217344,15471.1951273249,15083.6988882247,13978.794429816,14100.4209956284,11026.7748441628,9210.9973051343,11654.9354929158,10554.6600528603,9037.575701259,11095.8304424126,11046.5818043792,9571.806525879,9192.5104338021,6600.4350300784,5549.5575435488,5509.4801622117,5752.2281897882,5194.8452786508,5381.2276008323,5717.0003503404,6011.2975293285,5677.7308480512,5954.6692160812,6477.8033016658,5329.676214641,5538.7521522158,4569.1826478313,4550.7006649916,4645.9341386641,4642.8816787171,5698.5300902128,5398.8111037287,4896.8235497903,4153.7265304489,6303.3629867525,4792.6902101144,5104.6896199595,4793.3987156319,7628.7774486842,5625.9537037742,7080.3454861935,8653.923936721,6844.0953107595,15626.4803217957,7732.9980884831
584,"MHL","Marshall Islands",8504.1884730204,14418.9716016683,3758.7469230596,5698.0360705358,1307.1653381781,3098.16691968,1614.493049038,10009.0140939804,8045.4411562386,9070.3441602877,7060.7882822719,10527.8851189595,16093.7579610241,16035.1869337009,12669.5831927297,15596.9374755354,23287.1819063147,18689.5152005463,16173.241270103,20735.9070352132,27227.7796631672,20776.2509795987,47075.4695460197,50799.2699405097,36412.5491049106,60350.3030439868,43862.9568941134,48642.6063850943,72181.2396063812,38312.3473933608,58617.4604166135,60075.1835360347,57174.0422612301,76239.0917605656,18377.4052766328,22084.2041239751,17267.9155444744,37122.2874863831,61125.7184612286,39424.8068518211,36873.3453842513,26869.637547626,66102.8363116762,37233.881422364,41350.3134654762,43542.4138146363,37963.2286434056,33781.9018855424,130956.424371864,86175.7021703317,71336.589263695,116504.86465542,91546.4592459357,33259.495642492,46210.6281286356,49315.427612996,53274.0753813121,31028.0398931526,39854.7560942652,41976.7210547384,40834.4637773707,40121.2346840886,66633.7254740303,73597.092357425,156892.782116533,72101.5974136071,127602.039615055,56334.0083198463,90265.1501512795,56340.9448327468
478,"MRT","Mauritania",68144.1020260591,75890.499835885,96166.5508089788,107106.73740848,113326.193301799,135836.404241721,127843.055498449,147730.7274148,179183.525718994,233740.416923278,210900.181121835,243369.257516466,274330.627919475,281075.090023128,371302.823741218,422007.889002889,422239.82512271,732912.679628173,1027411.32210572,1017621.16728205,1459776.68440212,1617594.13745883,1626758.35192103,1884213.20997808,2111461.59648162,2233873.56594516,2620516.09418112,2581934.0184545,1416829.26480367,1353517.34915294,1902518.3835939,1770854.68095368,1769163.65761013,2043241.8675828,1981026.6829127,2229989.50568813,2363413.11826109,2501352.65911402,2552591.43700821,2414478.96298707,2206148.61577754,2278172.94036546,2428529.67482656,2245013.65008197,1757043.99911863,1974941.02952047,2502812.08046266,2247424.74790918,2203844.70132178,1970886.72754461,2055789.74855315,2010202.30429892,2388117.83122059,2145222.32422746,2502234.8440124,2290904.09800634,1784326.07486285,2467823.75679053,2553258.75809194,2349037.83318449,2597870.32393368,2018622.99045424,1523406.63517955,1207181.1726638,1618642.40213355,1431667.68061399,1921336.28010279,2026684.81975585,2466855.17199032,2210253.93788207
480,"MUS","Mauritius",6224.799787321,6486.9434018897,7191.1342050947,8520.2602566655,10684.3062671983,9803.1158305148,11818.808204084,18742.5187293312,10801.0740018623,11054.8316123078,12180.656157533,11915.4874432526,19674.1079816256,11983.01283267,10449.4254851461,17237.5112577409,14151.497038485,19778.4389633577,11816.6102362807,11897.1141290018,15317.7726732807,16872.6382859163,14819.6811045405,15511.1666043553,16748.2362646451,18367.1420584281,16467.7467328401,24463.0891114685,14200.3815655385,12994.1727912066,10295.8460883632,10662.3853713191,13051.2089177778,14376.528761963,11551.3477493049,13466.5650155263,14347.0960744666,14142.4739319439,13143.1761483826,11317.8756910064,19123.335144498,14135.6149674329,15528.7021656761,17521.8007033026,18732.0052230509,18218.3137090822,18021.8608924727,18499.1825605469,19912.6050152966,20171.9714761278,20068.9759800092,21724.7899411126,25410.965986007,24053.1101499856,21385.0377612908,26158.5365263058,29903.9844395771,24839.6606120331,25066.746342307,25476.7891004223,27302.4181230347,22632.0698179164,15765.5865840152,14841.7045575269,18639.5370558555,15212.3149471469,17613.5944266984,14142.7643581361,17039.6817741442,15255.3620353874
484,"MEX","Mexico",505447.762980276,517749.691097904,480294.319681858,538971.01561766,537259.688881652,618844.163764413,685637.448755289,668783.306186153,793183.516561156,1003777.82084394,1075430.39717788,1148879.49557581,1096877.12253291,1150253.31480316,936735.302671288,840724.148928839,926134.699253272,1082143.36916532,945251.011303727,949168.890191463,1122190.15128957,1176771.86675301,1236295.6237863,1235441.65312465,1119753.46089589,1186139.19346526,1027991.76923749,1026883.65645207,1596665.47287287,1888477.52638029,2207747.36741022,2568924.29378685,2272102.62573935,1849071.71635427,1849159.43780078,1956557.41520922,2005000.22095293,2192766.40483245,2027674.92468331,2115452.73250486,2032594.66160258,2139564.72482646,1796139.53240694,1805148.43761325,1889257.22228061,2085721.99859697,2180656.14305867,2191284.96337003,1839781.55643073,1852780.94549061,1893276.61740306,1939793.05789442,2021228.72640954,2059719.69246532,1827871.72436221,1962673.72153709,2067999.61626953,2153986.60463691,2217694.54049252,2157964.12543684,2127091.67441792,2290046.28504705,2233821.06935247,2222647.65384636,2171167.42091324,2224858.52847879,2312610.42287994,2473824.6925228,2468814.15354061,2675543.29174358
583,"FSM","Micronesia",45950.7892452315,30372.8276745335,8663.8025825998,12698.7212757314,6220.0319307481,14328.2122927082,11810.7988198384,18158.6040771221,19617.1991972303,32243.6031267164,25855.6750169604,40400.3237125092,35048.1338860712,35261.2486970103,29099.8859356229,36807.4277718538,43259.47232764,39496.7582662164,42018.9838540244,50690.4685265057,45091.8446048629,40836.5171370076,94072.4180874349,130948.971289173,112102.5555629,93368.6109205328,76696.2832473115,130482.335839601,145709.66603818,190647.333623603,148941.052204448,172181.495023844,182737.227865353,213559.63529272,320034.807776192,248048.41745517,385849.751340393,476329.120948356,394586.292836339,313371.931068144,259728.137965284,279725.990611773,313757.577170112,328990.215688638,327041.289784452,418951.066358671,251854.328726119,166023.6073357,152032.52260959,262888.54558012,229642.180643089,168795.707540717,141940.5394832,396906.961363449,281685.452614357,351237.625973876,306619.606615953,308202.38434613,206418.656120565,295831.073995369,251215.960951764,206041.924207047,275532.984281268,297816.589290901,199458.117292473,205127.976396435,286431.572992014,269757.773652748,381308.626844154,227502.489463831
498,"MDA","Moldova",NA,NA,NA,NA,NA,NA,NA,NA,NA,NA,NA,NA,NA,NA,NA,NA,NA,NA,NA,NA,NA,NA,NA,NA,NA,NA,NA,NA,NA,NA,NA,NA,NA,NA,NA,NA,NA,NA,NA,NA,NA,NA,NA,NA,NA,NA,NA,NA,NA,NA,NA,NA,NA,NA,NA,NA,NA,NA,NA,NA,NA,NA,NA,NA,NA,NA,NA,NA,NA,NA
492,"MCO","Monaco",NA,NA,NA,NA,NA,NA,NA,NA,NA,NA,NA,NA,NA,NA,NA,NA,NA,NA,NA,NA,NA,NA,NA,NA,NA,NA,NA,NA,NA,NA,NA,NA,NA,NA,NA,NA,NA,NA,NA,NA,NA,NA,NA,NA,NA,NA,NA,NA,NA,NA,NA,NA,NA,NA,NA,NA,NA,NA,NA,NA,NA,NA,NA,NA,NA,NA,NA,NA,NA,NA
496,"MNG","Mongolia",NA,NA,NA,NA,NA,NA,NA,NA,NA,NA,NA,NA,NA,NA,NA,NA,NA,NA,NA,NA,NA,NA,NA,NA,NA,NA,NA,NA,NA,NA,NA,NA,NA,NA,NA,NA,NA,NA,NA,NA,NA,NA,NA,NA,NA,NA,NA,NA,NA,NA,NA,NA,NA,NA,NA,NA,NA,NA,NA,NA,NA,NA,NA,NA,NA,NA,NA,NA,NA,NA
499,"MNE","Montenegro",419.7922481068,419.480919535,406.0581371312,408.8951820784,477.807061086,534.0244153107,570.0033824015,564.958441933,566.0630958063,529.7542454619,571.5941919717,603.6080972555,577.7601362576,637.5663361757,810.4143714813,880.0188167999,791.5019109139,823.7355238349,864.7222804858,885.4294180823,959.81264795,961.8515650657,866.3879923093,824.7817658934,907.6195194858,875.2980336229,1013.2092484352,981.8092894915,1018.7672755888,1070.6676174239,1318.4866968305,1141.3963287459,1324.0840379874,1222.3520645262,1219.1072928094,1268.8502302886,1620.8868858347,1555.6522486347,1292.2215740752,1253.5930498372,1186.0616184183,1036.6334865889,953.3833233998,1062.6534647306,1004.8292620166,1297.8291128803,1166.6244214419,1213.7973945656,1159.8435133494,1030.7927050534,1059.9847704097,1143.5189919526,1084.9664406114,1195.7425589694,1201.3251732624,1188.8894789304,1319.4217381386,1283.9052788747,1366.2908639627,1205.1148625198,1264.1864638021,1113.9439461204,1270.7703466062,1170.0441980548,1454.1902835464,1505.5036237234,1557.2282441478,1443.3910439236,1653.3620014823,1698.0118630171
504,"MAR","Morocco",248198.66708211,232922.70297301,264749.120503865,260198.691191855,236127.477089953,248553.119832993,243352.996821224,278617.069145902,296530.837513444,286344.403997914,318137.780172247,330381.841239841,337118.321991369,332232.149589386,405027.915190347,493795.79124008,647703.083407861,811798.059790128,847774.920060325,854800.765691162,880093.226308199,881143.813230696,943915.219648866,1065305.82928589,1031625.25963223,1126906.82856021,1105818.97802489,1331032.65039616,1529445.04661236,1266446.61702511,1109625.96841177,1058132.58991066,1075305.31005506,1125786.23553527,1153443.68515877,1149356.98208467,1168967.50117877,1016434.47117113,1031475.6606575,1029906.62879713,1069168.0350784,1017674.42786287,971767.852927818,1001485.62925506,1094692.95758245,1090227.62648795,877329.035536603,1052257.47729897,983494.969413655,927831.376211915,1048866.83269429,1162005.1221514,1066537.21125686,1037238.71776335,1031239.63593621,1066872.88214169,971443.801275728,956014.299963026,992160.424747684,1053755.9503893,1016637.40350777,945265.774721706,989981.603305507,1097202.42672049,1111585.68215818,976429.054318408,1050562.02072753,984708.823220255,986113.194136214,1013695.07312573
508,"MOZ","Mozambique",55070.4570580769,55509.8863579224,56579.2074427567,57848.5069733599,58771.9874296787,59531.004257471,61944.6538635899,61120.2074255458,63835.3516107427,70930.6623987048,74274.9390936168,73290.2980149681,67025.2849322196,69736.3615595021,76510.4120502909,82150.8497078316,95895.2943710086,87716.7656119741,90197.4570821897,101909.897875364,105571.815909866,115142.618724051,124362.039005945,136693.401933402,154601.735508629,153451.505800176,166449.896950968,184263.268231564,176025.565963623,180986.405559865,203335.813594889,200048.251222138,197176.57019294,197303.804556585,184036.039556996,179667.985535035,198925.641518299,196718.110998066,196926.14277614,185542.973264154,194257.075136021,190394.274171793,174509.022828394,185794.288789798,182233.578029305,179865.461820515,175798.19858827,177205.236445784,172609.426036686,167413.382465973,164928.53687429,160886.176649599,155234.355693938,128757.188868095,122954.412883075,125353.686608664,129491.279399653,130000.474003727,124482.847307253,127407.842640228,144958.426985765,142083.601854841,158795.566933163,156306.243532216,197866.194824735,219056.938087206,226282.855004526,260603.027522782,272805.006766546,296238.554122473
104,"MMR","Myanmar",189951.651750709,201198.270719669,212813.333088348,224040.837222988,236279.9029462,248796.858122629,264567.769319556,263964.404662504,264985.657591854,267265.012089386,268504.175700914,270341.54885486,270694.375673529,271687.063722277,274245.559614013,279278.99970118,281968.942673823,302265.572564178,317828.129448382,341544.654396729,357463.378974186,373084.048820873,390311.738326818,396309.818426925,367165.196550698,419059.783295565,435850.332025959,472082.385131067,493977.566785351,516518.439729614,532793.079208059,563337.570113522,586330.478713568,586469.351289201,616789.060101676,656854.266769732,729539.665432199,751652.479733783,756175.913928924,813082.882100121,841093.011946899,893430.661922064,911779.593201643,985376.926759352,991656.841882481,1020005.25481444,1052514.37866983,1086938.78360146,1198138.55509959,1185882.45784353,1266129.84007391,1307308.91846071,1412313.99672331,1448442.75391483,1598770.4924472,1599619.18236091,1659563.68349415,1598350.05177552,1489873.77768373,1457469.54141001,1439727.98199532,1449800.92194534,1354095.20383731,1325081.83179207,1328552.95245136,1330347.53671514,1429175.19599723,1512061.83263546,1417648.86820025,1333934.89923688
516,"NAM","Namibia",90486.5422472238,229076.605010599,407447.655374003,466637.189136798,445701.986597782,404484.595273838,403384.574808204,404607.260569033,402697.58697782,481895.910163465,496354.54660212,607910.825718926,699964.752924626,1069758.63615349,1573858.71624657,1967371.69657093,2159278.16590868,2976748.39604813,3721315.914871,3477517.83626417,2328505.6745684,2610173.4570862,2223019.10560417,2407366.70199103,2411200.73465637,2636031.57373238,2433593.76714582,2195606.12010162,2501953.40324974,1680478.13068898,1567919.51706876,1894850.35102572,1799177.07627376,1877828.32370703,1732144.44672341,1609658.30437999,1486966.900568,1900151.143548,1430088.37035862,1003616.60298986,866715.004603531,557583.053913565,732390.16062774,862486.309699321,723980.728745139,630868.048092886,569579.750184865,566845.57978126,665552.486727099,634025.071431035,645195.093550639,602843.99139311,680454.876503841,697421.938327447,621495.05940813,607547.452896283,556698.895816464,455044.619858421,407382.290612779,429574.190990736,453717.567415039,588811.807962334,613132.152209024,827936.258027281,699274.614337916,786562.862355447,764439.641255274,759498.310507209,738389.550548662,687243.392395192
520,"NRU","Nauru",4982.8791510583,4257.994766452,440.8851819775,453.7148962145,235.0013306854,306.4981626673,688.9806486308,3684.9217330808,2290.7294796168,1340.2205695075,3003.4530869759,2915.1069658119,3856.4863592718,4649.3022745355,7068.4313745008,2002.2129229455,7168.5145480133,2775.5801247432,4400.1253103208,4836.1610582372,3791.9882938559,5591.8806642399,8848.7726879057,5476.4231374582,8744.6992625995,3622.2748448031,17463.7501032519,16090.5095378347,208.8345470903,261.2977721625,313.5661673161,2442.079509558,548.0346462051,657.8312810953,849.4882600969,826.7348721741,653.3998877227,645.4380288812,2050.9801993841,2611.3325895174,7893.3538321368,3226.4510198836,15212.5499989714,14279.19042603,15078.1341056024,5986.3184789212,11572.0960787825,35582.251048031,59362.1284440974,101898.431557043,66885.785042664,80736.191522351,115103.959875686,29623.1948557472,56547.6589000537,65140.963171941,52075.2798441796,80734.9314208789,71747.7991678702,58308.286930542,67835.8631700092,93192.7144404665,59278.1062839637,129515.178230807,164135.564798529,77542.4897698722,103528.441344576,68890.9633193733,136250.968404501,81729.3484479404
524,"NPL","Nepal",NA,NA,NA,NA,NA,NA,NA,NA,NA,NA,NA,NA,NA,NA,NA,NA,NA,NA,NA,NA,NA,NA,NA,NA,NA,NA,NA,NA,NA,NA,NA,NA,NA,NA,NA,NA,NA,NA,NA,NA,NA,NA,NA,NA,NA,NA,NA,NA,NA,NA,NA,NA,NA,NA,NA,NA,NA,NA,NA,NA,NA,NA,NA,NA,NA,NA,NA,NA,NA,NA
528,"NLD","Netherlands",172963.071780624,206165.83795893,186484.144147328,230627.754598708,216342.854782179,172254.42071138,176619.42768052,219714.484255189,207576.397254992,257202.741993593,198760.361548265,218291.626379459,215999.642905163,253542.059707393,289539.069271137,245924.724328606,282361.495568205,213658.397445219,243002.571056874,317763.816825323,386415.761392372,297472.437764919,256988.068325871,266750.094846119,263138.175166243,273914.673621044,271510.969238734,218240.461631489,223677.033935896,229033.523777999,246563.655628955,242062.459135881,263807.919326515,242722.426204906,255109.437733927,299851.686229737,306127.120659265,265961.464064442,310674.93796555,325643.198150275,265922.322279155,273903.896760647,296412.224709855,248983.190322523,275840.789268446,293922.053570431,214374.950807115,241627.006338975,257830.598893768,235013.335488982,237320.800173061,239953.985536425,228166.117280012,180887.874332121,180100.60955451,140064.811514798,153234.420334022,117415.678973612,124502.290492105,154521.877083816,169922.375023148,163850.435886391,103531.341347087,142887.525123501,130856.477819607,159791.313337712,124700.898030341,155295.366292973,132674.77578134,102001.292621623
540,"NCL","New Caledonia",2588.9734171602,2590.3020576317,2663.4295883605,3116.5519845695,9534.8724830647,4492.5666941869,3186.1511184535,3180.5261882971,5266.1139409008,5376.9482673891,4073.5539629081,10569.6647707253,13954.745000171,11438.5250851221,10204.0219673485,10739.1818051569,12010.6801330362,10780.9387751333,11475.444289014,12137.3849337567,16175.264974401,15014.2989594822,16417.0907945091,19410.2768761843,17031.6794317631,12397.585059488,10864.3929178325,15277.3732354531,11270.3156665633,12283.3330351025,12341.7853226238,9471.9297698633,11182.8259341939,9691.0972732942,10770.4696869302,12194.3509481108,12804.8838973895,13497.6196529651,13931.0315746977,15020.9463780932,15606.2004401275,17379.8559380887,14489.8416533288,15036.9160782357,11673.2863431079,9651.2956623454,9914.396695579,10776.5433773956,11538.0632102743,12890.9252231598,14324.0336705966,9852.0158933192,9487.0168585985,10815.4773315022,11845.454588204,10401.9621730376,11037.6927494245,12003.23621604,11804.7709978262,10188.8799261914,12165.0122139926,12221.0638011499,12177.1193145387,12096.5648272062,12105.0242501014,11398.6450186548,11551.7942780531,11824.2042346994,11968.2784383549,11907.6644335737
554,"NZL","New Zealand",77779.408959642,77604.4336189829,79805.0727551508,81234.4442718759,82506.2099434814,88654.3951497636,92718.2176103862,95817.3739336025,98562.6817609327,104488.620609439,115193.612362078,109732.867316303,108452.084724894,109090.997954047,119360.82070576,141455.438136837,162399.82662126,168072.129843773,217471.900434407,226246.553150139,246774.858126048,310317.59827331,392587.482853207,377203.898506047,449707.045755483,340213.749644315,468684.842772346,610692.300986488,400831.874972216,479894.447461556,517365.532177923,577820.647261155,553310.28970252,812180.947733905,839708.299458016,704762.584803676,849274.063769695,1157830.67683715,1264578.20913308,1238886.35350913,1110371.99688857,1180123.18110482,1243312.12589153,1039763.35644664,1047640.95596162,1044223.74751865,1012186.41945118,1101880.64059591,1101487.07576135,1006599.75585181,921975.112986077,963816.391006459,971948.881436886,965806.814096153,929136.060798981,892099.026549456,828115.223748964,846343.686745042,780540.828493278,772577.458020174,785066.044741165,791762.002576145,845055.934721339,788847.563761472,798388.102732078,803148.42302831,603370.927602397,630534.519765131,563699.042189086,604385.699685978
558,"NIC","Nicaragua",8142.662329756,8267.0718394912,8444.9826267347,12287.231009677,12543.6277013287,12993.1592469311,15158.2226380536,15354.9698538981,15534.6931551014,15922.1697746119,24408.5203907963,39560.3619494654,28265.9416986295,27930.472406076,27794.6933560292,24664.0055669421,33218.8470089454,36960.7030374162,39736.7348686721,44283.1065318534,46052.8222641064,43210.4202797894,49298.7283025885,52169.0430731774,43465.4661164201,43624.396960879,43475.0384427127,48558.7831417876,44338.5645885205,36902.1513112208,38015.6071353408,33856.9984378115,28325.463552852,20866.2238428104,22220.4259394656,24145.2064197907,19417.3299268239,21782.13847411,27758.3920406829,26300.8453917189,21982.8223891513,29030.4259360239,23333.2577629575,27812.7112336787,34308.2685991052,32616.1010385442,41251.3674045805,41402.2305261266,46719.2099919077,52277.7360207522,42413.5230312842,42307.7390408197,40236.6570403238,38128.7369829958,35721.6404241356,40422.517280207,31631.4910194438,34050.961951101,35302.1414305145,40642.9203754662,42110.2888323043,37826.9760799512,31253.6083854481,40832.3445990861,56117.2208645917,48661.8650003474,55065.2196432416,56142.8090456496,56209.3923022619,59162.1256398226
562,"NER","Niger",NA,NA,NA,NA,NA,NA,NA,NA,NA,NA,NA,NA,NA,NA,NA,NA,NA,NA,NA,NA,NA,NA,NA,NA,NA,NA,NA,NA,NA,NA,NA,NA,NA,NA,NA,NA,NA,NA,NA,NA,NA,NA,NA,NA,NA,NA,NA,NA,NA,NA,NA,NA,NA,NA,NA,NA,NA,NA,NA,NA,NA,NA,NA,NA,NA,NA,NA,NA,NA,NA
566,"NGA","Nigeria",34424.9097308818,34876.6010836167,35304.7028513807,35745.8633280957,36183.9420056952,36618.0783957814,37070.0845331407,37789.35300836,38099.4797415376,38911.3381851419,39459.6457831912,39935.0734444043,43987.5768935583,41273.6800550015,58684.3989131229,65753.3044560219,62027.5797331452,70595.6088885491,68442.4659147407,64190.7771057654,83858.8702604184,148541.352654279,152155.399366111,149639.3049502,152493.94658237,150141.383066024,152231.254414856,156183.436866708,154005.945071052,156818.229479445,159246.652698212,187313.638907004,203793.262466648,217654.373262958,228734.858236125,247861.02633224,267291.64918783,287594.072173974,306995.652020068,325493.58470767,344823.916565425,364706.128881932,385739.31811579,402710.045720408,420076.242216474,437210.50743609,451823.52762263,464579.899216704,477792.234512082,491035.174510106,502429.001950328,517179.975496442,528569.34269297,499421.5097774,541749.144118436,543090.37104776,535309.236178238,528160.011914117,519714.169795254,509177.93189265,493278.304988781,480443.244457891,472922.907583692,459238.31682141,485999.319586221,463542.990316359,434988.39691571,573012.081589672,566546.100744743,532269.88901316
570,"NIU","Niue",535.4090324816,538.8753703581,540.027657112,541.1464402629,542.2317198098,760.976713617,1115.1268384151,656.0444642165,607.3618178682,996.9962551556,884.0324349313,957.4627429694,667.9407957352,672.8141872092,619.039124924,1634.2819257264,1178.8495693068,1008.0431416285,1207.8973013417,1263.4764029835,1186.9248344906,1185.0260780086,1169.2899962535,2800.9417706952,1515.9662966357,1150.6852997078,1556.8185276503,516.0190799809,481.0702544046,616.1469258853,357.8700679273,341.154974696,327.1604233063,321.3603930789,313.2265967188,291.4268184781,269.8565490615,254.3917875165,2025.4894617701,537.9820201121,234.1528368625,269.2493803876,1034.8642243791,440.5173043186,1415.6197818265,1092.5280756406,359.9495871361,684.86746716,1890.1774045781,551.9956252749,481.4113271405,660.308059253,1136.0953942822,2470.3742893197,1093.4534237381,769.5352535574,1211.7164702842,1318.4757882697,1518.4022199915,2548.8056126262,3150.5940786342,3241.7878219769,3420.2728942633,3480.9250434663,559.5474427161,1163.0264148287,431.2746846399,482.521552437,920.5994862911,949.5273417068
408,"PRK","North Korea",427163.225037617,424466.295094152,422506.480387053,417205.587777564,469367.534901578,521926.819329259,574630.49201693,624109.588679168,652767.40780262,680887.270194559,708484.942592641,705338.804876746,693097.974867192,698283.546297757,697267.339185552,701891.993591136,737113.200327441,766860.633316066,779944.539716793,789209.654619153,785828.505353057,820741.909201685,865529.89278075,891030.953121444,950369.316652101,986409.368890376,1183248.25343071,1141633.19133203,1276940.41145218,1233289.826831,1171458.710765,1213518.216598,1172924.51936,957484.227473001,881586.146403002,856296.767605001,877116.735512001,940806.985953001,829705.026072001,842722.381071001,505667.970154001,381968.464960693,368674.376341393,405490.406836,362812.28331825,317548.079759032,254410.323200186,224759.480079924,215885.594768547,212447.003767624,214802.045324573,215602.648338383,229526.832314061,240647.477179123,390661.210241936,324613.365332466,326806.818816723,310188.364394933,299520.513392856,263244.732887554,265984.88832295,279609.292352036,274284.703201497,271132.42822167,307107.639937485,277692.206092225,270124.153611035,266237.399333316,263989.419119114,266130.167788461
807,"MKD","North Macedonia",NA,NA,NA,NA,NA,NA,NA,NA,NA,NA,NA,NA,NA,NA,NA,NA,NA,NA,NA,NA,NA,NA,NA,NA,NA,NA,NA,NA,NA,NA,NA,NA,NA,NA,NA,NA,NA,NA,NA,NA,NA,NA,NA,NA,NA,NA,NA,NA,NA,NA,NA,NA,NA,NA,NA,NA,NA,NA,NA,NA,NA,NA,NA,NA,NA,NA,NA,NA,NA,NA
578,"NOR","Norway",1620192.48795597,2234819.17681549,2198826.55073752,1924436.09891525,2671760.17548221,2692791.02165286,3335781.95716637,3120326.14279242,3089256.9490323,3273643.94030174,3297601.99391582,3018291.37600302,2871357.20372725,2999626.39230417,2959921.4575722,3635885.51065745,4494598.34688363,4923738.76133564,4554946.4241901,3979426.44498599,4135002.4149409,3959554.98118373,3809354.99499257,3933396.64003934,4523300.69398948,4493368.15402768,5190827.52045494,5235192.65583402,4290214.75632821,4852776.09206251,4792952.37970646,4351352.86580812,3694722.62541348,4478210.15601969,3631148.91449967,2752095.67404703,2328636.89494108,2411147.44029425,2095072.65014213,1794580.63593094,1546284.58737149,2770217.92625191,2782506.06030122,2938773.91987439,2812368.68763955,3274518.17529649,3313042.96217968,3596898.33919012,3216442.16863801,3391894.8711554,3628649.49103804,3352256.5047252,3394110.05016352,3355692.89589551,3183003.78785656,3076473.52724004,2895141.63296197,2993389.87599377,3101277.23444633,3478634.56550391,3497417.38689569,2637361.05431602,2660344.04463292,2369839.55836443,2429079.86095433,2378936.5005435,2249739.75239663,2393774.09368945,2415896.62597054,1930872.66854945
512,"OMN","Oman",43226.3114976905,43170.4301148915,49884.9381201958,56381.1231237956,56270.8381390699,69709.0307574783,68799.7773389228,68697.9754157967,68354.2228908441,75043.573279195,74747.1917055936,74338.1564503697,80701.5239199365,80400.2788002253,80394.9063959158,86761.7958576493,94075.934789313,94051.3050186573,92812.6901659543,98146.409419009,103700.273058471,107937.576007823,113966.665324697,121242.208192221,128023.180891362,131241.35034018,130253.711296971,129578.456123266,124805.297283047,129169.258432856,128286.013719326,102446.321242571,109107.427862414,131994.168044434,126299.339525014,113097.410314395,115351.626199765,137981.873183847,197447.476056595,142493.506198954,141406.993010846,144435.140695668,137171.637179979,136273.56114941,141028.809621975,161423.363400792,141443.632532447,134354.222515909,122478.879624418,128515.391009561,143941.969961697,152078.735446945,167259.694296319,161428.856205533,190995.134982253,182999.458631542,173448.950301675,174207.470904662,173851.410474474,181593.23024595,187798.300559641,186448.649179754,219776.099805384,233353.564363236,238152.076718861,288309.151484183,312363.061410088,278505.084922196,315254.61298622,326722.186225466
586,"PAK","Pakistan",94064.5911103596,95385.5603336763,100770.596311502,173456.625636251,177919.508398649,185746.911546833,195923.847540637,154952.373571503,190411.137906498,182721.05140109,211524.954589358,212578.91414131,193224.128686565,243269.265001221,313927.99398367,342154.709397513,398599.4059443,383106.156416697,368987.705864586,399870.030773067,403253.166610207,398556.523097434,461055.438364633,483370.395470646,438353.078279922,452809.296023527,485189.161832903,529030.221891523,634752.107182679,604294.221898921,598462.843289925,671608.291450676,658073.222868605,702012.760789976,728869.882500839,741500.814826231,742504.302058661,797462.54942887,831001.833129724,794917.696032012,899071.073654496,920763.325095771,960092.780003214,1130417.77343223,886027.592172307,865926.743471359,843247.58564991,883912.015771754,858264.929183671,896458.388552414,855103.394873799,853849.521228114,851168.817748241,842394.937610789,894321.172816862,788323.54692211,820367.133456767,813698.944676004,834566.775078899,820681.27107997,800279.748287384,798394.143931511,835935.880782687,842759.410867734,832316.929268368,854988.753658413,840324.538961923,861975.141883192,841968.727884574,930340.293158082
585,"PLW","Palau",1306.0232959391,907.8814960784,5844.8742577447,7031.0748472175,3172.0423597743,2626.9351919095,2589.5279439288,2706.5938181566,7751.4044663763,9971.9588152257,6836.4808338315,9201.6352286853,10329.3443953115,7986.3567310673,10407.0203856035,14561.4551003998,12808.7824402481,9321.3083298238,12475.3305052585,10750.4252119737,13246.0280659119,12144.1994212908,13585.5472186662,24073.720488568,23963.9154552024,20658.9163048624,21180.6793237329,20474.5930654148,1998.7007261915,14796.372839797,11435.2305522507,13012.1541013029,10196.2879592441,16561.0292065952,38081.118525226,23013.1471212598,11348.995650157,16551.2130689371,16326.8440843174,25508.9077106997,14507.8638277234,34740.6669563592,19083.0647481779,12629.9435244741,12165.288125629,18540.9272487176,26117.4765390468,14774.7140237601,11339.2327534572,16728.2955294843,13766.2622376851,16602.2555803171,12553.614611731,23646.0685918678,11408.606654807,9687.2567496126,12420.881156116,15386.900358133,20963.4134174757,11591.5523786197,4810.9579390744,3831.1140165581,6725.5498288856,11525.0076218013,6468.4509515912,3257.833681132,5152.2928620996,18583.2651588425,10236.8628258036,10527.1220736951
591,"PAN","Panama",7485.2042876897,6439.2807311329,7312.0410658135,7265.800417008,17099.8479334104,20454.600311799,30166.6485169738,39946.358986443,42943.4509646228,59120.9441458016,54699.6824446504,55148.2365783293,60759.8692586603,57901.0675843386,78627.4615933644,87891.3908714521,123481.235021431,124600.245190435,122569.633020623,81777.1519919392,100463.555191337,119634.369093212,106520.266504238,156444.800649874,115383.068130189,121927.966101668,204845.61440337,267655.220207463,180935.888702101,204713.758155322,246489.363008927,187022.980800046,156250.317624799,219137.141321922,166404.769474221,340571.898459588,204719.961217417,229776.654520518,164124.420702028,255140.964109841,180761.668405304,173187.896390374,176542.929379578,204333.149524781,194656.947938093,214512.395745538,180931.05309491,202292.771305546,266602.205911567,166319.80509977,251227.428904378,320724.262963051,267274.52488516,242395.518028112,199676.521422818,163574.759023978,148544.92786106,157452.595852896,164502.110562961,181880.713706109,117633.016800779,94165.0193391764,122369.694598136,173633.733420018,99251.0829332388,70657.9288641733,73170.4379903187,75054.8575714733,104475.306618615,304933.083791941
598,"PNG","Papua New Guinea",24951.7643576865,22347.7137919791,25712.2083172411,31224.0563688107,36300.6843182737,27473.607297879,42266.8942378971,46802.9573060342,38945.8403267004,30090.5432763432,38957.8212222535,57205.4573181541,68491.9088832572,57522.8824252125,61919.3492203911,64991.2439279279,80783.1359252025,66804.9258922901,76187.3554799808,80764.6318807153,90408.5720836916,135479.978805484,131802.766065533,181326.502091858,244004.380385157,157440.846190883,186096.951682355,165471.6109565,163134.021719491,117253.186969911,183634.535571469,200693.815710102,230313.997411806,321372.885754808,307070.287725294,350552.127638528,366678.577062281,212494.908625103,221473.807690282,593833.526028314,584004.14125717,612312.101976409,414765.162351966,336362.546276929,370724.194956934,555511.009632453,449833.193876169,383082.646243326,401283.541301208,333388.706448394,514739.88914338,387048.025039902,348479.717142257,649935.242321634,584460.343519612,515298.009707343,707441.314803618,707566.911984331,773873.57208761,686203.501102175,854524.942003478,795438.872739832,708367.757032599,747394.52264395,512994.402052534,299583.025484746,495038.577793306,585040.837251149,505269.278270867,536763.543332472
600,"PRY","Paraguay",NA,NA,NA,NA,NA,NA,NA,NA,NA,NA,NA,NA,NA,NA,NA,NA,NA,NA,NA,NA,NA,NA,NA,NA,NA,NA,NA,NA,NA,NA,NA,NA,NA,NA,NA,NA,NA,NA,NA,NA,NA,NA,NA,NA,NA,NA,NA,NA,NA,NA,NA,NA,NA,NA,NA,NA,NA,NA,NA,NA,NA,NA,NA,NA,NA,NA,NA,NA,NA,NA
604,"PER","Peru",84564.2485531429,120118.979672578,130296.421469384,135189.273923897,161154.286758837,204424.864586031,295203.889211761,494785.688967391,984014.558343888,2405534.92592927,4112238.9031831,6328147.71575652,8585739.27915509,8511550.98426801,11675303.2312589,9340122.76393323,11251619.4848609,13170665.0173759,13743699.5121931,11854380.3071653,16779708.81374,13870844.2387954,5712829.72098473,2719672.548402,5104693.23863286,4211280.87948859,5426937.0498164,3276274.31376621,4591182.92851541,4680914.30513629,3628414.42018622,4034378.0879965,5381736.84028128,3084578.53232785,5222635.79726993,6221025.17772943,8330440.50055716,6934745.40714975,9485942.85423957,10417054.9716874,9617567.37960717,9756778.20699017,10649365.3228956,12555828.9764331,17210828.1151705,12751043.1916529,13485064.8603509,11088330.8098603,6127874.89624245,11917325.5203288,14982134.1233183,11119441.7361649,12399192.9557483,8720496.3443128,13952329.6119244,13466174.4110543,9858163.30699469,10133374.0138359,10266588.0364259,9591893.06140365,6086617.88352062,11120674.738465,6926829.18102583,7630498.04774292,5138555.57527796,6048781.06004975,4865881.67206154,5159997.67842031,8373245.42034476,6008753.14883327
608,"PHL","Philippines",246755.996464947,279630.676485629,290411.073524714,288836.524407245,363276.133553228,381102.107623563,400124.205441664,380413.265828646,420102.247113031,437459.029255425,463701.457085545,475951.242199401,536928.674951606,667225.674723785,771551.345829534,873721.175838127,921119.652217952,969289.672973707,1138921.60130914,1076774.51341779,1169479.35348188,1176185.83262377,1300309.66170295,1406901.17506339,1432036.28247376,1519435.15386194,1472692.91301934,1485137.9732093,1523257.4452363,1462961.78323596,1465081.09782941,1521195.00455791,1463508.62465384,1532297.52335724,1528237.05613321,1509578.01194914,1555406.63265891,1605789.35813071,1620477.79161905,1779274.37989421,1848136.63596057,1910594.00146963,1958926.35075657,1991297.76808054,1996969.94057771,2010153.29463651,2433941.37875383,2068415.71426401,2262616.69183788,2230513.44376714,2244294.33744449,2179919.54171586,2289786.99322103,2556542.40921875,2425930.78097475,2530457.80524169,2433947.37868589,2616089.5927028,2628230.25243257,2701917.6295051,2796945.02463047,2570737.93343202,2454067.81002515,2448234.43604481,2431537.72958079,2386040.22601629,2304866.13902529,2155937.53532521,2137611.5487885,2152202.04182738
616,"POL","Poland",59228.5392698236,60181.0265262091,65890.5154057241,60317.386659144,64720.0767536986,63140.4907170087,68674.4358180536,72728.766484514,68475.8262815817,69435.8269886168,75917.6983540438,65505.3623178202,69959.2645480395,74825.4464942413,72600.6523049997,77322.8052251619,90028.7843854106,98988.733047042,109718.00067524,107128.029946232,118850.628154569,121636.588068108,131080.975933994,139889.919628214,152370.592722195,160681.374567025,155279.092403462,148779.656636205,137835.813863007,149903.507031151,167354.704242693,159878.041758483,161289.197111323,153921.05582906,163600.285512742,152157.373661331,138122.544777004,127171.676383553,125470.366661437,123420.605466636,107549.422949846,118788.203323635,123354.188879949,132962.101543186,177614.042129548,199082.75167237,243596.440430767,254693.221884754,208849.344309287,183830.205316378,189774.99086337,176945.047857913,159709.01833444,153285.293842613,161225.386402324,138109.576362179,143068.934700234,150737.423710144,124417.239593323,138477.34257362,133487.884518622,127683.326619636,137474.836976131,128124.895039318,130638.415401351,141477.522119215,142122.960870761,155791.836519293,160495.071339152,155232.705355762
620,"PRT","Portugal",283087.469343874,293391.04992667,320665.552306268,363339.555463018,381538.59167111,345044.595806372,389955.52740456,416320.186153093,433407.151367256,432173.594015503,459989.821179636,480392.95973434,483860.032261927,491292.060093186,576619.993926408,571866.860385565,495631.143069661,521158.923039661,484320.120390565,446269.250847427,516072.644044492,496006.513919152,521144.717516019,591582.939188793,489708.300191654,406066.262541443,443245.236583653,450291.132868067,389137.449531444,395140.551047125,447773.935030512,432628.974717845,399876.036684361,399164.618593061,493621.611245845,493112.933772315,498339.90580165,491786.669213922,485719.271814298,430725.79471839,379890.897284863,372476.898422138,388699.115375698,380729.314191769,333560.817221272,349916.461690586,324757.161248971,299730.886031864,296540.119316246,265883.18545769,246114.991863538,244920.264575335,228823.974607057,238000.414288754,239813.888974036,254560.500993846,261475.571559657,270521.492926705,275582.969929074,237047.986670557,267617.147602927,250657.357368255,225318.453834454,222038.375100203,184786.225502256,217537.756571661,202232.967369048,197010.73634482,244593.981373234,244465.768938932
634,"QAT","Qatar",1121.8845385247,1130.2210733898,1147.2091229786,1254.1677941499,1255.6422107218,1265.7432620178,1285.0233477883,1373.6625347958,1372.8713186071,1386.1165927088,1588.3277999838,1570.9443126205,1806.9930390319,1795.5304055817,1812.5372909294,2213.9306009104,2685.2705822255,2635.6835088811,2362.80554164,2469.9818643639,2681.6113952072,2503.8442004196,3148.7203214643,3712.0992062253,3090.2438160003,3038.9043879994,3455.7651150003,3494.1183260002,3267.1202420002,3275.3425519998,3407.0208832751,3940.2369163012,3652.9466424806,3467.2100377911,4767.6927139868,4023.1978548869,3454.3793587568,4288.9591681817,4761.8774669505,6361.2549465341,7954.0096037091,10817.2345747531,10526.4663153467,9532.7377026009,6149.4313620763,5333.5458496468,5899.7093938269,6137.0749569106,6394.9609683232,5490.0641829353,8121.3221000002,9935.6841860002,8156.1475080001,12502.7832950004,12370.1603820002,15351.6559789998,17963.1277159993,16794.3941229999,19457.701469,15738.7100750003,15478.4486809998,14711.9264180003,12954.7325649998,13740.9349769998,18174.0755009997,17161.3194990006,16457.271774482,16459.841172721,15832.792360879,18300.1258983071
178,"COG","Republic of Congo",7117.4652264614,7302.1994353619,10977.7703477494,12276.0136960576,13638.6036916795,14820.9989612907,18013.9485150653,21150.7412816743,24781.0893734036,22773.3653534716,27126.7446922664,32418.6152231271,36184.3321337763,42390.3094055368,55063.768161593,64785.8250257441,75547.9667697381,36151.4352972587,42648.2548288076,44198.3385995529,48864.4625124926,59072.4044134889,71374.2262695342,79945.6108025934,90589.0054098462,94426.6383564408,102355.741000562,100250.061471389,86899.5164173505,93440.1258590474,94711.3984988756,92535.7963699424,87489.0469641521,82612.8456527849,71629.2575014825,60065.1724740376,48662.4820976439,53112.3269327823,44363.716000014,38720.3895972107,36503.8061140346,30920.9128685601,29486.0273561371,31588.5173316208,29206.2320647339,29256.2928116089,30361.0426709257,30523.7767228684,31302.3948356417,31474.9847585474,32047.7173145862,35717.7742612391,45298.4892081695,43375.7216200183,50337.3273950408,58107.8237671835,57283.9367408886,91806.7241252273,86543.0049263477,91918.3358439829,95028.103425403,101829.456243932,53120.2727204367,52924.8147281334,50307.0530418651,46797.0767224239,58597.2317412882,68001.0550433932,69801.7271102011,43444.3810041495
642,"ROU","Romania",5264.8117000728,5021.455891489,4929.4920136248,5688.431757849,7004.5336939082,14796.2807771995,15477.9389545267,14928.1987458428,13186.4454544229,10684.4619019051,14496.1364736716,16244.5287364763,8895.1830902487,9216.1090118588,9135.3754481807,12687.7553620005,7408.3985789098,10388.4961129619,8996.1237134808,11701.6292220432,13033.8818291511,15232.830508571,10933.0688805361,7865.5574598736,7365.4452893238,7863.1701724911,8773.3985534334,7160.9866820382,8130.7034586411,8634.8532207336,11373.0188985988,11264.3812719801,11670.8894931722,14951.4145465271,16209.7491744939,17228.8040152279,19242.9548123918,17212.5954346213,16988.5098086733,17709.9771378342,15776.9781256986,13424.8258005505,12891.265819618,12134.3844606865,11325.9751123604,10264.0854589715,9226.8652424873,8346.4637807323,6812.6723253735,4343.5378723799,4243.7910436525,4221.2181725231,3398.1059086804,2758.5263440191,3020.5825193781,3218.3205971078,1411.5588777966,1242.7066967423,1110.1795390572,1313.3576483731,1195.539176424,1487.737923281,1746.816477374,2543.1243575221,3111.2636213742,5788.3676559165,7935.350898375,10557.06704375,8754.93126933,8116.5109813193
643,"RUS","Russia",2094419.95662489,2593920.50571874,2620908.25979707,2560873.40892931,3029135.17461123,4045873.74785911,4083926.15127192,3208336.35348539,2554079.49262796,2388850.39992193,2612911.4963191,2934236.90801557,3302710.89093963,3629954.22934881,2841748.11695497,3064052.20015809,3446601.93250111,3755898.17416446,5295111.67786854,5201949.44109037,4893203.06592377,4266272.00944972,4393281.48652022,6741292.98173262,7309378.13380713,7431095.48983189,7348009.81406564,7512285.87103451,6752601.31237183,6076274.27425913,6201416.49299892,7054829.67956807,7399117.54155423,7442131.67976011,9288894.93531619,10015505.5321512,10394938.3306032,9850417.02230817,9575738.54320104,10405272.3033575,10739626.647378,10581032.8721419,10634569.9705872,8804820.19651714,7698146.04528743,9105095.04990562,10747583.2955666,10051552.6012127,9096109.57879899,8203006.47916347,7271299.77306174,7465821.34419564,5805379.05276885,6680635.34695065,5408038.41116748,5956214.2222113,6014629.45717886,6558457.21148184,5875939.20577636,6407039.13601712,6883185.98199756,7175520.96346031,7223846.17368431,7065926.82327768,7273930.95936165,7104637.28341691,7494363.56781482,7541408.75483804,7914550.07828733,7870802.43412101
646,"RWA","Rwanda",NA,NA,NA,NA,NA,NA,NA,NA,NA,NA,NA,NA,NA,NA,NA,NA,NA,NA,NA,NA,NA,NA,NA,NA,NA,NA,NA,NA,NA,NA,NA,NA,NA,NA,NA,NA,NA,NA,NA,NA,NA,NA,NA,NA,NA,NA,NA,NA,NA,NA,NA,NA,NA,NA,NA,NA,NA,NA,NA,NA,NA,NA,NA,NA,NA,NA,NA,NA,NA,NA
652,"BLM","Saint Barthelemy",61.2818723917,61.1268076714,60.950530958,64.721591502,69.7368955116,70.4550628527,70.5052562814,85.0364149925,94.719502502,100.0409061834,104.9872151024,104.9379262646,99.5151773288,99.2912888541,103.4474904208,100.6395278332,91.3490960012,142.9242632616,131.7484016897,169.7372302977,186.2187353948,198.6228393675,205.3597462167,196.4637267594,263.3335996817,296.1160499622,323.0894069876,383.8011945806,373.6222697182,402.6539463986,379.3291250936,393.3703333069,412.8804439571,420.8013314183,426.5714496342,401.2581869904,406.7576808358,409.0633675753,391.6413011543,408.09299711,413.2534389442,410.9132277257,412.0094851468,417.0331353153,432.2888476658,478.61529589,465.8597534776,514.4550161897,471.4226710439,444.0987703801,501.9310092792,494.1905996008,493.5542196234,518.7732079608,519.2371515164,521.1344800582,520.3738787894,520.9504926246,521.5523227438,522.1947736342,522.7060281367,523.0719958661,523.2289965156,523.6825843258,524.0448631667,524.4643204,524.8730604,525.2818054,525.618295078,526.035917713
659,"KNA","Saint Kitts and Nevis",1220.61643479,1263.6552272632,1306.5505681993,1346.5569733784,1390.4620066545,1436.4748503455,1464.6813321128,1523.1336314121,1551.5664030855,1559.9515635593,1567.0315268365,1573.2714885342,1619.0960636037,1590.3901810229,1563.0106651356,1553.0310150552,1531.9131846755,1575.7362460232,1493.3493828005,1469.4697094699,1454.6875590996,1434.5170581514,1428.9774294273,1384.5157212009,1359.7226079822,1348.1317109605,1321.661650736,1358.0950388706,1347.9418933271,1317.9624527074,1430.4578560117,1362.1195067511,1782.8276018749,1352.439058509,1241.1240817151,1235.7790808632,1254.485141561,1274.5188554676,1275.7506216906,1276.0494077134,1283.0330657047,1302.6953369168,1311.0181529605,1294.0747726362,1325.5196553797,1312.5262710656,1286.25581752,1308.2920371846,1329.1087705458,1345.9941614234,1391.9028569348,1410.8154912641,1409.9729847799,1480.9481179854,1582.0539667469,1617.6404717188,1638.5557443682,1631.1031335994,1606.0759298285,1623.2766149304,1629.6412931102,1645.2428481418,1651.3006977727,1676.2317937345,1702.4333325128,1711.4466369683,1776.3835774757,1853.2926978113,1840.2036776519,1724.273887369
662,"LCA","Saint Lucia",1089.9040622328,1039.7389877114,868.6723848265,864.1539221425,882.414432138,1067.9129580871,1089.3021218117,1090.8409746407,1102.9222213194,1122.7218316951,1130.0244873678,914.2796942635,1124.2055381872,1140.0567823473,968.9820916439,1008.4812858026,1267.6945840286,1317.1673509033,1388.4944947977,1426.4112960165,1699.7720851132,1795.0975331725,2204.6965854203,1859.3546379994,2017.5529732309,2651.9554471537,2526.8669606748,2762.4003509666,3077.265092775,1637.5453688752,1593.4695534372,1555.0292866473,2014.2005387431,1607.4657787381,1477.6885631113,1883.4830639668,1193.706298778,1029.8897630898,1508.6355430332,1240.9092636564,1514.8176218883,1663.3926363092,1690.5304933625,1682.149357576,1527.6862587351,2046.5454062924,2589.7660117836,3020.3764060497,2122.162008082,2185.0526089348,2353.456246759,2308.9469971826,2197.7267970991,2484.2987341622,2048.6384239091,3140.1087205027,2017.1887006587,3869.7647340115,3727.7556498152,3316.9478527782,3067.2217800167,2571.3106422755,2948.721403955,2350.0062624211,1555.9383698809,1636.6805432832,1654.862365644,1540.5792727876,1766.9236123586,1454.7830351649
882,"WSM","Samoa",5822.0029106169,5996.4690239993,6169.3746959999,6340.7170160004,6510.4959840005,6678.7116000005,7526.3510641007,8056.936810747,7936.4493639775,7793.3892682337,7627.4127637597,8406.273220096,8037.8087139742,8122.6999264714,8488.5290297552,8745.3643124196,9143.3102135114,9460.5021451402,11276.430014388,11001.2633518005,10756.4117553037,10060.8287427185,10492.2315741764,17422.5824870148,11196.4899797187,11910.8658261627,10667.8281601992,9926.8170597124,10181.4383664561,10962.0054962692,11090.0814126508,12189.8165689374,13322.4108730915,13139.2205275074,12900.3461123403,12331.1044621708,11958.3729320576,11815.0320713472,13915.7384132996,11708.5142130523,6283.8027002054,8223.7102714921,8501.9184771889,7351.4331597738,9400.1937693117,11190.5287422586,12294.4456522918,17837.6158080246,20804.7068856027,18876.6243503591,16946.6539232602,21061.6140023365,19952.2210488991,16456.7750350463,15460.7090227382,14760.2120068116,17119.4944925288,19011.772930126,18242.1412140033,19636.3652318722,20305.3727808922,17810.1381387466,18638.6568333319,16191.4334745948,14452.3930714988,14072.6883802239,16319.3440762706,15089.7978420446,13013.9537756617,13979.0205088216
674,"SMR","San Marino",NA,NA,NA,NA,NA,NA,NA,NA,NA,NA,NA,NA,NA,NA,NA,NA,NA,NA,NA,NA,NA,NA,NA,NA,NA,NA,NA,NA,NA,NA,NA,NA,NA,NA,NA,NA,NA,NA,NA,NA,NA,NA,NA,NA,NA,NA,NA,NA,NA,NA,NA,NA,NA,NA,NA,NA,NA,NA,NA,NA,NA,NA,NA,NA,NA,NA,NA,NA,NA,NA
678,"STP","Sao Tome and Principe",3978.7545736991,4012.8858608279,3955.3271337745,3994.4293913547,4021.8945249605,4026.1963634434,4143.5405528302,6951.0087621865,13026.5542055583,16003.1794757703,17473.7964523562,16252.5489617423,24010.1487098841,29860.6763054899,35002.5722079946,36926.6046874812,27358.4371544062,19097.2319428782,24555.4332489344,21894.1032889748,9900.1721632309,15452.7122478739,28627.3541955997,15773.5809147723,20670.2351487812,14473.4765990224,17570.3824928792,26415.1655301803,10387.3504043646,12060.6487007911,13170.9951710124,12269.5037990066,12502.9361563871,11140.6681749483,14312.8099986896,13441.2849967339,15771.4052075824,18907.5261750478,18289.0857359902,13794.9255496612,20484.1554143846,21292.6508943072,23145.4906990339,17154.0347661285,17914.1279922736,15229.9008324667,13002.0803360866,14530.3520539969,13366.3017498926,15644.7273882496,17167.6137784903,16698.2011912865,31791.0124130816,15655.7594387177,21913.0283264135,27031.0815931968,15493.9411734116,15800.1455751465,13810.9460010643,15082.9441071293,13900.1613300416,12165.9184034472,14490.9794766417,19803.67594768,28229.4779460305,34041.5316652254,20769.1779928977,22757.2135946659,22990.3117102959,11530.3485008655
682,"SAU","Saudi Arabia",10841.3112050737,10876.3034410684,12342.4691677475,11717.1157588299,12542.8385805016,13096.1642928704,13044.0222022948,14877.2480497115,14909.675914534,16631.4175850961,16769.6825156248,23825.2139093389,27047.3527102819,32091.7396815919,29411.2863934921,36146.964233134,45923.8350239598,65063.4868896225,62779.9218842574,64013.5649583774,62034.34957245,59355.7396179622,66145.5813606285,78218.5341912638,62597.2648588641,59358.3623558581,62634.4368944385,65486.4735263151,61123.2655602323,55717.5046806911,52298.4921976648,72465.2888805359,64466.4005352659,72427.9297775925,81434.3695327153,95644.2767226064,99809.1277112189,97770.7203165917,97276.8849308773,94526.2167906054,88347.4495132803,93919.1780792595,94307.9970347473,98019.1445887244,109737.699284599,95178.1738997553,96913.4478380047,108543.372488782,107286.459523128,105497.303441089,96136.0772174217,101854.27741732,104330.304139278,109095.613554002,104494.78084606,111043.150188614,118335.310865088,112386.783646896,108196.404578614,112466.516125463,123705.231962716,90938.4685591053,90981.2882510008,96417.7955409993,94467.130315805,94160.0555109983,94422.3449490006,91654.5277307769,92192.282904536,91300.443115796
686,"SEN","Senegal",102828.13511333,104281.294345075,106561.425536999,109689.982782882,110919.514811046,154730.43420438,156130.981520381,173855.162961962,201403.187574722,311707.715643109,363584.286884796,345990.760031009,389641.660930424,415544.96772085,459867.942924161,465938.78710151,488887.308684563,549556.778211735,637546.885005874,742375.001109513,913150.503247953,1010101.52055046,1070036.33790847,1054777.4793954,1056005.67879867,1129626.50904156,1064212.31642298,1101366.44750385,1044255.11192889,1023574.57861925,1192688.21205246,1041037.02270863,1006693.67364294,889149.743491834,856727.170186654,845784.352071827,876663.923664785,1030345.76659866,953450.870093249,954605.622878061,1128021.31174607,1074051.14603087,1278575.48646487,1289844.20391883,1237091.14492544,1198057.8968249,1327301.52663416,1320210.54768402,1260613.88549599,1287419.08651866,963813.771725143,1088454.2280901,1103203.9162714,983973.317911885,905901.973502391,1088311.36568211,916431.992093815,849792.332920745,730883.203332284,800903.750091849,742318.639341067,730122.290888283,670448.231173318,524594.630115135,473393.360118505,542462.378452396,595633.329385829,615748.040972328,552510.503842845,542145.3642564
688,"SRB","Serbia",NA,NA,NA,NA,NA,NA,NA,NA,NA,NA,NA,NA,NA,NA,NA,NA,NA,NA,NA,NA,NA,NA,NA,NA,NA,NA,NA,NA,NA,NA,NA,NA,NA,NA,NA,NA,NA,NA,NA,NA,NA,NA,NA,NA,NA,NA,NA,NA,NA,NA,NA,NA,NA,NA,NA,NA,NA,NA,NA,NA,NA,NA,NA,NA,NA,NA,NA,NA,NA,NA
690,"SYC","Seychelles",2570.7552184935,2673.7026831279,4461.4921893437,6868.6030979642,11979.5861039754,10045.6089980288,14572.5947632879,4266.4654799922,14810.8571940657,17262.3593552913,22472.3561342214,20154.3434069995,5262.5021322849,24663.617419618,15744.1821150293,5325.3151055741,22277.3669707738,7288.9892494968,29267.8669484608,11698.2395583475,13710.3160931198,16027.0940009814,12223.4078211217,7778.2509933249,11046.4541593614,15500.666901606,11043.5976163607,12773.075375667,8686.9777720633,11863.8457075498,10724.1963968131,10188.9276177042,8923.856321288,9581.2033047426,19939.4730179597,20180.323332786,24867.390250477,31681.6950158464,41498.2917131557,49727.382403456,49749.2722163098,14434.8807193182,17291.1082907664,16504.2726718674,13970.5348315746,17764.189972425,13347.7263126883,16535.6401992712,20174.2069231757,14386.4019846145,11868.4456180514,16993.0237410723,14495.6925125412,17928.9016923081,16486.0732984453,16508.4874013837,17637.9367934302,15191.2390376797,16425.9506348831,18452.5447484593,14348.0443078687,14201.8602533692,14538.5749531972,12950.3891067005,14933.100233781,14921.9552504944,17099.4991462772,17531.5399347414,23416.999799044,18710.2372074836
694,"SLE","Sierra Leone",101419.135677945,103590.593600531,105751.600864868,107959.782946759,110197.67437671,112436.093443237,115153.457091452,117553.348640027,127509.613717548,140819.636453416,139121.494670711,151721.49507428,158839.371590341,164412.642604692,164750.298465039,163100.547468533,174650.290501051,163981.600202541,177535.063886645,170566.572014915,178992.306871287,192507.175890636,203981.980760628,223370.723713843,228147.542406459,231622.299709984,238109.539124753,248544.284835457,263055.537533232,222369.991074386,237687.7440605,268706.979442946,244339.758172483,229502.816066916,243777.120664128,239248.87986507,264950.682522793,347958.944705782,282346.224987583,317192.500478561,286504.269408608,203679.092776607,215024.830272051,189224.273593048,179116.676688084,173804.691636614,163797.756428369,135146.80574495,138356.664499153,146981.87885217,175294.73780671,233105.351087783,236000.115576901,280180.901528447,283341.53191844,283736.11292545,284578.690580473,294101.071115607,294051.53376739,289484.577121403,286396.464826462,323459.853371296,324235.428430209,326296.852866046,380116.772734701,403076.456332356,405678.545429986,424267.369134961,444767.17957544,442517.006767332
702,"SGP","Singapore",7075.8361212318,6147.1251101845,5679.3401662463,5989.2706482082,7219.3533190691,7190.7486481875,8186.2995033836,10555.9805373536,8749.3115808472,8625.5397587194,6431.8990219554,5335.2557185763,6388.0001918634,5808.2725846944,5223.5021948457,5347.5101407009,5610.6797086952,5708.5313689321,5902.8110964312,4450.5883093118,3858.2847525953,3634.667676471,4385.819290978,6742.2908636697,6846.9052078332,7230.8023085498,8592.0868689149,7230.6780411226,7622.4109633537,8103.5531585434,6984.0257521273,8243.4702185538,12047.4378188232,10463.0591442064,18447.139695117,14366.5141612296,13553.5282971473,9143.5319795611,4708.384581581,6349.6043213202,5299.9249642307,12863.5872856531,11045.8171499877,11097.0727014524,13111.9693608091,11832.4303143199,11542.8392395663,11128.2739091038,9794.8212959535,8473.2097846495,7346.5927248211,5433.7629040634,5420.2507897146,4011.4288055093,4178.7409295349,3901.6508342458,5240.1062648786,5751.0202791103,3644.7283108521,4333.1003481135,3593.4311043988,3376.0564842956,3687.0648180997,3482.8444223319,3352.4709499297,3304.9745794718,3311.0045587233,3215.5334104184,3427.4484134719,3539.5904974153
534,"SXM","Sint Maarten",53.3394463246,53.0836396989,52.8272158481,52.5236157206,52.2763148101,52.0301475524,51.7854559055,51.5461992094,51.3055755559,52.1740896962,52.8590865431,53.5404904084,55.0124738497,54.9763365476,55.5909108331,56.3504153054,56.9904053627,59.7966645852,58.6159968096,59.0715572683,60.2900224451,60.9848828491,61.8623838222,62.0772014362,62.4908382103,63.1889567364,63.7484420928,70.2230675015,68.5895500088,67.8932603617,76.0232836169,70.8991405271,88.5027389188,69.529324378,71.6305596359,77.9808588888,77.641457403,92.2323114951,73.551369958,89.489303352,76.5216816121,76.6866933379,64.3771545052,63.7679965304,64.7731982802,68.7386134605,91.7656025873,113.0212078373,87.1181126846,91.5393400855,99.5782276613,743.1842178866,210.2744294795,285.7355600043,216.8718266487,169.9310049431,149.8994043468,285.5965567005,211.8083821719,229.1375236532,170.1424965776,216.801990029,174.3834184005,176.7442574453,201.7881514113,180.5929630896,295.8020040186,96.2614378442,85.6058191736,83.0733507754
703,"SVK","Slovakia",NA,NA,NA,NA,NA,NA,NA,NA,NA,NA,NA,NA,NA,NA,NA,NA,NA,NA,NA,NA,NA,NA,NA,NA,NA,NA,NA,NA,NA,NA,NA,NA,NA,NA,NA,NA,NA,NA,NA,NA,NA,NA,NA,NA,NA,NA,NA,NA,NA,NA,NA,NA,NA,NA,NA,NA,NA,NA,NA,NA,NA,NA,NA,NA,NA,NA,NA,NA,NA,NA
705,"SVN","Slovenia",NA,NA,NA,NA,NA,NA,NA,NA,NA,NA,NA,NA,NA,NA,NA,NA,NA,NA,NA,NA,NA,NA,NA,NA,NA,NA,NA,NA,NA,NA,NA,NA,NA,NA,NA,NA,NA,NA,NA,NA,NA,NA,NA,NA,NA,NA,NA,NA,NA,NA,NA,NA,NA,NA,NA,NA,NA,NA,NA,NA,NA,NA,NA,NA,NA,NA,NA,NA,NA,NA
90,"SLB","Solomon Islands",6296.9753496756,6900.3824955254,12331.6136812068,13442.5754498224,17621.9454944626,10149.6658332621,10249.4942896417,11937.6689165865,10144.5744809653,8395.0354361587,13097.9061438367,20802.7565130564,27635.8110794254,18326.3942788817,20272.3669312131,18054.9790106989,25399.903003436,23376.6555541501,21487.6495606739,24381.9158023993,28068.9401335137,40336.9803046915,42654.9773464467,45793.3081339907,52865.7315440022,34626.2965544012,50461.9188439166,51069.8344877023,52557.4268201782,51004.7947302716,53611.0245630766,52646.3292716667,65645.9237777489,81897.7135634375,86085.3223666984,74753.0527799606,64058.3253221283,53611.6785713338,101464.302091877,101650.043175076,86523.3677340247,154621.322876971,117158.869333902,118489.862043266,142694.992576221,179886.740983728,175847.749864397,150202.662278996,255990.50856308,118780.97314301,44903.8410168936,76587.100722317,89528.8663176035,133627.890385965,184516.406725045,186566.317498652,196919.662397608,188232.737039732,238537.312568966,219929.929602954,270298.821769688,263453.418210957,145076.654800346,182191.524702199,144942.367296038,183719.851310482,201075.518272115,244382.522600192,165620.098684676,142760.981503889
706,"SOM","Somalia",20730.5989319847,20806.7310213975,21503.2321368175,22155.5486168577,22843.795901389,23539.4091296241,23472.9966897431,20894.4082706246,23417.8116972186,26944.4398116701,29345.6307863846,27660.0426326657,21112.0469584829,33077.1784083033,26341.4725513795,23323.2882376347,33909.4944588213,26417.510723297,40263.7207075254,31157.1894435157,32543.3800229138,32891.6139952692,33728.6044923909,37838.4551490827,44269.8747494936,42359.3852949433,49691.6974350641,59925.0875341452,53725.5641965006,43627.003295344,49457.358176801,50488.2942277162,65702.6061332044,74127.2856359101,89868.125239776,98210.8550848225,99199.9760859171,117534.44606408,116970.448906864,115603.169706854,116802.084399996,117440.151216916,123153.408198398,128293.362432416,146876.078424832,151165.248646194,162825.508515784,169029.697625755,181753.31864755,193128.788733176,193433.280381633,198532.494243783,206261.508887842,222779.503706965,226910.456387007,222304.223335529,227385.816948795,205195.352881105,180313.489439732,194608.01753203,209824.909310006,148608.825751843,148448.562758919,150638.064862231,146885.902161733,135447.033570241,137299.095927101,136893.116914523,139963.600267131,139703.809183283
710,"ZAF","South Africa",355108.373777092,504794.518108625,693743.947366181,692664.423582031,676203.808758894,653847.023095254,574323.315166165,627656.429261255,709115.862620189,795402.727644569,923763.579289587,1093218.25873155,1149056.96426772,1264536.85250151,1330338.43379285,1431470.85201177,1441007.57723826,1784981.64470766,2271611.56570638,2007981.23017956,1324726.64286654,1268035.85939501,1233336.69484092,1482335.0125611,1539860.98693558,1501992.47085067,1279179.33449409,1061080.10548364,1109523.79372147,1078628.38080527,929483.7671712,960321.849741729,892704.516908673,1013575.2755411,797829.017685519,855878.707126808,897835.198930711,1549650.07082534,1532886.88673665,1066538.65632797,636957.148770689,571344.866825706,801220.70908171,657797.905375165,620896.171476837,677143.520479185,531223.081097881,615713.582932465,660670.113342809,658799.902836936,725998.609977536,854765.037462187,846739.563808841,902520.753138721,971817.22283615,901053.789325997,681290.479994014,746678.53144121,709370.49211611,570207.484054284,693521.7735689,591771.85835304,771168.521700443,467680.841542289,659678.022244229,627284.344015181,672234.442053446,580005.77401514,617949.069695245,661887.903434499
410,"KOR","South Korea",732171.979773878,790593.892082863,793673.497738188,754213.746292185,733943.812966183,747575.986045297,856808.129452447,917371.066652542,912798.531746683,896538.329147683,847566.114618942,936924.80860115,963950.850399297,964822.572570314,1072179.20579522,1104339.47589664,1108170.39875772,1158791.5972313,1255071.62673766,1295401.89801953,1342034.69032739,1455483.72696974,1702679.18974554,1819842.07200923,2079134.19475118,1993661.15268811,2048565.82790936,2197165.64478705,2264819.18952897,2350369.08955199,2302663.76543022,2380369.55942111,2235652.69792443,2334819.19257074,2380492.86726796,2267223.77959704,2629144.76536821,2387422.99943846,2375516.8129289,2483708.47966118,2482864.60220165,2265617.8335603,2243627.91274631,2677169.86385048,2653497.96109718,2742559.24422694,2138910.35640049,1837289.03500838,2220167.00608775,2416093.1006528,2257962.67789652,2175103.85481642,2023380.30471666,2066708.57821396,2159069.90629824,2102569.11104821,2128352.43855165,2159567.01134403,2315348.31434952,2214472.39264133,2084792.36507867,2351571.50085256,2049719.36185565,1915201.50611159,2128292.77160843,1938214.2547316,1773343.84380683,1742010.57232631,1815422.28888044,1692138.9147849
728,"SSD","South Sudan",NA,NA,NA,NA,NA,NA,NA,NA,NA,NA,NA,NA,NA,NA,NA,NA,NA,NA,NA,NA,NA,NA,NA,NA,NA,NA,NA,NA,NA,NA,NA,NA,NA,NA,NA,NA,NA,NA,NA,NA,NA,NA,NA,NA,NA,NA,NA,NA,NA,NA,NA,NA,NA,NA,NA,NA,NA,NA,NA,NA,NA,NA,NA,NA,NA,NA,NA,NA,NA,NA
724,"ESP","Spain",874238.429539454,998655.41509506,847716.609088119,851563.472886524,901463.057124177,1070789.12640752,985062.841273839,1054359.1461584,1104758.74255917,1112499.65246631,1096503.15899851,1233368.03079952,1069202.4800937,1181374.54457809,1097466.58316948,1123974.92088685,1120727.44790372,1112935.66351589,1108006.45817912,1048139.39231926,1150552.40418456,1125019.10395195,972179.233272328,1023866.83323208,960219.199348941,1094486.16663701,1094618.19335044,1107391.92132771,1012303.89229697,986748.905033657,902175.92143223,862416.31784936,911682.150148135,785627.268707676,856235.205473639,763793.273537301,688654.409155048,714500.022470339,689204.05500918,660869.875541629,635410.618334159,671839.626001116,690537.053125249,705679.889068598,752663.96878489,756678.939822001,731874.227307948,678270.855116713,638565.80615836,626014.462634604,596195.646992701,638934.418462424,525184.390992973,509257.30414349,514966.771896676,524142.224967876,571525.83448074,519754.190810182,495297.008593746,512957.946736496,577804.037522281,553440.220910514,479901.852409237,491276.800165367,539347.005227719,535360.936090689,529592.107170843,524562.47380202,508665.072807247,503322.266587992
144,"LKA","Sri Lanka",149418.105062252,152625.159150871,155694.8493565,158505.521511335,165372.345667283,166738.536492782,176595.943405832,170495.019337082,183631.448858186,187155.389764325,192286.668256818,198824.178060485,218425.220714562,209272.603789193,248477.573642731,211945.806403234,221478.732950393,224639.720031179,236134.277305366,240491.344235559,228965.975652988,216976.509863577,228867.667509019,227628.818823297,247909.046697978,260982.581540105,279617.672205416,273824.620100259,296034.032974827,290434.803568815,296312.787696747,315718.494993277,328978.410159615,312464.558751965,274261.167336922,263348.589151266,258786.713926226,261462.158477296,277614.57719035,285829.738290023,252106.506245194,284851.825078313,283482.132137107,295856.46930738,281438.585398745,291128.93849966,293365.407447652,283500.278322617,303356.287843498,294150.441144296,300839.429482404,275161.975499306,278410.49623935,312562.239256912,317032.794930023,158496.704788384,280784.387045164,299327.017892876,313157.092431899,321511.460872972,335231.627488746,364819.171382584,370956.441602065,366700.42114193,358709.007417572,378610.524794561,384070.764873481,346039.488826767,340889.749920922,312721.78206486
670,"VCT","St. Vincent and the Grenadines",1201.3119119899,1147.1775599052,1127.1791792753,1101.1359046107,1101.9582733542,1096.7258865083,1076.4439030844,1060.0951762972,1046.8949128155,1133.0620160256,1124.668959882,1014.7531741808,1114.5371219113,1310.4266777017,1251.2397101281,1431.2037724379,1475.0676261885,1519.2573811877,1674.7538987374,1766.4055001446,1823.4931884909,1889.3506422303,2414.8844266881,1951.3356596608,2057.676775212,2530.8717422275,2131.6279758679,2404.6735123384,3236.7440974429,2501.367811275,2580.1683288887,3186.3683907362,3775.1240043541,2321.9879761736,1731.1459624504,2201.2801282254,2811.3704891746,2253.4735016445,2041.567421219,2422.2322908722,2556.4162120817,2343.7865260412,3133.8077042906,3160.5865025902,3591.582562887,2105.6856969583,2465.8916805196,2142.8445624672,3482.9343761079,2643.0022268797,3160.6589501895,4381.6685321629,3305.3012839822,3816.7847522271,3475.3697613071,3319.2569254574,3449.8290318167,3866.199444233,3409.9058451606,3714.7864758079,3607.0096810633,2541.254348017,2048.2279028507,1879.767469104,1959.8012590347,1928.5204355207,1940.4965514944,1793.3710398915,2033.4165836509,1694.7906050879
275,"PSE","State of Palestine",1036.0332672971,1246,1458.2008946841,1668.4804553082,1886.8270960961,2127.6978208099,2414.6238306176,2737.316176628,2555.5127479801,2862.664190545,3178.2751357582,3303.9091128156,3628.33577078,4624.5407674056,4934.0026295494,5104.7545669633,5137.1000000005,3633.2211264694,3372.113548052,3468.1000000001,4484.9500000003,3957.7000000003,4313.2457478276,4841.5044364577,4584.2870303813,5513.5330278135,5223.5447347121,5358.0989913925,5171.5394399058,3946.791305938,2769.2567356508,2265.4703764001,1862.700439106,3481.5545856998,1802.5980254786,760.8948883824,767.2332684874,909.4112921472,733.333943796,1044.9730701574,3915.4929812255,2497.0846444534,4367.6219737956,3648.9690574765,3251.9337453492,4422.6228119764,6177.4124703803,7832.0242283976,7487.1951394848,7520.3781796316,5735.9581226301,4687.5442205385,4761.9007744879,3109.8148833378,6162.5915242398,3854.844289102,4823.6111270328,5614.9644408166,6534.5330139899,3698.4223901343,3361,3705.4116849828,4722.9100746128,5289.6462201158,5873.5693605207,6140.1313185359,5908.774318737,4781.487432765,4908.830353697,6410.774318524
729,"SDN","Sudan",2695.0953192644,2483.2493540626,2972.4235949236,2819.9607618424,2595.7151463651,2682.1409454572,2504.4998606174,2079.4589110571,2006.4741948438,2433.221339713,2176.9088577037,2010.1593976246,2216.588321198,2329.0290890392,2516.2155587792,2672.4119373219,3120.6467814925,2840.9515019509,2245.6473501616,2611.3888023718,2085.324834223,1318.670991462,1671.546765481,1579.670612307,1366.794199154,955.341774953,1562.009532594,1040.523290447,1354.961270217,2576.414018343,1780.830277666,2578.719398129,2328.173327753,2106.218956775,2262.100325686,2364.114238979,2420.006362563,2892.399997652,3033.3544195657,4329.9287606523,2816.2942128008,3248.4757958925,3205.3004437297,3205.8720099174,3482.0389893592,3487.6092024285,3860.269780335,4263.7805748788,5134.7028140877,6885.7004973708,5142.8346249719,5526.9613839804,5597.9740177779,6199.6848564504,7413.1353955191,7297.6921493121,2485.511694994,4774.8246284954,5885.9061894068,5047.3005208017,1872.913422443,1679.981957015,925.957978568,1996.3110898309,1661.334000005,1821.934000005,1691.034000095,1691.034000095,2058.203586097,1903.800910461
740,"SUR","Suriname",7020.7077720097,8499.8265826008,9095.4580595026,18528.6771781461,19535.3418923712,21818.2194494796,22841.9343030345,18799.0305737815,22460.4458616502,24146.1328803166,28632.7871921834,48573.1890207146,42275.0092162911,44420.7423848438,48836.1856377199,51715.4252711994,52992.5486509531,55283.7412270315,63897.1636095216,82905.1386038865,94094.4567858271,89068.3403147909,103918.829989679,105112.744898499,97982.1209242231,111727.521662512,71823.6670976808,81819.2441826226,60753.299055875,65355.3521865064,54086.3173143872,65885.9968344209,56870.6181252082,60439.5895971835,59923.5732635924,53746.8004859038,59795.1894186884,71084.0793599083,57125.0006894608,48446.5528961653,51602.2247109022,52742.3057830519,55990.3807998868,48491.5788389078,57651.2570263333,71221.0108373043,90519.1839640588,90064.6096554282,84768.037856786,81109.5142836612,87652.0602867582,96195.3450259823,95664.7435730284,101504.459997319,88691.855114379,85089.9403358868,74691.5165103382,83249.3539814934,62724.4207349469,60577.514247209,75631.3689477828,66860.8119138823,68246.5465130666,68401.8658680131,64277.6453629884,72248.906334545,76244.8292652362,82448.3216118954,71326.4098933019,58397.2558737715
752,"SWE","Sweden",145442.077992722,146627.906879633,162906.95825165,163312.640076501,176148.060659188,182600.444308354,185877.327126398,198942.75434534,199353.065286112,209406.969597794,195698.471570439,199492.558875396,215608.216338456,238892.959231782,246123.658987141,251693.689299706,259930.301889829,285716.959034043,310359.594648057,273684.577039939,283005.641073971,287286.635108496,296185.875016675,348194.417003856,356359.244206652,364876.69839717,353333.939253864,353050.84629103,351094.600123779,367410.29938094,402796.226905531,411406.506693205,407090.612647229,407218.200829514,422752.993627663,391187.659204899,365218.881428676,338680.007385357,363010.316230909,344024.646886514,327057.143351989,321550.194818199,366367.961037812,390355.908952703,479391.255751635,502202.709017155,487919.304974553,508606.921609952,513087.298373777,450026.758016689,412185.951519783,383814.447101825,364716.339998813,312863.926062919,331719.799741631,339163.979940449,314441.1800305,309950.754546536,291619.847764465,315122.977073096,312378.299049225,258730.820908562,259510.423338707,271647.169543506,271027.648922104,310190.122238942,318617.814730529,339513.216164307,281536.478089631,272491.464432562
756,"CHE","Switzerland",NA,NA,NA,NA,NA,NA,NA,NA,NA,NA,NA,NA,NA,NA,NA,NA,NA,NA,NA,NA,NA,NA,NA,NA,NA,NA,NA,NA,NA,NA,NA,NA,NA,NA,NA,NA,NA,NA,NA,NA,NA,NA,NA,NA,NA,NA,NA,NA,NA,NA,NA,NA,NA,NA,NA,NA,NA,NA,NA,NA,NA,NA,NA,NA,NA,NA,NA,NA,NA,NA
760,"SYR","Syria",1145.4047327504,1143.7890909097,1463.1941134886,1301.1780353211,1620.4065492745,1619.4566352803,1617.4319905433,1776.9451029913,1774.8303362072,1753.6090775667,1752.2538832576,1910.8163740259,1909.4004176351,1729.1568061831,1727.6737334327,1886.6685106577,1884.9013636352,1737.363385018,1737.3525928192,1773.2195454506,1672.9013636317,2304.5672727268,1607.3500000034,1248.9185360351,1338.8406865965,1485.114194208,2192.1900917583,2358.5069557934,2490.4447461912,1938.1090067141,1941.7603778602,1952.7554054549,2189.1584672935,1996.3519743513,2312.7418326119,2316.7172064143,1802.0027267588,2715.6763417667,2497.9579048478,2998.5029429032,3364.3693262191,3107.3073109769,3531.9022244284,3874.1643231972,4119.370202197,3970.7713879981,4928.8999895153,4892.8185333787,5368.5210494988,5416.120799181,5165.2883336144,4760.0455131169,5002.2187392142,5232.7984432051,5364.9286135846,5761.2107061948,5123.1177706509,5663.5468518754,7218.9369383686,7292.5039714797,6566.4299999996,5581.9328969758,5019.2153926711,4458.8066295691,3824.3071879332,4797.3143164128,3984.1788548342,5124.8144400021,3961.2078815287,4003.3374784953
158,"TWN","Taiwan",81179.0925971476,94252.8166011719,105098.503049589,111074.148705877,122846.392585206,142852.490546553,156647.987116716,167684.914522999,185675.993780966,202366.842825713,205447.016254973,236552.135045958,256725.338201109,283205.042739594,299046.205119058,305533.321541918,315231.312576723,337536.682178969,367266.446171251,390511.020776598,434241.399264448,444277.309567089,446880.648690919,471344.638179202,462053.341301429,537260.673678695,564937.430320176,668532.617284024,681010.908455753,615733.462262262,622781.089341362,583791.656234617,584099.510997453,562024.943194452,569993.756231482,560438.030813406,564752.317646859,529993.80577957,561234.582091328,564278.566099931,508544.99594174,474513.321076626,464341.472903132,433267.137133115,429070.830935685,467746.458791973,449185.588854329,420273.407581635,394366.710253999,369229.707268354,330915.912660555,342986.506943177,392572.71028726,406147.825567539,439435.986314006,457714.268563323,387551.335822395,320076.757039008,305110.017293056,316031.198693307,277210.218902296,320922.842185061,1114271.73386897,932009.970650398,1229005.54680927,962777.819046318,952750.108665979,945894.25915317,927275.039876986,974842.583737397
762,"TJK","Tajikistan",NA,NA,NA,NA,NA,NA,NA,NA,NA,NA,NA,NA,NA,NA,NA,NA,NA,NA,NA,NA,NA,NA,NA,NA,NA,NA,NA,NA,NA,NA,NA,NA,NA,NA,NA,NA,NA,NA,NA,NA,NA,NA,NA,NA,NA,NA,NA,NA,NA,NA,NA,NA,NA,NA,NA,NA,NA,NA,NA,NA,NA,NA,NA,NA,NA,NA,NA,NA,NA,NA
834,"TZA","Tanzania",18120.1401751613,18460.1802428191,19995.9726813247,26412.599145556,27080.0993572786,28148.419936456,28718.6312227845,28432.097932534,28988.9331012499,29478.6198650243,30437.8008438524,33295.1126764525,34545.7436595644,29570.0200415979,41920.8853295058,41625.9757274174,51498.1849807564,51736.6988786418,54520.0891039105,50512.8634565601,52675.7495441986,55984.6652347605,65361.5310952842,58209.3279481445,62180.1275979705,95522.3938888402,86524.8195159207,95702.7947132214,95975.9536553795,76697.5247102581,84757.0606444051,86966.2335133128,69181.5991236477,73663.891535798,86989.731845321,86803.7724609502,86287.9953637326,88359.0120867601,96151.0954953663,87164.7657933665,97402.9666415076,93687.1632489783,99599.5594767267,70306.2839641737,77186.0226621782,79113.5344609242,106625.472049045,89754.207278016,94629.1783399527,96609.8264096403,102626.212189687,108579.979502657,104343.023008615,104114.599414579,108243.6775171,114984.760537973,101043.004772814,101606.445022893,101060.441085722,104259.86366393,114934.518951674,122682.646740999,132965.473170163,134755.204010426,134629.601634867,140690.661550842,132234.413134942,130680.655321738,141369.779662478,129515.231211314
764,"THA","Thailand",401845.899684657,412859.967027982,423895.874758301,434919.941660609,446005.806544668,457297.958611205,468419.960590093,479010.574855407,490075.728574736,501182.037374933,512283.681960569,530970.340475367,574580.201449692,631810.151202514,741374.538770673,1002980.95122988,1147008.71634001,1264622.88199931,1451254.49852622,1585993.86355827,1755826.02365338,1923526.86459006,2036864.92037157,2015507.0292894,1744894.35901843,1715212.60631204,1800041.36826134,2427725.45726482,2296755.53471301,2088080.8445824,1906231.03590522,2036207.98520916,2216069.1496025,2273693.63338727,2081826.30605317,2134665.82000278,2411055.64368436,2630401.92613276,2348826.2952612,2281465.48580942,2255743.05170566,2295754.99762147,2496619.33725731,2442979.01696365,2461431.12235611,2419317.00409288,2320131.27942436,2170297.35264861,2303932.42391289,2320503.93297504,2511501.72882136,2201358.01172556,2075266.8535822,2179408.82181124,2010999.68467846,2099207.2802585,2241781.68866367,1705253.99731985,2043424.45432678,1877911.60242275,1833498.46161622,1874172.18836199,1847025.28427939,1936651.45843341,1872158.68580365,1677085.49813262,1709693.35761426,1563212.75504685,1662205.65158482,1748420.42698215
626,"TLS","Timor-Leste",1647.8962364751,1681.6397173613,1715.2014720107,1748.9180367882,1782.5258292442,1816.5288349201,1850.0947983803,1881.8552387528,1914.6447624091,1952.3868733848,1979.9219404738,2031.7960348355,2042.8062074168,2079.8045866251,2119.7282106359,2140.073325116,2171.836592251,2202.2500605926,2312.2110286158,2292.1557735173,2273.5467557736,2341.7851653526,2324.6853736043,2420.3345780692,2507.3253669771,2412.8069253967,2380.5677788998,2387.8865283545,2387.2589962144,2638.5439727512,2655.3531863106,2710.2595016936,2769.5318024873,2930.3450614172,3221.0194765549,3605.5320947181,3578.3039681764,3671.5360724367,3890.3204790399,5883.7563428293,5375.3260046907,5149.0919844411,5235.7274939004,11737.7309150156,6885.8991633763,6896.4521689727,7109.5376746484,8307.6896187131,8074.3586756279,17728.9764923017,21363.9286241775,9029.8372678899,4478.0199916781,5205.9999999997,5367.1829563631,6151.6520390711,5618.6913748823,5582.611624688,5543.0148741928,5500.1341468353,5578.3864736911,5776.1317357891,5974.6661952311,6176.6805153367,6342.4545443855,6192.559514359,6391.8422178997,5955.8485534196,5418.9856830939,6740.4405352821
768,"TGO","Togo",33228.0760619221,33945.0257476923,34602.8086005161,35254.2166536403,35929.4154417624,36667.2922443953,37455.0193860831,38339.9383874993,39191.7588442783,39937.4595796316,40648.9306128447,42469.7703121804,43574.6383988271,43867.1369481352,44571.698162602,43583.2671862396,41293.8402095703,45800.600846492,45805.3710552171,47611.2252653431,41384.448339823,51504.6706160074,51238.1293495093,50713.4832627899,50563.4187277696,52854.2726635551,43059.2096247591,48693.7519318942,49714.725597681,57500.0291918491,53844.5190466318,55164.9204143256,56115.369103343,53156.7049588318,52600.7983116027,51423.9865925689,52367.1591854726,53269.8967430841,55390.1655200141,59868.8489417409,64659.1258962987,59327.7834344539,59755.964365929,58019.0884651022,55948.2244437684,54706.3275316846,56392.3343159671,57805.2552706373,59171.9496449972,62462.7203457212,61528.6579151832,65934.1640434605,64520.5491874067,66133.5052812221,71335.6736600124,69833.7481911349,66872.1005817301,65703.0195648831,66143.0812002224,67400.3653850782,69065.3089909391,64668.2671580445,54626.3180007619,54100.6401146635,51894.1757677378,52780.9181581609,64033.0544096772,56920.7497473666,54086.7796025749,51334.5117778079
776,"TON","Tonga",3833.8823801935,3946.223339414,4064.5687696037,4178.0333594763,4289.3906076472,4907.113677864,6318.499253486,5484.2655238065,5219.5719038577,6566.4591830123,6444.6909462054,7699.2219568277,6681.6554908772,7162.7985117,6868.2033952876,7748.9224015412,7836.4066751048,8519.7070187097,9912.9429696718,9797.8833677542,9486.8174539502,9080.2773274852,9551.760616628,15966.9225135251,10587.2957610174,9491.5461633256,10285.6087686206,7184.3757023106,9652.3325088478,6104.688571875,6449.6822512402,7540.6424752744,6906.8151680231,6849.9837222951,6518.9591762387,6372.4011099332,6399.2014219848,6665.9424458149,10087.3069919406,6852.0362639092,6949.011793112,6642.9576162319,7373.5144890551,5130.7692123597,5752.1230591501,6046.6240889327,5757.2238336446,5045.6426590936,6046.5087223052,5404.6030384288,5254.362156594,5884.9172659753,9112.1596865501,9782.471694522,9350.3238800981,7792.8676745613,8589.4542057887,9871.601126433,11483.0736721535,11678.6804579147,13232.6558156536,16540.8248781949,18894.2327170523,18537.382861764,11299.0560026263,13281.6895550024,10381.7507012949,10984.7567672802,12381.4943499198,14542.4122007334
780,"TTO","Trinidad and Tobago",9584.2826389696,9714.216724633,9876.1241802467,9991.3986423763,11699.991254195,11440.3398606268,12418.907918246,13763.609879844,12077.7927756949,13012.6034328651,13170.3964497474,13154.0318699607,13518.6030221898,11439.3697144061,14713.5377505184,13905.4716240259,14678.0379599829,14579.9163888158,21431.9779968201,25226.1926557211,24373.8212101425,23624.6771953533,24017.3320520255,45788.1952086048,30026.0313602413,38595.5139073331,37889.7613324108,44963.7953533896,30048.1119866865,31214.4202614078,31784.164368801,30535.5272235482,33675.378363183,31090.3563590792,29036.3882037359,26586.4295573596,22383.6281886593,41327.5633493328,37948.0280992589,42654.4707167108,53910.3610703796,48148.0633067835,37866.4200320382,37807.1946145436,30545.8980744078,26065.4006946581,22636.0143229132,24785.4266705727,22677.6129545461,20653.517878571,20613.2691145433,25199.7741085002,26240.1365740271,24872.9311636285,24370.5441083736,28524.1660400821,20744.4956234479,26657.2370446804,26348.9610739172,24674.9702447401,21026.885385244,20526.675763536,18815.584392497,20726.8114135369,20361.6579465512,16280.2617975316,18938.1818708712,19030.1373919964,19910.2896054276,19523.2185592658
788,"TUN","Tunisia",57669.6184301224,63202.8706667207,78977.8965935239,62733.3728530724,61214.5337650184,56916.2444600736,63186.2445868478,50308.3470497599,51287.0708601481,51214.4199021953,51983.1827189614,57328.2403453777,48381.2399671015,61688.7817095405,58421.971877086,63763.4828186946,71075.7451242794,75814.5320311164,69437.5132577038,70533.5874852761,67419.354609747,68474.0888076619,78984.327082078,82816.3625687709,98152.594319299,108442.215994208,111906.426727942,114664.417220955,114659.59019867,111905.672036033,110045.729244803,114945.954589407,119117.417897432,123944.516240217,147797.925379895,163835.829177747,155752.859363274,161539.788643324,158269.82046784,145731.414578905,139172.763211796,142937.732745739,141888.614255407,138422.04514254,141373.402674494,140197.813911841,139021.556775659,143888.34175496,151212.442306604,146002.753475263,153261.739029157,150587.557142895,147033.96175627,141425.072037639,160664.50565298,156520.046384242,158475.98135933,144058.672215931,131589.860031028,131539.821152455,138793.265935372,151034.658978763,156908.421570608,154392.530184951,153976.523412272,159829.452046016,154400.695212344,135757.150878033,126979.280198738,133288.566271151
792,"TUR","Turkiye",157528.114405341,172433.932712694,173516.0855523,143486.174360616,201862.7558813,185280.085090232,229963.434879893,194816.309798414,174654.474616337,182344.855621322,179073.400014327,173705.698139086,121483.787309169,246705.551515588,228907.27466859,285422.100285279,252878.230050836,413741.854492893,300316.560036759,353171.450092496,351922.386357883,330519.688109751,336496.835890447,279975.289796675,260156.903317017,242919.734216618,293767.928598125,320834.059341151,454347.492870894,641327.877118879,702531.944079026,783789.702888059,831595.174022075,931745.916128025,907971.352102455,937755.787697936,941019.017308194,1017800.99624325,1085406.30991574,767332.875200047,660013.338062487,621585.833496702,741081.926073625,887826.119429566,949289.495455475,999139.431854299,824842.944482555,713087.716068245,771173.392400668,895845.832788451,810669.274821147,846549.373184224,891739.420351153,805721.077995558,868245.653910257,754785.675923234,867614.57713872,984659.801107324,784470.459904091,737950.640635375,776249.715177746,814492.0079127,741943.976695841,602125.507583194,484301.78772703,688219.938547033,536704.587291147,599325.44259701,558523.555216585,779545.439047596
795,"TKM","Turkmenistan",NA,NA,NA,NA,NA,NA,NA,NA,NA,NA,NA,NA,NA,NA,NA,NA,NA,NA,NA,NA,NA,NA,NA,NA,NA,NA,NA,NA,NA,NA,NA,NA,NA,NA,NA,NA,NA,NA,NA,NA,NA,NA,NA,NA,NA,NA,NA,NA,NA,NA,NA,NA,NA,NA,NA,NA,NA,NA,NA,NA,NA,NA,NA,NA,NA,NA,NA,NA,NA,NA
796,"TCA","Turks and Caicos Islands",21165.5235291956,15108.1254790785,20703.9277907066,17015.4853039157,17646.8645694844,19005.8275242899,17640.5498725437,16700.0579038554,14284.5999443429,15833.7856468891,12041.5450520727,9507.8548419314,8988.3867515614,9763.7807741262,8237.0930523088,7859.6813359875,7811.5237789158,7709.4151577741,7098.9675849633,5743.4676970755,5143.88777485,5354.3609012828,6747.3119344266,6012.6221696198,5669.5176257311,9025.9603763274,9197.4215901136,7542.4016946577,8355.3920335665,9620.4973422941,8656.0018247657,7839.130081913,8139.5166420271,9592.4166082619,9372.2084847626,10625.6865040523,10750.4650605902,7447.0325367929,7879.3413424185,7434.6303114447,5593.0277448635,6264.3581390083,6175.7148153129,7864.805523157,7738.9468195293,9083.0012231091,9147.1968991354,7926.8354587543,8082.2939551248,8577.1975659723,7847.8669880168,8638.3550884688,9359.0075712997,9014.342900749,8988.8421020874,9552.3700563914,9562.9974707252,9971.6507613401,9197.0155290442,10159.4971746587,10852.6755036542,10474.2157775413,9359.2392312242,9091.2001226606,8588.7849236332,8747.4592063505,9241.0815853577,7829.2412632258,8171.9518462372,7446.6790168085
798,"TUV","Tuvalu",820.6524002803,814.8703949126,778.4619049961,829.7442853239,829.6906450173,2890.7172345314,2578.5124972898,3733.5975957427,2473.4873122447,2084.4923697863,3200.2080977115,7323.19734791,3869.4125240693,3831.8709522032,6635.7498174614,4764.660850043,6641.0198686946,5705.6361364846,5143.9381544262,8810.8140518464,7295.8491954839,7430.59644704,7675.1122072538,6622.1349819542,6375.9589520521,5870.1874669597,16668.948996795,8282.3049513074,10716.1069019645,4444.2801703284,2947.7152326914,4998.2452277196,5391.8337071512,7025.0433014689,4863.1370966604,13087.2771730283,9197.9983997497,3489.4616277532,16198.7231606246,9165.0674236976,15568.0760767838,51197.3552233801,15626.052477795,7325.4310664503,37724.3456257629,7158.2838095378,16755.9186907315,7669.1584420648,47601.2517604403,51890.4542056685,59521.9285521748,53685.3720426513,65439.693306518,15931.6893637426,39826.1878536203,41105.1916874796,29636.2769730226,56741.6057229446,65333.8688790505,80740.4009689616,68321.9639736499,65001.440687677,96520.9633481354,69418.702598094,128863.79467516,112168.512753589,153347.446658331,94138.8786204095,90441.4406837408,145109.287279109
800,"UGA","Uganda",NA,NA,NA,NA,NA,NA,NA,NA,NA,NA,NA,NA,NA,NA,NA,NA,NA,NA,NA,NA,NA,NA,NA,NA,NA,NA,NA,NA,NA,NA,NA,NA,NA,NA,NA,NA,NA,NA,NA,NA,NA,NA,NA,NA,NA,NA,NA,NA,NA,NA,NA,NA,NA,NA,NA,NA,NA,NA,NA,NA,NA,NA,NA,NA,NA,NA,NA,NA,NA,NA
804,"UKR","Ukraine",50500.87152,59584.74774405,53845.0799408013,52884.6719840496,48187.3422201501,42185.0271800002,41540.1741600699,42846.5441899998,43252.8485899998,44949.1054499997,42278.2668881,42812.7514540501,53805.3514581004,47846.7094381,57709.27610305,55905.9923271007,64370.4030930504,62386.6687189994,60637.8651199999,39672.2758840494,66999.2891700004,53138.7065226998,51412.347230999,68406.4216390002,91135.3551899999,82557.1233589996,143987.374706999,115949.006859001,119042.891978,142169.22748549,167911.5181645,149169.3472518,152388.5534683,132100.3188968,146696.1065375,121831.7571393,123558.3104954,113937.4163847,176471.6142906,133458.1339036,79971.8277501999,56286.8709410095,63431.5317224299,62997.7348032999,71681.1415623004,80002.7673522998,64212.9614533007,70658.6123432999,78202.7373262999,87045.8461632996,102174.4590233,131010.1244433,118400.499359999,101688.339711,103685.82074,116163.8308,95086.9994699994,90642.0873699999,97415.9530889999,107589.0942533,112728.373333299,119046.822741186,106291.512442337,121707.844637949,55858.630342561,68454.2705385821,76473.74006331,78974.1406619751,63466.6790230085,65903.7240236569
784,"ARE","United Arab Emirates",8497.0412456371,8493.7205067309,8531.5526761349,8558.2250943125,10391.1332651755,10423.3905493504,10474.775994077,13456.9927350554,13462.3811065918,19517.1049379438,19555.574873555,19585.5822903386,22724.9571642058,22805.9383957622,22923.565174378,25000.370539237,25943.353332745,26763.759114953,26366.7316864631,26601.8907058686,26849.7709854364,28463.0717012844,28721.0533967667,29546.6903652414,44528.8970947127,44354.0028812349,44241.435590078,45109.7006324405,45000.0913867,45219.6411807715,44470.197875,46833.252404155,48411.1624700749,51045.7641880956,51877.0157540945,52505.8543821868,56980.5393821571,60821.3313521168,63632.6597266037,70646.578757044,73531.4667862922,71834.3621235077,74034.7858631034,77481.8347380004,84136.2585940004,83373.665508116,84203.0955460097,89252.6218679996,89653.5594859992,91243.4634176442,85549.7740083353,93167.5209555075,81847.1139901278,85453.8345534693,81520.2210609244,76745.4143575241,83172.4119501416,85754.2076118123,75926.7171787289,81045.3142413815,81035.1631690013,78410.3500999984,76272.2947293194,76472.3293303837,76729.7784944157,76782.3956610001,84278.9900578159,84468.6169787145,84577.1939110007,84741.1310258152
826,"GBR","United Kingdom",1143603.20179835,1250961.43040326,1094574.31217864,1342210.33827133,1357742.89027296,1152425.06921731,1216771.05659395,1257309.57503993,1102547.56697732,1149644.58116385,1199952.7668809,1049555.68865666,1168706.75633141,1253569.34931394,1434359.32612891,1776116.96913094,1859095.86807182,1806786.91871058,1994647.61449349,2149021.27036702,2717711.30127925,2375818.30554426,2626665.3764966,2887957.67667849,3091434.71269762,3234027.82940378,3052592.3655977,2709539.14666237,2850723.3092007,2660716.97345128,2966332.9120604,2767691.56317216,3168174.11689895,3172706.80224295,2871476.99525416,3096900.64717454,3215494.41013571,3236222.38989637,3271949.50326402,3115908.0479528,2844567.56883946,2918438.32837413,2831303.94806927,2582403.23099517,2700290.68578,2970166.15417628,2380882.86597486,2478667.39226373,2580515.78784826,2439422.24404119,2448032.43927624,2335841.36995577,2389047.55282839,2092181.76522106,2286916.43743925,2045316.40546938,1876644.52276026,1816266.41212257,1776219.05838686,1715720.00731672,1758695.45397379,1659858.95836894,1473486.90579811,1693841.65220532,2049917.70156162,1947832.6768397,1882226.51896527,1996834.74272501,2260109.5913419,2139043.63361082
840,"USA","United States of America",3746503.68199365,3664993.60124151,3750778.95941722,3869581.75711873,3998924.72405326,3963031.24205951,4103225.12028074,3835824.53872836,3769565.67498372,4276862.93157045,4785215.63740041,4984124.36653381,5396895.08846749,5391186.6602304,5646920.00448602,5789880.30916634,6054352.35046127,6352502.52875207,6424794.07880428,7085618.845708,7733474.23296629,8549646.27454598,8791149.97754785,8053323.71842629,7999799.6600622,7325852.0492556,7488680.85527892,6784277.55605896,7083295.12863789,7090782.280292,6964464.54751468,7056290.25916968,7155227.23511684,7137157.75487782,7877885.15291489,7758244.93703278,7235073.30581222,7131893.68621767,6720264.90131102,6714998.05716165,6797744.43042953,6816877.67905208,6950301.98994792,6709315.64465287,6789143.14835362,6501285.01363158,6326309.8375255,6521534.41382693,6021280.11240438,6089503.4896158,6167520.83099402,6377479.96294293,6377116.63179228,6535163.57099161,6680922.22101935,6297742.22444715,6446707.10438854,6481440.99800041,5677025.68678104,5563844.48686951,5557640.34970119,6520477.0119076,6265976.16624982,6292549.8288567,5974839.2551164,6337322.05791098,6147535.03621555,5477191.66379528,5040072.74067644,5270166.15269393
858,"URY","Uruguay",5364.5394612945,6066.8827970338,5872.6039075141,6074.4116610407,6604.5068009447,8131.7836783065,9201.5071694001,11779.3991430028,8686.1406039834,9003.7036389379,16133.1004308631,17537.4013618762,14734.8166566864,11270.0529390136,24895.4800172864,28277.8172814908,24353.2153833347,34245.6176788025,24989.8609161493,15654.5668439402,16364.4524104511,17489.0938365294,25087.1625217154,20516.3840132438,19089.2106122448,31651.0356907171,40980.5462386343,81639.4197057518,95752.2311720822,134014.768955347,144549.078095981,171612.269580148,141512.345983642,169563.683828218,158472.989873009,164640.808187163,165476.539307574,161868.400179851,127122.589301114,143708.647820527,108447.310538064,173291.257295696,154445.225612749,146191.331540492,155661.282551845,158320.829479687,155245.22827358,175701.711870041,175803.860078605,135751.44928093,139350.946480695,119806.398527324,119892.613326442,151142.080366013,153391.461167014,165160.007079866,182602.747896216,163731.933388675,135981.13395712,116230.444816522,115049.247830092,117507.090198766,116197.384413672,125199.219115868,192903.820115347,190484.761714141,86603.9677507189,117491.269161286,109167.425550887,107838.993868095
860,"UZB","Uzbekistan",NA,NA,NA,NA,NA,NA,NA,NA,NA,NA,NA,NA,NA,NA,NA,NA,NA,NA,NA,NA,NA,NA,NA,NA,NA,NA,NA,NA,NA,NA,NA,NA,NA,NA,NA,NA,NA,NA,NA,NA,NA,NA,NA,NA,NA,NA,NA,NA,NA,NA,NA,NA,NA,NA,NA,NA,NA,NA,NA,NA,NA,NA,NA,NA,NA,NA,NA,NA,NA,NA
548,"VUT","Vanuatu",1499.9007489214,1585.6495961924,1691.3676795671,1952.7019772485,7192.4673050554,5636.8217766492,2606.4769673076,2108.5932998041,2564.8099737563,3429.7303625535,3107.0692418149,7857.9218001037,7301.3334284475,6978.1119079541,7254.1876910146,6516.2667896128,7940.953273033,8264.5977128141,7957.3828938522,8293.2669405449,8533.5337248937,9586.5161290485,9901.4651293297,11263.7553258469,10204.5711959919,6576.0752295818,7347.8896080958,8571.8543963741,9616.3635550582,17368.4202781459,15116.5419057198,16930.2483223495,6988.7819017715,6603.9136054998,7565.1352498308,7252.5157700095,8183.771174222,11415.0144665194,14309.5285374661,10754.8512560615,13063.2852316121,9866.0361569056,8864.1705980704,12003.1364739426,14477.0166053467,20255.4864693381,16726.1912054096,12755.6888417111,11454.8554775873,11384.6173520029,17358.8072148472,17315.0015178545,18540.8862843753,24661.8978040454,20564.7152664208,23699.5958503634,28125.6567813833,27519.2413419476,42398.0088118534,36916.1152568448,38343.2457176145,28051.720172861,27512.3186871621,23811.1137471641,21570.8980408756,21683.112870939,16631.9998804827,35499.5195928933,20784.4684060728,19630.8612945896
862,"VEN","Venezuela",85678.8818600903,84015.6123569878,70156.9336718263,75588.5748981272,69873.8849261655,87242.5164139591,80578.0136503428,102651.390341863,103995.508858888,113863.550117918,113369.557736438,114335.37171952,123963.517319804,134173.500218469,135517.512390859,152052.238886891,147337.228722161,167257.72608192,179561.953160801,182503.284012909,201092.352798699,227003.931332269,290955.833154361,266925.476903539,247600.331057945,281459.114462139,255545.132702374,242236.32414396,262665.597266583,248010.834215372,249575.202430376,255140.287259079,281818.15904358,283920.979247926,313409.53212578,320992.04878177,337393.561987404,331594.758119949,325849.378090418,388339.793237971,404611.185235824,437603.946884215,403626.79009697,483169.09612454,533354.233342118,570334.152225034,540300.374802385,509299.044187043,560074.435731578,485961.160294515,407510.473392119,501724.520657589,509333.894503915,481459.835452537,628180.655173286,439855.907508736,347062.199178441,321997.925082125,262976.614308199,286632.682033449,186854.917510273,191464.012810785,194587.1045084,185544.354517787,181518.83616815,242929.554835338,296642.6454946,312839.49538103,306823.923102704,306380.438267835
704,"VNM","Viet Nam",96239.1557080486,96714.9373408999,96856.422144589,97405.1985592788,212621.668231112,315980.282276508,345712.857653642,374474.639996468,422967.112560981,500214.28330902,665327.225835632,677325.143956996,826273.039538637,963901.73493436,994978.675908269,978570.242689319,961097.769100643,941481.725191642,919178.996928315,899316.776093273,880935.486246829,864561.402247175,858064.080946528,840779.818157563,819463.561770611,754753.458636177,860398.78859554,777354.088450592,756958.039868558,779283.074779198,745973.886523119,778906.715999606,888036.956522263,1038287.85362818,1024711.92856,1066789.93455799,1114321.0231368,1153344.93108453,1175569.23390158,1303406.91971806,1328021.56707553,1408011.29715608,1478699.96466196,1603263.97436737,1929954.05578913,2037192.80131371,2196097.08735202,2279634.67911323,2411893.56607894,2760009.40898059,2800817.09139922,2857799.55843423,2897212.8108406,3332152.66958936,3009122.94253886,3085455.28987173,3126501.60525421,3181893.09738113,3242574.96417151,3910859.60353609,3984410.73932803,3540384.96380939,3641108.64394733,4247771.60199963,3841879.85752029,4470766.33605319,4633366.15812347,4877581.33126864,4983955.27245054,5148305.1369901
876,"WLF","Wallis and Futuna Islands",443.9745866309,438.8876888181,440.2920187167,438.1480370151,435.0038231729,442.7612985912,578.1069971892,1082.2984358024,647.3161754314,734.0237231762,860.7482081214,1906.9279378659,1278.0752328432,1608.4429534394,2133.2470775121,1732.8416084124,1878.5975838659,2223.3375318281,1838.1989807106,1884.24864691,2151.28321783,2172.7877341461,3023.2828817086,2005.2859847434,1955.857609936,1420.2931455069,1929.0798430322,1461.7955836719,918.8108756369,909.549036249,2732.7013300777,4412.2913252674,2445.3379880123,2124.9166812457,3990.2987673341,3721.8359761588,2795.4409194671,3995.5822950482,4309.0518628955,5142.1394331871,4525.8431686955,5608.6876924758,3675.4373790435,3221.0357183388,5026.3037236819,4625.7396260629,5732.2223090788,4739.7957902082,3236.419410255,3739.0658430344,1741.1192274394,1606.1484040403,1468.7440322391,1268.5933756,1307.7554765034,1401.5258324896,1342.2706757263,1537.9710115495,1507.0848488133,1651.6594818997,1727.3041728095,1702.193945545,1569.3494612453,1429.258464183,1547.3244368356,2335.5366295173,1974.4500307273,1328.2556962427,985.4593402294,971.0058082377
732,"ESH","Western Sahara",256703.845182296,230982.088092462,271079.000664098,262217.441538638,234147.476172531,237397.074017964,237493.485031758,273103.217300571,296122.73311129,292142.548043173,316636.044491635,339983.405048807,344870.367970097,343894.695251495,492151.503935404,676690.698811177,1010180.31734219,1467100.89425311,1627302.59031608,1675253.0396697,1770524.88644784,1878626.51559975,2006971.47766942,2173866.87545963,2173365.76448009,2380209.74025802,2300131.77500218,2792889.82848713,3272347.55205176,2631664.351971,2149082.4008303,2143732.95275252,2234376.5057064,2327729.23582926,2319642.18422299,2308819.98792927,2310661.50023275,2035093.3946507,2097894.11780457,2059166.27178374,1991898.51665236,1894463.18160407,1719903.26321864,1740508.68770292,1886797.0814188,1856731.81362757,1512262.49850865,1884162.97864674,1772424.68667181,1627683.46046298,1759666.64629353,1905274.58639459,1745307.67135942,1678711.32512223,1640592.3216948,1671318.29195826,1536699.92760022,1509171.83013596,1567791.10737717,1647866.79588593,1630625.46219399,1666457.18943243,1666981.86246655,2004135.62443354,2056446.95754508,1659587.16788669,1852578.91508861,1686655.17116206,1699772.25619259,1708699.30948341
887,"YEM","Yemen",51613.3208952638,51841.6128710203,59040.1508725721,60440.4686265941,60781.4248659027,68057.7196185175,47901.1420928371,49212.2452942685,47747.1048708825,52835.4314805438,49942.7004596878,49629.6387587402,49971.8400181209,50219.2813652131,55352.5656378779,56117.7332332047,58058.3239996221,62198.3999010799,62309.3929572379,64509.0190712429,71398.26157463,69029.1781972828,79475.2270214267,103327.377353905,122445.879197015,119903.014100766,151625.715729612,160101.946535054,150533.848252229,162033.744913771,204464.446364563,192769.428912094,163887.947102572,162299.066853921,181008.052614365,209524.942210338,219487.277111477,212622.478195521,200979.93323586,197427.17547072,152408.971430534,169610.142523357,149885.292468722,167389.124146603,155711.021443839,185728.287827804,182523.650522549,230751.877602601,258688.714852204,265593.227578775,239625.108497801,289661.266878356,366885.019896168,443765.533598102,476424.515646379,430314.469188277,408250.654543347,319387.498486741,222193.255237039,275390.07402479,316859.082631829,384062.224473768,604697.837520363,646428.025415794,588743.202660327,486683.546466105,418744.71741216,360102.902683403,359150.848013318,357456.631502725
894,"ZMB","Zambia",NA,NA,NA,NA,NA,NA,NA,NA,NA,NA,NA,NA,NA,NA,NA,NA,NA,NA,NA,NA,NA,NA,NA,NA,NA,NA,NA,NA,NA,NA,NA,NA,NA,NA,NA,NA,NA,NA,NA,NA,NA,NA,NA,NA,NA,NA,NA,NA,NA,NA,NA,NA,NA,NA,NA,NA,NA,NA,NA,NA,NA,NA,NA,NA,NA,NA,NA,NA,NA,NA
716,"ZWE","Zimbabwe",NA,NA,NA,NA,NA,NA,NA,NA,NA,NA,NA,NA,NA,NA,NA,NA,NA,NA,NA,NA,NA,NA,NA,NA,NA,NA,NA,NA,NA,NA,NA,NA,NA,NA,NA,NA,NA,NA,NA,NA,NA,NA,NA,NA,NA,NA,NA,NA,NA,NA,NA,NA,NA,NA,NA,NA,NA,NA,NA,NA,NA,NA,NA,NA,NA,NA,NA,NA,NA,NA
