"code","iso","country","FCD.raw.1950","FCD.raw.1951","FCD.raw.1952","FCD.raw.1953","FCD.raw.1954","FCD.raw.1955","FCD.raw.1956","FCD.raw.1957","FCD.raw.1958","FCD.raw.1959","FCD.raw.1960","FCD.raw.1961","FCD.raw.1962","FCD.raw.1963","FCD.raw.1964","FCD.raw.1965","FCD.raw.1966","FCD.raw.1967","FCD.raw.1968","FCD.raw.1969","FCD.raw.1970","FCD.raw.1971","FCD.raw.1972","FCD.raw.1973","FCD.raw.1974","FCD.raw.1975","FCD.raw.1976","FCD.raw.1977","FCD.raw.1978","FCD.raw.1979","FCD.raw.1980","FCD.raw.1981","FCD.raw.1982","FCD.raw.1983","FCD.raw.1984","FCD.raw.1985","FCD.raw.1986","FCD.raw.1987","FCD.raw.1988","FCD.raw.1989","FCD.raw.1990","FCD.raw.1991","FCD.raw.1992","FCD.raw.1993","FCD.raw.1994","FCD.raw.1995","FCD.raw.1996","FCD.raw.1997","FCD.raw.1998","FCD.raw.1999","FCD.raw.2000","FCD.raw.2001","FCD.raw.2002","FCD.raw.2003","FCD.raw.2004","FCD.raw.2005","FCD.raw.2006","FCD.raw.2007","FCD.raw.2008","FCD.raw.2009","FCD.raw.2010","FCD.raw.2011","FCD.raw.2012","FCD.raw.2013","FCD.raw.2014","FCD.raw.2015","FCD.raw.2016","FCD.raw.2017","FCD.raw.2018","FCD.raw.2019"
4,"AFG","Afghanistan",NA,NA,NA,NA,NA,NA,NA,NA,NA,NA,NA,NA,NA,NA,NA,NA,NA,NA,NA,NA,NA,NA,NA,NA,NA,NA,NA,NA,NA,NA,NA,NA,NA,NA,NA,NA,NA,NA,NA,NA,NA,NA,NA,NA,NA,NA,NA,NA,NA,NA,NA,NA,NA,NA,NA,NA,NA,NA,NA,NA,NA,NA,NA,NA,NA,NA,NA,NA,NA,NA
8,"ALB","Albania",0.134816443567466,0.134816443581098,0.134816443578499,0.134816443581439,0.134816443558495,0.134816443581439,0.134816443581439,0.134816443602714,0.134816443581439,0.134816443602714,0.134816443581439,0.134816443573153,0.134816443602714,0.134816443553272,0.134816443553272,0.134816443556754,0.134816443556754,0.254689804371568,0.254689804462993,0.254689804372836,0.254689804403385,0.254689804403385,0.254689804403385,0.254689804403385,0.254689804428636,0.254689804428636,0.254689804402018,0.254689804341871,0.254689804431212,0.254689804413867,0.254689804415131,0.25468980439403,0.243080088712129,0.250669033961713,0.249879344515945,0.248901833694761,0.2500655651499,0.232960751340279,0.238334954313271,0.245187247627497,0.226079802228721,0.231886981898625,0.188918403517768,0.210041639417684,0.225797920875974,0.199712503275691,0.217546370060531,0.204500284741415,0.221537661549699,0.221948819316657,0.23339092744853,0.210335399117224,0.22431401440686,0.182203172849831,0.224373672571879,0.237449182090068,0.235352604557749,0.236383973190379,0.237320740947407,0.23676112480275,0.236265327952245,0.236566348580932,0.236720941977581,0.236721952016695,0.222875664877373,0.238368459299371,0.228134840375601,0.223235464756741,0.239847868975876,0.238325039152795
12,"DZA","Algeria",0.0800581523659877,0.0820221546333934,0.0720624796012352,0.0838427632930961,0.0865156574005125,0.083038593641671,0.0927960365731465,0.0907932456766226,0.104120374941386,0.0961319594095674,0.0910545128942538,0.0852440427928874,0.0545002648815759,0.0584580298387333,0.0593283327264554,0.0576047427892888,0.0717821352373245,0.0700527159973782,0.0761471896716662,0.0659331719148641,0.0637335400511729,0.0929065794978723,0.087512093404094,0.0895622256488909,0.0879591823063156,0.0881704376700601,0.0925402621182421,0.0876799790049352,0.0976448198364422,0.0938968175239612,0.0880310954970865,0.0844958739926047,0.0810782274122615,0.0822239004694099,0.0834064783029832,0.0837694252147045,0.0887280346460876,0.078572501343847,0.0751933549006162,0.0789051278093106,0.0838465972446036,0.0865102196014061,0.0799130394618132,0.075339155343012,0.0682491370398851,0.0853896704331134,0.0921175667775941,0.0877469778759256,0.085325552964621,0.0822530853453539,0.080982229940128,0.0789907623705263,0.0796219706025101,0.0767045668281134,0.0798977117394389,0.082300591050442,0.0827334258283317,0.0871702824146624,0.089989748254907,0.0945165271206478,0.111720040915264,0.113133923664948,0.113115224919948,0.115036084082827,0.116595259087886,0.117291278701241,0.115425107061763,0.127496316447074,0.133867195274987,0.128939101140173
20,"AND","Andorra",NA,NA,NA,NA,NA,NA,NA,NA,NA,NA,NA,NA,NA,NA,NA,NA,NA,NA,NA,NA,NA,NA,NA,NA,NA,NA,NA,NA,NA,NA,NA,NA,NA,NA,NA,NA,NA,NA,NA,NA,NA,NA,NA,NA,NA,NA,NA,NA,NA,NA,NA,NA,NA,NA,NA,NA,NA,NA,NA,NA,NA,NA,NA,NA,NA,NA,NA,NA,NA,NA
24,"AGO","Angola",0.0721222904761462,0.0759514731318626,0.089689545189048,0.0876636636760642,0.0752487133585027,0.0676680586117716,0.0615560753126405,0.0585348507110747,0.061546551701247,0.0629399891194702,0.0633645431719184,0.0726361443200654,0.0715019484186935,0.0690526435106652,0.0545931900436941,0.0548537091060572,0.052345653087977,0.0517898803747418,0.0584342071692745,0.0520097313323302,0.0484144450305205,0.0509668993217137,0.0496174542843836,0.0465185782300825,0.0523641625108902,0.0500771794618714,0.056992260247479,0.0446979731379974,0.0509314857800024,0.0506147786374069,0.0481188006997447,0.045496608376224,0.0475203075315083,0.0382147658737879,0.0268443361770255,0.0562064748442411,0.0384485591448889,0.0272774482673423,0.0395960072543237,0.0399830233575566,0.0500367428033793,0.0421921043630774,0.0566990582664636,0.0607098690658893,0.0638244754373561,0.0619934894176963,0.0606897479172733,0.0509175506741171,0.078793003223186,0.0745061270434936,0.0757031715721006,0.100207904297998,0.0807000603269128,0.0896843353011439,0.0950860476853336,0.101744020493894,0.107057452293886,0.103231690369235,0.0763848303801348,0.0856223557544152,0.0795043684159656,0.0851278492080311,0.0833372886589684,0.0859522769895976,0.094811645689258,0.0746316141808958,0.0743229702980972,0.0671777998759297,0.090732915746613,0.0903416366479838
660,"AIA","Anguilla",NA,NA,NA,NA,NA,NA,NA,NA,NA,NA,NA,NA,NA,NA,NA,NA,NA,NA,NA,NA,NA,NA,NA,NA,NA,NA,NA,NA,NA,NA,NA,NA,NA,NA,NA,NA,NA,NA,NA,NA,NA,NA,NA,NA,NA,NA,NA,NA,NA,NA,NA,NA,NA,NA,NA,NA,NA,NA,NA,NA,NA,NA,NA,NA,NA,NA,NA,NA,NA,NA
28,"ATG","Antigua and Barbuda",NA,NA,NA,NA,NA,NA,NA,NA,NA,NA,NA,NA,NA,NA,NA,NA,NA,NA,NA,NA,NA,NA,NA,NA,NA,NA,NA,NA,NA,NA,NA,NA,NA,NA,NA,NA,NA,NA,NA,NA,NA,NA,NA,NA,NA,NA,NA,NA,NA,NA,NA,NA,NA,NA,NA,NA,NA,NA,NA,NA,NA,NA,NA,NA,NA,NA,NA,NA,NA,NA
32,"ARG","Argentina",0.0611246468566555,0.0702787183334865,0.0776108355893754,0.0853335629490581,0.0814288850658715,0.0755079508312594,0.07612482550925,0.0670147317134033,0.0650644959509878,0.0842000795884944,0.0810773541927947,0.0890389734466746,0.0922270813123753,0.0931069024207687,0.100148293880593,0.102130716475186,0.0996724904245746,0.0941341874262953,0.101397379016938,0.08861496391399,0.11064546901124,0.0961083754444648,0.0943683150729906,0.0964964503217972,0.100928053366677,0.0973035723679249,0.114658802152176,0.116450929984803,0.0993705507068458,0.091985645735257,0.108312209988022,0.104537368324761,0.0969873243360707,0.1116883239627,0.113270659555236,0.110349834850234,0.0431617457541139,0.0409064974516201,0.0568847618638059,0.0716401561902216,0.0782306267639183,0.0615815374912093,0.0620448648446691,0.0672749774319142,0.096344149482991,0.0824439718109249,0.0873309393211674,0.0964554279014891,0.0727155028222093,0.0818207726302302,0.0997944370311419,0.103757147473932,0.084764926325548,0.0912973841783829,0.0868308989011622,0.0802541742264568,0.0708517351806214,0.069063088515876,0.0707049456292547,0.0819629815938617,0.061570799627045,0.0608358566246996,0.0614664354820411,0.0620602017637211,0.0629334561896719,0.0629571330632268,0.0631763613879139,0.0621561195377137,0.0695799974104449,0.069884852777469
51,"ARM","Armenia",NA,NA,NA,NA,NA,NA,NA,NA,NA,NA,NA,NA,NA,NA,NA,NA,NA,NA,NA,NA,NA,NA,NA,NA,NA,NA,NA,NA,NA,NA,NA,NA,NA,NA,NA,NA,NA,NA,NA,NA,NA,NA,NA,NA,NA,NA,NA,NA,NA,NA,NA,NA,NA,NA,NA,NA,NA,NA,NA,NA,NA,NA,NA,NA,NA,NA,NA,NA,NA,NA
533,"ABW","Aruba",0.017089134583782,0.0170477598300617,0.0170065822961036,0.0169656005820996,0.0169248132992472,0.0168842190540189,0.0168438164892565,0.0168036042480765,0.0167635809946192,0.0167639024874645,0.0167638499498009,0.016755971369818,0.016748099679848,0.0167402348789433,0.0167323769572325,0.016724525911246,0.0166896845032018,0.0173215585203301,0.0173153569074046,0.0173091605595535,0.0232885277941407,0.0232850915375562,0.0232816565704377,0.0227133488414466,0.022877687495364,0.0221285620968014,0.0218124788068459,0.0206693423446562,0.0210103847909827,0.0205321131831047,0.0200049867971431,0.0196270586810304,0.0190856227776194,0.0186445235459982,0.0184852885668307,0.0179834603412425,0.0176771149173079,0.0165049014374088,0.0156255624076962,0.0183190362849169,0.0174220977809422,0.00987091404725796,0.0124175555513083,0.0141662195006831,0.020111437199808,0.0108136290914034,0.0125695997748105,0.0126929530082543,0.011836886742095,0.0118197027973129,0.0133718833837167,0.00880584872712979,0.0101718132153858,0.00455781514295505,0.00461039517391511,0.00461728410907513,0.00424158617106616,0.00456240614859774,0.00439045427708998,0.00466674841108124,0.00445118546562984,0.00410505571326756,0.00343460742567148,0.00330532241237463,0.00307689930552752,0.00322184914006527,0.00322180407378866,0.0032037683421112,0.00320372355387768,0.0034520265853109
36,"AUS","Australia",0.120796243514969,0.127500540931498,0.131578578098879,0.136414700809015,0.140533439528505,0.149591259614174,0.15536543829159,0.1577016220026,0.161226659367891,0.172363711019447,0.166824940059412,0.158953764260676,0.161003538430376,0.174289774166067,0.181104478248574,0.180986914434209,0.182724378308079,0.203132223729365,0.21221295393517,0.252565119807861,0.285032131269145,0.362405747487586,0.358514130748809,0.364450615833668,0.379708971156963,0.309166089703302,0.35035800262537,0.374455621074895,0.333562332405418,0.350285350906921,0.23851946613535,0.334073712125344,0.299437068345497,0.295356702845299,0.30475008337099,0.312022252152191,0.279579651622159,0.286261391513774,0.296552846855566,0.345527895782939,0.289121084844461,0.315699194604518,0.26735396036119,0.287804464018281,0.262891745282018,0.297706950304117,0.301147772976441,0.295299272054486,0.293699478441291,0.295414953207208,0.251886283443988,0.292537737138423,0.154606340730856,0.136920226725631,0.115433392613454,0.101313430175047,0.106733322813316,0.083596181705479,0.0909658721926349,0.0948010500654551,0.090578807781645,0.087046957756113,0.0822553684126662,0.0834377432877484,0.081922002788764,0.0817010694499374,0.0876483451758824,0.0851025649968786,0.0846755185854312,0.0809563755854185
40,"AUT","Austria",NA,NA,NA,NA,NA,NA,NA,NA,NA,NA,NA,NA,NA,NA,NA,NA,NA,NA,NA,NA,NA,NA,NA,NA,NA,NA,NA,NA,NA,NA,NA,NA,NA,NA,NA,NA,NA,NA,NA,NA,NA,NA,NA,NA,NA,NA,NA,NA,NA,NA,NA,NA,NA,NA,NA,NA,NA,NA,NA,NA,NA,NA,NA,NA,NA,NA,NA,NA,NA,NA
31,"AZE","Azerbaijan",NA,NA,NA,NA,NA,NA,NA,NA,NA,NA,NA,NA,NA,NA,NA,NA,NA,NA,NA,NA,NA,NA,NA,NA,NA,NA,NA,NA,NA,NA,NA,NA,NA,NA,NA,NA,NA,NA,NA,NA,NA,NA,NA,NA,NA,NA,NA,NA,NA,NA,NA,NA,NA,NA,NA,NA,NA,NA,NA,NA,NA,NA,NA,NA,NA,NA,NA,NA,NA,NA
44,"BHS","Bahamas",NA,NA,NA,NA,NA,NA,NA,NA,NA,NA,NA,NA,NA,NA,NA,NA,NA,NA,NA,NA,NA,NA,NA,NA,NA,NA,NA,NA,NA,NA,NA,NA,NA,NA,NA,NA,NA,NA,NA,NA,NA,NA,NA,NA,NA,0.000038189485025629,NA,NA,NA,NA,NA,NA,NA,NA,NA,NA,NA,NA,NA,NA,NA,NA,NA,NA,NA,NA,NA,NA,NA,NA
48,"BHR","Bahrain",0.230802519594173,0.230802519594173,0.244119994366461,0.258052624303029,0.270209412294529,0.283123202831232,0.295587915670508,0.304916783127939,0.31649523174947,0.327694261254244,0.334302427633288,0.354842252160224,0.374152413164082,0.396612710670458,0.421207212731355,0.448039472810902,0.473831191516801,0.487537285141132,0.425058186118766,0.328040890287707,0.199252244627957,0.203773102177382,0.208194420671457,0.212519397381528,0.214703392679354,0.210828659770992,0.196483084456083,0.151780694244491,0.137051716617199,0.117135460610533,0.133644479403061,0.133052145397988,0.143844779505909,0.169751058421663,0.199093180030216,0.222069793574791,0.215302091605197,0.211494740806101,0.204571895817158,0.19217881252779,0.163392991136804,0.207791875759144,0.223395242001763,0.25639301533692,0.317970471500322,0.35183507263121,0.355235435444932,0.318650135849787,0.266722697462311,0.186020546638034,0.113016435814818,0.104732824468971,0.110572779303325,0.0986946538705648,0.102124824594092,0.129253679287095,0.149548440506192,0.150257245760683,0.209109101668209,0.171395252907323,0.208741504374362,0.200173026313912,0.133254589915164,0.188692787888118,0.17924384330296,0.177126885064632,0.154730777387373,0.177446377356711,0.17744637735793,0.177446377358648
50,"BGD","Bangladesh",0.000161973385874269,0.000182487162055217,0.00020061844901809,0.000211493673352409,0.000221610514733549,0.000238232135477705,0.000254732637957374,0.000263014337456559,0.000278843997332533,0.000286097692305994,0.0002955169318085,0.000290857248389029,0.000298228156363613,0.000310202567483352,0.000314081665487705,0.000317744222498971,0.000329309556338814,0.000340778386781843,0.000344107168802814,0.000355205738705244,0.00344890467024723,0.00363427240700597,0.0715630415193418,0.0804144437250809,0.0879380235074834,0.0958795991381105,0.100786912491815,0.105691201072684,0.110525488045164,0.118211811410573,0.124009770160158,0.130123632038649,0.134857089724353,0.137536953392435,0.132919332424696,0.133000756218154,0.131624015118622,0.127238800852534,0.125732879869564,0.127126540676902,0.127726748270847,0.128317730285544,0.125239245992069,0.120038369473349,0.135706029041677,0.134793536697622,0.133252222865445,0.12810510946149,0.132096756796329,0.127319311267113,0.119444281721699,0.108109066317605,0.0996363966249626,0.0896251481291103,0.0841593170761767,0.0794508627878203,0.0757879594338043,0.0724790471783296,0.0690650795993902,0.058075615397655,0.0435851728160898,0.0538504704727724,0.0650899512110895,0.0586260825817875,0.0511644173879777,0.0457836504772705,0.0467106363403229,0.0453494209440787,0.0470388063905458,0.0479908259097239
52,"BRB","Barbados",NA,NA,NA,NA,NA,NA,NA,NA,NA,NA,NA,NA,NA,NA,NA,NA,NA,NA,NA,NA,0.000972518950717774,0.00103342070961995,0.00121854432016794,0.00118320212239432,0.0069944051981393,0.00796529223401084,0.00693041335373463,0.00751771110862779,0.00689508746331978,0.00665987011899274,0.00400318185788545,0.00392241586457806,0.00474566985486465,0.00466268689599834,0.00563979265204253,0.00547182791471044,0.00373421474599285,0.00513583765592816,0.0188730424805785,0.012342367780912,0.0102768918894689,0.00758994610607042,0.0128336607891548,0.0146604565363644,0.0154494153022064,0.0276393323413738,0.0170372513069905,0.0261199210102709,0.0164250150765188,0.0151779148501582,0.0159800375146584,0.0164147365476732,0.0110188276683644,0.0123765820034517,0.0171698732804186,0.0271457365128241,0.0185501851765673,0.013671248056821,0.0100208216306355,0.00591318934223472,0.00779637843469501,0.0132981558609245,0.0194572733730485,0.0141365726797643,0.0150463923115508,0.0396033363794665,0.0376778724025802,0.0288900478707833,0.0276320246325225,0.0160214055356111
112,"BLR","Belarus",NA,NA,NA,NA,NA,NA,NA,NA,NA,NA,NA,NA,NA,NA,NA,NA,NA,NA,NA,NA,NA,NA,NA,NA,NA,NA,NA,NA,NA,NA,NA,NA,NA,NA,NA,NA,NA,NA,NA,NA,NA,NA,NA,NA,NA,NA,NA,NA,NA,NA,NA,NA,NA,NA,NA,NA,NA,NA,NA,NA,NA,NA,NA,NA,NA,NA,NA,NA,NA,NA
56,"BEL","Belgium",0.293631860500427,0.332223919664727,0.305654424767421,0.291979351770509,0.278664251758269,0.295257119244882,0.342944822044625,0.287320066231902,0.294019166981763,0.303397893433515,0.272364449836521,0.297707180870912,0.29495730549899,0.337036488014204,0.25923304528816,0.275045029944985,0.317447172842105,0.327139437937148,0.309404133189765,0.30907907413335,0.29832479861989,0.290543818989079,0.28325602184754,0.306998491359541,0.297816141456897,0.31216803173082,0.323172265263228,0.304876581283649,0.296586374983305,0.310591149912244,0.298653948020668,0.26698357762548,0.308336275189553,0.281726250714544,0.285478682148254,0.305360522549016,0.277601608882341,0.286423118586764,0.281282563919766,0.306916417250708,0.311016374342285,0.330115909924294,0.318198911000523,0.335831923604521,0.335482354356161,0.341453481132331,0.308602234867441,0.280019425532412,0.269436974341479,0.314442566042308,0.279436583071603,0.295519357182479,0.248279192878058,0.290885425851402,0.258347231143658,0.279896612867533,0.256995118215822,0.22548484932883,0.287076148847935,0.341191649189326,0.349271270225534,0.271073838542265,0.271674918141765,0.297634918598768,0.300338791430326,0.341975367494849,0.371600719537751,0.359694264561639,0.345807583647496,0.342961968832235
84,"BLZ","Belize",NA,NA,NA,NA,NA,NA,NA,NA,NA,NA,NA,NA,NA,NA,NA,NA,0.000236557083328893,0.15280542357818,0.0814419590239329,0.0773845821286686,0.000211242796264557,0.000200109714693641,0.000197235770879627,0.000206226931548783,0.00570695994101558,0.0105178126371604,0.0336215280628379,0.0274986972799875,0.0310033546331489,0.0268870953333357,0.0404322895528371,0.0202764859068824,0.00989171614440724,0.00613012558171428,0.00119599619324672,0.032123495104422,0.0437934183660682,0.049280873204354,0.393242731006276,0.396546852811792,0.397801674369447,0.377885224494716,0.3624597672333,0.327863351725059,0.297588296093075,0.292254568393235,0.277688670522282,0.246618882504292,0.21744514332715,0.176449928073537,0.158774283341625,0.167472983462095,0.148942842015977,0.152834565737538,0.154093207078271,0.138216950557224,0.12065984300765,0.121056909986697,0.120534473319609,0.123288347257755,0.113853546564557,0.0752121586118515,0.0569608852732579,0.163830264903416,0.104881993896504,0.0634949257281524,0.0625043811007949,0.0614308302535392,0.0587510435864342,0.058804662355996
204,"BEN","Benin",NA,NA,NA,NA,NA,NA,NA,NA,NA,NA,NA,NA,NA,NA,NA,NA,NA,NA,NA,NA,NA,NA,NA,NA,NA,NA,NA,NA,NA,0.00000342387878531442,0.00130445551157134,0.000614427608644333,0.0000236970363700159,0.0000294913477041915,0.000437794299566269,0.000462805675407791,0.000383528887739251,0.000335375467003975,0.000301694360079039,0.000289655171744115,0.000268822244020982,0.000263262676300809,0.00026837667906184,0.000267719924184071,0.000250273076250359,0.000247016916405294,0.000222622764183174,0.000204719622072701,0.000185758921279434,0.000162461268699771,0.000129838277997411,0.000111285964565086,0.0000871308796696372,0.0000535167029169067,0.0000278193363156494,0.000009785117643904,0.00000564517146373485,0.000000577086667631034,0.0000130631024673308,0.0000265409437212195,0.0000103036065179841,0.00000471392243344019,0.000000407584195169622,0.000000158409378509822,0.00000987261326306023,0.00000223767826364,0.00000167562370669115,0.000000779402774875241,0.00000276008159038654,0.00000695416379514896
60,"BMU","Bermuda",NA,NA,NA,NA,NA,NA,NA,NA,NA,NA,NA,NA,NA,NA,NA,NA,NA,NA,NA,NA,NA,0.0152442714955872,0.00828342440380551,NA,0.0848333013256206,0.0708439323664317,0.0619862406979386,0.0570296883265903,0.0628320421576496,0.0765549110394494,0.103564769007203,0.122309738827423,0.133591372416605,0.141137313855546,0.190640664622232,NA,NA,NA,NA,NA,NA,NA,NA,NA,0.0112929797436911,NA,0.000146769655585123,0.000163244067618336,0.000360798315460029,NA,0.00198391694994731,0.000721521758272315,0.0000432349771316249,0.0000621482991939494,0.000221710458762056,0.000164800602947062,0.000406502496198747,0.000454937137959607,0.000640057469907267,0.000119946121185258,NA,0.000367331084527131,0.000520960170236914,0.00046878539636027,0.0151596830180222,0.0169626976189626,0.0172939027653814,0.0174755101604147,0.0196238377856715,0.0220937433821498
64,"BTN","Bhutan",NA,NA,NA,NA,NA,NA,NA,NA,NA,NA,NA,NA,NA,NA,NA,NA,NA,NA,NA,NA,NA,NA,NA,NA,NA,NA,NA,NA,NA,NA,NA,NA,NA,NA,NA,NA,NA,NA,NA,NA,NA,NA,NA,NA,NA,NA,NA,NA,NA,NA,NA,NA,NA,NA,NA,NA,NA,NA,NA,NA,NA,NA,NA,NA,NA,NA,NA,NA,NA,NA
68,"BOL","Bolivia",NA,NA,NA,NA,NA,NA,NA,NA,NA,NA,NA,NA,NA,NA,NA,NA,NA,NA,NA,NA,NA,NA,NA,NA,NA,NA,NA,NA,NA,NA,NA,NA,NA,NA,NA,NA,NA,NA,NA,NA,NA,NA,NA,NA,NA,NA,NA,NA,NA,NA,NA,NA,NA,NA,NA,NA,NA,NA,NA,NA,NA,NA,NA,NA,NA,NA,NA,NA,NA,NA
70,"BIH","Bosnia and Herzegovina",NA,NA,NA,NA,NA,NA,NA,NA,NA,NA,NA,NA,NA,NA,NA,NA,NA,NA,NA,NA,NA,NA,NA,NA,NA,NA,NA,NA,NA,NA,NA,NA,NA,NA,NA,NA,NA,NA,NA,NA,NA,NA,NA,NA,NA,NA,NA,NA,NA,NA,NA,NA,NA,NA,NA,NA,NA,NA,NA,NA,NA,NA,NA,NA,NA,NA,NA,NA,NA,NA
72,"BWA","Botswana",NA,NA,NA,NA,NA,NA,NA,NA,NA,NA,NA,NA,NA,NA,NA,NA,NA,NA,NA,NA,NA,NA,NA,NA,NA,NA,NA,NA,NA,NA,NA,NA,NA,NA,NA,NA,NA,NA,NA,NA,NA,NA,NA,NA,NA,NA,NA,NA,NA,NA,NA,NA,NA,NA,NA,NA,NA,NA,NA,NA,NA,NA,NA,NA,NA,NA,NA,NA,NA,NA
76,"BRA","Brazil",0.341390747018584,0.331770002548958,0.339287028258681,0.329826104337233,0.339786833504249,0.331069844415424,0.321985512308572,0.315274262957513,0.331213255087397,0.339501429654936,0.324760403063082,0.309766150383371,0.315274927733884,0.325822441541082,0.294917153059784,0.298540892450078,0.299809405898404,0.300918438087583,0.297875252353782,0.282310648975302,0.286932174210756,0.277564476186544,0.243616778126361,0.267717005041654,0.278824438921604,0.259551289535662,0.302207378294426,0.291824246574336,0.284012359028845,0.279673797731488,0.262296721854614,0.270927634534331,0.276028628739565,0.263021288821881,0.27509938431593,0.278299957021401,0.260084442305181,0.265915252661448,0.284900757927992,0.280567455924,0.313986686152467,0.303938920078708,0.301140322260868,0.305713981899208,0.289556766656681,0.309376408424235,0.285128380774779,0.281039833434015,0.302217051885637,0.326917591881554,0.331385926851235,0.32247060240373,0.335341312517353,0.33290736755188,0.318377078768821,0.324737057385206,0.31952564776413,0.324439954649256,0.317137373980256,0.30124626286897,0.305425098984318,0.324836690699957,0.317415014803639,0.312005305343819,0.33165842944475,0.330889286987819,0.330162543517782,0.329780356257803,0.343388753288739,0.33086287274022
92,"VGB","British Virgin Islands",NA,NA,NA,NA,NA,NA,NA,NA,NA,NA,NA,NA,NA,NA,NA,NA,NA,NA,NA,NA,NA,NA,NA,NA,NA,NA,NA,NA,NA,NA,NA,NA,NA,NA,NA,NA,NA,NA,NA,NA,NA,NA,NA,NA,0.00424927844732682,0.00160595523021107,0.00369743580273874,0.00102146994395671,0.000736010461429036,0.000948493155354763,0.000204111586926396,0.000650495520943318,0.000689550026910855,0.00027768684518675,0.000286028257083404,0.000250434177122806,0.000494436772911062,0.000324851717556085,0.00024826275732084,0.000243919751272941,0.000238926857776295,0.000234463154841009,0.000137596131289505,0.000301380042566816,0.000345252295762208,0.0000449207045972403,0.0000447856832443829,0.000044785683245146,0.0000447856832448415,0.0000447856832453327
96,"BRN","Brunei Darussalam",NA,NA,NA,NA,NA,NA,NA,NA,NA,NA,NA,NA,NA,NA,NA,NA,NA,NA,NA,NA,NA,NA,NA,NA,NA,0.0330594875554043,0.0287763024045087,0.0268992921875224,0.0226330757949751,0.0233074350886242,0.0255047263272661,0.0598537021551182,0.0542651024092954,0.0430366397667918,0.106887384553313,0.106907685481144,0.11529841188263,0.104257637788888,0.101711087775155,0.128661073643721,0.134404261136102,0.175907189536032,0.206896364036159,0.173924590102814,0.138912634955602,0.163654476644158,0.179514979009127,0.265501823702052,0.188205124420814,0.159573252147125,0.167638014018577,0.18156131524371,0.113457519243895,0.113045825805889,0.107077340414431,0.111619486262915,0.118185013649592,0.144462139619434,0.143363156013779,0.105334381296889,0.133200808828763,0.103670823516605,0.103676677684422,0.103684090467734,0.103724106094574,0.0801789285569491,0.127365551702807,0.103553657932406,0.134882147000673,0.142216130850458
100,"BGR","Bulgaria",0.0335913020758488,0.0423895705836259,0.0385337442587574,0.0320904163971082,0.0288216589662333,0.0332320807808543,0.0397223649559556,0.0495662862481229,0.0458038106822876,0.0378786860588023,0.0269403669579186,0.03221033175373,0.0388196406046291,0.0434958854412751,0.0319176781564974,0.0222207020307193,0.0148004104156983,0.011765573484767,0.00800609902446266,0.0444915750146361,0.141417450199641,0.145223236406225,0.140781655085337,0.0950636993128367,0.106937367765273,0.0807797266609393,0.100575959091967,0.0548706717990834,0.206795937600717,0.0437803466153451,0.0273431962840288,0.0143626868595665,0.0175772518836517,0.0301088413346267,0.0341313670598314,0.0211330894148079,0.0204716010551382,0.0189561250056198,0.0190657196618302,0.0214161085716447,0.0322425862112661,0.0251630268431561,0.0219265768179685,0.0150719805710923,0.015708856366297,0.0184422754689839,0.0194068687525693,0.0249886675695567,0.0201917666618027,0.0235404182055269,0.022255888830982,0.021211333915152,0.0227545853847872,0.0162243201052196,0.0179103802464539,0.0094199319318739,0.0169661990534475,0.0250401680017695,0.0246255601457156,0.0271055232249463,0.0510774006781723,0.047835261242342,0.0486424420789039,0.0516204207046712,0.0515045693699433,0.0542956473551227,0.0560230904652689,0.0577504597611643,0.063695297160968,0.0556125893559208
854,"BFA","Burkina Faso",NA,NA,NA,NA,NA,NA,NA,NA,NA,NA,NA,NA,NA,NA,NA,NA,NA,NA,NA,NA,NA,NA,NA,NA,NA,NA,NA,NA,NA,NA,NA,NA,NA,NA,NA,NA,NA,NA,NA,NA,NA,NA,NA,NA,NA,NA,NA,NA,NA,NA,NA,NA,NA,NA,NA,NA,NA,NA,NA,NA,NA,NA,NA,NA,NA,NA,NA,NA,NA,NA
108,"BDI","Burundi",NA,NA,NA,NA,NA,NA,NA,NA,NA,NA,NA,NA,NA,NA,NA,NA,NA,NA,NA,NA,NA,NA,NA,NA,NA,NA,NA,NA,NA,NA,NA,NA,NA,NA,NA,NA,NA,NA,NA,NA,NA,NA,NA,NA,NA,NA,NA,NA,NA,NA,NA,NA,NA,NA,NA,NA,NA,NA,NA,NA,NA,NA,NA,NA,NA,NA,NA,NA,NA,NA
132,"CPV","Cabo Verde",0.125548804765619,0.125539101903165,0.125530012413893,0.125521479919159,0.125513454744113,0.125505892950014,0.131088149776509,0.131008760140428,0.113337647345768,0.121976762571998,0.130042515563055,0.1359253166997,0.128951110201485,0.118747684580081,0.133987040547388,0.116658616537911,0.115214320547597,0.114425801123537,0.118245017806331,0.134970368493352,0.107826135880797,0.102306521067952,0.110922391839939,0.121086029708561,0.125708599627359,0.105796473931831,0.120482880700106,0.107935611945443,0.0992995371394349,0.100548456795676,0.129942462502053,0.0893376099623902,0.0962541086614075,0.105357678856612,0.10876940114696,0.125767381594603,0.10158081761464,0.111188283857516,0.0964937293098435,0.0893708994994712,0.087154672874775,0.100496928376222,0.094277193313282,0.0945728878288152,0.103675748859546,0.110064965025236,0.120449271736006,0.117634656366552,0.108170015622684,0.101712411706441,0.0749679429728003,0.0902616739559635,0.0995176181674061,0.0864059265560611,0.0872514727246105,0.0716544343374538,0.0905521102251442,0.0824950225437554,0.0882391307130837,0.0841454162578813,0.0791778434798765,0.185436654116803,0.164613938170896,0.215703699378639,0.196625310757563,0.103238225600913,0.102303770486658,0.123149326240806,0.106952527570787,0.123807240516574
116,"KHM","Cambodia",NA,NA,NA,NA,NA,NA,NA,NA,NA,NA,NA,NA,NA,NA,NA,0.12024599670797,0.0940932791606189,0.088191951450078,0.0806280872789661,0.0793009962352035,0.140380611501953,0.147623708128145,0.142864508703618,0.0889661825363508,0.0885746662789909,0.106411988457142,0.164327106214316,0.164382285833235,0.164439467121933,0.136795336611796,0.0209116580153442,0.00777832810444965,0.0236281188446898,0.0567612666063369,0.0413499967235391,0.0491249068364902,0.0314140275017862,0.0622372413020038,0.0668860485586053,0.0729177775441816,0.0594467855653597,0.0515333883843822,0.0446308263250741,0.00255210204942576,0.00240846427150991,0.00246785091504964,0.00255347758874442,0.00253435052984076,0.00248562270680353,0.00314400180338947,0.00391881645987384,0.00393906894391024,0.00400994218615509,0.00505024590928177,0.00505606220935015,0.00524749773819815,0.00536855194011502,0.00553971259377058,0.00528255593712731,0.00592770784386762,0.00602626051522152,0.00636777827784749,0.00643444888258209,0.00636859036385171,0.0212870695346613,0.00616642247341543,0.00617016766776561,0.00616284569648905,0.00771770344590107,0.00751966334219704
120,"CMR","Cameroon",NA,0.000682459236867755,0.00134023575043793,0.00514793071488674,0.0116595751707664,0.0158479217185614,0.0164035366602866,0.0146622205073621,0.0131349634275894,0.0208492629991313,0.0154785093992838,0.0144015715087448,0.0177995102424693,0.0219409832541012,0.0217647813901122,0.0236388417368006,0.0269259723472238,0.0244778336519846,0.0221853569356467,0.0316630960623355,0.0507511429313146,0.0655446379689546,0.0752731215815223,0.0995593349956693,0.0900318318591847,0.0826664328573484,0.0816978546970274,0.0872175959896517,0.060340606417368,0.048970228583023,0.0409096883995467,0.0422989482824289,0.0471861631523601,0.0480014249363688,0.0542477334728899,0.0498111511285179,0.0502145985688895,0.0551894261006625,0.0554056365858367,0.0502756673284498,0.0424108652677408,0.0382580343472658,0.0284433133251309,0.0274711039600227,0.027640398519716,0.0275550807752235,0.0267985733137999,0.0242942263702094,0.0229673480088938,0.0278414751620998,0.0274365420934325,0.0303436129925932,0.0184003581648734,0.0176614990950316,0.0210855387549692,0.011721395635349,0.00775303403025597,0.0176811283487602,0.0131624150674858,0.0117336305573323,0.00868284220637535,0.00842976902735621,0.00854219863019422,0.00861291002926612,0.0083408223168256,0.00804682419726601,0.00707290490506179,0.00585107060090953,0.00551232578709053,0.00521457156007935
124,"CAN","Canada",0.103453697688037,0.138974800014981,0.184358264211926,0.202685744436802,0.262950401050521,0.299000627088708,0.324418343870429,0.36068262143176,0.340254017223623,0.37699703637516,0.42320496457449,0.405497755595892,0.40643728223505,0.393244461860638,0.374462889667228,0.370789818774612,0.355319194895823,0.342527042646363,0.31748292485486,0.307457134515627,0.276782513485301,0.272090696219511,0.255111456082886,0.255111265083276,0.217820431684674,0.207195522387245,0.187795834468449,0.16690771743094,0.119822081340868,0.140967461160135,0.101810116242801,0.0405957618902595,0.0473861118635712,0.0304266612012791,0.0275259928335582,0.0277620196653366,0.0301809789569246,0.034364049476607,0.0377820475948032,0.0401749355046526,0.0397558129467574,0.0439260292847023,0.0696917327348974,0.0572149810042787,0.051296295268256,0.0533145338921608,0.0441880003883864,0.0414855667872422,0.0351028814371086,0.0365794675121217,0.0430409547433486,0.0448603388862064,0.0424600373672918,0.0411221022878379,0.0406604616544086,0.0377371159898539,0.0382228973612912,0.0398893231893758,0.0417666676770463,0.044340920447077,0.0346033430783162,0.0499983373598495,0.0501325900544759,0.0513002550096887,0.0453210688675344,0.0451726761911456,0.0326268838387243,0.0615173025955977,0.0553893317326491,0.0506170688346038
136,"CYM","Cayman Islands",0.000138869606586848,0.00508667284020546,0.00782060080296717,0.0095275141459901,0.0120939598717945,0.0119944180957726,0.0127990281214983,0.007893544986716,0.011940635320487,0.0133762380283248,0.0120994883272352,0.0128101747194881,0.0133920236196356,0.0138771638131322,0.0142878543719566,0.0146400087160353,0.0146374167609149,0.0146347259320792,0.01463192784991,0.0146290198819705,0.0139433870112923,0.0139269383643775,0.0139098320709275,0.0138920224281427,0.0138734650153321,0.0138541168855955,0.0138339219999848,0.0138128246583286,0.0137907633642995,0.00574532528957231,0.0289963988535247,0.0446943822931159,0.031123258457749,0.00673934930617746,0.0047433222499654,0.00161730869035475,0.00311481661090664,0.0126860432460129,0.0433283813009742,0.00178214859750331,0.00225209337134731,0.0314473239513958,0.0211106874119777,0.0340941302546483,0.0862060592774596,0.0784176255858989,0.0684180078808743,0.0624356106371865,0.0542349265752922,0.0458895062090809,0.040171419259079,0.040171419259079,0.0391166317048064,0.0391166317048064,0.0391166317048064,0.0391166317048064,0.0391166317048064,0.0391166317048064,0.0391166317048064,0.0391166317048064,NA,NA,NA,NA,NA,NA,NA,NA,NA,NA
140,"CAF","Central African Republic",NA,NA,NA,NA,NA,NA,NA,NA,NA,NA,NA,NA,NA,NA,NA,NA,NA,NA,NA,NA,NA,NA,NA,NA,NA,NA,NA,NA,NA,NA,NA,NA,NA,NA,NA,NA,NA,NA,NA,NA,NA,NA,NA,NA,NA,NA,NA,NA,NA,NA,NA,NA,NA,NA,NA,NA,NA,NA,NA,NA,NA,NA,NA,NA,NA,NA,NA,NA,NA,NA
148,"TCD","Chad",NA,NA,NA,NA,NA,NA,NA,NA,NA,NA,NA,NA,NA,NA,NA,NA,NA,NA,NA,NA,NA,NA,NA,NA,NA,NA,NA,NA,NA,NA,NA,NA,NA,NA,NA,NA,NA,NA,NA,NA,NA,NA,NA,NA,NA,NA,NA,NA,NA,NA,NA,NA,NA,NA,NA,NA,NA,NA,NA,NA,NA,NA,NA,NA,NA,NA,NA,NA,NA,NA
152,"CHL","Chile",0.0223695309860034,0.0250771875008145,0.0296600047141613,0.0277944952972742,0.024123383357269,0.026707905298503,0.0273523910494247,0.0271938939137443,0.0267147988002375,0.0239807381504989,0.0158229130118634,0.0142198114107174,0.0145355613195541,0.00620049218930087,0.00379889042482354,0.0103193130002766,0.00803629327854049,0.00616470909238841,0.00931237910493096,0.00993802297689412,0.0475560398147094,0.0106037307212353,0.0151456760412456,0.0170278254266143,0.00735107533242982,0.017992205499709,0.00886594442122404,0.0151706471741968,0.0158071898387079,0.0103183887245404,0.00827937259871567,0.012364437108419,0.0102594159182074,0.0143039885633301,0.0115890495207022,0.0109686066862329,0.00797170823128756,0.0122631698492719,0.0146280717929076,0.0134232421547708,0.0172436412242079,0.0182456691733507,0.0178046406232461,0.0207971475294264,0.0197316164662205,0.0216762600341587,0.0206148139710706,0.019555881028797,0.0203545923643688,0.0104239487871193,0.0120232173715036,0.0157810519790025,0.0130215059437213,0.0132950937175991,0.0104416051553831,0.0112214909952596,0.011279230292429,0.0121114225050854,0.009387495416932,0.00921410482227844,0.00847706253847817,0.00230933853899159,0.00383954589355985,0.00474423266427796,0.00413477848598314,0.00293813784654274,0.00306941987482184,0.00638164984351672,0.00650623117757306,0.00605070802529633
156,"CHN","China",0.00399575157167669,0.00428967295876457,0.00444416410564802,0.00444500398080257,0.0045290874897666,0.00459816032292814,0.00466186170778063,0.0047069505643887,0.00448175541277885,0.00455019711103786,0.00430873444134633,0.00520822556374631,0.00527510757602617,0.00576615571818699,0.00596196062519211,0.00619325166569852,0.00616044994623504,0.0066752122913868,0.00686444492738004,0.00648887312026507,0.0105643033997189,0.0116739900693221,0.0124584633514293,0.011537045176926,0.0116266719299679,0.0124347835546796,0.0156983873924837,0.017793849764025,0.0183572849098341,0.0189291888940074,0.01576758748084,0.0135486825672883,0.0213592981232747,0.0216999131521929,0.0201967028841692,0.0230274456419371,0.0226055726313205,0.021321332305552,0.0237235456796819,0.0255673636650599,0.0247652653297073,0.0244762957786038,0.0213349527608183,0.020102060245676,0.0173063312245732,0.0158821676065421,0.0152358272379423,0.0145055748546594,0.01415697756523,0.0142646554275966,0.0151322809204282,0.0174631087411307,0.0180740986642354,0.0172113288874642,0.0166984028791156,0.0165711306273937,0.0164745413710643,0.0168726123455522,0.0158640380550639,0.0159636263580754,0.0168242148573034,0.0137315985948658,0.0118089660992058,0.0116386160890132,0.0439232566177147,0.0232462047465303,0.023633251647267,0.0262014401856992,0.0281905732685806,0.0281968423702484
170,"COL","Colombia",0.237511722465856,0.237511727118278,0.237511739097528,0.207023888596091,0.190704260866471,0.195710720339528,0.139365939852734,0.176655143976147,0.286838623453547,0.257105188502691,0.198167342652753,0.254133869163011,0.212752814785725,0.245053910488285,0.20083708103776,0.168777214176806,0.149747954287806,0.185284972931436,0.216795058061898,0.0832181406299511,0.21431135296192,0.235322705209512,0.165987114003084,0.189255030263167,0.203457896577737,0.223724832615733,0.115616264567805,0.28765052873679,0.13523538627788,0.244972530959182,0.143373334436717,0.13162004584169,0.30591295366238,0.368512382303972,0.352632138945387,0.341478178978211,0.342219177177994,0.325234032346903,0.328173066587058,0.280905934912266,0.204613277133293,0.378610582830707,0.185261100531666,0.176054228638086,0.167001761185769,0.120999742527228,0.112518696862247,0.12343668325151,0.184146792352873,0.111648886945435,0.135012742387191,0.143401804598933,0.0439474859197912,0.14310791562571,0.151144882507485,0.0548052713278981,0.0776172012288174,0.0719184268928303,0.102357964282877,0.12685556056086,0.0362544875232565,0.0423320200211548,0.0486545397876774,0.0718720389254666,0.0731535143819905,0.0803803485600919,0.0494916840373952,0.112393082929688,0.0556554387212892,0.101692936830036
174,"COM","Comoros",NA,NA,NA,NA,NA,NA,NA,NA,NA,NA,NA,NA,NA,NA,NA,NA,NA,NA,NA,NA,NA,NA,NA,NA,NA,NA,NA,NA,NA,NA,NA,NA,NA,NA,NA,NA,NA,NA,NA,NA,NA,NA,NA,NA,NA,NA,NA,NA,NA,NA,NA,NA,NA,NA,NA,NA,NA,0.0369540092793611,NA,NA,NA,0.149231126212623,0.291539869522,0.218385559475564,0.325381996954609,0.325431992076202,0.495052803960955,0.517904361533069,0.57387182042173,0.5232516408254
184,"COK","Cook Islands",NA,NA,NA,NA,NA,NA,NA,NA,NA,NA,NA,NA,NA,NA,NA,NA,NA,NA,NA,NA,NA,NA,NA,NA,NA,NA,NA,NA,NA,NA,NA,NA,NA,NA,NA,NA,NA,NA,NA,NA,NA,NA,NA,NA,0.0015427587893435,0.00102757246735354,0.0000000990186670670578,NA,NA,NA,NA,NA,0.0498848678265368,0.0875146105126446,0.16962353219011,0.20008906746085,0.172044559783035,0.206960188453332,0.181006589103735,0.132859393373237,0.144270856756477,0.22581563905904,0.238749123870744,0.224142552192258,0.242926695390576,0.248097757881404,0.249195532513416,0.275342491557008,0.276774261903122,0.174289574251077
188,"CRI","Costa Rica",0.410596395323076,0.406651602972863,0.398754404785382,0.378783555818865,0.381071953845791,0.495610073546015,0.478688099905641,0.47594203581144,0.559377174702367,0.646144431539689,0.659377619492683,0.646754858650204,0.640464348563547,0.666474504135569,0.68149086653492,0.676760625254576,0.684568798946935,0.676411532998645,0.664259492281142,0.672369370102818,0.609078656644806,0.657425953193741,0.569638792905995,0.593641662625126,0.570790747610656,0.557751995114361,0.543680752866341,0.48741238556297,0.400344192771103,0.468012433930335,0.53530120157855,0.595005295539647,0.63572888320121,0.578705085163299,0.583214145640787,0.660361685470087,0.666931405564054,0.627994358628299,0.618797435002181,0.596951347815745,0.59500869412734,0.464920675408367,0.521889477936207,0.584985868250829,0.602971490779253,0.595063050478561,0.536204513692772,0.415182773827875,0.408350024804283,0.37755915996705,0.31343211657082,0.288587306270552,0.28447887481025,0.2972901982388,0.442905099803262,0.425317755697063,0.466433776881762,0.446722085563049,0.472729662475681,0.497771541835421,0.449238921957847,0.511735867586831,0.494004878709849,0.482390195297626,0.532323637976411,0.5324901934789,0.557305880744827,0.580776063351786,0.550539612090222,0.572135931555934
384,"CIV","Cote d'Ivoire",0.00675097774893267,0.00904421727458554,0.0148207242069796,0.0214879607443117,0.0291346936727987,0.0331939570228776,0.0321539649429066,0.0313790269869353,0.0333980316609664,0.0402397574135894,0.0403242295485487,0.0491620630772587,0.0495731231323344,0.048398461031403,0.0490225245790317,0.0513365989416062,0.056080939357819,0.0499022561618198,0.0448643851497772,0.0481357366700661,0.0354153312053938,0.024045304757161,0.0262080215633251,0.0298124006802716,0.0239803266204459,0.0225084446974767,0.023392010757789,0.0270813443958846,0.0271696797322867,0.0269920642239495,0.0280537450938191,0.0254346956168633,0.0242584414260121,0.0262728295101201,0.0269732132315893,0.0288828524379965,0.0310361999966194,0.0310337565319451,0.0341472225723537,0.029911023727106,0.0272565347059051,0.0331722272702408,0.0378527662574664,0.0431995070978823,0.0403190832259306,0.0415382747492567,0.0420925420361962,0.038825016640003,0.0355916792833203,0.0319563658709921,0.0300553115761887,0.0283740176777665,0.0284465250661058,0.0162391117856509,0.0160952323558511,0.0286512311251751,0.0144244877609562,0.014468654060725,0.0148197129133438,0.0188404096649595,0.0273718870881395,0.023797527840426,0.0190822812293734,0.0199948221833104,0.0335802470445158,0.0319381661454852,0.036000743800256,0.0288956975169333,0.028889609641838,0.0401973017561349
191,"HRV","Croatia",0.0453242260160769,0.0609932446434025,0.0590417670830065,0.047428011231047,0.0546232723133293,0.0645879145472398,0.0544004999875908,0.0527452450398224,0.0545941379330198,0.0538341686313172,0.0567864343578181,0.0603426789170499,0.0682560201356264,0.0628170120001056,0.0662777672543878,0.0689396834297324,0.0635625950320472,0.0591267139682189,0.0621396018261683,0.0649698769549576,0.0623273315096785,0.0594385464312432,0.0547711206361511,0.056750024066707,0.0581529695110768,0.0602329822872553,0.0541949921073453,0.0477364835571529,0.0683650306797299,0.076624194286351,0.107233934758308,0.0860492363673896,0.0964877460393087,0.0899077090245222,0.102509742639073,0.106783356230995,0.113925078862747,0.119313233253396,0.107169364445003,0.10057304272799,0.0863706114626224,0.098099903427563,0.119434486865975,0.119584102734988,0.139657365460423,0.141477482495958,0.124349042840039,0.123666752291636,0.113790753519584,0.0900754661484823,0.0822204463113166,0.0845602255004196,0.0587405167782987,0.0873495326654145,0.101140626358844,0.107740762152711,0.099677368993909,0.0993634074002046,0.085337372978865,0.0757879086449211,0.0866894244667542,0.0663246387437658,0.0704026706296197,0.0636990179758618,0.0694455694177906,0.0271575156769895,0.0279257554211691,0.0276908792892915,0.0277618046880601,0.0278267448832558
192,"CUB","Cuba",0.000611109368096822,0.000519810239547967,0.000525332384159964,0.00114033023038556,0.000616188373026975,0.00100984738121791,0.00186147495783668,0.00146249551430198,0.00111640946690501,0.00288540784456332,0.00317729973854152,0.00305084891901047,0.00319622906460992,0.0132610486877072,0.00977628798678568,0.01095998908073,0.0423534158098843,0.0801971994712064,0.0545288718676589,0.0463987840264714,0.0684240399410517,0.127376849104117,0.114541678462226,0.0759318803175475,0.066230722057504,0.123638145068247,0.14264045751457,0.0714165540876544,0.31667905372876,0.368452177933236,0.376461179314543,0.440331248136533,0.0201362291163213,0.0637702110551799,0.0434795018274651,0.0316790045415341,0.0212848476913589,0.0170617603372809,0.0152880928874842,0.0151620266623452,0.0186533237099273,0.00934188511894193,0.0355047678927975,0.0129355193739682,0.00833230254448857,0.0334839019929972,0.037246090482663,0.00576377950052498,0.00391727960663843,0.0217513104438671,0.00888824150214501,0.00121088280396472,0.00223583761169765,0.00343141998885629,0.00450498123089992,0.00606927206946986,0.00495606208872204,0.000651423059315705,0.000295581923547654,0.00032941042954215,0.000470274803505191,0.0412971168204612,0.0306155672007773,0.000415697301101465,0.000416552972103124,0.000425071042526422,0.000375335343988662,0.000372924819930046,0.000571370260578794,0.000401227711227891
531,"CUW","Curacao",NA,NA,NA,NA,NA,NA,NA,NA,NA,NA,NA,NA,NA,NA,NA,NA,NA,NA,NA,NA,0.0183309100649183,0.0160255755834021,0.01417185440726,0.0140221263554995,0.0138554189719179,0.0132581538760515,0.0121376262663251,0.0104282657892818,0.0165891084912754,0.0165219047061159,0.0151667423238377,0.0161818160677733,0.015164544632228,0.0150474560273227,0.0146163296708182,0.014161352024501,0.0124309036914245,0.0140526498712006,0.01386867484818,0.0226901118002365,0.0243139569617301,0.0203800203565023,0.0230474086862296,0.0238062397191342,0.0209463571219226,0.0231626395676287,0.0423906696800439,0.0433699962698843,0.0428063035309521,0.0443590170420752,0.0452273261274115,0.0433899455991249,0.0406098196507378,0.0386183558520684,0.0378958162508648,0.00402221650669478,0.0369405032786524,0.0339084064358029,0.0570260571262974,0.0532475370943692,0.0431060069575918,0.0435979584827125,0.0435343945251774,0.226385691146319,0.177569414528771,0.22920854888202,0.203064470526023,0.188265541957472,0.164096786744872,0.224239476362423
196,"CYP","Cyprus",0.0750758434156954,0.0862952494236806,0.0813464641772878,0.0817885522287611,0.0845797452132898,0.0840394922639106,0.119630545307573,0.151887230472953,0.165503375421902,0.202588849669455,0.223554954403486,0.266727897000653,0.232370343112248,0.239195357039528,0.264026497058115,0.222682709393606,0.231869402520327,0.23924149633972,0.215550710960877,0.222305075139266,0.231210274843508,0.243139429948949,0.240027554119959,0.239628890849344,0.214187139022436,0.240994912071358,0.232865037461772,0.222307885105219,0.219277485499308,0.219066265427116,0.221878178679989,0.219549223710385,0.219061772515322,0.198445025664576,0.191537277255764,0.190083149133989,0.190419937943422,0.191101304601899,0.400451501332646,0.403311350506437,0.409061111846587,0.387683970040121,0.370502723521688,0.350471776737476,0.327731948500987,0.307781898790734,0.285297808291064,0.259515058572202,0.231363868014108,0.201478370203177,0.170879104951713,0.169275420884295,0.165902539841173,0.166120848659314,0.166772796898771,0.167503782283352,0.168999800479966,0.168928160121464,0.168806747465998,0.168369522111343,0.168407529126029,0.137952111112255,0.307722837612897,0.294606646653458,0.29416074488799,0.266698287203557,0.252248136676878,0.266227703146594,0.223780651478487,0.213808713181236
203,"CZE","Czechia",NA,NA,NA,NA,NA,NA,NA,NA,NA,NA,NA,NA,NA,NA,NA,NA,NA,NA,NA,NA,NA,NA,NA,NA,NA,NA,NA,NA,NA,NA,NA,NA,NA,NA,NA,NA,NA,NA,NA,NA,NA,NA,NA,NA,NA,NA,NA,NA,NA,NA,NA,NA,NA,NA,NA,NA,NA,NA,NA,NA,NA,NA,NA,NA,NA,NA,NA,NA,NA,NA
180,"COD","Dem. Rep. Congo",NA,NA,NA,NA,NA,NA,NA,NA,NA,NA,NA,NA,NA,NA,NA,NA,NA,NA,NA,NA,NA,NA,NA,NA,NA,NA,NA,NA,NA,NA,NA,NA,NA,NA,NA,NA,NA,NA,NA,NA,NA,NA,NA,NA,NA,NA,NA,NA,NA,NA,NA,NA,NA,NA,NA,NA,NA,NA,NA,NA,NA,NA,NA,NA,NA,NA,NA,NA,NA,NA
208,"DNK","Denmark",0.117901253630797,0.106593864057978,0.0983889304958059,0.0821545368464309,0.104964188441263,0.0931013455944313,0.0757250945668001,0.0933239282370354,0.0689830256279502,0.0820549371515359,0.0814025188589949,0.108497053837093,0.0776403326000693,0.0888699408897594,0.119267911021011,0.115628726323017,0.116107672610407,0.0823704546263566,0.0760856966465117,0.098129577799013,0.1158158370664,0.0636748061968334,0.0641836025063547,0.0603052860706187,0.0648723778038325,0.0461299293140556,0.056797401197138,0.0418650540931122,0.0489676594582168,0.0428498574573437,0.033503725978451,0.0396450760580503,0.0488216364807723,0.0500696420135689,0.042096966954665,0.0431006467504636,0.0387755445599965,0.0397170887991304,0.0326577555440053,0.0252911196722069,0.0289266142023903,0.0263923938261636,0.0295387399122356,0.0288427772823993,0.0260986274513384,0.0230078536061918,0.0295780492303256,0.032093220664183,0.0397927183380585,0.0376753170381342,0.0376658018103491,0.0365643847664945,0.0406528130752396,0.0565966496795312,0.0479689537119907,0.0535878874486161,0.0505656540439508,0.0314770534693289,0.02637135269191,0.0230758112820961,0.0273402127943153,0.0349870813447615,0.044598678352824,0.0367730345400321,0.0378824177439367,0.0172397091593329,0.0214149435806744,0.0220963827674723,0.0194421472091894,0.0216924987596321
262,"DJI","Djibouti",0.00968626425205453,0.0096847389864133,0.00968524384217254,0.00968572458763823,0.00968618293242992,0.00968662040811081,0.00968703838466582,0.00968595134130864,0.00968491098510247,0.00968391434806025,0.00968295873393047,0.0096820416636939,0.00967694026156571,0.00967204083898394,0.0096673316332658,0.00966280175360354,0.00965844119010806,0.00965424060272602,0.00965314506305377,0.0096521500842326,0.00965124242584427,0.00965041106736204,0.00964964679230319,0.00964894178887928,0.00964828941603321,0.00964768399490119,0.0096471206326287,0.00964659510030102,0.00963344059636284,0.00965275903081451,0.0093568812879651,0.00907639555906101,0.00880187014087018,0.00854836561468129,0.00830466719544771,0.00806679031106822,0.0078628457122425,0.00970104949649009,0.00970590753462479,0.00969635304695559,0.00970684917286088,0.00969884239929304,0.00864285383625573,0.00858641766113692,0.00864016039213912,0.00965402961433568,0.00931051616872392,0.00934795919690841,0.00915967453236373,0.00919415022069244,0.00913969958708897,NA,NA,NA,NA,NA,NA,NA,NA,NA,NA,NA,NA,NA,NA,NA,NA,NA,NA,NA
212,"DMA","Dominica",NA,NA,NA,NA,NA,NA,NA,NA,NA,NA,NA,NA,NA,NA,NA,NA,NA,NA,NA,NA,NA,NA,NA,NA,NA,NA,NA,NA,NA,NA,NA,NA,NA,NA,NA,NA,NA,NA,0.0000355714340283034,0.000237540923713401,0.00777700407648992,0.00606491890670985,0.00786653117182849,0.00734675586141235,0.00853879371916789,0.00738643226724142,0.0053084902195996,0.00532185914351666,0.00535022153768269,0.0166475721376778,0.0211289727091481,0.00932841261071255,0.00181594121514253,0.00266435662005444,NA,0.15411318289252,0.213110608822921,0.245709076132297,0.264532648352827,0.287676637552207,0.306599944508582,0.300892197473131,0.2969716795244,0.290876618564608,0.277741298520678,0.259272348292222,0.160367048509952,0.140087365738402,0.110048872607746,0.159661315737657
214,"DOM","Dominican Republic",NA,NA,NA,NA,NA,NA,NA,NA,NA,NA,NA,NA,NA,NA,NA,NA,NA,NA,NA,NA,NA,NA,NA,NA,NA,NA,NA,NA,NA,NA,NA,NA,NA,NA,NA,NA,NA,NA,NA,NA,NA,NA,NA,NA,NA,NA,NA,0.000622231788658741,0.000404888087825347,0.000144336330625337,0.000513026805196774,0.000578463304586238,0.00111422835738595,0.000250641244946657,0.000493504093282931,NA,0.000334310233870893,0.000304561374903046,NA,NA,NA,NA,NA,NA,NA,NA,NA,NA,NA,NA
218,"ECU","Ecuador",0.00920640544665523,0.010067939114248,0.00985690692403786,0.0106554118964652,0.0142340291166965,0.0165988188131497,0.0211649163270278,0.0194739383409055,0.0238439920491366,0.0233665641885372,0.02323858981569,0.0321410603571121,0.0319683842583959,0.0299221846111549,0.028622714840369,0.031674713127643,0.0297549767333836,0.0311937598636285,0.0269458539929381,0.0346286031139332,0.0222188783378649,0.0199232969708002,0.0194505938211769,0.0150836305818238,0.0111105762021646,0.0118592437336309,0.00770003889615202,0.00441218871802884,0.00344630526766045,0.00467142478510005,0.00404297472470472,0.00519606904105553,0.00438358111134584,0.0102183681288633,0.00372414347612843,0.00292968540225604,0.00532344104582041,0.00863480896329642,0.00635910947371089,0.00913837594014015,0.0202369067071804,0.0236564929809921,0.0297575997521124,0.0204608963905867,0.0177268728636285,0.017920546025784,0.0135094677513434,0.0340573921844985,0.0439533661754492,0.0481614827057573,0.0292109045464906,0.0231372685486094,0.0283030786910708,0.0357450464564296,0.0311075100335712,0.0305646424676463,0.031616955347219,0.0233049698097276,0.0304372126803226,0.0299859077702703,0.0343049133503214,0.0468137673780003,0.0474655964249028,0.0471307999371406,0.03404806527823,0.0245960594447326,0.0146690585924477,0.00933822608697243,0.0205520773825143,0.0199422276850602
818,"EGY","Egypt",0.138556056647423,0.135407924101424,0.127402940382886,0.124584573355962,0.12995183204914,0.129974865235079,0.111914772530537,0.188015177015062,0.19873084713853,0.185646569578575,0.155866193736217,0.216708456329245,0.215257792797275,0.278310085164666,0.36768893045058,0.394110273798204,0.377726864868844,0.358009085850834,0.342078470924267,0.296333017393176,0.303914414154992,0.246737680430097,0.266803480029647,0.25656645443392,0.219457842881358,0.372269237711493,0.310060348701951,0.296671872250645,0.27050680836456,0.206575352106124,0.24098549560355,0.243792460513943,0.213630936844292,0.185671023431728,0.156110999151061,0.135131639615072,0.18753862257838,0.147597814094999,0.134150221422036,0.108683265588962,0.108511587611223,0.104031290660105,0.110086949330956,0.113193933390984,0.130610880660508,0.142723698990034,0.142728534914942,0.139968358974733,0.145361998779175,0.143427963338919,0.167711518199911,0.177273341360952,0.178832392455679,0.206419563570596,0.195866884047899,0.185414008314775,0.169378178527889,0.113137302309856,0.124570627508464,0.125510830643731,0.13582151650817,0.162464209307558,0.18650236161868,0.183863460370895,0.178216709025721,0.176776325292932,0.153383293559498,0.152314789708106,0.144396226230539,0.148872542496178
222,"SLV","El Salvador",0.063941153497593,0.0700775477194142,0.0700840719811704,0.071410039594372,0.0712411443755849,0.0722459323336064,0.0730212182175948,0.762532665179799,0.8504778784323,0.855149044135632,0.878322805630899,0.884585584854328,0.884166956457265,0.881947596777436,0.882818154479372,0.877326153246037,0.887671894974583,0.872659640263474,0.85855729957159,0.853506362144936,0.850928705002446,0.83629317969819,0.829380642943561,0.851524665714282,0.812365072480503,0.826275670303689,0.830970921798997,0.819313932115846,0.865543415138224,0.802085146925795,0.526164149960955,0.670693236512427,0.71887619367265,0.698904129212991,0.765985447352947,0.625382670669927,0.597833591329274,0.544470540463454,0.583377435571833,0.580409938141054,0.520833238381067,0.466510866266906,0.418104799781918,0.459721813393239,0.402515313355269,0.400253167627786,0.437451129797087,0.390758459978785,0.432741617169559,0.384146530825184,0.334439497357351,0.308807794414868,0.220831898075641,0.30431732640056,0.222099022992906,0.219193988641851,0.239808102921447,0.227222874646117,0.174624481070339,0.148246545533379,0.19243451088001,0.0856098121761533,0.0850628035653954,0.0794334804420868,0.0745590342945043,0.210435799322693,0.281860255481219,0.274959025198425,0.249112473170387,0.252965475695547
226,"GNQ","Equatorial Guinea",NA,NA,NA,NA,NA,NA,NA,NA,NA,NA,NA,NA,NA,NA,NA,NA,NA,NA,NA,NA,0.00101588058421887,0.00142257882691438,0.00231783444045661,0.00227861194829729,0.00224369922243316,0.00221276239240175,0.00218551780354557,0.00222097188769641,0.00225797718849033,0.00229663167533303,0.00158275110147788,0.0015231251559704,0.00118433702790332,0.00135781166473563,0.00270237909001843,0.00263962565117489,0.00346524571362758,0.00318280872696147,0.00314292540071671,0.00438865077384873,0.00443689217889002,0.00414804558708696,0.00414241772286162,0.00435531557665553,0.00426717131266652,0.00394913619544497,0.00298865263660666,0.00135697822567294,0.0011064455243303,0.00108553411687195,0.00106633905541517,0.00104883603783739,0.00103302905554446,0.00101894113554779,0.000968438025543638,0.000919647728438816,0.000872520115267033,0.001521881135931,0.00126541350362123,0.00989719275921894,0.00851742197678808,0.00591684006415494,0.00171223309132641,0.00153066062071316,0.00141506679837138,0.00145412605093691,0.00146809601528471,0.00146469404854298,0.00146228510254236,0.00198276185535759
232,"ERI","Eritrea",0.00944099573802815,0.00944099573802795,0.00944099573802798,0.00944099573802808,0.00944099573802798,0.00944099573802792,0.0107780402522264,0.0125562740045068,NA,NA,NA,NA,NA,NA,NA,NA,NA,NA,NA,NA,NA,NA,NA,0.128226371038878,0.0906061637282899,0.122558626749718,0.159488544011533,0.155405960761279,0.095053557744179,0.102880237145514,0.052479677058622,NA,NA,NA,NA,NA,NA,NA,NA,NA,NA,NA,NA,NA,NA,NA,NA,NA,NA,NA,NA,NA,NA,NA,NA,NA,NA,NA,NA,NA,NA,NA,NA,NA,NA,NA,NA,NA,NA,NA
233,"EST","Estonia",0.00333930019875873,0.00287638760399336,0.00269391014997251,0.00228162532361617,0.0021388528636801,0.00167242296967726,0.0714826805074553,0.254774041032403,0.360075168929996,0.403267442950032,0.498018695969688,0.496856779121796,0.395205349884536,0.463121051815889,0.411904276276973,0.38736343006567,0.340683111857577,0.338565709737567,0.372554366698246,0.379898251638465,0.347208102001194,0.34086713449407,0.328937798763932,0.303510942683298,0.235618768396249,0.18786825764005,0.109919303219867,0.0894497968552649,0.0959640167263615,0.328351523437631,0.412362970036889,0.225387019639615,0.316650360540662,0.0265613939510963,0.0299473987837999,0.00824550699290061,0.0245147515161171,0.0117319317135662,0.00184847497932497,0.0256224145377281,0.0448134223903874,0.0205154277410979,0.00372326626911956,0.0938411940644934,0.0054811218803972,0.00576853552403367,0.0101408631972793,0.0126796113189187,0.011695646627435,0.0140402721662411,0.0423421952840339,0.0188038303037063,0.0219777259768237,0.0193324081451919,0.0206953761368412,0.0262433814701866,0.0203763669918417,0.0211078117557361,0.0194935412926247,0.0202503267662254,0.0553348776794316,0.0900804044423306,0.060083932789323,0.0713444344543692,0.0571249713172826,0.0560003607550644,0.0496084513434259,0.0599344814629703,0.0525095663099787,0.0525278257467794
748,"SWZ","Eswatini",NA,NA,NA,NA,NA,NA,NA,NA,NA,NA,NA,NA,NA,NA,NA,NA,NA,NA,NA,NA,NA,NA,NA,NA,NA,NA,NA,NA,NA,NA,NA,NA,NA,NA,NA,NA,NA,NA,NA,NA,NA,NA,NA,NA,NA,NA,NA,NA,NA,NA,NA,NA,NA,NA,NA,NA,NA,NA,NA,NA,NA,NA,NA,NA,NA,NA,NA,NA,NA,NA
231,"ETH","Ethiopia",NA,NA,NA,NA,NA,NA,NA,NA,NA,NA,NA,NA,NA,NA,NA,NA,NA,NA,NA,NA,NA,NA,NA,NA,NA,NA,NA,NA,NA,NA,NA,NA,NA,NA,NA,NA,NA,NA,NA,NA,NA,NA,NA,NA,NA,NA,NA,NA,NA,NA,NA,NA,NA,NA,NA,NA,NA,NA,NA,NA,NA,NA,NA,NA,NA,NA,NA,NA,NA,NA
234,"FRO","Faeroe Islands",0.0515810169398712,0.0515441067158743,0.492969053200547,0.465109292875802,0.527785361241982,0.54350895693621,0.490921445918057,0.54252442673365,0.605483972857417,0.641435605458017,0.654126890612551,0.644309324492186,0.690358831938155,0.675877098821875,0.650288283826758,0.607290528481228,0.559684282363765,0.532318833814338,0.463021124305736,0.334766039164655,0.213826665770913,0.246495051713649,0.213694567981595,0.148642344588659,0.10564563719555,0.0824272875345959,0.0658237208769267,0.0665236052055504,0.0315182537401768,0.0425649472777018,0.0402100910008867,0.165649426273491,0.0717720581221357,0.0644542934884496,0.0341141153220005,0.0310478648897149,0.031681621177352,0.0310010538443608,0.037983718013873,0.0346166245045521,0.0332652411964018,0.0563461401036137,0.0350851005750502,0.0450989618224468,0.0389372567259044,0.0339252548420135,0.0357905111401148,0.0340228032863383,0.029011856490364,0.0263714131372623,0.0230474379155218,0.0224631129004988,0.0219110657460526,0.018593714311294,0.0164096872563186,0.0142919300814922,0.0126231072700018,0.0096195868730355,0.0140902026989786,0.0106072295592025,0.015674101712509,0.0150583446242194,0.0125968808695081,0.0121259812175432,0.00947561911296413,0.00855667166454652,0.00840036712982021,0.00386289830038549,0.00297113511386356,0.00155641734595879
238,"FLK","Falkland Islands",NA,NA,NA,NA,NA,NA,NA,NA,NA,NA,NA,NA,NA,NA,NA,NA,NA,NA,NA,NA,NA,NA,NA,NA,NA,NA,NA,NA,NA,NA,NA,NA,NA,NA,NA,NA,NA,NA,NA,0.0402536548568803,0.0402998233554475,0.0402776344859525,0.0402831967391212,0.0402828563335906,0.0402993535510297,0.0403053321031805,0.0403054765164793,0.0403036123895706,0.0403051312750183,0.0403037169558037,0.0403055684853016,0.0403061385440252,0.0403050817744391,0.0403062288845094,0.0403058620724902,0.0403063770250137,0.0403062588069438,0.0405689067946099,0.0404039030240675,0.0405565376906656,0.0403468444421049,0.0405205400137294,0.0429783519805543,0.0452852546209618,0.0403209503788614,0.0394653877395794,0.0391567206013268,0.0402182239219628,0.0430168814445866,0.0420479036818962
242,"FJI","Fiji",NA,NA,NA,NA,NA,NA,NA,NA,NA,NA,NA,NA,NA,NA,NA,NA,NA,NA,NA,NA,NA,NA,NA,NA,NA,NA,0.000159855061048378,0.000329559245558129,0.000414206151089855,0.000535481101363393,0.000389978827758859,0.000906008181531294,0.000728541678579491,0.000580086209378812,0.000723144450323343,0.000571090778762531,0.000441718811349229,0.000612425663703676,0.000524548269361181,0.000797667209238516,0.000899625589933188,0.00164301327879439,0.00398317323450572,0.00660907812588767,0.0160203789123462,0.0154715258923889,0.0293460311373632,0.0332394729848763,0.0423290776611199,0.0382807457560484,0.0868357288884195,0.101201747968195,0.102975243044798,0.0947914380068194,0.132804117927159,0.125176495209826,0.119688678718719,0.081767773259899,0.108580481369781,0.129309086756662,0.107323623374081,0.128010373200051,0.127117169699924,0.118752492866752,0.116864175698205,0.112338111623501,0.119209132893132,0.130712463556528,0.115191191273381,0.112828714441471
246,"FIN","Finland",0.0199704672335618,0.0222932558875035,0.0204923395146253,0.0114840080956034,0.0114884201636762,0.0114928129191107,0.0114971855900532,0.0115015391046792,0.0115058730105271,0.00967887203999369,0.00968205733113702,0.00968522883610226,0.00831531493433102,0.00602515459930094,0.00776625208475662,0.00748195088116591,0.00669181504370932,0.00691780850365284,0.00582949963224325,0.00628256857924687,0.00624850844522119,0.00513672609267154,0.00710969439266637,0.00539687643550945,0.00639426681210011,0.00614653118927223,0.0050776725389627,0.00492849952551343,0.00454553263082049,0.00670452554956703,0.0043787137802826,0.00412331731512798,0.00570637205044471,0.00496806684554107,0.00435155996056543,0.00384933341700994,0.00339264792288384,0.00481900603129333,0.00412524240424307,0.00401727477748577,0.00748653393044058,0.0092446395427568,0.00546130741400681,0.00407456976910027,0.00293433198594943,0.00366065511405657,0.00344874696594323,0.00357836244198527,0.00301647000941454,0.00335871391055621,0.0037563178465066,0.00322561866899936,0.00253325345960319,0.00302647309495052,0.00230178422645353,0.00182277529935867,0.00172565051439592,0.0016837025723575,0.00161342058476377,0.00160339809817449,0.00280066625189452,0.00363241390670764,0.00362392560378587,0.00279129935694101,0.00253028947547863,0.00205417034777639,0.00160618860704854,0.00171874634564248,0.00214636802150585,0.00192396634592192
250,"FRA","France",0.154996452014136,0.159135272463365,0.154927830939197,0.155512728458014,0.161280689095028,0.165067892965707,0.164901680370946,0.161883207073507,0.164362683266632,0.167239116799086,0.175885509019111,0.173938457527441,0.167072148292803,0.163417094722822,0.165848336814597,0.169585652918878,0.163425829506793,0.164492424764446,0.167387126489189,0.16376793997959,0.168562614657209,0.170183074031501,0.170019243338868,0.180540100630616,0.174425822112889,0.176044596552517,0.168950468612682,0.169907799079829,0.176535399910664,0.176407229803976,0.176202625450303,0.177447646770232,0.176627675247844,0.171842731957431,0.177578975018524,0.18952096030125,0.193317879083036,0.199316873048996,0.182366768528783,0.181815767508934,0.1940190286553,0.181673498850821,0.183009898800954,0.188931211742609,0.182845831036029,0.183674366624858,0.191744511843127,0.203769888627919,0.195678192190492,0.1797519691769,0.190238322921833,0.19183507590057,0.195661276537088,0.184024620530306,0.181005042859831,0.175732527856304,0.180340080338802,0.18618943046617,0.1788349578751,0.173654247507943,0.170686226792179,0.209227537034888,0.158637060941266,0.147821796766652,0.14647302981769,0.152535493490333,0.115872006237362,0.115970613848181,0.121569570527785,0.116914787422624
258,"PYF","French Polynesia",NA,NA,NA,NA,NA,NA,NA,NA,NA,NA,NA,NA,NA,NA,NA,NA,NA,NA,NA,NA,NA,NA,NA,NA,NA,NA,NA,NA,NA,0.000647585579123443,0.000819896195173818,0.000783471942099468,0.000895067428971201,0.000655175823284096,0.000829174616776556,0.000577124651241081,0.000667558208630788,0.000631486115494029,0.000409374384167122,0.000482458069124202,0.00118750921856376,0.0026143939326103,0.00414823835176008,0.024930833526207,0.0308955085493356,0.0238605911162733,0.0423031379223695,0.0959500631934901,0.113009081446521,0.114114944830709,0.10285773578632,0.129894344811858,0.115166803666318,0.0623020192204663,0.0454581931752364,0.0480131957403153,0.0441337282911274,0.060637720484554,0.043042105529628,0.0597487775125635,0.0487888224870482,0.0539584443580964,0.0610906496009197,0.0647471610550869,0.0712320760309963,0.0826011031333121,0.077717575551775,0.0693145311301902,0.0867782547710203,0.0989159785005458
266,"GAB","Gabon",0.000221490955925178,0.000208807032791113,0.000196241690321027,0.000183948932109804,0.000172051638941118,0.00016064247972156,0.00014978644660112,0.000232227094067836,0.0016589630599303,0.00253744448766171,0.00312318494339384,0.00353423680096945,0.00383268516005615,0.00405431033601489,0.00418756202516045,0.00428553582607044,0.00442398448300045,0.00454050351174728,0.00447011346504021,0.00440149186391056,0.00433314746949893,0.00426749296703708,0.00420348945361451,0.00414127778517992,0.00408047722515125,0.00369982558543491,0.00337807665893034,0.00310239618975743,0.00286351714222297,0.00265523020221475,0.00246564531132076,0.00233800026817587,0.00216483243081004,0.00203516626425961,0.00209539594552764,0.00773217401433531,0.00761829311311098,0.00740285714301095,0.00678854405247171,0.00721400691818391,0.0076345404992769,0.00738718775737468,0.00663612367346174,0.00589030543727676,0.0090519108835016,0.00801445401137317,0.00908361003322099,0.00561014613959559,0.00692902051886846,0.00720118091882032,0.0082965247470529,0.00542744240983938,0.00682547201456435,0.00606488425900918,0.00666870952178196,0.0155795396077789,0.0119705488561886,0.013574725534767,0.00896707157919709,0.00691431152820935,0.00648658550542858,0.00623664753490348,0.00664180210652562,0.00704095111350539,0.00736378479125212,0.00674586947563469,0.00667383475359801,0.00656241559969148,0.00653180620019223,0.00652425328314242
270,"GMB","Gambia",NA,NA,NA,NA,NA,NA,NA,NA,NA,NA,NA,NA,NA,NA,NA,NA,NA,0.00789070733145497,0.0142040404857373,0.0192814864665721,0.0233584000923654,0.0266167023129428,0.0291990817794299,0.0311641323340291,0.0334503773314256,0.0451030855544744,0.0539253785421128,0.0605107594639067,0.065578683048107,0.0693496484200276,0.0722358132504369,0.0817182709610457,0.10245277462376,0.0988163447234156,0.100167164350844,0.102384197013299,0.0925028956845395,0.098579786780046,0.0897279481530694,0.0791548986626136,0.0744626860267866,0.0590664245124889,0.0666572323774989,0.0555066741623655,0.046758750015447,0.047015135213244,0.0304577870925478,0.0221489040226591,0.0158754222859355,0.0238728579580295,0.046080519653998,0.0303029406447263,0.0231807121088749,0.0390846382867767,0.0360030616720106,0.0144752096937314,0.00182444229668681,0.000409266465867563,0.000650866010217579,0.000170097734158363,0.000587976360184093,0.000679662064729709,0.00134395027401043,0.000337776906044522,0.00071546628895642,0.00000643421294769597,NA,NA,NA,NA
268,"GEO","Georgia",0.0214836862633156,0.0249578933497584,0.0283809031957702,0.0317542280684471,0.0317235534580326,0.0336189643161795,0.0353768789931016,0.0370118664939387,0.0385365196584056,0.0399927764734422,0.0429738109844632,0.0489775063547723,0.0534842897694018,0.0569922993212653,0.0598007033310592,0.0622677465333116,0.0652813573255388,0.0675990196144886,0.069437143070903,0.0709651645225776,0.0724530905596729,0.0745208789229066,0.0758625284876917,0.0771772828006917,0.0780814068062804,0.0788117972917843,0.0792982615243612,0.0797100332827925,0.0803881094043526,0.0807112407819634,0.0809843123168153,0.0809758046326528,0.080970197863372,0.0809676166143884,0.080954418872602,0.0811107045639107,0.0814017047343416,0.0816810323942942,0.0703175118584487,0.0381639594612128,0.0412350106366348,0.0443313275254879,0.0471516086800747,0.0397027388140906,0.0336087944179447,0.036471229597578,0.0400296517384711,0.0402993771025087,0.0423104916093819,0.0363813995690749,0.0411832980495043,0.0436448641707962,0.0463649357719645,0.0517337383405075,0.0647735715414601,0.0680344782049708,0.0686836900271981,0.0736900150869001,0.0775383745508433,0.0762942884839002,0.0783503711239384,0.0712845712325502,0.0613598422463296,0.0772663949007887,0.071632282192476,0.0726641007782377,0.0720755443767936,0.0727442414433208,0.126926904414044,0.126798661546655
276,"DEU","Germany",0.0851321671938788,0.0650952903020406,0.0707380109085908,0.0781569984414704,0.0792959173164853,0.140929928659567,0.177994185033237,0.155348304851451,0.253238540129102,0.278463078961402,0.329074971572116,0.47348112228437,0.485261543689622,0.500902479984184,0.440537180773397,0.465605238138144,0.459297703936484,0.461146656439761,0.437433010656003,0.381009223753221,0.296386804771498,0.255695230458098,0.234469704412384,0.202547945092224,0.175737617550002,0.162880078840764,0.156618434938635,0.163845165000604,0.158654418646092,0.1133161883586,0.096464993817853,0.0837109198572404,0.130112181857724,0.106114717901266,0.082889584811411,0.103718746724214,0.106995679764513,0.121764592279418,0.119606994821812,0.124858455117977,0.131972709988005,0.181806161080265,0.195868192773151,0.153962771303738,0.172987707639142,0.15599202665088,0.177203956365578,0.16549370892852,0.134113475551196,0.160537623425336,0.16070161343879,0.138337801852841,0.14361363824797,0.129352966381297,0.141043050225588,0.144832208713038,0.129895296812498,0.13127733969926,0.145977368806054,0.147986289912289,0.160499226356347,0.132191227499436,0.128072030103461,0.126179163709246,0.121902802571597,0.110861558917163,0.0916988593133254,0.0806603051625535,0.082487093921741,0.0777580623803974
288,"GHA","Ghana",0.000515654674470941,0.000424619809059963,0.000964301126722174,0.000505039946769014,0.000983074610862248,0.00114356630352138,0.00198408463293302,0.00253958288428932,0.0210743860447085,0.0932847713492624,0.0362536047537704,0.0382413107016109,0.0700216036558855,0.132946267550636,0.331172422670451,0.283298209821723,0.260454119919855,0.248355480012788,0.221081029812276,0.208666011618792,0.212055236887778,0.145874471757245,0.163115603335838,0.273717414774978,0.24311228799454,0.283874281737813,0.284253937871154,0.286369795118761,0.282126464569256,0.123680393446873,0.30040679273127,0.329939784043238,0.319221267475868,0.303031626581678,0.235783720701435,0.260970583866166,0.238862159925509,0.208688325175468,0.222947994004035,0.23284129399484,0.246274749905145,0.267371954281937,0.212827277872657,0.227998089886934,0.245443080092241,0.257938433581322,0.222033824938236,0.210960731060775,0.218839019003599,0.220731706612759,0.224311314482997,0.229969856836033,0.250931228213517,0.229534053466792,0.186356082179831,0.19934476385493,0.205233053588434,0.223468956361975,0.202987436941862,0.234237648358932,0.271027235828267,0.205726718393797,0.233223392806858,0.241669356248065,0.256531994674112,0.239774806870213,0.243518607629842,0.248637190914963,0.25534379168689,0.257832961498305
300,"GRC","Greece",0.182482591994043,0.179285667419594,0.178337655690253,0.178607425648473,0.173048814850935,0.163378027821084,0.173702808082847,0.172084593826049,0.178149434478187,0.175927619866991,0.174286525946729,0.177828326255931,0.173336162845646,0.171987638348741,0.192694769429423,0.186167287835185,0.184801692003528,0.204399798235777,0.193097687107297,0.20263651500818,0.219032949067311,0.204734246313844,0.209216519387972,0.206957769414694,0.227671927725618,0.161369708251971,0.155479874049804,0.15670245328092,0.161841585200107,0.151176816241134,0.149155309522726,0.145266619889716,0.160416697464102,0.164036958703254,0.161822261028452,0.178281987302526,0.176642691679794,0.161804459649139,0.171581947028851,0.151006005684664,0.179274386186065,0.179360076532516,0.161814692309864,0.166568085533888,0.202790875775683,0.184398836735379,0.200720839897025,0.222365004028184,0.191600104277775,0.174781310855322,0.198023823823439,0.192671138498822,0.202208417844262,0.163667751259546,0.164665864003731,0.149156921816569,0.145292972028046,0.149086684972975,0.150296946636419,0.142717842433601,0.137951347504516,0.150894718574834,0.130138629806413,0.117551796394135,0.0980925334756375,0.12186364418197,0.0920401583299363,0.118815689932797,0.117689786954224,0.0871017970422394
304,"GRL","Greenland",0.126741374085715,0.123077748635084,0.119893180994124,0.120028492522909,0.113865918887764,0.111149483276601,0.111490300556007,0.111870171875012,0.118789032459161,0.115939015821086,0.114743257775462,0.119015022714286,0.120033238138126,0.107461375742099,0.093458587167072,0.0961975257815085,0.10199848247639,0.0986832872509714,0.0999041499446385,0.104952674194146,0.139817624158141,0.15260254623776,0.187576182561393,0.220271622741595,0.316109914233754,0.498086799170774,0.590621174281137,0.458052826900337,0.398858713074316,0.314718033716446,0.266078100013401,0.242952544852171,0.25387110798883,0.258357690605333,0.252589316722842,0.245997285166301,0.266882910532003,0.26890353793993,0.27339598853546,0.260719556540313,0.279792990814402,0.242321915718901,0.227966139954919,0.168785865012905,0.180561871124106,0.142377682990909,0.184697918998757,0.206894031607055,0.168368936685502,0.131628230220583,0.13763469732536,0.173035678070614,0.24116969198865,0.308522805669943,0.0672113815132345,0.0635741907192096,0.0641812108561912,0.0721684943203831,0.0740093910769818,0.0741701258574873,0.0704507825729309,0.0804528900704373,0.0789368908964589,0.0713946218999141,0.0638929174605256,0.0771356057831392,0.0824122124892998,0.0728367645224504,0.0770138506217937,0.0868370398156127
308,"GRD","Grenada",0.0101547306291043,0.00999588694690628,0.00985252631096301,0.00972240105145211,0.00960377413756048,0.00949522058056298,0.00939548990185648,0.00755216225092563,0.00637353339849701,0.00555500798836852,0.00525429323991863,0.00504906192311261,0.00456707062106648,0.0175868574949438,0.0218989262832949,0.0200724929752046,0.0203098795992198,0.0210289331535608,0.0204759763505664,0.0201810876479103,0.0216126434389534,0.0217631015400382,0.0219135156049794,0.0220665509230308,0.0213997315234955,0.0213000724289392,0.0238048316256636,0.0559801512735398,0.0278987531461659,0.02156861086772,0.0343381267456871,0.0281549060388229,0.0185791131972161,0.0361576305754303,0.0311704557157318,0.0655718242273781,0.0700154221277933,0.0663014547338071,0.0610321595853018,0.103364991903436,0.0801722460900391,0.0829334479770306,0.0946220793008516,0.0901279223601373,0.0664154796304951,0.0664529483656622,0.0737803460383387,0.0572227219066116,0.0659792637939384,0.0565810999376114,0.068930398549139,0.0760953448213556,0.0582646542654448,0.0634841302651468,0.0564324618899848,0.0683947996326421,0.0477918450058667,0.0541996876732024,0.0717767099273255,0.0583146434400495,0.0615716577845231,0.0182506499375413,0.0210254393688093,0.0165328866667323,0.0223682978611664,0.0935047292562372,0.100288728486994,0.092708709370987,0.0939659721314339,0.0700159886518229
320,"GTM","Guatemala",0.0765591327129506,0.0723057635772575,0.0688451940016649,0.0930865816485051,0.0895767021324225,0.0864498680759735,0.0836419076301158,0.0811085463942716,0.094481668126288,0.0920918601566396,0.104767007767526,0.126312589742747,0.138392061879686,0.131041660365626,0.142590079057312,0.126141638548151,0.144410254528135,0.133740367519682,0.114342430933208,0.124177092421402,0.142147144442358,0.133100067226838,0.131892499675807,0.140705498561891,0.141124677600533,0.146880461727724,0.129502700660114,0.146370806450676,0.146552697651408,0.140588684993348,0.143918220406346,0.149836855709805,0.139684852022371,0.133537788226895,0.144547175005828,0.134882284853641,0.124002422787308,0.11637569798248,0.12706215977218,0.138452252014743,0.135181532325509,0.123653088304591,0.134468223926735,0.147515823482597,0.14174369984513,0.148141921084621,0.142494028220958,0.0929040273967581,0.12208896117606,0.100143432660055,0.0785754218659581,0.0702443692744475,0.0520140216090492,0.0944585047676716,0.0595245265232602,0.0570111959975007,0.0482464907413037,0.0654268150037445,0.0697421693470729,0.0509802081529659,0.105751071812074,0.106979960725938,0.0544322176088351,0.0908089501987385,0.108905625101062,0.130655161538781,0.153207920105489,0.113211663218759,0.124527073619574,0.144572775179831
831,"GGY","Guernsey",NA,NA,NA,NA,NA,NA,NA,NA,NA,NA,NA,NA,NA,NA,NA,NA,NA,NA,NA,NA,NA,NA,NA,NA,NA,NA,NA,NA,NA,NA,NA,NA,NA,NA,NA,NA,NA,NA,NA,NA,NA,NA,NA,NA,NA,NA,NA,NA,NA,NA,NA,NA,NA,NA,NA,NA,NA,NA,NA,NA,NA,NA,NA,NA,NA,NA,NA,NA,NA,NA
324,"GIN","Guinea",0.058422917921839,0.0719908526441733,0.0848742412974351,0.0961032797114706,0.104461000251729,0.113041910144279,0.121393973512774,0.127275026018868,0.133949991507725,0.139981056489917,0.143836698764174,0.148829674158488,0.153396561677139,0.157585178216369,0.159888805438112,0.163459956123939,0.166756587839231,0.168335913469839,0.171189457874296,0.173841359964461,0.17630807681673,0.174663212250136,0.176849790561594,0.176730527237695,0.174268213333787,0.173908978133463,0.180741187532247,0.183240003347758,0.183271446846544,0.172304474526201,0.171883626494238,0.173078016556005,0.174105050023053,0.175362349566832,0.17700853014923,0.177910785122541,0.170310794723916,0.169958196230966,0.167409700171086,0.165067610800353,0.16207147320388,0.15506859599538,0.149259258963592,0.144379821874596,0.139873593843889,0.130750347289085,0.131381025062744,0.138796039457965,0.127932167232675,0.0953546768665892,0.096519379651906,0.0897167975444745,0.123079474738777,0.0979892139487759,0.119466057049752,0.117517797597167,0.131664365901452,0.141502328265079,0.129303258540753,0.125894494233981,0.117802045282037,0.147368078922747,0.140725344639059,0.154092632955208,0.170820766054766,0.196231504703473,0.194016208024849,0.188060173606514,0.210392824358786,0.194341638612844
624,"GNB","Guinea-Bissau",NA,NA,NA,NA,NA,NA,NA,NA,NA,NA,NA,NA,NA,NA,NA,NA,NA,NA,NA,NA,NA,NA,NA,NA,NA,NA,NA,NA,NA,NA,NA,NA,NA,NA,NA,NA,NA,NA,0.00000543960533696055,0.00000867612033189514,NA,0.00000753725676980297,NA,0.0000122497778737692,0.0000118352330082169,0.000000460640946873754,0.0000136681508053395,NA,0.0234199626893839,0.006439588908745,NA,NA,NA,0.00297535129705722,NA,NA,NA,NA,NA,NA,NA,NA,NA,NA,NA,NA,NA,NA,NA,NA
328,"GUY","Guyana",0.0238743456046122,0.0228154489839396,0.0216975371564648,0.0190974005790269,0.0194422677282771,0.0355188035102275,0.0348747768047002,0.0345139506747815,0.0322301451812178,0.0163020617399994,0.0260918495472295,0.0418821700868041,0.0554672511673697,0.0639734683355014,0.0693809321799598,0.0744611523255698,0.0859163791769444,0.0789728841621585,0.0763702184576676,0.0846063082105172,0.0915417597070738,0.0868659897200518,0.0808877509465282,0.0796079780833312,0.0819916096551728,0.0646368918160213,0.0758401653403005,0.0622047247227829,0.0824469129463545,0.0571216620290125,0.0222427524582963,0.0272501765905701,0.0266083674381501,0.0243892598869377,0.0255770792715197,0.0341119487845391,0.0329849011907349,0.0314851439910547,0.0427653821685711,0.0482726895908045,0.0473262046543472,0.0540704350523765,0.0392891643395649,0.0639610768462232,0.073088392761753,0.101163762202974,0.130457499046177,0.149170650432724,0.115239032686971,0.112309442454999,0.173544222025407,0.219700061438177,0.187381487834603,0.16587159451975,0.138625296047524,0.146352203835342,0.152754988632285,0.181195424173033,0.172864774650067,0.174882763137543,0.190285530293211,0.217711306798986,0.220223444219454,0.22577593363968,0.213138049115944,0.230546326865663,0.232448140735031,0.222950126693877,0.222444722626303,0.186098262720092
332,"HTI","Haiti",NA,NA,NA,NA,NA,NA,NA,NA,NA,NA,NA,NA,NA,NA,NA,NA,NA,NA,NA,NA,NA,NA,NA,NA,NA,NA,NA,NA,NA,NA,NA,NA,NA,NA,NA,NA,NA,NA,NA,NA,NA,NA,NA,NA,NA,NA,NA,NA,NA,NA,NA,NA,NA,NA,NA,NA,NA,NA,NA,NA,NA,NA,NA,NA,NA,NA,NA,NA,NA,NA
336,"VAT","Holy See",NA,NA,NA,NA,NA,NA,NA,NA,NA,NA,NA,NA,NA,NA,NA,NA,NA,NA,NA,NA,NA,NA,NA,NA,NA,NA,NA,NA,NA,NA,NA,NA,NA,NA,NA,NA,NA,NA,NA,NA,NA,NA,NA,NA,NA,NA,NA,NA,NA,NA,NA,NA,NA,NA,NA,NA,NA,NA,NA,NA,NA,NA,NA,NA,NA,NA,NA,NA,NA,NA
340,"HND","Honduras",0.306408307619353,0.297691853344098,0.331103882253714,0.32292993713214,0.386774416567727,0.379756548897992,0.373734981885142,0.367932333050267,0.36558663773515,0.360676877223449,0.35591831582385,0.344731051317702,0.340632604158826,0.336529946913415,0.311148008927199,0.271060001238902,0.429010736385467,0.396288383849225,0.442483537873304,0.489972288926538,0.425021826220302,0.49938278009385,0.52476622793261,0.454241116433842,0.377130114542881,0.329099211296825,0.324592933231492,0.357699265800723,0.354165556767234,0.321326414036179,0.370321423806589,0.347040057106874,0.311624500828414,0.382073666810096,0.288475187956399,0.302311303611947,0.268555413161226,0.366467042149399,0.396513787739559,0.200259333061194,0.206317158264008,0.154364594159254,0.160118293765628,0.240973756377815,0.203991093477149,0.274404794257671,0.132977625208017,0.176143099558727,0.153060747443369,0.103551184361049,0.189760749665524,0.120871566480318,0.116516386843389,0.00320414944471312,0.114838926298051,0.110579619144388,0.0444757661570778,0.0481660558556293,0.0289092994637642,0.14147787190344,0.062331723958016,0.165570345148778,0.137148148798344,0.0774442149632784,0.112577294814575,0.11940762209377,0.126796919263705,0.137169008216332,0.144370418435066,0.130890108479958
344,"HKG","Hong Kong",0.0567967727078332,0.0568197183741713,0.0568347243580821,0.0568210837469558,0.0568452437692951,0.0568061930243863,0.0567839731507299,0.0568613452334439,0.0568935618482305,0.0568371081202091,0.0567533431251398,0.0567658354946943,0.0567968117921645,0.0567726410872107,0.0570793002566681,0.0570737970148466,0.0570796464489985,0.0570325615024836,0.0572082754140169,0.0571583848215817,0.0571215678002637,0.0571026236418294,0.0570918203103197,0.0570531662164504,0.0569893672113174,0.0570028470578503,0.0570154610196857,0.0570121300617077,0.0569645215942274,0.0609903100785785,0.0681333656157113,0.0751802782674261,0.0823148015302972,0.089291889230069,0.121786061579433,0.151715862113136,0.17982622713711,0.206472307224027,0.246510250816514,0.249956179570578,0.256076585132273,0.238319863719553,0.224787378130849,0.210960654353114,0.195951574139331,0.180264528431299,0.164159419559339,0.147267449985152,0.129555374642599,0.110913108955038,0.0915931131421129,0.091609134384933,0.0893281143272961,0.0893074788043298,0.0892829232947165,0.0893162940069402,0.0893059160060129,0.0893372907540266,0.0893067898665991,0.0893063009678152,0.0893171726236134,0.0893189955710705,0.0892995159087961,0.0897628091164487,0.0897501719262862,0.0897152332986502,0.089706604413879,0.0896446847914251,0.0896295050097559,0.0896228898002979
348,"HUN","Hungary",NA,NA,NA,NA,NA,NA,NA,NA,NA,NA,NA,NA,NA,NA,NA,NA,NA,NA,NA,NA,NA,NA,NA,NA,NA,NA,NA,NA,NA,NA,NA,NA,NA,NA,NA,NA,NA,NA,NA,NA,NA,NA,NA,NA,NA,NA,NA,NA,NA,NA,NA,NA,NA,NA,NA,NA,NA,NA,NA,NA,NA,NA,NA,NA,NA,NA,NA,NA,NA,NA
352,"ISL","Iceland",0.0593578151216132,0.0604168949040558,0.300079689251221,0.195741189299983,0.156742125962592,0.191866909453364,0.13607735792444,0.167870937093934,0.361333221700869,0.321106030902686,0.214902395182928,0.134203803585858,0.0638739341628531,0.079259625725304,0.0599004895414905,0.0514615991961591,0.0434790482811706,0.0406062108197614,0.0462842618016941,0.0459065401583199,0.0437299618506019,0.0447055276592164,0.0412318285548412,0.035283664440238,0.035589258569608,0.0354698117767278,0.0372032177956769,0.0311238604482342,0.0297517863957492,0.0319620817488628,0.0357731885075519,0.0393164374467327,0.0592066863393064,0.0539273178911834,0.0351928450127642,0.0332354714183847,0.0358513589993413,0.0360311509306553,0.0373728304053316,0.040380313035412,0.0379808642812696,0.0504960530413584,0.0385142151196697,0.035698788630994,0.0385348988416695,0.038704390275008,0.0316489432890913,0.0306266646314654,0.032019326792333,0.0292660447874158,0.0278057028071311,0.0244403965240347,0.0238357664011615,0.0250978420156317,0.0248386962372054,0.0258165970524498,0.0271415158276672,0.0266241680423141,0.0278886884111373,0.0289994975257994,0.0292576834224249,0.026769667263249,0.02269712853973,0.0235259836644533,0.0240849988301121,0.0226196453268904,0.0244564334388516,0.0183290227667404,0.0148185121486137,0.0148240577209167
356,"IND","India",0.00861798220091664,0.00854186550493372,0.00850454441578213,0.00856331618703588,0.00855458552769152,0.0085464422392496,0.008683243448668,0.00879439014534476,0.0087006084410215,0.0084992629882355,0.0087917066416371,0.00861196910503293,0.00866678377591983,0.00862928661084829,0.00876948141464747,0.00879222386918372,0.00884660533154445,0.00877925289280214,0.00881718435337106,0.00795162700399264,0.00837274846988587,0.0090748979959358,0.00812998016916824,0.00875147171559266,0.00942796251132204,0.00987443807038767,0.00959428602367514,0.0097267833857413,0.00977841916931065,0.0102380827971251,0.0103370725913697,0.011097579346772,0.0121981929438657,0.0133974945794156,0.0131334912099338,0.015868841693393,0.0198821723319649,0.022529297604132,0.0249656391518808,0.0242023456627186,0.0308166459621746,0.039271347091242,0.0439257353131638,0.0517897517635531,0.0568702224128313,0.056321388431567,0.0606486062805749,0.0687566527857562,0.0701911661263379,0.0705435317023921,0.0679867460062408,0.0621581262424406,0.0614588147210409,0.0549924244948233,0.0583265031627253,0.0550241469288266,0.0484290066553117,0.0455925145312013,0.0432747197392199,0.0568836331480123,0.059428732272733,0.048495664264465,0.0517226416297968,0.0495470479925145,0.052155221097807,0.0511981508447244,0.0531785078904986,0.052701575006165,0.048634933967844,0.0467372808238078
360,"IDN","Indonesia",0.0137433873810494,0.013716303370232,0.0138351338503003,0.0138437201079703,0.0138801448759527,0.0138983524993056,0.0138926535902785,0.0138341937877597,0.0138399942841877,0.0137629084462674,0.0137493928286467,0.0212008726318796,0.0386594452020586,0.055985302792869,0.0728694404770284,0.0898674986740041,0.108914790008234,0.119037901602812,0.122772686722872,0.126599116952146,0.224346360105154,0.236998929890075,0.266549486767105,0.271268326998679,0.262163421528099,0.30626595072012,0.340536446730735,0.367651371671617,0.352446693143477,0.326651019614643,0.270278087987532,0.274250872596232,0.403714107654485,0.391079676352188,0.396712288745668,0.404768489085451,0.393754071042536,0.397302351721548,0.382397600429499,0.361923081403428,0.312778555539944,0.233969853905149,0.206096867344023,0.166631627239439,0.153442190738425,0.136594175513572,0.125370603655828,0.114077320064582,0.121239025838539,0.115349083915118,0.115508273626324,0.112672312532111,0.109847381420719,0.101560924462157,0.0953066581480776,0.0794977316157907,0.0666796346136198,0.0553798442753667,0.0498113656158004,0.0482504590099281,0.0436950706079538,0.0447562203617107,0.0441994874272148,0.0439323665989008,0.0449602583851065,0.0447699722991226,0.0449795734552594,0.0455878125530627,0.0446108066806786,0.0481670440965217
364,"IRN","Iran",NA,0.000884199554784142,0.00164667772202626,0.00239741832071622,0.00313693812196945,0.00386574044173351,0.00458303464064441,0.00518549769651909,0.0102219495634995,0.015117077886876,0.0198782539986192,0.0272412703134912,0.0343429071310522,0.0411977053397798,0.0478213725933102,0.0542398675726098,0.0604279729282183,0.0664577149468878,0.0722886469015194,0.0733328249952035,0.0744578912873215,0.0754970186366614,0.0765955354342017,0.0776873226517308,0.0787896603696679,0.0798719100574324,0.0809922048108523,0.0821597209242529,0.0729770309758246,0.0624087766799456,0.052173415644647,0.0680099909627557,0.0844091860114157,0.101837161116833,0.119498327082444,0.137589638225935,0.146347521105992,0.120901320146902,0.123453784558211,0.117319801034632,0.127662434120572,0.122487524228264,0.103879316777299,0.108380830027148,0.0790848784242964,0.0726970564438421,0.0723922096554356,0.0545548524884383,0.0640637765816376,0.0607137922617701,0.0602252679861709,0.0587338093398455,0.0624904892278414,0.0646532548157119,0.0581406680984024,0.0545064450598194,0.0524712413370539,0.0374022960710202,0.0374471257129478,0.0375345081657351,0.0407861987011953,0.037895868928959,0.0380585123792168,0.0393663833179282,0.0399182963411219,0.0399315682161322,0.0390644545766839,0.0380230612658977,0.0376089037161668,0.0386443130119287
368,"IRQ","Iraq",NA,NA,NA,NA,NA,NA,NA,NA,NA,NA,NA,NA,NA,NA,NA,NA,NA,NA,NA,NA,NA,NA,NA,NA,NA,NA,NA,NA,NA,NA,NA,NA,NA,NA,NA,NA,NA,NA,NA,NA,NA,NA,NA,NA,NA,NA,NA,NA,NA,NA,NA,NA,NA,NA,NA,NA,NA,NA,NA,NA,NA,NA,NA,NA,NA,NA,NA,NA,NA,NA
372,"IRL","Ireland",0.0693438466798656,0.0703610390121697,0.0785007950106145,0.0874290197513077,0.0815103401947038,0.081590573981959,0.0905655541951831,0.0890884116128765,0.0813671614732241,0.0834816509404693,0.0725336043209011,0.0797170622515735,0.0960992476195333,0.0999032647664179,0.108795008661308,0.097195459486637,0.0893328147840133,0.0818769828691102,0.0809703502959187,0.0739606439999093,0.0666945841599293,0.0693598776411469,0.0642896339274134,0.0740598181115549,0.0678788559725274,0.0754494302547182,0.0752580542012467,0.0901482052644023,0.119442058059072,0.0870238065502954,0.0718797161163249,0.0764304848126471,0.065405664436153,0.0648263960735403,0.0633553485750799,0.06068574287053,0.0564999329653576,0.148281017828101,0.171253428135621,0.198689124403259,0.159452363280836,0.152146635386928,0.158404341580156,0.18530364423622,0.153276807667892,0.157883796083326,0.182339322038684,0.195842221804904,0.173425326951969,0.142382337963877,0.138374694002481,0.123981362743689,0.135348592285962,0.128693899310478,0.118968976407217,0.115510378952429,0.119290218411965,0.131634554953463,0.126260522887812,0.1161259408116,0.114666831457514,0.0846070232366886,0.0580075757938568,0.0601306503955237,0.0639575983489026,0.108902581063824,0.132760112985256,0.119414894710879,0.10081520885219,0.0985087813392458
833,"IMN","Isle of Man",NA,NA,NA,NA,NA,NA,NA,NA,NA,NA,NA,NA,NA,NA,NA,NA,NA,NA,NA,NA,NA,NA,NA,NA,NA,NA,NA,NA,NA,NA,NA,NA,NA,NA,NA,NA,NA,NA,NA,NA,NA,NA,NA,NA,NA,NA,NA,NA,NA,NA,NA,NA,NA,NA,NA,NA,NA,NA,NA,NA,NA,NA,NA,NA,NA,NA,NA,NA,NA,NA
376,"ISR","Israel",0.174238051905089,0.143372796865279,0.153184688675336,0.172578196863205,0.171299889685089,0.192646462989176,0.16945196777939,0.148547992432802,0.185397245126919,0.181191266514517,0.202363628664833,0.246354972300243,0.235447003877899,0.259383766576826,0.230378012016918,0.250936013459578,0.259159692566894,0.272425588040978,0.243047581241754,0.249655024045454,0.243622297040453,0.231413930377621,0.213896074238252,0.16404516432984,0.175173556785216,0.183792492539574,0.163569828383286,0.165120480455851,0.177151584832392,0.135742123771027,0.178115682592233,0.176165664380125,0.162928978152623,0.159817113286451,0.156445655680895,0.134032183345247,0.128662247248706,0.137220281652731,0.149367085092681,0.103569194710906,0.0983314733661979,0.138594438307823,0.136957302574515,0.115329467446595,0.132138508289922,0.120068629089056,0.124231838965382,0.130205787199729,0.133151373312778,0.155009854759755,0.156918215548692,0.177539077134922,0.181377485700327,0.187029973772126,0.212208050127023,0.192647577703041,0.204269848445109,0.215602726555525,0.261522525197538,0.277282358738566,0.291900549897348,0.237843021061852,0.236206651004014,0.255690507723347,0.257620821825598,0.257048882948986,0.252642863739044,0.224259016602295,0.223512945627118,0.223647670459904
380,"ITA","Italy",0.0640617230240472,0.0631822817006091,0.0620002093220697,0.0640829225737333,0.0635709612876294,0.0633722013313345,0.0644137855631319,0.0675056644720568,0.0774560029417586,0.0728233437088571,0.0777491199474332,0.0870320691777167,0.0776451491446297,0.0736132199350871,0.0609889064374355,0.0522815519992153,0.0451845631070913,0.0439205053713514,0.0403770251803229,0.046441744348767,0.0515738026116787,0.0531352864047243,0.0557528553136138,0.0585964659873815,0.0613685806737052,0.064820851638833,0.0642745785845014,0.0672658925779668,0.0765912078046234,0.0740300817393777,0.0756516024768531,0.0740840937927485,0.0775652072930724,0.0768018683829846,0.078937291471575,0.0862360786170437,0.0935780397357971,0.101446097854248,0.0909300792394098,0.0919204732004817,0.0947461999677261,0.0947164963096691,0.0831183896078665,0.0861451597302493,0.083577111638044,0.0831844145478904,0.083853346639709,0.0873626580175928,0.0841891035074738,0.0824672722359219,0.085496853754614,0.0916735579090676,0.0916276893124859,0.0917788422002561,0.0894616412565241,0.0888640614365187,0.0859257523387186,0.0922486537876717,0.103654497635846,0.086538242872529,0.0909829438022768,0.112718059470986,0.059757205712434,0.0519045472791858,0.0354460936189695,0.0650257338933179,0.0748106001476081,0.0685581470518557,0.0725173605243123,0.0771175679468032
388,"JAM","Jamaica",0.0234665840579392,0.0234635967280078,0.0257459127565382,0.0257435084247948,0.0275609895694641,0.0280115177585231,0.0302711960052789,0.0329701075326563,0.0360976993082961,0.038316602733691,0.0393455257186444,0.0519622955520798,0.0531321337243524,0.0445828394536713,0.0441483183732905,0.0395269319011312,0.0391555392890541,0.038795070883301,0.0363869938793012,0.0360646757742698,0.0357526375360264,0.0385645814714837,0.0389449484682691,0.0389317224928059,0.0404633431456523,0.0400630207612807,0.0397872138856802,0.0389791147233202,0.0357783667119332,0.0359315961806111,0.0358134163160975,0.0313962963421164,0.0278943039381841,0.0251561640084871,0.0236868592520576,0.0207405387877468,0.0172114663086154,0.0136805023961613,0.0139750901869455,0.0102899103319764,0.00550164891862839,0.00572577033488851,0.006959984580297,0.00801996108659128,0.0089293642739676,0.00800745982222121,0.0079802350524044,0.00657824555512842,0.00531046460184549,0.00504040735173135,0.00175275619590859,0.00419012312909767,0.00407813538723036,0.0035495234279904,0.00393472044296994,0.00396023188643665,0.00632062462121135,0.00552833535383983,0.00401750504843072,0.00491917158971845,0.00440462386219076,0.00509051672040356,0.00418792071130655,0.00574243465438846,0.00515287809842505,0.00459757143798935,0.00441962504923409,0.00510848957976962,0.00608147565342341,0.00624720283528732
392,"JPN","Japan",0.133481007291239,0.135135323400265,0.143073501801661,0.130715644767856,0.127037185608199,0.123491591907339,0.158064252823954,0.154469932263656,0.100623484617692,0.0984578186102757,0.10114281724418,0.0996783560618746,0.0958878383711939,0.099766366635216,0.118512347198559,0.105347746121196,0.10560932363062,0.105551609709127,0.0993715105207809,0.102333998858567,0.099915138866475,0.100284019845506,0.102152359425552,0.0973081355322717,0.0977223995089167,0.0963975982883339,0.0974205087223456,0.0923832220241197,0.0857544625772935,0.0893272990357626,0.0927254358671672,0.0926141209641397,0.0928489739024086,0.0928511379377693,0.100436621595996,0.108635271386201,0.0992073939836166,0.0971529768187148,0.0929676014690209,0.102822177076834,0.10989980692211,0.105120688040012,0.109534334908115,0.118037388341731,0.121442336336227,0.132987148768812,0.126389587237631,0.129672686757218,0.130321058000561,0.126603900227383,0.126115739228962,0.125340979693218,0.126388113764774,0.113569815304999,0.112949773278136,0.110594253369102,0.105937283315864,0.108517335394274,0.110822925555854,0.102913226268917,0.113501396015423,0.10756437390284,0.110387450058589,0.107661440177273,0.106766950887084,0.113776563571199,0.106704389810161,0.105695503545101,0.105668477627567,0.0954814504935022
832,"JEY","Jersey",NA,NA,NA,NA,NA,NA,NA,NA,NA,NA,NA,NA,NA,NA,NA,NA,NA,NA,NA,NA,NA,NA,NA,NA,NA,NA,NA,NA,NA,NA,NA,NA,NA,NA,NA,NA,NA,NA,NA,NA,NA,NA,NA,NA,NA,NA,NA,NA,NA,NA,NA,NA,NA,NA,NA,NA,NA,NA,NA,NA,NA,NA,NA,NA,NA,NA,NA,NA,NA,NA
400,"JOR","Jordan",NA,NA,NA,NA,NA,NA,NA,NA,NA,NA,NA,NA,NA,NA,NA,NA,NA,NA,NA,NA,NA,NA,NA,NA,NA,NA,NA,NA,NA,NA,NA,NA,NA,NA,NA,NA,NA,NA,NA,NA,NA,NA,NA,NA,NA,NA,NA,NA,NA,NA,NA,NA,NA,NA,NA,NA,NA,NA,NA,NA,NA,NA,NA,NA,NA,NA,NA,NA,NA,NA
398,"KAZ","Kazakhstan",NA,NA,NA,NA,NA,NA,NA,NA,NA,NA,NA,NA,NA,NA,NA,NA,NA,NA,NA,NA,NA,NA,NA,NA,NA,NA,NA,NA,NA,NA,NA,NA,NA,NA,NA,NA,NA,NA,NA,NA,NA,NA,NA,NA,NA,NA,NA,NA,NA,NA,NA,NA,NA,NA,NA,NA,NA,NA,NA,NA,NA,NA,NA,NA,NA,NA,NA,NA,NA,NA
404,"KEN","Kenya",NA,NA,NA,NA,NA,NA,NA,NA,NA,NA,NA,NA,NA,NA,NA,NA,NA,NA,NA,NA,NA,NA,NA,NA,NA,NA,NA,NA,NA,NA,0.0063615684028574,0.0122842300738725,0.0208558332123131,0.0191124790068808,0.0297611808860215,0.0875026368769152,0.0293657591804223,0.0428892348755968,0.0459689182593109,0.0404383162392573,0.0430209764517636,0.0500794293733326,0.0366280687140946,0.0140377192546393,0.0406116592674764,0.0164305858191896,0.0497764737216041,0.0691744676694787,0.119387860675531,0.0802043951022106,0.0676371568045293,0.0302645044510713,0.0325242570818702,0.0297789731612195,0.0714635959195822,0.0672901418549634,0.0548216554563779,0.0335368293647872,0.0343748177516333,0.0337433498447072,0.0329229946572657,0.0277619561861839,0.0258870834373362,0.0256747185333094,0.0252768099640218,0.0296517151616462,0.0262683178885659,0.0295228292501126,0.0234496360133689,0.0242423531300458
296,"KIR","Kiribati",NA,NA,NA,NA,NA,NA,NA,NA,NA,NA,NA,NA,NA,NA,NA,NA,NA,NA,NA,NA,NA,NA,NA,NA,NA,NA,NA,NA,NA,NA,0.00100977012619296,0.00114589826076322,0.00128647769529108,0.00126755203432765,0.00167069379727428,0.000967419890888814,0.000929930151284171,0.000757207363479186,0.00107647345017853,0.00108819937421397,0.000796035757902131,0.000646876387544812,0.000685816018848833,0.00065744252463335,0.00178383895601434,0.00284900390920957,0.0050338158834237,0.00366327881925025,0.00613232675111494,0.00535727942879516,0.00588053568866931,0.00903766022801715,0.00404586408840307,0.00486476005705296,0.00636535678850029,0.00928889198029335,0.0049678153283763,0.00660950404416486,0.0054132485619137,0.0114371706377537,0.0107475908833279,0.0124296619363176,0.0125261864093269,0.0121402826215617,0.0127930859143377,0.0119587754146237,0.0110699328089456,0.0109670224757001,0.0111775884577519,0.0112524373453292
689,"XKX","Kosovo",NA,NA,NA,NA,NA,NA,NA,NA,NA,NA,NA,NA,NA,NA,NA,NA,NA,NA,NA,NA,NA,NA,NA,NA,NA,NA,NA,NA,NA,NA,NA,NA,NA,NA,NA,NA,NA,NA,NA,NA,NA,NA,NA,NA,NA,NA,NA,NA,NA,NA,NA,NA,NA,NA,NA,NA,NA,NA,NA,NA,NA,NA,NA,NA,NA,NA,NA,NA,NA,NA
414,"KWT","Kuwait",0.862457056375737,0.862296326315306,0.862172728567424,0.888802336128863,0.843053159310591,0.863106768611399,0.875340373867853,0.844783288305284,0.855908074531976,0.860783108829079,0.848863731248059,0.853495380519316,0.853337142140773,0.861735388210005,0.855649090523692,0.862786488731949,0.862622213521783,0.8496491772452,0.849483586925308,0.845426154751035,0.845171627965458,0.827766682684942,0.859359744741541,0.815594602602776,0.809732537459295,0.712697172331103,0.741442489377374,0.642010050844776,0.612300683797619,0.738628249303593,0.709181005078829,0.786351962497858,0.773700772034043,0.768441085243213,0.760991825478246,0.717888485187434,0.779990837691492,0.83292325988103,0.807953787984031,0.843737997066647,0.850208203714796,0.923497131032893,0.809045316548108,0.823019656574282,0.798743014845953,0.772440153228687,0.777882922156789,0.782504077253075,0.746180856957165,0.745093810498155,0.767658631988361,0.808852318082721,0.809341180677166,0.835436246578144,0.813358470766262,0.838072611161747,0.817514030709374,0.845578824730472,0.844084932697214,0.837814570781613,0.789222556060842,0.839019739489967,0.822666591783055,0.798357122178574,0.819445786288283,0.798555818874133,0.795090962919183,0.796738886685795,0.802578808138907,0.79686179826524
417,"KGZ","Kyrgyzstan",NA,NA,NA,NA,NA,NA,NA,NA,NA,NA,NA,NA,NA,NA,NA,NA,NA,NA,NA,NA,NA,NA,NA,NA,NA,NA,NA,NA,NA,NA,NA,NA,NA,NA,NA,NA,NA,NA,NA,NA,NA,NA,NA,NA,NA,NA,NA,NA,NA,NA,NA,NA,NA,NA,NA,NA,NA,NA,NA,NA,NA,NA,NA,NA,NA,NA,NA,NA,NA,NA
418,"LAO","Laos",NA,NA,NA,NA,NA,NA,NA,NA,NA,NA,NA,NA,NA,NA,NA,NA,NA,NA,NA,NA,NA,NA,NA,NA,NA,NA,NA,NA,NA,NA,NA,NA,NA,NA,NA,NA,NA,NA,NA,NA,NA,NA,NA,NA,NA,NA,NA,NA,NA,NA,NA,NA,NA,NA,NA,NA,NA,NA,NA,NA,NA,NA,NA,NA,NA,NA,NA,NA,NA,NA
428,"LVA","Latvia",0.0125978890030997,0.0115743968755506,0.00991071998968994,0.00698303048541812,0.00797864879810198,0.00762378888656721,0.102078457221455,0.272281127273619,0.374346749590915,0.440192988454545,0.519407225026492,0.534808565890789,0.392771124018096,0.483894419195363,0.416136196562149,0.3974317184237,0.309288462180418,0.280596378770883,0.271987644937528,0.257336768637301,0.202339267443636,0.213570429890834,0.193174021068182,0.165661504944128,0.125209406978781,0.109576548020467,0.0915644901551966,0.0440128199618589,0.0210007600661644,0.0150220790812425,0.0737451050576142,0.0464423213793815,0.0346125773481636,0.0383547913231017,0.0462378450831903,0.0761400707013547,0.112992139232918,0.12136355736083,0.153044204259685,0.151088039601991,0.155203072825478,0.18392669324927,0.293235111199856,0.258587079267971,0.221695935409441,0.22084567718073,0.218888198576313,0.179910372293142,0.16620511070856,0.137668909085233,0.120553399628911,0.116758005551649,0.126322862119495,0.123546612238218,0.126934007117295,0.119714168557797,0.11496791567243,0.124639323065665,0.127168680263136,0.125103277144149,0.129233723234658,0.0494571290246644,0.0522453891517811,0.0504246185165522,0.0574508207199718,0.0907706013860802,0.0645931622427098,0.0661448318147706,0.0608418400427011,0.0571639671866982
422,"LBN","Lebanon",0.0040114373776628,0.00394593020074309,0.00393008946358628,0.00385348840889918,0.00383301377685481,0.00387155056808609,0.00390444866675089,0.00393775535375877,0.00396649996478079,0.00399172185848575,0.00356149426597471,0.00347581267287939,0.00359317962262356,0.00361956322259325,0.00352135454675255,0.00365948620425763,0.00384440365305129,0.00358864121572882,0.0038146568703764,0.00369195266579263,0.00377110484016656,0.00355429140462861,0.00346639513234255,0.00372303619913899,0.00390117838519709,0.00546251132990684,0.00499108250840451,0.00488296149263416,0.00498849348350681,0.00499009853907284,0.00498818606309602,0.00487313040373302,0.00474253281440445,0.00459739775160399,0.00443928009472492,0.00471253531522598,0.00483182218359085,0.0050950522661729,0.00509502272112651,0.00619349264890486,0.00611680004675229,0.00630779293059514,0.00624550002827844,0.00644709485153062,0.00665733217335572,0.00864759407933264,0.00935882397465286,0.00402347283942684,0.00398377937484896,0.00398287265824195,0.00399507393822539,0.00403628688498136,0.00404406302564143,0.00404097298562226,0.00403878356001691,0.00404772578681733,0.00383020383729483,0.00368345190957731,0.0236690201489456,0.00365894902918839,0.00364672984279372,0.00357036041031508,0.00349278073425208,0.00330150415086411,0.00310677638864743,0.00328778223029544,0.00343343873034493,0.00324827673067447,0.00294675729682489,0.00287304813450226
426,"LSO","Lesotho",NA,NA,NA,NA,NA,NA,NA,NA,NA,NA,NA,NA,NA,NA,NA,NA,NA,NA,NA,NA,NA,NA,NA,NA,NA,NA,NA,NA,NA,NA,NA,NA,NA,NA,NA,NA,NA,NA,NA,NA,NA,NA,NA,NA,NA,NA,NA,NA,NA,NA,NA,NA,NA,NA,NA,NA,NA,NA,NA,NA,NA,NA,NA,NA,NA,NA,NA,NA,NA,NA
430,"LBR","Liberia",NA,NA,NA,NA,NA,NA,NA,NA,NA,NA,NA,NA,NA,NA,NA,NA,0.042899035689082,0.0648285954742144,0.0837022682706113,0.0984142280746346,0.141214204071331,0.135571252384016,0.133364661302322,0.140399400134632,0.135934020768007,0.112228672359417,0.122997722272992,0.125685769695047,0.141243121180278,0.109428163456055,0.0951336636425641,0.0866238565886533,0.0823726058372526,0.098666949865284,0.0990103170940794,0.0732440636879601,0.0580838283147527,0.000723129326359355,0.00056531345648755,0.00257591212462821,0.000862949722746003,0.0870301861079312,0.0653267613691439,0.0191090602242515,0.0158591661262176,0.061588675557006,0.0428073755266553,0.0488540057968955,0.110758051294823,0.164797803957939,0.120379360346413,0.100162913116981,0.111451420349035,0.109005436401533,0.163856501033921,0.0184953957414218,0.0000530024395019417,0.0000413890214164989,NA,NA,0.000299636888922549,0.00159625429380628,0.0017103537210987,0.000710045817332181,0.000647337122094372,0.000614252248794336,0.000154480734328534,0.00333791492939925,0.00105335639294433,0.00173007687238603
434,"LBY","Libya",0.044286372986374,0.0432890338940363,0.0440323532823511,0.0453735204044039,0.0445743398417223,0.0432818232233092,0.0448035564589976,0.038679647133993,0.0372707619854489,0.03735113320677,0.0366729227250043,0.0348010893379679,0.0364786089801744,0.0411350242423443,0.040700966034644,0.0408039928518238,0.0409448658539101,0.0412534568725823,0.0411731124568649,0.0407730603219113,0.0606357072312816,0.0599144645414347,0.0920567828037515,0.0860835988999507,0.0667145872975649,0.0767429665701752,0.0740936946937587,0.0921689782850315,0.0719529537989898,0.0845605478921363,0.0810727824073302,0.0852682065773349,0.0881046108781346,0.0844454124176795,0.0823419620516856,0.0856518774589339,0.0893194316635878,0.0868935750313689,0.0804737490957192,0.0732430876104953,0.0747146529056961,0.0673683107586296,0.0696546959933838,0.0728440907341793,0.0825680081117418,0.082342361089552,0.0832036175743205,0.0929498846463757,0.0939506528911376,0.0922845943658571,0.088646166851917,0.091336097397067,0.0775210193695744,0.113787370579076,0.114071554215923,0.115880730618367,0.116874746357292,0.124815530815169,0.102342710642042,0.0986628622186411,0.101589122025652,0.139688752183081,0.124202673019597,0.116849790388846,0.128695498454075,0.125731916015865,0.112219690072932,0.119477100866929,0.106626218924099,0.104024912084819
438,"LIE","Liechtenstein",NA,NA,NA,NA,NA,NA,NA,NA,NA,NA,NA,NA,NA,NA,NA,NA,NA,NA,NA,NA,NA,NA,NA,NA,NA,NA,NA,NA,NA,NA,NA,NA,NA,NA,NA,NA,NA,NA,NA,NA,NA,NA,NA,NA,NA,NA,NA,NA,NA,NA,NA,NA,NA,NA,NA,NA,NA,NA,NA,NA,NA,NA,NA,NA,NA,NA,NA,NA,NA,NA
440,"LTU","Lithuania",0.0193660694850198,0.0189918157685994,0.0189396421791789,0.0175319725607118,0.0159313091589482,0.0139372030090602,0.0848589307526538,0.230092455144756,0.340553129739702,0.418905761411123,0.434302706340726,0.448170079064764,0.300429869795321,0.424312816672073,0.327881608208089,0.407363568218977,0.270915558648745,0.279729202510347,0.288587128664076,0.213424537897077,0.145339958681704,0.225889854842798,0.221699231820519,0.187759073185697,0.166227973666,0.104312963752275,0.0783207771920403,0.066929857442601,0.0373002912435384,0.0418981302721743,0.0476874816908535,0.0727531057337175,0.0512944891078961,0.058907393073786,0.0760275959586759,0.153087127932058,0.190437027482275,0.184610966932844,0.1212452941703,0.158906983341774,0.226557126427136,0.156702341705098,0.194050315744525,0.187238577087476,0.234355402446897,0.196154726774147,0.179564786056891,0.169034281993536,0.14179967920905,0.123608741526991,0.0975976152856239,0.102061366269539,0.120779186208047,0.105094647606461,0.11398653378402,0.103656465880598,0.0976282263332274,0.0938322333087076,0.099529891768551,0.0948992715780367,0.113488663930553,0.0250426099545079,0.0455230295542373,0.0230159285869222,0.0176087162631033,0.0267276195232824,0.0232614034777389,0.0268021553090122,0.0323641425558506,0.0195463604539639
442,"LUX","Luxembourg",NA,NA,NA,NA,NA,NA,NA,NA,NA,NA,NA,NA,NA,NA,NA,NA,NA,NA,NA,NA,NA,NA,NA,NA,NA,NA,NA,NA,NA,NA,NA,NA,NA,NA,NA,NA,NA,NA,NA,NA,NA,NA,NA,NA,NA,NA,NA,NA,NA,NA,NA,NA,NA,NA,NA,NA,NA,NA,NA,NA,NA,NA,NA,NA,NA,NA,NA,NA,NA,NA
446,"MAC","Macao",NA,NA,NA,NA,NA,NA,NA,NA,NA,NA,NA,NA,NA,NA,NA,NA,NA,NA,NA,NA,NA,NA,NA,NA,NA,NA,NA,NA,NA,NA,NA,NA,NA,NA,NA,NA,NA,NA,NA,NA,NA,NA,NA,NA,NA,NA,NA,NA,NA,NA,NA,NA,NA,NA,NA,NA,NA,NA,NA,NA,NA,NA,NA,NA,NA,NA,NA,NA,NA,NA
450,"MDG","Madagascar",NA,NA,NA,NA,NA,NA,NA,NA,NA,NA,NA,NA,NA,NA,NA,NA,NA,0.073825240316048,0.103658650786873,0.12173930291779,0.187492735015778,0.218915841803752,0.243935817608752,0.223346720895666,0.19541837819273,0.224402696599471,0.221611867676194,0.232852720856491,0.22493518498801,0.195628213183879,0.20844246582568,0.204178790375031,0.203829511646757,0.200803544386653,0.204037196082578,0.206948775088811,0.222020870703611,0.236430254592109,0.212792228214518,0.211469484158044,0.165167445910823,0.178252981879283,0.16215797665894,0.184791814562618,0.167543136735392,0.161211410577939,0.158236310175036,0.172174685290245,0.183285674028455,0.156753050308636,0.161298598846366,0.134779197126875,0.0898821896140814,0.0871396247506637,0.0811020019152646,0.0456186669937388,0.0463802470167228,0.0402969350457987,0.0329765206153568,0.0323252289321508,0.0303795460216028,0.0207107625782848,0.0439682688204927,0.0562348952479752,0.0441810777588787,0.0437164381020402,0.0559534363903227,0.0741884814082015,0.0673631143577777,0.0571844043159198
454,"MWI","Malawi",NA,NA,NA,NA,NA,NA,NA,NA,NA,NA,NA,NA,NA,NA,NA,NA,NA,NA,NA,NA,NA,NA,NA,NA,NA,NA,NA,NA,NA,NA,NA,NA,NA,NA,NA,NA,NA,NA,NA,NA,NA,NA,NA,NA,NA,NA,NA,NA,NA,NA,NA,NA,NA,NA,NA,NA,NA,NA,NA,NA,NA,NA,NA,NA,NA,NA,NA,NA,NA,NA
458,"MYS","Malaysia",NA,NA,NA,NA,NA,NA,NA,NA,NA,NA,NA,0.00200724520283857,0.00485852694320596,0.0777167840946053,0.0955032950367626,0.0956740518450657,0.116817665254198,0.112443984985791,0.12483292674575,0.129525140621649,0.108334165557153,0.0934955914909221,0.0841739349871597,0.0626842271390771,0.0602428182536431,0.0610864249021959,0.0591198495971469,0.0699022958067932,0.0581223232175591,0.0522938525126108,0.0442986968300416,0.0430501539795288,0.0526661079110026,0.0624301404854615,0.0701656634752295,0.0731640089789287,0.0740669392081495,0.0713891640316162,0.071685967033531,0.0662165073945399,0.0604035417900476,0.024870716578628,0.02249662033718,0.0210160010274402,0.0206320791779605,0.0186247075830011,0.0166295992752465,0.0148267015626032,0.0146409349900724,0.0120899977633954,0.0112028559484568,0.0106393292947735,0.00976940208541827,0.00897993759683823,0.00757417516698873,0.00633866358928768,0.00663653861586573,0.00653808352117515,0.00663185759546741,0.00673067825191087,0.00668049034017942,0.00685604129329485,0.00667648308069292,0.00658887110467673,0.00686782164274955,0.00694686599201508,0.00686965755874822,0.0070761454230046,0.00725556952421318,0.00675916329919818
462,"MDV","Maldives",NA,NA,NA,NA,NA,NA,NA,NA,NA,NA,NA,NA,NA,NA,NA,NA,NA,NA,NA,NA,NA,NA,NA,NA,NA,NA,NA,NA,NA,NA,NA,NA,NA,NA,NA,NA,NA,NA,NA,NA,NA,NA,NA,NA,NA,NA,NA,NA,NA,NA,NA,NA,NA,NA,NA,NA,NA,NA,NA,NA,NA,NA,NA,0.00526078363968249,0.00503450857609981,0.0011832210264994,0.00390003848203361,0.0018612785186952,0.000941614645145222,0.000219746962451616
466,"MLI","Mali",NA,NA,NA,NA,NA,NA,NA,NA,NA,NA,NA,NA,NA,NA,NA,NA,NA,NA,NA,NA,NA,NA,NA,NA,NA,NA,NA,NA,NA,NA,NA,NA,NA,NA,NA,NA,NA,NA,NA,NA,NA,NA,NA,NA,NA,NA,NA,NA,NA,NA,NA,NA,NA,NA,NA,NA,NA,NA,NA,NA,NA,NA,NA,NA,NA,NA,NA,NA,NA,NA
470,"MLT","Malta",0.0271493044217865,0.0260175414060742,0.0274761209967534,0.0268601779383574,0.0219285127311995,0.0240286957492195,0.0245601213734573,0.0279111634786789,0.0270276414081181,0.028721070370768,0.0306657186494478,0.0323237822619483,0.0302064311860266,0.0317691287988468,0.0352773013100414,0.035875839497426,0.0369948435917309,0.0379836876174027,0.0380800922147527,0.0466996420659725,0.0462679359578928,0.132464796290231,0.184261621828762,0.197317578690826,0.215492635142057,0.191233598043239,0.208486429039674,0.22124035433602,0.266678568860176,0.203809762364661,0.217832441765237,0.215774508205902,0.197156186334875,0.234765282368185,0.220749194611208,0.179490592728198,0.229741596905535,0.243773573179046,0.218817212129433,0.185224165185322,0.31742711431812,0.281450932315392,0.252928160523926,0.394441025499027,0.342426726898791,0.300836316283679,0.297158942198349,0.420024071253641,0.371366757400925,0.316650240950623,0.443193573369465,0.425152367827519,0.439931992173646,0.36663996695887,0.344968781499916,0.295029833636679,0.319542613290059,0.321237136776271,0.318838839341115,0.322167327359226,0.325095805143141,0.139458210023746,0.15346737740185,0.154744442033284,0.164158399130036,0.151823061680316,0.171349998089891,0.144734398425583,0.150572462325384,0.157977360706883
584,"MHL","Marshall Islands",NA,NA,NA,NA,NA,NA,NA,NA,NA,NA,NA,NA,NA,NA,NA,NA,NA,NA,NA,NA,NA,NA,NA,NA,NA,NA,NA,NA,NA,NA,NA,NA,NA,NA,NA,NA,NA,NA,NA,NA,NA,NA,0.00000000332291784630452,0.00229077167238984,0.000848661862092965,0.000225169695607148,NA,NA,NA,NA,0.0217128128077401,0.0433258132272358,0.0265517368867097,0.0344318680801227,0.0445283702044469,0.0432286065006911,0.0310937976958359,0.0376574707518042,0.0251268535006838,0.0328918339436204,0.0234860506461614,0.021432823296152,0.0194976768445881,0.0159876579994433,0.0124826684406175,0.0102373718607025,0.0200340951217198,0.0274856356151725,0.0223917035582498,0.0246187053351025
478,"MRT","Mauritania",0.125097356898664,0.11790349346373,0.140203909091548,0.130692940337184,0.126028867952595,0.0940936501215027,0.105319271277143,0.0841869695814939,0.153725551628527,0.127732083164895,0.189716033518289,0.222863671626645,0.20684108600196,0.208155022871857,0.168766875761494,0.147045534777451,0.168646332874206,0.1002934568708,0.0918869032438909,0.145199178933828,0.152842466737519,0.175085963763027,0.122923869070454,0.0979001987511908,0.141128779634704,0.109047237503979,0.0922349264191358,0.123062035066485,0.1868325819413,0.182577245134258,0.158121418458877,0.456287504871889,0.504370293510094,0.560654576527435,0.659740432198091,0.617749495771002,0.642482364735835,0.633578574515995,0.645846356472226,0.653464366412692,0.672386110558096,0.631668318936476,0.656242538003541,0.698849715363481,0.656925122034373,0.499721715786802,0.494743123858393,0.641138793009666,0.55716472225553,0.525155159753219,0.469548034760645,0.468001993228673,0.44247287336674,0.372946289224207,0.304803742936995,0.286714870621629,0.450424669148945,0.450161228194365,0.454673195858476,0.415759577263984,0.367705877124573,0.0452225348780194,0.101159760413995,0.0852624027927123,0.0595900842498059,0.0617461991494854,0.0593099971865524,0.0616724537234693,0.0589800757294942,0.0587619984836525
480,"MUS","Mauritius",NA,NA,NA,NA,NA,NA,NA,NA,NA,NA,NA,NA,NA,NA,NA,NA,NA,NA,NA,NA,NA,NA,NA,NA,NA,NA,NA,NA,0.000367346494205893,0.000183212498637987,0.00474154182102742,0.00739368997358259,0.00829945359448465,0.00972898195730652,0.0141369397046124,0.0106972988683487,0.0160990756460015,0.0165927414646979,0.0186263126157063,0.0211940917892851,0.0191915258801299,0.0233043640645451,0.0206076808138509,0.0191076232356281,0.0181004073507939,0.00359414250744235,0.00855403456198449,0.0133869285534899,0.0103008933532946,0.010351189608944,0.00260155692990336,0.000644608955011299,NA,0.0158968956967854,0.0174149607099133,0.0204715766202622,0.0184400644838894,0.0138406605433745,0.010883525471074,0.00258362522753652,0.00670288484220891,NA,NA,0.00256942927060704,0.0155063528792522,0.0168339426184898,0.0180877791065809,0.0208412906078171,0.0237352329373273,0.0242633160306716
484,"MEX","Mexico",0.0343915190106508,0.0344502144198791,0.277134733281718,0.375221052956172,0.419870285346874,0.468794054251489,0.476271800356336,0.503346186059468,0.507865955881896,0.53447490658198,0.553239081103182,0.555984099619969,0.567055480199282,0.559214897155796,0.524541185994003,0.483075783442138,0.494264270821694,0.480055225253336,0.433700535476277,0.424783937789999,0.45648659076854,0.437408327585428,0.428129431742508,0.427997734175156,0.442941799648958,0.414020607197677,0.335747401325564,0.307931664755751,0.314728945494016,0.298921020320239,0.269102481979091,0.230855411215192,0.263359430286618,0.30406291315286,0.2921763209282,0.263217894502475,0.239285564738661,0.247802564387234,0.229232829365705,0.214050908123306,0.20650354609825,0.213635740159586,0.221615897322426,0.23947659018936,0.23673898075462,0.227489683030803,0.202681507717761,0.173145568786673,0.188360455254012,0.179597308027847,0.173891712118078,0.155217513852092,0.149091807894394,0.175660719312192,0.17060289078138,0.168081555262997,0.168577751930274,0.16622106539877,0.145850899084088,0.135467998998752,0.151410909362998,0.167615147496402,0.157906239710799,0.118695233945669,0.123880937546948,0.177972821519024,0.188879927595128,0.177814409505386,0.145375594308229,0.169150656476476
583,"FSM","Micronesia",NA,NA,NA,NA,NA,NA,NA,NA,NA,NA,NA,NA,NA,NA,NA,NA,NA,NA,NA,NA,NA,NA,NA,NA,NA,NA,NA,NA,NA,NA,NA,NA,NA,NA,NA,NA,NA,NA,NA,NA,NA,0.0226808802826633,0.0232764077264466,0.0231010393721397,0.024283264617886,0.0135453646241439,0.018904179512166,0.0180524731482508,0.0336075006294473,0.0308221306677004,0.0385213602154523,0.0440364556542476,0.0243623259292244,0.0364133520178802,0.0409411046463713,0.0365818357897773,0.0229148363852841,0.0485035865742143,0.0275090473568212,0.0450147889584227,0.0358711198676592,0.0385397027871658,0.0355617929370596,0.0414066891711286,0.0427658201146171,0.0389981045077661,0.0354888278085148,0.0293230243403098,0.0336519339088324,0.0341893233412758
498,"MDA","Moldova",NA,NA,NA,NA,NA,NA,NA,NA,NA,NA,NA,NA,NA,NA,NA,NA,NA,NA,NA,NA,NA,NA,NA,NA,NA,NA,NA,NA,NA,NA,NA,NA,NA,NA,NA,NA,NA,NA,NA,NA,NA,NA,NA,NA,NA,NA,NA,NA,NA,NA,NA,NA,NA,NA,NA,NA,NA,NA,NA,NA,NA,NA,NA,NA,NA,NA,NA,NA,NA,NA
492,"MCO","Monaco",NA,NA,NA,NA,NA,NA,NA,NA,NA,NA,NA,NA,NA,NA,NA,NA,NA,NA,NA,NA,NA,NA,NA,NA,NA,NA,NA,NA,NA,NA,NA,NA,NA,NA,NA,NA,NA,NA,NA,NA,NA,NA,NA,NA,NA,NA,NA,NA,NA,NA,NA,NA,NA,NA,NA,NA,NA,NA,NA,NA,NA,NA,NA,NA,NA,NA,NA,NA,NA,NA
496,"MNG","Mongolia",NA,NA,NA,NA,NA,NA,NA,NA,NA,NA,NA,NA,NA,NA,NA,NA,NA,NA,NA,NA,NA,NA,NA,NA,NA,NA,NA,NA,NA,NA,NA,NA,NA,NA,NA,NA,NA,NA,NA,NA,NA,NA,NA,NA,NA,NA,NA,NA,NA,NA,NA,NA,NA,NA,NA,NA,NA,NA,NA,NA,NA,NA,NA,NA,NA,NA,NA,NA,NA,NA
499,"MNE","Montenegro",0.0571446379608361,0.0661616275654964,0.0621659342640973,0.0544380538627907,0.0760940453028932,0.0720968225292902,0.0653313238773641,0.0643763427295942,0.0692297428715141,0.0604464780191322,0.0641525756099794,0.0565388701932687,0.0620396840921779,0.0573544077981321,0.064562648576759,0.0682305735859166,0.0888139447077017,0.103911231735235,0.125551205039032,0.156771603704962,0.196556199087247,0.195646136930165,0.207528582496781,0.24355648223406,0.261275496367114,0.284131394504325,0.290034150827085,0.306768185571123,0.332995416872686,0.329706064575516,0.226619853858526,0.230449070111046,0.233373787271419,0.209219857297149,0.169494422522835,0.0889100851540651,0.101374668706023,0.103738598034915,0.0908633876812457,0.0844522382793478,0.0800625374818704,0.0772207501524454,0.0882811306020975,0.0969520852810009,0.113276898386414,0.128113271050494,0.107397989885287,0.106573065716972,0.0944320481493716,0.0777260735109426,0.0663444122384181,0.0721840918293898,0.0471864464869498,0.0685003974480006,0.0714193186434588,0.0779468295318333,0.0731126150478778,0.0717858464916632,0.0629257879789069,0.0514332026122163,0.0510507223081708,0.0411445700877671,0.047813011989594,0.040726661222963,0.0421211689064662,0.111214945250822,0.109064728947714,0.0790879916371648,0.0848811220433119,0.0864709800068511
504,"MAR","Morocco",0.108370481858141,0.122447395575745,0.112737582717515,0.104049413570883,0.119447562453499,0.11958766337279,0.114426028207798,0.101752759997473,0.0972153162633038,0.102289257759559,0.101128836948065,0.0989342806889556,0.0978062715140302,0.0938467494090319,0.0891075915896131,0.0876583020744616,0.0761785671362398,0.0820857034918913,0.0880639391848838,0.0895854886828078,0.0941888679822424,0.0995654877873085,0.0919830697397507,0.0872023737708981,0.0981775338458054,0.107329296831919,0.0957433713024473,0.103653482275855,0.094558081793938,0.10360685543911,0.109332101311521,0.122387525948334,0.134362555838404,0.124324481143904,0.127158425922642,0.132062171230331,0.125500387780196,0.13680759236525,0.132517156401679,0.137004676077304,0.122984356560019,0.128839076861034,0.140040373863005,0.131550244327697,0.120101132951607,0.110981191448034,0.120093438834218,0.107694346071294,0.11181522189973,0.109629268272901,0.106911795651645,0.100174973125954,0.100003732189925,0.0950016394546298,0.0858756986870239,0.0801618598801752,0.0955889179965647,0.0938022419571229,0.0857587833239744,0.0905275872320706,0.0864428873158197,0.0841405878507135,0.082008583049991,0.0839980833451455,0.0819705658638564,0.0758931255817422,0.0752664849725305,0.0782720281060146,0.0798832587828888,0.0784768499265738
508,"MOZ","Mozambique",NA,NA,NA,NA,NA,NA,NA,NA,0.0230730061755671,0.0181505241755006,0.0180210971133018,0.0211490730821392,0.017842234393438,0.016441980596746,0.0180840347529754,0.0223670957678615,0.037276992110539,0.036049546099274,0.0349338587097958,0.034356028495491,0.0325926457313129,0.0648367482408533,0.0639749091660019,0.074258957825269,0.115743199540024,0.0832914661831651,0.114294339751602,0.0965417043475526,0.120559261774855,0.101465170381778,0.17404751527097,0.179271507501558,0.148620428200275,0.157609125488018,0.120047588232524,0.133447064126236,0.208743565672909,0.213365810475993,0.22582495648755,0.190728635723495,0.199950458522673,0.211860882719501,0.156659619059367,0.215641295704365,0.199119184643471,0.20629612289395,0.20459429451723,0.22699197449702,0.201060205441716,0.19070595012007,0.187891212902032,0.191469988713833,0.191438540168582,0.202778166821891,0.215751981252913,0.241089195353601,0.213127753425141,0.190321781876793,0.159034698294468,0.148813453618187,0.173272328910995,0.149128763223534,0.103741792531438,0.104427647691034,0.1296123048313,0.10343083551168,0.0962396500915536,0.105404462306867,0.0880868579451793,0.0717565354395372
104,"MMR","Myanmar",0.0016372811496,0.00164019942090544,0.00338326734072605,0.00321359473178216,0.0061020027266354,0.00582487870778662,0.00978788325188213,0.00974707696304293,0.00970413584516582,0.00966003496883281,0.00961444138507277,0.00956579461758747,0.00951633656308155,0.00946527087413012,0.00941349222386258,0.00935894357846511,0.0093076538581765,0.00927539266742986,0.0092418899049628,0.0092203583248825,0.0172980506658185,0.0177261328227795,0.0181734558033799,0.0185517498196786,0.0188636677638994,0.0193968567121543,0.0198842205614984,0.0203380440705736,0.0207969775198203,0.0212466753630519,0.0216906803995115,0.0221381317899973,0.0224696074967995,0.0228249455653388,0.0232969839838639,0.0238592832352887,0.0244415762294217,0.0247955025241425,0.0252577562038993,0.0257906253188506,0.0261656011433222,0.0263919963521271,0.0267675167928923,0.0271217999592052,0.0274809072193219,0.0278263966400552,0.0281916752244209,0.0286736930511904,0.0292785920834558,0.0300306051074347,0.0310121852058617,0.0311418479286532,0.0313217856745469,0.0313642465612715,0.031597066390409,0.0315914566253621,0.0302945288619653,0.030507353866463,0.030277776861184,0.0310207806912616,0.0300544701042791,0.0302177456115107,0.0303645825805295,0.0298919483163424,0.0307591269305759,0.0296659543956692,0.0298560516682616,0.0299191954076093,0.0567549260537729,0.0560826896597846
516,"NAM","Namibia",NA,NA,NA,NA,NA,NA,NA,NA,NA,NA,NA,NA,NA,NA,NA,0.0146269613338645,0.00332859484563724,0.00355521224036771,0.00377150999933796,0.00397605128369111,0.0034335152468172,0.00359546948157824,0.00375000017764983,0.00389758066617603,0.00403866148723228,0.00571509259637603,0.00668952953613737,0.00731445512174732,0.00802945547262973,0.00843102455466083,0.00768453033545419,0.00749634064670007,0.00724706285011434,0.00714997337992466,0.0070224221898324,0.00640894857831212,0.00614971506932676,0.111431652736865,0.110890543813678,0.0936818844979948,0.0477435658412581,0.0497913081423676,0.0474969461603795,0.0471026156953677,0.0518849094682791,0.0511633251135077,0.0495322291060885,0.04793408944042,0.0507431812597049,0.0526953446933751,0.0508342677656221,0.0508465570182096,0.0421483459912446,0.0472022790416976,0.0458967957013211,0.0458451225866591,0.0407174097970396,0.0422875872861859,0.0449201319345053,0.045403688771574,0.0463284097534958,0.0474271556676985,0.0433655076121393,0.0427534651767274,0.0420093129150312,0.0412394539177032,0.040866028577148,0.038343950686594,0.0471671158986048,0.0475062807354616
520,"NRU","Nauru",NA,NA,NA,NA,NA,NA,NA,NA,NA,NA,NA,NA,NA,NA,NA,NA,NA,NA,NA,NA,NA,NA,NA,NA,NA,NA,NA,NA,NA,NA,NA,NA,NA,NA,NA,NA,NA,NA,NA,NA,NA,NA,NA,NA,NA,NA,NA,NA,NA,NA,NA,NA,NA,0.000000000946066072625549,NA,NA,NA,NA,NA,NA,NA,NA,NA,NA,NA,NA,NA,NA,NA,NA
524,"NPL","Nepal",NA,NA,NA,NA,NA,NA,NA,NA,NA,NA,NA,NA,NA,NA,NA,NA,NA,NA,NA,NA,NA,NA,NA,NA,NA,NA,NA,NA,NA,NA,NA,NA,NA,NA,NA,NA,NA,NA,NA,NA,NA,NA,NA,NA,NA,NA,NA,NA,NA,NA,NA,NA,NA,NA,NA,NA,NA,NA,NA,NA,NA,NA,NA,NA,NA,NA,NA,NA,NA,NA
528,"NLD","Netherlands",0.187377090126134,0.179682575216262,0.176568098937457,0.181315618170268,0.168679158514793,0.186458371062848,0.19698157476403,0.182502249404798,0.189083356276831,0.201775382435594,0.21112159535374,0.228196804753827,0.284885387205552,0.276981179554115,0.259603817601097,0.276117725504478,0.321907031866731,0.276577407954318,0.3545766242621,0.385574446857032,0.356179775889465,0.33445506653718,0.355437578340679,0.366481005868439,0.370631258765687,0.349694396774929,0.351299749188508,0.33462937441413,0.258223172942911,0.293350597038816,0.289563597157505,0.264727462276378,0.282286250648065,0.275327578220723,0.281465157868164,0.281398078404886,0.279542547844865,0.274556538123645,0.309744865872132,0.310156297817528,0.311221514859344,0.296346128321239,0.256285140118054,0.242062128865179,0.258990238792677,0.240257290662972,0.233655175405243,0.223450159432488,0.186051622718345,0.206212217481136,0.196966547352834,0.193025123298866,0.191288636256266,0.176699300772791,0.161082132604678,0.147515522819463,0.163529286843325,0.167717112069037,0.17899360683397,0.213615830848428,0.216020574308195,0.171245855055829,0.196769589077265,0.214140982916068,0.181820668405143,0.173865756539236,0.170493944815914,0.161196215984492,0.187974291873162,0.184415223002753
540,"NCL","New Caledonia",NA,NA,NA,NA,NA,NA,NA,NA,NA,NA,NA,NA,NA,NA,NA,NA,NA,NA,NA,NA,NA,NA,NA,NA,NA,NA,NA,NA,NA,NA,NA,0.00019722513623555,0.000680234200947049,0.00191626242380233,0.00102703712459703,0.00197355876422655,0.00242139978564803,0.0288486566885302,0.0308955026291719,0.0333273735405785,0.0454975921803155,0.0466605754378411,0.0330426446197169,0.0436751899545799,0.0385909918730984,0.0341261606776237,0.027407700816705,0.0204452536109243,0.0402185425672603,0.0393397641238544,0.0296705738052033,0.037141126006159,0.0376023036203242,0.0372897288782644,0.0493983580528098,0.0429202133418402,0.0313854523353313,0.0267145697324838,0.0280584579966908,0.0346944188462934,0.0412083069647646,0.0411204996479201,0.0390656958696064,0.0413947479347136,0.0457192656932498,0.050800980288174,0.045858526061183,0.0459584387379023,0.0473376800747769,0.0563406744405257
554,"NZL","New Zealand",0.042534255057439,0.0450099290514604,0.0476426699171367,0.0502146296263303,0.0527772734979867,0.0556210962870432,0.0582890742088941,0.0608780910180168,0.0633975962941125,0.0661150917846261,0.0689342651594274,0.0712635535734562,0.0734999938378409,0.075964787642695,0.0788246325876875,0.0816697609998304,0.0847226777901009,0.0873222738937997,0.0896338565965014,0.091124247296293,0.0942495500213864,0.105389739204682,0.114188613373234,0.124405910628397,0.133471295163285,0.142072233506948,0.152692544191711,0.161354830503896,0.166945269627409,0.178368373795816,0.18712470052431,0.196003036357399,0.204586456366635,0.210368750219829,0.209893708121101,0.207046548859292,0.205085307327265,0.206466720290316,0.204980674287637,0.198053167150549,0.193007304265951,0.191308535813851,0.188265603088759,0.185838027802225,0.180310450869945,0.176184902638599,0.173364507891223,0.170635957442516,0.165488695129711,0.162938037826333,0.15574059976339,0.153120233956763,0.14124946661626,0.140200050712216,0.137309699683562,0.135625069203073,0.129281742669319,0.12390923324854,0.11870443102119,0.116666475882991,0.115143880791141,0.115834484249004,0.116843784657032,0.115272796545848,0.118487619881458,0.122587030229191,0.123500012101115,0.123633391150739,0.122958158367858,0.122468689478359
558,"NIC","Nicaragua",0.361185642444516,0.348762693222982,0.337321429574629,0.506547028025485,0.49619217517029,0.486393162641128,0.529272294091799,0.520799179870031,0.51271527003857,0.504997019716632,0.567495572123075,0.56264509593882,0.557905230835225,0.587388975176469,0.582995552800253,0.601858951540822,0.677731606247366,0.693003873976103,0.69880945115037,0.710061044934776,0.716452812114305,0.699689191667486,0.532223457790046,0.52698065266914,0.480027910199735,0.464480921632141,0.45095527450338,0.468909029279079,0.429471532335975,0.406662823657174,0.413534811911084,0.390692238939395,0.355778788572379,0.267713344546211,0.266497217196139,0.275647157269459,0.204834952351665,0.204135543576642,0.237691515812906,0.223213140888923,0.19233433964298,0.269244519868965,0.22551635178196,0.277422883779083,0.321988317975774,0.307356262316124,0.336073642168901,0.330619148945293,0.358243560082576,0.35277467475212,0.317225539001314,0.322982863006444,0.318872580542026,0.302268244449445,0.270950672240886,0.239056498294252,0.15775713304301,0.179911576933234,0.133493608247249,0.147375044442616,0.14512420154326,0.155158984785383,0.0746286866084257,0.0878610677562433,0.0865305457818299,0.11316978392361,0.140149169965569,0.102066882339647,0.0953559340448975,0.0996517265405951
562,"NER","Niger",NA,NA,NA,NA,NA,NA,NA,NA,NA,NA,NA,NA,NA,NA,NA,NA,NA,NA,NA,NA,NA,NA,NA,NA,NA,NA,NA,NA,NA,NA,NA,NA,NA,NA,NA,NA,NA,NA,NA,NA,NA,NA,NA,NA,NA,NA,NA,NA,NA,NA,NA,NA,NA,NA,NA,NA,NA,NA,NA,NA,NA,NA,NA,NA,NA,NA,NA,NA,NA,NA
566,"NGA","Nigeria",0.00632983362367144,0.0064547309570901,0.00657716862110675,0.00669727844597438,0.00681518429865078,0.00693100269371972,0.00704484335016422,0.00715680969790477,0.00726699934158319,0.00737550448240121,0.00748241230569339,0.00758780533516535,0.00908672411134112,0.0105520415867499,0.00868962277868074,0.00964062182459438,0.00939197205919015,0.0086325573903279,0.00877772171069381,0.00981182318556712,0.00771411726389045,0.00502957840046003,0.00565973557063612,0.00611406985362921,0.00666033767393915,0.00739933812552819,0.00795951236675345,0.00855726529001486,0.00910793427130399,0.00953625170017313,0.0104277071103104,0.00870085586200559,0.00817813178101789,0.00789741335891215,0.00796227685325623,0.0554843710689422,0.0484997253841052,0.0499028205975649,0.0526543989822982,0.0535633538841975,0.0521785133021571,0.0431056198280894,0.0340005384806815,0.0295564998810913,0.0224913302318996,0.0161733064330527,0.0118132832417225,0.00777174212117215,0.00531755915121304,0.00559061108241069,0.00589391873477127,0.00605700985271163,0.00595371588763815,0.00688908327090633,0.00625048556528238,0.00614417619647766,0.00591637094962662,0.00686177913657491,0.00594118165372134,0.00627714321352459,0.00624944759796583,0.00588184055653287,0.00551570084999074,0.00518170534124131,0.00453322970213353,0.00426841999578531,0.00403268131936984,0.00351843279779822,0.00278816600029141,0.00204695625899866
570,"NIU","Niue",NA,NA,NA,NA,NA,NA,NA,NA,NA,NA,NA,NA,NA,NA,NA,NA,NA,NA,NA,NA,NA,NA,NA,NA,NA,NA,NA,NA,NA,NA,NA,NA,NA,NA,NA,NA,NA,NA,NA,NA,NA,NA,NA,NA,NA,NA,NA,NA,NA,NA,NA,NA,NA,NA,NA,0.006253707755617,0.00397171188756294,0.00380697166804106,0.144655601797883,0.00260942809716722,NA,NA,NA,NA,NA,NA,NA,NA,NA,NA
408,"PRK","North Korea",0.00377413757993721,0.0037944698135659,0.00381783708616831,0.00383195335680211,0.00400708796792318,0.00414690419794027,0.00423921317495598,0.00433592141575271,0.00440155408737155,0.00446194822815317,0.00451777342454694,0.00452872352709045,0.00448407971111853,0.00450189522805092,0.00451621364844651,0.00453433331195035,0.00456680235087476,0.00459445281234796,0.00461351567842156,0.00463062882701387,0.0046425566195258,0.00465620819629114,0.00467215118614183,0.00468104847494005,0.00469999899728643,0.00471092034194736,0.00475527040414233,0.00474835445494654,0.00477299068283729,0.00476725275809199,0.00475724180435403,0.00476780418720035,0.00476397042813081,0.00471858986438013,0.00530740210241305,0.00469298863510334,0.00470144905169282,0.00472376871175817,0.00469338205937175,0.0047007744510679,0.0032573118348934,0.0636442740886042,0.00377172119608804,0.00465418782187845,0.0046439720571382,0.00459946606161365,0.00451073542707472,0.00456369327817178,0.00430421702727231,0.00463329077272041,0.00493720458142295,0.00465383920996773,0.00467587501170673,0.0047047440921064,0.00479185699006327,0.00473498668008888,0.00473403561304204,0.00472632150741401,0.00471673959460015,0.00467618674688625,0.00467539112321435,0.00422051189261482,0.00423629959195386,0.00424560084736308,0.0042777151175889,0.00438159965203446,0.00458741688458995,0.00459335534467405,0.00459335534467405,0.00459335534467405
807,"MKD","North Macedonia",NA,NA,NA,NA,NA,NA,NA,NA,NA,NA,NA,NA,NA,NA,NA,NA,NA,NA,NA,NA,NA,NA,NA,NA,NA,NA,NA,NA,NA,NA,NA,NA,NA,NA,NA,NA,NA,NA,NA,NA,NA,NA,NA,NA,NA,NA,NA,NA,NA,NA,NA,NA,NA,NA,NA,NA,NA,NA,NA,NA,NA,NA,NA,NA,NA,NA,NA,NA,NA,NA
578,"NOR","Norway",0.0688303557123188,0.0726176508952931,0.110147365579555,0.12835335500362,0.139286155892219,0.137427371755194,0.125761044931164,0.128799147129341,0.140555186879066,0.116257209454572,0.126680857446168,0.138879402712389,0.136085627909684,0.128824244738721,0.121373982358181,0.0988407972366989,0.0984525493006232,0.106304395394542,0.0786458332914261,0.0739314298180884,0.043242783606604,0.0251676862575099,0.0260324873885337,0.0199864853971855,0.0145041171229185,0.0112700032076452,0.007668601970878,0.00365355274947005,0.00570858267146309,0.00602946622935294,0.0066390513480176,0.00707030169352601,0.00693774578593317,0.00734376472563595,0.00845642555005472,0.0334011344642829,0.0153302349533358,0.0187749736075351,0.021279441851939,0.0220179955474823,0.0216611608709735,0.0155526201167469,0.016041788831379,0.0169659321699706,0.0195548427007824,0.0197372137823328,0.0220647796922482,0.0214037435607727,0.0171856608543913,0.0191221348051282,0.0172049327292229,0.0157815364152904,0.0167498532576033,0.0178001368151617,0.0185685556608449,0.0186315376783981,0.0199126937567443,0.020177258807151,0.0197131024769706,0.0193965790979147,0.0208599290050141,0.00448180348716181,0.00448043635444484,0.00391568225239965,0.00353526754663234,0.00353983051454907,0.00414255808824541,0.00364740404543544,0.00343166353198807,0.00407447917064999
512,"OMN","Oman",0.00955504030382699,0.00955435026963669,0.00960097778823326,0.00963666234386774,0.00963547174265598,0.00968558735805925,0.00968371528711143,0.0096823759751149,0.00968033308930147,0.00969748395273123,0.00969579503190599,0.00969820100667368,0.00971636360375379,0.00971820973845374,0.00971977920967196,0.00973511258072808,0.00974807402738193,0.00974907379733568,0.00975050512102383,0.00976010053327867,0.00976849526566783,0.00977644239476914,0.00978284711514357,0.00978902952773369,0.00979361374654283,0.00979801774890464,0.00979462284793766,0.00979077754213371,0.00978662088514449,0.00978193470328629,0.0103926136521337,0.011064394774255,0.0116251114750876,0.0118527244274268,0.0124932943665239,0.0134392061715906,0.0134774361003245,0.0123085381422282,0.0127112052201571,0.0126194167232379,0.0144622762066005,0.0138663215867764,0.014191453072578,0.0143462435515272,0.0140426275472691,0.0158349844060623,0.0171868585943206,0.0183416451849583,0.0143056449254349,0.0139442154138458,0.0150102192795598,0.0127034014651547,0.0184112452984183,0.0163540846584812,0.017347184268892,0.0197412025278491,0.0163976608041339,0.0127251196375597,0.0133039579125364,0.0153916749198858,0.0134983764753082,0.0150832620338983,0.0127221414010249,0.0108521947855463,0.0103520279403054,0.0100192980048184,0.00985233049927856,0.00997165563859443,0.00996488173469804,0.0100354219616263
586,"PAK","Pakistan",NA,NA,NA,NA,NA,NA,NA,NA,0.110430044108272,0.0729831444990265,0.0997017176431313,0.145041003361281,0.110698876259289,0.176096011762171,0.238940603009413,0.246163180011651,0.184665341252416,0.153370974172086,0.11676547275442,0.0954685758612448,0.0657219032252814,0.0749789822111256,0.0780589705029319,0.0664401945272844,0.0547663066444597,0.0577218992280421,0.0668656002468581,0.055821263433812,0.0435458652553009,0.0563826710824789,0.0602413967634172,0.0614541142611406,0.0551065312652568,0.0840005517771209,0.0857218143602259,0.0786476580872045,0.0778335673800569,0.0711225749166193,0.0655434035580326,0.059564115704119,0.049061709165731,0.0452223230125978,0.0405955648497833,0.0463900274311011,0.0432532350095875,0.0385888603822712,0.0421247801386507,0.0430300364453657,0.0392555136026369,0.0374966361705347,0.0378894846863371,0.037396566964091,0.0335728561665053,0.00726438337459836,0.00695610747922591,0.00706949275803101,0.00672875753714513,0.00546016386942342,0.00539970863791324,0.00614984866192945,0.00634767733336005,0.00639405504123375,0.00668393467528273,0.00682282540104615,0.00649316483534714,0.00697231708482523,0.00670731625060925,0.00713997279848639,0.00689108841972858,0.00456981214447298
585,"PLW","Palau",NA,NA,NA,NA,NA,NA,NA,NA,NA,NA,NA,NA,NA,NA,0.0042482738424563,0.00642363817892781,0.00639420309060327,0.0070192351471695,0.00742838608217313,0.00734238437561166,0.00808977860872651,0.00558182682864403,0.00508932916898438,0.00570726138701388,0.00778660661400168,0.00774992339100531,0.00734359118304641,0.00672574649093301,0.00794822471445697,0.00700158948883777,0.00720836773020176,0.00771363144243598,0.00644994523186793,NA,NA,0.000413648558578425,0.000427811458029459,0.000421773372065236,0.000369619286494903,0.00037565835786384,0.000401703891837207,NA,0.00413342503026509,0.00329580188184291,0.00251376698657787,0.000321150849130226,0.000343168674655646,0.000356331982174708,0.000324562204034244,0.000302709394219504,0.000833483434251453,NA,NA,NA,0.000325210374176098,NA,NA,NA,NA,NA,NA,0.000010476852170266,NA,NA,NA,NA,NA,NA,NA,NA
591,"PAN","Panama",0.595649609745956,0.569298537563686,0.591510336366077,0.589505459910349,0.690955814632708,0.676537657124853,0.684778073129031,0.68671405673933,0.692425376210851,0.614602145773524,0.656046764801419,0.640302856358131,0.582329888816883,0.589120767285827,0.54441967052421,0.432231351265778,0.297115825378723,0.327757869249994,0.315555960658592,0.424323995099749,0.405506867346954,0.326083068970995,0.311874427370333,0.23499326283735,0.264926308106062,0.217423494124565,0.155630883647086,0.118410847526663,0.18716568036429,0.153003650122546,0.13813369153731,0.24872384368872,0.253377673784191,0.186818966231997,0.208314525166755,0.154673420282919,0.211706712676348,0.150609490909026,0.149402895184159,0.147295082767417,0.130759716962052,0.14351788310933,0.140842416081163,0.140813746671097,0.160578042619401,0.15121208085949,0.167041149626393,0.143807001724985,0.132055672806387,0.160693370140661,0.109605003583093,0.0897712633401476,0.0772035713447909,0.0945912583558949,0.0920883511863869,0.0691578875588449,0.0813584219159067,0.114479479680578,0.108192158409521,0.0973634787504259,0.102195805523612,0.094901870170154,0.0369537114877494,0.215954458489614,0.0684622131924822,0.0800599834735576,0.0830281783694152,0.102871650818956,0.0962803921552186,0.0725932075379967
598,"PNG","Papua New Guinea",0.0000510458431705755,0.0000503571841012093,0.0000496868590755968,0.0000443516304487386,0.0000439191228243045,0.0000434949691775616,0.0000395050735748857,0.0000391615604118254,0.0000388239697319873,0.0000361280508979996,0.0000358405430960965,0.0000537177111442779,0.0000949363587916144,0.000261618320286619,0.000128796201987783,0.0000815561125930137,0.0000904062803314062,0.000210489512777951,0.000220966516009053,0.000238448373769163,0.0024972273635618,0.00449701963164345,0.00661905649942791,0.00599726832629185,0.0113608305408145,0.00730095868105795,0.0109360749530113,0.0154402296693726,0.0161320712538103,0.0180736362750165,0.0175271691883317,0.0156912089876139,0.0204547161429603,0.022079505300189,0.0227983243849926,0.0235751748325768,0.0229176360527796,0.0217963599965373,0.0286065059512657,0.0253421196943829,0.0280197005421035,0.0338788792794483,0.0341702864905431,0.0304753639259121,0.0219832700333603,0.0272843498608325,0.0297149432370515,0.0244083909947017,0.0334368020264387,0.0344414267491963,0.0344940142001907,0.0444125452712163,0.0304617719239201,0.0401349320658951,0.0488871125998271,0.0460104060640996,0.0357635703815039,0.0406840361280804,0.0263344756976464,0.0351266306371289,0.0287580473145409,0.0257790083069833,0.0252021362246509,0.0214843549565957,0.0202207078700399,0.0174902740189252,0.0171508287860939,0.0179426516359728,0.0182306690507968,0.0180695318215486
600,"PRY","Paraguay",NA,NA,NA,NA,NA,NA,NA,NA,NA,NA,NA,NA,NA,NA,NA,NA,NA,NA,NA,NA,NA,NA,NA,NA,NA,NA,NA,NA,NA,NA,NA,NA,NA,NA,NA,NA,NA,NA,NA,NA,NA,NA,NA,NA,NA,NA,NA,NA,NA,NA,NA,NA,NA,NA,NA,NA,NA,NA,NA,NA,NA,NA,NA,NA,NA,NA,NA,NA,NA,NA
604,"PER","Peru",0.00104508445740673,0.0160298038143414,0.00177962683202696,0.00215103555930659,0.00212246063376677,0.00237161306939352,0.00411188832055517,0.0101078956890674,0.0169590252734622,0.0296201733229333,0.0383488653687863,0.0463873361436234,0.0527420770292094,0.0526186201564805,0.0593347984601271,0.0547687172428888,0.0583385198391198,0.0620010454134026,0.0629381077636402,0.0595633487217528,0.0673885507011822,0.0626589186121726,0.0435062077006371,0.0191131483840438,0.0365111550973445,0.0353720417475314,0.0384839857903443,0.00764034288452095,0.00962276365051794,0.0109565507646105,0.00643773085946837,0.012335737918163,0.0153891229196943,0.00243149233038018,0.0019755833376545,0.0057549624901853,0.0279067731139222,0.0127147489697818,0.0161227907930385,0.0242443406372895,0.0174316704964887,0.0184356304426763,0.0316790079002656,0.043897234957033,0.052466193727782,0.0403826875798598,0.045354230579874,0.0413640374336731,0.0148680705341266,0.0518478813471713,0.0583277708877386,0.0447273331439296,0.0566777552322215,0.0480015332950068,0.0657860573119039,0.0598161425418118,0.0533465592057966,0.0535270353642192,0.0553441396953643,0.0782443258660748,0.0863281013392743,0.081200986715828,0.0696718249022482,0.0743666782866204,0.0445226941300292,0.0604088675316738,0.0530069701376331,0.0409580040807063,0.0417401902527974,0.0392171434512109
608,"PHL","Philippines",0.00383573085211757,0.00361363837243165,0.00369442562701172,0.00370683457309643,0.00408877825762619,0.00405405570793257,0.003859797856761,0.00362665662788024,0.00389817515249238,0.00393443750809179,0.00380163493331966,0.00517825665401605,0.00636598946845221,0.00759354453282072,0.00842822190902418,0.00932457718370499,0.0102604601038836,0.00970605313497919,0.00945833521240256,0.00992774637148294,0.0179728458749962,0.0190477346474116,0.0208180633800934,0.020953062655487,0.0205932335175685,0.0216215358945828,0.0274308660458208,0.0328128001448742,0.0315099720975853,0.0308049580381674,0.0247493765774565,0.0206407854937047,0.0391102941205919,0.0387689579145014,0.0388833787113432,0.0400668289203173,0.0363358487250733,0.0352437024548537,0.0328574797231674,0.0294406558424658,0.0233218899269405,0.0168397355975715,0.0151126002788491,0.01255078685555,0.0123837620918255,0.0114455903774462,0.0113239299517682,0.0103492394510337,0.0120546917256407,0.0113130577025351,0.0110646508529848,0.0111570320991149,0.0103219930891775,0.0112922804978555,0.0113318948643243,0.0106205864418258,0.00956985195615561,0.0103451762360507,0.00950531778505163,0.00959626121607934,0.00852253939173785,0.00802026085262922,0.00841416262518458,0.00834996518907143,0.00859206835929646,0.00822630730701569,0.00807524849336472,0.00796381493077722,0.00801665794567513,0.00794233116445356
616,"POL","Poland",0.0180421565021808,0.0171330771824549,0.0176807697539853,0.0150233089623911,0.0149186201990214,0.0134739689239432,0.0144535376169235,0.0161621376381118,0.0216141637567342,0.040105659998857,0.0544703333014275,0.181768062314104,0.265885793459572,0.379025361049704,0.460041262382274,0.483982565328266,0.41070454810545,0.424601481552148,0.417416860092706,0.384909356248404,0.262995539379102,0.179570330304763,0.185708387778316,0.170923122009467,0.138009935256922,0.0942189502978951,0.0713641648170475,0.0420912604700273,0.0208320280120698,0.0530008305328775,0.0481526547750283,0.0569592452992821,0.0341758471486361,0.0263687242888628,0.0511644161472522,0.059879409127798,0.0256071446438679,0.0126775618487378,0.0225545856651452,0.0398185171487549,0.0142774646410863,0.0198184532425532,0.0163205820316517,0.0165626033768601,0.0142820040714525,0.0199727913053885,0.0164104571127918,0.0191349856681034,0.0198189361678719,0.016095596659398,0.0233329465184435,0.0169192769810316,0.0165623895336248,0.0212426109205143,0.0182047279034264,0.0348405395360109,0.039974396009931,0.0297170749683565,0.0255154389481738,0.025007100357933,0.0286472627726926,0.0373709912403078,0.0423267641892332,0.0449655787639985,0.0435566517457711,0.0337855861659174,0.0354796882050761,0.0295419645276744,0.028714050347527,0.0147547035750807
620,"PRT","Portugal",0.631286067048122,0.621328788369913,0.62408966902424,0.646215093386367,0.643001340037877,0.655594517301661,0.652721136629932,0.640225518624832,0.624512024932715,0.610523834008532,0.619315439089307,0.609924479663558,0.61934354725687,0.613004940051068,0.580284435696686,0.562444662270398,0.566506827752628,0.561783120045778,0.554585231112005,0.537886459720943,0.507643145592502,0.493944172991485,0.468937526708499,0.453773012755158,0.439747630206953,0.390998422456035,0.379586166873408,0.332315072729271,0.329744918944604,0.334788293651525,0.346517229822925,0.325911458627494,0.306305462687946,0.317494214198775,0.31891169750389,0.344888969788246,0.241770948654982,0.265479352649095,0.27141765264212,0.270152350976864,0.262331906154155,0.242066639645398,0.241411698566114,0.235580278999165,0.211838901814409,0.204459938410103,0.211290178794599,0.241569287464271,0.235514821947208,0.216294340530851,0.225039459842676,0.224596814059154,0.214213570932692,0.224340425095974,0.207605053988491,0.238579034106126,0.231231931263915,0.186775119791799,0.219101052521543,0.214726805743028,0.227742227425092,0.242693752211674,0.243721809214031,0.247446915397434,0.259883070463949,0.251669842800045,0.248911725272455,0.259830802370292,0.274366851667147,0.263466350702699
634,"QAT","Qatar",0.0347344733964133,0.034685828185912,0.0346396109902851,0.0348356814119853,0.0348003539832537,0.0347679059453367,0.034736724842005,0.0349151074746853,0.0348807328786514,0.0348385133957081,0.0351386913777352,0.0350813261993115,0.035295409944168,0.0352270790749638,0.0351540803250226,0.0299691411734236,0.0299130359025691,0.0288851467862675,0.0288306266615723,0.0287702921524255,0.0844050221524764,0.0841910216426219,0.0975841440275307,0.091333633365382,0.0956449049326666,0.0972607355358557,0.085528404322697,0.084589601273876,0.0904668497352449,0.0902397447923014,0.0994563321677174,0.106234454988786,0.10626215921096,0.119808441609399,0.129525498319757,0.122732605801391,0.115331546148554,0.121176576770543,0.123464800232699,0.130590154557775,0.13993624876843,0.143640964680156,0.146534464292709,0.144492955064359,0.0399349617873991,0.0394872817988935,0.0397916132425738,0.0398291636219705,0.0397809600195468,0.0395876785747007,0.0409166236615469,0.0411714639215691,0.0408607937354151,0.0415367224838319,0.0413085193902298,0.0414113376999551,0.0415202347715691,0.0411281892601267,0.0412094450764132,0.0406161513207749,0.0405220957814663,0.0402948011808092,0.0396896576150892,0.039975760086155,0.0400626920450468,0.039882178642492,0.0398082015147751,0.0397576836327285,0.0396723199176805,0.0397426360535738
178,"COG","Republic of Congo",0.00592265148811038,0.00571544378287367,0.0093946437492331,0.0099720627445687,0.0104236942572078,0.0107857407906282,0.00988108470576779,0.00923637798347699,0.00867611594879366,0.13351199198281,0.184661631489443,0.208590254494541,0.226523951174548,0.236118791344299,0.224408299142948,0.21992420387673,0.217308203544309,0.313796757018256,0.316272302966223,0.320802766736403,0.308990038032027,0.293951515122625,0.275390134877538,0.275048738983522,0.277623149984593,0.27382121356857,0.303701100476444,0.33592951784672,0.400069830191748,0.407023386836755,0.419197463610992,0.409718587094148,0.389088052500963,0.35043437686035,0.317554576376694,0.26774363362168,0.197656553037396,0.129347972531335,0.0909594070017291,0.0337660930916467,0.043822495476938,0.0588768732542572,0.0656033188406674,0.0626359316371285,0.0633058695241023,0.0631677004303047,0.0628696062655642,0.0623821496677667,0.0618241155594876,0.0611587555146949,0.0543753463438021,0.0645509469884233,0.051589057356496,0.0508662743521117,0.0278393147667996,0.0133845836976157,0.024196964811618,0.0222398796296492,0.019048114046969,0.0364770121064485,0.0236692990722647,0.0239993393115459,0.0263327314192586,0.0782840888206345,0.0886706718291115,0.0942633500463013,0.0303845311408977,0.0275022942237062,0.0281904776700039,0.0449374869330256
642,"ROU","Romania",0.00940204566087715,0.00931004892012214,0.00926058909798966,0.00919209801052142,0.00917557452457114,0.00976817146939365,0.0097098182163981,0.00992802648951663,0.0729008739116004,0.0807079867762424,0.0752954229300493,0.0791998120609655,0.0854924551966562,0.0900877451714184,0.0947119145191328,0.116622404614566,0.12248088125611,0.104720823262331,0.108992536701817,0.143959137667989,0.158662009948386,0.125182395966129,0.121944019341803,0.113314898194081,0.0991019377541443,0.0876998746958739,0.0803222345487802,0.11530460807579,0.11338575257223,0.0928000304277313,0.110566555566649,0.112366996429944,0.116741448993605,0.11756549870523,0.15590632276529,0.216279380386445,0.234178810420905,0.288890327241806,0.296254007267737,0.296194583409922,0.367277358189224,0.363762210386352,0.350991304246197,0.333955738485885,0.297783971670919,0.230819094457284,0.258622763791971,0.257191999447484,0.230165544598859,0.201655996153148,0.170235433789585,0.170691533897105,0.166024594249732,0.165917362235387,0.166109766442323,0.166000188617249,0.164834091280808,0.164528512121142,0.164263923816971,0.164434924946069,0.164640095514298,0.122433996455784,0.00172181041571215,0.00150844203265635,0.000972126626608806,0.0063109861864282,0.00651202659866827,0.00665810403335799,0.00657134700247308,0.00654034220259621
643,"RUS","Russia",0.416511293349667,0.379282930502294,0.432721055456598,0.410887731143341,0.484457775605783,0.520668721453089,0.485325490744668,0.355855257145443,0.342728728049109,0.347977810425226,0.417454797882357,0.429340872391337,0.453426242300774,0.44316467681385,0.34606754535539,0.301577039551394,0.317924051956189,0.329793661247613,0.401074456974977,0.390105608796093,0.334637028823985,0.305661515471972,0.32219128077901,0.346493390480743,0.33703978825788,0.27512433599937,0.244758852721277,0.259121452764143,0.232000525146359,0.174064001266661,0.156582184917741,0.172290659070653,0.153322844908738,0.13989123499252,0.14792517196175,0.180224517977846,0.178235659205633,0.191202290320085,0.179927158320582,0.227669765962676,0.25512721300709,0.288564454562761,0.322936499828663,0.31687643459448,0.31740834806714,0.318270808180058,0.333051317807053,0.299931078988865,0.301210097178266,0.283823824246132,0.26441034996695,0.264653657533763,0.231827248722465,0.243453790198572,0.228179761080097,0.232844393236993,0.23433690436527,0.242382902000627,0.186696730952867,0.172697722098296,0.193595651347448,0.212946376406953,0.220670883558725,0.216187124243809,0.214513820282968,0.217119234173288,0.209983017603901,0.222957262902761,0.230089690106833,0.233188180304702
646,"RWA","Rwanda",NA,NA,NA,NA,NA,NA,NA,NA,NA,NA,NA,NA,NA,NA,NA,NA,NA,NA,NA,NA,NA,NA,NA,NA,NA,NA,NA,NA,NA,NA,NA,NA,NA,NA,NA,NA,NA,NA,NA,NA,NA,NA,NA,NA,NA,NA,NA,NA,NA,NA,NA,NA,NA,NA,NA,NA,NA,NA,NA,NA,NA,NA,NA,NA,NA,NA,NA,NA,NA,NA
652,"BLM","Saint Barthelemy",0.0386791158863972,0.0385947294837342,0.0385107104918846,0.0387026063618922,0.038866479796947,0.0387943589108844,0.0387225051850234,0.0392403177889136,0.0394766528707456,0.0395514019448142,0.039618918535413,0.0395701767728052,0.039111662298574,0.0392092983625847,0.0392970710691453,0.0391033677843702,0.0387090322724326,0.0395465595563142,0.0396246342545588,0.0401820899574973,0.0402716877803087,0.0403516663864905,0.0403821088762804,0.04036929288288,0.0407990500669972,0.0408905057836002,0.0409652224144642,0.0410274102744003,0.0410799768991578,0.0411249947628631,0.0410464146904236,0.0410581133223149,0.0410816480551641,0.0410210937117831,0.0409615868057908,0.0408181471337557,0.0407579371597169,0.0406930586392635,0.0405545539657632,0.0405370942582697,0.0404801177177257,0.0404094693422731,0.0403520140708509,0.0403110800608351,0.0402941633849297,0.0403632522259173,0.0403193432830368,0.0404203184326462,0.0401959736008279,0.0400685346655253,0.0402138033380525,0.0401674408243024,0.0401211850902574,0.0401669308452544,0.0401229636083194,0.0400790925202704,0.0400353172661986,0.0399916375323611,0.0399480530064526,0.0399045633774509,0.039861168335916,0.0398389867512766,0.0398170581374867,0.0397832987803345,0.0397549451369599,0.0397230709309468,0.0396921369599788,0.0396612507530801,0.0396358604620267,0.0396043933474643
659,"KNA","Saint Kitts and Nevis",NA,NA,NA,NA,NA,NA,NA,NA,NA,NA,NA,NA,NA,NA,NA,NA,NA,NA,NA,NA,NA,NA,NA,NA,NA,NA,NA,NA,NA,NA,NA,NA,NA,NA,NA,NA,NA,NA,NA,NA,NA,NA,NA,NA,NA,NA,NA,0.000540570779242694,0.00122902109109411,0.00182384510258489,0.00215920161369851,0.00113766130968364,0.000829497505717165,0.00241811015789129,NA,NA,NA,NA,NA,NA,NA,NA,0.0274704093267204,0.027078626436934,0.028362970293702,0.144870454035083,0.173467330075288,0.154439756736261,0.411775553772116,0.412711458496877
662,"LCA","Saint Lucia",NA,NA,NA,NA,NA,NA,NA,NA,NA,NA,NA,NA,NA,NA,NA,NA,NA,NA,NA,NA,0.00346749870847869,0.00327197532180907,0.00355410478720186,0.00330687043520994,0.00323917081756714,0.00330203016950725,0.00400579405370306,0.00390883767873883,0.00376924112145101,0.00163557075074287,0.00188671501506138,0.0014579025957899,0.00143639756220251,0.00179006593811751,0.00315353640527689,0.00240616129537759,0.00360602712606352,0.00353459042509639,0.00291641235167799,0.00346659855900833,0.012949820370052,0.00575061939603211,0.0156373158605327,0.0163218976400549,0.0124227948401063,0.0107261907077308,0.0147524833536622,0.0153290667020066,0.0125241803006688,0.00411413415663112,NA,NA,NA,0.00029449587492703,0.00124731745445777,NA,NA,NA,NA,NA,NA,0.0235214474026855,0.0248762620911677,0.024848298283799,0.0108874284095407,0.010648428650826,0.0105609489503105,0.0104095360522713,0.0129030292200618,0.012822442093653
882,"WSM","Samoa",NA,NA,NA,NA,NA,NA,NA,NA,NA,NA,NA,NA,NA,NA,NA,NA,NA,NA,NA,NA,NA,NA,NA,NA,NA,NA,NA,NA,NA,NA,NA,NA,NA,NA,NA,NA,NA,NA,NA,NA,NA,NA,NA,NA,NA,NA,0.010112104494139,0.017217858314447,0.0177504163604096,0.0155505779378488,0.0156675786051245,0.016159908838477,0.0143897046370021,0.00943189240147646,0.00678206418966304,0.00599473174755479,0.00920244449056472,0.0118544040780446,0.00960693704151576,0.0116748155449255,0.0110052446270235,0.00725169760163245,0.00883166359481639,0.00788683222224574,0.00472832492591963,0.00489355817226182,0.00533517587125203,0.0087707565394717,0.00854247984683691,0.10330001967814
674,"SMR","San Marino",NA,NA,NA,NA,NA,NA,NA,NA,NA,NA,NA,NA,NA,NA,NA,NA,NA,NA,NA,NA,NA,NA,NA,NA,NA,NA,NA,NA,NA,NA,NA,NA,NA,NA,NA,NA,NA,NA,NA,NA,NA,NA,NA,NA,NA,NA,NA,NA,NA,NA,NA,NA,NA,NA,NA,NA,NA,NA,NA,NA,NA,NA,NA,NA,NA,NA,NA,NA,NA,NA
678,"STP","Sao Tome and Principe",NA,NA,NA,NA,NA,NA,NA,NA,NA,NA,NA,NA,NA,NA,NA,0.00344701804887015,0.00385129788818477,0.00408910660435183,0.00418097878163895,0.00423545979359645,0.00428058299392157,0.0042884909318173,0.00429169803505524,0.00429090987737231,0.00428669136053877,0.0062071468328154,0.00740012002621734,0.00834578308080983,0.00894952078932655,0.00949488300856235,0.0087874070736721,0.00865455488419399,0.00853075186964255,0.00843662030013438,0.0084146127632683,0.00864340897005437,0.00865675151140208,0.00877081280644141,0.00877323993877743,0.00884300922683614,0.00888952587134074,0.00888297844385587,0.00810609426765724,0.00785457007063375,0.00793953955009841,0.0100552882702822,0.00857338419349757,0.00632463449406014,0.00807478345906032,0.00735002600770491,0.00752620376630725,0.00502240977417039,0.00618506495069731,0.00573485558062571,0.00547655486611827,0.00013122859998141,0.000122742866646518,0.000131078050861597,0.000120234188356912,0.00188757871642703,0.000120470267366702,0.00013544264239441,NA,NA,NA,NA,NA,NA,NA,NA
682,"SAU","Saudi Arabia",NA,NA,NA,NA,NA,NA,NA,NA,NA,NA,NA,NA,0.00757214510856154,0.0621531827795579,0.0921781756694342,0.352111300191994,0.387641681339459,0.660565402971113,0.685393646666135,0.672845500411677,0.654420112326831,0.594519709217932,0.644682298217155,0.648560888017895,0.517468909005257,0.534962329541809,0.529752850563607,0.521166214270603,0.310644336925315,0.0670884299801447,0.0293526206686148,0.0650806546442179,0.241227504539249,0.226552746643071,0.235528745506063,0.238674753075579,0.234317059670929,0.147217771131455,0.197327106075154,0.184537751193372,0.144100879350796,0.140578886933142,0.138811101413721,0.1410897908196,0.111695238471172,0.169599890341286,0.184982835137936,0.162309686197021,0.134040904709333,0.0961268583752201,0.0933950135542382,0.0698770377741344,0.0815667392890524,0.0786638897279618,0.0525494970912797,0.0706141639161923,0.0612114702454116,0.0645751898846767,0.0622802666845307,0.0634207711147802,0.0652321101662819,0.0645185237541583,0.0641893325521967,0.0613197691621022,0.0626514870442249,0.0628652289100582,0.0628826678651093,0.0628535384237968,0.0616905560771847,0.0611226142207486
686,"SEN","Senegal",0.000778496736823641,0.000774244641303528,0.0008444790192161,0.000913604338453622,0.0010059706718966,0.000782280018046349,0.000855645353782581,0.00643136276507802,0.000865254477248447,0.00060450684532528,0.00879069430450162,0.0160661738978861,0.0196939613207883,0.0169938894274422,0.0229314477958403,0.0238187854091547,0.0249074435073367,0.019718943817453,0.0206719690034091,0.0266300618301086,0.0308429504486454,0.0527177122222424,0.0517036533886119,0.0638710702524528,0.0802513860170349,0.081499257190949,0.0733386237808036,0.0780533368406145,0.0843310424310994,0.107255041667253,0.11778766387168,0.125999365703254,0.139228407038402,0.118696727110795,0.123015189285138,0.111994200926439,0.11369041028732,0.108025165579162,0.129654226175801,0.1420769610343,0.161294775132553,0.172444110618884,0.145440304509031,0.152890021257811,0.1543414719372,0.157558188069205,0.129981660841648,0.131766048578855,0.123418773856455,0.120093547304204,0.13325481153362,0.117453164069553,0.113712071435586,0.0970126233596267,0.0821672362074588,0.0703567139783124,0.0800763027777083,0.0813287910804674,0.0718835183698747,0.0714790607863392,0.0520656152091589,0.0430877213280345,0.0217144042793827,0.0292341633510139,0.0374137386231636,0.0666745567938515,0.0749070160720965,0.0521617247075453,0.056247002395806,0.0502228008843
688,"SRB","Serbia",NA,NA,NA,NA,NA,NA,NA,NA,NA,NA,NA,NA,NA,NA,NA,NA,NA,NA,NA,NA,NA,NA,NA,NA,NA,NA,NA,NA,NA,NA,NA,NA,NA,NA,NA,NA,NA,NA,NA,NA,NA,NA,NA,NA,NA,NA,NA,NA,NA,NA,NA,NA,NA,NA,NA,NA,NA,NA,NA,NA,NA,NA,NA,NA,NA,NA,NA,NA,NA,NA
690,"SYC","Seychelles",NA,NA,NA,NA,NA,NA,NA,NA,NA,NA,NA,NA,NA,NA,NA,NA,NA,NA,NA,NA,NA,NA,NA,NA,NA,NA,NA,NA,NA,NA,NA,NA,NA,NA,NA,NA,NA,NA,NA,NA,NA,0.00916399735198278,0.00420114135831736,NA,NA,NA,NA,0.0229099405035741,0.0301834649888191,0.0331115977151819,0.0390451651127783,0.0403517060759904,0.0481869233804417,0.0495693742992845,0.0510173184042705,0.0532835160751787,0.0447507010885142,0.0542765935387591,0.0486144329725689,0.0524289455375453,0.0472571143763837,0.0494805619129647,0.0703365838678092,0.0587315382801173,0.107278992530483,0.0531092063457446,0.0520816295992694,0.0497348032066136,0.0520863449623793,0.0525852780700201
694,"SLE","Sierra Leone",NA,NA,NA,NA,NA,NA,0.00040214616476694,0.000790606502084178,0.00114112451235369,0.00145786173637697,0.00180929226252428,0.00179553037088243,0.00202611368631311,0.00227390767133285,0.00251230167928235,0.00273962635725796,0.00295670140232364,0.00322522567273452,0.00349543291555419,0.00417183854639986,0.00428627362802706,0.00923814402699308,0.0118830667942266,0.0145942084670466,0.0173983625068974,0.0172985208962384,0.0272311535969586,0.0321338652720542,0.0427896125998988,0.0336334472204767,0.0319081688923264,0.033124231841968,0.0368333571613275,0.0414705763068012,0.0419594765227522,0.0468428463936484,0.0511344420805791,0.0537201645679724,0.0548260043231541,0.0503586120605602,0.0578060189892142,0.076929269870824,0.064963060589226,0.0931798791476758,0.0732243024419568,0.0816842938527751,0.0702039249972481,0.126272003703146,0.133162448563931,0.138565295523363,0.153712348026882,0.115059161420414,0.101590417465989,0.0627606505688917,0.0503264398854559,0.0404299896783411,0.0432350765007744,0.0462964878667592,0.0483965816359346,0.0579623160346762,0.0638291546202623,0.00330381967480201,0.00288279958522274,0.00242294320121003,0.00231905831364139,0.00162394106017983,0.00162394106017983,0.00162394106017983,0.00162394106017983,0.00162394106017983
702,"SGP","Singapore",NA,NA,NA,NA,NA,NA,NA,NA,NA,NA,NA,NA,NA,NA,NA,NA,NA,NA,NA,NA,NA,NA,NA,NA,NA,NA,NA,NA,NA,NA,NA,NA,NA,NA,NA,NA,NA,NA,NA,NA,NA,NA,NA,NA,NA,NA,NA,NA,NA,NA,NA,NA,NA,NA,NA,NA,NA,NA,NA,NA,NA,NA,NA,NA,NA,NA,NA,NA,NA,NA
534,"SXM","Sint Maarten",NA,NA,NA,NA,NA,NA,NA,NA,NA,NA,NA,NA,NA,NA,NA,NA,NA,NA,NA,NA,NA,NA,NA,NA,NA,NA,NA,NA,NA,NA,NA,NA,NA,NA,NA,NA,NA,NA,NA,NA,NA,NA,NA,NA,NA,NA,NA,NA,NA,NA,NA,NA,NA,NA,NA,NA,NA,NA,NA,NA,NA,NA,NA,NA,NA,NA,NA,NA,NA,NA
703,"SVK","Slovakia",NA,NA,NA,NA,NA,NA,NA,NA,NA,NA,NA,NA,NA,NA,NA,NA,NA,NA,NA,NA,NA,NA,NA,NA,NA,NA,NA,NA,NA,NA,NA,NA,NA,NA,NA,NA,NA,NA,NA,NA,NA,NA,NA,NA,NA,NA,NA,NA,NA,NA,NA,NA,NA,NA,NA,NA,NA,NA,NA,NA,NA,NA,NA,NA,NA,NA,NA,NA,NA,NA
705,"SVN","Slovenia",NA,NA,NA,NA,NA,NA,NA,NA,NA,NA,NA,NA,NA,NA,NA,NA,NA,NA,NA,NA,NA,NA,NA,NA,NA,NA,NA,NA,NA,NA,NA,NA,NA,NA,NA,NA,NA,NA,NA,NA,NA,NA,NA,NA,NA,NA,NA,NA,NA,NA,NA,NA,NA,NA,NA,NA,NA,NA,NA,NA,NA,NA,NA,NA,NA,NA,NA,NA,NA,NA
90,"SLB","Solomon Islands",NA,NA,NA,NA,NA,NA,NA,NA,NA,NA,NA,NA,NA,NA,NA,NA,NA,NA,NA,NA,NA,0.00325262042323263,0.00438245777647264,0.00419514878028856,0.00495501744650963,0.00387584330486303,0.00608899253155331,0.00543929093081699,0.00615218931922043,0.00973993238867812,0.0121915219649278,0.00739153893673578,0.0104486650667872,0.0109488479846676,0.00905571176151663,0.00851862526620021,0.00835822562216762,0.00872099353397222,0.00974832666189036,0.00996355509086306,0.00915438662773657,0.00993780034817276,0.00994837740850306,0.00973386815243249,0.0104425509120521,0.0111695141961627,0.016533415921572,0.0174259837206865,0.0226168335456038,0.0194366965417243,0.0190505490945274,0.0150993909254554,0.0123686657491984,0.0168221347993676,0.0208377590691363,0.0167049418267469,0.0138402369398139,0.0146193531398689,0.00740740459676421,0.0103140969518107,0.0961915570920027,0.0224452723551195,0.00598792027707927,0.00459785113717787,0.201662379597439,0.228695856252391,0.00388920089817261,0.00358930447082366,0.0697507519203668,0.0771215826564633
706,"SOM","Somalia",0.000101208752751467,0.000103990115480001,0.0000972602617870931,0.0000983603174910825,0.000100828102453103,0.0000948544471706617,0.000127527006945562,0.000127847486159263,0.000134019431636737,0.000127928698059767,0.000135417217556991,0.001214005144774,0.00230044290722532,0.00350302314631821,0.00480492848017475,0.00610976180194411,0.00758789411181699,0.0092063300556425,0.0108885471104774,0.0126666790182299,0.0144660486061762,0.0164298502117646,0.018476811169959,0.0206124305155453,0.0390162621737971,0.0416576129605078,0.0530886160419143,0.0642214909122275,0.0393202950172558,0.0790155804599083,0.109437652176002,0.0897045392937941,0.084476370639846,0.097752620564739,0.13521062875267,0.130734886169429,0.103143305798362,0.137898954089925,0.130987284909394,0.128056953995786,0.119296452325932,0.104804387362006,0.0919599569039436,0.0998757642242607,0.107939750598032,0.11553352585679,0.124847409082193,0.128516006924761,0.131716236069302,0.134454807569554,0.137258246257453,0.139396955075931,0.14161181610229,0.143442717119395,0.144932657975437,0.141573146823046,0.142038443776555,0.142592433065379,0.143095725568145,0.143788203057973,0.144275348139366,0.144274290765774,0.144262458232436,0.144354544411215,0.144273141377615,0.144332685820597,0.144921143619677,0.144884904842587,0.147056634717976,0.149122390158963
710,"ZAF","South Africa",0.0702233836345312,0.0804134193025694,0.084874392146744,0.0877563424645016,0.0875875136064372,0.0863079720168422,0.0887938338275566,0.0874026270709979,0.086033583522565,0.0876193324466272,0.086328537539456,0.08635172436261,0.0871327227387012,0.0908414882681506,0.0903338842819382,0.0887684238858449,0.0904263555530055,0.0912817417571452,0.0926017905079453,0.0885000006903681,0.0789015953099471,0.07192217119539,0.0758519919011943,0.0693431345944005,0.0787341224583811,0.0804812488241805,0.0816744537981879,0.0672573095160504,0.0490496697607383,0.0489394920757054,0.048829760271998,0.0521856630285969,0.0569726881125989,0.0534479970715812,0.0601609231030155,0.0548824298615885,0.05902198739447,0.0513122348837418,0.0575708243113089,0.054550673616792,0.0500545577532595,0.0504105604045189,0.0554575495573701,0.0532414637368211,0.0530431273747949,0.0546093792397288,0.0530098573390015,0.0548030330565734,0.0546631291907477,0.0568959407861627,0.0585019221776797,0.058834326321007,0.0588089875198004,0.0599609988845124,0.0598716088796688,0.0597878470138757,0.0591183388996444,0.0600153648980998,0.0598576239766416,0.0580104397309236,0.0599482132957208,0.0585265970540894,0.0612789069518638,0.0586225544033624,0.0603755647359724,0.060190837797857,0.0612206262083251,0.0611754055801848,0.0597612385054112,0.0438857251223342
410,"KOR","South Korea",0.209510226060705,0.210621871171968,0.219966971182265,0.218615749256844,0.21925238668136,0.22055662100354,0.228692843966675,0.226212119940109,0.225157298980246,0.224924320233677,0.224721637315363,0.234144297487956,0.230395167887092,0.231653104564713,0.235965313402042,0.238510905678529,0.232420698384683,0.249102820391404,0.24802897021674,0.254427679168095,0.280104840767838,0.282814841666786,0.267526333882118,0.25550350370887,0.249919472262419,0.237025657256335,0.2216217893996,0.232487216449143,0.229246006314056,0.231749860681411,0.226406767766245,0.219835805964647,0.218227956151321,0.211824502179195,0.209074615993896,0.206714511371399,0.197804872213556,0.197469833558297,0.199996304758865,0.183464197247599,0.186514346084836,0.199867371618118,0.198086106979065,0.195801068247738,0.185371010699303,0.186658004864773,0.179091785064798,0.184949477473404,0.195010909537152,0.171390066708969,0.186548389592995,0.166197756295964,0.197396087164292,0.190504244223369,0.197571412018658,0.177912468489852,0.159308454627295,0.142646198648972,0.132800268433368,0.13779289830425,0.149572389945854,0.165056911140528,0.141180813439149,0.14202721548467,0.143219625977817,0.11972806230714,0.127534307994304,0.121490938299888,0.123187944033082,0.116308771209412
728,"SSD","South Sudan",NA,NA,NA,NA,NA,NA,NA,NA,NA,NA,NA,NA,NA,NA,NA,NA,NA,NA,NA,NA,NA,NA,NA,NA,NA,NA,NA,NA,NA,NA,NA,NA,NA,NA,NA,NA,NA,NA,NA,NA,NA,NA,NA,NA,NA,NA,NA,NA,NA,NA,NA,NA,NA,NA,NA,NA,NA,NA,NA,NA,NA,NA,NA,NA,NA,NA,NA,NA,NA,NA
724,"ESP","Spain",0.399699926783135,0.335963432696656,0.396522954008254,0.405127899858377,0.433890442404189,0.435021678699953,0.434455410658253,0.422932880004589,0.390249755176864,0.40869163914846,0.434260742291006,0.442169610157323,0.439654484997668,0.437447091724754,0.427213029328499,0.400122972672875,0.397081128081671,0.387702225508961,0.406275634396309,0.376480729758668,0.344425927251982,0.320191790374231,0.274016916378526,0.232824884049501,0.215708712342061,0.184339479407846,0.165789630110393,0.162227758702184,0.165944284767498,0.146668330275543,0.155171698208451,0.152884377710079,0.152384155666085,0.134023841648568,0.140454527299832,0.136912749553842,0.139378189318907,0.156366264533461,0.147730905140701,0.133981441543329,0.15418900210944,0.151237053658654,0.144391386622779,0.157087899499878,0.145442673978586,0.145501310183781,0.167066390354342,0.152749262594573,0.14476011320434,0.144101389004134,0.162428203831334,0.160682001392302,0.169921525897163,0.147801698902498,0.147501555313027,0.148492304003337,0.140504274521661,0.139372456476056,0.1336067763273,0.119297835940087,0.113915188064849,0.13903798923567,0.0991558558771641,0.0591814909559945,0.0676970533358155,0.125087075076414,0.125154303586112,0.122824745331187,0.114734656622782,0.109458775624032
144,"LKA","Sri Lanka",0.0270331307900534,0.0264650671821313,0.0311318254056316,0.0356764956704274,0.0587070019962818,0.0489691795655312,0.0695266878186824,0.0618617596382159,0.0929593067851418,0.0826091432167124,0.084631613575544,0.0737352075074382,0.111674671115897,0.0932828469694759,0.160375788805001,0.103489792431698,0.118404750851027,0.12675219524639,0.0913150303038242,0.136307689735317,0.123863875825873,0.120883231294191,0.131033068392955,0.117580267329783,0.173569120596392,0.193571276896184,0.207639088397372,0.180573044705116,0.199896942483373,0.154260356111047,0.133983995136677,0.176744253260289,0.229359972284907,0.180768297570237,0.19365746313492,0.125500334675204,0.124660449733785,0.123547768641348,0.116225837144837,0.109379599586585,0.113908837748099,0.11334381108816,0.142687465360089,0.12623129697188,0.0574131847035773,0.113742491792597,0.0934240708730725,0.0903001200645052,0.0983779466501235,0.0628056362459033,0.107101678363846,0.0607125919358095,0.0523114729824724,0.119457922139972,0.116409475431775,0.0510904241924421,0.0720375020951231,0.0683621789535657,0.0747117205594316,0.0741084343020884,0.073494808966859,0.0426501684203131,0.0436604419496913,0.0407840885683806,0.0526888746472383,0.0334726212631393,0.0404241763552751,0.0349909649502883,0.0288251336370768,0.0384599006183769
670,"VCT","St. Vincent and the Grenadines",NA,NA,NA,NA,NA,NA,0.0113569606242026,0.0224915576487965,0.0336677806762066,0.0409918701645053,0.0510783007758356,0.0660979898395135,0.074052859359369,0.0749023139286354,0.0884165900504793,0.0898106305648115,0.108868753914667,0.1076577813599,0.109908923385565,0.110696666132712,0.111449497564027,0.112174564031214,0.112879606533661,0.113577114244852,0.114279156883603,0.114877794574303,0.125017793992111,0.130198617316316,0.11676214901875,0.149312298000171,0.197523654777903,0.160295982886076,0.209902940073232,0.21761094229182,0.337039431111323,0.430815392384194,0.397339632195403,0.444281251852954,0.310938264366265,0.217362252344344,0.231113957858265,0.200863699690675,0.207296609816173,0.180821720422534,0.2004216413298,0.19085379416479,0.155497616692092,0.106427837722607,0.0982688187879998,0.154407599426932,0.171181541834299,0.150080260813602,0.0950236036349338,0.138837098515267,0.175195571670659,0.194552202630764,0.129901606444095,0.129060536774011,0.153802224088297,0.131365542229253,0.102179876323915,0.114206130916317,0.0332492478508394,0.0317211866821989,0.0316041909280319,0.0316626014486526,0.040885638306264,0.0404973854809646,0.111822219796226,0.0990976601635194
275,"PSE","State of Palestine",NA,NA,NA,NA,NA,NA,NA,NA,NA,NA,NA,NA,NA,NA,NA,NA,NA,NA,NA,NA,NA,NA,NA,NA,NA,NA,NA,NA,NA,NA,NA,NA,NA,NA,NA,NA,NA,NA,NA,NA,NA,NA,NA,NA,NA,NA,NA,NA,NA,NA,NA,NA,NA,NA,NA,NA,NA,NA,NA,NA,NA,NA,NA,NA,NA,NA,NA,NA,NA,NA
729,"SDN","Sudan",NA,NA,NA,NA,NA,NA,NA,NA,NA,NA,NA,NA,NA,NA,0.0653298757143511,0.0602934706213518,0.0559461980577057,0.0643964486330479,0.0806680751622718,0.0663661322685834,0.0549630874499459,0.0839147899142099,0.0671387868057852,0.0704996107101788,0.0802919466047853,0.110627745497517,0.0766544052678588,0.101740810440976,0.0907268404404208,0.0468727614352806,0.0514769663544099,0.0224980223108818,NA,NA,0.0186681281288605,0.0215131593420665,0.0215994398674516,0.0213430756284894,0.0239991151456169,0.0213496540524492,0.035504395079834,0.0357072204629713,0.0377042382932548,0.0351159744358759,0.0124533939567689,NA,NA,NA,0.00309859368902881,0.0060152206634816,0.00961815933799765,0.0124810428492586,0.0152202521562977,0.0123865723174238,0.00865612336646741,0.00617200078572779,0.00324840434805729,NA,0.00824657253160225,0.0155153410870168,NA,NA,NA,NA,NA,NA,NA,NA,NA,NA
740,"SUR","Suriname",NA,NA,NA,0.414465713524631,0.392637309341621,0.407263623138998,0.387494672467583,0.271197076123692,0.28882019144818,0.27945770280658,0.336433834196325,0.550365671291632,0.493439141524391,0.481781300553187,0.502482012129834,0.484983049583419,0.462246605165704,0.470214774413016,0.491486357042465,0.564326894232818,0.585041662378822,0.563827460777324,0.56049547678734,0.619690100030447,0.58141333873097,0.610353589492502,0.366726337035951,0.415613969055859,0.310457706414745,0.343863130472295,0.389242476439165,0.407119752325031,0.349641750576564,0.321971721713967,0.308873325024013,0.255219454752924,0.303817721116716,0.350452161882947,0.311883076496828,0.499212120710166,0.418049603043487,0.320924363590846,0.127525997003976,0.0351964155802708,0.0908415072568961,0.318321006588545,0.513949679266754,0.44556058156283,0.44346043701324,0.390337062622261,0.452758439855947,0.479642107394486,0.443189210272168,0.379907088154798,0.339868094109091,0.334249249360138,0.224129184009196,0.217881143076262,0.0937959781936707,0.0998911588784437,0.122186862461067,0.11774678996444,0.114781797985648,0.110036408607358,0.0724381508337465,0.0832942264795971,0.088118426076484,0.0882461496208281,0.109074281250846,0.0927894730993938
752,"SWE","Sweden",0.0403013193768551,0.0377314795768744,0.0356787935304604,0.0337797803439166,0.0324489919116876,0.0329205117954149,0.0380019796115444,0.0391233292827111,0.0378929936820667,0.0344702132865597,0.0321317706433073,0.0329573178671145,0.0324691913355172,0.030675915955153,0.0347342858175325,0.0344419513836964,0.024607960680456,0.0234509083820799,0.0245820546880942,0.0230572004583678,0.026497781290447,0.0290727686869013,0.0290884688488197,0.0249338260460246,0.0247282519895882,0.025969245307626,0.0301388237037016,0.0243364327052696,0.0212920512616699,0.0207280665977031,0.0235729192737288,0.0251617049065808,0.027807765902395,0.026924376982264,0.0290985878316949,0.0287687750281796,0.0296901777504889,0.0294374526824622,0.0273153001105906,0.0272666967784966,0.0258702941429913,0.0272203533322186,0.0130149326153175,0.0152580249038209,0.0123637462992809,0.0154271583679862,0.017296507755804,0.0112664463560617,0.0154613262652641,0.0185413180637273,0.0154801644914575,0.0215594099407542,0.0251785146276998,0.0275592213181079,0.0203737841540677,0.01696715347125,0.0205846168691335,0.0137775776980258,0.0147588888018715,0.0175726326647911,0.0200962826301035,0.056079750914762,0.0505923819282399,0.0529217478364601,0.0508606067015984,0.0924221382489776,0.0879371970382532,0.0894889399313362,0.0687549943355801,0.0764610544118369
756,"CHE","Switzerland",NA,NA,NA,NA,NA,NA,NA,NA,NA,NA,NA,NA,NA,NA,NA,NA,NA,NA,NA,NA,NA,NA,NA,NA,NA,NA,NA,NA,NA,NA,NA,NA,NA,NA,NA,NA,NA,NA,NA,NA,NA,NA,NA,NA,NA,NA,NA,NA,NA,NA,NA,NA,NA,NA,NA,NA,NA,NA,NA,NA,NA,NA,NA,NA,NA,NA,NA,NA,NA,NA
760,"SYR","Syria",0.183345265326727,0.18220937108545,0.141348113064619,0.157727329098161,0.125683509285738,0.124824172025587,0.123963143874338,0.111959300555037,0.1111631921765,0.100437575499878,0.099702423419998,0.0906823552812721,0.0900003642872629,0.0876065173779188,0.086934328271684,0.0789476918524286,0.0783257768732839,NA,NA,0.02027642067614,0.021302130783634,0.0109466419252523,0.0155535508756272,0.0158799128935397,0.0146757275694106,0.010040565762464,0.00631302227610301,0.0345409737450382,0.0324152457417179,0.0411397141401719,0.0443379816254396,0.0462332906437424,0.0401063359333975,0.0438389725032462,0.0344171877105702,0.034527920166448,0.0448290166006996,0.0272198044054765,0.0321502515400612,0.0256997155103849,0.0233169553910634,0.0257441427012933,0.0176115333152286,0.0219127254488343,0.13465309323585,0.130873748893109,0.0995834290223917,0.0966285193788533,0.090649362693211,0.0906407413144653,0.0891120365385218,0.0938537184361154,0.078489724307727,0.077396175374177,0.0728487229438976,0.0654215421474327,0.0808819625601406,0.0703432609680873,0.0588955183893542,0.0575604797507244,0.0590275080980085,0.0351628409236076,0.0387249038471857,0.0436217834738246,0.0506969101163651,0.0532240322016786,0.0705309912170868,0.0732075790686862,0.0778593219571337,0.0832989112686665
158,"TWN","Taiwan",0.0633703410719087,0.0661290579700578,0.0688944115639588,0.070042760965682,0.0663888101152656,0.0730644587812325,0.0765179208771977,0.0770824267292143,0.0839173800642476,0.0843314790491863,0.0872170659898535,0.0907121403404702,0.092293077811781,0.091384778672315,0.0957629580988459,0.103210583134919,0.116015208559219,0.124969837579678,0.131523046171654,0.129933856017478,0.13385153612623,0.139818629369985,0.143879136284729,0.145497001722998,0.147152078384376,0.15009198369667,0.152295055731407,0.160280566235486,0.163223186420738,0.15795836856549,0.157839278652651,0.146196135563733,0.167357359823997,0.16884196405166,0.163370012226048,0.15610120132157,0.149282857606944,0.140718462457682,0.13129424219245,0.121023335064755,0.110994507184716,0.10192141407313,0.116715757402693,0.116140462918964,0.113755355381437,0.108632724454414,0.110322571212263,0.105140454857033,0.104307689805633,0.0980645375136898,0.0994263408457497,0.109646611037468,0.108969381934625,0.0986554865696694,0.113031883776872,0.107514938957279,0.0836041927103753,0.0691001841422751,0.0667235772509922,0.0886060149856091,0.0906541327473754,0.0900420489504782,0.0834204973840239,0.0791979989888455,0.071435002177172,0.063309980322899,0.113570977863507,0.0767264210870831,0.0872698380913301,0.088474587926733
762,"TJK","Tajikistan",NA,NA,NA,NA,NA,NA,NA,NA,NA,NA,NA,NA,NA,NA,NA,NA,NA,NA,NA,NA,NA,NA,NA,NA,NA,NA,NA,NA,NA,NA,NA,NA,NA,NA,NA,NA,NA,NA,NA,NA,NA,NA,NA,NA,NA,NA,NA,NA,NA,NA,NA,NA,NA,NA,NA,NA,NA,NA,NA,NA,NA,NA,NA,NA,NA,NA,NA,NA,NA,NA
834,"TZA","Tanzania",NA,NA,NA,NA,NA,NA,NA,NA,NA,NA,NA,0.00008887272047544,0.000168926881241351,0.000295971626108069,0.000281585121409189,0.000353223627459747,0.0144961587412502,0.0116354009446928,0.013390241089529,0.0186153807713095,0.0204066308520574,0.014854884507869,0.00918692328133424,0.0111450926908555,0.00388555748463123,0.00429493103462599,0.0193009541807494,0.00776315472788143,0.0060522588118436,0.00679944860342212,0.00519680574796934,0.00897106811224614,0.00550437520274994,0.00633260829498612,0.00736234735313412,0.0102660161323736,0.0120827673521371,0.0288682197402839,0.0244424262740972,0.034234155631871,0.0308141441639646,0.0399816062935378,0.0348075715549794,0.0422093406845634,0.0303387920249921,0.0455341481369427,0.0386580894441692,0.0436046268989473,0.0488492752787888,0.0361671713426153,0.0353473280601259,0.0324870546644746,0.0341473521920911,0.0291395469176643,0.0215512041685203,0.0289740934895504,0.0354560616240245,0.0311799069293053,0.0201732296670067,0.0194534952195088,0.0243486719489119,0.0268082257025755,0.0217690979617762,0.0207592027383854,0.0198699192623694,0.0205202420958651,0.0215094036923182,0.0206722446311494,0.0188451160340176,0.0426098532572168
764,"THA","Thailand",NA,NA,NA,NA,NA,NA,NA,NA,NA,NA,NA,0.00108469813444678,0.00206855434325619,0.00291521034015894,0.00350149376247072,0.172926899627598,0.171002330253809,0.166452546088016,0.165976880413094,0.162445145131811,0.165770410138491,0.162059003663964,0.156688455437061,0.156062413427736,0.153000437572037,0.151097774301825,0.15017186809559,0.143379271773624,0.139671184871135,0.134993189390667,0.129204322581632,0.122663062705761,0.125130322539735,0.121311538767096,0.118403996399319,0.114419271690717,0.105557722777042,0.099468615835468,0.096594343101799,0.0911843505017123,0.0833145239623742,0.0736865115234343,0.0684360545835079,0.0619539347032528,0.0571792603730052,0.0512494688955499,0.0449144624732825,0.0373442133334582,0.0295684073235987,0.0219972374571315,0.0147690449565928,0.0147201288533376,0.0142334039635034,0.0138440157999138,0.0130295087308755,0.0127605804818033,0.0126756833249131,0.0127998399029637,0.014279694261774,0.014563122219501,0.0142705452610079,0.0142844371345873,0.0141117826832102,0.0146450543517573,0.0146278813074089,0.0148304589588457,0.0148811762614004,0.0157845980492852,0.0147416345363796,0.0141205206355944
626,"TLS","Timor-Leste",NA,NA,NA,NA,NA,NA,NA,NA,NA,NA,NA,NA,NA,NA,NA,NA,NA,NA,NA,NA,NA,NA,NA,NA,NA,NA,NA,NA,NA,NA,NA,NA,NA,NA,NA,NA,NA,NA,NA,NA,NA,NA,NA,NA,NA,NA,NA,NA,NA,NA,NA,NA,NA,NA,NA,NA,NA,NA,NA,NA,NA,NA,NA,NA,NA,NA,NA,NA,NA,NA
768,"TGO","Togo",NA,NA,NA,NA,NA,NA,NA,NA,NA,0.00231895408476313,0.00227528105071873,0.0021735577507167,0.00257494785048585,0.00252638154816994,0.00254955783807383,0.00293806493732559,0.00305535113864669,0.00278805710622224,0.00281996974300843,0.00262629849217627,0.00426324088012542,0.00377826813915506,0.00367854651146017,0.0038459777117659,0.00391827856933155,0.00422732120741442,0.00569940377811996,0.0051091059127851,0.00596742364926852,0.00548966864527807,0.00569771727256168,0.00603289466127954,0.00696102814927338,0.0054206083167183,0.00624687536702167,0.00680607214886253,0.00760812578879609,0.00962567087425427,0.0114290714856717,0.0109548240280175,0.0132855585695348,0.0113704114409986,0.00969577069691361,0.00891522383316276,0.00841045394676722,0.00832463614357679,0.00782080371859518,0.00842162881042388,0.00868953944413813,0.00938192272661734,0.00644149846525091,0.00736784715884564,0.00652621355257308,0.00639641707909917,0.00649453009383426,0.00643226431528816,0.00552246194039344,0.00608810685555867,0.0057059682648626,0.0067942404806149,0.00783742548490305,0.0063174821303992,0.0107562979595497,0.00968478404399768,0.00779889217538977,0.00756275410256204,0.00545029947034892,0.00639712541865293,0.00706508853423144,0.00680823058843781
776,"TON","Tonga",NA,NA,NA,NA,NA,NA,NA,NA,NA,NA,NA,NA,NA,NA,NA,NA,NA,NA,NA,NA,NA,NA,NA,NA,NA,NA,NA,NA,NA,NA,NA,NA,0.00180961344236666,0.00191747918058637,0.00212357806649297,0.00249216024800106,0.00271693838196926,0.0150684495483384,0.0147295561764534,0.00250004327557404,0.00194496843629926,0.00222473511379172,0.00325263025285851,0.00476303483095364,0.0235471024761752,0.0219170009149047,0.0223625730078188,0.0443998122111816,0.0454527706097591,0.0474724294213251,0.0443817946317218,0.0598177891285264,0.0591229385382645,0.0440970776520959,0.00173056435858928,0.0156676948231573,0.0145432178242363,0.0273820039716542,0.0143555265627362,0.000663856366117208,NA,NA,NA,NA,NA,NA,NA,NA,NA,NA
780,"TTO","Trinidad and Tobago",0.0271746400660628,0.0261092553906471,0.0250482787279492,0.0239181939583432,0.128358782913963,0.163339160915569,0.177009746537673,0.185195238795763,0.206154975612566,0.186601386623667,0.179127349059505,0.173048462433904,0.174699466145524,0.0203787693289562,0.168253383717641,0.180885057544735,0.177955820957143,0.179627808832199,0.403711913136117,0.454905594391916,0.424672537875156,0.402768460686694,0.389608057383426,0.374279848656856,0.359399746836132,0.329186510886186,0.31741815503236,0.296814404084595,0.272974568279873,0.260243177669047,0.238011338788153,0.223866666773436,0.20045882145265,0.195090790576646,0.173158138119121,0.152128847248412,0.130553897948609,0.387000849466007,0.266333972094678,0.190078042570039,0.261916943254889,0.249660207386663,0.238491281612235,0.184678364858419,0.18111132878167,0.203997858865215,0.184617979729685,0.185988729963531,0.170759527461672,0.19027985588227,0.18242659157567,0.202327705194246,0.197846494130814,0.192264057489699,0.201302540499364,0.204347677591487,0.200700824967742,0.187366503458024,0.198971289586551,0.195454479374601,0.1964216227341,0.202280304593156,0.198867939395574,0.208819126122089,0.207555008199651,0.215724216875594,0.20858677817032,0.210098295616597,0.211633979567738,0.21305722242836
788,"TUN","Tunisia",0.107772529941548,0.0814118955849244,0.0933463277127117,0.0972895374470014,0.0934591938187141,0.0960232606919409,0.0671940147439909,0.076591045611182,0.0654230777768966,0.0808096157085367,0.0747684464610534,0.0587742346085758,0.0681775723777446,0.114353614624768,0.09611707144999,0.105782694570873,0.099508453737359,0.120531036317192,0.122595580216373,0.115016918354553,0.122675699896204,0.107747333325699,0.117305541718642,0.115078035012329,0.0625352182729861,0.0705440560507266,0.0666587598763362,0.0751676162185513,0.0688986893467722,0.0686211923149199,0.0706863897563703,0.0807811337438729,0.0848510028563158,0.0941912320717229,0.0991073828268851,0.0832922281920188,0.0779680422637766,0.0774367951820251,0.0745665810172849,0.0814498419341272,0.0813860028450829,0.0772810669609633,0.0763625268847721,0.0878722344409921,0.0825111411580095,0.088279698843576,0.0929554062925078,0.105794686740566,0.108979698085798,0.107703605679027,0.106001333630416,0.103117791442375,0.105897668361102,0.116985387126255,0.0999987319392731,0.093823131298599,0.0874921570838879,0.091672607777535,0.0889655890004653,0.0894977189316568,0.094278209215694,0.0856339192767938,0.0917103975634238,0.0944097446181182,0.094022766740058,0.0911150508477887,0.0926198188749196,0.0932753632885425,0.0922530127063502,0.0931537136534604
792,"TUR","Turkiye",0.129867365316958,0.132500682375446,0.132599203715396,0.121082918732775,0.126080193961038,0.102228494804504,0.108519781663216,0.107635543431911,0.108905539024042,0.121644596106824,0.107026778950277,0.0988236291227797,0.109781931247926,0.125574502396907,0.127226640576045,0.113297562676751,0.108441496063571,0.10950720908511,0.144079251188572,0.10520320530096,0.108588449214409,0.120419028521617,0.0996998778462463,0.0662080647708995,0.0753208187060735,0.0725933262828492,0.0710970012611092,0.0849434140782053,0.112537930590931,0.127272238648216,0.0702046319436729,0.0792354600278711,0.0812971645143036,0.104100548674695,0.0893294401313795,0.0985343824478375,0.089541926325051,0.0920615892260536,0.0925950212115171,0.117539777125289,0.104076291333751,0.105721405601115,0.0870688910543821,0.0769487021861827,0.0814283726702418,0.0689003383800938,0.0528301166286305,0.0496103471445623,0.0520230129154812,0.0481015063410825,0.0538973414215482,0.0501853388485166,0.0450627492221409,0.0466738195353104,0.0469726886088106,0.04986071793524,0.0463605037376884,0.0492923852294123,0.0561154278425237,0.0577727990385985,0.0572355566145989,0.0580971118657586,0.0495768818487391,0.0544868160582186,0.060647026708841,0.0600483153308384,0.058166958188563,0.0586212084276842,0.0588398744507507,0.0537560705316835
795,"TKM","Turkmenistan",NA,NA,NA,NA,NA,NA,NA,NA,NA,NA,NA,NA,NA,NA,NA,NA,NA,NA,NA,NA,NA,NA,NA,NA,NA,NA,NA,NA,NA,NA,NA,NA,NA,NA,NA,NA,NA,NA,NA,NA,NA,NA,NA,NA,NA,NA,NA,NA,NA,NA,NA,NA,NA,NA,NA,NA,NA,NA,NA,NA,NA,NA,NA,NA,NA,NA,NA,NA,NA,NA
796,"TCA","Turks and Caicos Islands",NA,NA,NA,NA,NA,NA,NA,NA,NA,NA,NA,NA,NA,NA,NA,NA,NA,NA,NA,NA,NA,NA,NA,NA,NA,NA,NA,NA,NA,NA,NA,NA,NA,NA,NA,NA,NA,NA,NA,NA,NA,NA,NA,NA,NA,NA,NA,NA,NA,NA,NA,NA,NA,NA,NA,NA,NA,NA,NA,NA,NA,NA,NA,0.000718111092848222,0.000736406067596328,NA,NA,NA,NA,NA
798,"TUV","Tuvalu",NA,NA,NA,NA,NA,NA,NA,NA,NA,NA,NA,NA,NA,NA,NA,NA,NA,NA,NA,NA,NA,NA,NA,NA,NA,NA,NA,NA,NA,NA,NA,NA,0.00181523973779177,0.0022431143335029,0.00256943290297453,NA,0.00212489086328969,0.00283986301976197,0.00384699839271276,0.000573461097588354,0.000610437395240289,NA,NA,NA,NA,NA,NA,NA,NA,NA,NA,NA,NA,NA,NA,NA,NA,NA,NA,0.0193504350031084,0.0151249723566339,0.0131412904894025,0.015881816750254,0.0255267383749996,0.0258456607803404,0.0270084202567962,0.0277067464074698,0.0265660358129678,0.0305458921556536,0.0283778768102595
800,"UGA","Uganda",NA,NA,NA,NA,NA,NA,NA,NA,NA,NA,NA,NA,NA,NA,NA,NA,NA,NA,NA,NA,NA,NA,NA,NA,NA,NA,NA,NA,NA,NA,NA,NA,NA,NA,NA,NA,NA,NA,NA,NA,NA,NA,NA,NA,NA,NA,NA,NA,NA,NA,NA,NA,NA,NA,NA,NA,NA,NA,NA,NA,NA,NA,NA,NA,NA,NA,NA,NA,NA,NA
804,"UKR","Ukraine",0.0466494318255708,0.0428712295691878,0.0503081065006349,0.0548242773299095,0.0637332318114191,0.0887931069736388,0.0813771003022021,0.0818000610579367,0.0925215934310784,0.0743526424252494,0.07647894096603,0.0662853423075296,0.0528635378800625,0.042135685489794,0.0388795928337936,0.0338295650494538,0.0231490659222045,0.0187842377108628,0.0324490156205548,0.0313162062635406,0.0249851875436504,0.033636040420445,0.0361387151823871,0.0545286004209466,0.0576944775818453,0.061320057837027,0.0799296461375244,0.0620470880491254,0.0455660747948817,0.0614346805441319,0.0713070805081082,0.0738010295438768,0.0572065439165101,0.0671052953467203,0.108847376543721,0.114910290577331,0.120269956466417,0.116372818818651,0.0816506080560204,0.10097802186536,0.0755084902822822,0.0877096078033655,0.156428248140654,0.193599281004534,0.193937038747935,0.177352249009717,0.206404387870303,0.22555530107834,0.211590269430246,0.193842564599488,0.194760090110885,0.187129922961038,0.182296759461958,0.181789936986431,0.175025687395559,0.155147207641652,0.16734283823802,0.156848651591067,0.140154653327344,0.135613327807246,0.131102376353406,0.113436231896297,0.125031133604164,0.129629316494346,0.140640981664896,0.14919918751578,0.177022739998093,0.169878263084151,0.204313174430013,0.202019246206676
784,"ARE","United Arab Emirates",0.00276729712970107,0.00272388906075753,0.00273011567775881,0.00277254237726157,0.00261633062708948,0.0026359374559195,0.00265698795715379,0.00242170280373918,0.00242611828666683,0.00218563349612357,0.00221475803619319,0.002266996734783,0.00224120231369465,0.00231287550514098,0.00237993342174155,0.00238170658225228,0.00243375588931644,0.00243932780150365,0.00250116641951383,0.00252088195866676,0.00258177419130807,0.00259064592369674,0.00267535260169093,0.00275725948651015,0.00241105051763738,0.00240054853032713,0.00280069560982666,0.00278593227155162,0.00275026007196297,0.00268587716351695,0.00259028134344485,0.00256887873861446,0.0019582816129532,0.00351462257481524,0.00386092404167337,0.00383084057839568,0.00373969186234903,0.00405184370712979,0.00419477276275953,0.00409964511084153,0.00413105203556528,0.00415207525132051,0.00419445927174752,0.00424205045939078,0.00431252328341306,0.00446531783044133,0.0047844011550679,0.00479941082148477,0.00482653843339286,0.00484638483891065,0.00491177432172819,0.00911046298703533,0.00949357260410243,0.00959550929144447,0.00898194054395357,0.00896510769567556,0.00895075747126304,0.00402439606417592,0.00454809247936596,0.00652825500793211,0.00535488241791376,0.00546428428060399,0.00544321951287049,0.00507838360037614,0.00523111515388991,0.0053975267458856,0.00499323972158863,0.00494581652392182,0.0052499807154096,0.00567297274239608
826,"GBR","United Kingdom",0.025288639977328,0.0256328184861672,0.158146205995227,0.115816213665441,0.085538723201104,0.0577115889769092,0.0470822877848696,0.0765134289708348,0.0746153495423752,0.0867325370671898,0.105756903903863,0.0943795978111702,0.106747785198571,0.139358072661724,0.161108502361282,0.155106080734963,0.150830622469214,0.179681018102144,0.121143213494849,0.0488661952214313,0.0582484590729392,0.0637362064247439,0.0640535139218338,0.0512488246203932,0.0490137322707827,0.0468132824512856,0.0501188547897184,0.0565855192828167,0.066719577614075,0.0791964134873738,0.0951915557299116,0.0926462100830736,0.100137668797984,0.105539983471806,0.0999823838219445,0.107965556360313,0.096786076679939,0.10029717757065,0.10437501462836,0.088864306325579,0.0950274335003687,0.0980558835015631,0.092220654009185,0.0911626483737356,0.0860440734226399,0.0798464182301948,0.0854373330849057,0.0752026561693641,0.0719238372041932,0.0724089156029964,0.0702833783463501,0.0549759769432431,0.0729715989779605,0.0684861446548066,0.0654758824649307,0.0535588340282312,0.0737608165771366,0.0688195582195159,0.0766329308354584,0.0792081016401916,0.0753908911293833,0.0619302620549025,0.0635618574723874,0.0569640379943031,0.049035693312319,0.05336414943574,0.0564419808406183,0.0551925375738122,0.0433629457758048,0.0479416116830135
840,"USA","United States of America",0.221867754222017,0.265996432937388,0.262474378872866,0.280774970104194,0.273689494809855,0.259137622982741,0.230907209003116,0.2330103809856,0.23379861220583,0.232533460535438,0.250930659342953,0.195396522714794,0.197596404012303,0.232839762457155,0.224688647873064,0.234293078179841,0.222198238725259,0.245832741847178,0.229364012599417,0.218368385531444,0.210491900392977,0.205354935700864,0.209960477909553,0.181680682780217,0.17563294820501,0.169423868154346,0.188471365873844,0.222402224518369,0.197831147774241,0.187190997955288,0.187072292634491,0.163343835921438,0.182310339609938,0.155301899239459,0.174053911101725,0.16348516649767,0.146547303590438,0.163833805310815,0.15196886840395,0.165781053889827,0.159765590718878,0.19590759285698,0.176221465100683,0.158205346586108,0.150369992492211,0.161208267682048,0.160307937906115,0.170994314281533,0.147656370015005,0.138719536827016,0.149877004717603,0.136175258157723,0.141299320697616,0.140866259720583,0.147316732177239,0.125150502165373,0.135667274166301,0.120318994517251,0.121179413637952,0.139890250251525,0.13351169902731,0.125490461250675,0.117770622549651,0.106529793655214,0.116030027151108,0.113922736890696,0.114265284341668,0.090445317224212,0.0995717996470099,0.0917478510341524
858,"URY","Uruguay",0.0960323174146094,0.0959834081825363,0.0959345487440175,0.0952714730479368,0.0985421224479283,0.102213397149555,0.103788428951828,0.107373312240067,0.103715134892935,0.105064986445691,0.112499962386673,0.112119407703911,0.108651700587544,0.109246306811336,0.113437103816731,0.115428183377816,0.115346460242288,0.115277429420075,0.117675937766127,0.113554470778666,0.112374260528449,0.114120858041189,0.113507241811999,0.118409403579182,0.114071990263932,0.114065960771582,0.114397531754106,0.0982613074657463,0.105626008150494,0.109966114787711,0.114114876429138,0.116143951010929,0.116127515935306,0.117095667997021,0.117202426112179,0.116126687295799,0.117811466133431,0.117286281243976,0.117083056883922,0.118971510803536,0.117720825570289,0.115618525347936,0.114271929171845,0.113483582873294,0.107962690732021,0.112059421985837,0.115377497552222,0.10908808818867,0.109385457894298,0.100805792991948,0.097914538293024,0.0693002874927275,0.0749678289696843,0.0736139335516427,0.0708406693506668,0.0706857892979498,0.0708179781957561,0.0732664516494389,0.0703763928584564,0.0622877198277674,0.0566641046755935,0.0643721709470849,0.0602120410820792,0.0571601366050101,0.0581604546114419,0.0569330099452936,0.053593065306506,0.0575762071317108,0.0614965550539211,0.0608142168248367
860,"UZB","Uzbekistan",NA,NA,NA,NA,NA,NA,NA,NA,NA,NA,NA,NA,NA,NA,NA,NA,NA,NA,NA,NA,NA,NA,NA,NA,NA,NA,NA,NA,NA,NA,NA,NA,NA,NA,NA,NA,NA,NA,NA,NA,NA,NA,NA,NA,NA,NA,NA,NA,NA,NA,NA,NA,NA,NA,NA,NA,NA,NA,NA,NA,NA,NA,NA,NA,NA,NA,NA,NA,NA,NA
548,"VUT","Vanuatu",NA,NA,NA,NA,NA,NA,NA,NA,NA,NA,NA,NA,NA,NA,NA,NA,NA,NA,NA,NA,NA,NA,NA,NA,NA,NA,NA,NA,NA,NA,NA,NA,NA,NA,NA,NA,NA,NA,NA,NA,0.019956760778766,0.024463517702802,0.0262575752479113,0.0278743713301966,0.0274136915509986,0.0223371377024201,0.0329909318884184,0.0240440706743381,0.0289270789892004,0.0339316484242285,0.0487598668426878,0.0661354057377325,0.0933394738900022,0.085433286131911,0.0838589478018729,0.068012065531041,0.113506533736461,0.102931277795521,0.121892042385806,0.138389619459281,0.173839339228179,0.135206794203615,0.171788982801518,0.168748657349707,0.156243103750443,0.206886181868028,0.193580176492448,0.199570785260235,0.179520325130138,0.137741599143817
862,"VEN","Venezuela",0.0118024316188059,0.0107632038007989,0.0110460169088034,0.00626687127537026,0.00600665275961209,0.00816002952362297,0.0546991540745944,0.0544828882141652,0.0562330133969094,0.0637187335843914,0.0406222607535008,0.0540821724631548,0.0645174747354883,0.0697988933509378,0.0628672872944454,0.0704637204570204,0.0697599259642079,0.0781293098603858,0.0587939290304942,0.0572066573978464,0.0863033326222837,0.100561863282608,0.112635477640437,0.139301445547733,0.142110033319932,0.16930048430306,0.152651723673645,0.150100158447163,0.137320676095532,0.108818315611367,0.113543972496481,0.117363936312433,0.117131684934363,0.123435497349841,0.129319311213328,0.142439354701976,0.144981005635099,0.119709033599695,0.157711958470769,0.167233856002543,0.120974113310515,0.11164710777457,0.0923042478848552,0.0743740623916422,0.0664245342797546,0.0607155091380543,0.0581882449451555,0.0774525895901054,0.0636818351506104,0.0575294546316122,0.0543305754092573,0.0484937590009177,0.0455250721439301,0.0373874466758198,0.032560911911878,0.044495552554471,0.0435178893701383,0.0366411079290198,0.0363852557471042,0.0162957351691548,0.0187559174190433,0.0112692559014377,0.0111471036702,0.0120117630344019,0.0118053153583655,0.00994805810435097,0.00886929334286077,0.00909275179484592,0.00823808995474129,0.00811065495117522
704,"VNM","Viet Nam",NA,NA,NA,NA,NA,NA,NA,NA,NA,NA,NA,NA,NA,NA,NA,NA,NA,NA,NA,NA,NA,NA,NA,NA,NA,NA,NA,NA,NA,NA,NA,NA,NA,NA,NA,NA,NA,0.00669280803251157,0.0134054009961609,0.0201344877219434,0.0268779602206358,0.033629914722748,0.0403953424930544,0.0471682590981017,0.0539460055348979,0.0605435171994391,0.0671924936679567,0.0739403348307046,0.0807044563175952,0.084960754593819,0.0906241150082793,0.0948460695088624,0.0995253030879337,0.103645076474007,0.108648040993072,0.112163636754758,0.116871536751116,0.121289043497361,0.125436672262818,0.129890351325981,0.134217684583721,0.141213573396591,0.146429531295673,0.150781406848901,0.154902476801327,0.160781532095235,0.165545657962872,0.170185712683427,0.167150630118147,0.168037961326609
876,"WLF","Wallis and Futuna Islands",NA,NA,NA,NA,NA,NA,NA,NA,NA,NA,NA,NA,NA,NA,NA,NA,NA,NA,NA,NA,NA,NA,NA,NA,NA,NA,NA,NA,NA,NA,NA,NA,NA,NA,NA,NA,NA,NA,NA,NA,NA,NA,NA,NA,NA,NA,NA,NA,NA,NA,NA,NA,NA,NA,NA,NA,NA,NA,NA,NA,NA,NA,NA,NA,NA,NA,NA,NA,NA,NA
732,"ESH","Western Sahara",NA,NA,NA,NA,NA,NA,NA,NA,NA,NA,NA,NA,NA,NA,NA,NA,NA,NA,NA,NA,NA,NA,NA,NA,NA,NA,NA,NA,NA,NA,NA,NA,NA,NA,NA,NA,NA,NA,NA,NA,NA,NA,NA,NA,NA,NA,NA,NA,NA,NA,NA,NA,NA,NA,NA,NA,NA,NA,NA,NA,NA,NA,NA,NA,NA,NA,NA,NA,NA,NA
887,"YEM","Yemen",0.0000722452056230365,0.0000738671810036398,0.0000695817774513799,0.0000701469755651114,0.0000715607302799015,0.0000664658029403915,0.0000890227676836795,0.0000879507442682361,0.0000925747491095841,0.000087611009806533,0.0000925806105759867,0.0000949747789982366,0.0000963053508329112,0.0000971624552282395,0.0000919179052498598,0.0000939099515751888,0.0000956785147298163,0.0000920165903663611,0.0000969677350885695,0.000103986705892536,0.000106021917183875,0.000114843439028703,0.000107355845313621,0.0000903472300546198,0.0000807459275446022,0.0000919234105072496,0.0000806114029967289,0.0000816942531967728,0.0000859111296051055,0.000103410811206866,0.000134635284497216,0.000196142547854166,0.000271182366512031,0.0003515773388921,0.000466463970215136,0.000478494650717777,0.000913658586119774,0.00108437232415702,0.00154606929197548,0.001327314601184,0.00164003767120951,0.109517302518382,0.0357316305239019,0.0643919034135036,0.0247509771053271,0.0515449337132798,0.081605404628608,0.103581553987298,0.134458444642884,0.128806832465422,0.125862685171354,0.123297410369827,0.115894988093668,0.0611487238509965,0.044183241857287,0.0269134926161496,0.00925320737150353,0.0270263014693124,0.00420893786160066,0.0043005774395699,0.00425934171952528,0.00547500063002245,0.00589088247667304,0.00614100857895772,0.00603250217886127,0.00630790788847599,0.00628710441974356,0.00628729013648434,0.00641464399359139,0.00643420458477798
894,"ZMB","Zambia",NA,NA,NA,NA,NA,NA,NA,NA,NA,NA,NA,NA,NA,NA,NA,NA,NA,NA,NA,NA,NA,NA,NA,NA,NA,NA,NA,NA,NA,NA,NA,NA,NA,NA,NA,NA,NA,NA,NA,NA,NA,NA,NA,NA,NA,NA,NA,NA,NA,NA,NA,NA,NA,NA,NA,NA,NA,NA,NA,NA,NA,NA,NA,NA,NA,NA,NA,NA,NA,NA
716,"ZWE","Zimbabwe",NA,NA,NA,NA,NA,NA,NA,NA,NA,NA,NA,NA,NA,NA,NA,NA,NA,NA,NA,NA,NA,NA,NA,NA,NA,NA,NA,NA,NA,NA,NA,NA,NA,NA,NA,NA,NA,NA,NA,NA,NA,NA,NA,NA,NA,NA,NA,NA,NA,NA,NA,NA,NA,NA,NA,NA,NA,NA,NA,NA,NA,NA,NA,NA,NA,NA,NA,NA,NA,NA
