"code","iso","country","GPC.raw.1990","GPC.raw.1991","GPC.raw.1992","GPC.raw.1993","GPC.raw.1994","GPC.raw.1995","GPC.raw.1996","GPC.raw.1997","GPC.raw.1998","GPC.raw.1999","GPC.raw.2000","GPC.raw.2001","GPC.raw.2002","GPC.raw.2003","GPC.raw.2004","GPC.raw.2005","GPC.raw.2006","GPC.raw.2007","GPC.raw.2008","GPC.raw.2009","GPC.raw.2010","GPC.raw.2011","GPC.raw.2012","GPC.raw.2013","GPC.raw.2014","GPC.raw.2015","GPC.raw.2016","GPC.raw.2017","GPC.raw.2018","GPC.raw.2019","GPC.raw.2020","GPC.raw.2021","GPC.raw.2022","GPC.raw.2023","GPC.raw.2024"
4,"AFG","Afghanistan",NA,NA,NA,NA,NA,NA,NA,NA,NA,NA,1617.82647494969,1454.11078195559,1774.30874287341,1815.92819979586,1776.91820712187,1908.11478234587,1929.72389709372,2155.35306784414,2191.50435559062,2565.02208584099,2848.58606111495,2757.05258747725,2985.31914452845,3046.57993117128,3017.94254424696,2967.69206715302,2958.7853992308,2952.99891598909,2902.39211285547,2927.24514353531,2769.68574507112,2144.16657002819,1981.71016810561,1983.81261992909,1962.07043810012
8,"ALB","Albania",5560.85699566407,4027.9055107853,3761.15540576541,4145.91969834496,4517.79881384115,5151.39732484422,5563.79315082011,4943.00399871117,5387.56822958917,6086.00863561374,6582.01638790868,7232.99054955266,7590.49000137636,8025.28131314896,8483.29399553027,8964.31799702861,9564.0292033684,10262.9667962049,11056.3517677907,11430.6220336089,11829.0532917923,12153.1140578808,12293.0017496778,12525.799036999,12832.9481097879,13157.08668305,13693.2640721304,14155.8514986386,14711.8262056364,15079.3716783139,14663.6363815082,16127.7023128231,17112.9523041359,18005.7066189082,18950.592788858
12,"DZA","Algeria",11728.5457286791,11314.8647351204,11241.4154173758,10743.7063534104,10414.0348241407,10588.4433695754,10808.8788666941,10725.9673493368,11094.8875368585,11292.0372997164,11558.220469383,11742.5946761225,12213.1263531246,12835.1814413331,13226.7650481164,13738.4956444361,13920.6940553701,14114.6745192683,14206.7767147039,14104.42817214,14496.4211312996,14641.9640935685,14697.5396133853,14778.1914257233,15073.7629403565,15239.5171456469,15511.6858768094,15427.6641894713,15343.4261222434,15199.1989965639,14194.1557479619,14496.8654697299,14782.2002970247,15159.3242373415,15501.9197003966
20,"AND","Andorra",50036.300775756,47624.9668573542,45246.53307101,42605.659583245,42716.3656353999,44375.0247238159,46386.0912022485,50032.3529125128,51092.2222352218,52921.0452609846,54809.1441679423,59109.0136806378,61188.6370851474,63656.1958332185,64353.4858113531,65114.8053663022,66390.293726491,65534.1168555171,60691.6051530637,57203.9708883732,58285.0577756981,60470.4662377044,58172.1323929474,57332.1585611365,59929.24446705,62105.1542389675,64402.8092369467,63239.6577711911,63048.5985572833,63215.8997919129,55488.4902991095,59332.2029100128,63913.3835079105,64631.2963909271,65928.3071971004
24,"AGO","Angola",8368.72287865566,8172.50539080906,7447.49422684139,5483.27751126365,5379.47533872492,5983.18421691117,6567.67778259899,6810.21622212226,6895.02600537714,6817.05713550011,6796.40633958015,6848.68325514498,7523.81291488045,7518.88948314507,8081.75707952674,8895.37660461037,9588.82238860962,10437.5899897179,11134.7047183666,10933.2712187989,11077.1301919405,11037.6388778577,11519.9933863364,11626.1877218484,11721.664415634,11392.9059344932,10805.7122533667,10414.2358842987,10000.9443772509,9648.01103767179,8960.33797242389,8862.2813331452,8950.14259255142,8788.26106439635,8901.88736611562
660,"AIA","Anguilla",NA,NA,NA,NA,NA,NA,NA,NA,NA,NA,NA,NA,NA,NA,NA,NA,NA,NA,NA,NA,NA,NA,NA,NA,NA,NA,NA,NA,NA,NA,NA,NA,NA,NA,NA
28,"ATG","Antigua and Barbuda",21074.57643609,21424.2911871461,21330.2731918527,22051.4373204262,23081.6639123528,21639.6020640854,22597.3145068161,23350.309386517,23996.1144041366,24462.2034022412,25547.6120273678,24014.7754593511,23958.1638142071,25136.001691807,26303.6179046605,27692.634871178,30827.3416754915,33245.2678606766,32756.3067839753,28405.6900929524,25826.6086383235,25023.9174488178,25592.9066121735,25206.8458285339,25557.5249124716,25734.1516444171,26627.7145389401,27199.1952402262,28878.6067675471,29651.8641526705,23930.6714995115,25745.4958067746,27941.7851474762,28474.0444178181,29371.637778586
32,"ARG","Argentina",17007.2844317191,18295.6091996812,19476.2840606477,20791.3451479504,21711.8427880909,20819.4999479903,21695.5949515371,23172.1583398342,23783.1017185449,22714.5111302701,22281.3814299958,21066.4581290433,18571.7020471274,20005.1385113465,21591.449396517,23262.4075792816,24877.2493922295,26850.6645932771,27658.4853446831,25747.1976809996,28056.2570212342,29425.7593876083,28825.9666865361,29227.6601818437,28200.8152571318,28669.2061336796,27802.1057201496,28334.9041847421,27367.115094108,26629.5529419501,23877.0931404855,26300.274261175,27825.0273492566,27230.3968496683,26771.965765057
51,"ARM","Armenia",6137.60045786759,5326.75285558237,3136.72428260526,2958.88037185646,3200.89649468568,3480.75593652509,3717.33576522763,3879.17938009678,4211.51276778797,4406.96706718616,4589.00825039977,5044.11647826468,5731.35346609213,6569.26023440632,7299.40001858864,8362.90084037119,9525.2314677978,10898.8483795634,11727.4821272949,10143.2350796867,10438.5641904169,10990.177099035,11796.2741177994,12194.0189523843,12667.3757330249,13112.7600902915,13192.9940731731,14243.8749003795,15037.0452420712,16215.3607965094,15052.9359791136,15921.705281964,17886.1783877168,19402.7510915578,20078.7848984844
533,"ABW","Aruba",33063.0015877316,33993.2075313444,34371.1629150514,34540.3359848781,35490.7214500469,35386.8602892056,34419.4315497134,35444.5787437592,35271.9070906287,35227.4765767899,37524.0346018738,38729.4588237779,38098.9048329158,38086.0123762909,40000.5625183531,38828.2166342999,38566.8026759098,39462.5851547515,39881.5879733887,34986.1484622772,33951.6246182744,34837.9402869987,33972.3401082566,35621.7848546409,35746.8630679767,36660.631080838,36832.9040242979,38116.8310992498,39278.8297271437,39652.632070094,30347.6371851417,35104.7868035374,38979.8358245412,41964.7711908514,44712.5316971429
36,"AUS","Australia",36267.7410592234,35670.6678637309,35426.2848289008,36533.1468283451,37622.6524772938,38653.3366778658,39663.1617728168,40773.5660516519,42257.1718122395,43899.073794405,45099.0752097084,45428.2000837579,46688.3947760633,47581.2285345879,49061.2761503925,49997.0664953939,50693.72486498,51663.2403953879,52473.3819160774,52407.9115378584,52739.2681556131,53257.0473237603,54403.8836902434,54895.0052588984,55489.0688441462,55879.9958817102,56529.9518246869,56881.8569859105,57647.8455068104,58048.6188420832,57260.4650530109,58327.4146842324,60039.1060847987,60701.227870378,60286.2550316927
40,"AUT","Austria",43258.1751068054,44302.421470472,44734.8538849803,44601.2068091389,45497.1385930997,46639.532183902,47608.6310978165,48575.1588721006,50216.6986894125,52004.5327523874,53534.3421055423,54032.1515612713,54565.0769851287,54919.7872512396,55980.2317146014,56890.2794433829,58460.2370782474,60470.9099906714,61157.9873105684,58810.4422020872,59730.5512005635,61272.2584397775,61376.7207131054,60863.0547666965,60845.6597729815,60951.6892510506,61572.7121353063,62535.8983176842,63778.0257051746,64609.374295614,60276.4153459141,62968.9422311893,65694.5513287254,64536.2981841434,63784.6038076518
31,"AZE","Azerbaijan",10776.0677018086,10559.2119361527,8050.21624195194,6097.48622316834,4830.69940287625,4211.72114349636,4223.5229711304,4425.5882352872,4822.1601856452,5133.74812032569,5656.92989378687,6168.98512059749,6701.08174444207,7329.40601818943,7937.8594791002,10054.1003389401,13371.6585214535,16587.3657240228,17963.0208126839,19242.3900077232,19925.3900662137,19358.0778100345,19523.3737161356,20398.6462250349,20709.2016112321,20678.7539572375,19822.4105943941,19659.0048562768,19781.8509058437,20101.4918751471,19126.096851126,20111.3756952109,21051.2442291612,21310.7386915023,22072.105849083
44,"BHS","Bahamas",33072.1596125382,31148.9052622825,29412.8804985918,28955.3510589021,29346.3604837079,30128.1935557246,30907.8208035756,30839.0247952491,31836.5264901331,33657.8045888741,34597.1621145275,35072.3658990462,35610.6786425645,34740.763553538,34617.8051137459,35365.4663980218,35789.1322131898,35797.1189720729,34498.0351399173,32630.2630659789,32711.4592459383,32535.6625139136,33667.5547098911,32402.9163503107,32712.6356664811,32777.5849410743,32172.3365152976,33050.0350128612,33650.2164350935,33202.4902105069,26452.6957609289,31064.6822166194,34342.9285316568,35221.2696932313,36244.0500123245
48,"BHR","Bahrain",41856.5445077199,47644.0234716882,49511.9474019626,54433.1375084972,52886.5789027329,53537.6828948177,54289.4380390309,54512.8551056889,55638.6935860684,56522.2261899823,57968.9956082135,57280.6986707494,55096.6571550779,54431.8763559658,54045.092888858,53478.2662415503,52691.9323366852,52731.7921672618,52765.3899455546,50665.750748922,50704.8479679819,53132.3284162611,54516.8406594788,55376.4005147894,55065.8189472129,54149.913152472,54107.0752236423,53859.7749589601,54893.0724411368,56749.9628370612,53814.2452592358,54954.6757895532,57572.9979810179,57819.9051831242,58891.8304860736
50,"BGD","Bangladesh",2069.78230100672,2101.38366035658,2174.38232866943,2234.81012192249,2279.09435302944,2351.70387946903,2413.54298201505,2475.59574602489,2555.06119218283,2624.06553797638,2712.93512215725,2803.55471950946,2866.43454328716,2958.91503115633,3071.83778764611,3231.61370692891,3407.4273502159,3608.915438194,3787.9382761855,3942.13631207204,4125.46390163202,4352.42643359325,4592.04840919811,4822.72621378266,5068.63965672741,5352.71133299565,5682.53553494306,6005.70718781049,6392.59334024092,6838.32611608244,7015.19792797057,7441.06913961251,7888.16389098303,8242.39798977243,8486.78495660517
52,"BRB","Barbados",19613.2480547673,18790.868541122,17660.3232739416,17748.5545234391,18064.4007339676,18398.7507400297,19112.5029984541,20010.2158345921,20752.8095915976,20815.8353874873,21779.2203006868,21234.708034436,21262.3089250843,21591.7915931807,21771.9014007178,22514.483943994,23766.6070131111,24145.753990727,24171.6517995745,22840.8841002763,22243.4579670706,22102.4817004397,21286.3318932135,20854.5676341718,20959.9650372142,20666.9651609373,20930.6336692679,21035.7933581451,20727.4216338412,20737.9776890352,17728.0729247569,17682.7314537483,20716.2851304966,21318.6724772625,21837.7254102057
112,"BLR","Belarus",12351.6357110064,12197.7877887633,11002.6017626136,10143.9840118445,8967.73072971832,8061.19604112609,8314.85656685026,9301.32717519867,10128.1560469563,10519.7489145442,11182.4548339393,11771.0872003861,12443.9322575939,13413.9265504854,15052.1182160947,16579.8731683834,18349.8719060634,20019.6111676728,22137.9472928315,22236.8387691136,24012.6133040213,25404.7566082412,25879.1319400701,26147.6253584645,26564.4347246547,25513.2132958317,24846.8301529359,25503.9809845207,26363.4629778536,26798.8206398076,26731.4953869922,27611.1801135158,26537.5083081674,27782.4380139967,29037.5291407883
56,"BEL","Belgium",41640.0583572133,42246.076049685,42719.0486134245,42143.196061205,43369.2759444308,44310.6278688275,44808.5243580349,46396.0021283993,47205.3098527353,48765.7668571996,50455.7338920672,50835.3969916061,51471.8532550932,51788.8439641973,53406.6918625201,54346.8934219286,55367.6227467907,56983.4612170061,56787.7366257414,55258.7071019666,56240.203093624,56585.3025000678,56356.8251292135,56263.1752679668,57002.9092185204,57509.0245728702,57901.4976903148,58529.3302957534,59357.6896884394,60479.9769955466,57333.5424137922,60669.2137746531,62561.7810453237,63055.3790430416,63250.5307912925
84,"BLZ","Belize",8251.6176253947,9028.07343837564,9967.77779283554,10366.8590598807,10146.3996755203,9967.84688088642,9782.64416029652,9862.26634546876,9894.59919785028,10460.6346102795,11363.6868781615,11567.0265720608,11828.1865744067,12589.2679378206,12807.1658774385,12714.9697390831,12912.5300233774,12973.2067214746,12415.6811300464,12033.9096816588,11913.663595906,11641.7717375703,11843.4153404212,12064.797259406,12272.2957895446,12348.7944978311,12063.0600374093,11572.3007931461,11451.8979413877,11765.9748661176,10045.1404163745,11716.3267818656,12565.3645829576,12371.0086545348,12621.4081961897
204,"BEN","Benin",2207.06796428357,2230.46054664538,2226.56666006625,2254.24565428893,2215.36616821939,2300.14122107459,2337.63030771278,2399.78593127355,2419.10014338547,2470.68504400548,2536.16885867097,2591.06485220287,2630.18061029628,2639.04370114642,2672.84404357158,2632.47251454328,2652.21841967159,2729.13741390352,2777.61974031765,2758.07243150649,2733.57399641151,2732.01249647957,2779.72648085321,2893.0467015352,2987.38236326153,2952.00218338705,2962.66381572264,3041.77929984989,3155.4510650627,3281.10470051465,3317.8597222557,3464.2886286745,3588.32519938147,3721.21254814808,3901.32588494392
60,"BMU","Bermuda",79747.4825029841,76365.0430540654,75766.6971046445,77503.4644231796,77470.2976928947,80427.2406212099,82122.7826140327,85380.8348326116,88034.8132385884,90290.5624913126,98019.93147275,104560.839783497,102559.769384967,105642.976098631,107803.199358077,109335.385931485,115170.899920201,118691.070025545,115942.72717347,108962.816946419,105968.875104213,101989.927295974,96711.0739703323,96549.7874807583,93042.2733051033,93859.8769494621,93265.0675364638,96437.191438851,95639.2267310584,95519.9206861686,88618.0830682257,92319.6714861219,98145.1689383888,103052.348367859,109311.936941299
64,"BTN","Bhutan",3411.3837599176,3338.00941826599,3624.59781500137,3850.551287421,4042.49417769248,4379.87046667778,4616.91979198439,4778.70511731733,4965.87646031681,5241.36663790737,5287.57434721685,5545.63055110839,5991.25497571774,6323.5411950973,6517.99683290216,6850.80441609334,7140.85609148377,8195.07074477911,8470.03471622855,9019.11861272398,9985.28455483655,10714.686566371,11143.9445354588,11212.479426698,11744.5189124825,12400.2983237391,13320.9759036882,13482.3425280358,13854.8543977157,14555.1884045846,12979.9369485824,13458.812666743,14061.3120274587,14610.2959119536,14301.7699708421
68,"BOL","Bolivia",6247.10446615403,6440.4857162921,6414.32866802843,6556.81640305093,6731.2848743195,6914.34189540931,7083.61313107091,7301.50935715196,7534.51656215666,7435.72544462966,7492.43381815499,7491.15257767137,7550.01554439063,7625.90515937027,7811.59684101948,8020.63568776794,8263.31896895542,8493.94848397403,8865.27246783162,9011.55629962953,9230.39808115934,9554.44502529396,9884.46163420335,10391.3833753599,10790.8472899414,11144.6415727206,11448.0218032246,11755.2556195885,11920.3135079646,11930.9159145918,10285.6590750222,11202.4409836707,11487.7148799195,11616.1575595159,11329.1518061536
70,"BIH","Bosnia and Herzegovina",2413.94823987662,2183.53511432798,2150.91966830521,2281.89928050593,2657.81398743182,3090.39106761025,4569.00162207313,6020.98522398162,6899.32565505901,7481.33501395434,7830.53433078343,7982.55195738095,8366.72625268202,8709.99283593466,9344.86891184203,9814.51034158831,10430.4552500579,11178.7278411828,11983.7696596485,11826.6991802051,12142.9120522116,12487.7008428301,12626.9786875839,13135.7719791089,13458.9083902112,14220.1489744552,14873.7027917131,15554.7232481788,16349.0675137661,17029.3678184559,16747.1048417525,18286.7373324233,19298.1971056448,19805.0002774731,20527.6935527158
72,"BWA","Botswana",10520.9183978405,11001.8013588128,11008.6810214185,10902.9512774946,10989.6700551057,11457.6994362472,11832.9387782379,12526.352236393,12306.250477233,13207.447346512,13185.8171514278,12949.6403104656,13479.6960719923,13857.2588264737,13984.8415112641,14361.9576327759,15275.5828811117,15850.2343496231,16040.3153236098,13489.9509168296,14545.0198074426,15236.7188843522,14957.6189142932,16369.4252971454,17052.1924105361,15994.9643042101,16905.588740873,17352.8958451454,17825.018569213,18106.0105471124,16289.3913582645,17960.6254447437,18647.3734588832,18932.4802712334,18068.5050714283
76,"BRA","Brazil",12633.2884559605,12546.5605004545,12271.9788476188,12669.4287208252,13202.9308013063,13550.4393737243,13641.6295997537,13896.6249901345,13737.7026434846,13602.4137069426,14005.347187072,14016.1313773563,14265.9048768518,14259.3664088286,14911.260960772,15221.0138281917,15657.4795714009,16440.5837398046,17113.3679822772,16939.4407809047,18062.158110224,18627.8104527934,18832.2195524356,19241.5059814525,19183.1727445222,18357.0690615421,17620.9272434404,17724.4799577815,17917.7492122925,18018.6209149499,17327.5157248142,18075.7060048757,18554.0461828519,19079.8122132253,19652.3654991704
92,"VGB","British Virgin Islands",NA,NA,NA,NA,NA,NA,NA,NA,NA,NA,NA,NA,NA,NA,NA,NA,NA,NA,NA,NA,NA,NA,NA,NA,NA,NA,NA,NA,NA,NA,NA,NA,NA,NA,NA
96,"BRN","Brunei Darussalam",118163.68336994,118220.68359533,111457.220883519,107899.136339239,106239.232694338,105043.853097683,102522.125418121,106503.420270796,97171.6372551032,99083.3205282423,100323.439918528,99680.7626777537,101571.583784666,103226.914446986,101497.754798655,99795.6850854526,102248.510300567,96752.6204091886,91275.5000919181,87875.8283546045,88586.5133683923,90279.6634042124,89718.4636049983,86606.6518910197,83310.6151819532,81910.1882959492,78880.6228501768,78966.8643142345,78099.050780256,80228.1598170527,80280.8980640676,78248.7971276111,76357.8291149959,76616.7014884981,79071.7333801444
100,"BGR","Bulgaria",14954.9612986603,13828.2442168123,12961.0385307712,12871.4500732157,13150.0344422673,13591.4105639206,14372.8310870084,12419.4307242506,12976.3210459232,11953.6477251515,12563.8880988668,13306.5595739168,14397.0609177208,15271.5472882443,16389.0282419117,17678.1074943214,19024.6223691231,20440.3375318666,21846.0454072872,21251.30543262,21724.3762726864,22321.1253679157,22618.9040490703,22954.4918743089,23455.5804023134,24562.750842738,25636.8508634131,26691.8686963122,27691.0089237623,29150.0422926763,28521.3251326769,30959.1118459807,32433.7937497004,33073.8179631314,34205.8906224032
854,"BFA","Burkina Faso",1107.85590454965,1178.07704639063,1152.04476095096,1162.64923453351,1148.60721370396,1183.52861008084,1280.69608533888,1326.94230829963,1385.09310679095,1444.56690170414,1428.57400617096,1477.28491846525,1494.67801269583,1561.83310184915,1581.25620933294,1664.99543180023,1714.76034904509,1731.93046335077,1779.32710911571,1779.32305627973,1873.97146230828,1939.86659989406,2003.6646118745,2057.0639319853,2083.19844698303,2101.70266192027,2162.72578977814,2232.28781490944,2316.39432079044,2391.53626844484,2380.93171826574,2486.43093147762,2469.19956941259,2486.20669812871,2547.67232852209
108,"BDI","Burundi",1460.27645878332,1501.8459320135,1476.99435502804,1429.12129549201,1365.48348262885,1184.2840262089,1088.78927818283,1071.55943349349,1101.22051819781,1064.28756095402,1033.47188177042,1028.61849315823,1044.4802745003,999.615791221937,1009.58916929728,981.533210986844,998.069458519996,994.963590921008,1001.61751311947,988.19632868896,991.038897704986,994.691231245018,1002.27452805218,1014.5231007912,1022.29153627273,995.319068450023,1009.63596796378,1023.97040626757,1046.59511246023,1057.95005999167,1030.77026419371,1035.53857384938,1031.25412243175,1036.16712196238,1051.25931339275
132,"CPV","Cabo Verde",1848.75865235574,1830.07599656211,1984.68062998835,2111.62140814748,2465.9939315017,2763.39733371857,3022.88825211584,3302.9740337536,3657.38118993776,4006.47964718798,4510.13573659759,4540.90731780518,4710.24104912281,4841.26539871499,5268.30312485708,5565.76951208068,5941.38218091511,6767.40677380346,7169.13944155367,6994.57409913651,7072.12150207341,7325.78441834691,7397.82220702474,7440.66242650113,7491.02198228243,7560.13649202469,7881.30336227785,8234.56000312459,8531.12961646549,9111.62993173268,7207.86853962048,7685.41921393668,8850.10669188119,9228.46045331141,9848.95276350936
116,"KHM","Cambodia",2646.09798836688,2731.37973720313,2769.4882552665,2714.59150059884,1650.39100001816,1672.73928514136,1643.01579058313,1595.17130656936,1602.38371208931,1775.41239802044,1922.03179092591,2032.08092022373,2126.34150468987,2309.83931482787,2491.30930003838,2781.89028895255,3041.10471220153,3308.15747246544,3501.92570219319,3587.60889588363,3711.53750580157,3921.97911563308,4159.16354123447,4419.3988680186,4702.73061823207,4968.57276699143,5283.72964943779,5632.03125629342,6050.59088262205,6448.88455952806,6128.78243783333,6225.5326547474,6458.3681488084,6695.29194763721,7008.88934551725
120,"CMR","Cameroon",4517.61887779618,4220.65297387084,3974.27759501197,3556.31854424592,3522.74885285749,3526.54367510339,3577.59204137871,3641.70750463278,3714.13212604236,3780.06217282191,3822.94425358926,3884.87304812714,3951.41936232132,4054.78133246516,4222.96638689885,4199.72270969362,4241.51744722821,4302.6192630847,4300.26640352464,4286.57718166156,4286.58302947378,4307.85195558527,4382.11120797355,4473.57231896434,4588.4864949903,4698.66677843587,4767.13186148952,4797.97544185546,4851.48003949959,4882.35560028895,4763.48194388067,4793.55628200194,4843.65038202915,4875.25120768005,4916.93354019493
124,"CAN","Canada",40475.1123914257,39139.3122852292,39023.182197815,39622.4790617507,40952.1359325295,41617.7233238778,41880.5520989427,43241.2407061886,44553.2827303697,46464.545784156,48399.3055389358,48774.167553414,49695.0066909866,50139.7862347006,51210.6796118734,52356.5578038533,53195.7818421551,53761.8620298112,53711.6792064973,51552.4223837896,52558.4408142169,53681.1296700569,54034.8034751988,54712.178423981,55723.4835404159,55660.8675272614,55606.1549191947,56612.3285367448,57337.4909099991,57583.8457980921,54092.8790317797,56995.117678135,58321.0611834623,57517.4431587431,56706.8238031978
136,"CYM","Cayman Islands",NA,NA,NA,NA,NA,NA,NA,NA,NA,NA,NA,NA,NA,NA,NA,NA,92213.0768210997,92343.7260001978,89380.1514801097,80631.8445943624,76294.7641308594,75094.8308085917,73982.6776694492,72988.7055776283,73051.8114153597,73315.3848584989,73941.8590538336,74599.6807673264,76124.5501254035,77476.8412822407,72183.1359045894,74160.4914000191,76818.8004032916,79675.8568481808,NA
140,"CAF","Central African Republic",1481.25255094259,1427.69018313539,1294.20254725767,1257.8284033824,1278.91509145063,1334.10322981784,1247.9687525828,1278.48826062781,1302.75142830782,1313.23570902088,1245.81399563599,1272.85710758505,1290.38314917126,1191.8731520062,1236.28534712166,1219.5939445674,1251.87082171335,1284.55283590666,1283.2728263106,1402.68164770801,1479.41367757692,1517.14839091011,1577.98053252253,996.896355923912,1001.85598053496,1043.92171697157,1073.94477703739,1103.86609318724,1125.70091748228,1145.09563657752,1136.57052993758,1128.55237996459,1136.80171107045,1132.67643369804,1111.21941638883
148,"TCD","Chad",1711.36988442036,1790.73791098353,1853.67667631479,1526.05432530002,1642.51653213297,1591.14154056727,1555.91392488297,1588.09860417439,1641.05715328511,1573.58531389989,1506.71577205516,1626.56683129335,1704.27295147383,1878.58578619739,2400.97004980578,2705.816508357,2596.03235458563,2613.47387385213,2601.36125803518,2474.70758351267,2717.40540184377,2741.07083398913,2886.27474563711,2864.1130140853,2820.67795067435,2822.57929900236,2622.59780843796,2496.26213644007,2552.37036388576,2604.53153663392,2513.02922729008,2435.07274651099,2449.48251052484,2433.09879153397,2412.865855392
152,"CHL","Chile",10952.6557541746,11607.5304034269,12735.6013333407,13377.3053213538,13846.3481640718,14908.0347974549,15744.7380005491,16683.9059031298,17156.9718740639,16896.1244715785,17525.2717273479,17870.3008332712,18240.2015602857,18902.8708740805,19961.9835794233,20918.5275760681,21968.5375355854,22878.8834428789,23509.781693144,23013.5817893814,24116.7694715613,25366.2690249825,26670.4971338402,27291.3576525958,27505.0495524158,27811.3745158617,27958.7284996682,27892.9946862827,28492.6611456516,28218.5343879081,26248.5616432825,29089.850459728,29569.4775527937,29563.6780243659,30182.7871224714
156,"CHN","China",1666.92774090575,1798.27610528654,2030.38636999332,2286.75974444182,2556.64057218096,2808.03403089611,3055.96977919745,3305.79061082131,3533.56587021506,3774.13766362641,4066.03627019859,4372.15705579934,4744.39855079795,5192.00604608587,5684.16873050982,6298.32318474516,7057.09993331646,8013.71568302249,8743.74491232185,9518.43214737204,10476.3123630451,11405.0172845617,12217.8543175465,13080.8288162668,13968.581485524,14856.7807604461,15772.7647598696,16757.9736318662,17806.7902349725,18820.5131033646,19215.1541703465,20843.2978347377,21499.3822834426,22687.0758723943,23845.6197217259
170,"COL","Colombia",9998.81069684463,9996.0978604328,10196.4329707468,10533.1149561734,10927.9389491607,11279.0004579347,11303.1308859186,11483.5050125907,11343.8799115733,10679.7092686089,10813.494225001,10823.4504878807,10925.1485602082,11183.2911819793,11607.9384935105,11999.2549591305,12636.6246577724,13318.3033138168,13591.0609028567,13586.7518430982,14037.0642668639,14852.3699513061,15279.4790008058,15912.2471293239,16480.3631474161,16821.380140063,17003.244366485,16986.0334182842,17104.1313545678,17336.7716030551,15861.4999291295,17383.0901728295,18458.7209460704,18382.9976800475,18477.2146664536
174,"COM","Comoros",3114.56170355536,2852.17677568216,2999.12250768542,3019.88376220682,2848.61899402647,2957.40898299766,2892.08263672469,2968.07724742895,2918.13300445376,2943.92006172568,2858.85692121458,2952.44235205824,3023.52434389433,3023.18985379148,3058.38338421433,3166.36268239584,3048.69236655028,3012.54746686893,3070.36952892496,3107.45297029798,3161.37481152565,3227.2165358292,3263.16316392713,3337.59859719238,3334.57512780965,3302.38635129322,3342.76677092883,3401.85239322573,3457.58685798732,3451.42139338772,3377.74564051638,3377.88518482587,3399.27830776976,3434.40177367723,3482.53486037479
184,"COK","Cook Islands",NA,NA,NA,NA,NA,NA,NA,NA,NA,NA,NA,NA,NA,NA,NA,NA,NA,NA,NA,NA,NA,NA,NA,NA,NA,NA,NA,NA,NA,NA,NA,NA,NA,NA,NA
188,"CRI","Costa Rica",10953.4262046389,10920.0994045315,11626.8361274299,12144.4487480733,12385.4545660782,12593.2255061637,12467.6212160351,12856.5832725459,13481.0594799651,13760.9236981946,14018.7425010386,14250.4627491739,14495.9925105457,14891.3398216888,15323.2892201469,15703.9624720506,16620.1356432064,17743.6227382356,18334.0135988616,17932.6147807275,18660.9198222783,19254.9142153099,19960.7933253035,20232.2670799446,20724.9217693423,21254.784093205,21925.6000803999,22622.5534502518,23005.3121471795,23364.783127574,22211.8613921697,23852.9253020001,24831.7193480342,25979.6286150717,26973.436158072
384,"CIV","Cote d'Ivoire",5255.50962638401,5052.85167051387,4843.29349256352,4645.46750871805,4502.45953404415,4638.75732482502,4807.42428178025,5072.59703802667,5093.13169438529,4987.35708530265,4838.34023729938,4609.14469395303,4368.92808837279,4060.00038038427,4088.94517328472,4032.24588029846,4049.26032962496,3999.69095682208,4096.72346918931,4151.05360874982,4338.65248394142,4017.40782040208,4234.18055593319,4597.18635239867,4907.57450294518,5110.8624080988,5320.84646239854,5556.11366322898,5670.20005356688,5894.87874674154,5787.81533309018,6045.20480490879,6272.26395759415,6520.89886460031,6747.03796777389
191,"HRV","Croatia",23399.7367551673,18812.9437548056,17020.237492582,15570.4034135024,16301.7534515002,17522.7498076067,18849.9814058229,20110.5137958092,20575.9739779999,20489.6776798468,21302.2503684537,22826.6244928741,24137.1144281542,25473.9055156884,26528.8871708586,27641.2061841193,29035.5295382035,30508.2798073417,31113.8644665737,29024.7588699632,28702.0030009382,28769.3294749331,28259.3454882463,28397.8562080945,28456.7371595257,29466.6996894142,30821.1637498178,32348.9341876483,33729.9071211239,35122.850825114,32493.3121954166,36930.2841941404,39864.0100879957,41320.2032633085,42828.0900803243
192,"CUB","Cuba",NA,NA,NA,NA,NA,NA,NA,NA,NA,NA,NA,NA,NA,NA,NA,NA,NA,NA,NA,NA,NA,NA,NA,NA,NA,NA,NA,NA,NA,NA,NA,NA,NA,NA,NA
531,"CUW","Curacao",NA,NA,NA,NA,NA,NA,NA,NA,NA,NA,34307.124787058,35339.0645793445,35435.9972909346,34812.7908924081,34288.7399622732,33651.5043118952,33334.8565140739,33490.2548894599,33795.1308443427,33397.3971262631,33004.5540214809,32704.3556352666,32320.8769567577,31753.384552981,31128.647036239,30861.3205298178,30209.7882652791,29729.1010079753,29256.8154066419,28659.6557023251,23751.4976048231,25163.8669323866,27327.2795662423,27414.7745555517,28774.4190393026
196,"CYP","Cyprus",20351.1316328448,20229.8025438923,21820.1376335649,21555.4378517694,22323.6498781847,23684.9427800853,23501.3401429403,23657.6507969408,24637.2597207193,25405.1007436843,26453.7763756477,27029.8969639729,27541.643063965,27750.9382754627,28622.2043193743,29481.8874873068,30336.7725769722,31339.6126519149,31937.3710386551,30776.3199783208,30964.0176678482,30586.5255865181,29053.0488897967,26715.1442874918,25849.6999308358,26345.4456894964,27677.6138649916,28868.7974904159,30281.9099626588,31664.1106196339,30277.7940731832,33343.0721606618,35720.5047288157,36638.9592269716,37709.75089958
203,"CZE","Czechia",27918.1375190567,24734.7702062546,24584.3299626051,24573.9914877529,25279.7917961728,26869.0197149398,28021.6704584336,27884.7397585343,27801.4387801408,28213.4555005997,29427.4070011513,30399.8730764283,30919.5496618701,31949.2963145034,33452.3408000614,35535.7479961511,37786.8781740905,39629.0061324727,40328.3426630096,38175.1422773334,39097.3886218756,39708.1626280195,39347.0492956846,39317.5535692377,40158.0164275736,42066.5759800801,43069.4659744727,45177.5226053634,46301.082036029,47763.6165520255,45119.9387309139,47796.0337408466,48390.6616786749,47558.4106763314,48064.6715233162
180,"COD","Dem. Rep. Congo",2403.9702501624,2129.44892037951,1842.5484850692,1538.39690696229,1410.05655375361,1362.1877957229,1322.58011961553,1228.39076846803,1176.05049796489,1088.65043725373,981.422080026496,930.857826074501,929.452807092197,953.044643237974,987.746920877671,1016.6338907666,1036.13329616563,1091.00407334551,1136.9467210438,1108.57506967795,1158.01422439658,1205.73984565432,1267.23827814087,1342.74156112017,1392.75841334673,1433.21579814709,1388.80163211633,1395.71961761711,1431.7285269693,1394.76461472893,1361.02791099008,1402.38560295221,1484.33841881449,1559.33806475859,1602.07497989499
208,"DNK","Denmark",46200.4747957389,46752.671630889,47540.9254822308,47345.4134295964,49684.1385778619,50927.5478357083,52106.5619034914,53534.6146433983,54581.41225433,56015.3553380175,57907.5020603903,58248.5539273591,58327.8281608343,58425.9658939096,59893.0929898783,61137.680358296,63262.7404572232,63604.5626658193,62968.1612290597,59516.5093273659,60190.6346060499,60729.0557255127,60497.6919146995,61085.0312821103,61552.7997775156,62405.7161942122,63823.4502019665,65352.3988081353,66238.705427981,67131.4657009734,65744.4367251959,69715.180968093,69475.3198650883,69379.22000847,71431.2926242287
262,"DJI","Djibouti",5392.48495434548,4731.27701393936,4796.48569783818,4558.36994402795,4406.93732409625,4210.76892365697,3958.10517358198,3773.4052461602,3628.96046731755,3606.67353752159,3520.11884003782,3471.76491500841,3474.74337535148,3506.37600081321,3548.81459003198,3602.35108246384,3702.92575048156,3805.25914661038,3944.06497238341,3925.18185775126,4005.69021347161,4214.86866304484,4335.82142659493,4469.07409933135,4705.04926772184,4961.8681860592,5226.50026106607,5421.95649149613,5590.50426604853,5809.30455041342,5791.47767679877,5960.10807396825,6180.67998594607,6510.67859061619,6871.12440453129
212,"DMA","Dominica",11311.5519762062,11518.7646744945,11747.6117144571,11982.8592553573,11979.3992504496,12343.9001238545,12737.8972359049,13037.1491313755,13563.4528199459,13661.6785774172,14054.6548016043,14091.5491387572,13640.70330575,14398.0017636834,14962.2456326016,15080.5206040984,15727.7053232323,16560.5179009944,17738.0405685048,17534.0339616962,17516.7879573151,17475.0411061699,17431.1288003063,17282.6368040367,17520.8546265613,16920.9126555668,17364.0773046793,16314.2295558891,16877.1244880642,17619.4335416769,14919.5307686718,15808.9743503945,17550.8009946467,18278.2253401989,18739.3640404986
214,"DOM","Dominican Republic",7327.7267013375,7246.24670144222,7900.76809265865,8318.49178576126,8372.07169739279,8685.01648557062,9036.88352149896,9671.14817881707,10150.4460178992,10582.0775939337,10896.3184155964,10991.1363420488,11313.0690271273,11000.8684059352,11131.2709216332,12022.5080544053,12961.9183632133,13754.9212674095,14030.1411084465,13992.4103270189,14975.0010126958,15258.0858148503,15487.2776356321,16054.7677297656,16993.587444403,17973.1870256816,18968.9752386179,19501.8743054079,20662.8485861529,21451.286441995,19545.4099552943,22053.4589869955,22986.9580810499,23282.4895071054,24229.8894872916
218,"ECU","Ecuador",9104.81599790272,9292.61779173762,9291.37104830419,9284.31503431232,9494.17506194696,9525.17701832404,9509.27540633175,9739.26682428014,9876.75075125923,9242.96681019582,9183.05155276918,9405.11680690108,9697.55517665981,9802.81408202123,10290.6634264766,10660.2046228939,10933.4897470283,10952.8226853948,11474.5257023541,11403.5277978831,11665.6978598204,12449.0785549218,12961.0267423765,13689.1520460125,14064.7992246727,13881.5700738105,13586.5160772568,14179.1537503305,14083.5069982305,13870.4895118068,12440.3263747814,13507.4445638375,14186.6388544625,14343.0190134813,13935.5391125402
818,"EGY","Egypt",8006.62143741369,7876.55257554108,8034.56230125827,8079.05480680471,8221.04684775661,8423.57817499546,8662.33147869592,8950.65410694495,9245.47890469794,9588.85938515273,9981.62775083138,10117.3331821699,10143.5063455702,10250.3765500459,10451.8217511537,10700.6090373232,11211.8320229508,11782.0060717966,12391.5847624704,12728.0814586736,13128.9878334084,13082.4263680702,13076.8052395914,13058.0748239257,13136.365629827,13425.9119599775,13727.3201600493,14018.3605934529,14488.2094340483,15026.5682438097,15309.2359881702,15579.0160861551,16360.3907750364,16691.3873992221,16798.151577864
222,"SLV","El Salvador",5976.01762522026,5960.05892897788,6275.18767116905,6553.0723407384,6795.50608897191,7057.92025248355,7062.30007824136,7234.94456228434,7381.11460417501,7498.46741097207,7545.44796218991,7580.32338410158,7675.67106195114,7780.27177685598,7841.53237886842,8050.5345128919,8404.24674903143,8548.83476118605,8704.80584632591,8494.49847423621,8648.92982717672,8943.06191543327,9165.42034804478,9327.56424468351,9451.74460786701,9646.15432339854,9863.76121214453,10064.7934942601,10297.203612692,10543.9383291317,9692.44931605799,10809.713399518,11085.6178074688,11424.6459176917,11669.0817135644
226,"GNQ","Equatorial Guinea",1122.81767364664,1070.82764283041,1390.47918482013,1487.81202528588,1672.34547535897,1892.11653062526,3033.84031220306,7296.10009809842,8684.6573083064,10492.4649475554,11767.4708814313,18031.964975074,20242.4309684399,21709.5751241959,28225.985816122,31302.9579538739,32251.7680082519,35540.4477563658,39994.6159790647,38706.6052512135,33668.8740654851,34341.9342607505,35711.4919273537,32894.3693189101,31765.8997056851,27797.7942803179,24435.0645564802,22250.4389230264,20165.4795550607,18446.591657968,17089.1537263791,16821.4486470413,16932.7706827155,15688.2384192658,15454.428493564
232,"ERI","Eritrea",NA,NA,NA,NA,NA,NA,NA,NA,NA,NA,NA,NA,NA,NA,NA,NA,NA,NA,NA,NA,NA,NA,NA,NA,NA,NA,NA,NA,NA,NA,NA,NA,NA,NA,NA
233,"EST","Estonia",19163.2283645779,17718.9543942712,14225.2314074484,13758.2953399439,13824.8432137401,14710.9686602536,15667.5909129247,17915.4540304763,18873.3758453389,18737.8980935019,20528.5708195573,21874.6948334875,23539.9060675759,25487.5329152987,27384.0831488798,30164.0063711861,33304.5935377333,35989.864986622,34236.950125417,29284.4047394108,30070.2990791103,32456.1208864878,33768.5723698039,34484.2236457273,35723.6266134228,36356.4410152614,37470.0427676806,39533.4645582199,40853.6487755073,42218.962853871,40920.5270623016,44251.5374983455,43128.6327713627,41288.6165892158,41200.3253151916
748,"SWZ","Eswatini",5447.73900233346,5325.35245647887,5291.89629062785,5299.53230535423,5427.35001422929,5693.82195381247,5796.65255180591,5876.80341246512,5952.85422728074,6062.34805111048,6106.07478740465,6135.45299954297,6335.81351839193,6578.30152863605,6775.2217412302,7142.1921864324,7584.72030617794,7866.73073455273,7926.37961138221,7988.59750005303,8245.64153332215,8350.89190932866,8645.84478287802,8951.05749805892,9084.49405780635,9186.65344720518,9402.50834103681,9660.55161538083,9578.10061089801,10099.5863118406,9695.82498058754,9990.43491951205,9927.60567008139,10181.5040730396,10380.3966630516
231,"ETH","Ethiopia",874.346936189697,777.52356612229,680.834766978053,743.708485795209,741.17662360052,760.264345021168,826.991658780614,826.00521803882,772.78664639708,787.679577487053,810.270749126975,851.313428423251,838.298046963913,795.772138310177,877.114494970687,952.115666295786,1024.72911938972,1109.14330261241,1193.74728332974,1262.46398002755,1381.19044652656,1492.5339647204,1576.76875736149,1696.86515591049,1821.39161774961,1957.41454187301,2084.840556194,2222.82824481383,2311.16511659606,2437.97046055952,2516.54907642544,2588.41310215884,2655.59276743729,2757.95923634026,2892.22220168264
234,"FRO","Faeroe Islands",NA,NA,NA,NA,NA,NA,NA,NA,NA,NA,NA,NA,NA,NA,NA,NA,NA,NA,54263.3264089169,51533.5447770644,51479.1939803424,53440.3360261047,57523.323894074,60948.7676649488,64018.0937166288,64006.2344787712,64155.0271269,65460.6067882316,66193.3474230922,68132.7151236632,66030.3985773708,68415.2411627322,70237.1770215966,71774.3376598516,72009.5380374113
238,"FLK","Falkland Islands",NA,NA,NA,NA,NA,NA,NA,NA,NA,NA,NA,NA,NA,NA,NA,NA,NA,NA,NA,NA,NA,NA,NA,NA,NA,NA,NA,NA,NA,NA,NA,NA,NA,NA,NA
242,"FJI","Fiji",7820.71719014994,7547.67819928126,7950.06640992603,8067.80447464731,8432.29836035248,8600.09284204425,8956.35010569934,8669.25168630675,8673.87816621436,9328.6066405707,9070.99316578265,9157.80841609434,9357.75384260711,9361.46421337988,9766.52768879045,9745.58145847385,9837.0859153994,9672.29015915617,9711.96604655314,9536.81721085631,9784.30356200221,10020.6957855058,10140.6936395636,10604.1558725865,11183.3135357122,11674.0633525273,11951.9196317982,12597.3274662764,13100.0959551236,13056.3310937088,10812.0355014178,10322.4279638854,12118.3182710082,13194.8047570404,13592.4635937434
246,"FIN","Finland",38807.1185244348,36326.0828945358,34926.3833591341,34486.7522555351,35699.7203086225,37069.62898136,38301.5126175582,40630.9217673159,42733.4455712896,44505.7114770222,46968.8417145071,48099.3014282794,48792.4864789774,49655.5451564066,51494.7058604009,52744.0480341349,54653.981203281,57313.2916474478,57494.585352886,52599.1487066912,54017.9458623339,55053.3906850322,53957.6680986278,53183.4286685125,52710.7334867778,52782.4873926278,53984.6316254714,55637.2262781223,56226.3372413429,56922.4873163103,55424.8574989208,56790.3766177691,57068.3056478073,56250.878789932,55950.8822201359
250,"FRA","France",38637.1682710532,38918.8099708351,39312.4766220254,39001.2913829698,39781.6653274061,40550.6463887435,40970.551982806,41856.466180748,43141.6799399702,44378.6557575825,45899.8780991084,46431.5634985569,46586.9625709332,46706.6695239109,47695.2115676552,48231.5648340176,49196.4476415568,50130.1121789936,50040.3458847786,48377.6751141005,49102.5922397433,50057.2846015374,49907.2929060256,50038.1601811828,50298.16177889,50654.4512513422,50955.6855930871,51867.014568935,52532.7842205544,53421.3875549932,49288.1581482431,52494.1528233353,53745.2055353402,54342.2523790129,54806.403773688
258,"PYF","French Polynesia",NA,NA,NA,NA,NA,NA,NA,NA,NA,NA,NA,NA,NA,NA,NA,NA,NA,NA,NA,NA,NA,NA,NA,NA,NA,NA,NA,NA,NA,NA,NA,NA,NA,NA,NA
266,"GAB","Gabon",23884.8106998234,24665.6792295081,23268.9974721281,23551.6812533724,23794.3149295887,24344.1857401023,24595.9719625614,25359.6596581834,25585.5077964812,22713.7144403948,21717.2240797447,21604.7804442424,20981.4798585102,20875.4549326477,20438.9307067212,20385.2899909742,19224.1268658969,19751.8762216408,18493.0921103343,17911.1458491661,18530.5760936058,19153.0878201525,19450.4027067379,19836.4554852011,20008.9899779322,20147.7116202405,19988.1755963792,19555.7078829752,19225.5982575261,19491.4067631986,18681.4840738985,18523.5798032193,18662.0497970621,18701.4227766897,18923.6616611651
270,"GMB","Gambia",2653.78291392125,2623.64161607507,2604.26903326754,2586.13041645703,2508.1039153389,2456.00078113606,2439.04551648513,2486.93798396527,2502.76477124298,2589.97773860396,2658.61770579463,2737.69610805906,2578.557145742,2682.47993310133,2794.19352609118,2653.64239155191,2564.6865397052,2567.15728802982,2649.61119865306,2745.32540574768,2824.21259222517,2519.83983255673,2574.93509664061,2572.44728941685,2465.10971144823,2495.95741601525,2478.46055756999,2533.18683710277,2651.43281455826,2750.82132179634,2702.31919474482,2777.79620978324,2863.1804982986,2963.59873325179,3057.68417746891
268,"GEO","Georgia",12917.0944269361,10120.1628881435,5533.21082317729,3882.02029747649,3532.3200811072,3762.8115375031,4339.00466883469,4951.81291757472,5233.28837672817,5495.24505052867,5706.27236527835,6074.08643017281,6464.32539672647,7227.73705960702,7693.91525392067,8485.58670534954,9337.98906420101,10567.2747164758,10856.1031328003,10553.0896395853,11294.3685917112,12288.6828861156,13193.9596974054,13913.0018245661,14475.3135356035,14936.8434116647,15442.9564358054,16237.6242230275,17228.6790847503,18186.8816465807,17031.1440283426,18915.6534005263,20966.5280391135,22590.5293649146,25058.0280791297
276,"DEU","Germany",42287.6527205782,44125.144279152,44672.6920465936,43948.1489792698,44933.2942631645,45475.6859114917,45814.8523072639,46596.1810672852,47565.4526830045,48547.004077303,49875.8764172059,50606.7114616458,50406.3800683442,50111.5752591319,50704.9219887398,51182.9591615718,53222.0409282227,54832.9610328446,55425.1109251245,52484.8550055389,54738.7083006711,57858.4222602356,58017.5855783147,58089.1708538297,59108.6977289314,59573.7089539686,60407.9713703754,61866.4872205276,62381.3478772242,62849.3741865912,60203.2897602631,62530.765319924,63204.8339278554,62577.5571673634,62558.7816581821
288,"GHA","Ghana",2785.67114332501,2859.82702166411,2897.83543196858,2964.26600943658,2989.34731012131,3039.68873031674,3106.18555480387,3160.4450405325,3229.48228272631,3290.26865235748,3327.35199291767,3369.50702508212,3425.61820934278,3507.75105744843,3607.36522285021,3721.30785741996,3857.86154847605,3923.12567803728,4174.78124103365,4269.16005861556,4495.68916584105,5005.36732498189,5339.71321903046,5593.77481886917,5619.07233511592,5607.36635657415,5666.07795334591,5993.63085211078,6234.51208201488,6508.24652305902,6412.68541762468,6607.50297378321,6728.45414012286,6808.53775165028,7055.62496009323
300,"GRC","Greece",26916.3125225704,27419.6029332234,27401.424003405,26804.8537616148,27204.3958682198,27646.1476383588,27905.1065690594,28768.2401472216,29592.525483114,30263.0543705003,31386.639783624,32675.9292327768,34081.0289759343,35970.7016808475,37811.4913664482,38146.9629710829,40483.1569225337,41796.2336918303,41709.3877420311,39886.2135496664,37566.7483686263,33906.4917435676,31250.2268565955,30762.4432227813,31213.3765120298,31347.976574604,31468.6198471098,31995.4108838387,32722.3310444029,33502.7506488997,30487.1129331045,33531.15511226,35831.3441781205,36706.7315648827,37533.1814508176
304,"GRL","Greenland",38137.5684896955,38162.9342232622,36343.1257210521,34578.3464998855,36428.9123982243,37584.0719088916,38090.7089953714,38581.2151944518,41500.2312703294,42072.0565017419,44991.6751496134,45405.8543742044,44793.2704252565,46649.0480779757,49742.0582266726,52189.001485462,55243.7102798786,56763.2387284359,60506.1946272328,61035.567299707,61863.2826915138,61170.9203658321,62111.1033086807,61659.6415225985,64799.3056628017,63364.0536061165,66245.7294730698,66297.179069128,66887.6779268925,68534.9419039134,68533.7339902964,69302.0088788237,70681.2253902158,71037.5372239624,NA
308,"GRD","Grenada",8883.91901529785,8932.30359919008,8785.75882374894,8548.03859699697,8629.08629470409,8750.81831848402,9076.71902949207,9467.7770534851,10509.1098075011,11158.4897298503,11625.050939182,11333.2377092409,11677.7034172407,12726.5266219465,12593.3546257337,14211.8426569264,13594.355159621,14376.2824512778,14463.560012123,13463.5802939581,13354.9085012616,13397.8500405512,13161.3955324377,13386.3189064111,14287.9538720088,15136.6966673773,15640.8274503804,16291.4894625979,16964.8520016961,17036.9151689715,14647.7451384876,15290.250903138,16376.4273099595,17093.1562867447,17751.5098662481
320,"GTM","Guatemala",7594.72863203947,7662.16744667171,7822.25981413261,7915.4069288614,8018.27959123706,8195.34591091977,8222.06539206535,8364.16131429348,8559.98628929783,8668.42697938871,8770.4040870875,8771.15520620411,8901.53633819807,8926.15358002847,9003.85719003214,9099.72328845699,9386.00114713776,9772.80539017319,9889.57209974852,9740.70936130835,9825.01767968247,10032.0886324649,10126.8283621987,10297.8395710412,10553.5642244298,10785.9584615777,10872.5939962917,11005.4593976653,11192.372055508,11466.3765822795,11097.15041153,11825.141273764,12147.9309684074,12384.948508094,12640.8875023146
831,"GGY","Guernsey",NA,NA,NA,NA,NA,NA,NA,NA,NA,NA,NA,NA,NA,NA,NA,NA,NA,NA,NA,NA,NA,NA,NA,NA,NA,NA,NA,NA,NA,NA,NA,NA,NA,NA,NA
324,"GIN","Guinea",2105.74729496232,2075.99194302675,2076.55062690695,2115.8664959394,2134.89769355787,2171.72552153264,2205.32363416973,2272.41100463955,2311.327353403,2346.2701835771,2358.28765608495,2412.75161959627,2498.13177495102,2473.23418295471,2477.50282602363,2501.22160456279,2478.61319510726,2587.00488876481,2629.53974746369,2537.30645758745,2594.83050344245,2673.40873029955,2762.90350938513,2802.56007024474,2834.96634347845,2869.85157178732,3099.78874189372,3332.76576150532,3455.64512638662,3557.46233883145,3630.99330577677,3738.80512551331,3792.01068836277,3904.82395527998,4016.34191386072
624,"GNB","Guinea-Bissau",1967.96808437551,2024.72770800391,1987.61538633298,1963.44000410032,1964.50771152779,1999.82023018049,2185.76736211592,2283.88357077251,1738.54122410447,1992.72847838268,1974.62172274651,2025.60064005453,2053.96189370909,2002.27740627342,1979.57457765814,2060.53834311757,2065.08370690452,2065.86121747677,2105.54284991215,2102.92720552345,2164.13349780236,2278.40566106623,2180.60762289148,2192.45628322206,2156.2021908175,2230.39106612596,2293.23583589195,2342.41526571427,2373.50158144916,2442.10663731324,2455.85606168545,2522.76764302521,2603.24022588591,2693.77665018683,2744.27981043716
328,"GUY","Guyana",5074.43109901682,5396.46342590543,5799.21836066805,6247.86624866594,6755.32866892311,7071.21280005947,7612.3042429002,8064.56715164725,7915.22956203951,8139.97018415741,8025.29326490963,8212.04321760916,8314.02727503209,8267.42910545363,8404.2001629708,8256.52519071138,8702.33133494001,9354.08017716533,9546.70875949436,9924.52660770631,10374.3947557656,10958.8598838438,11534.9985588659,11896.9069854942,12030.0529344045,12040.08253302,12420.4724727603,12801.6408529346,12980.3576003177,13402.4219472757,19234.1301977637,22865.9270968882,37068.1993827588,49312.3603225445,70516.7215064805
332,"HTI","Haiti",3959.02526089687,3952.17272724934,3668.31318736615,3401.7590180526,2938.07008518147,3167.91307649838,3237.01967477297,3262.4591815691,3272.04956439325,3299.2353394824,3267.07646816599,3197.05701086586,3173.73848729607,3227.12087860443,3130.85551975981,3173.26081032717,3174.97622258076,3268.81890675823,3300.25849332967,3437.3806965318,3205.49829961515,3330.99820416355,3296.24782448974,3387.47180169748,3434.63597400579,3433.07529240973,3446.75276647872,3485.4923470131,3496.87870320748,3392.43263210455,3239.83543441301,3145.00681057268,3057.42840826502,2965.94622340135,2809.64535578242
336,"VAT","Holy See",NA,NA,NA,NA,NA,NA,NA,NA,NA,NA,NA,NA,NA,NA,NA,NA,NA,NA,NA,NA,NA,NA,NA,NA,NA,NA,NA,NA,NA,NA,NA,NA,NA,NA,NA
340,"HND","Honduras",1172.07980628643,1436.05066019021,1521.94721692981,1681.08238779882,2108.27415007173,2555.02622819382,3054.15773738434,3635.98071228427,3950.83498620229,4293.82723059843,4579.68960840984,4578.94787944773,4627.02278723456,4714.86701000972,4885.34258343422,5056.67544412551,5263.15029099578,5461.90151889031,5566.70639487722,5313.75573967791,5396.07227927744,5488.43371596332,5600.6077605497,5644.13384802045,5705.16246265484,5812.5348879105,5926.49025534228,6099.60734919413,6219.2797377506,6264.01884276715,5603.26398377777,6202.98078812037,6352.58710177732,6467.8800352783,6585.85535717861
344,"HKG","Hong Kong",31598.7559995379,33124.6861100788,34895.7612081565,36428.527042456,37767.1935301195,37905.6509352085,37804.068427697,39402.5953789392,36776.3830289356,37339.9267574178,39848.5915292401,39777.8561883562,40258.1727894569,41570.5763105053,44836.2053321129,47938.8998017111,50981.7931037525,53813.0792084943,54630.3763985044,53172.3001900618,56355.4117939378,58672.8294901182,59015.3332811945,60601.6097817011,61839.810843419,62779.7484353717,63749.4095274634,65662.8359167546,66993.9679794398,65388.3336248235,61328.5288044938,65884.9376260602,64036.6454154727,64434.5576690871,66153.9746651078
348,"HUN","Hungary",21297.0006409016,18765.4162504008,18197.5305521351,18113.3369069655,18672.7072365469,18977.2437047365,19029.1137284914,19635.2949600537,20438.3829550506,21128.8884639402,22117.9204303193,23069.2114730987,24229.2953575981,25255.8711300567,26568.1188618641,27765.7886146197,28903.0475407078,29044.0669021254,29384.0070385818,27445.959458479,27801.8338161109,28415.1173442897,28179.656464434,28891.0217544976,30264.9492302161,31485.5675425634,32378.9674983075,33828.7149425711,35798.0412754022,37662.6768101399,36119.5211735652,38887.1909527154,40610.9711368238,40333.2546888118,40685.8724499304
352,"ISL","Iceland",42336.4271883552,41754.9758908172,39842.3760942384,39957.3221402787,41042.0117943301,40867.5642180672,42475.6936133276,43873.6690642162,46449.3454621244,47679.8715900494,49338.4714252631,50556.9938356844,50379.4595507316,51173.1982542631,54592.5314628803,57512.4237338212,59364.2901148281,62940.7473430955,62831.1728631815,57406.4697506818,56211.8345417402,56813.742648754,57173.0434212297,58671.9307098371,59133.2701459772,60725.7271247658,63612.5551585224,64303.3782501037,65521.9313424781,64826.4324085558,59543.8134986839,61610.2132740715,65380.3173049324,66787.3694062626,64298.3144978236
356,"IND","India",2203.14703867969,2178.68591454009,2249.69790389274,2307.60714181109,2411.46273689083,2542.42211133345,2680.27888437082,2734.52089133672,2847.96234988663,3041.48258556057,3099.5028215766,3188.81024020636,3250.69565544917,3445.92592352396,3656.12620652098,3881.9661798273,4129.77837009239,4379.69604361151,4450.39022919239,4731.36160463896,5059.2827108398,5249.54925694026,5460.43768570052,5732.24189090876,6079.84393523695,6488.14602910787,6940.62588857522,7326.60693679859,7714.33974724528,7930.09113038989,7399.53068079039,8050.01857452661,8594.39190499881,9301.75603225736,9818.04270686641
360,"IDN","Indonesia",4873.05380133263,5118.46789591815,5357.37589797589,5609.15178814267,5931.23473426759,6312.9345356116,6695.40975787393,6897.00236563333,5897.68530859206,5855.65800744996,6056.38197842166,6190.51954040993,6381.94955179997,6599.09193597035,6843.54654972364,7140.85456407038,7434.48785352219,7802.46406905952,8165.06155116623,8435.45574686288,8848.22473702066,9274.96955181703,9708.61182531081,10121.8141535043,10504.3869411088,10893.6621142169,11319.6634287738,11772.5743296107,12262.2310300771,12757.7850854842,12388.5449268131,12757.0746440204,13334.2653947637,13889.9749067297,14470.4372020579
364,"IRN","Iran",9656.00116894359,10592.3319257222,10727.4183671547,10531.9952777275,10333.4330005595,10465.0259592685,11010.0094976248,11025.7202371524,11101.507869196,11163.6950736445,11643.1218077697,11739.0090911282,12583.044990424,13519.4501926929,13807.1953114024,13935.7743087595,14320.6568534546,15237.4237850549,15091.2506521463,15055.1494647199,15729.9131707266,15947.7660979611,15159.2948206531,14734.740588719,15262.8515760903,14841.9048340736,15920.3718021202,16167.9677224226,15364.8049052614,14841.0751514997,15381.5845437267,15884.4276775963,16377.9610645369,17044.8173461033,17484.1320140467
368,"IRQ","Iraq",10735.0941102924,3819.16194827144,4916.26440292878,6105.04166284593,6044.87104810528,5969.66964095888,6419.3698187629,7545.72976101103,9871.73398030532,11237.8537439894,12702.1641950921,12529.6084051005,11144.0505255928,6849.33200800506,10210.5631004959,10078.4437646837,10568.9137652977,10853.8161022311,11511.9387643664,11470.5178061755,11816.841015026,12267.5848940673,13357.0143882353,13712.9317142992,13536.8227681431,13516.0271989204,15016.0920644592,14417.6306896487,14456.2357053224,14910.2250318887,12827.6345392323,12731.7535755129,13433.3977166987,13202.3228073875,12725.0431260393
372,"IRL","Ireland",29555.6320622281,29953.2439013903,30744.1914629606,31414.5961920788,33092.0640438825,36094.7616757114,38452.9454979362,42265.1652200505,45493.1692570652,49719.8847973285,53675.0054596933,55630.1013273441,57927.488372311,58709.1544464476,61558.5783140852,63689.084353078,65087.1804631559,66590.1938973455,62320.6663064899,58547.2673956109,59209.099676325,59899.9176528441,59405.0460751524,60388.9413147986,65575.8061665793,80954.6619818254,80899.0223207227,87882.7074355024,93276.0188154012,96371.2910180182,101968.554362011,116903.61243517,123219.076059494,117949.577266842,119381.397486987
833,"IMN","Isle of Man",NA,NA,NA,NA,NA,NA,NA,NA,NA,NA,NA,NA,NA,NA,NA,NA,NA,NA,NA,NA,NA,NA,NA,NA,NA,NA,NA,NA,NA,NA,NA,NA,NA,NA,NA
376,"ISR","Israel",25335.2722247494,25698.9296957608,26752.4006346892,27123.1073850066,28393.0000212878,29470.81726085,30386.1981561933,30707.0065373148,31246.8564724838,31465.6129203265,33275.0631655977,32590.2286180761,31897.5848832705,31780.7796080984,32675.2080644863,33512.8909185546,34770.0262786336,36317.8525090071,36827.9249156064,36403.1626371602,37722.4099869836,39075.375376272,39299.3515506546,40148.7774492867,40872.5808449627,40967.3707596637,41963.675796165,42947.0586686984,43814.2949977964,44580.8078825716,42915.9416939728,46162.0822730247,48098.187235579,47527.151024672,47338.8424624205
380,"ITA","Italy",42656.7445101659,43283.02044419,43614.4850883758,43216.1096444751,44136.7059141923,45410.139173109,46008.2389303795,46869.425608642,47701.3974191265,48493.6651210309,50353.4200415436,51332.2904432567,51369.1149098293,51126.2585544038,51495.0028841363,51585.6445807939,52304.2402949819,52747.1905476807,51806.3906176391,48774.3916833748,49301.6959141675,49473.0149235634,47795.9579360541,46833.3615309304,46825.6511245062,47311.8255262708,47987.8379581014,48849.2183534756,49133.143527174,49690.6298505274,45505.0688708956,49825.3934111848,52333.3274270604,52862.0281698142,53234.9158376743
388,"JAM","Jamaica",8879.65295231623,9227.87613770651,9315.8581885588,10088.232357755,10123.2339381488,10257.8065381959,10147.4641121652,9939.66172862007,9624.92935948128,9650.43726482498,9667.92474492317,9736.06291757527,9869.71291927177,10169.7500243245,10244.2066702878,10278.6834382545,10522.2367459592,10622.4442829007,10490.4686134497,9992.9769953902,9805.90172806301,9932.48380946961,9829.03510015044,9839.96506606095,9872.1591375213,9931.89875715181,10179.2536486158,10391.0378224678,10636.0929784551,10816.3720391154,9891.96932961548,10430.6909771759,11096.6377085321,11398.8120394641,11340.2638800451
392,"JPN","Japan",35272.4189828727,36372.0347517186,36563.6226393697,36277.9231838837,36568.7123907342,37442.8946125519,38528.791438519,38814.2535478124,38217.1955920953,38020.0940020689,39005.9136305045,39062.2817355235,38987.9102707538,39501.8067824189,40351.776374395,41075.8243580849,41613.1483821428,42182.1758636624,41645.5722078975,39279.4988710121,40881.7972423185,40967.3431400832,41596.9238038796,42492.2439560497,42674.6976301321,43386.7100739513,43736.1305076612,44505.2792603684,44848.4899421798,44730.9102844958,42992.4796365327,44355.3487163354,44972.34383622,45858.6595131439,46106.9229230044
832,"JEY","Jersey",NA,NA,NA,NA,NA,NA,NA,NA,NA,NA,NA,NA,NA,NA,NA,NA,NA,NA,NA,NA,NA,NA,NA,NA,NA,NA,NA,NA,NA,NA,NA,NA,NA,NA,NA
400,"JOR","Jordan",7589.8200785042,7134.29024084856,7737.96922068775,7675.47163756117,7680.14079173862,7829.0812145601,7731.47855807269,7775.5427123949,7826.74015705933,7920.01974595781,8086.92202690853,8339.78581448442,8638.08033080174,8800.49674649159,9326.66839127918,9839.68834968723,9977.75903329274,10161.4021194103,10641.5894255558,10938.5027244703,10953.537631697,10977.4820450868,11086.0299443995,10799.3538143329,10148.99809876,9581.68922567813,9321.9045113153,9339.81039725983,9311.53116265583,9288.52709103517,9022.63930356769,9182.49616125597,9266.57538251336,9381.35436036928,9520.25064497455
398,"KAZ","Kazakhstan",16837.690749004,14877.527354127,14045.1035780375,12795.8746425372,11334.9831283773,10600.3302270095,10857.4353898737,11298.5805497095,11364.0307809315,11815.7732115429,12935.864368308,14612.0290050498,15960.8738450013,17344.752672995,18886.5811908122,20565.5294470865,22574.3429577665,24351.3464102542,24895.6645683245,24901.3527260084,26374.8407672794,27946.1603432944,28881.2417563728,30177.4887221736,30986.4379168995,30893.7594851041,30758.3227260598,31524.4416339794,32330.2274546567,33298.2123695035,32011.5491499004,32945.8515725823,33506.2614893237,34703.2349286604,35973.9633287017
404,"KEN","Kenya",4177.48603310346,4102.47677512965,3946.84093437851,3844.92029783599,3833.22357838589,3890.0985511465,3941.40919481352,3853.37139280354,3871.82176322447,3848.46470612726,3756.63622296879,3778.25854755615,3681.2569427491,3674.0859275841,3743.56785736928,3844.73557120576,3970.73349887684,4116.45094720855,4002.88364073792,4012.19428382397,4211.52462957784,4307.10611556859,4387.93790075408,4443.371215682,4558.55155266374,4679.62182831939,4770.31046388085,4846.86210851932,5017.66784674664,5171.71264279258,5057.40115537429,5338.85243382781,5491.69378280246,5691.82513474417,5845.20117717825
296,"KIR","Kiribati",2213.54021971195,2047.15376376788,2495.99640204714,2455.44987557043,2468.72119002767,2498.78761519169,2455.50107360314,2439.41011578483,2502.86206993942,2364.34619150483,2481.41524257587,2357.58189014518,2341.69553872722,2258.03381830985,2199.67074158216,2183.78113886232,2264.16158033718,2286.44647732021,2172.35767589525,2137.96593927055,2119.64018013945,2150.38301837654,2242.01379114528,2382.37034452158,2381.34837325607,2615.8414365735,2761.93365230429,2822.669652935,2877.60204999231,2927.48453366722,2834.68581354366,3020.49399935695,3107.77604642687,3140.58326370439,3257.1362912531
689,"XKX","Kosovo",NA,NA,NA,NA,NA,NA,NA,NA,NA,NA,5861.40169721147,6068.04064608214,6009.98339145284,6175.08209021125,6225.00617272178,6521.33438845692,6775.6222166498,7365.7694423787,7098.4030190904,7481.45889832784,7877.10199850554,8359.93621479333,8431.66232694654,8828.27683251641,9150.74997293881,9824.99105955318,10434.8888259268,10856.2902074239,11188.2244627966,11774.1178510908,11137.5028560404,12362.4210181213,13022.4627441502,14240.2030320364,16406.0266101151
414,"KWT","Kuwait",38932.9435275146,28633.9695922466,43266.9328651676,56684.1863309395,61753.8489990062,64093.5178778951,62665.2243536428,62151.9518270331,62450.0884424763,59533.9542752451,60585.3026788161,59099.6653133601,59348.6172741564,67984.3145062556,73298.0621819475,78193.9012127586,79521.3484338456,79474.7611346376,77036.5083833054,67896.2680451993,62956.2152904125,64844.5019019409,64908.2626392371,62458.8089221248,60065.6544076232,57763.5174574396,56936.620842726,52285.5871175695,51623.8078622052,51380.645535463,49372.8187938552,50651.957533709,51379.8833194118,47777.4012284845,45426.9454125338
417,"KGZ","Kyrgyzstan",6095.68108610234,5520.42979891313,4701.99138098658,3973.88323931033,3176.92381882726,2974.71163891295,3138.66615671114,3399.93427126665,3419.22330736215,3491.9377326874,3638.46314292227,3795.89059344129,3760.53239965257,3982.92722017803,4211.52248307858,4156.95849230115,4240.17017797555,4558.71267894172,4894.9427801376,4969.96132720373,4876.47964886483,5092.85165751678,4993.39431683528,5418.54061993935,5513.75446952521,5600.2143342846,5715.01041179003,5861.22200040503,5951.82876758606,6087.60193826928,5537.79547319377,5736.47883415155,6139.77788825006,6575.77541290499,7046.31027413488
418,"LAO","Laos",2005.50049410401,2033.58258303281,2088.02004083238,2152.2765966407,2267.78215521396,2368.05475182536,2473.77285753148,2589.20762864101,2642.56618699586,2786.52039703471,2899.01961879748,3015.63258480614,3143.22327579556,3282.98539712721,3441.16999706515,3630.55878769379,3881.53736632657,4112.25301659759,4367.162880257,4625.07173324518,4946.10563678173,5266.87866924206,5608.96956337059,5974.47368943413,6341.2122967032,6703.74124348885,7063.25545347926,7432.4596330485,7775.08574451883,8075.27502377003,7995.59502527818,8080.43553249923,8183.03286472653,8372.15591874406,8600.32454665554
428,"LVA","Latvia",17508.7863191492,15376.090576901,10582.2070186664,10255.1413776101,10656.6087654394,10707.5149969006,11077.8618422597,12215.0151940189,13138.4012524255,13619.098799485,14554.2131724037,15695.906718153,17096.5594440255,18717.6675525538,20574.1182012511,23213.3539355881,26431.8140222767,29423.7371235063,28726.9722869521,24520.6791475488,24119.7307848939,25308.7322074626,27496.5454583636,28375.1842887263,29243.7412502629,30599.6133134147,31668.5148442662,33036.3915943437,34729.7062763057,35208.1934590859,34225.8976044058,36912.0130602161,37718.7097958367,37402.1168051244,37686.0474761546
422,"LBN","Lebanon",5345.51209718412,7828.17201077655,8924.15264553272,9695.31549182754,10294.812771264,10762.4426963776,11757.2824887935,11668.4006854372,11885.3072278409,11617.2497708538,11571.7326041085,11817.9305012844,12053.8341563826,12272.3440677497,12882.0757995163,13024.6648924956,13003.680803908,13941.5614244767,14955.1413563252,16264.3506182706,17390.7584012958,17353.1960845294,17323.3013764282,16396.4969302163,15205.873265402,14980.020515614,15572.3611739774,16128.5838196051,16290.0516478592,15659.5661040012,12507.4366368078,11599.7755083765,11474.7505845558,11330.2687387422,9571.62614212217
426,"LSO","Lesotho",1422.15056881284,1494.24032446777,1571.82704203141,1602.59633239095,1675.5977232422,1709.69433512939,1786.182290166,1837.69657049967,1856.69078488714,1860.70052178612,1932.15793223415,2004.03350215955,2024.78727304864,2127.37302160132,2178.66474674332,2275.01614419256,2381.02024562073,2470.31462127886,2589.16635854686,2538.19341751854,2651.37804898226,2749.31958166573,2894.22705048142,2914.37515966739,2930.61724036206,2986.95866729879,3057.26091568162,2924.68096193272,2846.4182812465,2773.28639887236,2517.11044486593,2544.78249551214,2577.54544127769,2595.82951058542,2640.28544552536
430,"LBR","Liberia",1866.40548125833,1819.49785292522,1115.03770816852,718.683238814765,563.640361196649,534.809715165405,582.677982536092,1111.93760251371,1308.40568305294,1507.31470254594,1868.17975587618,1867.11910921753,1887.64601570733,1308.15090140274,1326.53565502695,1335.61728880785,1364.60347323709,1422.10019670004,1463.12408187297,1492.99817384053,1538.85083488512,1601.03374045996,1668.97289588776,1774.5205777394,1750.1438489328,1714.09047960464,1653.31050211233,1661.30290782172,1647.97443793846,1575.76665001238,1497.37692436272,1539.20892304674,1578.99837069175,1616.92373356695,1646.05861366601
434,"LBY","Libya",18126.5869612606,20506.8762691578,19538.138704794,18434.641128465,18444.5133617859,17723.2679211029,17809.1519222171,18451.6998451345,17532.9261043755,17402.5683820479,17747.0188855832,17115.9888564264,16629.4364346005,18422.7336032404,18851.2039109963,20649.4624580172,21545.2986384419,22422.0117594761,21915.1976208273,20518.9642412838,21115.5259846153,10741.9206751908,20601.0026641,16557.5009416649,12499.0829968523,12195.3486990421,11831.8257669559,15428.1164411854,16385.164476127,14337.1962987582,9978.66400110743,12641.5097714075,11450.0598552928,12476.5974944083,12583.8338726816
438,"LIE","Liechtenstein",NA,NA,NA,NA,NA,NA,NA,NA,NA,NA,146992.995217396,143467.935933963,140503.743283523,135240.408673649,138829.102107758,144842.297065128,155042.522379101,166152.994795691,161709.893108587,141621.7863886,147602.446422958,140448.698384976,139003.03292196,145358.581500181,149519.474501538,148829.00958226,151515.22006981,160146.469051319,164463.941492176,159580.923897519,149770.093451421,176428.792174734,165477.214564587,171785.604957405,172854.611211866
440,"LTU","Lithuania",20586.227753241,19384.8179312258,15280.3886006381,12861.6949141098,11686.4386596094,12164.2037159996,12873.2007572979,14045.0045144544,15202.9118027933,15143.1937102939,15771.4269595328,16933.0225490496,18216.5452581272,20302.9848798403,21867.2861464791,23944.7019948719,26129.3392566938,29370.7739737176,30445.7809464936,26217.5449293891,26887.4913057701,29240.7487851392,30920.330402208,32474.6413533554,33975.0843756963,35251.2986931774,36618.1468417839,38774.4892011821,41019.7901632878,43062.3228425315,43091.7973723525,45873.5273239487,46651.2145810246,46159.7081733085,47169.0084190287
442,"LUX","Luxembourg",81450.5724064059,87313.7176181065,87729.398597958,90195.6629009998,92375.3588075138,92391.3398625544,92416.5186640698,96211.7308040367,101364.675334086,108180.402740212,114141.585295622,116258.426812926,118757.530526236,120396.257843179,123720.261499488,124866.858810412,130284.96750238,138677.965491876,135812.22230327,129002.240187517,131432.059616315,129885.369760706,128895.405145048,129945.453783621,130247.661687069,130097.2561798,133661.649729132,132169.834045368,131733.8846493,132724.752743888,129865.629988164,136772.443753292,132570.826463419,130048.92038753,128341.632465781
446,"MAC","Macao",55300.7442649888,54602.0544901621,58652.7899194929,59589.9759095159,60120.6582440408,60205.7086394146,59115.2336138335,58639.525029682,55296.5007644985,53348.0126915655,55994.760697993,57173.8590987064,61625.9560068114,67994.777526459,84004.4558061302,87185.5254441552,93828.3198758417,102879.639164558,102474.668562926,104911.140336462,130758.2806979,155385.324208541,164239.261923457,174569.523171267,162813.439348589,123194.067291275,120530.052858314,133322.632677744,139541.157248769,133453.896026037,59662.4855864551,73374.4486829588,59921.441691873,104815.20003062,111693.502831434
450,"MDG","Madagascar",1968.27239771424,1789.84169366249,1757.29459775259,1740.29513594203,1686.34190833351,1661.27062467061,1643.32579628891,1649.44809006306,1658.88849253066,1681.35933226493,1701.44320253582,1748.50350929178,1486.43429741771,1584.74925232364,1620.11953793293,1648.17631554009,1686.86335460017,1731.61751794976,1794.40235887329,1673.15551466723,1635.24511473059,1614.55137773785,1617.79082882481,1610.6023078966,1620.357889066,1627.5806134224,1648.91226979296,1669.72764267278,1678.78623269491,1707.83153830039,1545.72714379204,1577.43246056529,1602.71368352337,1629.46097248642,1657.04970622968
454,"MWI","Malawi",1047.46436351132,1104.3904622212,994.036504790471,1074.58485213269,975.849640143399,1140.75609365078,1200.32058232422,1221.09404555353,1241.52433181827,1249.77523298871,1239.39174838676,1149.58039601898,1140.84274642417,1176.12385998737,1208.2196975075,1214.7426419188,1237.27386519947,1318.33196397214,1378.42886690464,1449.72601522136,1504.37514113214,1533.22889572405,1518.14803849238,1555.50607410511,1597.56484331405,1597.69145324855,1593.59549264808,1613.0593571462,1638.91665761076,1687.28944917891,1656.43985192533,1687.59358179651,1659.95933825168,1649.2987323455,1634.24660266597
458,"MYS","Malaysia",12013.6969483112,12795.0498964227,13567.8936121181,14533.790397007,15474.0144648307,16568.5160590209,17771.7118795056,18604.514527465,16817.1719190401,17428.6256563043,18532.9096706227,18186.4411330146,18708.8694877279,19329.0062757538,20168.5062099425,20767.5857243346,21444.4857715028,22305.118263117,22898.0027575442,22106.6417311801,23307.9698543785,24115.8181203958,25006.3587781537,25736.3525554142,26818.4317281659,27699.6278860387,28425.3707609412,29551.5457597197,30459.9655338061,31300.5086554848,29200.452632127,29822.8491831619,32129.2217820113,32857.6676600774,34116.2317848885
462,"MDV","Maldives",8945.80478665277,8799.25510927464,9120.99183092788,9378.52243653044,9866.07502836992,10894.1730236585,11495.0988639063,12210.9687208916,12884.7223193763,13449.2026730153,13738.2809408875,12977.9990665612,13689.8065561949,15316.1192814998,15958.6557759464,13942.8753891662,16829.9768208157,17439.9504862625,18344.4866455436,16230.0089361263,16730.0144200167,17581.7676697752,17390.1474995422,17986.8907361645,18765.3592118344,18829.4481529112,19345.1792343541,20036.7165354949,21072.5805249694,21855.5012245789,14242.9750701162,19052.6224904311,21357.8112511152,22333.0477138175,23034.409840484
466,"MLI","Mali",1890.50212991264,2087.9190293987,1942.72857142808,1985.38064863365,2051.75478430683,2022.40378267871,2105.2753013378,2142.78769298746,2228.20055528486,2269.08741153512,2187.71894209604,2458.46155672294,2455.61935704113,2611.8368553004,2565.97744562534,2546.33281406377,2555.07476259654,2515.94692367877,2523.19961272551,2575.54549773621,2632.26468220172,2623.34627008963,2520.52931087437,2528.53006767058,2609.16733048758,2686.56065074588,2759.11051294151,2816.194239022,2862.40728989634,2916.17167790759,2796.41038444894,2796.22793795433,2813.81095962843,2860.42819002278,2916.18529537154
470,"MLT","Malta",18207.4283499214,18832.1301983511,19513.1848222048,20184.9137245386,21127.0635086524,22310.9631982103,23002.2111964815,24028.8942855753,25096.8746137924,26126.0896690455,31066.9228903222,30600.9719457901,31206.2716762931,32146.6801842336,32061.5717383592,32775.7490182241,33419.4710514468,34980.4009462348,36286.3762693846,35511.3563931618,37527.3383140731,37739.4436925334,38935.7003537881,40919.7945400628,43161.5419815162,46170.1721772126,46965.6015814581,51626.3473049783,53417.0154946227,53391.4373856092,50387.8220368581,56852.3218512267,56841.958125813,60418.3949311068,62100.1766086173
584,"MHL","Marshall Islands",3905.58584891503,3828.46355230265,4029.34125092658,4207.40977456892,4396.91464876184,4703.43305447938,4174.81392158106,3867.34286781701,3805.88691498835,3718.81112086275,3772.21580249949,4000.73051185181,4121.83964555337,4040.65511934983,4012.3445001608,4075.1586476742,4075.57643179743,4222.41292273556,3903.30558742877,4047.22680617884,4269.35843273855,4259.11601606604,4244.04434413748,4469.85358401608,4491.99193864535,4670.10918243674,4896.52195460777,5199.3444796298,5635.30750426868,6405.07564930525,6417.18441217728,6767.95785510528,6936.86510911802,6801.61469241924,7209.26654997536
478,"MRT","Mauritania",5519.61033643389,5456.55576032363,5350.11803673091,5439.82228766957,5097.20839032236,5446.26956105444,5650.34118112691,5302.36663337221,5310.15819138339,5359.98881996232,5008.60806690015,4847.41086088567,4806.89853417166,5023.65213424469,5139.22552002451,5445.82951227719,6284.70209025295,6002.77832165174,5813.35608368306,5639.78745018612,5605.76388754434,5653.21719956692,5716.25195328295,5769.72870835598,5837.85203122291,5969.54239339807,5866.28144759404,6050.62180273826,6153.6379029522,6162.21044512088,5963.23549793488,5836.56580821897,6053.26178155509,6276.4752107936,6482.69016724334
480,"MUS","Mauritius",9058.66650192375,9358.88578338002,9838.10232774766,10216.2423835678,10490.888540896,10847.0307453987,11336.6041686972,11832.2877924531,12419.4673726952,12582.7521544356,13481.7540541745,13823.4171391047,13949.4742923184,14669.5001844577,15209.0164267817,15387.9807842254,16061.6030030396,16904.2745171796,17750.5936228988,18290.4070077862,19045.6542832867,19790.5300586052,20425.707017688,21061.0293432869,21827.4802326052,22603.0885218715,23460.0011516323,24361.8758542058,25324.1785958124,26047.9753573284,22258.3868106267,23010.2013826905,25085.9891959451,26373.233173468,27705.8062927309
484,"MEX","Mexico",17169.5925840496,17511.7313092808,17796.4059642864,17970.5871849494,18422.8199275559,17028.1215003697,17775.8727869148,18737.6426443231,19573.0654539328,19793.2852841045,20470.4937646149,20078.2183908739,19744.7933653415,19701.4633876569,20127.2242847772,20277.2552818503,20965.8256074046,21102.2688314629,20992.5602618229,19385.5437230087,20058.3854859755,20457.6001664624,20898.9357195292,20805.3480411912,21069.7661649129,21408.9283201494,21578.2633554092,21777.5225111982,21997.7730167473,21704.1859494071,19728.4817823158,20782.5877417545,21391.8573692427,21917.24858366,22039.6287019016
583,"FSM","Micronesia",3112.46491723246,3282.91824685943,3347.64556913981,3543.74966824326,3459.88583986166,3663.78236228921,3526.09250594956,3296.33568727784,3380.53310212796,3409.41700394847,3555.49951989363,3609.87256369558,3623.19636273236,3692.41720136136,3586.11247849916,3685.99439466343,3701.35082122551,3665.65753455567,3601.90031821178,3674.48835418327,3764.95289087757,3901.67577698307,3828.74704775532,3680.10650035034,3575.85071357893,3723.39901795887,3746.13008308173,3813.44207942995,3798.59203794111,3940.26446989917,3852.20025570019,3946.41608109166,3814.99076486823,3814.72009332149,3824.1523439548
498,"MDA","Moldova",15902.8943232278,13342.0600237962,9461.42772606579,9363.59309935117,6490.35310271769,6428.83979448751,6063.14051693666,6185.83952473232,5783.48593751482,5597.46512850296,5727.07922525353,6090.03474356111,6580.27841436838,7034.35784911687,7573.61784547509,8161.47344724763,8577.02858037287,8854.83397616723,9563.6981429094,9001.23432081622,9649.9509930271,10217.3087761255,10158.3854676883,11080.063458534,11641.1208436577,11691.0797484184,12377.366678394,13118.8219369606,13895.5043655692,14621.2401362286,13559.2600217483,15682.0703284653,15358.0153548867,15990.4793311152,16465.9286833218
492,"MCO","Monaco",NA,NA,NA,NA,NA,NA,NA,NA,NA,NA,NA,NA,NA,NA,NA,NA,NA,NA,NA,NA,NA,NA,NA,NA,NA,NA,NA,NA,NA,NA,NA,NA,NA,NA,NA
496,"MNG","Mongolia",6637.81926731197,5874.25558231388,5324.48759689988,5162.09987010378,5213.84632608077,5457.68501570003,5494.32133981895,5628.10663484224,5735.84383645773,5829.16641455928,5818.243078429,5917.07088396344,6117.98242225921,6463.78966651763,7070.667158451,7499.84803935429,8043.99678108558,8750.13407442301,9379.85489687765,9095.97698925289,9507.11882362498,10960.0959283864,12078.9185320062,13210.0945665668,13943.4277148652,13974.5967260365,13898.1456953585,14401.5375067562,15230.2408828847,15790.6961126441,14801.3420829185,14792.2509086422,15310.4349469163,16222.8638898529,16842.6505873797
499,"MNE","Montenegro",NA,NA,NA,NA,NA,NA,NA,14638.7970938907,15403.0521357994,13993.4155102209,14452.2762793739,14552.555913276,14770.3164485924,15076.7139308442,15716.1406519937,16348.9675325821,17727.4395602504,18966.5316118446,20239.0055766337,18985.0166440648,19476.2433855105,20110.5703706068,19576.4932347549,20201.3754091056,20641.850118964,21131.9286652777,21834.1824200767,22513.8741282681,23562.2739681383,24585.2179072848,20904.6866227364,23690.0773513056,25583.4216629605,27243.5172072601,28091.9229851747
504,"MAR","Morocco",4451.20667153891,4690.91695645984,4517.20209879255,4413.35865666667,4808.14427263227,4479.56827796844,4957.08131333533,4807.05285923953,5078.81104143337,5090.26812005857,5148.91132118613,5471.19802383264,5600.74326123635,5871.31121166691,6061.49092969844,6171.51673830436,6563.03592007362,6698.47138885625,6985.11052761138,7150.82691001605,7301.63080077347,7600.70911408945,7729.51201734762,7945.15872397158,8061.66156771045,8313.9984570391,8258.09476525701,8572.26415005428,8738.08768430659,8898.55476757367,8175.51399717698,8753.61876108304,8822.85413404199,9052.40078346514,9304.829716925
508,"MOZ","Mozambique",547.622781432196,563.512103416232,510.82282292831,549.048759770955,546.209688164263,525.418671837499,562.857456341656,612.371551265913,660.650177820749,722.305561379979,711.976393527394,785.790173616245,842.645266172763,883.239121472195,934.133964844421,970.38995609863,1041.80471709595,1095.12568701598,1141.94256161019,1178.70909947834,1224.2302047131,1275.52959822581,1338.51594866104,1385.83254864214,1449.92926632723,1512.59974555539,1537.90853271217,1532.0073576114,1538.83512127022,1528.88988354373,1466.12476474476,1457.23540930921,1476.66560298097,1512.27640791481,1500.31427446351
104,"MMR","Myanmar",775.328254381999,759.282764169726,821.327755047125,859.345526733597,911.468427954617,962.209421824521,1011.15993423274,1054.76742791265,1102.79096369399,1209.01642809997,1359.93038778036,1498.31163236525,1661.73588517132,1874.17128269389,2110.23728495831,2377.90258162976,2669.32700379999,2968.3033151236,3254.738978881,3578.17424704514,3893.79030665874,4078.61220919965,4340.99945069173,4666.95376141391,5006.50667149767,5313.88615901476,5580.98977273231,5877.87465558174,6201.26341429803,6562.98898478624,5926.83450206681,5178.44718217164,5350.47666899932,5364.13797034429,5276.29433987853
516,"NAM","Namibia",7281.77892577888,7618.33278184446,7911.01025804279,7541.56081791844,7437.33529036107,7506.10484034085,7538.92462342198,7656.32512542989,7709.89004370135,7773.94354148712,7858.38789521254,7786.5416949676,8017.28134128558,8237.36597245596,9130.82442337692,9245.1365329555,9773.29833199798,10162.2400708746,10286.5124067604,10166.2899453938,10614.6201576671,10965.2729759535,11266.6089486463,11593.5753768689,11982.6963648348,12166.5658392058,11846.7880832757,11408.7253099967,11214.38604306,10813.3044681944,9652.24827219464,9709.09930646771,9953.09752403492,10137.6726120026,10281.3356402989
520,"NRU","Nauru",30123.366206368,23836.964593396,19620.383633736,16326.1379484655,15640.7583760055,14361.7946919817,12636.1815903093,11488.9913261969,10133.6780606971,9478.30050692905,8844.94679373008,8277.86825221943,7487.93107727707,7526.41594992197,7200.94828845528,7208.83070771819,7829.71497360134,6109.60106113352,7339.57869508137,6926.97979734746,6908.3570297951,7881.13125592445,9639.56633771325,9798.48256139004,11112.9673369473,11270.4681981308,11529.8856976118,10631.9143863208,10401.2803984916,11183.095616258,11304.5723318731,12112.2358384228,12363.6457029853,12372.5209531064,12468.7614524615
524,"NPL","Nepal",1808.26490041654,1874.27513595212,1896.97166297747,1916.94352666156,2023.11519682155,2043.60517160069,2105.50832713857,2166.3126334505,2188.22201570231,2242.65011822095,2340.81563141298,2413.8142127556,2380.24424587571,2439.49479601556,2521.54105171427,2580.23106308364,2641.34799494748,2708.7143922589,2852.60983167965,2961.83900365912,3085.31407004502,3176.65040602417,3316.50073452021,3426.5579593796,3621.73168937113,3745.26182249476,3743.74457835778,4071.70431755796,4371.38571771895,4607.52454717111,4412.54204393951,4546.2297000629,4763.38751073947,4861.23030387639,5046.81592972948
528,"NLD","Netherlands",43128.3126390938,43833.4841712698,44245.5254850329,44490.7561855683,45532.8045253849,46720.2879220144,48095.966024712,49881.8758323461,51879.3803259073,54134.3622865113,56016.8727218416,56887.433273111,56664.4134372303,56452.8674805644,57391.3645202468,58422.0135197444,60391.544265121,62601.6205718181,63678.4032834997,61029.7298855713,61518.5540088715,62318.1416226233,61480.8126014962,61281.288807752,62045.8563802087,63081.3941350678,64267.736357935,65666.0036593238,66758.2640145752,67847.8542926798,64862.1922496368,68573.5648786446,71324.0360349279,70198.929790902,70495.9378096115
540,"NCL","New Caledonia",NA,NA,NA,NA,NA,NA,NA,NA,NA,NA,NA,NA,NA,NA,NA,NA,NA,NA,NA,NA,NA,NA,NA,NA,NA,NA,NA,NA,NA,NA,NA,NA,NA,NA,NA
554,"NZL","New Zealand",30695.4673486393,28924.7432009087,28938.0980223643,30438.6278566662,31574.3568979925,32584.654985144,33231.4477971415,33480.1450529262,33469.2534254938,35084.291368526,35879.7911310765,36885.644684201,37959.0650638123,38976.9126257578,39971.7705007584,40848.2981387428,41475.1217441794,42346.0894838728,41561.1820713151,41132.3368456501,41270.9285099133,41814.8851834051,42570.3332823343,43338.4373782961,44255.504663746,44963.8339159181,45626.6818435018,46193.2884771697,46947.9372479139,47277.6628302055,46104.6057908752,47996.6798818463,49618.5253338616,49083.5085909798,48845.2682777134
558,"NIC","Nicaragua",4217.60888499483,4113.68749893653,4037.27548904797,3934.0927571675,3979.98533697261,4130.28612675872,4311.49316853482,4408.32889987937,4502.59836619888,4750.94886822617,4878.24776981667,4958.32771126837,4935.48539005128,5000.61176556339,5204.38202801757,5356.95850970539,5500.40577576796,5697.21109549591,5809.09964464617,5538.3658931707,5701.12790180563,5976.25284495841,6275.7876907774,6494.14961103199,6712.21749816316,6939.03286207732,7158.75799760379,7391.19683946295,7049.02753442352,6756.59375829081,6523.3698502278,7119.16923360042,7277.82264804561,7496.5292687685,7661.60202722818
562,"NER","Niger",1411.84892200281,1362.74545343526,1347.33229741984,1309.6112110994,1291.68161029002,1280.3354211914,1239.47664115174,1217.31253567922,1294.16191156539,1247.64712892756,1190.56674543223,1233.06511808278,1248.823136606,1231.2780915085,1192.0823507557,1233.87551052205,1260.12046671298,1252.74827252938,1300.55418500177,1277.69230957636,1336.56410237447,1318.10130997844,1403.18971067857,1423.261690347,1462.82122998491,1471.66135329223,1500.00858681288,1520.0015371232,1574.33838262666,1612.63734693259,1615.69272448944,1585.59922021188,1717.51891457684,1689.56425367067,1803.4369300532
566,"NGA","Nigeria",5423.80689607089,5301.36342299095,5403.15311816843,5154.75757918925,4929.26827930529,4797.51152154869,4869.8211334149,4884.04743279879,4880.87997128038,4781.67311002018,4889.00321939426,5039.54869772676,5654.89706065018,5905.31482803165,6275.29894529583,6496.93228200091,6702.94533358778,6949.42650737505,7215.76946222423,7581.40572117011,7962.63957310761,8153.53178680364,8265.9055121162,8581.20782295602,8884.77428661659,8892.0579870675,8534.69281513899,8396.78452274332,8362.62330891339,8361.78664857197,7664.21099591193,7588.47885596359,7752.2620653201,7843.83461990405,7994.21563861459
570,"NIU","Niue",NA,NA,NA,NA,NA,NA,NA,NA,NA,NA,NA,NA,NA,NA,NA,NA,NA,NA,NA,NA,NA,NA,NA,NA,NA,NA,NA,NA,NA,NA,NA,NA,NA,NA,NA
408,"PRK","North Korea",NA,NA,NA,NA,NA,NA,NA,NA,NA,NA,NA,NA,NA,NA,NA,NA,NA,NA,NA,NA,NA,NA,NA,NA,NA,NA,NA,NA,NA,NA,NA,NA,NA,NA,NA
807,"MKD","North Macedonia",12904.5403359693,12153.5487965327,11486.7759347648,10764.7468770222,10650.7833466603,10501.1323953237,10551.5662666256,10787.5753615656,11092.8746195031,11519.0045020862,11988.2945978825,11571.8592198944,11830.3116732903,12077.8990922494,12683.4335090407,13354.5165282625,14118.2883359902,15118.3063672461,16038.1078627458,16084.2946742802,16731.1595676009,17201.3074960957,17190.0669173829,17758.3012027338,18452.2827492339,19215.1537229479,19825.8546858981,20121.1344599839,20806.0084013243,21766.974473423,20971.5290718387,22144.2842571431,22822.3280431288,23455.319400522,24637.8752085661
578,"NOR","Norway",57106.8839477005,58588.4683793671,60333.4494661276,61681.8032830776,64432.072371697,66762.1587276864,69764.3814246187,73053.9655256435,74558.2948989562,75583.8344038539,77587.2073182557,78791.3045707129,79447.0914824425,79728.7849973309,82440.9558801113,84079.9962418889,85458.5466934023,87043.4979357594,86379.6624832291,83642.0695747773,83256.7880722556,83092.4342216442,84237.1495663817,84070.4583940477,84830.2558016961,85550.2942614494,85787.6174410424,87194.1115421375,87338.4708008986,87725.7283254613,86096.0508947505,88984.1386736515,91051.0831968408,90085.5524531618,91105.3612478637
512,"OMN","Oman",35201.5524871089,35574.6761369599,36841.4011555658,37455.340258395,37782.723828978,38946.7742715175,39455.8264119985,41191.0312402443,40574.674486189,40145.9312841691,42086.04315363,43492.2863754556,42654.1482671623,41247.5873733104,41351.7687385072,41551.1413844553,42540.4398485336,43696.9691440918,46586.3955926765,48304.1178923167,48191.6145135738,44440.3092616126,41964.0828578551,40854.4853548904,39639.9870514801,39813.7887054674,39860.9893909688,38691.1077105097,38673.6045360857,38292.3859682752,37560.5998714953,38719.458768205,39780.2122774986,37793.6164427762,36721.0804634186
586,"PAK","Pakistan",3199.72962609833,3252.35104026309,3404.12138406329,3369.23795906028,3395.50432067539,3462.47336165841,3526.14160875155,3462.58145605889,3454.17665330544,3484.45678319813,3531.71291531612,3559.72784658715,3563.67846926558,3668.77938852508,3859.64601808903,4042.15457513378,4185.86655659206,4257.92556870432,4233.34830715497,4270.4388226423,4228.7817715945,4246.06710882497,4292.02110293486,4407.14705841377,4520.23463399286,4645.28631071143,4886.61212115376,5031.56060738433,5255.06350681274,5295.95295138205,5135.01459288839,5367.27364714761,5526.27928310213,5418.7693189297,5500.32394824285
585,"PLW","Palau",17851.1833597407,18301.050868113,16728.0210226785,14327.2728583552,15008.3189890158,16232.8372963508,17455.115927972,17408.8855585991,17358.2841361311,16093.4027866529,15447.9517644731,16433.6411703372,17075.2487452333,16579.3137978346,17015.6800255789,17507.4363236754,17749.7742778468,18255.6693104131,17574.0751337338,16688.7234642117,16524.0426937512,17670.9138744537,18279.8892705019,17931.4312359519,18786.8332875028,20212.0181058882,20449.1316608307,19821.0983603983,19572.3446450452,19519.018546453,18183.7369201975,15780.5501158866,16040.9080564682,16425.9722714446,15407.016033792
591,"PAN","Panama",10263.688873241,10994.5496018421,11649.7957720554,12032.8075975884,12123.349222142,12086.6434128166,12327.8514997327,13013.8909440715,13826.532301715,14261.7409202087,14572.9752457781,14427.8299350708,14507.1438361336,14957.5532657251,15875.1127056615,16867.960935567,18190.2741337857,20208.8215796091,21867.81875743,21822.9877172101,22739.1106156183,24999.4605922405,26926.8852947453,28135.3278787268,28931.8044516018,29933.1555965973,30765.2371534884,31979.8122635604,32681.4463581169,33163.7269192169,26881.7987214437,30932.7627809146,33915.1526066673,35872.9506479276,36394.9175291147
598,"PNG","Papua New Guinea",3164.14887348767,3358.1886520579,3690.34502629693,4206.42911730354,4297.89116182918,4008.72203783632,4167.03622077872,3864.23030411237,3590.10012280794,3531.65953246599,3326.79859970528,3211.75932963209,3100.79509952542,3064.44402995346,3046.33289602665,3136.58568251035,3202.48730426388,3345.85030363442,3233.91811872812,3349.64345389882,3579.17141222267,3514.83277391807,3577.4517726759,3615.28323843913,3998.61805004308,4154.52332559185,4275.74858615697,4322.22282084805,4211.1454741469,4301.61139205544,4077.63132163553,3976.90380116955,4125.49303365202,4205.84773981097,4288.52828988176
600,"PRY","Paraguay",9962.4802784313,10040.3122459136,9948.42118145656,10178.4547948467,10459.0898500494,10908.2726627911,10825.2874881089,11033.0157241318,10802.5597410663,10435.3986807112,9998.5928544516,9749.25865842256,9610.74777842153,9903.45028992176,10187.194394255,10290.100822296,10672.9933252383,11141.8704701878,11751.1391651711,11601.2854565093,12738.5765601697,13109.4665717904,12834.8015915131,13700.7030515391,14219.3544308099,14427.6002349811,14826.6636909978,15320.3366476954,15592.9841390322,15321.3245528947,14991.6606201148,15406.1670646576,15259.1456311861,15826.087501295,16296.2836189263
604,"PER","Peru",6317.07906710903,6322.57490486068,6161.6357525842,6355.26196593998,6997.70582373208,7372.04245454079,7437.1925719566,7773.82700600994,7603.80928968865,7585.32788841374,7669.0953178046,7611.66628175321,7931.57975039908,8174.3794268385,8495.98639285801,8949.95442691076,9547.91327762554,10286.3548193625,11151.530521564,11204.3768755244,12059.0180183322,12726.5999815198,13395.3993805892,14052.1376191683,14244.5660212948,14542.7930911313,14917.4489473588,15069.5221084659,15386.2601642506,15463.5432397882,13609.5999609595,15280.5512106486,15559.821643644,15327.5819994558,15661.7497711956
608,"PHL","Philippines",4504.46230383566,4378.39532090518,4293.71810131081,4283.1596778663,4374.06721651166,4477.32317711022,4631.77197705973,4758.70845808515,4616.67292900617,4650.75926947589,4740.4389169457,4778.4008437474,4856.49948429567,5003.38317718716,5229.45080700165,5386.81653712891,5578.57225112139,5840.06810169966,5987.03757861836,5965.30730902221,6273.03927731515,6388.31296959977,6697.55620962769,7016.53846470436,7340.36158591199,7691.76308685047,8131.82537948653,8584.13622709699,9016.28659637608,9452.29397159811,8455.18457134107,8857.78995115514,9457.10395402885,9898.53294588744,10375.9404179938
616,"POL","Poland",12821.4636316574,11879.7539252619,12141.2351323725,12563.1045363124,13200.1614164952,14227.5663687798,15083.09812162,16031.7211485265,16766.6492883267,17556.0026927987,18566.3546288772,18800.6018648402,19166.9137058143,19855.6317989181,20878.6545002534,21568.9476594356,22921.1975887696,24484.0656663756,25553.9058406534,26204.410367111,27112.1333797381,28521.6612623568,28952.9157305302,29168.624211075,30334.8786569619,31700.3682364154,32675.3052259954,34354.598761632,36500.4114282585,38181.623033469,37852.8021313639,41059.5847829682,43405.0215797441,43672.7668014945,45158.6345754701
620,"PRT","Portugal",27190.5720267043,28443.7945360373,28776.0475772619,28153.6155177216,28348.8658386372,29460.8141864852,30378.7557756388,31574.4021979121,32925.6638725857,34018.9637066505,35069.827570513,35500.226680409,35578.5200308998,35115.3795144128,35658.1298257504,35870.3092741499,36387.536737952,37226.4702626701,37291.504896966,36092.8109314685,36703.1141882821,36127.2949766153,34804.6333340481,34651.7719455055,35097.4098263228,35803.3575649768,36636.2978441633,37943.1150505674,39123.6151282571,40188.2868799219,36852.22873381,38657.6677223425,41070.861152974,41768.2549192625,42169.778525
634,"QAT","Qatar",71584.3761008267,68122.8639906324,73450.9520794122,70250.6988205415,69119.8834809746,68732.4655730398,69746.1505971988,87140.0414805606,91901.0695568133,90837.3739354158,93186.971044018,92115.7349961797,94111.5966588338,93224.3623187549,107023.577147067,107784.417294658,115383.630413612,109579.67852883,109206.297312914,108435.74676157,129044.708988673,145590.759374614,143830.55475292,136453.930654183,128013.946689103,123070.823231761,120054.244506415,115064.836034359,114909.792335472,113160.839750596,103061.899444607,116832.656941972,114740.16518158,116563.992526162,110889.792701691
178,"COG","Republic of Congo",8699.52683870614,8658.16145286006,8636.63719209924,8302.69726834941,7617.60750274811,7701.32468533334,7812.04779971639,7599.04815388588,7711.63212576051,7312.32665071622,7570.58279297341,7567.43916817102,7729.3889014189,7577.45630456353,7577.44597274152,7876.11806658286,8192.57979719024,7375.82454100145,7587.28826163492,8138.45033818824,8583.66179834287,8492.42098392103,9079.6865640089,8798.49382506313,9159.25664414045,8977.70681641418,8001.82551945051,7372.770467376,7029.33651566257,6939.36913397465,6350.50913409722,6263.21161292636,6205.1050414034,6172.28776650683,6181.47071635966
642,"ROU","Romania",16316.912333926,14333.0301191021,13195.0965262879,13415.0744360432,13962.8317660865,14863.247231296,15488.6217092876,14780.0590188185,14510.0533572297,14478.109394247,14853.6679659943,15848.3696371638,17061.7001240442,17587.5355528951,19532.5610216284,20571.0108222199,22354.6564902844,24328.4940230196,27039.7122195334,25761.7373850906,24903.0077613835,26150.8560702105,26767.5666532406,26942.0436130341,28156.2475476815,29181.9991893663,30189.2729172886,32852.7718069626,34829.0402990684,36399.6255565426,35283.7523567852,37534.1559176911,39256.9888833852,40120.187442373,40466.7531665271
643,"RUS","Russia",29643.5949628113,28066.9224674408,23965.244735031,21899.5170012802,19153.3634857151,18363.7135156839,17699.8693414292,17977.352101541,17052.755949655,18200.3204488108,20104.7506545009,21219.9042866698,22319.6781999405,24057.9269714404,25894.14644342,27656.6590123688,30022.670967745,32630.3682973607,34342.2272578508,31654.0040974304,33063.5865594417,34444.6460530398,35740.7001703725,36260.0647597644,36417.7399447809,35599.7325594136,35576.5119071243,36156.800269459,37145.0059399794,37947.0787026817,36993.0312006175,39298.0695094205,38870.7064758399,40573.1696608917,42422.0289322028
646,"RWA","Rwanda",1122.99132414558,1072.69710641561,1112.59034456897,984.217529921952,575.367548491022,931.367790069387,888.131009878548,874.694728296322,913.71963460585,945.733218859969,1016.66199090104,1093.18409838429,1220.7394919553,1220.49916686742,1277.19280440829,1360.29587570275,1446.71094686551,1516.26750609324,1641.77767401673,1699.94452992695,1779.15851051568,1874.21498172872,1988.01219478847,2032.40480194092,2106.21454365588,2238.53941469642,2316.63731573814,2351.59686866227,2493.44001744938,2667.46458436613,2520.31739425372,2733.43566762447,2892.4596494282,3062.99909649442,3264.64451474392
652,"BLM","Saint Barthelemy",NA,NA,NA,NA,NA,NA,NA,NA,NA,NA,NA,NA,NA,NA,NA,NA,NA,NA,NA,NA,NA,NA,NA,NA,NA,NA,NA,NA,NA,NA,NA,NA,NA,NA,NA
659,"KNA","Saint Kitts and Nevis",14326.0410656506,14084.6831940102,14557.184258305,15348.6887799847,15955.8375010028,16596.2656266287,17340.2234624221,18288.4943671657,17963.6992379347,18291.4229188676,19840.5800645267,20648.7889741472,20813.4050029806,19927.1818314137,20661.3458642993,22612.7126559455,23258.9842253211,23330.0442404194,25898.782362098,24973.8045286303,24997.5672513427,25380.0087348215,25114.0572603245,26532.1016561724,28530.3072249014,28729.5664476671,29867.0265589791,29948.9200065683,30576.2486749245,31512.1943105685,26736.928356377,26896.6177065977,29749.8700864823,30616.5772813861,30656.4410109367
662,"LCA","Saint Lucia",17222.1486650676,17080.7989746533,18166.2078109226,18004.0320073031,18020.5127590631,18048.780665013,18301.1522745648,17920.0341136871,18786.9976028018,19039.4630213718,18818.8855989431,17993.6372662268,17911.6297765068,18522.5129630157,19715.8297745985,19491.2182260584,20551.0599501307,20759.3043872305,21651.233776084,20907.3343580129,20849.0551242244,21637.8686925992,21515.89963362,21029.2888872138,21214.4773346335,21142.9733304366,21775.4737658629,22422.5970388019,22981.9179294013,22738.2471068581,17142.044063192,19101.1652956675,22962.2818144554,23403.7440265988,24252.4688588491
882,"WSM","Samoa",3990.92671302249,3891.62983852199,3861.88898142388,3986.45388042165,3854.03940619773,4077.99085675777,4333.51287211017,4325.13822221329,4386.51915961412,4448.31977912795,4638.59446502597,4941.1152254089,5183.45456244226,5425.44383557984,5568.34734622237,5914.88970604301,6017.47704264271,6013.27628827658,6182.76327854771,6104.12751491366,6427.31156227698,6616.77109624951,6311.96070235071,6262.3237201791,6247.90480904723,6432.35979168528,6887.30523545285,6919.01572858501,6805.0451717529,7033.52113384546,6745.29241350437,6350.11428353253,6449.36505263745,7383.7457030018,7686.24942571868
674,"SMR","San Marino",NA,NA,NA,NA,NA,NA,NA,66923.0303424248,71024.5594991969,76474.12971597,77149.4159964234,80420.7698522017,79649.5323827511,81688.3786834342,80724.8087680419,81632.1748989576,83781.5473936132,86785.0181147659,85120.2868772715,73093.8317013425,68669.2526491344,64214.1187563372,58176.3777973964,58467.9769550044,58743.5844219421,59647.6594557072,60669.8186167521,59524.5597904018,59194.0442905608,60171.0471344217,55998.0710994561,64745.1316780702,70887.5738998148,70951.7895931976,71149.3993003588
678,"STP","Sao Tome and Principe",3883.20429842266,3844.8963771482,3798.88352929514,3771.28612416062,3788.48370442153,3802.29132302174,3801.08164933858,3784.7902343178,3828.99823839083,3878.13108525246,3852.89042721454,3907.0192818698,3942.76040695115,4161.63833167542,4202.56186898775,4371.49721644127,4644.18044669991,4698.0841696184,4873.1813112046,4919.19529822865,4882.04796466341,4876.47315792145,4919.55294386577,5072.11200195866,5223.09572886388,5210.20377554308,5388.50913348909,5521.20249597415,5674.72379094012,5702.08347071235,5742.94724858827,5732.69456061538,5632.13890715048,5541.30167605351,5491.29829852273
682,"SAU","Saudi Arabia",65196.5733860529,67268.5518488763,67183.9100290945,64517.6652891052,62403.6937320121,60058.3174503511,59612.8125993665,58875.5473738828,58306.622809723,55878.1736494426,55962.2661342789,53309.111388544,50371.9783079833,52234.649280791,54196.5514152952,54931.7942450845,54373.7376953862,53318.4191601834,54407.7081673246,51760.7643987564,54911.5475170118,58645.4459416531,59471.7001909395,57998.4644619154,58872.2671400127,58498.5399040698,57308.4484127497,57942.5484983043,61359.4653740386,62647.7299487843,57420.7335736425,62690.4966645929,67178.5902274906,64481.8441927288,62792.7741476371
686,"SEN","Senegal",2923.34412469673,2917.01427785027,2874.0029796631,2834.02797281319,2757.86087513844,2835.03272874496,2822.46837323857,2840.60808859831,2938.69162551525,3050.17800998696,3093.28791602616,3149.33113703503,3075.23157503111,3170.03494688479,3240.3020166984,3301.82076160815,3301.03152414193,3316.42037834774,3359.70567090311,3371.46166688616,3403.56707165919,3362.87940537331,3405.10864460824,3385.42590686561,3484.01219749798,3593.79477120389,3710.05531589723,3871.4514678592,3998.28635303406,4070.61227058594,4018.04129277358,4173.67741399619,4228.73382642974,4304.76148720233,4460.92372176318
688,"SRB","Serbia",NA,NA,NA,NA,NA,9444.79079229147,10035.0555901615,10965.5278855606,11598.3788474662,10438.5043036479,11105.9948800547,11879.225653864,12661.9921205411,13273.7451115678,14194.4239957639,15077.621172828,15727.4685898419,17028.1573139849,17983.3557621585,17488.1952473271,17841.5052482399,17986.6586186397,17993.8893372708,18163.2800557557,17922.510092839,18247.884779382,18889.4599757384,19439.0723263919,20454.3107079529,21541.2157346761,21479.1679289814,23406.4036315634,24651.9500494587,25735.2402009063,26897.888248383
690,"SYC","Seychelles",15478.8475444227,15695.670838946,16744.5080816034,17596.897761717,16716.5207188923,16552.454781523,17942.1733036627,19895.1422188431,19991.2293154949,19969.3513746175,20633.6746950761,20147.4187656167,19777.7525249721,18825.2206936189,18356.4711447212,19917.1194534221,21341.8597526002,23117.8555224772,21990.3685269705,21361.1307875284,21708.7554506566,24406.4129764105,24919.955210328,24770.6514591794,25379.4180707013,27032.2083880002,29905.1347389952,31595.6680570505,32841.4242467381,34346.0708923483,30056.1994300968,29979.8272686091,27978.1770550937,28635.3563581744,29241.7758048825
694,"SLE","Sierra Leone",2703.59918712825,2734.96862548026,2257.44939868809,2293.56354039047,2240.29005098829,2058.07683318146,2084.1822265,1936.55653107258,1951.82091117813,1903.3269610781,1981.50608696758,1749.35086324104,2089.26152736755,2196.28134548104,2260.83818961545,2296.65767887049,2342.7546113654,2377.80530113361,2404.65198784353,2376.58254518958,2459.76814418709,2590.52839483651,2792.92626544927,3124.72832450941,2812.52832195116,2628.17058146385,2732.26093997048,2753.42719846704,2767.38003381599,2852.66269917495,2752.62615440121,2849.38865926436,2934.73326430435,3034.94608285625,3098.76290609663
702,"SGP","Singapore",45567.7903891463,47251.6944416001,48897.8103415751,53139.844472382,57213.0977645801,59483.6383121124,61381.7523709209,64291.2024694334,60782.1972058001,63746.4792227046,68314.5444027166,65784.4018813783,67744.2702679809,71877.5348633551,78039.024710382,81841.1587801054,86463.8283836608,90417.8073849966,87329.5937792687,84843.5194001734,95456.1893079997,99296.7561111269,101187.825333454,104359.030680724,107066.858613991,108953.724294287,111579.742684331,116471.820764776,119927.769127927,120114.133894235,115893.042395938,132617.354020876,133571.962410322,129555.245509242,132569.525225795
534,"SXM","Sint Maarten",NA,NA,NA,NA,NA,NA,NA,NA,NA,NA,NA,NA,NA,NA,NA,NA,NA,NA,NA,50980.9400838984,52140.5996577898,53786.2462000327,53357.003462797,52801.4031054792,52439.4736756048,51375.6032503736,50817.6814942681,46088.3583839153,42154.1020267504,45996.7912346921,39265.7616790568,40507.0672411717,45515.6523389271,46571.0886504627,47303.1947584821
703,"SVK","Slovakia",17528.2431478983,14962.1155726764,13951.9084432838,14163.0137339867,14982.7472163469,15811.9246441708,16744.0673884448,17630.0397577195,18280.0501282626,18174.9801324587,18343.237153675,18914.3903304531,19757.0677888993,20730.2494799351,21851.9549601873,23266.7570493442,25342.3099268358,28075.8072794998,29556.2617975695,27891.8969419418,29758.1740140117,30481.377866428,30907.039248956,31090.9880191144,31901.9424982701,33521.5954764976,34130.5050676203,35057.2223763167,36430.7941704195,37209.5332553074,36216.4002110814,38346.0935768176,38664.9076949852,39518.2209359245,40319.0547230873
705,"SVN","Slovenia",25345.0480419604,23074.6686073269,21845.9628529312,22520.738313268,23747.9865664018,24718.0238296539,25454.1256098665,26806.4627835709,27688.0929526812,29125.8913263147,30055.5726465545,30857.1122043437,31830.5553226686,32827.7514419462,34298.1277435263,35558.3777419198,37539.459301666,39995.2052938397,41278.6090856342,37802.0880186755,38056.1815241775,38226.1255489903,37033.7667541886,36678.8746642096,37655.1979898073,38527.4222549683,39667.4579830072,41692.836279788,43361.094447431,44569.5878416535,42463.5635346195,45914.0572392406,47050.0676441641,47977.426811765,48673.526062426
90,"SLB","Solomon Islands",2352.3992103107,2418.36579584292,2644.50052422748,2669.67595845149,2802.232512019,2996.2716235345,2957.81917928088,2848.31969373435,2805.26621865939,2717.52715749124,2276.82191920056,2055.27436724543,1960.42387516654,2050.30870033396,2168.50586845627,2287.27362263513,2340.65153178621,2384.31783066087,2489.78306207697,2514.89101043351,2682.28532344353,2777.47851512924,2743.45849913875,2783.59190841229,2716.4220021784,2664.72477884762,2715.23362293936,2703.66346303886,2686.11900111375,2661.61667922253,2515.14143211528,2449.87009821452,2330.10309195409,2339.57493302804,2353.24808229243
706,"SOM","Somalia",NA,837.267022795071,803.787078571713,812.557291159158,634.727734128934,636.662071307673,663.351131548354,648.017163551169,662.674857185695,682.979123343567,702.850071117612,723.379732950511,749.913550912114,777.884552733299,803.059780580571,830.807245939909,857.993655901941,887.369352235789,919.132083452824,956.220325392408,995.225555512318,1054.36214979106,1114.80414892809,1197.72166459747,1259.27432882614,1343.92517439606,1384.15517410135,1527.66029071672,1504.97908203481,1491.29493918405,1396.05544674977,1392.31782053371,1387.54753732191,1401.64735228455,1409.33492233283
710,"ZAF","South Africa",10811.1515328296,10459.3559818564,10053.6101212292,9976.96506458373,10130.8058233004,10318.8385984353,10623.8603593151,10770.2779624828,10693.6882326622,10831.6589617949,11183.825503143,11387.492366782,11697.5657261687,11923.1211013633,12341.2102655828,12861.5633089114,13444.2332126058,14016.2444716386,14297.6887802632,13910.7017093394,14164.9958363115,14434.2611456048,14563.7624041032,14681.096638957,14643.3384782936,14541.6748613669,14501.2807823402,14573.5980840004,14553.5615668957,14352.6698709871,13250.5666594456,13681.9548144813,13767.4967589936,13695.3755694076,13597.6538495998
410,"KOR","South Korea",14377.8839203268,15784.4668669974,16613.4907015983,17595.9036148432,19052.2990926264,20697.8969808344,22139.7963785413,23311.042090174,22000.3387603516,24382.250851737,26404.1588575746,27440.6564915847,29395.2766036796,30142.4605585813,31579.5283048866,32886.0472450742,34429.6222013138,36257.3401689701,37064.1518484106,37176.1939270968,39574.0500732946,40719.227377167,41537.6728611118,42709.9751857886,43806.925098566,44849.1067670889,46088.2430785383,47536.7898568852,48834.4471157733,49790.8679884822,49374.0926148026,51718.2518656631,53228.6035655365,54029.3434990784,55070.9386194122
728,"SSD","South Sudan",NA,NA,NA,NA,NA,NA,NA,NA,NA,NA,NA,NA,NA,NA,NA,NA,NA,NA,NA,NA,NA,2771.09926286593,1316.79085808102,1614.32302317216,1629.41263973574,1644.28789640693,1462.17666650717,1454.08722708894,1441.99510147391,1412.41974203969,1286.76001680451,1334.50453314017,1247.43996621324,1232.93795235335,875.558067507507
724,"ESP","Spain",31773.2267420042,32499.3481371901,32641.0827199361,32137.3138437728,32746.9287826598,33501.7314182929,34232.3786868603,35312.0862854389,36679.0942334698,38141.3168786889,39945.8971298178,41224.2924057393,41766.037818879,42223.1301745219,42793.3902326006,43570.7652574033,44572.6815459931,45301.2843416374,44926.3489518121,42852.2208884539,42695.5274189932,42271.8346788237,41034.0481566357,40594.9140087679,41339.4111169417,43053.761430314,44274.6676149923,45446.2508575695,46325.209944114,46896.4171141423,41553.4477945676,44251.6658222621,46733.4809780536,47327.1137663169,48501.698046584
144,"LKA","Sri Lanka",4561.57913261439,4735.81940023678,4866.23941153137,5114.43630396951,5322.72963127148,5523.31225393965,5624.02393650601,5871.72297557266,6032.62212630499,6176.23548455948,6428.61341890465,6230.03051864853,6409.86278893445,6741.01248849424,7059.9109806857,7452.74234124516,7970.66491021044,8454.20675333259,8897.82686006864,9156.31906483165,9832.18622338642,10618.4926000405,11447.6937738135,12249.7223348096,12909.9663068885,13329.7793438948,13845.6146782368,14572.4858214565,14759.8248945765,14637.44429132,13886.6513728651,14316.1352225683,13249.065064602,13024.9404319855,13752.836740386
670,"VCT","St. Vincent and the Grenadines",7467.37874657239,7524.58477815963,7984.07959662087,8306.77527139188,8189.84362711098,8815.84871825748,8923.70555514299,9234.69888368761,9609.10378620498,9853.34736551964,9999.05879203681,10177.8094583896,10736.0878714164,11475.3312414531,11979.907294501,12320.0710011077,13233.4068930431,13732.3622591496,13850.3936790063,13723.7838252622,13175.7230154228,13168.8964291743,13397.96329827,13804.1837951887,14040.2460690452,14508.8609465459,15197.7482513351,15533.2212821544,16139.0661084965,16365.3255785124,15763.7054382539,16200.8994597845,16835.023514541,17858.2446468702,18714.198849353
275,"PSE","State of Palestine",NA,NA,NA,NA,3966.68875052152,4062.96290335876,3932.22694732853,4311.53876740635,4805.19156878643,5071.82121719041,4520.88992531976,3996.50878001821,3409.172874227,3788.92652721127,4503.08034061408,4885.07252184444,4714.37331793341,4769.52328096801,4984.80579890695,5270.6633164322,5432.24363072521,5805.32115329252,6009.10925822043,6142.2020434259,5990.42661523777,6072.6503176855,6464.1335253737,6426.79521615334,6342.93748008521,6269.89134527984,5423.68254653125,5663.12160743585,5753.08395899308,5361.13098084938,3845.50297375419
729,"SDN","Sudan",2989.46599821158,3149.75332233353,3290.07445564024,3364.3439722141,3313.62969392885,3422.92065101449,3545.14932378439,4101.97113462578,4172.10856268663,4195.12901294814,4351.30210179581,4520.39401147055,4675.18824135649,4858.28453854536,4997.61306097199,5160.45625596943,5372.06691723337,5546.3835533557,5612.44857510384,5307.91300929662,5381.12553528292,5103.51983575405,4145.93154214732,4130.48606219082,4207.50025908321,4159.19411059138,4174.56109820935,4061.01826503734,3816.65982570068,3625.52319295001,3401.24970734599,3248.97553310861,3132.07724975102,2181.07919946653,1861.39791396003
740,"SUR","Suriname",17137.6509700556,17493.4962257426,17455.1256454322,16217.1660347103,16648.5345258933,16368.311360582,16184.4999295065,16754.3511427064,16789.7549005356,16217.5173031438,16220.1790603262,16556.9440609927,16678.0718706582,17383.5015505612,18585.5170864176,19220.2839696606,20113.6707547695,20902.1391589278,21515.8119551093,21906.4105447499,22772.4754543689,23829.5332856393,24193.8412373922,24624.0219854601,24414.3554759733,23327.5252497446,21950.4122148626,22070.5137570835,22938.5353715546,22966.7405999125,19091.3617184226,18458.234999681,18742.5873760368,19020.8663908707,19179.1018321639
752,"SWE","Sweden",40549.3075177598,39812.3177083366,39120.9249133997,38090.9458960736,39340.0016622619,40736.4273400135,41364.9857254278,42608.4136690457,44392.8449919299,46221.8079937232,48284.8001841044,48810.644590655,49760.2161636005,50507.9330738642,52412.4112758731,53661.3178643623,55855.4978279347,57230.7901610157,56262.4700751994,53411.2005853182,56003.270471551,57340.5039813247,56682.0187013753,56843.1649263734,57574.0500485265,59468.3538687626,59977.3886010694,60288.7998168676,60647.4495285859,61601.6292338778,59975.3644061896,62731.7006162931,63088.4236678734,62662.765279776,62978.9390459835
756,"CHE","Switzerland",64010.7585544032,62636.7741067256,61922.8908444332,61284.2042587758,61569.5965405613,61453.6297020666,61471.1689633393,62709.9871171841,64418.3857592839,65177.8822005074,67378.3901472877,68008.3441852855,67446.4044310267,66926.167976443,68263.4411390818,69692.5954827493,72077.8598470308,74234.3010991931,75355.2024887891,72709.8138293408,74290.2619629279,74800.8886353533,74883.6158924249,75354.1550500883,76189.6018443969,76566.0772542147,77301.2124304858,77626.902737694,79261.3563641289,79596.7029465098,77324.8870934007,81001.4111206117,82777.293582076,82302.0491822579,82026.4087304591
760,"SYR","Syria",5828.40551611713,6081.0890710389,6662.24314240165,6861.79504697602,7142.95380147317,7431.35421014797,7943.44060493442,8126.36577647131,8456.78287525054,7951.39014713748,7807.92995548744,7698.3969367866,7811.81601910972,8177.54506854395,8528.65604597152,8828.94590461522,8885.80539630373,8829.30906367425,8903.77225264132,9284.10162126588,9546.56048805398,9648.82426718362,7144.37244952744,5530.97472757033,5301.62535257942,5302.07413721495,5022.1127178437,4977.79210063798,4956.09296464776,4825.40602053761,4633.34951847728,4592.83860100874,4454.85373271464,NA,NA
158,"TWN","Taiwan",17158.4512109289,18449.8242672261,19782.7830547246,20951.68497702,22357.7310161749,23613.0161297442,24927.1495694761,26300.6079016443,27304.6550877173,29034.9064523741,30758.440317255,30185.4033584511,31728.3332495419,32955.3085066302,35119.8033190688,36943.2683080111,38969.0593996478,41475.9631387667,41703.5045791149,40925.5047068042,45007.0479734352,46565.0505202638,47536.614973573,48679.8261480046,50946.6633725421,51662.4866850625,52747.4813868217,54646.5654595898,56201.0392198263,57883.9020948695,66358.2388145751,70265.0045712144,71427.1903780067,71615.6840806466,74526.0121645433
762,"TJK","Tajikistan",4173.04607982249,3777.10750632184,2630.38658066186,2169.96747353927,1678.33851733918,1439.50277584065,1175.79407235242,1181.28110133633,1236.67552895556,1275.82249026045,1365.23327447129,1467.39882474638,1594.93890470218,1736.64039749855,1878.28696227255,1965.30020458257,2063.288508243,2181.89798056536,2308.09430040334,2349.50030269416,2449.27358745359,2572.48074895498,2700.09546037359,2828.38542075147,2943.08867917316,3041.44479553256,3169.9667820524,3312.71202243506,3479.69235966041,3649.88375518646,3724.7489591466,3985.91247611218,4213.75618362686,4472.3241378777,4755.93296704719
834,"TZA","Tanzania",1744.45684893095,1736.03899882101,1703.11913972277,1670.41729889265,1632.65985541916,1638.56669352289,1681.9045134972,1706.33020619042,1723.63053391595,1759.70813956062,1787.73326313668,1845.72095794172,1926.13256967499,2001.02090527068,2093.59155701817,2188.52980553707,2267.10057647273,2353.91873863949,2421.43197356174,2486.90636150136,2578.04997424435,2699.2004853853,2740.59357494867,2839.54623404135,2938.78253559879,3019.70883571949,3118.97191641092,3219.40206137978,3291.04310326116,3379.67248437767,3345.35272224393,3386.73701003191,3438.41489287028,3509.37389759739,3598.38499948012
764,"THA","Thailand",8701.95436053256,9294.03106255394,9886.89982869121,10538.8163895497,11215.0366594606,11953.920382867,12456.3290857417,11952.8491238372,10897.1533831339,11253.3874955905,11622.5250278537,11901.3182104659,12512.1831324963,13287.3048987459,13997.0013867292,14458.2551810695,15051.0606748719,15742.6552891781,15891.7823409886,15665.9031153449,16730.3697884489,16766.3477057884,17869.6376607459,18242.4256715363,18324.6144674875,18811.9975100064,19370.6087810117,20094.6778762604,20879.9027821448,21277.8392684764,19957.257140917,20242.7700035656,20762.7952598526,21191.4540309274,21740.5403219261
626,"TLS","Timor-Leste",2143.79198485791,2318.79430546513,2493.90862041689,2674.399260003,2786.67628339254,2891.86465034636,3038.23043686518,3073.97043709665,2931.48088622558,2136.64950009542,3783.78349040621,4038.33583266949,3480.98860481919,3264.94649227444,3234.97572893372,3263.94469592966,3038.95253397882,3256.56973696199,3530.88221940661,3792.3582606223,4047.24946392086,4189.79980348341,4297.91482204399,4340.27851790544,4445.3594272103,4467.80011988176,4515.4226379882,4290.02726532165,4188.84115175127,5103.14962872555,6594.88175503901,6825.04588630745,5348.49200064987,4331.07806144305,3890.95763434186
768,"TGO","Togo",2237.59984450159,2158.8791103229,2015.13566927499,1721.57369094046,1972.24744911805,2036.38159822696,2135.45581609458,2366.40275146204,2247.34887088094,2238.93514971661,2160.98936671987,2122.08047449582,2147.97438337226,2234.97722230531,2157.0275199146,2004.25858232154,2000.54176015054,1920.26928670654,1941.15486668393,1989.82990346964,2049.78055930204,2111.47483429917,2186.30951971436,2254.98838359616,2322.40408294543,2388.42609861568,2427.30036226402,2462.27744935269,2517.34898693009,2577.51616831373,2570.48315208534,2638.81095267963,2739.68813234711,2842.23076240747,2960.77542569108
776,"TON","Tonga",4487.81921860299,4766.38831308568,4772.33111247153,4946.71766246431,5188.439551955,5508.33934627723,5510.7084261902,5455.90517573817,5541.68325773841,5632.722523966,5808.26509143352,5860.08077786935,6085.11323193626,6053.8798660639,5900.45741291393,5828.37054398017,5670.9141842869,5506.65177833752,5758.56828665219,5453.87514548883,5488.75040326595,5847.44389420769,5907.26711603507,5951.69432111239,6096.86914784745,6194.63923003717,6639.13678737964,6862.66870605025,6885.10271620406,6858.83871210154,6980.41011734068,6929.17669288438,6810.60970632543,7030.41917439714,6427.57644271401
780,"TTO","Trinidad and Tobago",11869.5287266317,12142.348150297,13267.9770581706,13088.7073855168,13472.7464155031,13912.3133299044,14838.9026529676,15895.2438763164,17129.0911444686,18440.5741312907,19637.5545410721,20366.753132212,21876.8529070403,24910.823196152,26757.9075601429,29536.4394101096,33348.7507470885,34793.6457521105,35825.3333456362,34212.2683057008,35145.1253639062,34769.7620251376,36903.6898574094,37994.0686480473,39248.6570516023,38963.9641783011,35914.9901970983,34095.9899256152,33710.0178540008,33748.7060849924,30720.8876936042,30482.1201798631,30784.1112580356,31196.603554718,31960.1568888983
788,"TUN","Tunisia",6742.58426420552,6859.73427153776,7241.29105894739,7253.33614579881,7350.65600471495,7406.23900930843,7821.79219107359,8136.3376111408,8417.98493264684,8821.98791288257,9134.41506327005,9380.56317617024,9407.55676671593,9752.02442335824,10263.8055422409,10529.1598956845,10983.9221903991,11613.9247511429,11990.1962371715,12229.7752536692,12458.2710366551,12068.7136257667,12436.3958115735,12587.9950645596,12824.0028914441,12802.7917211433,12803.8797371543,12955.4014814241,13163.1952230356,13243.9024233246,11955.5983698479,12444.3264026887,12712.22345453,12650.9615158166,12774.9158568021
792,"TUR","Turkiye",12184.1995945303,12057.9354360192,12451.0451201156,13174.4671161888,12343.0041851308,13099.2575267612,13826.9201097072,14631.2958814739,14704.3385744207,14066.1896257233,14856.914625257,13872.1287284566,14587.894621656,15255.7177960689,16583.8837094062,17902.5966004486,18972.0089563633,19909.083519675,19839.5845462269,18612.1925231905,19897.4464836887,21760.4291923634,22517.7148287875,24117.3121099839,24888.8521742576,25984.8027306177,26489.6436816046,28194.688309381,28780.3036458152,28741.0535082701,28976.7179161611,32105.5474400506,33520.8111384208,35069.1701714684,36154.490436557
795,"TKM","Turkmenistan",7925.49803469939,7373.58419213153,6128.91556148756,6085.52554995969,4929.73395133334,4493.42793310682,4712.83357844038,4105.36902304428,4323.30168204311,4945.08541988288,5112.52948147351,5228.8032928649,5138.87117760604,5203.85438131761,5360.22429910532,5945.95239804804,6476.8280570055,7060.14844993044,7944.99590073107,8264.86534322735,8842.33283585112,9929.68934634645,10794.2335233663,11633.2905987757,12544.3983464061,13057.8303253557,13552.8477118745,14107.6671199289,14648.135352725,15231.3056176566,15791.1775857601,16434.1399060353,17119.5744946142,17866.4041809169,18662.2987990561
796,"TCA","Turks and Caicos Islands",NA,NA,NA,NA,NA,NA,NA,NA,NA,NA,NA,NA,NA,NA,NA,NA,NA,21878.8206013071,22689.3160133769,17512.1977777876,17000.2227766463,17147.424764127,16024.6915652254,15461.873511271,16138.8487604249,17201.7720345933,17625.7202843515,29540.3537473152,30286.1196112151,30611.2130237381,19702.5368196855,25056.4880515569,28209.6242536079,31839.3705381969,33390.5267148058
798,"TUV","Tuvalu",2984.28555148916,3046.97157558263,3093.82679444063,3189.94908833217,3487.03357118243,3286.46905770089,3070.03942239318,3356.30705964116,3855.65481440805,3777.37177229784,3721.89947875243,3705.59238735794,4042.90117614992,3838.40364328539,3704.92725890715,3488.53634577402,3532.39942573719,3737.8786751003,3933.37396710875,3638.18761780626,3506.0602338093,3687.43927331262,3558.15237041254,3690.24204295331,3695.95345179619,4088.76579910847,4333.24899362162,4464.25884629937,4575.86900510423,5292.03025969422,5154.45957834015,5352.97862537897,5498.18455447209,5812.39924537753,5281.21346449658
800,"UGA","Uganda",1080.03830980398,1103.22897278835,1102.72992145701,1153.99369070318,1187.36780541734,1288.50886674348,1367.94573764936,1396.63106915218,1422.20789184705,1487.75796178874,1487.00498853512,1516.96423755695,1598.5828380849,1649.1482601448,1709.36159216857,1765.03788457066,1898.97915280478,1999.0624896434,2110.10049271503,2188.29916246328,2244.60595194584,2384.4653273154,2405.09455932767,2420.88808087266,2470.50380909598,2520.0201028843,2554.22769062073,2543.84754394957,2613.87976413964,2689.41009144919,2678.00907202292,2684.92035939742,2724.90609568408,2791.05576885862,2879.67009290376
804,"UKR","Ukraine",22815.7983105442,20784.1603975591,18671.8739395464,16012.3719384992,12410.5256680873,10983.008764533,9969.50131221538,9754.04965428344,9646.05428128076,9704.44534335235,10364.0623943233,11379.3857934299,12092.7894269859,13342.8802178138,15021.0662722788,15610.573402079,16901.5072913159,18374.0129324628,18883.9862970652,16092.7962394521,16811.7942796848,17783.9574192304,17848.7395874541,17889.0920292878,16140.0914109404,14622.3550514196,15034.4715868939,15450.5152341185,16069.8179368173,16676.7272547786,16150.5492226912,16850.8693983706,12955.2304163201,14873.7753436085,15255.6680047617
784,"ARE","United Arab Emirates",111377.046890183,106266.19369358,104206.754890763,100422.631522038,102456.104720073,104527.92304577,103653.473060887,103392.439957977,96088.4925317356,92047.594582349,95390.7013642318,90750.3469329386,87479.2448897116,89828.5553958321,93166.1449767722,92750.9148604289,94872.5391985502,87180.6059048658,80285.1852028706,71488.9909603622,70913.7780395081,73190.3973792075,73644.0532143257,74237.2214478496,74145.1093706462,75238.5539913477,75671.0564378596,72529.0571050174,72671.0652349751,72822.969940695,66808.6477560191,68580.1485423483,70075.6300053372,70239.8552855072,70402.9829818257
826,"GBR","United Kingdom",32977.5008682241,32450.9960143301,32782.4273936749,33845.3789091358,35431.4995207613,36586.4745991489,37447.681092275,39174.0820031264,40328.1146964268,41377.4100254741,43095.2866230615,43956.2758153232,44518.5947421932,45737.721544069,46535.8541854295,47507.0003507177,48191.6097673843,49219.1680604482,48809.054055342,46218.928411979,46894.5450236809,46925.5353350228,47304.4289953145,47796.1325927208,48939.4356906587,49627.4102696389,50321.0433632117,51559.9092618082,52104.2989787965,52487.7244981368,47133.4407489352,50976.3773786759,53109.6056756151,52563.158214645,52591.3006087832
840,"USA","United States of America",44074.1760246454,43454.5356164849,44373.9715126183,45007.8693230314,46252.998518125,46941.5725145777,48142.7608454357,49684.9872026948,51318.8822763477,53169.0521932315,54726.8507048192,54738.164948384,55177.520700522,56226.4312095515,57884.7476914033,59330.4053410604,60386.5688956564,61010.1608396617,60507.0702126006,58446.8505176514,59510.7508252431,59965.7186083533,60849.3791112697,61668.8500579993,62721.5734012418,64053.5950587288,64712.0749988147,65840.3168937281,67395.1397209961,68779.6737885485,67016.9056271279,70945.6761267108,72325.5295754811,73784.5821803862,75117.9071913371
858,"URY","Uruguay",14060.8454762218,14474.7327106176,15536.4872092796,15865.2775154336,16932.0284550546,16600.0391885929,17433.6932851628,18823.9419170645,19577.7899664695,19192.7175685083,18752.0578112966,17986.9007596433,16572.7881760134,16694.4389231595,17519.3796251133,18811.3195971021,19560.0817556405,20803.893182056,22249.3835165533,23138.0820687014,24879.8350192618,26099.3215293803,26953.2811065384,28119.4833341404,28935.0974409271,28941.6294107011,29332.5672615247,29762.4333171686,29757.9388543782,30010.5742615797,27788.1854968153,29431.8850087471,30804.7032775798,31059.2537072461,32038.7727288226
860,"UZB","Uzbekistan",4214.58399747196,4094.22736556456,3547.3114038795,3386.46207695592,3142.43287962994,3052.41881077596,3046.56376344753,3150.0853013379,3234.35751357407,3326.4252682467,3410.65044991898,3509.72863761694,3604.69346202514,3711.77853054423,3939.53039814878,4160.95512970703,4413.72281227267,4764.56391427529,5115.64391465593,5439.55068123847,5760.80511957793,6100.25100998283,6435.56467226427,6797.77494784495,7145.10980664153,7529.7636427418,7839.97820100236,8047.05375469467,8348.96057873127,8755.12593984948,8727.41104939223,9247.64382703929,9607.56167273449,10007.685502618,10450.2051402852
548,"VUT","Vanuatu",3101.68055101098,3120.69378889379,3122.88933397766,3069.80583421676,3269.62833082984,3226.91509128028,3229.10220217595,3315.48137240776,3285.13835226801,3228.59180513043,3342.16726611558,3148.33464010842,2911.04134701793,2962.03107292132,3005.79726389788,3089.43704035765,3270.70237527621,3283.36553319499,3381.38564426088,3396.73599458141,3359.84954476432,3390.96103912602,3350.77088958974,3292.23424552549,3302.29177948687,3357.63888534014,3397.76730446483,3465.91968561101,3482.02272525905,3512.07197251664,3259.99543753198,3135.83664945678,3222.83595459345,3214.70244012122,3172.04772751392
862,"VEN","Venezuela",NA,NA,NA,NA,NA,NA,NA,NA,NA,NA,NA,NA,NA,NA,NA,NA,NA,NA,NA,NA,NA,NA,NA,NA,NA,NA,NA,NA,NA,NA,NA,NA,NA,NA,NA
704,"VNM","Viet Nam",2467.96460080463,2560.84383496164,2726.47373748487,2890.42431737761,3089.6093372563,3328.21486039558,3584.02898335147,3820.30249485434,3982.95805965603,4119.05367208231,4349.22348751462,4570.26846577386,4809.62151118535,5090.28990869884,5421.09702829121,5776.36304451268,6098.24495436513,6418.54381402878,6659.13561432066,6914.33863589545,7274.73310698016,7652.61895672271,7979.86828926858,8324.19871250047,8751.88280634375,9248.02396069622,9743.1882231455,10290.5487142244,10936.8937859557,11628.6139147451,11851.3965685649,12048.9019935536,12979.7639049934,13545.9346616752,14415.2159532813
876,"WLF","Wallis and Futuna Islands",NA,NA,NA,NA,NA,NA,NA,NA,NA,NA,NA,NA,NA,NA,NA,NA,NA,NA,NA,NA,NA,NA,NA,NA,NA,NA,NA,NA,NA,NA,NA,NA,NA,NA,NA
732,"ESH","Western Sahara",NA,NA,NA,NA,NA,NA,NA,NA,NA,NA,NA,NA,NA,NA,NA,NA,NA,NA,NA,NA,NA,NA,NA,NA,NA,NA,NA,NA,NA,NA,NA,NA,NA,NA,NA
887,"YEM","Yemen",3144.85848529806,3217.15051731204,3351.30617843486,3356.7965436281,3452.61055326978,3519.57308320816,3560.79182853294,3629.50395809292,3728.19134792327,3750.33596813295,3861.49700498922,3889.07727782022,3923.97538098645,3953.14118373484,3991.35424844453,4086.03165297342,4080.75079550334,4082.59750928606,4097.74288198232,4122.24741795161,4302.5812352597,3642.708107573,3618.27411515104,3679.02534797335,3561.12651992379,2487.42370572638,2187.55701816762,2014.98458193928,1970.93009723557,1953.50191815458,1736.82664386045,1672.91447372858,1649.91062278161,1568.97049071719,1500.03382117471
894,"ZMB","Zambia",2425.11128678382,2364.86234039957,2268.49812195378,2365.62953630778,2110.5832556481,2119.95642928697,2197.19564925242,2223.45745445731,2157.57339335668,2198.18912998647,2220.5653712714,2268.96965564597,2299.33289188114,2383.87611741089,2471.72073328685,2564.47560965911,2673.46151928529,2796.3529332184,2908.14362510668,3065.84420108998,3266.50749293829,3335.64339500657,3474.55252844092,3535.22449043144,3585.57748507131,3576.92544834125,3598.1716602339,3612.50597664592,3646.95966481655,3591.56418883108,3391.59541156095,3503.03491418372,3585.12379084346,3673.4841969922,3708.06904295647
716,"ZWE","Zimbabwe",6082.84245095319,6254.27473513148,5532.03740345062,5509.08311256631,6010.74241746159,5964.58938046431,6474.16018296527,6524.06265782806,6582.34841934183,6423.70886833195,6170.33390832202,6217.41179425199,5610.19146861437,4601.6607468251,4287.59829196083,4004.66443720946,3819.2334285389,3631.53761566256,2954.09932377926,3299.41379594873,3885.39378454343,4358.9258264931,5003.48706186748,5031.68744400391,5081.11240399225,5102.71432347607,5070.40217016051,5234.3838655748,5415.46976371689,4993.84383894752,4527.71988082724,4827.0886936086,5036.76136109488,5218.02266462128,5215.25301075742
