"code","iso","country","HFD.raw.1990","HFD.raw.1991","HFD.raw.1992","HFD.raw.1993","HFD.raw.1994","HFD.raw.1995","HFD.raw.1996","HFD.raw.1997","HFD.raw.1998","HFD.raw.1999","HFD.raw.2000","HFD.raw.2001","HFD.raw.2002","HFD.raw.2003","HFD.raw.2004","HFD.raw.2005","HFD.raw.2006","HFD.raw.2007","HFD.raw.2008","HFD.raw.2009","HFD.raw.2010","HFD.raw.2011","HFD.raw.2012","HFD.raw.2013","HFD.raw.2014","HFD.raw.2015","HFD.raw.2016","HFD.raw.2017","HFD.raw.2018","HFD.raw.2019","HFD.raw.2020","HFD.raw.2021","HFD.raw.2022","HFD.raw.2023"
4,"AFG","Afghanistan",9809.78246292156,9689.43917519214,9606.53630735962,9628.66431003924,9550.53427509181,9506.73473000054,9384.96095869794,9286.87067730814,9144.97015947605,9177.35484633305,9143.19612897812,9085.09513902075,8772.64110981632,8812.52649161581,8788.6751417942,8603.9969019942,8350.69917390425,8085.48780739118,7820.01103190637,7575.74227482177,7351.775381738,7242.36877454349,7113.65903945856,6968.80035498609,6865.42548915391,6731.12331668072,6588.76630637378,6413.80863989413,6289.20227743627,6112.9406177239,5880.55402496847,6050.59600654872,5764.6600050701,5708.33197163225
8,"ALB","Albania",4189.73307066124,4177.51403957378,4063.99892088754,3921.53079533486,3763.08082512649,3658.10527673656,3568.41846615026,3410.10662564078,3219.00951847443,3055.27138828977,2930.82706129928,2782.23404788211,2671.8547789794,2561.83148639487,2402.57725973968,2227.293295349,2013.95192968505,1792.32059861723,1618.75178786712,1455.12348078759,1318.39647730674,1201.37445143155,1094.3013722402,997.82019114272,911.76398810151,839.16616190868,775.17669748467,721.5896335431,667.22072346451,618.85874450312,551.52982350441,504.48207387781,464.36962032015,321.9118633439
12,"DZA","Algeria",322.68320117151,300.18482813285,278.89211492685,258.50678725007,237.89053333974,218.32539802168,198.59418738212,178.22518468472,158.14214810443,139.00799537359,121.31855548173,104.4420536066,88.07109224352,73.16412580262,60.12202089887,49.51392185284,40.99351837179,33.47739178911,26.96197437295,21.75862794896,18.12276017349,15.52036458397,13.36535148866,11.52144568191,10.11660671845,9.03528430207,8.09232593783,7.34587030755,6.71729882665,6.13659915774,5.41627758635,4.85333064416,4.48620481245,1.06295340653
20,"AND","Andorra",14.56899849914,12.98743995363,11.63415500409,10.49361941692,9.63408956667,9.15412744241,8.93914716468,8.84625509526,8.81492023812,8.75365726279,8.62177724592,8.20460081069,7.74502383578,7.20674435247,6.7123812889,6.27803034516,5.94010321468,5.63324719927,5.37339889498,5.1370927083,4.92042481356,4.68568674315,4.44592640773,4.20539363748,3.96422928512,3.74018034907,3.48373921735,3.17965549163,2.87923694765,2.62695690534,2.42977157236,2.45879830063,2.59993170585,2.05801443479
24,"AGO","Angola",7072.38194422544,6969.21053818037,6856.21241829702,6808.80519949429,6750.25435903474,6557.54547212458,6179.15045078208,5947.4269984665,5952.78648599556,5850.57049925165,5691.6833509683,5520.03724920174,5348.19959980131,5141.88893837958,5006.37345512714,4788.66188071012,4666.12706333856,4443.75202509789,4246.81414320977,4021.77671593071,3820.15609386549,3601.92106603752,3365.08490395767,3152.8733707398,2952.25197964674,2806.21005306309,2663.77575358679,2558.41643917801,2464.53692160238,2390.08111522085,2248.99566624198,2140.63238765547,2139.79982280816,2006.03605169687
660,"AIA","Anguilla",NA,NA,NA,NA,NA,NA,NA,NA,NA,NA,NA,NA,NA,NA,NA,NA,NA,NA,NA,NA,NA,NA,NA,NA,NA,NA,NA,NA,NA,NA,NA,NA,NA,NA
28,"ATG","Antigua and Barbuda",119.04254784247,104.92529843838,92.21131142643,81.51074168541,71.73773141456,65.58150595917,60.11152360309,55.27762383392,50.6516115402,46.25850789977,41.81093615018,39.67587510771,37.15026445611,35.40457447223,33.5198466804,31.74417803779,28.97744273626,26.19209738762,23.77595663549,21.35198551314,19.78262826937,18.83786855175,18.02787680404,17.55925372862,16.95835924511,16.31541685474,15.54924528785,14.53241359703,13.47613833557,12.41166703114,11.54267030086,10.83035089074,10.28084644116,9.72945270481
32,"ARG","Argentina",334.03925517998,298.24466292578,272.57592487447,244.74524511503,213.21727133551,195.42244992338,172.20262738318,150.96173624919,134.73171044881,119.89700528337,103.40724908535,96.15115765717,91.36792465436,87.6531252744,80.46553717526,73.08726049142,65.36456775157,58.91468320836,48.46334977756,40.67428978437,34.72541418341,29.43062961622,24.51830608851,20.49228531843,16.88311206159,14.5494594722,12.91072387276,10.79782713031,9.20960238271,8.02137423977,7.03796856846,6.77579107712,6.96221396815,1.64309035095
51,"ARM","Armenia",1409.45942888175,1602.91729845863,1807.82095197202,1945.47953745541,1985.74517118794,2011.27364328896,1999.33998658875,1960.59535741418,1922.52222906667,1916.06245092981,1881.98919174445,1794.37920653296,1658.4463144367,1487.68888017169,1297.43903281358,1117.61494582946,963.70382868252,808.89490506394,653.06962200747,523.34527426542,425.77819347488,361.89743009361,308.09781617026,261.37466889453,224.59587157514,193.86869165907,171.44616811752,154.91599454625,137.83578928377,124.20578487397,110.09782590708,95.93584650845,82.75880366916,24.38397519798
533,"ABW","Aruba",NA,NA,NA,NA,NA,NA,NA,NA,NA,NA,NA,NA,NA,NA,NA,NA,NA,NA,NA,NA,NA,NA,NA,NA,NA,NA,NA,NA,NA,NA,NA,NA,NA,NA
36,"AUS","Australia",15.74425422052,13.82746781584,12.47004745975,11.03406742342,10.03466771386,9.11604842484,8.43932479288,7.68857074397,6.99231871981,6.40953238216,5.97477355031,5.71292438357,5.587732023,5.45799898104,5.34491100028,5.13286131679,4.94228136553,4.8036440643,4.64482077895,4.38457375833,4.18761664764,4.02622938398,3.79818387206,3.59959784652,3.48565297231,3.35165001753,3.21797541775,3.11305135261,3.00040321133,2.91200144843,2.67630098572,2.40811570885,1.98849444881,2.23291527321
40,"AUT","Austria",12.87204728323,12.05343731083,11.12967924464,10.34349653276,9.6676948624,9.29596292396,9.1169661755,8.98683208405,9.00802847459,9.08747204902,8.99706006894,9.10512658706,9.53603106746,10.00774959545,10.30395637472,10.58266078387,10.79669187112,10.96220087655,11.1080259308,11.32639665314,11.16880510691,10.7467124628,10.36188583633,9.88056500938,9.31354277732,9.05487955983,8.56213344561,8.1104898292,7.67515707045,7.18172507089,6.85102613292,6.59175739143,6.58134029445,6.18813014232
31,"AZE","Azerbaijan",2970.71679736022,3267.98487567114,3600.2356228714,3907.00752778671,4042.44430368727,4059.43987706373,3915.2954693119,3745.45954606228,3605.38729980524,3486.04048444377,3360.00136633788,3166.51081126373,2953.50967716356,2716.57034449483,2446.13743053519,2183.79190541427,1866.54885279648,1479.78376780668,1122.45415817949,835.23043061219,654.0506881029,550.86547140028,459.84235376186,385.99904582623,333.28600205583,302.04179848374,288.49882089886,276.19533848438,263.99024321103,258.76619825311,253.62526144238,236.14783312226,218.13930816544,96.0333253169
44,"BHS","Bahamas",30.52797530789,28.95937667303,27.45786199657,26.00478984041,24.79683445648,24.09544490016,23.557542763,22.4592219756,21.69960950738,21.29101235262,20.71710828786,20.30805065428,19.74672772974,19.90488904651,20.04663513312,19.70959131024,18.59880688817,16.88380869851,15.41367357009,13.99320859757,12.82958624273,11.94548013582,11.11657599108,10.39130992657,9.99571485058,9.53835489739,9.09742342205,8.57336579646,8.09077350676,7.87348073269,7.52010786678,7.88682959236,7.1806201538,5.74612339309
48,"BHR","Bahrain",83.0226008011,76.29125742674,70.65438106569,64.7928501908,59.56599421208,56.16100010017,52.55984159167,49.10857194705,45.16946130051,41.1861273769,38.54745435309,36.55675280621,35.79802739037,35.48678599725,34.69558577539,33.65967846884,32.23922307542,30.76286112103,29.05829583966,27.33681607125,26.12237034018,24.55044839888,22.47342798242,19.85591621079,17.48008994943,16.48150301051,15.34535322953,14.24673167781,13.38882270523,12.47574103318,11.50312838933,10.07523112495,8.18400608883,8.7524667167
50,"BGD","Bangladesh",8666.90408110633,8842.03127925041,8537.00948630023,8411.82838501685,8281.36841966607,8181.5498710522,8075.24342886134,7922.98503044886,7795.67133004911,7718.88466313375,7593.948049351,7494.20455236268,7440.85006609967,7381.52074561782,7266.44922878078,7210.58399160384,7134.93976688692,7023.39541411034,6819.58470425926,6703.00301386979,6601.66816584374,6465.77485520887,6385.94394806229,6251.7915522672,6120.20785486749,5920.52448830366,5751.9349621815,5551.41349772871,5377.75213308356,5146.33855121422,4740.54946282719,4680.79719280873,4715.46241849756,4733.59148674038
52,"BRB","Barbados",7.75832601331,7.43787597765,7.12263675214,6.69200570444,6.37529806738,5.97727888344,5.52386797719,4.99079442947,4.32683881394,3.8277225775,3.52899992134,3.23545097753,3.02483344708,2.89484286359,2.70951667957,2.56309414745,2.46523573547,2.39204969721,2.29348423073,2.17229158961,2.0818714151,2.0342072103,1.95433604285,1.92364292279,1.90479863954,1.88220972618,1.85050677779,1.80654803605,1.75980728757,1.71763122953,1.67258304516,1.62738700101,1.58838139697,1.53926956909
112,"BLR","Belarus",248.11087863549,256.8682270977,264.7026511619,279.95012501663,286.37849909525,289.59884198247,288.98432312091,290.74471257261,291.04703328917,287.50891959801,277.83849818098,265.91704778928,248.51032109387,220.95734222082,188.11299719574,160.26561231019,135.63773386833,108.51168390607,83.53062865595,64.23920847247,51.0568729791,41.41551441628,33.5644911677,27.62513071088,23.11042647787,20.11528151911,18.25834706607,16.81251437339,15.76208276087,14.75992163248,13.62346967626,12.68596961465,12.08798479726,4.01952887401
56,"BEL","Belgium",8.20696927376,7.32403387482,6.55811243435,6.02310198231,5.43217013941,5.08795472127,4.8033118071,4.50376328479,4.32791696303,4.16337355563,3.95994440179,3.84697870042,3.91438251521,4.00198894648,4.02022816319,4.09469239269,4.22246960574,4.51895090651,4.86023930636,5.06174176418,5.03076113959,4.8394157128,4.67504641979,4.43234907347,4.12149310226,3.95866292526,3.72095357635,3.45994863894,3.21053888833,2.95911175116,2.75698216591,2.7237570315,2.78437510965,2.58010780272
84,"BLZ","Belize",577.12006741275,545.02525669638,522.75859854314,514.49235063117,515.32699521271,523.59437889402,550.04511034514,589.68129697166,628.17044844585,674.4671546755,713.2289070858,695.51113003772,691.96018242391,705.56739930335,703.29865797348,705.61262798892,697.91889118011,692.93157295249,684.40453869176,690.65422624869,681.63064335284,678.11168993097,659.37783160772,651.28092726218,651.7450717375,650.8411100516,640.24629291588,620.58730685719,593.80151523,565.02912399336,525.94144809654,490.16589495088,477.73651070527,501.91403903534
204,"BEN","Benin",6926.21762032898,6861.61080467153,6726.08718612017,6616.18554408589,6498.08656141884,6356.04185813994,6232.27454756317,6064.6378204107,5938.49108565389,5780.0006766041,5711.52695646519,5484.4398007229,5367.72514817721,5172.95987655342,5009.33475500358,4875.74181996908,4830.81193337247,4728.77777931614,4756.4885809308,4794.34545101001,4813.68078569945,4828.49606495555,4812.71792714506,4701.05711023492,4560.25200859424,4613.23290688509,4445.61781677487,4336.69977052221,4183.65302894906,4103.39750467701,3913.75722829801,3738.15629026402,3775.71124132074,3781.59999220711
60,"BMU","Bermuda",77.82104532828,71.99956469083,66.47708157673,60.94601787856,57.58206469616,55.26996803037,51.5806283798,47.34993939454,44.08816067585,41.76432068215,38.90244453787,35.55416498259,32.0394452972,29.20417172884,27.34653307771,25.35932781996,23.63472656512,21.68326539028,19.36488008695,17.71136550033,16.54408457272,16.1709329072,15.47487247988,14.88132747033,14.41991858978,14.06691619095,13.57451956067,12.90537038181,12.28483241741,11.72696648133,11.19264616364,10.73924777071,9.93369367767,10.21857001122
64,"BTN","Bhutan",4943.93730829753,4928.93614945157,4922.48762999238,4901.44395592935,4782.8821095872,4756.85480770547,4654.83805305181,4631.81546651888,4407.84414684153,4135.15163010375,4098.68787031873,3949.71970553814,3769.50453406762,3631.34523441991,3451.6836089966,3249.5897085098,3029.72371881848,2798.83754534336,2556.19420210464,2313.08581770163,2114.26606299905,1940.40244335746,1773.18883454887,1583.35523481057,1423.68871605413,1277.33287447727,1153.13868593984,1029.71634965572,925.87965881357,837.94256558874,761.3479189349,742.58378275194,740.87178378026,460.91459782645
68,"BOL","Bolivia",3835.81919660188,3677.77313897156,3512.84454136465,3339.78764413641,3164.24285442028,3023.34908768545,2901.16263320385,2778.1979205462,2662.84645819795,2566.14594823348,2472.84895564741,2387.90194024804,2296.83606549701,2212.05840244209,2134.0198063609,2057.75243736038,1989.71384422457,1919.23141592882,1848.48500087347,1775.85612627652,1705.77857730591,1629.11578161282,1540.57142147012,1437.67729739365,1333.33560631409,1238.68392818574,1147.72226302107,1049.37077958007,959.34359593809,876.53650884268,826.79031593588,748.45745626676,691.45748546986,606.9833050461
70,"BIH","Bosnia and Herzegovina",3729.64784509236,3682.4049551897,3576.50770404773,3517.55288646059,3448.82751007904,3419.58880253718,3343.66447238922,3176.21198896359,2967.79139057209,2780.07636953046,2614.4525010884,2469.13057783833,2296.4110947135,2132.16655245959,1986.31485661707,1866.10021501639,1739.99452632585,1630.9370289322,1509.65417009613,1407.5521716871,1313.9570162108,1237.73681782392,1150.5930860065,1077.66119159621,1017.12157467759,970.45604165791,903.33364535455,854.85370157771,807.81138980419,759.74042572636,698.86316637038,632.45943265036,580.36356662157,520.53332791508
72,"BWA","Botswana",3425.57755615555,3234.40611135908,3073.07741520956,2918.82088210553,2797.53033630446,2690.07004395644,2605.63710729826,2538.57728873073,2485.80806730781,2370.93588107015,2300.36087985346,2253.27953285279,2102.91903742167,1902.85699290146,1717.90907234744,1586.92427533486,1572.19221213478,1371.9666095695,1285.51603270251,1211.23382337495,1132.41049853342,1063.90111014719,998.97462691385,931.30659006598,868.05569400807,819.34240199476,765.5791366857,710.43606194025,668.86167135534,630.16736867423,566.95902802086,544.29355623498,515.09194223089,458.87959788498
76,"BRA","Brazil",1425.98892113492,1315.55975309603,1257.00036473419,1216.45528925828,1133.73933547082,1048.40049867049,965.72268020664,889.45165544396,841.36798028652,787.94449579275,735.1669280396,692.02041436104,650.80546046649,614.74176308074,574.50469235223,522.98966561796,478.21455722371,434.46964590125,393.34842760876,356.91777689955,324.12275260017,295.18415657252,265.33306626652,239.56890140173,215.96915809815,200.46831602453,189.8458907865,178.4566126894,168.53541115396,159.80470983172,147.60408755309,140.5285913761,135.60333576836,99.8217391243
92,"VGB","British Virgin Islands",NA,NA,NA,NA,NA,NA,NA,NA,NA,NA,NA,NA,NA,NA,NA,NA,NA,NA,NA,NA,NA,NA,NA,NA,NA,NA,NA,NA,NA,NA,NA,NA,NA,NA
96,"BRN","Brunei Darussalam",167.76653268552,154.43481654276,141.38509317731,128.77522396063,116.62881128508,106.48005186705,95.89002091591,86.58630687443,77.70628987774,69.12019135981,61.98183615786,55.23141698632,48.84153447408,43.03454676131,38.06248509274,34.65866911941,32.02773875554,29.85609715218,27.93292570886,26.46339716659,25.2346775947,24.14307035859,23.28415780189,22.77140732879,22.0525312405,21.30117312034,19.92427147792,17.70824488164,15.31124156214,13.30608355856,11.97524025311,11.59957117642,11.56343536476,10.54234698799
100,"BGR","Bulgaria",780.84912230059,789.16275728941,789.982115444,820.03760429938,821.12063124861,832.01721025532,843.32860215714,864.35640683502,851.11222275183,823.72290104362,795.28714027168,762.78499940682,724.70145003985,682.92351794861,634.4809585789,603.48046494958,555.38388621267,487.99906954944,421.97027509111,371.50356626653,329.78818586439,298.12769742934,268.0700149729,243.90537453827,226.8910396878,209.81726665157,192.63153449312,179.61367553727,165.53895180262,152.97134098181,142.38405578861,130.54805224007,113.11028731536,84.05917192069
854,"BFA","Burkina Faso",6433.52350745288,6272.20461636411,6145.20068743277,6062.39082428243,5959.53115789431,5893.10847179539,5860.04080188904,5725.03791248238,5611.23680393711,5511.87319093431,5519.30025657936,5301.02742049669,5210.94915732962,4976.42664435575,4820.53652059854,4710.07007755814,4598.08907251475,4370.70400811357,4212.69404581433,4043.0011078224,3913.8223032912,3790.05594883538,3744.18953697394,3632.23053952374,3538.64531160605,3656.92237898578,3623.4685463011,3568.94217126558,3497.36116561587,3421.05601631627,3212.23039165614,3104.48430727406,3216.31506551466,3302.72315625963
108,"BDI","Burundi",6587.56195038894,6503.72751039075,6437.38277748144,6395.9331887532,6219.56080214475,6114.57816574809,6072.95869503906,5979.79501165617,5827.42239194862,5707.58659425214,5641.99931481592,5512.44225659853,5464.93977961717,5404.21135077602,5438.89059097286,5425.63478081059,5384.68095488475,5373.75936082293,5364.10104277771,5338.92653831401,5345.2190365722,5366.46704270252,5345.44104634382,5291.34926551128,5289.84493259369,5245.73523711632,5156.73236089592,5089.81565763361,5001.77442433195,4965.83920458557,4708.0442883521,4811.66813569687,4857.23531763383,4992.39080305959
132,"CPV","Cabo Verde",3638.92916887071,3576.83681970525,3502.03600482451,3429.02827994709,3408.96737708678,3650.02099376069,3243.05899499293,3164.81855241256,3069.69872709735,2974.82867781792,2865.07472187805,2775.05340133949,2679.56797221556,2585.62424494217,2492.07308675687,2404.7653917331,2300.11008524216,2194.71529600325,2056.084971469,1939.07377195761,1836.1564209165,1800.91661106549,1739.01840854864,1628.5205236517,1547.37660194922,1522.74037998643,1451.71809287662,1412.61324113374,1371.82002614782,1321.71280831395,1190.54767631566,1107.71266870878,1117.67694026761,1037.73452543478
116,"KHM","Cambodia",8295.54689964244,8284.04559877712,8263.62171094631,8210.05357228749,8153.53895715109,8101.83554058559,7965.00461803319,7811.08122871234,7709.28320244582,7462.22620398596,7166.96252942822,6989.14637525692,6730.67958478508,6400.35989553645,6161.40286204965,5946.10590065842,5654.05388199391,5495.03806872628,5286.22929158071,5092.87095084781,4922.10466766994,4729.66847597257,4620.32350019901,4501.46167675945,4321.37917671026,4198.51311781043,4084.12007369787,3905.62189408394,3796.94532210422,3697.2433344836,3549.48190535116,3290.77472683827,3481.09839088119,3612.96415551793
120,"CMR","Cameroon",5700.028448272,5686.83480289205,5651.01786739959,5623.08857882742,5571.72245822973,5518.12380637022,5491.60389686987,5453.19526422387,5448.93541266441,5420.27029731313,5460.66373777142,5330.12453257453,5333.72504096727,5204.40797163818,5101.49715995913,5049.24287742251,5087.63467762024,5005.3207334792,5042.21890737395,5063.56678478736,5074.268978091,5005.99426337438,4916.80033653481,4778.95530936525,4639.89076224751,4679.58340077295,4526.05024158824,4422.83042440799,4358.71718220269,4255.74778171024,4011.69626822143,3887.03862751756,3864.32260954166,3927.0714210339
124,"CAN","Canada",4.12782486501,4.16586493968,4.19314343389,4.30021850289,4.3260512033,4.34099776867,4.33476055549,4.33258345636,4.28811989362,4.20550087288,4.06881421081,3.92228733955,3.78801606776,3.61104328057,3.4050782176,3.2076137086,2.93700402838,2.64104375017,2.31663273582,2.01284642118,1.7926823721,1.66225745237,1.56558839996,1.4886719445,1.42412961501,1.35339617509,1.27659247285,1.20123229542,1.12973106816,1.06104331617,1.03173368498,1.01145805407,1.02589621407,0.85003429201
136,"CYM","Cayman Islands",NA,NA,NA,NA,NA,NA,NA,NA,NA,NA,NA,NA,NA,NA,NA,NA,NA,NA,NA,NA,NA,NA,NA,NA,NA,NA,NA,NA,NA,NA,NA,NA,NA,NA
140,"CAF","Central African Republic",8801.93159238643,8851.19038921256,8797.32956276217,8855.51226791764,8761.56387329109,8544.12020922697,8515.05386843063,8307.28754007602,8251.39306270147,8171.11642637649,7973.04980371244,7851.65513123285,7759.30646353644,7583.12264878332,7442.63358779735,7327.25308533453,7310.75424696745,7208.33973692737,7060.91088438694,7017.70588649473,7104.01732211807,7106.60455484407,7007.57245276281,7010.06817338632,6966.27913832231,7035.57808401329,6995.36146116746,7043.02090115438,6965.24861016931,6971.09961914809,6791.14485023,6582.70699025866,6960.34995801869,7074.78975675271
148,"TCD","Chad",7967.75999432875,7867.07100134259,7737.02094441539,7719.58549356073,7553.43068143178,7425.62321073667,7434.30053790658,7396.93442424042,7348.01508302021,7267.39910262473,7268.95459380358,7246.83499595127,7197.56109386538,7089.76571644997,6996.72302366126,6905.07376643501,6840.66010097217,6806.80476070667,6713.33207965566,6626.84005269405,6591.948739861,6525.71371495636,6418.67462747417,6310.06461234731,6187.19319602217,6323.39964311815,6233.99228229899,6207.93915424183,6214.09307265127,6208.29797832774,5984.06476980111,5843.82870154426,6137.83826051612,6159.11298273486
152,"CHL","Chile",1400.81221007499,1262.5648702779,1155.19104202526,1072.9452873278,979.59345415411,907.31129566434,823.81636342329,723.51890571348,654.09018277854,590.62557306736,517.74887293114,477.3872149454,430.90821753547,395.82531665853,362.601444374,327.45003821975,293.75180354479,266.4185933012,232.69686892649,208.25358693467,189.0332621496,166.86299780821,146.82318320859,130.10957315973,115.19696443174,104.19178775947,95.48637502742,89.26366491083,83.18995738235,77.9722869016,68.7432638163,63.1835582596,60.26829451573,40.39901939962
156,"CHN","China",5921.82412878475,5792.05349277074,5648.01486114117,5477.54728523892,5305.40622968545,5120.60814076764,4922.06257558514,4722.84292440392,4531.56773962846,4343.41257929587,4170.53195472992,3974.15849411374,3734.7599698953,3495.5334334713,3218.62001025567,2940.18128133883,2646.83843315215,2389.25681993515,2142.69822938088,1916.6543633882,1696.98970612848,1493.37387904248,1289.35382751219,1124.20163327962,974.11395765403,865.60737404254,790.23960923415,715.4208430741,621.72644390034,531.62752546628,452.68373017687,418.5598229165,379.28647614719,249.28867884323
170,"COL","Colombia",1158.78425288264,1070.74607223242,998.51882236625,936.7028244365,882.01054087116,840.21892317425,798.69405155793,728.42297541006,673.50690385173,656.75995197714,623.55311420053,591.45811149941,566.26071611286,552.98217522515,535.14651884807,517.26239864965,491.3425841546,449.81684108855,409.77614259588,364.90723266135,328.31985998305,292.35231431091,257.14467626046,225.71348049604,198.74374337175,177.33855198128,158.84613614947,141.72065097175,127.7709643403,113.16906025796,99.85293466426,91.90955904685,84.90999341228,40.2961298184
174,"COM","Comoros",5090.1301370714,5020.14547286288,4933.17064170697,4842.25462289245,4767.89763334026,4654.19439680657,4617.7013708029,4435.37674451588,4370.27160629365,4190.13487787411,4170.25405961675,3978.28608862056,3931.80600304744,3790.26314063414,3610.17828672934,3607.39900232387,3465.4891081824,3566.44669722291,3489.92614360886,3362.54156793202,3177.6744196101,3177.35576537573,3111.53583801312,3081.78453516618,3228.97987899314,3188.35050143954,3125.6011107716,3050.73320510076,2932.1915585852,2875.98690313875,2758.74435457506,2692.47752618606,2658.13992743276,2727.89191035557
184,"COK","Cook Islands",1619.3195927568,1497.13976645337,1380.13529289515,1273.9060649402,1177.83251834804,1094.45049417047,1022.78766173338,979.46246515042,915.83422947463,858.91374898268,792.48991384314,705.00826013522,603.36678165107,497.19069945671,406.25894869755,344.28134255773,302.72180728397,268.81967750425,240.90250043748,218.50908872004,201.47485073946,187.73725550566,177.03926849948,166.81918810995,156.8255261942,145.69633398431,130.33067509233,109.44931029516,89.29857525332,72.90151590316,61.55601635302,55.29652744604,52.03910902648,38.81079999185
188,"CRI","Costa Rica",793.71260966777,749.24433982305,702.60281567761,661.28968701039,627.99557964947,593.11380778878,553.78303242093,504.1843333683,465.13358985895,433.60810523719,400.98701503905,371.1754763374,339.19056632885,316.23188879644,293.13666909645,269.04657097007,247.79818937659,225.07182583153,206.91780131629,190.8046923956,180.99788836264,167.46182289445,155.72659238386,145.01849176385,135.08720685107,125.51888304588,117.59217527148,110.58928324316,102.79376609086,95.39596503593,88.85919641018,85.77803293389,82.50317690601,61.37350530918
384,"CIV","Cote d'Ivoire",6204.88663195038,6110.26040946478,6053.27453148624,6047.71557640412,6043.02928665902,6021.7167870493,6001.56380336392,5961.12303058665,5913.22012780602,5831.63764339515,5809.09443198709,5619.07388988156,5531.3911566082,5350.12045723543,5260.15359473754,5173.49094552158,5148.78100466375,5007.88582344487,4919.87045712517,4787.89066275405,4656.68593548451,4638.58547453667,4737.14794427909,4742.97618803542,4655.089139855,4758.56783522568,4590.61698261133,4417.88037583756,4248.68882616512,4012.17736971711,3822.45547190987,3620.93424898676,3695.53525761116,3686.9025549477
191,"HRV","Croatia",315.97907510464,340.99982604722,356.99047080109,366.81482372559,371.62318320709,375.02402787696,360.91084261749,344.35313297662,316.70418639448,287.17375350198,259.82844105188,231.14991025843,202.86439015342,177.89834154231,147.84156973819,128.73861100255,113.21900757593,99.86434598496,88.23841380551,79.17672246389,72.08577253239,67.21074812241,63.15697739931,59.8072006868,57.29062665343,55.09838181744,51.34372367674,48.77304174117,45.08403581777,42.15098944937,39.74447260591,36.80221229815,32.98398670664,31.56110199828
192,"CUB","Cuba",442.21124989478,425.45250531348,418.76131436462,408.72744529558,391.63182085488,377.53103632762,362.61944326866,339.92155494908,320.49824557543,299.85151633553,275.93534992202,255.56349581562,230.63972307517,214.56459360309,199.88978209027,186.33845831084,168.03173424299,153.56830191445,141.12759856981,128.58546956799,117.34705250341,104.39269938432,94.03643511077,86.34272924054,79.85315395066,74.48133013217,69.67043320051,66.50033936649,62.71647193802,59.54511957813,56.93302299088,59.16651363556,50.07565386401,34.85735736783
531,"CUW","Curacao",NA,NA,NA,NA,NA,NA,NA,NA,NA,NA,NA,NA,NA,NA,NA,NA,NA,NA,NA,NA,NA,NA,NA,NA,NA,NA,NA,NA,NA,NA,NA,NA,NA,NA
196,"CYP","Cyprus",52.0890818848,43.18479785582,35.26401287248,28.48344294217,22.75279943045,18.90516796676,15.99210789676,13.74071054521,11.65073229152,9.90505891901,8.47078240942,7.303581032,6.34309105008,5.5414004381,4.89878260901,4.36505348866,3.9943891761,3.66193143694,3.34833824435,3.09479337541,2.90178545,2.71984479422,2.51109681473,2.29257586998,2.1363790761,1.98790050497,1.85440511692,1.76138624559,1.64916134477,1.56229651118,1.4676245996,1.39763296655,1.36212319813,1.14603442925
203,"CZE","Czechia",44.56682762072,43.14410194614,41.52830441776,40.18505551134,38.80652449649,37.95012007732,35.96802801944,33.66648029986,30.7400622421,28.06112950729,25.41622675974,23.17609497242,21.02757570315,18.88778108805,16.65148541838,14.89162997269,13.2406172867,12.01003035671,10.85417511474,9.97217340766,9.22122190241,8.68884755779,8.21846833919,7.82974478433,7.33891054918,7.11642269402,6.79588651422,6.62964698723,6.45998216389,6.31019315739,6.32923066081,6.2374815083,6.23465343332,5.4309554247
180,"COD","Dem. Rep. Congo",6655.79804443402,6639.00297907414,6557.86425247769,6472.42884850139,6389.3585678903,6311.24233723945,6263.94443322558,6180.01359142734,6190.1986009883,6203.45412523941,6232.51647143898,6188.42283375652,6161.88548645072,6134.19857626906,6048.55874481792,5976.30817309309,5939.89512870179,5872.17896082358,5838.62802421985,5796.84964458488,5740.56143709817,5695.99574888226,5662.03308803656,5629.16065742367,5619.81017549106,5547.23353935659,5444.73766803231,5368.50561458194,5344.05055311483,5277.50442418916,5122.43063691103,4957.37053729719,5017.12557775259,5053.91804941476
208,"DNK","Denmark",3.69200834412,3.4999367296,3.37315465143,3.30846657244,3.09361414552,3.01021420208,2.93702535715,2.92504098232,2.99575159962,3.1471899429,3.20792870512,3.42406686583,3.7504229845,4.03280822699,4.13636555925,4.09380388981,4.00835117233,3.92118123908,3.77673982869,3.68066735526,3.51046699624,3.29478675606,3.08607367818,2.88601805124,2.67524777914,2.53683569758,2.37944954367,2.21783310221,2.05009085973,1.88742102197,1.78072407142,1.78208008263,1.7856579385,1.55245901168
262,"DJI","Djibouti",3181.75786667583,3046.27053158819,2987.82046805368,3131.81700197467,2880.66311710647,2882.64947353714,2791.59555113261,2665.47871326699,2577.23768222872,2462.2415282209,2365.25547953573,2253.11957602045,2135.83385066401,1991.60842461395,1957.92161474182,1913.79046384773,1905.3369526912,1906.2780669421,1905.56667144335,1888.03262016185,1891.62041402232,1882.47437433194,1875.76408787265,1848.89351662785,1788.69560217918,1785.846826114,1747.82902177067,1719.29224309757,1635.50570692628,1585.5045092465,1477.34323907728,1451.25934164985,1431.47406571245,1466.85465924298
212,"DMA","Dominica",1779.01959320916,1698.80857999422,1616.1241240785,1532.29607418637,1447.76434832983,1364.84506816976,1282.8234395121,1193.50302250912,1123.78299035332,1047.43934458106,986.24777960277,929.79760366836,882.31705158941,842.20124292022,796.95105615797,750.42177398762,704.8870064469,658.78646945428,612.79869758073,572.03956987041,537.21954763159,503.89398145039,474.58497388533,445.55296186506,419.36946477766,399.15171220006,382.10046178524,367.50642281919,353.63670945978,342.25586269994,331.45236628217,318.62930814304,310.68906731444,257.19063465939
214,"DOM","Dominican Republic",2606.39146034143,2424.51915943504,2249.2500653716,2083.30133192052,1924.10492471579,1780.27494246529,1653.50596717221,1522.29215657412,1397.5667866321,1291.56145724302,1209.26873347482,1143.63568508461,1081.73240391812,1027.89505211092,980.76773416463,933.00179513033,886.51841296534,839.90181589195,794.7130767293,753.52719348581,719.30402537767,694.4126804584,672.58912089509,647.70423057296,622.16451779386,602.48243611776,580.30527742522,556.79387077066,535.80817174484,513.73974425987,510.07142042796,493.37908899595,481.43851327184,442.24794369428
218,"ECU","Ecuador",1062.7024988844,1023.57439615975,954.74318920975,890.24217321977,844.63984817893,774.48549020521,734.19515849823,679.39613822754,654.76180475305,633.45710959232,592.30836546803,555.8610100962,523.44227706215,474.79931526069,440.31372724871,413.13321127332,380.34896267059,346.54033202309,314.30620910688,281.47235739292,256.16218313386,232.6335027336,210.98899051327,189.8221385208,172.71550162981,159.44038959835,154.51092076183,148.35049537242,141.70975030646,136.8900965148,131.12800470837,130.65442418372,141.27066899539,127.67254938838
818,"EGY","Egypt",2372.11124234716,2150.61034442106,1952.85330983714,1802.17276793697,1638.58028661426,1470.25329878919,1304.08475307552,1160.66660436963,1025.87991329219,887.07454778502,763.95352866637,672.92312099877,584.09488177076,500.91162398386,415.10032147366,346.14327082245,298.40163639481,255.93368162063,217.01406512337,182.45431312119,156.4403942329,137.5102015757,126.1168177851,114.46062041347,108.49983659605,105.54247938407,98.7566401457,92.86639382403,88.01721624352,83.54012209399,79.54777403115,79.35215734763,80.2738757536,72.28547775186
222,"SLV","El Salvador",2916.63959009612,2834.55936068414,2736.01136453126,2640.1699123537,2528.35989738059,2391.03072853203,2270.03221124195,2143.67119682014,2025.91058058855,1899.79594757408,1787.07890562837,1702.84451039577,1617.80190912916,1562.09976850235,1512.95954292751,1453.09581311714,1383.28224891184,1306.48510124177,1224.83161904402,1152.98630332241,1068.75912344062,1000.88463592153,961.27898092759,922.15197563615,884.69825732342,846.86864412388,776.96306754381,726.4559215842,672.16331236801,634.90125648017,592.43594713009,561.96753566256,540.22391859143,420.71956544895
226,"GNQ","Equatorial Guinea",6681.76173910805,6565.33930737066,6394.51303587305,6246.6585773837,6030.24890013636,5911.83649797744,5654.5399003947,5218.94425091783,4704.66830247597,4213.77282683023,3746.64280488339,3098.95832152484,2337.52931155177,1623.20542140885,1079.62011017834,780.30815611092,632.0657136037,510.34387868879,420.97324272851,364.39594116797,324.35034665673,294.72576865455,271.90380636819,253.35591761811,242.42001101466,235.97410981129,227.93457944007,220.40232465209,210.29676674398,202.00522706855,197.4552677947,200.37537868446,216.02054601323,176.7570207201
232,"ERI","Eritrea",6144.0505123094,6010.38094124209,5858.97454100886,5650.82785410491,5445.95138714036,5294.23707172902,5132.30082014906,4941.63765721426,4758.21926807461,4617.48105078009,4528.41354470139,4419.85592476188,4392.63118984476,4308.31661496722,4306.93435713864,4271.6492095793,4266.49554764657,4298.11194138298,4359.14602290388,4361.35013572284,4366.59799632419,4326.01764891146,4290.96265136064,4273.96839722279,4150.23754524249,4156.33796415127,4107.89468303891,4071.3988248917,4009.99784268869,3927.04838384252,3644.51576185709,3595.23207052774,3740.98015812884,3786.62201804577
233,"EST","Estonia",511.70731083881,549.85522228109,587.46723397568,616.90775369314,634.92232853747,623.5754062381,590.07505988324,551.20376835653,520.38799693533,484.53630211351,448.7239868979,405.41451810852,357.1010876688,302.17488227413,246.33904310978,204.71082556298,172.36599432563,142.27317062785,116.4386594488,95.22724191489,80.83446467337,68.69752581061,59.52066366523,52.06575543499,45.6629375368,40.81318980347,37.67016208425,34.10418815223,31.36668811439,28.95863737244,27.59500060412,27.66017289543,27.48498364408,19.16699971541
748,"SWZ","Eswatini",5745.18089758516,5600.82709290899,5471.6189022803,5301.73437732519,5153.96282054862,4973.01856836383,4799.23898267141,4655.73112237689,4519.52767581309,4447.57129580871,4430.65682674738,4505.35200354402,4501.30857059178,4564.27168024207,4625.21498686443,4618.70553248223,4515.86155769453,4310.45193138082,4156.11287024423,4035.95186789636,3774.31379831213,3521.38419517614,3361.30211349773,3199.27247662955,3047.07130418777,2907.02575355058,2736.05089278147,2630.98868369418,2552.58465640047,2462.71476581733,2240.98284339721,2154.76838095319,2105.15784235665,2081.03358514462
231,"ETH","Ethiopia",7246.0039435115,7203.80250457898,7182.66032515301,7109.16552534627,7031.45623917846,6940.09545243695,6834.30089906691,6719.81554590956,6578.50484856388,6446.6131992582,6312.00033584076,6164.5388021691,6045.52823165204,5870.71193021619,5709.31716754879,5663.67810489087,5593.57142298748,5548.99261275496,5498.07736370722,5373.62737194101,5262.01291259383,5189.88668034407,5059.89817217681,4940.23909128514,4873.19783664601,4762.47635284902,4651.0282691372,4592.29953520654,4527.96004560728,4431.96876405855,4113.2046113914,4041.8476788485,4117.27900208183,4148.78317937536
234,"FRO","Faeroe Islands",NA,NA,NA,NA,NA,NA,NA,NA,NA,NA,NA,NA,NA,NA,NA,NA,NA,NA,NA,NA,NA,NA,NA,NA,NA,NA,NA,NA,NA,NA,NA,NA,NA,NA
238,"FLK","Falkland Islands",NA,NA,NA,NA,NA,NA,NA,NA,NA,NA,NA,NA,NA,NA,NA,NA,NA,NA,NA,NA,NA,NA,NA,NA,NA,NA,NA,NA,NA,NA,NA,NA,NA,NA
242,"FJI","Fiji",4558.75252854197,4450.32585400998,4349.15381767115,4255.54971924057,4171.33844235494,4087.79312525199,4001.57363664995,3921.83279943277,3839.33123515128,3761.77960489247,3669.46814321235,3574.15171715285,3504.62066720272,3426.3674935161,3326.87333333962,3237.68357379287,3157.39236248134,3073.81826391873,2998.64820951538,2923.97969656399,2808.76575207689,2668.79914325348,2512.49116148822,2349.60959052756,2184.15036842541,2030.49033928142,1871.34192914651,1704.19852104391,1553.49951287084,1430.56774377611,1341.63484054762,1313.37409209482,1303.24274856559,1042.58547630453
246,"FIN","Finland",5.15553255934,4.68230568014,4.28750553956,3.91512854075,3.48334846049,3.2005195737,2.89520156428,2.59736452988,2.34695857689,2.13183448986,1.96774858889,1.85462615559,1.82650524127,1.80919325647,1.79248714351,1.81058735671,1.92391272457,2.12226093453,2.3237631156,2.47110309082,2.49546887132,2.35186763906,2.13931165649,1.88385592413,1.6615383584,1.50558424754,1.39803737772,1.28235968841,1.18064117416,1.09747095646,1.05793436317,1.06890431357,1.10795386449,0.86227872997
250,"FRA","France",6.23585585226,5.66417654215,5.12201619373,4.70102495502,4.25616068275,4.00434047178,3.77392941359,3.51999986483,3.36668168661,3.20093584165,3.03927256416,2.93626790163,2.89226193275,2.87791667727,2.74768421313,2.73866989174,2.69760195751,2.69117493793,2.70620988832,2.69944063326,2.64735207714,2.58461261815,2.55587342779,2.48509020903,2.40422062556,2.39513660789,2.32615686975,2.25809337153,2.20054600874,2.14796587483,2.09341022784,2.09294852417,2.31624967511,2.17125127918
258,"PYF","French Polynesia",NA,NA,NA,NA,NA,NA,NA,NA,NA,NA,NA,NA,NA,NA,NA,NA,NA,NA,NA,NA,NA,NA,NA,NA,NA,NA,NA,NA,NA,NA,NA,NA,NA,NA
266,"GAB","Gabon",1059.39793969835,1023.27041960512,975.14749311895,908.24640957053,869.09738721245,842.087625215,796.14283601956,758.89966052661,714.48104838543,661.83807903345,630.31604068861,599.5835207095,574.70381111841,544.15337911605,515.9985181881,494.04898122222,466.0928559437,436.46774186851,405.01781437443,373.42041907442,339.55244487771,310.50218488102,285.10000628195,264.7555191833,244.13878037303,229.42384084715,212.05372509571,195.83847124049,182.16403182652,170.35582390561,154.71821333084,141.86142811876,137.88982310994,100.92691570443
270,"GMB","Gambia",6319.10482100419,6307.68504682468,6388.70892348002,6212.021366393,6016.6318365807,6317.04532718762,5961.71501864546,5826.59551260238,5925.15111655894,6065.73457869018,5689.96603587069,5381.98189103051,5301.77901241268,5290.57759250878,5592.2005048445,5633.66301094371,5470.60826847241,5381.20060769488,5130.76043241329,5069.77669656143,4892.904651029,4524.5137099759,4498.88300326661,4455.04321359972,4654.32338121751,4603.10667900553,4752.15251460873,5086.71130201087,4997.94092622873,5119.60959900348,4732.24341828327,4559.76782772668,4704.61013988475,4797.20888384612
268,"GEO","Georgia",2171.66916830291,2511.29179683072,2830.29271982712,3017.6780256212,3174.30997131023,3320.02420551316,3557.04864861783,3808.794728371,4039.61107781746,4258.22880628879,4323.06453106691,4234.81470710168,4049.38930542522,3729.62996396409,3493.5305911846,3301.27785599869,3116.0798489715,2970.65581026513,2799.59573879409,2502.47618431758,2213.801396653,1814.4949435199,1562.37198498434,1346.20535378689,1173.77022996627,1039.21551037547,922.05922654021,823.64084540901,752.98823238797,670.21302149228,619.7081117735,560.76788262461,502.46567806303,273.5548145496
276,"DEU","Germany",7.26798741718,6.77765221821,6.29619690517,6.03288522477,5.69527627819,5.43936856316,5.29201843531,5.17539207115,5.11667506614,5.06849824756,4.98746124529,4.99900682598,5.14614391435,5.32676797802,5.37972516113,5.56027755305,5.86082483389,6.37546424108,6.90701318902,7.32490923463,7.37795164382,7.17961256005,7.0333899607,6.92516536796,6.6187663346,6.57616024307,6.27493597693,5.94547499781,5.63113093387,5.25946477924,5.06423275117,5.02438384221,5.12160916304,5.10159164619
288,"GHA","Ghana",7033.11080519171,6880.74470769675,6767.32955385817,6660.80817429527,6577.11656531462,6424.33869878825,6292.60818847552,6176.30075694272,6054.13523916228,5893.94737758317,5822.17575054575,5678.4845967879,5562.61573373536,5380.90147283249,5282.99365832193,5251.80662650532,5254.35806306201,5134.73849700275,5038.49316545611,4929.72616661892,4829.31237921512,4816.59426407646,4692.8425739325,4445.7251688339,4265.11933007031,4373.3466580886,4301.67997318302,4248.68081843155,4191.82302119732,4106.41186308379,3973.48060950189,3835.2372309797,3910.77125750377,3797.11590220883
300,"GRC","Greece",51.90602808422,45.81965878243,39.92236332298,34.20838360957,29.47523889431,25.74438526995,22.22835811509,19.02670252952,16.4156345377,14.09900832441,12.02888530873,10.1869972105,8.74982965864,7.57855583866,6.49395383799,5.65250350709,5.09720932105,4.72639355965,4.19991880964,3.91743474375,3.66990712684,3.49650563731,3.2794237651,2.96385258606,2.70704866073,2.56190857294,2.40333720199,2.2912291625,2.135508417,2.02119067696,1.90783945532,1.78917418279,1.61970325996,1.47544416087
304,"GRL","Greenland",1.80688304501,1.74654848006,1.69055123571,1.6427390127,1.59499189313,1.56906785763,1.54568173868,1.53172639617,1.51240395968,1.48403744842,1.44299520224,1.3736013627,1.27465053271,1.16430970394,1.06291111102,0.99030958932,0.94446305873,0.91246251461,0.88238422239,0.85492791583,0.82548093995,0.79593126284,0.7680070775,0.73497005836,0.70730294336,0.68431348484,0.66438284409,0.64460763372,0.62470244665,0.60443358537,0.59638000012,0.58823636815,0.58790917442,0.54165077605
308,"GRD","Grenada",1838.13606277561,1701.51179529227,1551.65230166117,1413.03385940456,1282.14504382337,1160.20447079262,1035.22808330461,941.85806937808,853.59167580236,757.27992269172,681.93537812472,617.88313664634,553.3842803781,498.71502042895,449.9876970109,413.72363341009,382.58856037467,356.01666992758,344.12703138077,328.59019953143,320.99975684966,312.94421644851,307.47319839916,309.65451084656,306.83708725434,298.21915294124,298.66066328657,288.36835777673,279.17605748612,270.53044477637,272.19628764234,266.29302565726,252.7551513463,213.00150882504
320,"GTM","Guatemala",4167.39822100947,4326.40055953071,4404.08744614363,4356.0121293804,4113.10962626053,3802.86767286827,3624.18015013811,3537.73710841804,3481.32448659562,3412.68284032586,3281.95061459216,3173.53345928355,2997.12273199024,2909.23685063396,2836.18019627918,2704.57047059761,2609.77043952954,2489.14850851254,2378.27939140872,2307.45929002843,2282.49211916711,2268.83156083813,2215.4831801229,2182.44997925595,2148.91530156455,2137.91902513427,2081.84461707251,1994.31563854902,1871.70672605013,1757.93523933398,1634.86306929044,1637.64963744766,1618.03630925292,1600.53456965611
831,"GGY","Guernsey",NA,NA,NA,NA,NA,NA,NA,NA,NA,NA,NA,NA,NA,NA,NA,NA,NA,NA,NA,NA,NA,NA,NA,NA,NA,NA,NA,NA,NA,NA,NA,NA,NA,NA
324,"GIN","Guinea",9306.95862565889,9197.17586299899,9128.44345264235,8988.48677088313,8869.32447938882,8714.49432566236,8476.43399264896,8266.10058203381,8064.03770952503,7844.38658180337,7609.85909152018,7366.58420195519,7136.11653690399,6943.45605030102,6856.44491450332,6715.92415768385,6677.78232779928,6574.50876951901,6483.31996078988,6363.76759766646,6324.49450251256,6262.45014226227,6191.77339762459,6107.48349757928,6115.77950939986,6205.98007235918,6117.3711826096,6029.33080694702,5923.59790431878,5836.38261518306,5519.03685268209,5418.30614772558,5588.63206012552,5649.69925637406
624,"GNB","Guinea-Bissau",8729.86300080683,8653.14524345039,8554.98625349659,8456.89708151386,8421.49409892869,8204.76100525107,8556.73087079513,8321.40097950241,7857.60776935148,7727.24393582924,7610.37756075999,7595.00827449471,7572.67470277084,7518.65806932195,7451.56836361209,7543.16920425663,7249.0945897608,7203.24724859443,7202.81591535504,6988.88039606311,6896.24289834221,6790.05787394989,6735.15361062112,6567.92867824357,6544.8870822551,6661.37721571397,6651.24015010314,6666.22506686359,6565.4954432616,6515.0015052965,6221.62882786611,5933.01412513558,6243.91704133453,6324.87870109551
328,"GUY","Guyana",2210.34192215896,2060.01053540316,1984.89020104383,1957.12234102521,1884.21363364162,1785.73871026192,1713.96281764672,1627.87920615488,1480.50287707105,1342.77863437198,1222.01475900037,1244.11846565973,1231.4545110005,1209.88683235368,1179.17042101654,1126.02408374533,1062.47456668997,996.20567911128,924.60740413936,854.89538375042,773.97826364814,706.39646080663,645.47205159168,583.08853743186,539.67790911493,495.10495744412,453.18541923142,416.3238009698,385.5223830342,361.11945287018,327.72688271577,303.47381238619,261.42442146008,213.58143294612
332,"HTI","Haiti",8691.94557651695,8367.42216159361,8368.99056822253,8308.4202354029,8045.79065064702,8003.69447636163,7872.99718289735,7910.68051122945,7537.90219140236,7556.66868599553,7474.1751916094,7477.23107253203,7413.52105500769,7378.93853372261,7388.49735070409,7264.17347792055,7174.65248936149,7126.37431219933,7024.537246056,6910.8621374982,6854.99492429197,6940.53847913939,6883.49840710501,6948.81516423053,6948.88391508268,6928.60581951431,6903.0224897758,6858.80123517572,6875.6657487169,6843.03148451104,6627.72315875391,6594.69789974949,6759.15848346021,6849.40230013197
336,"VAT","Holy See",NA,NA,NA,NA,NA,NA,NA,NA,NA,NA,NA,NA,NA,NA,NA,NA,NA,NA,NA,NA,NA,NA,NA,NA,NA,NA,NA,NA,NA,NA,NA,NA,NA,NA
340,"HND","Honduras",3123.15084960024,3062.60978498012,3024.54017018907,2985.5843183807,2943.95020524024,2929.33859475713,2926.96566853106,2873.0063370677,2811.18255262209,2767.45810156593,2712.26273189591,2664.56166086882,2619.74527684199,2579.02056058994,2537.39332118489,2485.02283452443,2429.89312680703,2375.34610540023,2331.28673782677,2292.98639992628,2270.36807272083,2284.20427482995,2278.65661575579,2236.80327136064,2177.78035011935,2127.5018058601,2030.14485066268,1941.22306929788,1852.8269016967,1772.75239859674,1583.41940944782,1559.2272877679,1611.65270333734,1572.18988430652
344,"HKG","Hong Kong",NA,NA,NA,NA,NA,NA,NA,NA,NA,NA,NA,NA,NA,NA,NA,NA,NA,NA,NA,NA,NA,NA,NA,NA,NA,NA,NA,NA,NA,NA,NA,NA,NA,NA
348,"HUN","Hungary",767.1747237886,775.12673926031,780.01412023806,779.14566125586,756.23153143663,739.81742289229,714.99256899871,672.4875101268,635.00043241733,592.0631882705,533.74029488282,480.02428097095,435.85516159582,394.315676296,353.66640268479,329.0219236034,294.77873092184,268.18164165503,243.33779994854,223.33052544975,207.24778048382,191.32120411261,177.85288904328,165.10324027902,155.22098779805,147.49028252645,136.74583865634,129.51418078722,120.57956560898,112.15270518432,105.90591099193,99.97361402906,94.44005601646,80.45830617301
352,"ISL","Iceland",2.96433929073,2.7470818759,2.55602073584,2.37833993519,2.2658002485,2.12826796863,2.04885501956,1.94436399781,1.85234775648,1.77334164279,1.68088115342,1.6548827748,1.69227906134,1.7604367314,1.83637696743,1.90758078171,2.04109925147,2.20213411846,2.36587018148,2.45883980227,2.46943803063,2.37187491333,2.21736278958,2.04243909516,1.87784239289,1.77472343171,1.6430780923,1.51240778712,1.37179361692,1.25147368924,1.18324666998,1.19027373318,1.29806988697,1.06409902458
356,"IND","India",7353.82581966317,7185.35486545089,6984.45005031758,6759.85108129609,6602.84576809344,6529.70810205354,6493.33813670563,6433.35993979044,6318.45571802598,6086.25657028962,5867.24239906887,5711.83991442263,5594.16937251096,5452.20732784563,5241.4624795489,5083.68884997624,5067.52097253046,5063.32121875538,4955.34780265123,4788.42754718901,4657.51387888353,4585.99160712162,4512.33394055547,4369.62563573981,4221.17757946762,4029.94351223072,3901.04047537516,3701.55979478632,3502.14535778266,3227.13956817539,2869.91753351915,2772.57588604983,2713.43525179008,2639.54723858685
360,"IDN","Indonesia",4234.72375624853,4106.24944467551,3987.84786286671,3864.81410111104,3739.00856513571,3617.33130707909,3505.51700128521,3400.02376711538,3288.08897463253,3192.93322616932,3119.2559044024,3062.78736121653,3019.73119234586,2996.21058151385,3106.89596528161,2945.84699431783,2905.9440502879,2852.76875155826,2787.42429677475,2693.31002088883,2578.17215015899,2420.25310342477,2230.97261043899,2017.79564141553,1808.16504220421,1643.47602381783,1502.03555257084,1364.14298660925,1247.83652522931,1139.85170868726,1041.5760873672,994.09428949723,902.62941589629,682.23731843324
364,"IRN","Iran",539.68569528207,462.07415864283,404.10178609343,352.93336606989,307.76588809333,268.19264091498,232.40394211303,199.24669415842,169.15261553728,142.74778712666,121.63720262446,103.84269253696,87.71284228405,75.34532487952,60.82742773459,51.46733536524,44.00178218105,37.41688773311,32.03236929925,27.86214920138,24.9621742997,22.97348737486,21.29977851148,20.12916528895,19.32391152191,18.70662675228,17.93438235205,17.0091493181,15.89799391509,14.85490837707,13.68046199537,12.86539808116,12.04499406989,10.0464865493
368,"IRQ","Iraq",1237.57388967875,1404.10299758672,1554.03773274407,1662.6354333161,1724.03018343597,1748.61530037739,1729.17145316227,1667.70750769356,1576.14196114107,1470.68761719339,1369.40069864173,1265.08849192211,1155.76890818903,1047.10124873644,929.72683109585,819.72055411589,707.70701609954,592.29321565788,479.06418146205,378.95479155372,308.20071816019,256.53014353308,212.22595205876,174.90843288798,148.73856928046,133.07381585622,122.23797256106,113.70790089383,107.28565296003,101.70894094884,97.39494226772,91.50498526726,87.18226244863,72.64794577475
372,"IRL","Ireland",18.11250349775,15.33990348295,13.03283016884,11.2122720034,9.48088940141,8.18182393478,6.99169691981,5.87666959604,5.05506557824,4.44135360261,3.976873229,3.95692360579,4.41034534547,4.92423189386,5.28552475122,5.24252195871,4.95641468099,4.563543017,4.14530515311,3.74583883489,3.35842463382,3.10112887867,2.85106922777,2.6104091903,2.38357152582,2.26178419571,2.16448133982,2.06696483664,1.98706136007,1.91347833462,1.81940511541,1.70563153904,1.76364143177,1.46438423232
833,"IMN","Isle of Man",NA,NA,NA,NA,NA,NA,NA,NA,NA,NA,NA,NA,NA,NA,NA,NA,NA,NA,NA,NA,NA,NA,NA,NA,NA,NA,NA,NA,NA,NA,NA,NA,NA,NA
376,"ISR","Israel",9.24386499797,8.57665892241,7.89669579459,7.05986663406,6.27072832319,5.5452085877,4.86134205404,4.42124096964,4.07003264236,3.65172687243,3.37028707916,3.12871859663,2.91646284815,2.75632177485,2.59010523265,2.44557208201,2.34046450499,2.24740295288,2.11662887146,2.00234468756,1.90980975045,1.85208300852,1.77377783684,1.70499812453,1.65307919757,1.63374041957,1.60686253291,1.58782375981,1.59685913714,1.61544787309,1.6081215772,1.63372963676,1.72262296087,1.57816849556
380,"ITA","Italy",28.05711275835,25.60132560422,22.92417342621,20.76186888009,18.85291472102,17.13416181221,15.64394593352,14.51838688119,13.64370952463,12.57170867913,11.58678858876,10.75486158246,10.23667263084,9.9511655037,9.10653673971,8.79051168069,8.34869275307,8.09846915022,7.87783833677,7.63918012848,7.2893706671,7.01429639357,6.67145539797,6.18278180784,5.79171940365,5.64605239748,5.2499659087,5.07274935774,4.78314406763,4.58682181195,4.40167491707,4.16347673398,4.04374275801,3.69357395583
388,"JAM","Jamaica",1645.02188301269,1513.74994173822,1438.237589531,1383.42037396085,1319.33794197362,1239.96199496288,1139.99328812914,1076.95853389188,1028.86950206639,984.58065380162,936.4500472829,873.00790078733,801.24573980226,743.47978170283,688.0924324035,628.1155946797,579.2192878979,543.6611249492,501.34471012983,486.54664621538,467.56105169008,457.46932001366,443.18613877641,439.59193079476,440.91400253638,433.21254891388,417.36611071829,397.00811811491,374.23411631357,353.13248035636,334.20993367034,317.38087399303,299.9937294552,264.61364581298
392,"JPN","Japan",6.91820257084,6.25763134449,5.71870748202,5.25130606238,4.76985388222,4.52579751956,4.18157163239,3.95979619801,3.79395957525,3.68769481132,3.45014843657,3.2567281945,3.08412537127,2.9426094372,2.79218663948,2.72308747038,2.62034044977,2.55318898207,2.50651828949,2.43843470536,2.42204100682,2.41263778521,2.38624120965,2.35894040991,2.32695398952,2.28167989363,2.23080298558,2.16473700568,2.10489278036,2.04920471269,1.98520214716,1.9632798252,1.98457678733,2.08981645208
832,"JEY","Jersey",NA,NA,NA,NA,NA,NA,NA,NA,NA,NA,NA,NA,NA,NA,NA,NA,NA,NA,NA,NA,NA,NA,NA,NA,NA,NA,NA,NA,NA,NA,NA,NA,NA,NA
400,"JOR","Jordan",44.00823146494,40.56551086161,37.32735422956,34.313861389,31.44021870063,28.81585846733,26.38102892867,24.05383465236,21.88656129764,19.84782590777,18.0463934065,16.34734939493,14.61058052725,12.80117960846,11.31183373201,9.99761195315,8.62735382754,7.08728019683,5.79648574636,4.82424080854,4.17770220478,3.76079079175,3.42855993796,3.1587429619,2.90847061726,2.68662788447,2.47901807015,2.31271524796,2.16260326761,2.03310836659,1.86899009711,1.78133434013,1.62635762995,1.26181004012
398,"KAZ","Kazakhstan",1201.88213782382,1298.0659709516,1404.3831893157,1579.10641795482,1742.79146957401,1849.27183719788,1899.76502167832,1903.41295749056,1905.27029820305,1909.19636353856,1901.30752492279,1821.9533165695,1690.98561115297,1520.95504580194,1295.32124622587,1131.24288921921,975.43444146867,807.09858638871,631.3181805596,478.55274543901,386.14768729941,323.01708316091,264.30597719557,216.33031607265,177.62662438105,152.25159043501,135.93678961036,123.63536309388,115.05655159165,109.05240754093,107.66259522642,105.46522464246,90.71398747803,55.54282588
404,"KEN","Kenya",4313.60501716079,4297.57540906178,4289.06668335153,4275.17316979912,4262.37920548733,4251.1466428642,4244.8916838775,4244.58093097653,4235.29722056044,4216.60124849932,4252.54196237974,4207.33657108663,4200.79543232524,4181.68002735552,4182.93710670204,4147.28179639184,4095.26883779004,4054.65967979599,4001.82651854481,3941.60446444546,3905.93406326979,3852.91344675246,3761.19604211226,3652.31402473163,3550.57127851971,3469.97408340701,3369.43895436664,3261.58247547302,3161.11988123229,3055.93995894545,2948.28177428032,2926.19069457324,2823.66127020548,2831.27482483391
296,"KIR","Kiribati",6397.1464719839,6359.91601868863,6241.2590945851,6258.21668767231,6186.79514535925,6116.45085384643,6064.90803075881,6025.09011141155,5969.84189812248,5940.0742200381,5882.07393669049,5794.48096777651,5712.7077956587,5609.61248214151,5501.00801300543,5398.27333358328,5295.65707827436,5207.35298902338,5112.66828608288,5004.6804192197,4892.85417511562,4763.47229014618,4607.91069350399,4446.73370452622,4277.39315350523,4119.05811131134,3963.5720047719,3810.16878216419,3743.59740156068,3532.94847892957,3383.74428127972,3272.59614232812,3247.49115030274,3135.80553273273
689,"XKX","Kosovo",NA,NA,NA,NA,NA,NA,NA,NA,NA,NA,NA,NA,NA,NA,NA,NA,NA,NA,NA,NA,NA,NA,NA,NA,NA,NA,NA,NA,NA,NA,NA,NA,NA,NA
414,"KWT","Kuwait",20.0199533863,20.32051832574,19.92633567899,19.98005183694,19.90579260565,20.47847467545,19.39602133903,18.13625783509,15.82954196736,13.21076698326,11.43494148758,10.45091548264,9.65802396064,8.82608051639,7.89640296862,7.20855978691,6.72599869262,6.14651004757,5.57723796248,4.93318460624,4.46685441818,3.96745339107,3.50675227956,3.11422632749,2.78294073109,2.62168956431,2.47792123803,2.35542886927,2.242109947,2.134037125,1.88678536512,1.68074425021,1.48977623816,1.22364750557
417,"KGZ","Kyrgyzstan",4614.01559337523,4638.42070639104,4809.43565136563,5134.18569884588,5370.25467722401,5415.67892566923,5347.81309767906,5245.36969794233,5187.88664891854,5110.77668751966,5094.61123246416,5061.40663880453,5140.41294320415,5181.53116564839,5095.78519788312,5080.47544168086,5043.30155762515,4892.5495508954,4650.59045089282,4383.90419876947,4155.12165093188,3969.18466685405,3766.9713735392,3498.15376791419,3266.11876134349,3038.9263829312,2836.22080060553,2625.43148097128,2408.56295945156,2192.17100376501,1917.77661895323,1924.05379301,1866.67733715572,1821.44859254434
418,"LAO","Laos",11235.6315954947,11201.6511272322,11176.1742760513,11159.5750723014,11107.9286505607,10917.0808870634,10741.0581914262,10554.5703947131,10399.2904414433,10162.5497339634,9862.69480273131,9612.03155808163,9314.01550499373,8992.21542442161,8666.91970346133,8388.09024063292,8123.61400982091,7900.98162491406,7726.31732175344,7559.12833134419,7361.50594190419,7174.91925994972,7009.54511924097,6919.11833840958,6767.1268234951,6674.6730471808,6548.68342176395,6327.87019931879,6157.52451590215,6013.55078334249,5846.17911273101,5636.14055842477,5812.3060626395,5768.57834659888
428,"LVA","Latvia",649.01667866023,726.55772064162,820.40729090416,925.92840529923,1005.22098293965,1023.55997689307,1011.91476512687,999.39085762771,1005.40783922078,1001.91348933641,1002.73686302947,970.51465774836,888.02041759151,773.12034690596,663.20768871944,575.24792964758,498.01909339474,415.50356105194,334.58456087632,272.70024767414,231.89504678864,205.96370890744,184.16159078925,166.4525394477,151.76929257067,138.83832603784,127.61929779319,116.17896816535,106.55477187613,96.91648800802,92.24561760523,90.47719957938,87.68088920674,62.52252787979
422,"LBN","Lebanon",296.989656856,282.05805587607,270.0467158795,256.48831049632,241.57526901633,227.50925320202,210.80627046139,193.16604566599,174.50168363514,156.14106833778,140.30339142621,126.0118979937,112.2907192053,100.68797524598,90.39511980936,81.49695427992,72.80300245582,64.00344927774,55.54727672565,48.08790377371,42.53437514166,39.58058658577,37.0057448823,34.98555737762,33.08704375723,31.28811333354,29.62697412281,29.49716244412,31.62933757076,36.14592355666,39.72678514201,33.15998740901,32.10139373574,24.28220841408
426,"LSO","Lesotho",6167.38971421084,6043.51267513201,5922.4223890289,5840.68032362012,5785.69419789779,5770.6120786757,5823.79826702206,5911.96478628585,6031.33933264115,6189.16178270069,6391.79097354335,6860.006788562,7223.89867710538,7012.46652220955,6763.21523757759,6237.32415701844,5696.99142033769,5480.31436986605,5439.10603922873,5475.96337672337,5505.98981088824,5527.83128733731,5518.2266349308,5512.33288079186,5547.40517934046,5514.5347535172,5360.9474950203,5180.88066991166,5034.85913412447,4869.55514006904,4495.81041265138,4324.46125032758,4578.18196577664,4766.6755458932
430,"LBR","Liberia",9852.18725488195,9793.80648855404,9298.12913876219,9278.14180895226,9395.16371874503,9102.29248485511,9163.76968215114,8646.81495850819,8604.34999854034,8396.46028167427,8086.53149889928,7618.08928919976,7289.09753605285,7024.6583299556,7014.11040628844,6752.00156377167,6709.26979111732,6528.15816345753,6532.25971970276,6600.96501185605,6667.37858139134,6733.47889219288,6860.86413607316,6767.18638220439,6479.34217188384,6476.97950496793,6260.901182394,6046.94369125199,5949.43494750577,5947.27532436618,5708.89764454016,5717.78769150697,5888.12023914198,5986.42800220444
434,"LBY","Libya",63.36936795762,54.75999993818,46.92750412527,40.35957931317,34.82923751576,30.5548613177,27.26425638558,24.59201875411,22.47813128065,20.43009603484,18.33832916696,16.37958660842,14.50147144731,12.63007497015,10.99021348016,9.63886257053,8.39084844544,7.23649559088,6.21873686171,5.4995545952,5.08108221588,4.91992312597,4.78567584482,4.76118471595,4.737857332,4.68964585012,4.59307517919,4.45472119519,4.36789084851,4.22523922099,4.18158560631,4.22180171079,3.8018024263,3.76530053493
438,"LIE","Liechtenstein",NA,NA,NA,NA,NA,NA,NA,NA,NA,NA,NA,NA,NA,NA,NA,NA,NA,NA,NA,NA,NA,NA,NA,NA,NA,NA,NA,NA,NA,NA,NA,NA,NA,NA
440,"LTU","Lithuania",342.67433174656,379.02697953674,416.9308178814,459.50233265561,481.0466736379,475.98218519335,457.84444965744,440.45958278307,424.51438642053,412.05231288238,402.51910168961,388.15111323849,351.48382218653,303.19065805597,257.19180376315,223.86466592104,196.37335462647,165.06421209994,135.53076471526,112.12769889754,95.37251899126,83.44771107237,73.54140851135,64.97667445721,58.13717058163,53.08751450665,47.5694760536,42.53010247145,38.73385395409,36.16737662716,34.44860328734,33.1673410523,32.02988408966,21.8574252599
442,"LUX","Luxembourg",26.4986870789,24.16705352053,21.97494340046,20.16903903994,18.30602944516,16.80968310477,15.70095105838,14.3603679702,13.08288839132,11.97155279289,11.00610492497,10.23615969344,9.72160099891,9.2275002902,8.58193408475,8.00501287883,7.52655596642,7.01450817684,6.53985088294,6.08202168546,5.68235943431,5.28806474096,4.87418766229,4.4750034185,4.07207563935,3.76159338982,3.47427013448,3.14566249305,2.82005711359,2.51168787128,2.27512111852,2.11666136105,2.07570921535,1.7185524788
446,"MAC","Macao",NA,NA,NA,NA,NA,NA,NA,NA,NA,NA,NA,NA,NA,NA,NA,NA,NA,NA,NA,NA,NA,NA,NA,NA,NA,NA,NA,NA,NA,NA,NA,NA,NA,NA
450,"MDG","Madagascar",8515.59122740405,8532.15820187355,8525.01482247676,8451.05403886698,8350.3858077463,8134.13297120219,7955.02776925599,7759.98774059415,7550.35474264331,7396.84059546818,7221.42870815229,7022.64124947335,6870.29964783315,6688.8583822926,6517.93715325607,6430.94063404222,6339.98751174092,6293.87341931087,6298.33857575871,6270.48703159841,6226.29175673438,6233.06493546016,6172.28104273316,6113.35147094706,6085.61134028618,6099.64427394698,6056.35909088568,6024.56982720028,6015.05663644431,5919.6807243064,5537.83504876048,5449.84909087244,5659.63238614698,5811.23659097269
454,"MWI","Malawi",7319.32416578342,7153.33939636967,7012.42772160011,6903.30188135569,6769.49218137159,6708.68053335528,6604.5875963572,6510.37326114264,6414.45287329124,6358.75364024181,6388.57097984034,6307.88637388827,6274.08495834198,6152.49143781193,6087.79919659184,5889.6416030834,5691.78241172551,5478.53450537218,5334.72301931703,5284.53238513561,5296.89512533879,5246.50648274845,5126.86633396731,4966.18168687431,4867.39471810321,4808.03533478811,4723.10444901259,4639.74210381237,4599.16059029269,4535.69506102352,4292.39977645859,4559.83438864153,4297.3940069961,4375.40611158576
458,"MYS","Malaysia",285.49311971717,246.18565113727,209.99641425326,178.4365311595,152.30100568199,130.63440202769,110.69829197255,92.70344717336,78.77367959724,68.00415108482,58.03634934757,50.55787486354,44.71831720723,39.86617268455,35.4950970494,31.90622252125,29.03433251722,26.93399653317,25.40721965537,23.9813571749,22.46317065557,20.66454294696,18.68953908323,16.94274799379,15.44053504513,14.43565721808,13.68394293026,12.96966858133,12.24091771121,11.34999000675,10.39056539784,10.07833845088,10.13006419461,7.30909595968
462,"MDV","Maldives",4854.24162443106,4699.15782883267,4509.49685945363,4282.27464820196,4014.98132465834,3765.35530113885,3551.17802332369,3281.4343195184,2983.85806979638,2688.40864425302,2445.45102106918,2210.3613539576,1950.82827231069,1712.82349970655,1506.22945998573,1298.45399099879,1121.13329989119,951.92190929774,797.28682201946,668.24814767401,566.48333615043,481.38518565205,405.1337459271,340.22658742718,286.28614345039,248.29810269521,222.92711827856,202.4119730562,184.46414156326,168.25477383126,152.92776846,139.9812510166,132.26773251622,54.26190397719
466,"MLI","Mali",7573.63974149401,7477.35277202783,7379.52404254733,7285.40246170314,7164.80312865371,7060.36871041434,6955.92022816923,6776.64604066776,6620.69112806295,6454.49184855679,6319.68904875261,6080.53247165503,5998.79838146449,5793.52802242093,5620.01992290866,5475.3642034092,5395.98629772208,5280.61871667822,5227.64044293467,5165.40217262624,5089.90228916359,4978.02989977669,4920.42476627451,4799.29810448973,4788.47525431187,4964.97601710534,4992.42364624217,5051.85191038527,5027.21577292768,4924.3032623432,4635.11589562883,4566.88542938734,4685.42254287493,4770.21838195571
470,"MLT","Malta",150.51143203013,129.30736933309,108.62494848477,89.0209004348,72.8993724175,61.73865027773,52.71871995276,44.0338231453,36.26219170718,30.79514383163,25.54736124511,21.60863599603,18.58161997737,16.10888731106,14.07747689265,12.75513288101,11.42026083216,10.09358185571,9.04441272549,8.12750691749,7.44361548398,7.03744142095,6.56949911251,6.00706719149,5.56250456158,5.25223649086,5.02008397974,4.89032461343,4.89258699832,5.01276708258,5.05174263447,5.42745092634,5.96274434269,4.53297987772
584,"MHL","Marshall Islands",6372.3245347704,6307.70087064931,6242.520991578,6173.58877123737,6103.98953633712,6046.59972391569,6002.71485110537,5971.83111849349,5955.60863231324,5908.06535775308,5952.35603296787,5787.71548986189,5692.95178470963,5586.8325220072,5495.74048409185,5404.48490787888,5340.66334972392,5293.15487312296,5253.81924675569,5201.50358463304,5133.44959427982,5041.31083125745,4926.32081354389,4798.64961224993,4651.01606316619,4489.18770566418,4318.94872747454,4127.52754625783,3921.28311839121,3710.95835366656,3536.55992296771,3471.24887172151,3239.97525001248,3208.71548005384
478,"MRT","Mauritania",5481.43761020705,5347.63075201417,5261.06074845594,5178.75137961461,4865.50211211213,4693.7664114468,4642.05099457888,4530.24540776002,4500.69311701186,4305.29313354513,4296.90209978669,4263.03805624564,4242.63245769059,4107.24269270094,4147.40037091266,4085.81900750889,4107.25759756572,3898.00990968278,3744.29790636174,3766.05045989583,3649.92369587393,3530.20505909515,3559.6203516315,3381.18933921427,3183.18900046395,3157.76441341315,2986.27796997926,3019.84662392426,2923.50131674842,2951.86115890198,2768.46643254782,2738.8114262822,2745.69365030395,2758.99236697255
480,"MUS","Mauritius",759.8270824658,655.87818700507,569.06764605856,502.24562910778,431.73448113794,380.1916000572,339.10904984957,300.20986083848,261.38282775019,228.67046219426,200.56276361958,177.78487245191,158.14228108928,142.25473049431,129.11289233371,119.14006241856,105.5504774892,94.92947111051,85.76856884747,77.38084706853,69.98341261471,62.59458048728,56.04161980815,49.40687194707,43.81276215469,39.15773585589,35.15692025886,31.41601718211,28.5947105076,25.90866457275,23.82853954474,22.92380181986,21.77310344209,11.38167736887
484,"MEX","Mexico",696.34420625105,657.54716917827,629.52864065289,607.89224806729,586.64496073867,567.04275200995,541.72155257529,506.63351805404,460.58892380986,424.33335607181,388.8620603791,365.58896543179,353.51209418503,340.36150239119,325.69726704203,313.45060365418,296.67465858559,283.39481619214,275.31316173528,266.68295968067,262.17990360843,249.61133137097,238.08971180706,230.53092522836,224.74166245643,217.34695300387,212.10247740559,204.75557987802,197.26316456617,188.74386854583,179.61567840039,181.16827395171,175.00003894817,159.36520552032
583,"FSM","Micronesia",7787.32693055638,7627.21115444118,7465.36304336713,7307.2625085216,7168.57454784677,7034.4113826144,6915.48329527735,6808.22732376814,6709.40490882829,6600.44634066311,6676.1497898189,6361.25667144524,6257.24815729632,6123.24748375693,5992.85154390624,5846.59029531331,5693.52636199592,5550.64574876431,5403.59095412751,5254.81771204562,5096.14062731453,4946.37356544436,4804.10204503343,4674.62620837306,4535.27384244837,4396.74283639495,4237.46556618406,4082.24753752731,3930.49230782229,3785.5393713056,3677.88005007959,3713.91867432554,3449.38884963338,3331.85391818378
498,"MDA","Moldova",3256.32933011602,3531.87430370134,3747.53820341685,4118.00362260269,4507.79468349263,4705.96377242685,4613.64071506684,4421.37716053672,4223.51375850526,4213.26736538635,4147.06955208895,3956.19476880446,3743.45027423935,3471.53358630234,3110.91321011374,2868.53373629772,2584.77487236798,2305.52598265657,2038.48644023298,1819.28860538164,1640.02728346919,1438.10419347574,1281.00008514189,1161.11543921566,1060.31095929507,977.25666224335,883.61561738732,801.59366407419,738.3911135437,667.79876416696,585.9932448693,535.74899328941,534.19466125747,404.03516156388
492,"MCO","Monaco",6.60018636659,6.16015564111,5.76524348452,5.47689379058,5.20572871036,4.96639438986,4.83660657267,4.64043125101,4.48639795289,4.40059721809,4.21457393722,4.05152679094,3.9093733571,3.77468385516,3.66824634998,3.50426558082,3.33147379825,3.15222387313,2.98081866437,2.82361914976,2.68912831935,2.51869832508,2.3400804645,2.15766277192,1.97605385767,1.8450879772,1.77128458483,1.7068181383,1.63077261173,1.56970543185,1.49784487839,1.4839649625,1.43045159259,1.26165835286
496,"MNG","Mongolia",7710.32272235421,7918.65782868557,7983.04149489192,7860.09326501892,7640.12254229454,7684.11608202351,7698.27291672314,7544.11585124096,7307.33484773932,7056.68363044625,6854.66931811163,6676.59217192254,6403.96253848322,6074.50747723867,5720.82496033301,5394.71255054742,4978.26118475602,4471.08590877309,4037.59492181857,3698.87379356275,3387.23389587471,3092.39876536742,2741.82672796968,2396.01958246112,2076.93661694975,1864.47369349023,1685.58239516489,1529.52243054441,1403.04231183385,1279.02519347858,1180.01383310867,1182.58468087145,1118.22248363575,777.28812671166
499,"MNE","Montenegro",1650.31844137583,1793.0233063999,1929.49388888441,2060.59240295312,2164.99055114119,2218.253880195,2200.3468538104,2190.80659072529,2159.93336736909,2092.26096425523,2043.40593131819,1974.9886800769,1871.67901796977,1753.89651159781,1623.7431678243,1495.44220870132,1381.3763249488,1262.67028636444,1151.16594100468,1066.75367716911,987.0133178953,923.42525501376,860.54554468719,804.00233688708,755.91009717692,708.05972182547,654.11474141813,604.29284976573,560.10582094579,513.57632003438,472.99036780319,433.36122559757,408.47762429535,365.01093103177
504,"MAR","Morocco",2986.8561110058,2837.08156092222,2690.24084110567,2555.00059063763,2413.12384334269,2271.44010637939,2150.99509228582,2032.71595874528,1928.43788249107,1827.18577037859,1727.54881616284,1620.55358519015,1517.29200069063,1417.23176028814,1316.959312687,1216.30455994514,1112.64793772111,1007.765232511,901.09562948893,800.38207815046,711.62130542628,629.81736103613,553.06074382282,484.65206912867,422.61540919521,373.02878674508,330.78070320901,296.41534210766,265.40920653071,237.46948302761,212.75063179331,188.84548508377,168.25198817994,87.1626892336
508,"MOZ","Mozambique",6073.01438945998,5990.14266300646,5930.13806898118,5831.92393931101,5733.31130421574,5682.24965587044,5608.17271569797,5521.6476978587,5439.94668629937,5354.82284488938,5277.12622409327,5101.84454259933,4999.61373618522,4885.55796192406,4831.22637256108,4746.99406674704,4724.19215340435,4632.82392718243,4657.61915662527,4601.86330043596,4543.93635160799,4494.72390329928,4489.48113758883,4457.8860410589,4378.67638848252,4340.7186468038,4285.09429705546,4239.12245251081,4197.15198249389,4234.00666703796,4005.48319109392,3934.0930281981,3951.49279707427,4069.14782314492
104,"MMR","Myanmar",10274.8604783397,10253.7565859518,10125.0963156251,9984.28705101371,9818.62330876835,9676.78938215225,9498.54884996128,9350.98377334452,9261.99656642523,9095.16244961269,8965.10207655118,8805.68069415578,8622.6356905866,8444.24864821003,8272.01428149035,8087.65223393052,7854.17492825314,7618.15479319149,7924.67649889795,7210.01098227383,7005.02811662851,6797.27617310786,6646.41958971599,6561.44974419529,6414.59735760786,6238.01908808356,6075.77554945892,5818.77861926793,5627.08835159182,5469.67564630365,5261.65584432765,5317.57617170332,5294.90092859613,5199.01887159253
516,"NAM","Namibia",5145.53267622055,5081.42499986998,4983.96721846085,4854.51671547985,4752.884120433,4590.68532623014,4462.18165261391,4349.0537517795,4244.27098431507,4154.81638285579,4085.57760577041,3974.06241507836,3932.69292434344,3857.31618214256,3711.22974680038,3602.14488247113,3465.48486490036,3389.90759962408,3285.69243326799,3159.64941177117,3040.80004127303,2922.33537673665,2792.95587460829,2663.11616071665,2530.48881721112,2439.83912610886,2345.18039790204,2241.36040403113,2169.6492624255,2112.92344247886,1931.98725660461,1833.6700930993,1894.00412290845,1840.95933325724
520,"NRU","Nauru",602.61354420415,757.53623259532,918.25329260468,1085.34603257731,1258.79047043724,1438.43108944126,1648.61609563665,1894.04786774619,2145.42399227305,2343.73700953352,2459.69204594273,2519.37346469834,2562.09940478649,2589.5454926788,2607.86130010817,2602.59552177976,2556.48233722485,2470.26446218905,2344.60456907182,2219.37384368984,2102.25688053895,1973.87420301405,1823.71154369613,1675.2764383001,1527.35381343899,1401.00578610333,1282.59740053426,1152.34640321,1020.32478784038,901.74596984468,817.03391975803,783.33317704977,673.91352125956,524.6604652281
524,"NPL","Nepal",7630.94849707006,7525.6558648438,7375.7360165456,7198.15468560311,7065.6171709163,6920.60186683467,6773.15146359738,6634.47062239556,6479.66414389143,6318.63318444898,6170.06243729205,6033.13421823743,5911.66697241948,5815.76213322599,5688.46507485587,5592.57383145403,5440.04689337449,5272.70849912596,5076.13347755416,4912.45025067964,4716.02402118729,4593.28527495611,4508.38074772741,4365.76048866119,4249.53856819143,4068.6667317827,3978.21586208729,3842.22187158126,3740.61250099913,3622.51370515756,3338.56511274794,3277.38912033479,3341.31118004176,3364.11199812342
528,"NLD","Netherlands",6.64777136026,5.9892090543,5.43576598969,5.11163514481,4.66211048031,4.40322682533,4.25171696342,4.16896190511,4.22199236728,4.32933476871,4.39403601183,4.54299066875,4.8452575664,5.06881891669,5.09403213479,5.02325032777,4.75246756111,4.4610255877,4.17188613886,3.88697821319,3.63325629994,3.42002942843,3.24528844808,3.04900244309,2.82662161295,2.71553296351,2.55537791068,2.38428819283,2.2261270199,2.05928017378,1.92011045766,1.88817836419,1.91763532952,1.6635936191
540,"NCL","New Caledonia",NA,NA,NA,NA,NA,NA,NA,NA,NA,NA,NA,NA,NA,NA,NA,NA,NA,NA,NA,NA,NA,NA,NA,NA,NA,NA,NA,NA,NA,NA,NA,NA,NA,NA
554,"NZL","New Zealand",10.20987733302,9.3242017852,8.6558139847,7.83873116518,7.08880773619,6.48746779814,5.94069353811,5.29739172664,4.7014853471,4.31318488609,3.89240614349,3.5549486938,3.18145719303,2.84454493145,2.54356670897,2.2828190729,2.11751317912,1.97752518364,1.84310450887,1.73308200891,1.64519356514,1.59146968326,1.51893152693,1.43825581965,1.41702330133,1.36882818734,1.34059581592,1.32886354756,1.31742510811,1.3004626728,1.26828015642,1.30141085508,1.30869633064,1.16879819218
558,"NIC","Nicaragua",3289.82136681226,3184.80807502741,3081.39504598535,3033.00155911412,2947.52302218689,2888.66967394115,2817.70444314094,2717.87165168208,2751.25474657016,2550.296431362,2498.00606202809,2469.37473137983,2449.41335986305,2420.08591075363,2375.24640032926,2341.82318048289,2291.00196460474,2279.75678746869,2274.95623407524,2260.65626924117,2239.70998643888,2235.50951440526,2212.99640580682,2199.12231639254,2162.32606013971,2107.9280310526,2051.02845026273,1968.77953075141,1918.7474764442,1913.66619700749,1854.21990049785,1781.8970281527,1616.61469388074,1495.60392474824
562,"NER","Niger",8724.64041823642,8679.01228404836,8591.34072536659,8539.67525708461,8432.40998875936,8335.84675597055,8162.77762704956,8017.87197915975,7896.31756529881,7724.31880525803,7711.54103670256,7532.90395693422,7456.85007838537,7245.84587904193,6995.72517328885,6951.03473279709,6833.16227285734,6584.72915848053,6382.65664103099,6305.2854910043,6153.98945992456,6183.4007205284,6147.21865242333,6174.0338965938,6127.0781719591,6399.87148053289,6370.05573618771,6274.58193344142,6173.83726506057,6037.89070275535,5793.3107973208,5498.30519316647,5679.89372945422,6018.81846573684
566,"NGA","Nigeria",6119.91629734142,6183.90041250042,6077.90599161217,6042.32259276968,6000.40257788211,5955.11106042324,5936.40727800929,5853.1966501174,5796.50512970065,5708.6088474759,5660.92904441078,5522.0155200761,5389.58298109138,5185.97774558037,5049.54794165042,4890.11820379143,4759.62113141498,4567.36510209032,4408.23208457849,4299.18403868977,4239.31722281071,4152.60560524122,4092.31632551513,3966.52292974256,3865.40740365625,3937.93830130113,3797.38249187184,3713.96861933766,3594.29086966744,3457.220473645,3263.0811006422,3116.52210788803,3096.54035309375,3065.01981744412
570,"NIU","Niue",2670.52171067047,2530.67756782709,2455.9520183168,2350.87016947251,2244.5319162048,2139.89151069495,2046.24987528652,1958.09750602755,1870.15536132949,1774.39084389213,1670.63748024939,1549.45751423075,1414.95854189577,1273.82000995122,1142.5239151583,1032.31793731077,941.05534611888,855.21343695571,779.58730651514,713.64139908555,656.13154196059,608.80154518634,569.32994942562,533.20414366531,498.89394995816,462.98567682494,424.58812916393,386.89896535852,350.40523267331,317.23716543306,267.05551229409,247.28188574115,236.14096933889,179.40328970605
408,"PRK","North Korea",5056.32392672446,5078.46327453034,5102.55250944278,5119.36382507501,5130.53944064014,5141.61481798839,5157.75385482583,5172.64223951278,5192.26971624165,5205.2756873517,5209.03754916648,5202.58750584498,5187.37420273348,5158.40274505405,5125.7187163499,5085.71701721418,5034.23026901038,4985.11473859085,4934.31134506802,4888.93330829907,4854.40471194638,4827.02494443117,4743.96216459302,4708.77878274048,4607.97152966327,4530.04222920145,4447.62945747259,4415.63003111958,4362.26571118993,4312.75229945397,4164.36454250874,4117.43236750742,4137.64993072079,4196.10769977901
807,"MKD","North Macedonia",2203.40494644278,2231.00734321447,2273.12383961191,2305.05772706112,2313.72852376919,2324.15013702042,2296.8862244389,2262.29616255461,2215.39757784813,2171.53212715447,2131.96306339419,2067.4672360457,1986.89260281183,1881.37928345354,1780.63546662635,1701.07729636547,1603.52261364844,1490.99732029666,1362.20350953414,1236.49203323401,1120.59938561183,1025.19045319845,914.93711923065,810.90496077106,724.52176872131,650.44908570399,583.05810700672,526.46608153514,473.87336571975,428.94749106618,374.89583353331,326.60719503246,295.8494422067,174.44811075147
578,"NOR","Norway",5.05248932663,5.10653994057,5.179377036,5.22676818124,5.15129880954,5.09905316608,5.00758646237,4.99379052072,5.03257163295,5.00503925791,4.8438881353,4.65666298791,4.44114613246,4.12099707838,3.81429129584,3.6117009131,3.44840632585,3.29171086273,3.12135596985,2.9274005752,2.74665916194,2.56213309058,2.35476406868,2.10371743681,1.87070711123,1.72106303672,1.58935390621,1.44409845588,1.31646511229,1.21273520767,1.15031900021,1.18724228355,1.27019900309,0.93183704295
512,"OMN","Oman",51.18158682506,42.43146565373,35.60114592177,29.50450276413,24.44881857737,20.30695618823,16.83503939531,13.74075374393,11.10112240128,8.95143805945,7.53593904116,6.5025077881,5.77157465974,5.15660011339,4.68369527366,4.36818314013,4.14866431874,3.95098438209,3.7417610361,3.57312110878,3.47576946161,3.44843778092,3.44043152407,3.37436448538,3.3340171274,3.33559176956,3.10680872695,2.80631398544,2.41292689298,2.05356923972,1.75566345018,1.57470399952,1.34040573783,1.59859908974
586,"PAK","Pakistan",5726.643408072,5728.17124296203,5715.16169055077,5713.9622965886,5671.74208070427,5636.93747451354,5569.96697070241,5498.21501219259,5429.34451508457,5350.89525459654,5298.23718048908,5235.42769240348,5178.80414151709,5125.2329572996,5075.27648195148,5077.69252671825,4913.31161272955,4817.12904135303,4729.44102038028,4630.02257194804,4521.61288433486,4469.12812016366,4432.80530677566,4364.38531363184,4284.74283037472,4148.7534296651,4041.33221773755,3890.35220324884,3764.84638540037,3614.8700106014,3407.02213756617,3361.43351936528,3215.64503868938,3274.04172922624
585,"PLW","Palau",304.60899129572,278.13798791815,253.6853665594,232.26249792326,214.33352989424,199.69666781231,187.52161031014,175.74158692311,165.92126319745,157.66311563175,152.34597376902,149.02178994313,146.4221859267,144.05087965363,141.75726134592,138.44351846943,134.06809261518,128.09248292493,121.85517614428,117.0695694643,114.65016660545,115.18579090528,117.31290555324,119.99377680887,121.84101626992,121.67443228502,114.09732344352,99.01324003074,81.68311293879,67.00068262016,60.98774233353,66.42220045252,72.46613548096,64.25159044432
591,"PAN","Panama",939.94815515989,899.73461306068,872.76858736445,848.40835909658,808.7678042406,765.42067008484,723.02955972649,674.99734153827,595.30107488712,540.65088804461,496.58944914818,471.78913636525,451.43372109263,437.60508852084,425.49264149456,409.90356640881,380.71391324246,347.28524046551,312.39110849134,281.94186022131,255.30957078994,226.64312223597,195.06609384371,168.18195191897,141.83620893075,121.85729585994,108.17367568286,96.88370440089,86.65919175484,78.64933485577,71.45948410853,66.71769590478,63.07712595584,31.4365987038
598,"PNG","Papua New Guinea",8284.86911517535,8250.81420691004,8175.31497215861,8103.70352593471,8041.04951069774,7998.99674587316,8031.05833296118,7975.01113484186,7953.53988598672,8015.8026463971,8023.14582349682,7970.51226040214,7970.25731401647,7904.99713631938,7830.73595263778,7800.03340607672,7738.28367474304,7731.25220445601,7593.73399757999,7423.14079012009,7494.77062966882,7481.7240964032,7389.83663031589,7160.58117602081,7105.13000378571,7156.32378599967,6950.48061850676,6876.91555450336,6778.83264916318,6809.60721106187,6463.09125116578,6216.85806096223,6473.09394492907,6517.23634803817
600,"PRY","Paraguay",2391.91402126323,2310.26791895695,2283.14396925145,2268.13230098181,2254.3011853196,2228.83461575227,2197.93913045492,2137.51226660347,2102.85638082456,2060.84106694996,2016.09571869498,1964.854638762,1934.46551082991,1921.19010328728,1928.61199304574,1912.35330910118,1880.36386809731,1828.19137788645,1758.33839878833,1704.99276718062,1646.29086583024,1559.34974010933,1465.40045284886,1373.58939874035,1283.87030748043,1217.92946355482,1168.44722858006,1097.48242896437,1046.92212434778,1006.65997195912,956.51415657412,951.6532545295,873.04727220525,726.33051069019
604,"PER","Peru",1592.03830952604,1540.63920898981,1507.59635909027,1477.38896672287,1435.90237856042,1383.78048148989,1319.81687437312,1232.17510887305,1145.82106685785,1048.88454815995,974.72862107785,913.04782957742,879.49626196434,867.06123841195,844.36678390206,808.01861879149,764.56098720543,730.6060875352,709.42338347975,696.23783251385,665.23234232256,613.80254036501,548.91401311095,478.18416380547,413.4895816969,365.34471339556,341.8621978598,330.88194010358,314.72365910147,293.08656445535,248.31145941884,241.32585979823,224.00517006706,179.72286640618
608,"PHL","Philippines",3964.26238314614,3818.77467853009,3773.99318216051,3721.83594517625,3665.56019694299,3616.84234671089,3589.31621995743,3500.88991894595,3417.61967904806,3348.70975007815,3330.39729445703,3343.60666257192,3338.02924368702,3248.26154686098,3190.50777146756,3212.60274617938,3186.57090957657,3131.96551092584,3131.64498591561,3143.25851872696,3113.44348689093,3064.73076843,3019.5315749157,2939.41382554728,2830.68875055408,2777.71113500151,2724.95565750486,2631.61703637208,2544.5582982541,2437.22675060566,2190.04477155071,2319.96283887684,2216.92636486733,2057.37525666915
616,"POL","Poland",1017.84784132894,1008.73092961253,952.97851617046,895.55154686795,833.40404812581,781.65507687579,721.76898094966,644.6556376288,561.53156725157,488.89043979325,414.06050547119,359.17327732781,312.02723729743,275.88891789857,240.18001032891,209.90596478473,183.05836197723,158.04176132881,134.94877173796,114.87866177084,96.79267583336,83.45150084865,73.12888893282,64.12701390733,56.08260878643,51.04820163449,46.15622880819,42.23711166094,38.93067447234,36.02171711892,33.73953533601,31.39276325972,30.76940863396,19.75447645583
620,"PRT","Portugal",216.85723258656,185.29106248749,152.20630158344,127.75518336064,101.80406149598,85.08085022367,72.86822288757,60.28794988861,50.63258947945,42.67479065842,35.42043811986,30.21439324261,26.20085948895,22.76617795967,19.14837386451,16.63150501181,14.50606014335,12.67234993063,11.12426755821,9.86392111633,8.78939214968,7.87186589089,7.23198075937,6.5752984635,5.98862257277,5.51037954002,5.03123182139,4.49268678922,4.05511658073,3.62745080148,3.27099886713,2.95321272916,2.89230800048,2.01972992992
634,"QAT","Qatar",6.84344959963,6.13837709044,5.47490493406,4.82983072007,4.22519517383,3.72743588057,3.35205315766,2.98067727458,2.60232981715,2.28839129336,2.0624234141,1.89584065477,1.74959496331,1.6259630018,1.52278313396,1.46866510933,1.40342516395,1.29814297858,1.17960460131,1.06828523378,0.96667643375,0.85373513766,0.72606449077,0.59238343001,0.48844050899,0.44256775237,0.39789668451,0.3716895189,0.35375028385,0.33026990169,0.29728001958,0.273437481,0.24396841951,0.25966009069
178,"COG","Republic of Congo",4799.96674532195,4691.9692721548,4645.36033168272,4597.5478288215,4751.79338150256,4690.25921334248,4648.91270694552,4731.12680091696,4503.87965208741,4511.79677078169,4461.22037885727,4254.35544584767,4192.22974832201,4161.82824514004,4068.80226123584,4048.1076891374,3985.62570129183,3936.86319630918,3892.903237619,3820.99900934575,3692.78016578185,3526.68105948251,3376.59520778514,3210.75672832936,3070.88735544526,2983.37256593157,2892.98404162094,2811.13092404338,2736.80274467286,2718.28901137864,2604.81530642404,2560.74209714655,2629.70845181622,2525.80377332784
642,"ROU","Romania",1749.26615247622,1803.10656484538,1856.75558153263,1866.15286506285,1850.16710942418,1876.71856528345,1897.64679040003,1813.90878315887,1687.68212289837,1576.81028469583,1443.20436935994,1339.93477089101,1241.34173832241,1103.3541440702,954.63458281853,836.48909193888,710.25094424682,583.24350192297,472.35481888813,386.15165083582,322.75670494325,276.71659071923,241.02420596811,210.81965461555,190.0777046058,172.12027926557,153.10024465878,138.11231545378,124.69867430421,110.89480549443,96.58418272811,86.20841691058,79.21434206151,40.18155649274
643,"RUS","Russia",141.54184940303,150.59321006381,166.44543734413,200.53070800501,227.09467564993,228.75252729632,231.38453987216,239.00226508052,249.35692068254,273.38575533624,285.04016955567,279.16670583072,265.65769094373,238.60143415269,201.84189402203,172.6116619615,139.02108871302,109.19759431868,85.94472701195,66.04561182515,54.42970216614,45.96672506758,39.47165700537,34.20658951861,30.39467714124,28.05960073329,25.9668731655,23.86862951455,22.61918720174,21.32116340678,20.81166034328,19.67458547837,17.70845014933,11.03910185114
646,"RWA","Rwanda",8425.17625597248,8528.78682820609,8667.92715781683,8762.93873650145,9724.02013342791,8723.54509857761,8369.53048622568,8206.01698458553,8054.67993280895,7781.26218311076,7400.91893222291,6955.94867318254,6660.85195284326,6368.72886088759,6347.3907748718,6149.31752439162,5958.46764597028,5727.60312405499,5463.81534381541,5203.92556851306,5052.27038224982,4952.36141097098,4863.04701316065,4822.87067900945,4816.52010674377,4738.2308989968,4610.01353585084,4503.50820968153,4416.88979456847,4362.41532071921,4162.74138286474,4067.08951487064,4188.01168247215,4236.92255839883
652,"BLM","Saint Barthelemy",NA,NA,NA,NA,NA,NA,NA,NA,NA,NA,NA,NA,NA,NA,NA,NA,NA,NA,NA,NA,NA,NA,NA,NA,NA,NA,NA,NA,NA,NA,NA,NA,NA,NA
659,"KNA","Saint Kitts and Nevis",513.98386876843,443.310915466,392.59085565894,340.63807869258,297.91146822893,267.69840353909,234.14602761454,202.83282038798,175.54354162912,152.70633850133,133.78418909713,117.04133166345,102.40914443814,89.26886093954,78.72309215468,69.370036284,60.5747121323,52.44064195859,46.22823136288,40.92127332573,36.88733557878,33.52645814313,30.41774890451,27.75304849628,25.89421190962,24.24283857239,22.34760935736,20.68656034905,19.13186318365,17.79237276643,16.69709074892,15.63532024634,14.57527637147,11.18615360684
662,"LCA","Saint Lucia",1418.57288434003,1251.34028322297,1081.54137987053,947.86982275811,832.68183817574,740.2125420636,657.89338836124,582.43456599451,521.12169025748,475.92546261506,428.53926223456,398.22224142651,370.64369856623,349.45705871627,325.00888225759,305.52760470273,282.58948282914,257.97036442593,235.7417250009,230.65072737432,221.29238776006,210.89607429211,201.22781672419,195.16419840486,186.1752419336,177.83768196992,170.5533307802,161.11820188077,150.05537493639,140.57563542657,137.65815224372,130.53169228027,122.76572951845,106.85419546304
882,"WSM","Samoa",5177.1237454673,5134.64046081675,5092.42900046331,5049.25407443053,5009.912540148,4973.51710202009,4945.11635986298,4920.57769219612,4901.17884437077,4892.36066543434,4864.45176464282,4816.81744132871,4768.41149281076,4704.02061351949,4642.68114701213,4580.716478206,4507.47733486876,4429.06762064956,4345.94653761396,4288.11945093118,4212.19242717103,4150.15169355634,4098.11246855999,4049.39333252067,3993.69858712059,3928.99807770829,3859.51753064043,3779.47547194628,3714.89884865811,3700.02408427331,3532.03283218494,3465.33287569597,3452.90934761167,3498.95457283552
674,"SMR","San Marino",23.2687983173,21.54163737197,19.94208315211,18.41300236186,17.00403246719,15.77318509681,14.87588730423,13.87064101164,12.92188694899,12.08522808473,11.23623149798,10.60712959748,10.04984292729,9.46497761461,8.69183660387,8.21463379776,7.6902123133,7.17562555886,6.76038517312,6.33761546249,5.94632892514,5.55402946117,5.16516463136,4.81801380238,4.54055471038,4.25900715051,4.02820013467,3.80858454024,3.55966831583,3.34052325301,3.0302287047,3.02119846833,3.01183346373,2.77816396548
678,"STP","Sao Tome and Principe",5837.85895635464,5757.46854652759,5737.92729232513,5669.50091591757,5626.82621148936,5443.38668673165,5439.42786997276,5429.92185830114,5432.63226399297,5422.52833640177,5170.09628550018,5120.56136588031,5018.57427180421,4910.78555501588,4848.88124084131,4913.14336162087,4920.0116319684,4789.76820689479,4616.1117242975,4399.63623758051,4279.46258264615,4018.93666846024,3739.65350734004,3565.02302400251,3440.01876739002,3313.26137986878,3165.83701271173,3004.61211506778,2886.59678246492,2792.67793174334,2656.64770218424,2506.11228548409,2452.45149619153,2324.94318267915
682,"SAU","Saudi Arabia",139.69251443577,126.51212430953,113.98989544065,102.26229296507,91.33101875209,81.40170693607,71.85361101786,62.49892253458,54.29167214886,47.31059416592,42.16569116619,38.30837298649,35.24860000152,32.65638898717,30.42367670595,28.46540592467,26.62380925255,24.58385756346,22.56679250227,20.53826118922,18.5835187315,16.4409477165,14.39459144065,12.34659025047,10.516084023,9.50001339418,8.3548027807,7.64467013517,7.00892001617,6.4442631923,5.85879674259,5.32237768608,4.72194206577,2.44329775208
686,"SEN","Senegal",5258.75234583391,5248.39400053753,5210.23953174892,5161.11000581696,5113.33294457991,4975.59702838795,4961.16230578895,4815.5122549239,4760.58496409499,4677.19281410092,4460.95648096252,5112.97895632847,5026.47332015835,4649.6165690928,4734.13249794546,4629.33524373368,4499.06753258029,4502.42741205426,4538.78756564872,4589.75202660678,4376.43486449489,4372.50279746081,4280.1984416629,4166.79406884746,4273.94103267509,4200.50295380498,4182.22744906683,4109.89085365841,3898.49480133889,3971.72507684605,3653.51823675071,3473.98685415929,3687.87113552671,3698.91022699185
688,"SRB","Serbia",2096.20511557326,2255.04668136444,2409.42825275854,2572.1374169121,2699.91988108351,2778.74686746625,2815.27225587025,2824.33439593887,2775.99251576926,2721.67904344116,2669.04605364183,2556.80374678413,2372.33885351895,2162.93919481002,1950.83878451635,1762.37166333463,1588.15934209891,1415.77148534761,1266.38178715827,1129.20278688316,1013.86354454357,921.67052799002,835.66249721743,764.04337196204,704.00449665631,653.01013114281,601.70921307014,562.0610400953,524.113436401,488.12140427871,452.09146162428,414.53157811667,371.35101444881,297.48990966755
690,"SYC","Seychelles",226.04768020705,197.80861517127,170.98904766804,146.91898716318,125.24642362472,107.65701835586,93.1620029884,80.0639663618,68.91678006461,59.94383049874,52.96084418902,47.96085377363,44.32437470298,41.28631266369,38.33991118819,35.34156012386,31.86380614909,28.52997096259,25.33081290633,22.54559320671,20.14237277382,18.15138323618,16.40414551633,14.79979514574,13.42038323048,12.32864156737,11.3883101759,10.49465858824,9.68415789012,8.94885173142,8.35720631663,8.14045849052,7.95603831044,5.82027221649
694,"SLE","Sierra Leone",7988.77645035752,7891.13957027498,7859.01706986758,7736.85846010913,7673.91878414435,7583.52433486399,7435.80356268112,7270.52980820248,7248.51605899587,7160.49256332715,7127.54502655112,6987.51978571991,6940.59630995635,6888.59413438488,6922.24523830562,6903.68882022173,6946.8925513517,6864.11883157811,6702.20769180639,6580.0253660639,6642.11253660684,6643.76566960241,6645.67547166278,6493.52488728543,6366.79127595498,6432.32443075895,6288.76040770143,6277.4277657416,6219.5031092945,6153.27834807362,5829.07348246327,5555.26342537001,5774.39465993728,5924.54971477862
702,"SGP","Singapore",84.63828113478,71.39179461341,61.23163502489,53.27019460964,47.22517677282,42.98363306335,41.18873697155,40.09369073159,39.57575576999,39.10177730873,37.19758575975,34.30050157602,30.32262633521,26.63383779784,22.92500980993,20.07194780762,18.00367646135,16.32244877245,14.56901210761,12.86754942386,11.52239323464,10.35035826138,9.31257232492,8.33877020295,7.5506056882,6.88633843464,6.36755828058,5.95507614934,5.51433365864,5.20087955459,4.88848281092,4.81544990499,4.83375473651,3.70875853885
534,"SXM","Sint Maarten",NA,NA,NA,NA,NA,NA,NA,NA,NA,NA,NA,NA,NA,NA,NA,NA,NA,NA,NA,NA,NA,NA,NA,NA,NA,NA,NA,NA,NA,NA,NA,NA,NA,NA
703,"SVK","Slovakia",64.47092107284,66.2571279629,66.33679635134,65.59293712116,64.29791898619,63.5749816161,61.41845577041,58.27762197206,54.0796213864,49.55398150754,45.09159088871,40.87018238171,36.37579468362,32.3254559496,28.56992608359,25.31935894649,22.05457280721,18.80788770295,15.71926934315,13.23169415938,11.36016754987,9.97348820556,8.78850725445,7.88756452063,7.14280942548,6.63092170986,6.1541105087,5.78853520189,5.43068251551,5.09467722352,4.82604522324,4.66173753767,4.53421647196,3.3057290567
705,"SVN","Slovenia",160.48538626461,166.56548857685,172.79953968639,171.97455051492,168.13848382654,162.52469330018,153.6484912818,141.68081790302,126.9569667684,110.50697169319,96.99414107002,86.93581962807,77.18025597678,69.5701565003,61.77767328387,54.70584858329,48.44557448005,43.75531805242,40.25041930798,37.15644844332,34.39105007221,32.05450210034,29.83809511297,27.77507410257,25.94548421189,24.62017209173,23.082268391,21.81427812224,20.50746924317,19.36377074651,18.45834009435,17.91017424373,18.19153884289,15.36742646361
90,"SLB","Solomon Islands",10717.842559987,10791.5039704599,10504.1850512284,10407.8634908666,10314.9863965037,10061.8742793151,9942.41135078865,9922.52775309983,9795.867883329,9569.23001563155,9569.79768450166,9347.12073991387,9211.98572095924,9088.69371195101,8903.22477461107,8952.52992832826,9004.93256422323,8808.96947625101,8622.55144399071,8953.72284373231,8841.27087828064,9457.01987018056,9683.81828511619,9824.21317055114,10067.0159236663,9966.88251665347,9629.30674254545,9611.81566919345,9584.75047573089,9693.42075619522,9712.49453757602,9544.24418412271,9756.65308616617,9691.18896385484
706,"SOM","Somalia",4785.54835818285,4797.15479695479,4859.22775858807,4772.43771164818,4865.26265185801,4817.6559077591,4805.57145428415,4793.99847449379,4769.09214809823,4746.62083377317,4789.80819386764,4765.44775598792,4766.17788588312,4746.01357255326,4775.73821751932,4798.62401495529,4694.92633760825,4669.31390969264,4635.49665103334,4597.93182545739,4526.2811035744,4489.00553724127,4412.19159391465,4369.82175782655,4310.1182618162,4214.67014648957,4136.45341895568,4040.75151876223,3974.60368683197,3924.17869843736,3787.30408911736,3845.75514904766,3799.3959034702,3827.9263852743
710,"ZAF","South Africa",1497.09538230674,1449.95360401035,1410.22163881826,1402.30631071,1410.67885678198,1390.80215951634,1454.42122956353,1464.74440459166,1473.27646268232,1412.72325757159,1355.20410472852,1319.68721274404,1298.5040073536,1264.99708614316,1203.8187325019,1176.39835993886,1133.25390247015,1049.55733935793,958.93023842926,874.85347746462,789.80502363396,719.53172847216,657.22350783102,611.60877566007,575.52079836487,539.96754296426,512.31608664724,485.70968226202,471.87533894454,456.80736977558,409.11341935273,400.81840187472,398.81465292999,342.30179753763
410,"KOR","South Korea",131.16117254842,103.73353614064,77.4201502249,56.99634426753,42.44776229081,31.86777208802,24.98202342523,20.14108859371,16.05717091926,12.88348898336,10.41391381997,8.42763480328,6.87438663777,5.52361643707,4.47884237778,3.71389549998,3.14489416289,2.67522713149,2.30113823911,2.0260712545,1.85842445011,1.73948678195,1.65912241849,1.57893195703,1.51658049033,1.48940226168,1.48554552422,1.50771693327,1.56626012007,1.60485562614,1.65256703853,1.74370794852,1.95466455356,1.69888150503
728,"SSD","South Sudan",6829.3377668215,6752.64202285746,6770.1130413509,6739.69937724327,6674.37606590346,6727.18175928544,6540.21674492864,6192.47625523743,6075.08055058147,5894.72499840804,5809.91765042461,5544.28569065592,5405.98673800104,5376.83679778327,5352.10226774641,5266.25518990409,5360.26953103498,5301.4584966165,5221.73365900204,5196.66184886105,5153.49315089743,5148.38245541909,5250.29217729524,5374.21214308964,5451.51630459232,5633.09873418688,5715.73806748541,5768.54330932757,5820.91677964027,5806.02753055692,5686.83972313912,5533.87205539152,5922.46850712079,6091.64097447406
724,"ESP","Spain",51.97059414279,44.39877461174,36.93081552881,31.23423816816,26.05224017992,22.37728488725,19.32604130883,16.46800472618,14.39185743378,12.68410194173,10.95613394184,9.71576261748,8.83037321692,8.10370084317,7.3171894297,6.84231557809,6.2904054679,5.96766968706,5.61761245552,5.27968218313,4.9420681573,4.66462982839,4.36740915347,3.99191421262,3.72563760899,3.59555363163,3.41499069489,3.29821408924,3.20628174488,3.0864765037,2.98819870998,2.93186324394,3.01496483998,2.49991465267
144,"LKA","Sri Lanka",3828.34167848541,3654.53680972536,3545.55873910404,3482.20160302199,3477.95859865732,3443.29987682152,3482.11515299701,3378.28857357336,3269.91274722779,3137.41047553417,3002.4298565451,2906.52894473504,2809.27931288442,2730.2612208833,2868.99922117711,2626.49949426742,2554.08459419595,2468.57182664587,2382.63429338634,2296.68998889192,2182.63628476509,2039.36694195269,1903.29414112484,1781.59235907225,1652.87950688442,1533.15902167455,1419.78911327638,1321.29055555748,1223.41369952982,1112.5044213848,994.54379433146,921.02186366424,1012.05507675073,903.94551084022
670,"VCT","St. Vincent and the Grenadines",1346.9565972479,1264.52420993678,1206.85519462478,1164.52278452301,1100.14536739757,1015.10025271738,923.73766958326,864.88017631195,797.04152224323,713.6128333816,643.09493340614,588.44658370598,534.98580289043,489.49507399887,445.63559108856,407.36674485646,364.18111345822,332.87607899261,302.78043038043,274.06078408112,252.8712091396,237.96750457225,222.76568305254,206.83966668822,192.26246810732,173.30868016295,159.41435864836,143.72170254669,129.81548864519,114.76253363631,103.30201714862,94.70857090716,87.52156079333,67.96532024592
275,"PSE","State of Palestine",1070.48756012833,989.12658668379,914.52687780374,844.19616583106,780.34705329307,724.90324868454,672.9395816532,622.23010384683,575.13280133476,533.83482169804,503.47359389387,480.00389612948,462.69618885327,446.3135708065,429.5902246157,410.97708601388,389.26287997293,363.92035063002,337.47270864875,313.87167036984,295.82316272831,280.34735113955,264.32051163007,251.2888946185,239.15015824043,228.97260247733,211.50995664593,192.00195610259,171.06864046355,151.13409538741,129.01597687595,114.55490291733,105.85722642112,108.98466233047
729,"SDN","Sudan",10169.2862965178,10016.072719472,9830.67667012195,9724.08841891661,9459.20646056143,9271.44528457666,9068.38934175264,8820.10269432573,8633.6478442732,8292.57554075709,8045.01924661027,7743.58951787186,7490.86665367923,7165.36896316173,6918.32035822238,6646.53998848255,6391.12696103014,6100.10013381271,5852.23295562995,5641.23807296896,5375.81695253472,5139.10693385377,4933.48974679084,4718.83281681067,4437.21450238514,4283.41021300439,4010.53464303215,3781.01608324281,3517.91788935856,3235.71851561907,3000.39949301239,2748.68273979569,2474.05938618052,2525.90849567598
740,"SUR","Suriname",1227.93346222894,1209.63420093057,1197.06218382732,1166.1388210875,1130.02534500521,1085.65395247068,1041.6412054219,996.08365841287,948.74254163614,899.10714424935,824.9620722981,770.07107677369,728.13515012205,676.84344191685,624.68481921702,572.02919513981,519.92567368942,467.38523058449,417.1898838899,371.89240687242,333.06940775117,295.90979081155,263.57377956872,233.96569619028,211.11452193891,196.88474945961,188.58290018728,181.61627568555,176.56007960503,172.23858544463,165.72919256269,169.93233359405,167.32383832205,107.80473771609
752,"SWE","Sweden",3.07724264304,2.88094004907,2.68920144036,2.52790196232,2.33339725997,2.22602047426,2.13127522511,2.03850036455,1.97223642242,1.92546321724,1.87054308061,1.8984049506,2.01862263784,2.13631693151,2.23067591109,2.29825916612,2.34065502397,2.38530834035,2.41824735316,2.40412790062,2.35851633034,2.2449983021,2.0602071467,1.83224443426,1.62249760183,1.48148912655,1.37485879454,1.27194067274,1.17802756292,1.08886510643,1.04561934363,1.03233914213,1.07490365662,0.82204794024
756,"CHE","Switzerland",4.3422633817,4.13392852785,3.91817887801,3.73654215141,3.54269620493,3.34530473766,3.20086861112,3.08342159391,2.98816459614,2.88764635019,2.76163603672,2.6496381991,2.59874020325,2.55570740185,2.44983300141,2.3900649894,2.30994185254,2.2426067834,2.17902386124,2.11942313338,2.03865996017,1.94560351241,1.86784771936,1.77514665364,1.67045609218,1.59425818782,1.4974747251,1.40449123271,1.31093532114,1.23046705836,1.15314924923,1.11422942428,1.14223512387,0.99967322716
760,"SYR","Syria",233.03317070378,219.7915842657,207.87480347924,194.28000574987,181.98823105484,171.35335748954,162.10188815842,153.52342164045,144.29564434103,135.73655526048,129.00434594896,119.71936683897,109.60180026644,98.95681062409,88.42822198141,78.57595510947,69.24524987223,60.17601557151,51.61559227414,44.61959693508,40.30353158082,37.8768010779,36.0125878407,34.73115631265,33.48679937837,32.14994601625,30.24443330757,28.08696957647,25.64285397999,23.16982434605,20.20444985746,17.51341815027,15.44147317808,15.26091831972
158,"TWN","Taiwan",627.77675554887,528.98904505538,443.76017139589,362.87319995236,299.01250914126,252.8545053712,212.23166142323,174.42304670458,144.67523684076,120.88492125507,104.15720665137,92.99874117873,83.39257615916,77.13013450984,71.85428194928,67.79022871978,63.93676379785,62.93241164364,61.75340880498,61.04268705601,61.32897723828,63.62605780155,65.67266759675,68.18848671659,70.59823416441,70.39977727984,69.75955255426,66.62269311512,62.86442451527,59.2860015783,55.12412974563,53.85337167411,51.27503514099,61.20994111689
762,"TJK","Tajikistan",5710.61677533329,5943.60908689513,6259.15823749165,6649.39055367632,6831.84214467207,6728.53607397308,6448.32903592575,6192.36971107269,6058.55502665293,5957.27464501514,5883.3639679895,5839.44441614239,5733.35693496002,5585.69221232277,5372.88897909868,5147.7011763406,4895.34105426277,4660.73340573637,4445.0107755502,4270.8688061912,4102.50265654366,3977.36830259258,3757.55293566161,3544.86172549268,3421.72847572755,3364.48057057553,3316.35732534152,3173.52325769434,3015.92054231803,2947.71970237112,2815.34568540308,2835.70334982726,3045.28636824872,2910.70087416338
834,"TZA","Tanzania",6321.72914177781,6300.57652109939,6302.67671667644,6229.66538909753,6179.65577042605,6105.21266933245,6021.09151466467,5950.62190824316,5822.99826731375,5621.20547793838,5458.57980897879,5323.9139149308,5264.70438399885,5211.10012735522,5131.32935674947,4989.58650122539,4933.45130509164,4899.89660433411,4824.76525512449,4749.57733114199,4675.06813538082,4645.74480674037,4647.68206612987,4564.16231326569,4435.65686930436,4367.3739355848,4256.94792387116,4116.65753481725,3997.42338565495,3862.30172984326,3736.85502183317,3730.23788527309,3490.15023624614,3508.73805734798
764,"THA","Thailand",2306.82338253377,2197.15054951873,2099.06562917212,1986.21949824922,1892.63613406184,1783.6057554235,1592.9461106873,1380.46509009451,1321.78288481357,1331.02383726919,1287.04886763781,1216.27962619924,1143.59741363025,1069.67182930657,1002.38708101,923.6674692769,828.02754014485,744.32492629395,662.28278044689,585.19631719418,529.63900376181,471.63923340224,421.49457681052,378.74928133118,337.68715328588,303.83284148556,273.91757850873,237.26870956418,209.76075074879,190.17263387815,169.99455953915,156.26406145807,151.29073833421,88.02399185858
626,"TLS","Timor-Leste",9045.10781928261,8858.2939083822,8709.89767136121,8537.86142923098,8345.36872794891,8139.96690731919,7948.29249417843,7716.81771028647,7538.41902018047,7351.377983903,7262.88425379559,7057.91288218816,6751.60809189671,6638.21371635332,6157.96325927761,6059.43151310063,5859.6954234422,5717.28067395404,5473.53604430207,5470.24762179,5389.41238880123,5542.635448858,5594.30654402538,5519.60082922435,5434.91195468462,5367.65318281378,5314.74844316757,5281.15981154876,5274.21092197611,5227.1103073058,5065.03960921719,4767.05833613764,4802.85076122089,4872.64092786936
768,"TGO","Togo",6889.42636559982,6787.44996060519,6684.94168734791,6594.50006986445,6500.30706755757,6408.45670433927,6317.84309692492,6221.91759286846,6168.93783395792,6051.54631937618,6036.8725219322,5904.86980582249,5822.70582174405,5609.38801462853,5464.40109400007,5364.89402669593,5345.27597742783,5221.48298378116,5287.65206801561,5337.38983993173,5332.6696415442,5271.40486198242,5132.09694342002,4883.39555022138,4730.26991552036,4867.56733754841,4791.42027434543,4802.54012278108,4705.74718214148,4617.41983303946,4410.266354696,4351.88913770871,4460.82474254605,4423.49875138616
776,"TON","Tonga",4679.39299571172,4608.5120478478,4530.56369997444,4472.79043255144,4408.06473765049,4324.77852177556,4266.80720078089,4232.14107110752,4203.36607705331,4186.99730843051,4115.49231972327,4022.9055932073,3947.2993268285,3870.72392763352,3788.84729304245,3701.92094660751,3665.48354873582,3629.14140802199,3590.20545319273,3687.8371562948,3515.72241267236,3445.24398542201,3378.13520679339,3305.597543767,3221.342126692,3133.27026037182,3041.07691035708,2939.72080638813,2841.04389751676,2739.72655582929,2636.57145616961,2661.73776598031,2503.09557608162,2482.16251767878
780,"TTO","Trinidad and Tobago",34.31099170926,34.00104209558,33.31168861365,32.38485901509,31.50253464643,30.08635481538,28.42166640767,25.40221935126,22.19176757851,18.65699077139,15.32699772853,12.68713138057,10.13725728081,8.03646663561,6.07394602442,4.83229277574,3.96737780775,3.23899334971,2.68655444118,2.2643024071,1.97237898844,1.78643070035,1.63155557402,1.54459034645,1.47559491573,1.42197027397,1.36423394096,1.27646984658,1.18354856883,1.10498304436,1.0477867538,1.03016407937,0.98152974413,0.75742121753
788,"TUN","Tunisia",871.359144241,808.55322406975,741.06285864638,679.01338423819,619.6244432575,566.33150611409,511.90805637209,456.57095746523,406.68225935828,359.62457347949,316.56464162974,278.43329713757,243.00265981648,211.96948716874,183.68912192471,160.21124085721,139.86033771206,121.47114457467,105.36538949225,92.10483217471,82.00252808295,74.32622465187,68.0400587615,62.56258765319,58.23245516751,54.73341521087,51.86904086543,49.49570337857,47.12073566618,44.82386456176,42.10102921835,39.84475029838,39.19123429044,34.62355964475
792,"TUR","Turkiye",1451.28078000379,1328.00355900383,1218.56981276183,1116.95233948693,1022.80401212748,928.89440148969,823.55777831429,733.38869765223,650.74688724261,561.95784054132,494.79623614865,432.74369863003,382.60594769468,340.44392152706,300.04984754743,267.1136639762,235.34604875522,199.46605042721,161.79879727238,127.46665273171,105.63063088461,90.26640610656,75.95084870156,64.77483310632,54.93152147148,46.76593936171,40.10784381902,33.67179440846,28.00800806938,23.57289724859,19.5030410767,16.32703110164,13.73892375788,3.64028253179
795,"TKM","Turkmenistan",54.03459184659,57.50928413157,63.54036470569,71.69383301499,77.88810309037,82.63438436413,88.03406244552,93.42935837275,96.184810796,95.76569967259,94.58825802899,91.55880136555,85.48808670935,78.51643367744,69.17523767417,60.26993550512,51.24634945243,42.31205573279,32.74638752112,24.2577663396,18.51971489841,15.14360962414,12.07962704532,9.50592236326,7.63536515167,6.39732795214,5.61637454941,5.03932823356,4.56054889311,4.13555962226,3.69997074786,3.36919841481,3.08427176609,0.54459971811
796,"TCA","Turks and Caicos Islands",NA,NA,NA,NA,NA,NA,NA,NA,NA,NA,NA,NA,NA,NA,NA,NA,NA,NA,NA,NA,NA,NA,NA,NA,NA,NA,NA,NA,NA,NA,NA,NA,NA,NA
798,"TUV","Tuvalu",7106.02921836062,6868.32434705709,6610.15234576574,6358.35986161409,6109.25817416326,5881.91503957654,5671.51907424198,5461.35440037489,5241.97526602819,5025.46754800005,4812.40447520319,4546.2658066283,4295.61292644675,4039.12852043921,3787.40543409231,3551.79402686873,3344.59144708324,3137.10943280503,2939.91214277402,2774.74008009328,2628.51222319584,2496.38038177956,2377.20935477019,2265.36046771744,2156.12833742053,2045.61887658763,1937.01332326112,1821.76880947247,1715.16100147169,1614.23224364307,1523.76623944401,1499.96327312729,1407.22288819547,1221.65431447665
800,"UGA","Uganda",4769.81716683789,4850.88755140899,4856.15575623546,4883.91959673363,4916.62241670277,4901.66617579405,4875.36773218913,4814.82127415033,4768.28077287515,4703.31975735638,4687.50271886069,4600.58840013404,4531.44167293881,4384.17596405303,4323.71424202366,4239.84127533569,4181.55709771731,4116.05341033888,4055.75735460723,3988.34421927951,3918.49987350085,3907.19135386449,3919.04373862629,3928.36830085726,3890.23725633334,3818.57058328747,3714.91421667461,3588.08676625161,3483.12961961718,3361.81436413495,3175.56345176133,3190.70810195815,3207.86063480477,3247.67348948433
804,"UKR","Ukraine",413.07347458914,443.20703105619,478.78624407675,531.84791907914,580.68943710477,628.83129473737,669.9422105666,715.41961671957,749.63181192383,803.80120083649,830.11813979657,804.11814414335,779.67021888661,750.37795399194,702.77513535437,670.83312525221,604.85761940148,532.94597798635,454.88094693406,374.63687704546,322.43475752522,280.77357574776,252.66462664408,231.20375593263,206.5402147509,184.25710284929,171.86752381577,165.43305000182,155.95622669112,149.35016217229,146.39398040667,134.20138812347,124.71811980643,87.79419283034
784,"ARE","United Arab Emirates",5.92903517212,5.20720938585,4.55124250909,4.05425610179,3.65113833121,3.33033410531,3.13055309417,2.95768163183,2.87300498844,2.75678432575,2.63809420375,2.45145106054,2.18461417999,1.94825057684,1.73846257945,1.55928129036,1.37853823535,1.15587738599,0.92712407098,0.7365356128,0.63459330892,0.60484812377,0.59331322601,0.58466097696,0.58161941084,0.57387053494,0.54038188185,0.51700175306,0.49511698796,0.47465854696,0.43164161508,0.46591662713,0.56488600496,0.50128523952
826,"GBR","United Kingdom",10.15435932658,9.39143187394,8.64025241693,8.19813667912,7.39210228399,6.96091114723,6.48406144023,6.04829641755,5.72587320462,5.43318816416,5.0393217976,4.80641231577,4.74448952493,4.71057845008,4.53437136836,4.41813087941,4.2645489195,4.16615205259,4.08836628215,3.90456002829,3.75989819492,3.54927422348,3.40778303899,3.2735254583,3.10830725713,3.0592294294,2.97495348565,2.90253492119,2.8481737826,2.75902325018,2.7152667684,2.6867167857,2.79130430262,2.62763623374
840,"USA","United States of America",2.43228110920298,2.43558175153294,2.44198510814272,2.50507440944996,2.52736397242548,2.5593108201866,2.61766834736472,2.71005165724925,2.82902341010361,2.95394744967006,2.97525269066951,2.96665315416716,2.97678531136077,2.96089136576301,2.88405047512448,2.84551080801622,2.72531810625242,2.57330851774168,2.45217833581449,2.30594021639106,2.19068348409873,2.11865151160943,2.04769673422589,1.99290467594073,1.94002535538938,1.90073222288188,1.85163475722814,1.79997819395736,1.74805360150327,1.68590597490581,1.67242166233603,1.66054010611658,1.63918385617654,1.53384607395471
858,"URY","Uruguay",336.74958403285,300.73273595192,269.45429678285,244.4500393658,215.39145756714,196.50340476625,174.69254425591,152.29070544824,139.47095663397,127.79991926986,117.13646660114,113.79825900753,111.13825513677,111.01352908327,107.29536112255,102.18003445379,95.32050145136,89.25479522589,77.87392144661,68.03350810759,61.2532887244,55.2553456429,48.50591239952,42.17790425893,37.17447165361,34.24940785295,31.54855525795,28.88641669613,26.85667468582,25.00665381861,23.45913188921,22.48044303892,22.41392547573,12.71509678613
860,"UZB","Uzbekistan",2536.15638871814,2582.86364197813,2687.05826068095,2788.59532648917,2862.62502877971,2887.86070128581,2878.41379429838,2856.53501461221,2853.74056170579,2801.61933516597,2759.59222286668,2707.14060685419,2652.82045952489,2578.98207082914,2507.68101017211,2479.37006218461,2417.94443406196,2297.52647084729,2162.16519613523,2019.64580076907,1911.76237024921,1811.9126509065,1679.49157589354,1535.29775506696,1409.09092064466,1296.57949383155,1196.40728336678,1105.26018188761,1028.91151406425,966.00894444199,889.5005922894,812.71931126109,747.02162776114,631.2026396731
548,"VUT","Vanuatu",7883.73969957507,8069.11654495087,8161.17709736053,8183.3251577872,8388.95626822111,8159.2154975701,8196.82014627551,8118.97971547006,8051.46967690035,8078.34431628171,7693.61149311762,7699.9465710703,7189.84250137497,6793.9492433071,6697.37021539091,6916.24166830185,6943.54872534695,7074.48856560287,7075.33734969775,6906.08650263108,6815.97058223122,6886.8974326957,6826.98038321028,6813.86087421619,6783.75915596389,6698.57908274064,6641.10326434832,6544.96707904974,6480.0034617984,6396.59839259586,6282.15059769013,6096.77561163474,6117.03793185183,6089.68319867232
862,"VEN","Venezuela",86.00164509358,81.80315542231,77.82494279096,73.70851353981,70.53665780893,66.29018021746,61.5360473185,57.33856897493,53.5077987776,53.51535141026,48.38577974737,47.13612187997,45.66979892268,45.02511689021,43.44124145364,41.73354801482,39.37387106424,35.98126189555,32.25762265028,28.74945689179,26.28473457657,24.43011784903,22.31409827794,20.81442962138,20.38151885409,20.74145106786,23.37946314377,28.68997134318,35.43164856437,43.32390636273,51.22905960211,61.07503589608,73.85702369852,57.66152926134
704,"VNM","Viet Nam",4491.97288985643,4417.17444990368,4332.03033032656,4225.21548442735,4108.99018571317,3996.07262397225,3875.79071844465,3751.39698940543,3632.27280522903,3494.25445039678,3382.12158661545,3289.96924827341,3211.31971376906,3126.65052194148,3037.81530902365,2946.51466834528,2849.84170145867,2751.70721935997,2643.80776925972,2532.17872007988,2405.20867793816,2261.46387094109,2128.53808785231,2001.67690093177,1859.86423918887,1731.10762392882,1605.70050879283,1471.07901251126,1353.55941454883,1241.14356518377,1115.57976154262,982.35908956476,947.61610809253,848.58650775648
876,"WLF","Wallis and Futuna Islands",NA,NA,NA,NA,NA,NA,NA,NA,NA,NA,NA,NA,NA,NA,NA,NA,NA,NA,NA,NA,NA,NA,NA,NA,NA,NA,NA,NA,NA,NA,NA,NA,NA,NA
732,"ESH","Western Sahara",NA,NA,NA,NA,NA,NA,NA,NA,NA,NA,NA,NA,NA,NA,NA,NA,NA,NA,NA,NA,NA,NA,NA,NA,NA,NA,NA,NA,NA,NA,NA,NA,NA,NA
887,"YEM","Yemen",7940.07171029049,7706.6138579103,7483.24135613914,7243.00052477316,7024.22360447809,6759.0066458133,6474.23387694151,6169.24322044421,5843.88529793188,5607.92874349722,5366.16774774027,5105.77991167995,4906.74226352444,4710.67127619148,4578.99050978262,4436.19891016041,4301.89626377989,4154.46523807088,4060.20621071188,3921.45213747012,3758.98733193032,3723.28477888935,3702.295101961,3687.14345748576,3609.18924940676,3654.95206152755,3650.06305967134,3750.44837510094,3866.01514669183,4036.94755348536,4066.77575360877,4072.77259790699,4086.97742707753,3981.23925710523
894,"ZMB","Zambia",5841.65822083686,5828.2155203773,5822.43292085017,5785.1300591285,5783.77172280735,5790.43682756464,5787.84274688629,5757.07991950578,5729.5323283341,5705.65973044594,5706.80456590499,5813.71175378499,5728.33207921983,5731.92689122484,5820.88581698692,5868.93902808112,5927.18524208463,5900.76173557063,5962.60732568057,5930.58251038415,5869.12705244897,5812.60267238473,5615.22039717715,5382.39076653566,5186.56013776243,5057.28695297657,4944.63985853843,4810.05039258624,4656.14622419316,4545.65589373891,4342.44108445643,4434.82118599093,4158.6657852035,4204.54084923881
716,"ZWE","Zimbabwe",3908.49684188553,3826.41235813227,3864.92917653007,3843.80476127706,3924.46638791611,3952.54427789933,3946.25472839908,3979.38676113397,4015.26190908208,4056.47778444257,4092.45422820732,4114.20882669417,4126.75323246695,4160.97593316014,4139.19548737638,4125.1926153822,4101.55975017015,4004.56313409767,4177.55767845591,4246.35799222754,4211.57705345051,4312.73197842687,4297.58108509906,4198.77305937083,4099.75026220752,4043.45283717677,4009.86827880648,3879.21594913333,3838.36391534398,3767.4206649587,3496.4396998373,3576.31760451334,3448.60075294169,3500.14461933173
