"code","iso","country","NCR.raw.1961","NCR.raw.1962","NCR.raw.1963","NCR.raw.1964","NCR.raw.1965","NCR.raw.1966","NCR.raw.1967","NCR.raw.1968","NCR.raw.1969","NCR.raw.1970","NCR.raw.1971","NCR.raw.1972","NCR.raw.1973","NCR.raw.1974","NCR.raw.1975","NCR.raw.1976","NCR.raw.1977","NCR.raw.1978","NCR.raw.1979","NCR.raw.1980","NCR.raw.1981","NCR.raw.1982","NCR.raw.1983","NCR.raw.1984","NCR.raw.1985","NCR.raw.1986","NCR.raw.1987","NCR.raw.1988","NCR.raw.1989","NCR.raw.1990","NCR.raw.1991","NCR.raw.1992","NCR.raw.1993","NCR.raw.1994","NCR.raw.1995","NCR.raw.1996","NCR.raw.1997","NCR.raw.1998","NCR.raw.1999","NCR.raw.2000","NCR.raw.2001","NCR.raw.2002","NCR.raw.2003","NCR.raw.2004","NCR.raw.2005","NCR.raw.2006","NCR.raw.2007","NCR.raw.2008","NCR.raw.2009","NCR.raw.2010","NCR.raw.2011","NCR.raw.2012","NCR.raw.2013","NCR.raw.2014","NCR.raw.2015","NCR.raw.2016","NCR.raw.2017","NCR.raw.2018","NCR.raw.2019","NCR.raw.2020","NCR.raw.2021","NCR.raw.2022","NCR.raw.2023"
4,"AFG","Afghanistan","9.7483","9.9191","9.2665","9.8566","10.0185","9.176","10.0265","10.3091","10.7178","9.3901","8.7364","10.2646","11.4548","11.9457","12.3897","12.8468","11.392","11.9955","11.3952","10.7752","10.3568","9.869","9.5827","9.3122","8.7976","8.3896","9.0577","8.0552","7.5915","7.2386","7.8823","7.4001","8.6421","9.1599","9.4306","9.7262","10.7976","11.1343","9.9357","6.5142","6.9499","10.867","12.4166","9.893","15.0766","12.8071","15.9065","11.1018","17.9492","16.4077","13.0578","18.0358","18.3983","19.1685","16.9972","16.8848","14.8892","13.0523","17.0313","18.1274","15.3163","14.8442","16.1105"
8,"ALB","Albania","16.2253","18.1014","17.3475","20.194","18.311","21.2445","22.0455","21.6562","22.3876","22.6552","22.724","23.6513","25.4232","25.6269","25.4272","30.8282","32.0708","32.5301","34.0346","31.8203","32.7993","34.5091","37.7676","36.8528","36.0239","36.9859","36.0736","33.7953","36.8925","30.5731","15.8538","16.1533","23.0211","21.3575","21.4459","17.726","20.6781","21.3322","17.9494","19.9742","18.0441","18.4834","17.244","18.1188","19.5407","18.1952","17.9363","21.9214","22.7767","24.044","24.7486","25.3742","25.3195","25.4792","25.4412","25.4977","25.7357","25.2827","25.183","26.4891","26.3628","27.261","27.2579"
12,"DZA","Algeria","4.3155","8.4208","8.4965","6.1024","6.936","3.5859","6.1041","7.9382","7.0081","7.5792","6.6606","7.9706","5.8295","5.6858","8.7484","7.461","4.3576","5.3581","5.8335","7.9115","6.597","5.4153","5.1206","5.5759","9.753","8.5133","7.6137","4.7319","7.4115","6.0987","11.7906","10.4973","5.9211","4.4973","7.654","14.646","4.43","9.7753","7.6097","4.6498","9.0879","7.5706","13.5884","13.4036","12.2926","13.5483","11.9284","7.6176","17.0319","15.0741","15.904","18.2195","18.6014","15.1803","16.1294","15.6708","15.8052","22.3071","21.7639","19.1375","14.8433","18.192","17.5248"
20,"AND","Andorra",NA,NA,NA,NA,NA,NA,NA,NA,NA,NA,NA,NA,NA,NA,NA,NA,NA,NA,NA,NA,NA,NA,NA,NA,NA,NA,NA,NA,NA,NA,NA,NA,NA,NA,NA,NA,NA,NA,NA,NA,NA,NA,NA,NA,NA,NA,NA,NA,NA,NA,NA,NA,NA,NA,NA,NA,NA,NA,NA,NA,NA,NA,NA
24,"AGO","Angola","7.5247","7.9766","7.6314","8.0215","8.1722","8.2528","8.5099","8.5334","9.2482","9.5537","9.5867","8.8175","9.5766","9.3832","7.8726","7.5839","6.7628","6.48","5.7609","5.5235","4.9143","4.9185","5.0063","4.9921","4.9958","5.4236","5.5445","5.365","5.126","4.9833","5.5996","5.8165","5.5715","7.402","6.8591","7.2415","6.88","8.6271","7.9255","9.1568","10.8993","12.2117","12.2214","13.3574","14.9015","14.2953","15.6566","16.3487","18.3937","18.6661","18.788","11.7769","20.1784","17.6206","18.06","18.3328","18.0133","19.0518","19.3483","20.419","20.5004","21.2827","22.3863"
660,"AIA","Anguilla",NA,NA,NA,NA,NA,NA,NA,NA,NA,NA,NA,NA,NA,NA,NA,NA,NA,NA,NA,NA,NA,NA,NA,NA,NA,NA,NA,NA,NA,NA,NA,NA,NA,NA,NA,NA,NA,NA,NA,NA,NA,NA,NA,NA,NA,NA,NA,NA,NA,NA,NA,NA,NA,NA,NA,NA,NA,NA,NA,NA,NA,NA,NA
28,"ATG","Antigua and Barbuda","89.4021","108.3482","140.4417","139.7511","87.1484","54.8894","36.3107","12.3215","29.6513","30.7867","75.662","6.9233","7.2646","5.6008","6.7311","6.45","6.2146","6.5353","6.3039","7.225","7.397","8.6187","5.3052","6.3294","9.2235","8.5786","8.9353","9.1953","7.5834","7.9389","8.1574","8.2547","8.1654","8.1415","7.6448","7.8504","7.983","7.9228","8.0908","8.0824","8.0955","8.479","8.6514","8.9212","7.2773","7.6521","8.0718","8.3376","8.4474","8.5357","8.6022","8.3809","8.61","8.6355","8.6512","8.4053","7.728","7.3942","7.2386","7.0366","7.0749","7.1647","7.3563"
32,"ARG","Argentina","20.0736","19.2988","23.0144","25.1756","19.1815","19.7755","20.2712","16.5712","18.1791","18.9094","19.894","18.8482","22.225","22.3922","22.8228","25.4363","24.4129","30.6775","31.412","27.3809","32.1982","38.41","36.1711","42.7932","38.7624","39.1151","35.3617","42.8729","33.5801","44.1033","46.7428","47.3206","44.8597","46.7495","51.8409","51.1212","55.1633","72.0688","69.7303","72.1511","82.2586","87.0292","88.3115","78.4414","89.0676","84.3566","95.1294","99.258","68.1086","97.5031","97.5449","81.1505","93.8211","100.8333","111.0825","108.9497","109.1658","84.8048","111.3545","100.4288","96.8609","94.7104","64.3588"
51,"ARM","Armenia",NA,NA,NA,NA,NA,NA,NA,NA,NA,NA,NA,NA,NA,NA,NA,NA,NA,NA,NA,NA,NA,NA,NA,NA,NA,NA,NA,NA,NA,NA,NA,"18.3517","18.3075","15.9395","16.6417","19.177","15.8472","19.523","18.6175","15.2158","21.0201","23.1214","20.3","26.3235","25.8033","19.1139","29.1135","28.2044","26.9361","22.6517","28.7067","31.0081","34.9474","36.8606","38.7587","36.5353","25.1643","23.3514","17.6752","19.7681","15.9852","19.4525","21.4969"
533,"ABW","Aruba",NA,NA,NA,NA,NA,NA,NA,NA,NA,NA,NA,NA,NA,NA,NA,NA,NA,NA,NA,NA,NA,NA,NA,NA,NA,NA,NA,NA,NA,NA,NA,NA,NA,NA,NA,NA,NA,NA,NA,NA,NA,NA,NA,NA,NA,NA,NA,NA,NA,NA,NA,NA,NA,NA,NA,NA,NA,NA,NA,NA,NA,NA,NA
36,"AUS","Australia","15.9407","18.1627","19.0543","20.2876","14.942","21.9967","14.2389","21.8404","18.4208","18.3143","22.4237","17.7595","28.7087","28.504","33.6646","30.9604","26.2763","36.8679","33.1701","25.2105","33.0909","21.2932","39.5365","33.4124","32.3174","33.2049","30.5265","36.2426","37.6234","39.0449","40.0323","39.2871","43.9615","44.2085","36.0901","45.3433","51.1606","46.3551","47.8202","47.6488","43.9112","45.7926","28.4893","44.5378","40.5882","45.636","26.3918","31.7989","36.0968","38.8407","37.522","41.6744","37.2601","37.8139","36.0996","37.0193","50.8657","37.9947","30.3336","26.616","48.2484","56.0719","62.5956"
40,"AUT","Austria","35.8907","35.8516","37.1819","38.861","31.7507","42.1187","45.5091","47.0276","48.1655","44.0607","48.2097","45.5525","52.0941","55.1248","51.692","57.5136","54.8297","58.668","51.4935","62.1719","56.0427","65.5646","68.154","72.311","72.9383","67.186","68.6595","74.6624","71.4226","77.2459","74.8611","70.3355","68.9719","73.0285","70.0384","66.6611","75.3045","75.1202","76.3296","67.3731","74.1208","72.1604","64.845","81.5492","75.0607","70.6084","72.3003","85.5617","79.0098","75.7602","88.119","73.9102","74.5789","89.996","77.4653","89.7308","79.0314","76.744","84.7176","87.4938","85.6097","85.8011","86.582"
31,"AZE","Azerbaijan",NA,NA,NA,NA,NA,NA,NA,NA,NA,NA,NA,NA,NA,NA,NA,NA,NA,NA,NA,NA,NA,NA,NA,NA,NA,NA,NA,NA,NA,NA,NA,"26.3974","22.3003","20.4571","18.5929","19.7904","16.0855","14.4934","15.3872","20.0626","24.6442","26.566","26.0719","27.9227","30.1013","27.9298","26.1674","29.3429","32.9138","23.7678","28.8246","31.4374","31.8921","26.2479","31.3188","32.6756","33.6579","37.4591","41.011","39.3428","39.0605","38.4438","38.0341"
44,"BHS","Bahamas","12.3186","12.7408","13.204","13.5649","13.9652","18.5524","22.9345","20.9979","18.8641","26.7109","16.8307","31.8039","30.9421","32.4223","35.9485","43.6425","39.1518","33.7296","34.6617","33.6947","41.2942","41.5098","32.87","40.0616","34.0125","31.0999","31.8803","36.5602","41.837","43.705","36.8244","31.877","37.5226","43.9214","35.995","40.3809","36.2318","41.0601","43.2766","43.1019","48.5741","41.0469","40.4153","41.831","41.8015","45.5244","47.0066","47.2449","46.2294","53.4771","49.1668","49.071","49.1981","51.516","52.301","52.2888","52.5906","52.778","53.116","53.3839","53.3238","53.4573","53.6566"
48,"BHR","Bahrain","11.2269","11.4818","11.608","11.608","11.647","10.5568","10.6674","10.7239","10.8015","10.9009","11.1512","11.332","11.3331","12.4622","17.6293","23.4336","28.9519","28.6841","27.5388","27.9253","13.0856","10.6181","10.7366","10.9366","12.3064","13.132","14.5754","14.7996","14.732","9.3156","10.2046","11.2976","12.0623","14.1976","16.353","16.9239","16.632","23.947","22.9785","18.4698","17.4647","16.8458","16.7233","17.1841","15.3219","26.6545","22.2046","21.2296","22.1726","22.3874","22.0212","24.0432","24.5984","24.7146","25.1829","26.9487","23.8796","24.6151","25.5642","26.3","23.7966","24.8803","25.8718"
50,"BGD","Bangladesh","25.7639","24.4168","28.2094","28.1032","28.282","27.1226","30.9557","31.3457","32.9381","31.0488","28.5291","27.1176","30.5715","29.8378","33.2516","31.4626","34.362","35.0143","34.8569","37.7043","37.8158","39.0226","40.2784","40.27","41.8939","41.3747","41.0191","40.1965","44.0148","44.3689","46.0115","50.3772","50.8772","48.4095","50.5485","53.5769","53.7811","56.0745","62.7435","67.2983","65.0911","67.0968","68.3956","65.2446","73.1944","73.217","77.5426","83.9128","85.0659","89.075","92.3499","92.916","95.949","98.5651","98.9469","97.0897","104.4366","104.3181","102.3887","103.8924","107.661","109.733","113.3116"
52,"BRB","Barbados","310.421","323.8705","377.3526","331.5627","387.403","349.2803","408.6072","309.2842","285.7473","324.0749","276.3263","239.0953","233.1631","213.8893","190.8448","206.1366","234.3323","202.3849","235.8137","269.7819","216.8969","182.3101","161.272","183.5656","178.7656","204.1442","156.956","158.5489","128.686","138.8636","134.4842","121.602","102.769","107.1885","86.421","124.0028","131.042","105.3545","128.0294","133.4213","104.5154","110.5725","98.9208","103.6699","125.5334","101.411","102.3202","90.3861","102.8245","83.3118","98.5811","98.8483","73.8474","72.3284","62.2458","55.4738","76.9889","86.4719","57.7288","60.8678","60.7288","64.3829","53.3435"
112,"BLR","Belarus",NA,NA,NA,NA,NA,NA,NA,NA,NA,NA,NA,NA,NA,NA,NA,NA,NA,NA,NA,NA,NA,NA,NA,NA,NA,NA,NA,NA,NA,NA,NA,"29.3912","31.6232","24.3361","23.6406","25.386","26.4284","21.483","17.2747","22.3854","24.3843","27.4329","26.6336","34.197","30.8359","29.2454","33.8912","42.4058","40.3514","33.5026","36.8054","42.7012","35.6533","43.2032","37.5384","32.4295","36.5149","28.4015","33.1594","38.7831","33.7619","37.7183","36.2898"
56,"BEL","Belgium",NA,NA,NA,NA,NA,NA,NA,NA,NA,NA,NA,NA,NA,NA,NA,NA,NA,NA,NA,NA,NA,NA,NA,NA,NA,NA,NA,NA,NA,NA,NA,NA,NA,NA,NA,NA,NA,NA,NA,"91.8299","85.6916","97.2482","94.3608","104.2205","97.7646","94.2869","96.7717","99.9673","107.4144","102.6175","104.6162","105.1543","106.4728","112.9947","105.4507","81.3852","101.2736","87.1014","97.9464","90.134","87.5273","94.2763","95.0657"
84,"BLZ","Belize","27.7136","23.5182","23.5166","31.8092","34.7108","41.7963","54.6103","62.7768","52.9861","67.0882","63.0069","65.1681","68.7858","76.7075","70.2918","58.782","82.4353","97.0912","83.983","85.8284","82.4123","90.7604","90.5624","83.2668","79.6618","70.5281","59.9635","55.8267","61.2532","65.0844","65.226","62.986","57.6186","61.9699","57.1057","60.885","65.1103","61.9655","63.2997","66.8039","64.9139","69.1031","70.1303","82.548","77.6187","87.5056","89.3407","76.8386","74.5042","83.0931","69.9794","73.9582","78.9559","84.94","67.5936","69.9092","78.3713","76.5807","73.7431","68.4851","80.8741","83.3414","73.778"
204,"BEN","Benin","12.2015","11.5085","10.951","10.8083","11.1018","10.3183","11.6742","11.7777","10.8743","11.356","11.106","11.0672","11.6655","10.0804","8.9862","9.8107","9.9593","11.2779","11.3643","9.8391","9.4032","9.5354","9.7704","13.9675","13.8839","15.4262","11.9263","15.5691","15.7594","17.0378","19.12","18.3739","22.2236","21.7155","23.5015","24.386","23.165","21.756","22.3277","21.795","22.0022","23.2893","21.8949","23.8983","19.1493","19.3048","20.8514","20.9827","20.775","21.9837","24.4735","23.645","25.0309","26.7896","23.9498","29.8568","31.2632","32.5728","32.0633","33.6818","33.8334","30.101","35.5777"
60,"BMU","Bermuda",NA,NA,NA,NA,NA,NA,NA,NA,NA,NA,NA,NA,NA,NA,NA,NA,NA,NA,NA,NA,NA,NA,NA,NA,NA,NA,NA,NA,NA,NA,NA,NA,NA,NA,NA,NA,NA,NA,NA,NA,NA,NA,NA,NA,NA,NA,NA,NA,NA,NA,NA,NA,NA,NA,NA,NA,NA,NA,NA,NA,NA,NA,NA
64,"BTN","Bhutan","14.3669","14.8174","15.2594","15.6652","15.931","16.3494","16.8078","17.1931","17.5981","16.5767","16.9817","17.251","17.6473","17.4049","17.7873","17.3255","17.7473","18.179","18.0455","18.2706","18.991","19.0209","18.7943","20.4157","18.8011","18.5405","17.306","12.9605","13.7003","16.1473","14.2906","14.64","15.8566","16.5851","17.3483","17.7319","17.9621","17.6502","16.4437","11.6976","12.5924","10.9098","12.2354","16.0113","21.7638","23.5656","26.1147","29.4725","24.9334","25.0258","32.4847","28.4798","28.6258","28.7363","28.8764","32.4784","35.7274","25.3357","23.5828","23.9879","17.8265","14.9312","14.4613"
68,"BOL","Bolivia","9.0431","9.1493","10.4748","10.514","10.5622","10.4254","10.4862","11.6467","11.8224","11.8498","11.7927","13.2875","16.5105","15.8418","16.4246","17.0076","16.2642","16.6224","16.1513","15.7855","16.9124","16.9406","12.1388","16.5067","18.6461","19.1308","17.6945","17.8199","20.2142","22.3921","26.5355","24.329","28.9285","32.19","34.3136","33.6384","33.1486","34.9833","31.6211","34.2539","34.3723","35.3968","38.6195","37.8596","38.0114","37.4977","36.2954","32.8447","41.9735","36.224","36.8237","46.1609","47.849","46.0785","50.2805","52.1416","47.1428","51.5219","48.3719","47.1409","52.9333","50.0129","53.6297"
70,"BIH","Bosnia and Herzegovina",NA,NA,NA,NA,NA,NA,NA,NA,NA,NA,NA,NA,NA,NA,NA,NA,NA,NA,NA,NA,NA,NA,NA,NA,NA,NA,NA,NA,NA,NA,NA,"23.6073","21.956","19.7064","17.148","17.769","24.7371","25.687","25.6041","18.8585","21.0322","24.0197","16.3163","25.7608","24.3473","24.2362","20.2354","24.9622","25.3719","20.3933","21.2815","18.3643","23.0627","19.7983","21.2129","28.6378","21.3327","30.0569","28.8684","33.5809","26.4381","69.5046","58.9628"
72,"BWA","Botswana","4.4766","2.2584","2.4464","2.7941","2.6637","3.1446","4.3612","3.1257","4.0743","2.3441","5.962","4.8353","3.3364","6.1124","4.7757","6.6825","5.2458","3.9736","2.9649","4.215","4.4917","3.141","2.903","2.5688","3.0594","3.1018","3.0851","6.0154","5.0671","3.3962","4.6184","3.8562","3.7634","3.7482","4.538","5.8218","4.6192","4.3622","4.6705","3.4084","6.0167","5.5108","7.2481","5.5689","6.5771","7.1634","6.9704","5.4381","5.0786","6.6618","7.0165","5.1653","4.1286","4.0684","6.3438","6.4019","4.8753","8.8005","6.3585","14.2895","10.5898","12.7033","8.9899"
76,"BRA","Brazil","23.8173","25.1633","24.9111","24.5982","28.4831","27.0466","28.86","28.5766","29.0076","30.5265","31.7088","32.2828","33.9993","38.1085","38.742","38.8405","40.2526","33.5228","33.9834","38.62","38.7082","38.4817","39.2503","42.182","47.5249","43.1987","50.0357","52.6652","58.2549","53.2053","51.3203","59.2758","61.2304","70.5245","74.6382","68.6675","73.4204","77.1884","77.6313","78.2595","85.9168","89.3917","103.5216","101.8471","100.1962","103.6826","115.5752","125.5141","122.0545","134.5533","143.3171","134.9347","152.3246","155.5826","165.5667","159.7541","181.1049","181.9207","184.484","192.8744","198.2331","192.6785","228.0583"
92,"VGB","British Virgin Islands",NA,NA,NA,NA,NA,NA,NA,NA,NA,NA,NA,NA,NA,NA,NA,NA,NA,NA,NA,NA,NA,NA,NA,NA,NA,NA,NA,NA,NA,NA,NA,NA,NA,NA,NA,NA,NA,NA,NA,NA,NA,NA,NA,NA,NA,NA,NA,NA,NA,NA,NA,NA,NA,NA,NA,NA,NA,NA,NA,NA,NA,NA,NA
96,"BRN","Brunei Darussalam","7.3474","7.64","6.4353","4.9795","4.5885","5.3587","6.9277","6.6348","7.6495","7.4761","8.399","8.7053","11.3794","15.1299","15.0417","13.2425","12.3434","11.5642","12.5185","10.3172","10.1572","12.4588","13.6282","12.9154","6.9705","7.894","7.1913","8.5407","7.8954","7.7264","8.4184","7.7893","8.7132","9.0874","9.7292","10.3973","10.2411","9.8852","10.3645","12.5143","11.2568","11.9118","12.0532","12.1594","11.6683","10.0471","10.4508","10.4549","9.5945","10.5082","11.4231","11.4922","11.5134","11.9263","12.5926","12.5549","12.3557","11.9176","11.7415","13.215","13.3244","12.7669","13.0294"
100,"BGR","Bulgaria","23.3349","24.4342","24.649","28.2617","29.116","36.6933","35.2259","28.725","32.0708","34.5453","35.733","40.2926","37.2801","34.7022","39.8965","43.3501","39.7737","40.395","43.7655","41.41","46.1343","53.0172","41.5315","48.9903","31.4956","45.1677","40.2258","42.657","50.2129","44.0951","45.399","34.7609","29.8542","34.5398","36.0561","19.5265","30.3768","32.4493","30.9597","27.3638","36.9571","42.7708","27.8811","48.7928","40.8456","41.5689","28.8192","54.4203","49.1183","56.8424","56.8075","50.7363","63.7814","66.4687","59.5927","63.9183","69.6016","68.9346","72.5065","57.1808","76.0089","68.5586","68.0031"
854,"BFA","Burkina Faso","6.1783","7.3216","7.5026","8.4708","7.9802","8.4581","8.515","9.532","9.246","9.21","7.9225","7.8749","7.4623","9.6059","11.192","9.7102","9.9035","10.9008","11.4495","10.1518","11.8603","11.7827","11.3092","10.8884","14.725","16.9842","14.3238","16.7986","15.081","12.836","17.7459","16.5278","16.2492","15.0988","14.3241","15.9052","14.4645","17.8972","17.0347","12.7496","19.562","19.3683","21.6475","18.1835","22.5562","22.4248","16.059","24.3574","19.1472","22.4937","17.8325","22.4676","23.8025","23.8808","21.9007","22.7077","20.8807","21.1221","22.8739","24.0521","20.2941","23.0024","23.3316"
108,"BDI","Burundi","20.833","19.9277","19.1531","20.8987","20.2122","20.3326","20.7228","21.0044","16.8837","18.5342","19.1677","17.5132","18.6885","15.9439","18.8322","19.1327","19.1728","18.5083","18.5825","19.0062","20.3179","19.4653","19.5012","18.0113","21.4619","22.0848","22.6061","22.883","19.6006","23.2927","24.3478","24.7567","24.089","18.8048","22.2871","21.3382","21.227","20.4558","19.4558","18.4713","21.3509","23.068","20.364","22.6173","20.2145","21.905","20.257","20.9","20.7512","22.0603","21.246","19.575","23.8319","22.1949","23.2659","26.8979","24.8688","27.0568","33.8186","37.874","47.0315","45.3553","41.5602"
132,"CPV","Cabo Verde","13.005","14.2916","14.7222","15.34","16.9671","18.1274","17.8641","11.2122","10.2021","6.9328","6.4288","5.9373","6.0423","6.7948","7.3407","8.4667","7.2694","8.073","10.6125","15.5253","8.2751","9.1498","8.2478","10.5967","8.1464","14.1951","23.0041","19.3917","17.6627","15.2238","12.032","11.1071","10.7117","8.968","8.5759","9.2638","7.5886","8.0261","16.9006","18.4143","16.4977","12.5056","14.2006","13.3525","11.8668","12.5117","12.0973","12.0599","11.141","11.0333","11.6591","12.5081","12.6602","11.2754","13.9182","12.3084","10.8191","8.1127","8.5555","8.9246","9.1635","9.2178","8.6993"
116,"KHM","Cambodia","13.6442","11.6835","14.3338","14.9602","13.4925","13.0737","13.8178","17.478","14.7529","20.4055","23.1981","17.1514","11.1053","8.0561","10.8396","10.8721","10.2877","9.4669","6.1903","13.0069","11.9913","14.5665","15.3448","10.433","12.514","12.3752","9.7878","11.1209","10.9891","10.5582","10.4213","10.0062","10.3293","9.8122","13.7241","13.7041","14.1356","13.8549","16.0443","16.0587","16.3047","15.6455","19.7965","18.8636","26.1148","27.155","29.5226","32.0193","34.9408","37.1998","40.1753","41.8298","41.9144","42.7844","41.9974","44.0154","46.8519","47.5226","44.8298","44.4964","46.7854","46.2897","50.6322"
120,"CMR","Cameroon","5.4977","5.808","6.2851","6.3255","6.2554","6.3789","6.5351","6.8718","7.3685","7.3507","7.4093","7.6589","7.5655","8.1195","8.6064","7.8835","7.8001","7.3217","7.5222","7.5973","7.6024","7.8024","7.4938","7.0602","7.6466","8.6224","7.1853","8.1135","7.6879","7.9519","8.2797","8.3624","8.6379","9.1377","10.2472","11.1538","10.5249","11.356","11.4236","11.8167","12.084","12.5015","13.2564","13.1873","16.2416","17.0954","18.2315","18.1483","19.3513","20.4347","20.3601","21.6246","22.2368","22.8932","24.5718","25.3183","25.4807","26.8382","27.3576","27.7256","25.829","26.4037","26.8668"
124,"CAN","Canada","10.3685","17.1719","19.7176","16.5592","18.7705","21.9315","16.9096","19.3707","20.3764","17.3562","22.3849","20.0008","20.6677","17.4416","21.103","23.833","23.8976","24.7688","21.8346","23.2161","27.0077","29.0272","26.1275","24.5732","27.3815","32.1006","29.8832","22.0091","27.392","32.2057","31.7833","29.8342","33.0298","33.3608","34.0815","36.7206","34.9035","37.1553","39.9027","38.0733","29.8178","26.0663","35.0728","39.3004","41.7381","40.4001","39.3429","48.567","46.9246","45.9556","48.2215","50.8936","63.9544","55.3012","57.4762","63.1092","63.763","62.8929","62.6439","66.3265","48.2294","63.5609","59.4791"
136,"CYM","Cayman Islands",NA,NA,NA,NA,NA,NA,NA,NA,NA,NA,NA,NA,NA,NA,NA,NA,NA,NA,NA,NA,NA,NA,NA,NA,NA,NA,NA,NA,NA,NA,NA,NA,NA,NA,NA,NA,NA,NA,NA,NA,NA,NA,NA,NA,NA,NA,NA,NA,NA,NA,NA,NA,NA,NA,NA,NA,NA,NA,NA,NA,NA,NA,NA
140,"CAF","Central African Republic","4.7336","4.9892","4.8696","4.8167","4.8824","5.1622","5.8279","6.0724","6.2588","6.0258","5.8589","6.2042","6.1788","6.9135","6.7139","6.6775","6.3576","5.8555","6.4986","6.3694","6.433","6.87","6.5666","6.1376","6.0056","6.9553","5.846","6.3534","6.3526","6.0867","5.3311","5.5114","5.3949","6.0136","6.4318","7.1601","7.6008","7.6426","7.3302","7.481","8.1606","7.7097","7.4659","7.7466","7.9317","8.1527","8.5679","8.6702","9.1144","15.697","16.1665","16.6883","12.6476","14.435","14.5403","16.7845","17.0974","16.4363","15.8504","17.0391","17.7786","18.0765","18.2969"
148,"TCD","Chad","8.2851","9.2073","10.7356","9.8026","9.0926","9.3693","9.0091","10.217","9.6272","8.63","8.5795","7.3158","7.4526","8.9605","9.2534","8.5914","8.5755","8.6864","7.5138","7.4692","6.0853","6.5638","8.0622","6.3522","8.7989","7.9765","8.0691","9.8554","9.277","8.7791","10.9839","10.8615","8.2665","12.0984","11.5621","12.7446","13.7717","15.4896","14.026","12.9956","16.0044","14.1998","15.7042","13.887","17.1639","15.881","16.0039","16.4935","13.5251","25.2071","14.3922","25.2191","18.8972","18.7107","17.3209","19.852","17.6937","18.6835","19.9796","19.2066","18.3135","18.9409","17.713"
152,"CHL","Chile","11.7673","11.3288","12.4223","12.7726","12.373","14.3155","13.9617","14.1888","12.1583","13.5478","14.0616","13.2461","9.6326","11.4064","11.8825","11.2522","14.6845","12.1123","14.3475","13.7726","13.384","13.2312","12.3844","16.5795","18.2971","21.5159","24.3853","24.9903","26.2065","27.4498","28.4177","32.144","30.7697","31.4441","35.2649","34.8209","38.3242","39.4262","34.5801","39.2462","44.3981","47.4177","52.4611","55.4092","57.2535","56.2006","48.3051","50.4697","47.1944","54.6915","57.6406","52.4252","58.1925","51.9464","53.9771","56.7311","53.0341","58.0123","53.8933","49.2919","47.8967","48.4899","45.7766"
156,"CHN","China","29.0827","31.7394","34.027","37.6736","39.9147","43.4264","44.4181","43.3338","43.0382","48.1763","49.4469","47.2613","53.1077","53.6318","55.7708","55.3812","54.7251","61.6025","64.6591","63.8862","67.0038","70.183","72.8833","74.6969","65.9721","66.2384","68.4513","66.9616","66.6571","72.9182","72.7852","74.3007","78.1335","78.414","81.7439","86.121","87.5553","89.0626","88.9484","87.8423","88.1026","89.2426","85.9472","93.1204","94.0042","96.3661","97.5719","102.919","101.7414","103.955","109.1847","112.6722","114.302","115.9918","121.7329","121.772","125.1492","126.7293","131.9695","131.8002","132.7122","135.5098","136.5802"
170,"COL","Colombia","22.6778","24.6234","22.4313","24.4704","23.5572","24.1553","25.0708","27.0888","27.2214","27.7346","28.0798","30.4512","30.7209","33.9371","37.6452","37.1472","38.015","40.9685","41.9975","43.5256","41.605","39.2817","39.3275","39.3941","40.942","41.6105","42.2281","45.0179","47.4492","51.7553","54.9794","52.5823","51.5947","51.8573","57.0621","62.9722","61.2012","56.5017","58.0006","56.4836","62.362","72.8312","77.5047","81.5963","82.2715","84.5222","81.5966","80.7743","84.6995","78.2648","80.9144","80.3321","84.1391","85.3228","82.791","80.2008","66.5837","66.0432","66.0684","66.9368","63.6179","64.6887","63.2861"
174,"COM","Comoros","16.0849","16.1323","15.9905","16.4355","15.9634","17.1802","17.4233","17.9055","18.6965","18.1499","17.7721","16.1934","19.8326","19.1384","16.6059","17.0393","17.4542","17.3832","18.172","16.6808","14.7518","15.48","15.8168","14.3114","14.5915","15.2744","14.3043","14.4528","14.9713","17.5251","15.8081","16.0894","15.5195","13.904","16.3855","16.5629","16.3573","16.4695","16.7001","16.9172","16.9896","6.8017","7.0031","11.2007","14.6383","18.3941","18.6483","19.1993","19.4745","20.0188","20.3684","20.6812","21.0507","20.6321","20.7485","21.441","21.6379","22.0866","22.2626","22.505","22.8163","22.4541","21.7108"
184,"COK","Cook Islands","41.3366","41.0481","42.7608","43.7867","47.187","48.3126","39.934","60.1012","48.5831","48.4389","49.535","40.6503","44.3796","43.023","42.7573","42.1003","39.994","37.5873","47.005","41.5356","48.7182","48.6949","35.9588","42.3985","42.1971","39.0625","28.3808","43.8601","34.7684","28.4079","32.9164","36.8359","40.9797","38.3401","44.061","50.5888","57.7435","64.0891","38.7474","40.2248","40.4981","54.3522","46.5214","38.0678","43.5201","51.0098","49.4201","49.4079","46.8882","45.6995","46.6381","47.6567","48.1855","47.4726","46.3721","46.9687","45.7371","46.0247","44.6622","45.2584","45.2276","45.1195","45.1972"
188,"CRI","Costa Rica","19.7175","20.3008","22.4163","23.0611","25.4397","28.1489","28.7302","29.5148","30.1636","31.6301","32.4524","34.0393","36.7086","35.1773","38.1965","38.1708","42.1389","42.4419","42.8345","42.5863","43.1743","39.8197","44.2998","47.7451","46.6905","45.6641","44.6532","47.1228","48.5059","51.6511","54.1552","56.7097","60.4039","62.8976","66.5995","66.0765","70.9095","65.9855","67.8489","70.2998","70.7521","65.8368","70.7029","70.635","71.7227","76.4617","78.0351","78.3421","73.1099","72.7246","71.4215","78.0712","80.1603","80.8466","78.4956","84.7824","77.3962","80.2197","67.5171","72.4575","74.4198","71.4999","68.4842"
384,"CIV","Cote d'Ivoire","8.0532","8.6075","9.1863","9.8845","9.2645","10.1812","9.7127","11.1275","11.2718","11.5964","12.0341","11.8901","12.1282","12.312","13.804","13.6251","13.3016","13.424","14.928","16.0674","16.6297","15.785","15.9847","15.5829","16.2193","16.084","16.4775","16.2112","17.522","16.4365","17.4706","17.3623","15.1298","16.8133","15.9781","16.7154","17.827","18.7825","19.0893","20.3581","20.0543","20.6233","20.3511","17.9155","18.6028","18.0887","16.7297","17.0367","16.4252","18.0243","18.5504","18.8105","18.5275","19.0198","18.731","18.2501","18.652","17.8504","18.5529","18.5674","19.317","19.038","18.4887"
191,"HRV","Croatia",NA,NA,NA,NA,NA,NA,NA,NA,NA,NA,NA,NA,NA,NA,NA,NA,NA,NA,NA,NA,NA,NA,NA,NA,NA,NA,NA,NA,NA,NA,NA,"35.0823","45.5835","41.3277","43.6369","47.5261","53.3664","54.0958","50.6447","56.278","65.7053","73.0221","48.8934","69.7878","68.532","74.0592","64.7013","85.9795","81.1392","69.838","70.1123","64.0388","78.0923","78.4395","77.9154","95.3603","80.985","93.7575","93.47","94.8783","90.1407","79.1184","72.7773"
192,"CUB","Cuba","133.7189","88.6786","72.7684","75.8897","109.2456","88.5889","105.3209","84.674","74.926","121.2952","79.896","62.1215","62.9495","70.0243","65.891","64.2982","72.573","82.6259","90.3803","75.9622","78.9417","84.9358","80.1508","87.1957","75.3877","74.8698","75.2949","77.4056","83.816","83.6333","80.2329","64.3396","42.2735","41.6869","33.8236","43.4183","40.2309","35.9188","38.3136","44.0297","39.7944","42.5038","33.8852","35.5345","22.9371","20.2699","22.1845","25.3901","25.7151","22.7313","24.3571","29.909","31.9561","32.9471","35.1044","35.2614","35.2641","27.6553","31.3616","25.1377","19.3199","17.6789","16.9733"
531,"CUW","Curacao",NA,NA,NA,NA,NA,NA,NA,NA,NA,NA,NA,NA,NA,NA,NA,NA,NA,NA,NA,NA,NA,NA,NA,NA,NA,NA,NA,NA,NA,NA,NA,NA,NA,NA,NA,NA,NA,NA,NA,NA,NA,NA,NA,NA,NA,NA,NA,NA,NA,NA,NA,NA,NA,NA,NA,NA,NA,NA,NA,NA,NA,NA,NA
196,"CYP","Cyprus","9.6946","13.1037","12.713","10.1543","17.2347","11.7804","16.4068","13.0901","16.5405","12.1275","18.5354","15.8508","6.498","23.0603","19.7519","22.721","21.7431","22.1253","21.5483","23.7177","22.6113","21.5217","19.7759","22.7098","26.4818","21.3776","27.5602","32.12","31.7039","26.6705","19.0423","34.4217","38.0542","32.2126","34.71","32.5643","17.4567","21.2119","29.526","18.9365","28.219","31.4348","29.9761","24.5346","17.5944","17.6883","18.1382","12.1342","18.1635","21.3363","23.215","24.387","19.5364","12.7985","22.7144","11.8241","14.6644","11.0288","16.7217","16.9648","16.075","16.4851","14.5287"
203,"CZE","Czechia",NA,NA,NA,NA,NA,NA,NA,NA,NA,NA,NA,NA,NA,NA,NA,NA,NA,NA,NA,NA,NA,NA,NA,NA,NA,NA,NA,NA,NA,NA,NA,NA,"49.2506","49.9569","51.5483","51.5166","52.5298","52.3184","56.1999","52.1587","58.6321","60.8548","50.9034","79.732","69.8579","63.0357","69.4681","79.2247","77.1472","69.9039","81.8156","68.6848","81.1393","93.3688","85.686","90.0088","79.6067","78.0419","79.5812","84.314","83.6861","86.6222","85.1977"
180,"COD","Dem. Rep. Congo","10.2762","10.142","10.0891","10.0108","9.8955","10.1116","10.52","11.2168","11.5352","11.8956","11.8802","12.0689","12.3283","12.4988","12.7557","12.8279","12.8978","12.4418","12.8921","13.4423","13.6113","14.454","14.8134","15.2167","15.4997","15.722","16.084","16.5468","17.1243","18.2336","18.8979","19.4161","19.9056","20.4786","17.019","16.993","17.0032","17.3424","17.0927","16.7583","16.4499","16.2352","16.3524","16.5088","16.5799","16.723","16.9342","17.0042","15.1176","18.6839","17.611","16.1739","16.2063","15.9855","15.8932","16.1089","15.7755","15.7888","15.8941","16.5625","16.6792","16.2111","16.2142"
208,"DNK","Denmark","38.2552","42.4185","41.5243","47.1347","46.2857","44.5909","46.239","50.4751","50.2596","47.4172","53.0346","52.8262","50.296","55.8017","48.6231","45.3647","56.7778","57.0186","58.8612","55.2385","58.2052","65.4906","54.8092","81.9119","77.3763","78.4898","71.579","78.0556","86.2858","95.359","89.5228","68.1289","81.0867","80.3842","91.0886","90.2316","94.2446","93.8006","88.8067","92.1042","90.03","85.6991","89.5049","90.2217","87.8363","82.425","82.5671","86.9727","94.8017","84.0401","80.4686","87.5864","86.5895","92.678","98.7271","86.643","98.2357","67.1706","93.3323","91.8013","86.7823","96.7325","75.947"
262,"DJI","Djibouti","5.8464","5.8464","5.8464","6.423","8.109","8.6321","9.1941","9.7575","9.7599","10.3377","10.3377","11.4639","12.0795","13.3335","13.4635","14.7307","15.9327","17.6447","25.7109","94.1084","96.69","102.6432","102.7853","114.5579","115.4893","126.8487","126.6049","115.5681","128.055","206.324","136.7719","140.5394","140.2565","142.6719","134.7012","136.0419","139.9254","141.7572","147.3131","151.5203","156.2573","161.0841","126.1819","142.0756","141.8649","107.347","111.5881","132.7973","129.1143","109.7363","98.1523","115.1188","109.2761","106.8665","108.2417","108.3541","175.1424","215.7102","287.1184","234.2937","190.0418","161.9048","184.9587"
212,"DMA","Dominica","23.6497","20.9492","22.9256","22.1421","25.4501","25.4676","23.9291","25.0169","25.7326","24.9134","24.9232","24.469","28.3855","28.1441","29.7941","31.5811","33.1368","35.1294","30.9262","20.3448","21.8922","26.5947","31.492","31.1654","31.2943","32.3649","33.2962","39.6913","37.3102","33.3968","33.5475","33.0923","35.5816","32.7098","33.0756","36.5147","35.1277","33.388","29.6926","26.6587","23.2131","22.5668","21.6611","22.0095","21.4735","22.6249","23.2686","25.0882","22.7632","18.3737","19.5258","20.6811","22.5386","22.6482","23.9109","24.7304","24.0423","23.4046","23.5224","23.4502","23.4996","24.3344","24.463"
214,"DOM","Dominican Republic","43.0611","43.835","41.1107","42.4005","33.1292","37.2179","37.0756","32.3713","41.7864","43.4771","47.8642","46.7794","47.1029","46.4116","41.9321","45.8784","45.3637","45.9395","42.1375","38.2531","39.6711","45.5685","46.1092","44.1146","37.7783","35.8182","39.0485","38.6563","38.663","35.0055","35.6235","36.8459","37.1289","33.0948","33.7926","35.7585","41.2497","35.4151","33.7862","40.9052","53.8292","56.7463","60.5062","56.1066","60.2782","70.8847","70.7281","56.658","69.9923","70.5528","71.4191","73.5163","70.2711","83.0141","85.9107","86.8095","91.0025","99.2622","104.7172","106.5928","110.9263","113.3449","127.7746"
218,"ECU","Ecuador","19.7395","19.6554","20.9192","23.6552","25.6663","26.3086","24.1796","26.0702","22.9821","21.9311","20.8769","19.4016","19.5754","22.1661","23.7306","21.1787","23.4868","21.6268","21.942","23.886","23.5478","21.9521","18.2906","20.751","21.1713","22.96","24.3563","24.8358","26.5655","26.0517","22.758","23.3067","25.052","26.7885","24.2772","25.8986","26.6773","25.614","29.4033","25.1989","31.058","31.4777","34.2782","36.6552","36.0737","36.0718","41.7587","40.7068","40.4446","41.0396","39.2448","39.8927","35.7905","46.3507","49.469","43.295","45.8638","42.7126","44.1694","46.1579","50.0816","46.7237","42.6486"
818,"EGY","Egypt","67.2432","88.3855","88.5823","91.2575","85.1945","80.6495","76.3693","83.0487","87.1906","87.2248","89.099","90.1368","89.9471","86.3196","87.2096","92.7571","92.5069","102.6389","110.6391","112.8247","112.0405","114.6787","112.4679","110.1223","114.5886","113.667","115.6161","116.9253","124.1172","134.2768","140.6701","129.2323","134.7869","127.3042","127.4251","139.6657","141.7981","138.8873","136.603","149.45","146.1066","148.9386","149.1058","152.9988","156.3101","157.9171","156.3875","160.2274","151.6339","139.6716","157.4756","157.6318","157.7485","158.3807","156.3304","155.7857","152.0317","135.8247","146.3756","146.6969","153.1034","151.2359","152.5482"
222,"SLV","El Salvador","28.2229","33.7931","36.8322","37.5468","41.6542","38.0252","35.4567","35.3629","38.5521","42.0028","45.1656","46.5152","50.2018","54.2564","57.3644","50.7134","55.2882","58.4702","53.051","47.1596","42.0311","41.7195","45.5364","47.237","44.7965","41.5109","37.7496","37.1469","35.7832","38.1026","41.3695","46.9557","42.2181","38.1686","40.3629","48.1866","47.9747","47.0056","47.8342","45.3217","44.8548","43.5876","44.9271","47.8735","48.1967","52.3069","49.0802","54.7414","54.6879","46.7108","47.5727","54.9546","55.4677","53.8521","49.714","56.4114","55.0173","52.959","55.2225","53.3845","55.6009","52.7821","52.8808"
226,"GNQ","Equatorial Guinea","8.1566","9.3949","9.5983","10.5234","10.4012","10.9635","10.5996","11.4392","9.6886","11.1567","8.7412","6.5269","6.8001","7.0642","6.2512","5.6086","5.5741","5.8168","5.9826","6.6056","7.248","6.9057","7.0791","7.8107","7.6755","7.8531","8.3931","8.3855","8.0094","10.163","9.5744","9.0956","8.9825","9.0126","9.172","9.2946","9.3012","9.112","9.4464","9.8211","9.8724","9.6691","10.0553","10.3133","10.6192","10.8444","11.3027","11.4746","11.5041","11.8717","12.1413","12.4127","12.4671","12.5861","13.3135","12.8784","13.3008","13.5788","13.9073","13.8406","13.7411","13.8213","13.8702"
232,"ERI","Eritrea",NA,NA,NA,NA,NA,NA,NA,NA,NA,NA,NA,NA,NA,NA,NA,NA,NA,NA,NA,NA,NA,NA,NA,NA,NA,NA,NA,NA,NA,NA,NA,NA,"6.6596","15.1436","10.9359","10.2588","10.0145","19.682","14.9033","7.5222","10.9845","5.2446","6.3285","6.4559","12.924","11.9065","14.3708","4.8787","8.2044","8.4458","9.9975","10.0152","9.8769","9.9465","9.9253","9.9309","9.9846","9.9744","9.9972","9.9973","9.9987","10.0123","10.0203"
233,"EST","Estonia",NA,NA,NA,NA,NA,NA,NA,NA,NA,NA,NA,NA,NA,NA,NA,NA,NA,NA,NA,NA,NA,NA,NA,NA,NA,NA,NA,NA,NA,NA,NA,"12.4081","16.2055","12.1078","13.6963","16.2532","16.6198","14.5536","11.6752","19.3002","19.4896","20.7949","23.1784","27.5006","30.4323","27.252","37.1828","34.8825","36.8144","28.6042","32.9422","40.9413","41.0254","47.69","59.6227","37.8139","50.5681","35.6743","61.2771","62.1107","50.3743","59.0774","46.1346"
748,"SWZ","Eswatini","29.6494","25.253","29.4633","32.2226","35.1821","41.228","45.3823","42.0684","46.0202","54.5564","53.1467","51.5228","48.2659","61.0167","59.0621","61.3803","63.4224","59.1941","55.606","71.3004","107.2649","105.4583","103.3638","93.5149","99.6855","111.5938","96.9902","93.4699","88.2619","96.9669","93.8633","87.5401","84.4844","86.6694","83.5059","93.3535","93.0621","95.5808","103.0615","89.6765","88.9796","98.4034","97.2879","102.0565","109.9917","105.1706","102.4714","104.6387","105.1727","107.8442","110.7304","112.687","116.3135","115.8626","114.9404","112.7645","116.9453","119.6377","118.616","119.4213","110.7967","118.0686","116.7108"
231,"ETH","Ethiopia","9.0008","8.8239","8.8244","9.1405","9.0087","9.1873","9.3287","9.2564","9.4875","9.8663","9.9652","9.7707","8.7057","8.4641","7.816","8.6429","8.8245","8.1259","9.9838","12.0882","11.2767","11.2171","13.2056","11.2575","9.6436","10.624","12.0481","13.0182","12.8808","13.9589","14.7011","12.5536","12.3216","12.1131","15.2017","19.4801","19.2477","16.1967","17.8413","18.1917","21.0628","20.1392","18.9579","18.3944","21.7291","20.8942","21.3818","23.0719","25.3715","26.1227","26.7163","28.8181","30.9792","32.5538","34.4861","34.6971","35.9636","34.6825","35.4656","35.9012","34.0441","35.4856","36.328"
234,"FRO","Faeroe Islands","74.2296","70.5545","79.315","65.3409","61.0674","68.9733","61.0247","63.3751","52.4351","69.9134","55.5974","50.2556","45.213","45.5121","42.9908","57.9051","55.5547","55.5547","55.5547","55.5547","55.5547","55.5547","56.8367","57.6914","59.8281","59.8281","59.8281","59.8281","59.8281","61.9648","63.2024","64.8528","64.4618","64.6554","64.705","64.6285","64.4447","64.1734","63.8375","63.4541","63.0281","62.4747","62.0405","61.6546","61.3123","61.0315","59.8281","60.8516","61.0042","60.4499","62.2507","64.1016","68.375","72.3625","59.4632","64.7113","63.079","62.8988","62.6953","59.2338","59.5136","59.6175","59.7215"
238,"FLK","Falkland Islands",NA,NA,NA,NA,NA,NA,NA,NA,NA,NA,NA,NA,NA,NA,NA,NA,NA,NA,NA,NA,NA,NA,NA,NA,NA,NA,NA,NA,NA,NA,NA,NA,NA,NA,NA,NA,NA,NA,NA,NA,NA,NA,NA,NA,NA,NA,NA,NA,NA,NA,NA,NA,NA,NA,NA,NA,NA,NA,NA,NA,NA,NA,NA
242,"FJI","Fiji","64.2495","80.0796","93.2783","92.5059","84.815","81.3929","81.4538","103.2281","94.3049","103.575","94.2821","84.6277","89.3838","81.1144","76.5214","78.7645","87.5771","85.8695","109.6081","95.2345","103.182","104.1374","65.6236","105.2282","76.13","98.7521","68.8224","68.4274","81.4934","80.597","64.6146","70.484","72.0584","78.4986","81.9346","79.6195","76.1529","57.7932","83.3892","83.1501","76.0946","81.1105","72.9486","82.0165","84.3145","95.5138","86.2438","84.0522","83.5617","51.3146","63.148","46.2445","52.2654","58.9372","58.7769","46.0382","53.2932","55.5091","59.4513","58.5356","51.2385","58.5033","58.5345"
246,"FIN","Finland","16.7517","12.6066","16.1709","14.9666","18.9258","16.5223","18.8255","19.7301","21.7437","24.3362","26.0934","26.1989","24.7687","25.1528","30.101","34.7604","25.4738","26.9705","29.1137","30.7974","22.8192","32.2192","37.0794","34.6863","34.5959","34.4254","21.3155","28.4483","37.779","42.012","32.928","26.7409","33.1827","32.6604","34.8604","38.0083","39.2522","28.1114","29.6121","40.2954","36.7683","39.2622","37.1541","35.1055","39.211","36.6288","39.387","39.3718","40.5489","30.3488","35.7941","34.4855","38.5911","38.9972","35.3529","34.4144","33.0421","27.0906","38.6293","33.3006","26.2269","35.664","30.229"
250,"FRA","France","25.636","30.9318","30.0427","31.9842","35.2429","32.1145","38.5897","40.7758","40.1137","38.9119","45.0684","48.5528","51.1784","49.1844","43.1704","41.1845","46.9456","53.1862","52.544","58.2776","56.7272","60.1728","56.7144","70.2702","68.0086","62.4639","69.7214","74.4342","76.2941","77.5201","79.3258","78.1707","71.8236","70.8484","70.9993","79.5878","81.3836","87.0079","83.6889","81.5612","73.5123","84.5966","70.3074","86.3788","80.8113","77.0926","74.5392","84.9197","87.8662","83.3179","81.9595","84.7316","82.3364","89.4433","90.0387","71.0467","87.8309","80.4006","87.534","75.671","87.5105","82.6249","87.1782"
258,"PYF","French Polynesia","110.36","127.383","123.5668","119.9752","105.977","105.6226","96.2529","92.0044","126.1598","116.1728","108.1316","96.0646","75.4259","67.191","107.1539","95.0075","75.8746","69.4924","75.2793","99.6116","83.7601","96.4777","61.6436","47.0564","73.1205","73.6005","80.1943","65.5857","63.6887","73.7338","59.3465","59.8748","59.4978","59.9679","64.737","61.8396","60.809","44.5723","48.3708","56.6723","53.3144","56.1405","54.9931","52.0315","58.2835","60.9242","60.9627","57.6175","51.256","53.9475","53.2861","53.2024","52.0142","52.5559","50.0852","52.4818","50.4804","49.3741","50.2758","48.2462","48.3485","47.6937","47.6584"
266,"GAB","Gabon","9.8798","9.0981","8.1959","7.5612","7.1087","6.7132","6.3975","6.3361","5.9075","5.8138","5.6204","5.4281","5.1517","5.12","5.0314","4.707","5.2479","5.5523","5.9872","6.5339","6.485","6.5468","6.8862","6.8908","7.2812","7.9471","8.3297","8.7393","8.5977","8.7554","9.4038","8.7885","8.7318","8.646","8.7112","8.8981","8.8097","9.4546","9.1729","10.0959","9.8043","9.9724","9.9867","9.9617","10.2696","10.4279","10.7743","11.4437","11.7155","12.2563","13.1367","13.3276","14.0215","14.3876","14.6016","14.7177","15.2679","15.2967","15.6293","16.0597","17.2865","18.4423","18.7121"
270,"GMB","Gambia","43.8034","44.4871","42.7973","43.5944","47.4637","50.2141","45.4251","48.908","44.6862","45.7581","47.6829","40.6847","46.986","35.7071","35.4654","35.1331","25.4082","32.7064","19.6433","21.3663","30.3958","34.7299","28.7825","32.0214","29.3775","32.9391","32.508","27.1747","35.9402","24.034","26.3086","24.0219","29.3836","26.8775","25.1693","20.0422","23.9342","22.2089","31.9293","34.8177","36.9017","21.1221","27.5816","33.2674","27.7407","27.9199","18.5036","22.4258","23.1254","24.9412","14.3656","18.8618","16.4209","13.5836","16.2698","12.7987","10.1979","6.4505","7.2167","7.8509","8.3112","9.2626","9.8849"
268,"GEO","Georgia",NA,NA,NA,NA,NA,NA,NA,NA,NA,NA,NA,NA,NA,NA,NA,NA,NA,NA,NA,NA,NA,NA,NA,NA,NA,NA,NA,NA,NA,NA,NA,"12.2567","10.6106","11.4692","12.6439","13.9708","19.1268","13.833","17.8268","10.1031","16.6656","14.5234","16.4941","28.1932","29.4348","13.7527","17.9035","17.8972","15.1945","11.6827","19.0291","17.9754","20.8188","17.9063","18.8283","21.6531","16.6982","21.1008","21.0949","23.028","24.1814","22.186","22.5438"
276,"DEU","Germany","39.2548","47.5599","48.4656","49.9825","45.5939","46.5938","55.8972","57.4035","53.2412","51.6706","58.5441","59.2128","60.5672","65.4831","59.8838","54.1846","61.1903","66.0961","62.927","63.5504","63.3472","68.4584","63.5628","74.243","74.6513","74.6231","72.3528","74.6653","74.7769","75.9141","81.8282","74.6537","75.9816","75.706","82.1067","83.5618","90.9583","91.9925","94.5603","94.1916","101.9015","90.4254","82.2324","106.5776","96.6605","92.5032","88.4026","101.8611","105.2729","94.3653","87.09","94.712","100.4118","110.1434","101.2684","96.258","96.9987","80.8085","90.3323","91.406","90.4386","94.0675","92.025"
288,"GHA","Ghana","11.1603","11.1461","11.2177","12.6243","11.272","12.2665","13.0965","12.4989","12.9308","15.37","15.7649","14.6205","15.2735","17.2158","15.4234","14.052","11.9633","11.2778","12.5825","12.3756","13.3939","11.3373","10.5099","13.6083","12.377","13.2734","13.5534","14.3834","15.2213","11.6477","16.5736","16.4801","18.397","17.4724","18.9167","19.2343","17.1003","18.5641","18.6965","18.6414","19.1214","22.7886","22.9779","22.9627","23.4529","24.0517","21.3871","25.5968","27.8704","28.3718","29.4107","30.6103","30.0265","30.8122","30.3295","30.2674","32.1933","33.9492","36.0861","36.9092","38.9646","39.6071","40.8172"
300,"GRC","Greece","25.4336","24.2531","23.4328","26.201","27.1021","28.6877","29.8627","24.4855","27.0639","30.5807","31.06","31.536","30.8631","34.2795","35.8071","36.2088","31.8903","38.6134","35.6164","42.1126","42.8384","42.6678","38.4744","42.4765","40.5943","45.7289","44.4176","47.8215","51.3931","40.6482","50.0167","47.8694","48.9313","54.7722","55.1066","53.8035","54.9148","54.6052","54.4264","56.7174","56.8173","55.5005","49.5086","55.0435","55.5933","49.7586","48.3454","50.6574","49.6828","45.9391","47.6417","47.6139","48.183","50.2639","53.3835","49.6885","51.3228","46.7707","48.2459","55.1105","54.5316","29.5175","28.584"
304,"GRL","Greenland",NA,NA,NA,NA,NA,NA,NA,NA,NA,NA,NA,NA,NA,NA,NA,NA,NA,NA,NA,NA,NA,NA,NA,NA,NA,NA,NA,NA,NA,NA,NA,NA,NA,NA,NA,NA,NA,NA,NA,NA,NA,NA,NA,NA,NA,NA,NA,NA,NA,NA,NA,NA,NA,NA,NA,NA,NA,NA,NA,NA,NA,NA,NA
308,"GRD","Grenada","17.0163","17.6454","18.9083","17.9595","20.081","20.4391","22.3286","22.1598","22.2822","20.6909","19.79","19.6647","18.4614","16.1413","17.4868","19.5279","19.7621","22.7163","23.0622","23.7801","25.1988","22.9589","21.7803","23.7716","25.366","25.004","30.0876","28.075","27.8463","28.8264","30.6743","30.3796","31.6264","31.9514","33.7937","31.1162","30.8419","29.5136","26.8751","27.291","23.4823","25.0099","25.634","25.8977","27.2724","28.5987","30.7575","30.8007","26.6633","33.3003","34.2505","42.0046","41.927","45.4308","46.0442","45.5644","42.6071","43.1764","40.0406","38.84","40.5701","40.411","40.3015"
320,"GTM","Guatemala","14.5554","17.5067","20.573","22.8382","23.6733","24.5396","22.5647","25.1121","26.3714","25.8872","25.1482","29.1131","32.3966","35.7729","36.7896","38.5099","40.5953","40.5842","40.9676","41.3924","40.1615","38.0635","34.4753","34.9579","36.4961","37.3467","35.6409","38.6471","39.0095","45.3337","47.088","49.9753","45.937","43.9013","49.7145","50.644","50.913","51.0255","47.3985","45.1945","46.1004","45.9586","44.6285","52.8423","53.6356","51.6245","54.7241","55.2739","58.4987","60.5207","59.3614","66.5429","72.0907","80.2899","77.9242","78.1755","67.0559","69.4215","69.4001","67.3537","65.6476","66.3614","67.3623"
831,"GGY","Guernsey",NA,NA,NA,NA,NA,NA,NA,NA,NA,NA,NA,NA,NA,NA,NA,NA,NA,NA,NA,NA,NA,NA,NA,NA,NA,NA,NA,NA,NA,NA,NA,NA,NA,NA,NA,NA,NA,NA,NA,NA,NA,NA,NA,NA,NA,NA,NA,NA,NA,NA,NA,NA,NA,NA,NA,NA,NA,NA,NA,NA,NA,NA,NA
324,"GIN","Guinea","5.6557","5.7868","5.3581","5.7389","5.5411","5.8883","6.168","6.1789","6.2063","6.3658","6.5728","6.4596","6.4769","6.5379","6.6475","7.0408","7.0963","7.1467","7.4361","7.5597","7.637","7.6983","7.7299","8.1659","8.2614","8.4728","8.4825","8.5128","9.0836","9.4782","10.1639","10.6672","11.0463","11.3047","11.7104","12.0589","12.6495","13.319","14.0834","15.04","14.7016","15.1051","15.958","16.8705","17.77","18.238","18.452","18.3204","18.0124","16.2672","16.6878","15.7958","16.0962","15.4641","15.7051","16.1092","16.91","17.2835","17.7946","18.1759","18.778","19.3832","19.3455"
624,"GNB","Guinea-Bissau","16.9635","17.1307","16.0828","15.6128","13.541","13.1322","12.3749","12.1336","12.0732","11.8728","10.6075","11.4854","10.6835","11.3128","12.8163","14.5703","12.8839","12.7192","13.0898","13.5525","14.9699","16.2284","13.29","14.5531","13.8701","16.4025","15.5877","15.4851","14.3002","14.6218","14.2814","14.2282","14.2513","14.2102","14.7407","13.9656","12.6234","13.1885","12.5733","12.581","12.9386","13.192","13.1056","13.8712","15.581","16.0413","15.0418","17.9473","16.5737","17.2429","16.3481","17.7832","18.5541","17.257","19.0382","19.3084","19.7464","20.3016","20.3373","21.0071","21.3815","22.099","22.5662"
328,"GUY","Guyana","162.856","165.2434","150.448","151.9969","158.9421","161.2723","168.6364","153.2408","177.3345","163.5738","180.9803","152.0345","141.7614","176.1973","163.3229","163.1028","157.4605","184.0583","165.8617","167.697","179.1004","172.9202","153.3865","146.8648","144.4803","147.2819","136.384","128.4233","114.3679","110.6668","128.4616","136.9293","142.3458","151.2056","168.3476","173.0583","173.5972","156.9866","171.9072","145.6012","160.253","168.2981","168.4669","173.8086","143.3457","151.5189","150.3329","145.5377","150.6417","151.1464","170.0751","158.6468","169.427","195.0023","242.8184","193.8729","212.1069","194.6002","200.1823","205.2094","187.2511","193.1945","200.5824"
332,"HTI","Haiti","21.7925","21.5759","21.9422","21.9138","21.936","21.7481","21.8772","21.3667","21.944","22.4692","23.0751","26.247","25.366","25.535","25.5117","25.672","24.9106","25.7112","27.114","27.111","27.0709","27.076","27.3066","26.6143","26.2363","25.5253","24.5888","24.1835","23.6707","21.8735","21.9492","22.3063","21.1192","20.1004","18.9691","19.6286","18.9647","17.0747","18.0506","17.0743","17.1693","16.2994","16.8785","18.6898","18.2965","18.6508","21.8369","20.5408","22.3833","22.1551","22.482","21.7526","23.7129","22.8289","20.2806","18.8992","19.7783","19.4838","20.8455","19.0227","19.872","19.2916","18.7947"
336,"VAT","Holy See",NA,NA,NA,NA,NA,NA,NA,NA,NA,NA,NA,NA,NA,NA,NA,NA,NA,NA,NA,NA,NA,NA,NA,NA,NA,NA,NA,NA,NA,NA,NA,NA,NA,NA,NA,NA,NA,NA,NA,NA,NA,NA,NA,NA,NA,NA,NA,NA,NA,NA,NA,NA,NA,NA,NA,NA,NA,NA,NA,NA,NA,NA,NA
340,"HND","Honduras","7.9203","8.4206","8.7092","9.6858","9.8664","10.5761","10.8724","11.0963","11.4321","11.0398","11.1648","11.302","11.0314","10.9635","10.5909","10.6959","11.8516","13.4268","13.4741","14.414","15.2271","14.6382","15.1418","15.3759","14.8079","14.9579","14.748","14.5218","15.6112","16.8848","16.3904","16.023","15.1936","16.2393","16.6695","18.5901","19.7172","18.9846","17.7888","25.186","25.3277","25.1803","29.7068","30.0394","31.044","31.629","34.982","35.2414","37.7278","30.5852","31.0212","32.9312","33.1961","32.5103","33.8502","35.6877","37.6975","38.5636","36.9444","35.2076","34.0891","34.7293","35.592"
344,"HKG","Hong Kong","67.8456","58.529","47.7854","41.3014","50.6643","68.6787","75.3936","69.4568","72.7985","75.2125","80.2209","71.2702","68.2296","68.9817","74.2224","80.5562","89.5969","91.7475","98.3787","101.6506","92.0184","87.4679","88.6437","85.4672","78.4639","81.901","75.3841","71.2165","83.7338","75.436","73.8641","68.425","65.3896","67.2964","68.1822","59.1849","65.4842","55.3803","47.0344","36.8443","28.4052","27.6465","27.7117","28.0846","28.0442","34.3864","34.0494","34.2017","33.8765","37.759","38.1774","44.5919","43.9073","42.9976","41.8279","43.8911","43.104","44.342","44.6048","59.1999","59.347","59.474","59.4923"
348,"HUN","Hungary","23.1813","25.2738","24.505","25.7053","27.37","28.2863","29.8046","30.7077","35.15","27.7798","35.3141","37.7408","40.7845","44.4476","42.6054","42.6905","46.1975","49.7541","43.4896","53.5639","49.4806","56.6873","53.6799","62.1072","58.2657","57.0851","56.5726","62.2499","63.4436","54.4421","62.6718","44.5742","37.3789","49.6833","48.8402","48.1168","55.6719","53.2769","47.1145","42.9359","61.1509","50.1817","40.33","71.7058","66.6811","61.3364","47.5812","73.2332","59.8855","55.0243","62.506","52.0021","66.0617","77.5504","70.3944","82.6019","75.2617","75.1894","76.4095","80.5381","73.8099","52.056","79.4517"
352,"ISL","Iceland","0.3092","0.2415","0.2195","0.2095","0.3034","0.0987","0.1675","0.1429","0.1177","0.1365","0.272","0.2052","0.1484","0.3083","0.1505","0.1665","0.1814","0.2979","0.1462","0.3381","0.2455","0.3142","0.121","0.4193","0.2864","0.3607","0.391","0.2332","0.188","0.195","0.3404","0.2677","0.2387","0.2891","0.2124","0.312","0.2498","0.3304","0.2751","0.3019","0.3367","0.2638","0.2528","0.3483","0.3829","0.3984","0.3968","0.3894","0.3365","0.4021","0.2912","0.3588","0.245","0.3128","1.0037","1.4301","1.4082","0.8129","1.464","1.3577","1.3653","1.5967","1.4153"
356,"IND","India","17.133","17.0354","17.0512","17.3495","16.6823","16.3418","17.1323","18.2378","19.2978","20.8009","20.9905","19.5143","21.2914","19.9354","22.5003","22.0642","23.7943","25.0025","23.0505","22.9548","25.325","24.9681","28.2437","28.1961","27.819","27.8524","27.1356","31.5364","34.0218","33.7205","34.8172","36.9165","37.0249","38.0124","39.8767","41.1348","41.5599","41.8379","43.3472","42.5046","43.2594","38.8951","43.9247","42.7639","44.7879","47.3429","53.5551","52.4136","50.0464","56.2591","59.778","61.029","62.1446","62.0091","58.2463","61.7095","64.4734","66.7001","68.5119","69.5358","72.6058","73.7687","77.2905"
360,"IDN","Indonesia","23.3575","24.4334","22.3071","24.2801","23.6032","24.2147","23.2113","26.0229","25.8371","27.0069","27.5782","26.5994","28.3596","29.0269","28.6492","28.6189","29.3441","31.8173","32.1375","33.7477","36.3441","34.1087","36.5731","38.6936","37.3671","37.857","36.1151","37.642","39.3097","39.7728","43.2584","47.8327","46.748","46.3744","47.6611","47.0022","45.1623","46.4616","45.6703","45.7603","44.8887","45.4088","46.85","49.2178","51.403","50.6302","50.0043","52.3732","53.7752","55.4352","54.1795","57.9941","57.3173","57.3329","58.3725","56.8214","60.4174","59.957","58.2657","57.8202","60.722","60.8461","59.9223"
364,"IRN","Iran","8.0508","7.8632","7.7957","7.9926","10.1735","11.0683","10.2711","12.0273","11.5956","11.7825","10.4397","11.9456","11.7436","12.7051","14.196","15.9068","14.9355","15.7896","14.6995","16.5306","17.3669","19.0955","17.5358","18.2075","18.8625","20.6829","20.0069","19.2497","17.754","22.8125","21.6224","23.8076","24.0028","24.2206","24.9978","24.6629","24.7869","28.3165","23.5048","24.1317","25.1872","30.9925","32.549","33.378","33.5532","33.7275","35.587","22.0286","28.9904","31.6699","27.0971","28.1382","29.8459","31.492","33.0773","37.9449","33.0945","32.8019","34.6657","34.351","30.254","31.4705","32.7706"
368,"IRQ","Iraq","8.9933","10.9311","6.9477","8.038","9.6363","9.1155","9.899","13.2017","11.6338","10.6458","8.5821","17.1709","8.3088","9.5162","7.3549","10.0745","7.5984","8.6243","7.3924","8.926","9.3655","9.6184","8.6431","6.4176","13.1176","10.8463","8.6474","11.45","8.2565","15.5696","11.1841","12.5251","13.3917","13.3282","13.186","15.0603","13.4025","14.6217","11.6781","8.2701","12.8692","22.4045","19.263","17.635","18.7468","18.0847","17.0986","13.4199","17.0342","23.8159","22.0053","23.3715","30.5125","29.8771","14.791","16.7814","16.1588","11.1256","28.1645","35.7895","22.3991","15.3961","20.4598"
372,"IRL","Ireland","54.8218","57.2835","53.5294","49.7229","52.4438","54.961","60.8265","67.2903","65.5317","62.77","70.031","64.9188","65.836","69.9781","71.728","65.7013","84.4119","78.696","80.8242","79.5522","82.2047","92.4329","86.8006","105.7437","89.4702","89.9872","104.7694","107.2028","101.918","111.8415","113.0368","116.2864","92.8661","96.2705","104.8803","120.1017","104.8524","97.2829","97.3066","98.9918","93.7007","84.9614","89.9768","106.8212","89.587","92.9192","89.8756","103.7012","92.2184","97.3897","114.5888","93.1102","105.0032","113.9183","122.0966","106.7706","112.2695","82.365","106.4635","90.9842","114.5049","119.5964","96.7762"
833,"IMN","Isle of Man",NA,NA,NA,NA,NA,NA,NA,NA,NA,NA,NA,NA,NA,NA,NA,NA,NA,NA,NA,NA,NA,NA,NA,NA,NA,NA,NA,NA,NA,NA,NA,NA,NA,NA,NA,NA,NA,NA,NA,NA,NA,NA,NA,NA,NA,NA,NA,NA,NA,NA,NA,NA,NA,NA,NA,NA,NA,NA,NA,NA,NA,NA,NA
376,"ISR","Israel","24.9336","24.9356","23.9451","34.1208","36.9701","30.6537","41.9255","40.6702","41.591","39.8854","46.9229","56.0482","49.7435","56.2858","54.3566","55.216","60.0662","61.7266","58.1769","65.7697","69.4556","65.6405","79.6568","61.5028","68.4821","58.1735","61.9454","56.1058","51.6998","60.7984","41.3576","48.3098","45.7261","40.723","54.0112","57.326","52.0096","54.6876","38.4246","39.2481","42.3697","43.4129","44.6759","53.2714","53.2171","51.6771","51.6908","41.4865","44.4671","44.1016","49.1242","52.8294","51.9202","49.2991","48.8278","46.3555","33.7467","29.9896","31.9977","41.7005","43.5716","48.7097","44.8969"
380,"ITA","Italy","26.5179","27.1257","26.9633","27.7717","29.1929","29.167","31.2159","29.9664","31.3212","31.4718","37.7569","36.0621","36.5209","37.7511","39.1555","37.956","33.9663","38.7303","39.3363","40.8162","41.4384","39.3752","41.4355","43.0845","41.4644","46.2079","50.2667","46.4866","47.8186","46.6976","50.3885","50.0504","46.9567","48.2688","49.6467","50.7951","50.6496","52.2576","50.2944","49.4075","47.5782","49.2779","43.2559","54.4447","53.5707","51.2843","51.1992","52.0933","48.8128","49.5151","52.8072","48.3854","50.8826","53.3866","53.627","53.8959","49.4055","49.7078","47.5352","48.1359","47.3201","43.1229","45.496"
388,"JAM","Jamaica","73.7076","70.4251","75.8835","78.8253","85.0959","87.7987","82.5468","80.7328","72.6844","77.3118","80.4224","79.5144","69.5614","73.3019","68.7066","69.1586","66.2666","73.8326","67.4819","65.9906","59.6865","59.2104","59.04","63.27","60.9973","63.25","61.1566","70.4243","56.7784","60.6211","64.2939","64.4294","61.0738","62.8899","60.7109","65.5498","61.536","59.3024","59.8533","53.8859","58.4126","60.2513","58.3715","60.2378","52.0684","62.9093","66.4732","64.5594","58.9186","49.9153","54.0061","53.9396","53.3884","60.6254","57.025","49.7373","50.2896","49.9612","45.2676","39.741","41.2387","43.913","38.0003"
392,"JPN","Japan","71.9852","72.0128","68.5115","66.8227","67.32","66.0228","71.3591","71.9328","68.9087","62.5694","56.3553","59.9814","59.4203","59.1445","61.7587","57.8619","63.2817","62.1719","61.3282","54.4351","56.3831","58.6445","57.7798","63.4197","63.1013","63.3657","60.9372","58.671","60.2208","59.7108","57.0524","60.0974","49.3012","62.3497","58.9502","57.9154","57.8132","54.0968","55.9566","57.8232","57.4888","57.535","53.4757","56.0971","58.1704","55.7559","57.6705","58.9354","55.4244","54.3224","55.0507","56.864","56.4704","57.4923","57.6457","56.1021","57.4135","55.4838","57.6026","56.8908","58.6352","57.495","57.1347"
832,"JEY","Jersey",NA,NA,NA,NA,NA,NA,NA,NA,NA,NA,NA,NA,NA,NA,NA,NA,NA,NA,NA,NA,NA,NA,NA,NA,NA,NA,NA,NA,NA,NA,NA,NA,NA,NA,NA,NA,NA,NA,NA,NA,NA,NA,NA,NA,NA,NA,NA,NA,NA,NA,NA,NA,NA,NA,NA,NA,NA,NA,NA,NA,NA,NA,NA
400,"JOR","Jordan","25.0196","19.7002","15.4121","40.8438","39.0428","17.5766","26.9915","13.0699","19.3398","7.2515","18.2349","22.5494","6.6272","26.3755","7.3396","8.9534","8.8751","10.5826","5.3782","16.9559","10.5199","10.6045","14.373","12.7159","13.1092","8.5372","13.0641","14.7149","11.0135","23.5204","20.9927","19.0122","14.5538","16.9667","16.386","17.9157","17.3675","19.0804","12.5302","17.6159","15.0271","26.1907","21.8422","20.5637","25.2873","23.1017","24.6265","22.6117","21.387","27.8605","29.064","23.5719","23.9993","23.8481","27.0177","29.5694","27.6163","27.4997","27.5757","28.9594","32.1192","25.251","30.375"
398,"KAZ","Kazakhstan",NA,NA,NA,NA,NA,NA,NA,NA,NA,NA,NA,NA,NA,NA,NA,NA,NA,NA,NA,NA,NA,NA,NA,NA,NA,NA,NA,NA,NA,NA,NA,"17.6688","12.8435","10.055","6.1617","7.3937","8.2228","4.5973","9.8041","8.7364","12.3224","12.7674","12.1895","10.5669","11.6561","13.4802","16.0741","12.5685","16.484","10.3555","21.1612","11.1879","15.4503","14.6478","15.5131","17.485","18.4797","18.6818","16.214","17.8753","15.0974","20.035","15.7266"
404,"KEN","Kenya","10.6094","11.1975","12.0054","12.2877","12.5063","12.1146","13.6078","15.1855","15.9057","15.5614","15.4804","16.1254","17.6155","18.4722","17.0876","19.1598","19.6917","19.804","19.4593","19.2052","19.5243","21.8091","21.579","17.7154","18.6856","20.6469","18.8756","19.8018","19.6511","19.8394","22.037","21.8106","21.1846","21.6823","22.2978","22.2081","21.0237","23.7071","22.5975","21.3516","23.9997","25.1405","25.3212","23.8219","26.5693","28.4883","28.1138","24.7551","24.7437","29.51","26.4605","28.5783","30.019","29.0073","30.4328","28.0214","27.5497","29.7722","28.2801","33.1333","28.8148","29.799","32.02"
296,"KIR","Kiribati","25.5818","22.8398","17.876","19.3085","27.8957","26.8733","35.7434","23.3015","23.7423","25.3977","30.3447","19.8631","29.4237","38.1678","18.0047","27.3301","27.7439","34.2261","30.1823","26.489","36.6097","32.6539","24.5794","40.9076","41.2919","45.2261","49.1581","54.3825","34.5889","24.9742","32.1624","33.154","34.9574","34.994","35.0078","42.8257","42.8519","49.4886","49.5237","44.8948","44.9189","44.9608","44.998","59.9564","59.9837","73.1335","75.7922","75.8156","75.8188","75.8126","75.7953","77.3806","78.332","77.4103","77.5175","109.3894","109.378","96.2555","80.5605","80.5749","80.564","83.5","87.2984"
689,"XKX","Kosovo",NA,NA,NA,NA,NA,NA,NA,NA,NA,NA,NA,NA,NA,NA,NA,NA,NA,NA,NA,NA,NA,NA,NA,NA,NA,NA,NA,NA,NA,NA,NA,NA,NA,NA,NA,NA,NA,NA,NA,NA,NA,NA,NA,NA,NA,NA,NA,NA,NA,NA,NA,NA,NA,NA,NA,NA,NA,NA,NA,NA,NA,NA,NA
414,"KWT","Kuwait","14.2782","17.8524","18.7088","22.1645","26.3845","29.8141","34.2451","41.3318","49.2505","55.3915","63.6421","61.6509","108.976","151.1495","111.515","109.68","120.5753","107.3794","122.7123","144.3376","84.267","67.9249","65.788","56.1951","89.8141","79.0495","91.2258","85.7339","85.5818","59.8095","20.283","21.8387","41.7549","53.658","69.0764","70.9679","77.8971","96.1569","90.8046","67.6897","52.14","58.4063","70.9438","71.3099","79.7943","91.4024","95.7155","87.0116","86.9737","93.3838","122.3549","110.4331","116.3434","126.3628","103.1896","89.6967","94.3481","104.4131","126.3845","105.0204","94.5059","96.2001","107.3003"
417,"KGZ","Kyrgyzstan",NA,NA,NA,NA,NA,NA,NA,NA,NA,NA,NA,NA,NA,NA,NA,NA,NA,NA,NA,NA,NA,NA,NA,NA,NA,NA,NA,NA,NA,NA,NA,"26.6024","25.5391","19.1976","18.1698","24.5778","29.3418","30.4779","31.5564","31.1626","35.2173","34.3283","34.1319","36.1415","35.062","33.683","31.9398","31.9712","36.2565","32.2269","33.4527","29.6393","34.665","29.2436","35.7522","36.4137","36.5164","37.7278","38.3374","38.2508","29.8534","37.7896","33.7282"
418,"LAO","Laos","13.1893","12.7344","12.9311","17.5734","17.7374","17.8386","19.3333","18.597","20.8731","20.9645","19.2988","18.2917","18.9338","18.8447","18.3867","15.0518","16.244","14.6897","18.4025","20.9535","22.7492","21.8633","21.5307","24.8034","24.8684","25.4907","22.9492","20.572","26.4916","28.7005","24.2894","28.4373","25.3258","29.5912","26.44","26.5636","29.3195","30.4511","35.2443","38.9355","37.5359","38.3691","36.1395","36.7847","38.3432","38.2959","40.6297","44.9269","47.0631","48.3549","52.0827","53.4772","52.6514","62.5469","68.1179","69.9275","65.4084","65.7605","65.5147","68.3479","67.1252","69.5326","74.2535"
428,"LVA","Latvia",NA,NA,NA,NA,NA,NA,NA,NA,NA,NA,NA,NA,NA,NA,NA,NA,NA,NA,NA,NA,NA,NA,NA,NA,NA,NA,NA,NA,NA,NA,NA,"16.6592","17.7558","12.5743","17.188","21.9811","22.9962","21.6716","19.863","22.7505","23.2967","26.3228","24.8593","27.503","31.3454","24.9313","33.5939","36.6223","36.2803","32.4968","32.4731","46.8077","42.5084","44.6016","62.4566","55.1141","57.2549","40.7756","61.6986","67.993","57.2243","60.845","52.7543"
422,"LBN","Lebanon","19.3504","19.0006","18.8417","19.3055","18.0585","18.8101","20.2129","16.5922","14.1373","15.8361","16.8564","19.2645","17.4173","20.6434","16.6409","15.8445","16.3076","17.3278","17.2868","18.0065","16.2326","18.2091","17.3583","17.9566","20.7135","23.2489","27.6947","28.5805","30.9203","32.9791","36.159","39.1448","37.7268","39.7925","44.1912","45.4316","39.8281","36.7697","43.7692","44.2105","41.8053","42.5429","41.0821","45.979","43.1668","44.8542","42.5028","47.4758","41.8833","44.2389","43.207","44.4677","45.6148","47.0276","48.0682","50.5807","50.2277","48.6069","47.465","47.3263","42.9812","43.8842","43.7812"
426,"LSO","Lesotho","11.1422","10.6482","10.5488","10.364","10.1196","10.6125","10.1199","9.8979","9.8965","8.8839","9.709","5.203","7.5453","12.9207","8.7601","7.3455","17.2876","17.0537","13.069","11.0365","9.3669","7.968","7.4607","7.5695","9.1065","7.8207","7.571","11.2154","11.6139","12.7687","4.139","5.1614","7.4203","10.6249","5.1831","13.2137","12.0755","10.0433","10.1608","9.1182","13.8528","9.3369","7.6891","7.0478","6.6283","6.087","5.1058","4.4563","4.8677","9.9893","7.4083","7.3238","8.6074","8.1151","8.2692","2.7824","8.8003","6.8169","7.0426","3.1806","10.2684","7.0615","7.35"
430,"LBR","Liberia","6.5057","6.7829","6.8865","7.1306","7.3742","7.8806","7.8762","8.2793","8.4581","9.4089","10.1372","10.1766","10.457","11.3185","11.0519","11.573","12.0287","11.7655","11.7861","11.9538","12.4674","12.8647","12.7803","13.1245","13.1966","13.0834","13.3188","13.7142","13.5008","11.8025","9.2841","9.8994","8.8643","8.2425","8.2592","9.7249","12.376","12.7203","12.367","12.2192","11.5603","10.9051","10.7399","11.0227","11.9494","11.9871","13.8799","14.5066","13.6517","13.7077","13.0215","13.3175","12.7078","12.6286","13.6013","15.597","12.7708","13.205","13.8852","14.272","14.1195","14.6853","14.2677"
434,"LBY","Libya","1.632","1.7781","1.7783","1.6096","2.3617","2.3995","2.7082","2.5341","2.6529","1.6335","1.2501","2.7151","4.0202","3.1209","4.1189","4.8428","2.4318","4.3936","3.6557","3.9517","4.3284","4.8893","6.0509","4.707","4.4935","5.1413","5.1155","5.2037","5.6106","5.1941","5.0996","4.738","4.5168","4.5055","4.4683","4.3677","4.8013","5.306","5.493","5.3181","5.216","5.3522","5.4502","5.4812","5.7343","5.5412","5.585","5.6023","5.6905","6.1419","6.4989","6.9311","6.8394","6.8483","6.3556","6.8691","5.9742","6.6209","6.0342","6.0255","5.9984","5.975","5.9675"
438,"LIE","Liechtenstein",NA,NA,NA,NA,NA,NA,NA,NA,NA,NA,NA,NA,NA,NA,NA,NA,NA,NA,NA,NA,NA,NA,NA,NA,NA,NA,NA,NA,NA,NA,NA,NA,NA,NA,NA,NA,NA,NA,NA,NA,NA,NA,NA,NA,NA,NA,NA,NA,NA,NA,NA,NA,NA,NA,NA,NA,NA,NA,NA,NA,NA,NA,NA
440,"LTU","Lithuania",NA,NA,NA,NA,NA,NA,NA,NA,NA,NA,NA,NA,NA,NA,NA,NA,NA,NA,NA,NA,NA,NA,NA,NA,NA,NA,NA,NA,NA,NA,NA,"17.1648","21.8194","18.1694","16.1867","22.0426","24.6506","23.541","18.3651","22.8611","34.0968","37.8683","41.0984","42.5544","35.2722","24.1519","39.9962","44.139","45.9711","34.4883","38.8659","52.4181","48.7553","54.0087","71.9793","66.5052","70.8189","51.8071","62.8225","78.2479","64.4961","67.9636","66.6571"
442,"LUX","Luxembourg",NA,NA,NA,NA,NA,NA,NA,NA,NA,NA,NA,NA,NA,NA,NA,NA,NA,NA,NA,NA,NA,NA,NA,NA,NA,NA,NA,NA,NA,NA,NA,NA,NA,NA,NA,NA,NA,NA,NA,"54.0657","51.4014","61.891","59.6385","66.7218","60.4214","61.4358","57.3181","68.802","69.2829","60.7727","55.4495","55.8416","62.2223","60.726","62.4398","50.2467","53.8325","56.4385","57.1742","51.5386","49.3328","58.5858","52.0529"
446,"MAC","Macao",NA,NA,NA,NA,NA,NA,NA,NA,NA,NA,NA,NA,NA,NA,NA,NA,NA,NA,NA,NA,NA,NA,NA,NA,NA,NA,NA,NA,NA,NA,NA,NA,NA,NA,NA,NA,NA,NA,NA,NA,NA,NA,NA,NA,NA,NA,NA,NA,NA,NA,NA,NA,NA,NA,NA,NA,NA,NA,NA,NA,NA,NA,NA
450,"MDG","Madagascar","16.1038","16.4445","16.8904","17.6515","17.1395","17.148","17.8181","18.1202","18.8609","19.1328","18.8769","18.7164","18.6594","20.2251","17.7945","18.6131","17.236","15.9764","16.6106","16.7737","16.2315","16.0482","17.171","17.3876","17.607","18.4756","17.5948","17.4616","18.5721","18.3909","18.2469","18.1911","18.4737","17.7719","18.2618","18.617","18.9546","18.5584","19.1249","18.5282","19.0706","18.3674","19.5074","20.4444","22.946","23.749","24.0745","25.1939","27.7428","28.4128","27.4448","28.6883","24.8647","26.3368","25.2441","25.5961","24.7141","26.0554","25.7925","26.763","28.2671","29.3365","30.4248"
454,"MWI","Malawi","16.6108","16.8142","15.2963","16.3133","15.2543","15.0765","18.6877","16.3291","16.3375","15.5937","18.1119","18.5495","18.1317","17.9485","17.3764","18.7551","20.8458","20.5429","20.3468","21.0416","21.1335","21.2659","20.4296","20.533","20.8498","20.1023","19.3994","20.8239","19.8567","19.0146","21.3944","15.0593","23.1758","18.9783","22.8248","24.6362","21.5389","23.1861","25.8583","27.4725","25.5895","22.7416","25.0409","24.0652","19.6057","28.1316","32.8267","30.0694","35.4015","34.1977","36.8744","40.6165","41.6151","46.0322","39.0553","36.1363","44.1441","40.912","44.3037","46.1706","49.5742","47.715","48.5884"
458,"MYS","Malaysia","15.1458","14.4981","14.5482","13.6768","14.0856","14.6653","14.4635","16.0085","16.6437","17.5102","18.1856","18.309","19.1858","20.5404","21.7224","21.7085","21.5699","21.4778","23.5827","25.0042","25.9129","28.1562","25.3759","28.3075","29.0976","28.8762","26.578","27.5068","29.2587","29.7019","29.4155","30.6358","34.3868","33.3196","35.351","36.3721","38.0936","35.1828","41.7725","42.8259","43.9325","43.9461","47.3894","49.2008","51.8263","54.6196","54.1899","58.8619","56.8708","54.2846","58.8195","57.5987","55.7637","54.7628","54.312","48.5454","55.864","53.9663","53.957","53.59","51.1343","52.5084","52.2122"
462,"MDV","Maldives","43.9353","45.8075","47.4374","49.2603","50.8445","61.138","64.47","66.1832","66.5642","67.2094","50.9792","35.5292","35.5149","34.7737","50.456","36.9738","48.8186","39.554","30.1021","46.64","46.2537","41.0039","44.6565","47.8931","48.3222","48.7821","44.6502","46.2427","51.3839","38.7652","32.7127","37.1311","35.843","34.9086","34.9686","39.8423","38.744","35.4087","31.7681","36.9364","43.6868","36.6144","56.2633","72.1324","43.9687","34.5415","22.4853","28.7755","38.4476","34.4888","34.8625","19.9438","15.1638","22.711","26.1536","29.8208","28.8499","36.5922","57.5614","60.2013","14.284","11.2152","23.1234"
466,"MLI","Mali","15.8367","16.4965","16.2222","15.0151","15.5066","15.4054","16.9378","15.5792","17.958","16.5092","16.9082","14.8842","14.9729","17.8238","20.9962","18.9294","17.9578","18.6516","17.8816","15.9408","17.5023","19.1367","19.9043","17.2864","23.9495","25.0378","23.4954","31.5285","28.9852","28.2345","34.3807","28.929","20.8768","23.4714","22.3632","17.0468","17.8868","19.5471","20.8498","15.5074","20.0592","16.8087","19.075","20.2672","19.3867","18.2716","17.5045","19.4663","21.4347","21.0422","26.3254","25.5475","26.1559","26.3842","27.8886","29.3964","28.9495","31.2713","30.7959","26.9745","26.9874","27.5819","29.4708"
470,"MLT","Malta","23.071","25.7641","27.6911","29.9121","30.9074","24.1173","26.8374","25.8451","28.6063","23.0283","24.8705","26.609","26.221","25.2034","28.4627","32.1862","29.4511","27.069","30.3484","36.8405","35.1226","39.5703","40.7867","37.2438","37.2355","36.3429","36.3799","36.2786","37.4288","38.0965","36.6199","38.5098","39.3755","41.4321","50.7181","52.6589","65.9601","75.2745","73.8369","75.7489","66.7007","70.6345","63.0795","71.0297","77.2649","79.643","79.5219","88.8912","82.4032","74.5468","74.7361","71.161","71.8606","73.8775","69.0013","66.3451","70.9768","19.2374","17.7538","18.644","19.1514","19.1861","19.5628"
584,"MHL","Marshall Islands",NA,NA,NA,NA,NA,NA,NA,NA,NA,NA,NA,NA,NA,NA,NA,NA,NA,NA,NA,NA,NA,NA,NA,NA,NA,NA,NA,NA,NA,NA,NA,NA,NA,NA,NA,NA,NA,NA,NA,NA,NA,NA,NA,NA,NA,NA,NA,NA,NA,NA,NA,NA,NA,NA,NA,NA,NA,NA,NA,NA,NA,NA,NA
478,"MRT","Mauritania","7.0957","7.2139","7.3457","7.4008","7.9634","7.4584","7.5112","7.7588","8.3427","7.2453","6.2219","5.0961","4.4152","6.8166","7.2202","6.9102","5.8531","6.9518","6.34","6.8451","7.3206","6.4711","4.7327","5.1166","7.7214","7.9587","8.6273","8.9926","9.2853","5.7936","5.7507","5.6672","7.4973","8.6163","9.4673","9.962","7.6398","8.6891","9.195","9.0016","7.3083","7.0209","9.1354","6.8908","8.9032","8.7386","9.2789","9.5539","9.4131","12.1024","9.6734","13.9083","13.1435","14.7135","13.2687","13.1787","14.8703","16.6352","14.4023","16.0642","18.3033","19.9289","20.1321"
480,"MUS","Mauritius","201.9714","187.5788","232.1788","177.633","239.0789","198.4952","222.7083","185.9396","209.5336","182.7061","187.9446","222.7561","220.2564","210.7284","153.0536","223.5369","210.3549","218.825","220.3363","160.354","186.2606","230.0617","184.7886","177.3894","197.1461","212.3752","218.4266","195.6996","195.0663","201.4128","210.8734","217.7582","208.4785","188.9379","205.4532","212.1898","236.0445","232.8273","161.7484","208.5361","230.3007","198.1431","213.4853","219.0301","211.0109","206.1387","188.8832","203.7981","210.0852","197.1145","196.1684","188.0994","184.1374","194.7277","191.9818","182.4653","178.8497","152.4035","164.2751","127.0192","129.8975","111.1248","122.0514"
484,"MEX","Mexico","16.4616","17.4266","18.7281","21.9254","23.6824","24.5134","24.4743","25.9252","24.6173","27.1903","27.3532","27.1804","28.4752","29.3239","29.9913","27.0751","30.7101","32.5452","30.4999","33.4836","36.8829","33.0332","34.5807","36.5489","38.8088","36.6536","36.4501","31.5325","30.711","31.3477","29.5051","29.1402","28.5319","30.5656","30.8961","32.8681","31.8582","33.1506","31.2572","30.6371","33.5525","32.0991","33.9818","34.1542","32.19","34.7201","35.4608","36.2238","33.5102","36.3429","33.1465","37.564","39.171","42.1598","39.8342","43.3713","47.1617","47.5641","47.665","39.9009","41.0758","42.7409","42.6949"
583,"FSM","Micronesia",NA,NA,NA,NA,NA,NA,NA,NA,NA,NA,NA,NA,NA,NA,NA,NA,NA,NA,NA,NA,NA,NA,NA,NA,NA,NA,NA,NA,NA,NA,"0.2067","0.215","0.221","0.2307","272.2484","272.0644","272.058","272.0268","272.594","272.637","272.6751","272.7067","272.73","257.8723","239.4766","223.5177","224.2525","223.3375","278.9328","278.6399","401.4167","446.0821","447.2622","585.3278","576.1894","585.1714","585.4412","751.3299","751.2212","751.3016","751.2647","751.2346","762.6796"
498,"MDA","Moldova",NA,NA,NA,NA,NA,NA,NA,NA,NA,NA,NA,NA,NA,NA,NA,NA,NA,NA,NA,NA,NA,NA,NA,NA,NA,NA,NA,NA,NA,NA,NA,"26.2712","36.96","21.1811","30.3116","24.067","34.3926","25.9463","24.2367","21.9104","28.422","28.4799","23.2282","30.8679","31.3384","27.9893","18.8663","35.9351","25.1605","29.6201","30.2175","17.9466","32.9467","39.7228","29.4375","39.6732","44.7784","46.3821","46.8676","21.8108","52.1316","26.7797","42.0866"
492,"MCO","Monaco",NA,NA,NA,NA,NA,NA,NA,NA,NA,NA,NA,NA,NA,NA,NA,NA,NA,NA,NA,NA,NA,NA,NA,NA,NA,NA,NA,NA,NA,NA,NA,NA,NA,NA,NA,NA,NA,NA,NA,NA,NA,NA,NA,NA,NA,NA,NA,NA,NA,NA,NA,NA,NA,NA,NA,NA,NA,NA,NA,NA,NA,NA,NA
496,"MNG","Mongolia","4.2692","9.4936","9.3127","9.1799","7.8908","6.3722","8.5391","5.9316","3.8019","8.0859","10.0963","5.5508","12.177","8.3295","12.2359","8.3233","7.8943","6.4977","6.0701","5.1551","6.0152","9.2637","12.9129","9.4475","13.6378","13.9561","11.0167","12.6125","12.9941","11.1455","9.2071","7.6895","7.5074","5.4096","4.3083","3.6442","4.3264","3.2917","3.2774","2.8414","2.8502","2.5325","3.3584","2.8841","1.8362","3.2616","2.7969","4.4318","7.405","6.7951","7.9502","8.7396","7.869","10.1063","4.4793","8.6329","4.5341","8.2297","9.7912","9.5028","13.5821","10.1287","11.0124"
499,"MNE","Montenegro",NA,NA,NA,NA,NA,NA,NA,NA,NA,NA,NA,NA,NA,NA,NA,NA,NA,NA,NA,NA,NA,NA,NA,NA,NA,NA,NA,NA,NA,NA,NA,NA,NA,NA,NA,NA,NA,NA,NA,NA,NA,NA,NA,NA,NA,"83.4342","29.2884","36.2118","37.6212","37.1181","39.6794","33.721","37.5062","37.2906","39.2155","40.2127","38.0474","38.5506","34.7086","36.0158","36.5991","35.9064","34.72"
504,"MAR","Morocco","5.8829","11.5685","12.5534","11.6104","12.0186","8.3313","11.3384","19.5197","13.0897","14.0153","16.9138","16.6096","11.4696","16.7597","13.0262","18.0524","9.6832","14.533","13.66","14.1798","8.2566","15.2299","12.2755","12.5563","16.4611","22.6179","14.4731","23.0521","20.9476","18.136","23.6277","10.1421","9.6411","23.3111","7.1219","24.5807","12.5576","18.2577","12.6866","8.5914","14.7996","16.7033","21.6958","24.9898","15.3837","27.3865","11.5169","18.1527","29.6586","24.4958","26.7741","18.1566","27.3666","23.1739","33.4006","13.6248","26.1188","29.63","21.0843","15.0916","31.6043","16.7359","19.4378"
508,"MOZ","Mozambique","16.4842","16.7651","16.2761","17.1532","15.9913","16.8704","18.3603","19.0341","18.6538","18.8787","18.9524","20.1215","20.0584","19.1956","17.3636","17.1092","16.2734","16.0346","15.6717","16.1786","16.0163","14.3908","12.9148","11.9459","11.5527","12.011","11.0644","10.8447","11.1422","11.7486","10.6599","8.7263","10.8708","10.7782","12.925","14.2539","14.9102","15.6633","16.3533","14.289","15.2927","14.0833","16.2456","16.427","14.3115","16.9543","15.9938","15.0687","17.2378","18.0681","19.6196","20.5622","15.8882","15.2368","12.9834","14.7992","16.3264","18.7729","20.0163","18.5139","20.4381","21.8978","22.0245"
104,"MMR","Myanmar","11.9984","13.6071","14.3714","14.7599","14.2006","12.0461","13.3091","14.1052","14.0387","14.3308","14.854","13.9153","15.7399","15.7844","16.5747","16.6837","17.2371","19.0764","19.0513","22.4821","24.5076","26.1503","27.026","27.6348","28.553","28.3407","27.1613","26.0701","24.7879","25.0393","24.9838","28.7409","31.0684","33.4765","35.2422","36.5547","35.6166","36.7087","41.7589","44.1576","46.4254","47.9403","51.2059","54.3022","59.349","64.5457","65.9443","68.9842","69.7253","70.3526","65.6784","63.5722","66.0806","61.9375","61.5536","60.5439","57.9977","59.117","57.9687","56.8639","58.5168","59.2844","56.9524"
516,"NAM","Namibia","2.0615","2.1814","2.1996","2.3206","2.4672","2.5544","2.6309","2.7288","2.7918","2.7997","2.8806","2.9199","3.0129","3.0487","3.1701","3.1742","3.3077","3.343","3.4446","3.5049","3.5936","3.7006","3.8573","4.0048","3.5744","4.0115","3.9179","4.2792","4.641","4.7413","4.8947","2.5926","3.6827","4.5613","3.3019","3.942","5.5982","5.1556","3.9881","5.2249","5.2874","4.3375","4.6343","6.1765","5.5013","6.9064","5.2469","5.0714","5.0471","5.3943","5.4243","6.3528","4.7819","5.4925","5.6107","4.6605","6.1589","6.7799","4.4443","7.2032","6.5204","6.669","6.1776"
520,"NRU","Nauru","70.3478","70.3478","70.3478","70.9098","61.007","61.007","61.007","61.007","63.4882","65.4098","67.3315","67.3315","69.3222","71.4533","73.5845","42.2783","61.6355","65.8288","70.0912","74.3535","78.6873","78.8968","75.056","63.7217","67.9081","68.2512","68.44","68.7555","68.8383","70.4672","71.5922","73.1453","74.6643","76.2013","77.7358","79.2648","80.797","82.3297","83.8621","85.3943","86.9269","88.4593","89.9919","91.5242","93.0565","94.5891","96.1214","97.6541","99.1864","100.0272","91.3048","102.7609","106.6526","95.1948","95.2609","95.312","95.459","95.9458","95.9922","95.894","95.9237","95.9468","96.409"
524,"NPL","Nepal","27.0624","27.1609","27.3852","28.0595","28.7396","27.4706","27.6281","28.7747","29.9645","29.194","28.3569","25.8705","27.7869","28.0981","28.7369","28.1639","26.9379","28.0915","25.9037","28.6027","29.8788","26.5233","33.2958","33.3265","33.2335","31.9265","37.1184","40.9339","43.9861","46.6905","41.7527","46.7359","44.5499","49.6621","50.7498","51.2229","52.4195","52.4226","55.7471","56.9113","57.9939","60.2459","64.076","64.442","66.6093","64.6586","70.5988","73.6193","70.4057","76.5932","84.6665","86.0716","88.47","91.4726","90.4914","99.4251","99.6554","110.4516","114.6167","120.5819","119.4531","125.6382","124.7206"
528,"NLD","Netherlands","60.4343","63.2707","58.7542","66.1204","54.6478","54.2576","64.359","60.8024","59.5648","57.2562","60.4606","55.5153","58.7876","58.2315","53.4662","55.0104","56.1824","61.5852","58.6395","58.5472","61.9123","67.1065","58.3905","67.4258","62.8741","69.3911","66.5348","66.6767","70.9022","72.1915","66.422","71.7484","71.3876","64.9182","68.408","73.1812","68.1802","59.5192","69.8862","73.8603","67.8229","69.2248","69.0092","73.4031","70.2593","69.5311","70.0103","77.0762","80.665","78.3025","79.1848","77.9553","76.6995","79.2611","74.1582","69.7478","78.1907","68.3309","77.2821","74.0015","73.2994","79.8751","74.7219"
540,"NCL","New Caledonia","46.376","41.9321","45.9794","52.3434","46.4132","54.3279","50.0102","48.2449","43.0216","28.7675","36.6374","39.3164","40.5106","32.2379","30.5919","25.2875","26.6333","24.0913","22.7913","26.6037","25.1296","23.2248","24.2753","18.7643","19.8237","20.4247","19.5678","19.5548","20.7121","22.7937","22.4006","21.5391","23.7097","25.938","27.0216","26.7255","28.7955","27.0047","27.945","33.5589","34.5387","35.8489","37.341","38.4817","39.5326","37.5762","38.0539","38.0222","35.4904","35.8842","36.8871","43.9246","37.5718","38.6881","47.7358","49.1824","50.0903","51.5961","50.261","51.3527","46.6417","41.9962","40.8672"
554,"NZL","New Zealand","27.2209","24.9608","27.7709","31.9541","29.9749","31.9865","35.0819","46.2164","51.4681","40.1024","46.9912","54.2891","53.0377","41.9758","41.1423","51.2319","49.7983","48.7383","45.612","46.1363","44.4495","46.1741","47.5088","55.8716","56.5012","57.5588","60.7496","52.9336","44.5886","54.7824","52.6274","51.7729","54.3669","58.4795","54.7316","58.1611","61.3178","57.6989","56.6642","58.1131","57.2877","56.7557","55.27","47.7471","51.449","49.813","51.664","52.0882","54.4623","49.4979","51.2637","52.8463","48.0724","45.6088","54.3532","49.2666","47.1724","46.3309","45.8919","47.9051","40.5555","45.4022","46.3276"
558,"NIC","Nicaragua","13.8458","17.2018","19.252","23.5334","27.7601","25.5892","27.8407","26.6521","25.6379","22.7967","25.0281","25.7425","26.3938","34.0642","31.5391","30.4159","32.6575","36.699","32.908","17.0064","25.5637","24.5416","26.0889","26.8119","22.91","21.2776","19.3084","17.3096","16.382","16.9739","17.9071","16.9997","14.9319","16.1109","15.7466","16.6728","15.7069","16.5705","16.7284","17.4207","16.4405","17.2688","21.0773","18.6727","20.4798","20.5823","21.4305","22.07","25.7425","25.4494","29.9925","33.2837","32.0225","30.6494","29.1174","31.2868","33.9229","34.3975","33.8691","34.8184","35.4205","37.2344","34.1499"
562,"NER","Niger","2.6518","3.2188","3.3928","3.3605","3.1182","3.3329","3.7473","2.7355","3.4483","3.1738","3.5036","3.5197","2.2189","3.4929","2.8532","4.0294","4.3408","4.6339","4.9137","5.0243","5.0226","4.891","4.7833","3.1429","4.719","5.2207","4.0748","6.4156","5.2496","5.0092","5.1978","5.1387","4.4207","4.4056","4.4328","4.6404","3.658","6.6092","5.8117","4.3911","6.2873","7.2074","7.191","5.501","7.3914","8.2609","8.133","11.1108","7.7151","12.2951","9.4039","10.6713","9.8365","10.3004","11.0927","11.8489","11.7117","12.9865","12.1272","13.2365","8.9322","14.0781","12.6242"
566,"NGA","Nigeria","12.0103","12.6974","13.034","12.8911","13.5148","11.7358","12.5357","12.8258","14.3932","14.8383","13.176","10.9513","12.2604","14.968","12.3875","11.1651","10.8107","10.0393","10.0565","10.4213","10.5743","10.7301","10.7418","11.6306","12.5622","14.3672","14.7811","16.5075","18.4229","19.2285","19.8744","20.4495","21.0068","21.0264","21.4335","22.2945","22.9275","23.0963","23.2743","23.0579","22.004","23.156","24.3906","25.8484","27.315","29.7277","27.4158","29.1679","23.043","27.4866","23.3779","27.0309","25.4185","27.655","28.0117","31.5541","31.7199","32.7308","32.0258","32.0718","32.8092","33.3705","32.7603"
570,"NIU","Niue",NA,NA,NA,NA,NA,NA,NA,NA,NA,NA,NA,NA,NA,NA,NA,NA,NA,NA,NA,NA,NA,NA,NA,NA,NA,NA,NA,NA,NA,NA,NA,NA,NA,NA,NA,NA,NA,NA,NA,NA,NA,NA,NA,NA,NA,NA,NA,NA,NA,NA,NA,NA,NA,NA,NA,NA,NA,NA,NA,NA,NA,NA,NA
408,"PRK","North Korea","33.9254","35.443","38.1401","39.4631","36.5574","38.7773","37.5551","37.3536","41.6709","42.0402","43.2133","42.5284","43.9709","47.0534","48.7506","50.7168","52.9013","53.6413","55.1663","51.8398","54.8942","50.2049","51.7157","55.4653","55.5928","58.5357","59.6379","60.1674","61.4975","61.9468","74.1005","71.0825","71.2606","60.329","42.2694","38.2847","39.5225","47.7351","45.2451","41.6665","47.0152","48.7529","49.6164","50.2403","49.8303","50.1066","45.3831","48.4254","47.561","47.4845","48.7482","50.4679","50.9637","50.8894","47.6055","48.2237","45.9105","41.4401","51.6754","45.8389","45.2835","44.2578","43.1572"
807,"MKD","North Macedonia",NA,NA,NA,NA,NA,NA,NA,NA,NA,NA,NA,NA,NA,NA,NA,NA,NA,NA,NA,NA,NA,NA,NA,NA,NA,NA,NA,NA,NA,NA,NA,"26.5299","20.1278","25.0634","27.6088","22.786","25.469","28.1018","27.7251","26.3419","22.0182","27.2531","26.3557","35.0909","34.8463","33.6545","28.6438","35.4224","36.2616","35.5923","35.4645","31.0948","35.7157","38.4999","32.981","38.9369","29.2036","35.6888","34.4254","35.9189","34.514","34.6936","31.6847"
578,"NOR","Norway","19.0446","14.3965","18.1046","17.4507","18.2261","15.8717","17.9372","23.0338","18.9447","23.4835","24.2094","22.9604","26.0931","31.171","21.6374","23.9336","29.8551","30.721","28.6721","31.0133","30.1866","31.5099","27.7209","36.0469","32.8307","27.6625","31.8299","26.8356","29.0311","38.6084","35.0453","24.9389","33.1978","26.1427","26.6522","28.4322","30.3742","32.126","29.0834","31.2483","29.4686","27.7021","31.1816","35.1022","31.6847","29.1022","30.2046","35.0783","27.1509","31.0595","26.453","27.9787","25.1785","32.5969","35.7303","34.8782","34.4593","19.9659","34.3944","34.3836","31.1657","35.0128","21.299"
512,"OMN","Oman","9.1362","9.3107","9.4011","9.3427","9.3494","9.7728","9.5204","9.1694","10.0125","9.6313","9.7988","9.7295","10.4474","10.5233","10.5075","10.5022","10.6258","10.6092","14.3241","18.2034","24.1856","26.6409","24.7407","23.347","21.6992","21.0117","19.9325","19.3935","18.4237","19.5808","23.9419","23.6766","28.0456","28.5569","28.9764","29.4175","30.657","32.3165","35.4319","34.8223","35.3096","32.8782","32.2916","35.3631","35.8464","37.2968","38.1558","38.3187","41.5863","42.6068","42.1646","45.506","47.7337","48.0708","49.3747","48.6358","54.1224","50.6201","51.4492","77.52","68.8741","76.7142","77.444"
586,"PAK","Pakistan","8.6503","9.3946","10.3749","9.8379","10.3374","10.4577","11.4247","12.7454","13.989","14.8978","15.1819","15.1259","15.0018","15.7711","14.8102","15.8496","17.5381","16.3113","18.5158","18.0953","20.078","19.6864","19.5714","20.9798","22.4417","25.6031","25.8228","25.7939","27.6136","29.0429","32.1876","29.4851","28.7814","29.417","33.178","31.9174","30.7404","33.3663","35.5758","35.961","33.1084","33.0714","34.814","40.6721","40.341","39.0822","41.593","43.0414","44.3971","41.1299","45.162","42.9692","45.6077","46.9042","43.2132","44.8411","47.565","43.1961","43.7835","45.066","50.4345","45.8711","53.4386"
585,"PLW","Palau",NA,NA,NA,NA,NA,NA,NA,NA,NA,NA,NA,NA,NA,NA,NA,NA,NA,NA,NA,NA,NA,NA,NA,NA,NA,NA,NA,NA,NA,NA,NA,NA,NA,NA,NA,NA,NA,NA,NA,NA,NA,NA,NA,NA,NA,NA,NA,NA,NA,NA,NA,NA,NA,NA,NA,NA,NA,NA,NA,NA,NA,NA,NA
591,"PAN","Panama","13.0244","12.9173","13.9733","15.3527","16.1118","15.3675","17.6717","19.5293","20.1991","18.6181","19.8732","18.1909","20.2966","21.3591","23.6131","24.0212","28.4512","30.1143","29.5432","27.213","25.3786","27.8735","25.1514","24.6328","23.2737","20.9735","21.2155","19.6014","20.209","20.1167","19.1093","21.3014","21.1216","21.7347","20.3063","21.5908","19.762","21.9448","20.867","20.8541","19.9204","21.1078","22.239","21.1858","21.4098","21.9343","22.0143","21.6533","20.9836","20.2242","22.3499","22.4266","23.8248","25.004","24.5395","26.2691","26.6338","29.6288","30.8032","32.9978","32.2193","34.6697","27.5737"
598,"PNG","Papua New Guinea","34.2424","34.614","35.8817","34.3196","35.6419","37.1267","34.5258","35.5207","35.7083","35.0509","34.9672","35.3305","34.1449","33.4856","33.6111","33.2276","34.4963","35.5339","33.6092","35.7644","34.7188","35.8871","37.5098","41.1137","43.0959","39.3396","40.4315","38.0727","34.3365","31.964","31.9494","36.4478","37.4847","33.8457","34.0309","38.8506","37.7568","36.2902","39.5922","40.4873","32.0444","33.7656","33.4043","33.6443","33.9709","33.1258","43.4057","40.5198","40.1821","40.2117","41.2089","40.5826","41.1166","49.6188","49.4496","49.6203","46.4452","46.7628","47.3451","40.3121","41.0427","41.8006","44.0676"
600,"PRY","Paraguay","17.3053","18.5665","20.0695","23.0402","24.2622","22.3418","24.952","24.5354","25.3698","31.4169","34.4362","35.5454","36.3023","40.7779","38.3108","40.0967","47.7426","43.2223","46.3814","42.5487","50.82","49.0256","52.2852","57.0696","66.1432","50.0499","61.7939","73.735","79.7751","80.9139","58.8992","53.1729","69.6115","64.3635","72.0362","74.5292","77.4219","74.4669","74.5382","71.2242","83.3661","75.0296","91.4756","84.4741","85.7119","82.8844","118.2671","116.5581","81.1942","139.8729","150.3974","89.3997","159.281","163.9488","154.0118","156.1873","170.7815","173.8367","143.5706","175.3061","160.4069","90.3157","153.799"
604,"PER","Peru","43.3136","41.8862","33.9523","34.4491","32.5824","35.649","34.5633","31.1454","31.5855","33.2291","33.5032","26.9737","26.6908","27.1691","26.6421","24.9315","24.6709","22.4737","22.3245","19.7008","21.2619","21.9814","18.0871","21.7559","22.2936","22.3255","22.2933","23.5227","23.7929","18.838","18.2258","15.2241","17.1169","20.1941","21.7757","23.7551","23.5597","23.4917","26.4456","28.1411","28.0282","29.6667","30.5144","28.6261","29.8884","31.2545","31.4412","34.1701","34.8414","33.9392","33.3519","35.6033","35.7439","35.1863","32.5385","33.9071","32.8031","34.5808","35.7213","32.862","31.274","34.2661","33.952"
608,"PHL","Philippines","34.2968","38.1689","40.3229","38.7884","38.3847","39.6258","38.2907","38.3232","38.9496","41.9829","45.9346","45.7475","45.4425","45.0479","51.3012","55.5782","50.9437","49.697","46.8079","46.5992","48.8265","49.8538","44.3321","43.4589","44.8695","49.1473","45.9203","43.3492","46.1858","54.0494","51.0646","51.0995","52.7914","55.0341","53.7852","55.616","57.1093","49.8767","55.7391","58.0907","59.8064","61.812","63.2574","64.5689","65.4169","66.6084","66.7849","68.8912","67.0789","63.8548","67.9062","69.279","68.1289","69.1112","67.2198","64.5056","69.6844","68.6804","67.2211","68.6272","70.2784","69.3429","68.7228"
616,"POL","Poland","32.9545","28.9775","31.846","31.3896","34.5579","34.8549","36.753","38.8137","37.7488","36.4475","39.5274","41.8626","44.5452","45.1213","40.7798","43.648","39.4197","43.7608","37.0588","34.3264","40.3011","40.2395","42.9042","47.7346","46.3474","49.0747","49.3204","46.9311","51.108","52.3079","49.6451","37.1143","44.6769","39.241","47.1286","46.0333","44.6712","49.1034","45.5019","41.4357","47.6722","48.2909","43.3931","54.8438","51.0379","42.7926","54.7772","53.9587","58.646","59.2775","56.5679","59.7589","62.0438","70.2513","62.2531","65.0881","70.0348","56.6774","60.1519","72.6004","70.9675","73.6256","74.0526"
620,"PRT","Portugal","16.3018","18.0574","18.6418","16.6658","17.8618","14.3114","18.853","19.5372","16.268","17.5026","18.8344","17.0225","15.9255","16.387","16.279","16.4591","11.6948","12.547","13.3623","14.3374","11.6168","14.2729","12.0868","15.0861","14.4008","16.1293","16.7737","13.4629","17.0628","14.9152","17.8962","14.5894","15.0416","16.0541","14.9318","17.3377","16.6522","15.2406","19.3296","17.353","15.4763","18.0324","15.6968","18.4404","14.6327","19.0479","17.6036","19.3677","18.1863","17.6632","16.7444","16.4705","18.7737","18.996","19.8788","18.7449","20.8857","18.9282","19.4184","18.3519","22.2721","18.5583","20.6063"
634,"QAT","Qatar","31.9667","48.8267","60.0667","71.3067","82.5467","93.7867","105.0267","116.2667","127.5067","133.1267","147.3364","148.3637","3.8161","2.1737","2.3921","4.1059","26.5045","32.9119","24.0233","13.6664","13.7209","14.1701","9.5873","9.4287","10.5732","10.4637","11.403","12.2609","14.6565","13.5134","17.1082","14.8669","15.4552","14.5118","16.6462","17.0078","21.1619","18.5815","20.1692","20.5901","15.7976","16.4474","13.8833","13.1718","16.1411","19.8845","20.0042","14.787","12.2861","12.6051","10.8668","10.3989","12.1494","11.87","11.1048","10.8806","10.5262","11.7565","12.0626","13.2912","18.634","17.9496","22.7276"
178,"COG","Republic of Congo","7.2412","7.5928","7.9697","8.2655","8.7225","9.5074","11.8585","11.32","10.8202","10.0736","9.9033","8.0606","8.474","8.7348","8.633","8.5085","8.3349","7.8963","8.1585","8.0071","8.4282","9.3596","8.829","9.6806","10.6261","10.0084","10.2722","10.8991","10.9398","10.5331","10.9899","11.1337","10.7739","11.699","12.4616","12.7334","12.2082","12.0373","12.1758","12.7092","13.2069","13.4125","14.5347","14.8981","15.2927","15.3259","15.555","16.4494","16.7297","16.2686","15.9686","16.4377","16.1084","17.113","17.2605","17.0949","17.2191","17.3254","16.9541","17.3893","17.1314","17.4466","17.58"
642,"ROU","Romania","21.827","19.5935","20.6569","21.4929","25.0652","27.4857","27.3966","25.2364","24.9422","21.4664","29.463","33.1269","28.6438","28.5046","29.5264","37.9754","36.1203","35.99","36.2855","38.1926","33.8458","40.5641","35.3483","42.5494","38.3285","39.2944","35.1464","39.4605","40.766","35.0191","36.4752","25.4694","31.552","35.472","39.4406","28.8588","41.6762","32.4695","34.7561","23.0766","37.8045","29.6952","28.0713","51.1578","42.0146","37.0108","20.6868","39.9473","34.7464","38.2544","46.6915","30.9063","48.9166","52.6611","47.6208","54.65","69.8052","74.5803","69.3401","46.0884","67.6529","51.692","56.5437"
643,"RUS","Russia",NA,NA,NA,NA,NA,NA,NA,NA,NA,NA,NA,NA,NA,NA,NA,NA,NA,NA,NA,NA,NA,NA,NA,NA,NA,NA,NA,NA,NA,NA,NA,"18.8258","17.7509","14.6979","12.5073","13.2774","15.9475","9.5398","11.0258","12.7448","15.8164","16.256","13.4862","15.3782","15.8739","16.229","16.421","21.075","19.361","13.1176","20.294","15.8294","19.5669","21.7739","22.1083","25.2484","28.1713","25.0961","27.1498","28.5185","27.5257","35.0261","32.6247"
646,"RWA","Rwanda","18.6405","24.2101","19.0209","16.3613","18.3694","22.7746","24.6503","22.167","24.6949","26.4534","24.9019","21.6977","22.4533","19.5487","22.5861","23.1149","23.5089","23.3022","24.1515","23.6733","24.4124","25.8484","25.9896","23.2365","28.8934","25.1722","24.7557","22.2193","22.1656","21.2327","24.7608","23.8715","18.7157","12.0276","16.2366","18.8005","18.1723","19.0566","18.6652","22.8273","22.8248","24.9523","23.3581","22.1105","24.0687","25.9891","27.6466","28.024","31.1668","32.2504","32.7435","35.2174","36.2369","29.4761","30.4811","31.1482","32.8299","35.8757","37.5899","35.3959","36.8249","36.9958","39.3998"
652,"BLM","Saint Barthelemy",NA,NA,NA,NA,NA,NA,NA,NA,NA,NA,NA,NA,NA,NA,NA,NA,NA,NA,NA,NA,NA,NA,NA,NA,NA,NA,NA,NA,NA,NA,NA,NA,NA,NA,NA,NA,NA,NA,NA,NA,NA,NA,NA,NA,NA,NA,NA,NA,NA,NA,NA,NA,NA,NA,NA,NA,NA,NA,NA,NA,NA,NA,NA
659,"KNA","Saint Kitts and Nevis","100.0433","94.32","85.0048","91.1864","82.8477","84.4575","79.1448","77.4473","67.7625","89.8189","75.5843","68.4346","59.7212","61.3587","61.4114","89.6233","96.5768","98.9783","104.5562","96.1357","92.4609","102.8646","82.146","96.0126","85.6917","91.1435","90.6665","94.7335","88.3596","66.4323","77.6122","107.0571","84.4604","88.4641","89.2984","114.5878","168.9759","134.5328","94.4251","97.9595","100.7886","104.6316","104.6561","140.6671","99.8087","8.2265","9.0754","9.5571","8.1062","7.9145","14.0875","11.003","11.0197","10.3338","10.6649","12.5041","12.5389","12.531","14.4762","14.3632","14.4168","14.2857","14.3077"
662,"LCA","Saint Lucia","61.3881","60.0248","53.4885","50.4036","56.2712","55.5796","55.3697","55.796","55.8934","54.3573","47.3932","48.7506","51.3187","46.6525","48.0574","41.9946","44.2339","49.662","51.2835","49.946","31.1957","36.9091","39.888","37.5244","38.6121","41.9129","42.0562","42.9246","43.1521","47.9655","43.6196","42.5813","46.2657","37.3109","42.2352","40.3759","45.4048","34.7934","38.1821","31.3768","27.7278","32.0123","32.076","33.7471","26.6355","35.4826","34.4675","38.33","36.0392","31.2593","30.9899","28.187","29.0628","26.5537","26.6084","26.3416","26.8747","26.2589","29.2584","27.4235","27.1501","29.7689","24.7665"
882,"WSM","Samoa","45.0132","45.5362","48.0137","52.1693","43.157","46.612","36.4313","45.3764","49.6766","41.9272","53.8466","53.2187","49.9787","55.3808","51.5864","45.7663","48.3703","43.2666","51.9348","53.6076","45.6507","56.3444","48.1216","42.3049","47.3669","49.3054","46.0415","43.6499","62.4383","54.6437","41.9582","48.4307","49.5335","50.6882","57.0146","59.3359","55.2624","57.7247","51.0813","58.4406","61.0406","63.1027","66.7099","69.4806","75.1623","78.8549","77.6841","89.7292","105.2028","88.2","79.4205","69.783","62.5653","55.7692","19.8603","21.4304","29.308","32.4331","34.9041","35.0046","35.4672","35.3863","35.8113"
674,"SMR","San Marino",NA,NA,NA,NA,NA,NA,NA,NA,NA,NA,NA,NA,NA,NA,NA,NA,NA,NA,NA,NA,NA,NA,NA,NA,NA,NA,NA,NA,NA,NA,NA,NA,NA,NA,NA,NA,NA,NA,NA,NA,NA,NA,NA,NA,NA,NA,NA,NA,NA,NA,NA,NA,NA,NA,NA,NA,NA,NA,NA,NA,NA,NA,NA
678,"STP","Sao Tome and Principe","30.5307","32.7257","28.2098","32.4108","32.8321","30.1607","30.0978","27.6907","28.0278","26.3981","26.7955","26.7846","27.8886","26.945","20.9561","19.9584","24.0508","21.2425","25.3732","19.6975","19.4961","24.2272","24.6164","25.1021","26.0319","26.7009","24.2029","26.0022","23.6247","22.962","19.9548","21.0908","21.7203","21.6777","22.6034","24.9491","26.4651","22.3963","20.5757","20.8944","21.6951","21.9225","22.1406","21.4883","22.8173","22.6898","21.6387","22.1022","23.388","21.3915","19.8078","21.4314","27.3602","29.17","27.9682","10.3255","10.735","10.2859","10.5009","10.6356","10.6164","11.405","11.703"
682,"SAU","Saudi Arabia","6.578","6.4176","6.876","6.7919","7.1086","7.1317","6.8799","6.9262","6.9098","6.9764","6.374","2.5891","2.6249","5.1016","4.9443","4.1259","4.5127","4.3618","4.889","3.9533","4.2195","7.0729","9.8116","14.903","19.7578","20.3691","22.6894","26.585","26.9084","26.9338","27.6098","27.8685","28.7025","27.3456","16.4864","12.6771","15.0647","14.377","15.1454","13.6348","16.0196","17.5632","18.218","19.6253","18.7339","18.779","18.32","15.3756","10.6942","10.9478","10.1274","8.3019","7.2703","9.839","10.5355","10.0869","10.8586","10.449","10.2553","10.9264","8.9582","10.1247","10.928"
686,"SEN","Senegal","15.8933","16.0111","16.7079","16.3767","17.1374","15.0645","16.6231","12.2686","14.455","10.4061","15.9686","9.5152","12.103","17.0925","20.7359","18.31","10.5458","19.3444","12.8847","11.4416","19.1358","17.7767","11.0374","12.0372","16.55","16.8381","19.4463","15.3787","17.8619","15.56","17.3837","14.8663","16.997","15.994","18.7241","14.9401","14.3131","15.3323","19.3411","18.9285","18.3891","10.1705","17.0274","15.4998","19.1695","15.5198","12.2805","18.7592","21.1878","23.1833","13.8116","18.0132","16.4299","15.9985","22.5845","20.4857","28.4499","31.0272","29.91","38.1236","35.5543","33.9101","36.3018"
688,"SRB","Serbia",NA,NA,NA,NA,NA,NA,NA,NA,NA,NA,NA,NA,NA,NA,NA,NA,NA,NA,NA,NA,NA,NA,NA,NA,NA,NA,NA,NA,NA,NA,NA,NA,NA,NA,NA,NA,NA,NA,NA,NA,NA,NA,NA,NA,NA,"64.2846","50.6444","64.3225","65.8605","68.2206","67.5091","52.0477","69.7613","78.8922","65.4287","82.0676","58.684","83.8056","82.8516","87.6531","79.299","65.8944","84.0516"
690,"SYC","Seychelles","102.4085","109.1776","104.1832","135.172","108.3891","119.3895","122.3987","120.1349","97.922","89.318","74.0532","73.2646","69.453","65.8954","64.1728","59.3737","63.8346","58.5987","72.8431","70.2374","69.7904","49.7973","57.9661","45.1855","38.7455","34.2414","28.904","28.2189","25.2483","30.5392","22.2218","21.3663","21.5227","22.0978","22.6242","22.8787","22.8036","22.6373","22.4287","22.2945","22.2873","22.3746","22.1881","22.0699","21.9243","21.7283","29.298","29.1558","29.8116","36.3078","59.3908","49.2882","49.4398","49.5437","61.8054","61.4329","61.3799","61.25","61.2754","61.6256","61.6483","73.82","71.1373"
694,"SLE","Sierra Leone","19.3757","20.6509","20.8211","22.0645","22.3685","23.0877","23.6009","21.8245","24.1191","22.1414","22.052","22.0813","22.1536","22.5546","23.8979","24.0845","24.7312","24.6447","21.6771","21.6991","21.7275","22.5707","21.357","22.1743","19.3258","21.6771","20.2831","20.836","21.5969","21.8051","21.8362","20.5963","20.6341","20.8307","19.0788","20.5183","21.8484","19.2409","16.2784","14.0039","13.565","13.6111","13.7886","13.7418","14.3203","15.5909","15.0948","15.3604","17.9895","18.9496","19.3313","21.9356","21.7225","20.6281","17.5371","16.5752","15.5274","16.0893","15.9667","16.908","26.9651","20.9906","21.2281"
702,"SGP","Singapore","30.4142","29.699","31.2539","30.8821","35.2502","45.4807","45.1366","50.3063","49.3298","50.0668","75.1061","69.5442","57.4705","52.3236","56.5065","59.7526","61.4632","60.2172","56.9401","55.6346","68.122","84.5301","79.0768","82.267","77.5061","85.1823","104.7898","60.0962","49.658","42.5066","34.9019","30.4905","27.4002","27.5774","32.7002","36.9175","41.0064","46.2103","51.3653","56.625","61.6158","67.3129","113.5661","122.0184","136.2964","151.987","130.4263","148.9731","153.8969","163.5992","172.8673","180.9505","200.807","211.5329","213.469","208.7321","209.5883","221.7038","224.6766","213.0655","218.6282","188.6275","162.4612"
534,"SXM","Sint Maarten",NA,NA,NA,NA,NA,NA,NA,NA,NA,NA,NA,NA,NA,NA,NA,NA,NA,NA,NA,NA,NA,NA,NA,NA,NA,NA,NA,NA,NA,NA,NA,NA,NA,NA,NA,NA,NA,NA,NA,NA,NA,NA,NA,NA,NA,NA,NA,NA,NA,NA,NA,NA,NA,NA,NA,NA,NA,NA,NA,NA,NA,NA,NA
703,"SVK","Slovakia",NA,NA,NA,NA,NA,NA,NA,NA,NA,NA,NA,NA,NA,NA,NA,NA,NA,NA,NA,NA,NA,NA,NA,NA,NA,NA,NA,NA,NA,NA,NA,NA,"45.8381","54.1307","51.6343","49.7293","54.0165","50.5863","44.428","34.7175","52.8636","53.7328","41.4739","63.9063","59.5147","52.5399","49.8566","68.3841","57.9551","45.2076","61.0416","49.1081","60.1727","79.6188","67.3183","84.4165","67.692","73.8542","72.6615","80.0107","79.5895","68.5412","85.1962"
705,"SVN","Slovenia",NA,NA,NA,NA,NA,NA,NA,NA,NA,NA,NA,NA,NA,NA,NA,NA,NA,NA,NA,NA,NA,NA,NA,NA,NA,NA,NA,NA,NA,NA,NA,"34.6504","37.6975","47.5585","46.0719","45.5131","52.3654","56.5468","49.7603","51.4881","49.3751","60.4389","41.4407","56.5593","56.5888","50.5131","52.2214","47.1005","43.1591","46.1674","48.0442","46.6877","38.0503","51.3555","49.2684","50.7809","45.1839","46.8931","50.13","57.6886","53.1395","46.3006","50.5811"
90,"SLB","Solomon Islands","52.0073","52.1665","53.9316","55.6002","54.6021","52.2343","52.9253","47.3313","55.6353","63.2509","64.5777","61.7951","62.56","63.515","65.187","66.6612","66.0084","67.9005","78.1472","77.0553","87.1328","79.785","78.4829","94.7074","99.4225","94.8951","65.9748","65.323","64.5025","60.3472","65.2182","67.2221","68.0366","68.5118","81.9375","84.0381","87.2442","88.2328","78.309","74.8454","65.4104","62.5543","59.374","76.8454","79.8942","84.142","86.9183","90.5242","80.6674","42.5422","41.2757","43.2422","43.3228","43.1457","43.2836","43.5415","43.655","43.7132","44.1995","43.9701","43.6352","44.5521","44.4276"
706,"SOM","Somalia",NA,NA,NA,NA,NA,NA,NA,NA,NA,NA,NA,NA,NA,NA,NA,NA,NA,NA,NA,NA,NA,NA,NA,NA,NA,NA,NA,NA,NA,NA,NA,NA,NA,NA,NA,NA,NA,NA,NA,NA,NA,NA,NA,NA,NA,NA,NA,NA,NA,NA,NA,NA,NA,NA,NA,NA,NA,NA,NA,NA,NA,NA,NA
710,"ZAF","South Africa","12.5593","12.9591","13.8485","12.2743","11.4335","13.3625","21.1059","14.7573","15.4474","15.6929","20.2437","21.4012","15.1493","23.982","21.0893","20.338","23.0307","23.8343","21.779","22.9569","29.8583","22.334","14.7873","19.1453","21.4644","21.7702","24.1485","24.843","26.2891","22.4582","22.5174","12.2611","19.4217","23.4988","16.3921","24.288","23.2211","21.1187","21.8461","25.0823","22.1485","24.6061","21.5867","22.5145","25.3651","22.2459","20.5476","27.3422","27.4287","26.2633","27.8387","28.7372","29.8947","33.0479","28.3068","24.8788","37.5377","35.6607","31.721","37.4417","40.3443","41.0714","44.2007"
410,"KOR","South Korea","58.9515","55.3122","56.1598","65.0177","63.7481","67.9502","63.2955","64.7544","71.7292","70.231","70.8383","71.9868","71.8868","75.2637","84.7912","91.9709","89.1191","98.274","95.5859","70.7508","83.3454","84.0274","85.0944","87.6986","83.2168","83.1335","80.7327","86.9013","87.6767","83.857","77.0957","77.9767","75.388","75.2218","77.4179","83.6545","83.3409","80.1607","82.8343","84.4787","88.1886","80.8624","76.7748","84.2701","82.2854","81.6627","77.7714","84.4643","85.3406","77.7257","79.354","74.4583","78.6057","81.2699","78.5299","78.1276","78.1645","79.4523","79.2313","75.4817","82.0116","81.2573","81.798"
728,"SSD","South Sudan",NA,NA,NA,NA,NA,NA,NA,NA,NA,NA,NA,NA,NA,NA,NA,NA,NA,NA,NA,NA,NA,NA,NA,NA,NA,NA,NA,NA,NA,NA,NA,NA,NA,NA,NA,NA,NA,NA,NA,NA,NA,NA,NA,NA,NA,NA,NA,NA,NA,NA,NA,"10.9681","10.9823","13.3195","12.1659","11.4569","11.2107","12.0248","13.1386","13.8911","14.0851","15.3845","15.0271"
724,"ESP","Spain","13.0389","14.4158","15.0449","13.124","13.8944","15.2294","15.8926","16.9506","15.9769","15.2533","17.7751","16.9658","16.9986","18.5316","19.5993","18.5932","18.8446","22.0067","19.5878","24.5641","17.1952","19.9713","19.538","27.3649","26.5636","22.6795","27.5196","29.6346","26.1848","26.3146","26.0279","22.4428","25.0493","22.4699","18.0978","31.348","29.5102","32.2634","27.5547","34.9944","28.5988","32.6986","33.1663","35.8381","23.5884","30.226","35.6428","34.9061","29.1564","31.9783","35.5253","26.6308","38.8011","32.2114","32.2766","37.9226","29.3072","41.9253","33.6348","43.218","40.9102","30.7894","23.0337"
144,"LKA","Sri Lanka","33.366","36.6485","29.7288","31.0348","27.6467","26.4872","29.3097","31.4114","30.977","32.3896","31.9435","32.5093","27.6375","30.2798","32.2139","30.6824","29.6728","32.6318","37.5187","37.5731","38.9756","40.5646","41.8898","38.9402","44.8707","46.14","37.4921","38.3432","38.3044","41.8567","46.9649","43.8279","47.999","53.4","54.4873","49.0699","51.2037","52.7359","55.4887","57.9213","54.0713","53.3363","54.7775","55.0213","51.9427","57.4544","57.3791","57.3644","54.4341","62.5431","57.2138","58.4207","62.7135","58.0969","65.9035","62.1342","47.8293","55.3882","60.4418","64.6948","69.2252","54.5831","53.9039"
670,"VCT","St. Vincent and the Grenadines","78.1024","79.0893","55.8245","58.0938","54.4783","57.9874","56.9775","53.2236","51.6371","54.4597","60.6907","55.8672","55.9621","56.5871","55.1029","49.9334","58.9483","74.1418","65.3221","55.9812","61.6706","71.155","62.4363","80.3905","86.6214","79.6003","74.222","87.8683","80.4039","81.6219","76.0923","88.83","92.4033","49.6084","51.241","53.7037","53.4659","55.588","49.0991","49.3725","55.4186","60.1654","62.1371","61.5414","65.9257","68.429","70.2139","69.5034","71.9851","61.7381","64.2552","67.4939","68.4051","69.7285","67.8784","67.6272","70.7039","71.3368","72.9211","73.2299","58.9502","56.8049","57.5532"
275,"PSE","State of Palestine",NA,NA,NA,NA,NA,NA,NA,NA,NA,NA,NA,NA,NA,NA,NA,NA,NA,NA,NA,NA,NA,NA,NA,NA,NA,NA,NA,NA,NA,NA,NA,NA,NA,NA,NA,NA,NA,NA,NA,NA,NA,NA,NA,NA,NA,NA,NA,NA,NA,NA,NA,NA,NA,NA,NA,NA,NA,NA,NA,NA,NA,NA,NA
729,"SDN","Sudan",NA,NA,NA,NA,NA,NA,NA,NA,NA,NA,NA,NA,NA,NA,NA,NA,NA,NA,NA,NA,NA,NA,NA,NA,NA,NA,NA,NA,NA,NA,NA,NA,NA,NA,NA,NA,NA,NA,NA,NA,NA,NA,NA,NA,NA,NA,NA,NA,NA,NA,NA,"7.5479","11.5182","13.5399","8.5682","13.3959","11.7984","17.0249","14.1427","14.6845","13.3308","15.4829","10.651"
740,"SUR","Suriname","45.527","49.2994","52.9988","48.3905","62.5984","65.3558","74.2137","72.3382","65.9735","76.1766","65.411","62.4236","67.316","65.0855","69.7947","68.3085","74.53","79.4645","85.878","82.974","84.9595","83.5662","73.5244","79.0518","74.3343","71.3464","59.4768","57.7859","58.4344","47.0873","54.341","59.6585","52.5158","53.4497","54.3487","54.0688","53.62","45.7543","45.3387","43.5125","50.3045","54.1079","50.492","48.1065","49.1496","56.5735","59.8316","61.4919","60.3579","62.0357","60.4531","64.7709","66.1908","64.7698","62.7695","65.0867","69.1084","65.6951","64.7205","61.2136","64.4522","54.2161","56.112"
752,"SWE","Sweden","26.0517","24.9457","25.4431","32.3813","32.5493","25.9744","34.8656","38.2344","30.2777","37.5267","40.7915","40.1023","37.3822","49.7802","40.4457","42.2954","42.297","44.8009","41.1544","42.1373","45.2697","47.5206","44.2313","55.6792","46.8246","48.2245","42.4019","41.1193","48.3479","54.6174","43.3941","34.3288","46.2438","38.2811","40.3417","47.7289","48.7987","46.5821","42.4728","49.2618","46.061","47.2818","46.2072","48.9404","44.1306","37.8377","44.7099","46.0794","47.7027","40.2617","43.6589","47.0557","46.6764","53.2741","56.8694","51.6661","56.5712","31.8794","58.0146","56.099","48.4017","56.6967","42.6304"
756,"CHE","Switzerland","43.6383","52.1091","45.1951","52.2456","44.4666","48.6918","58.7434","55.8858","54.1817","53.1287","60.2163","55.7477","57.9613","61.4893","55.9393","57.4995","50.9103","60.8011","63.5081","57.5293","62.1632","66.6444","60.4666","73.1226","66.9628","61.7169","60.38","76.8505","81.8518","75.3281","74.9545","73.6797","75.4748","68.1285","70.7664","79.071","73.7404","76.175","64.4791","73.7489","64.9241","70.1847","58.8718","71.692","68.5724","65.5714","68.4853","68.0937","69.6853","63.1402","71.4005","66.2259","60.4301","72.8369","65.4923","55.2916","68.9936","64.8932","65.2109","68.8486","56.4793","64.0681","58.9171"
760,"SYR","Syria","7.6579","12.159","11.038","11.2472","11.2128","7.3617","10.6712","9.5399","11.6682","8.3183","9.8602","15.2062","8.0071","14.1441","15.2205","17.959","13.7926","16.2513","12.631","20.9557","19.6245","16.1726","19.3358","13.8471","17.9037","19.7089","15.6412","27.4528","12.9867","19.3213","20.8767","27.7016","31.0912","30.0665","33.5398","35.4342","30.775","36.5624","26.4752","30.8452","36.1621","38.3197","38.4736","36.5455","38.9076","37.6403","31.0996","22.3598","30.0632","25.0923","31.3029","28.4063","21.9719","15.1265","21.5687","14.5812","16.1049","12.322","27.9079","25.6458","15.0381","13.1876","23.7416"
158,"TWN","Taiwan","102.3984","95.9126","92.4809","103.3181","116.384","115.0407","110.726","117.721","108.401","108.885","113.2689","111.3427","113.6779","120.8647","114.4524","120.3526","126.75","113.9716","122.2995","117.8569","116.7291","116.1254","112.0709","109.2032","112.0391","104.1189","105.491","108.2903","101.8789","97.1032","98.9349","99.9654","102.1066","98.4709","98.7397","94.9321","96.1011","85.8626","91.8622","87.0468","79.6693","83.2436","78.7432","71.3696","62.7228","69.8597","61.243","63.2279","64.3413","68.0914","75.4807","71.8972","69.0871","72.7782","69.8663","68.1088","74.9644","79.1286","73.9668","75.7228","70.1124","71.1145","68.5121"
762,"TJK","Tajikistan",NA,NA,NA,NA,NA,NA,NA,NA,NA,NA,NA,NA,NA,NA,NA,NA,NA,NA,NA,NA,NA,NA,NA,NA,NA,NA,NA,NA,NA,NA,NA,"39.4516","38.9654","39.3409","32.9771","30.2056","37.3126","39.0102","34.3107","37.3864","44.1743","53.5714","59.4441","62.0193","55.8789","55.14","54.9934","51.6013","59.3511","60.8267","61.2181","65.5216","66.4551","60.9861","54.9052","54.8268","59.2724","52.3033","60.4542","59.9183","62.1111","59.2384","60.9662"
834,"TZA","Tanzania","8.2024","8.6299","8.6042","8.4106","8.7927","9.9828","9.5986","8.8808","9.5582","8.6481","8.6095","9.0506","9.6206","9.5178","10.6049","11.6364","12.417","11.6816","12.7625","11.8663","11.696","12.1635","12.4741","13.0152","12.2176","12.7419","13.3266","12.2331","13.7022","13.354","14.0176","14.0943","13.5136","12.4379","15.2076","15.8082","13.7811","14.6169","14.4306","14.2304","16.8386","20.2986","15.8684","19.7154","18.4756","17.8976","19.0102","18.9283","17.8236","21.2239","22.2482","24.3337","26.762","28.4455","28.2091","25.3948","25.3404","24.8851","25.169","26.2232","26.2131","25.158","26.5624"
764,"THA","Thailand","16.7044","17.7456","18.4594","17.6484","17.6512","20.3094","17.3043","18.6559","19.9413","20.2595","20.7549","17.9637","21.2011","20.3177","21.9288","22.9282","22.7376","25.0341","23.0731","23.4478","25.3483","25.8671","27.1748","28.0312","28.6528","26.2935","25.0138","29.4442","31.4169","27.5411","30.3945","31.7268","29.7697","31.3113","33.5535","35.4619","35.3607","32.8177","34.8988","37.744","38.7167","39.7792","43.0893","40.913","38.0401","37.5939","42.466","43.8079","43.2132","44.3672","50.5417","52.1508","51.6371","50.0076","45.46","47.583","48.6457","55.4547","52.707","44.0747","45.6743","51.1072","50.7386"
626,"TLS","Timor-Leste",NA,NA,NA,NA,NA,NA,NA,NA,NA,NA,NA,NA,NA,NA,NA,NA,NA,NA,NA,NA,NA,NA,NA,NA,NA,NA,NA,NA,NA,NA,NA,NA,NA,NA,NA,NA,NA,NA,NA,NA,NA,NA,NA,NA,NA,NA,NA,NA,NA,NA,NA,NA,NA,NA,NA,NA,NA,NA,NA,NA,NA,NA,NA
768,"TGO","Togo","4.5327","4.6763","5.2071","5.4147","5.5983","6.0744","5.6657","5.6148","5.5204","6.2517","6.4829","5.8946","5.8696","5.549","5.9148","5.5292","5.3795","5.0352","5.7976","5.9029","6.0435","6.032","5.765","6.841","7.5827","7.7599","8.2041","8.0892","9.3647","9.1488","8.5103","8.9707","10.0925","10.4797","9.968","12.4158","12.8336","11.859","11.6907","10.67","12.5328","12.7654","12.1457","12.3415","10.3707","10.0276","10.3213","10.5796","11.3366","11.6755","13.1958","13.2101","12.3435","14.8338","14.1935","15.0654","16.2634","17.6932","18.0505","17.7303","18.8598","19.8713","21.0237"
776,"TON","Tonga","84.4657","59.6883","68.4999","63.0698","59.0645","67.4427","67.8773","57.0837","65.2377","52.4784","56.3201","69.2137","59.083","67.9766","78.0741","75.902","70.3195","53.7287","53.5507","66.6726","62.7905","37.3966","38.8555","41.5417","39.5548","49.001","35.5099","28.3726","28.5443","25.7934","25.7955","27.7617","36.8409","34.8636","32.3796","33.286","36.9685","40.1034","40.5496","42.5609","43.1979","43.7144","43.4529","43.3442","43.3764","51.6336","90.0282","88.9443","85.4464","84.4094","83.7744","77.4949","77.666","54.6316","50.7221","41.466","41.4663","39.4273","39.4219","40.0872","40.6062","41.6141","42.3055"
780,"TTO","Trinidad and Tobago","126.8994","110.4337","123.7881","116.3458","126.6541","117.7654","112.9468","126.3962","126.1552","127.7074","115.6873","125.3991","92.5543","85.9325","85.1237","106.329","90.3813","74.876","79.0945","79.8818","68.6675","71.934","74.638","65.7952","75.2697","82.7594","80.6029","85.2388","83.3381","93.571","80.8169","80.9652","76.2325","83.8832","83.4041","88.2589","93.5853","78.2515","90.2633","97.4694","85.9995","109.9212","73.7786","56.63","48.4034","83.3587","79.4962","15.414","14.0293","14.2461","15.1799","15.7131","14.378","16.3862","16.4622","16.0155","17.288","17.4794","17.2367","16.8772","16.8348","16.815","17.1687"
788,"TUN","Tunisia","3.8087","5.1534","7.275","5.9136","6.708","4.9902","4.6631","5.2672","4.0636","4.6419","5.9684","7.0455","6.9047","6.7856","7.8713","6.6028","5.8342","6.1709","6.3517","8.1223","7.838","7.3724","6.6224","6.7546","11.2948","6.2068","10.9046","4.0828","5.6151","10.2601","14.8555","12.5984","11.7986","5.6559","5.3374","16.2843","7.6405","10.9098","11.6547","7.9409","8.2662","5.0008","14.09","12.4791","12.9959","11.3191","12.7095","9.5986","14.7154","8.8308","13.3451","14.1687","10.4568","14.0017","11.9513","10.5554","11.4614","12.5925","15.3681","13.4478","12.3951","13.0269","8.3302"
792,"TUR","Turkiye","14.2103","15.8191","17.6915","16.2115","16.1453","17.905","18.6248","18.0029","17.7709","17.4474","21.807","20.2747","17.4462","19.4291","22.8943","25.2085","25.2354","24.7781","25.1192","24.8043","25.485","28.4487","27.9044","28.556","28.4892","31.5264","31.745","34.1","27.7084","33.6151","33.7213","32.7028","34.3367","30.4673","33.4128","34.6311","35.1807","38.8811","34.624","38.1482","35.5062","37.7767","37.3123","39.3895","40.7094","41.4024","37.2381","36.9488","41.2426","42.1584","46.5903","44.3654","47.5132","43.3521","47.8447","46.2041","49.446","48.3125","48.0141","50.0166","45.9666","52.3311","53.2962"
795,"TKM","Turkmenistan",NA,NA,NA,NA,NA,NA,NA,NA,NA,NA,NA,NA,NA,NA,NA,NA,NA,NA,NA,NA,NA,NA,NA,NA,NA,NA,NA,NA,NA,NA,NA,"79.8462","82.009","77.9136","74.4895","27.5488","37.5197","46.1366","70.2974","60.5836","64.1217","55.6723","55.1223","64.4951","61.0756","56.348","44.1829","44.4947","49.5118","60.9104","51.7616","36.7248","37.559","44.651","46.6096","55.7676","56.6817","55.1586","66.0519","69.278","69.0093","65.5645","45.8454"
796,"TCA","Turks and Caicos Islands",NA,NA,NA,NA,NA,NA,NA,NA,NA,NA,NA,NA,NA,NA,NA,NA,NA,NA,NA,NA,NA,NA,NA,NA,NA,NA,NA,NA,NA,NA,NA,NA,NA,NA,NA,NA,NA,NA,NA,NA,NA,NA,NA,NA,NA,NA,NA,NA,NA,NA,NA,NA,NA,NA,NA,NA,NA,NA,NA,NA,NA,NA,NA
798,"TUV","Tuvalu","30.8654","30.8863","30.9073","31.583","31.597","31.6111","27.7457","25.4317","22.349","20.6265","28.632","10.5686","9.0943","34.183","11.542","8.9581","13.9238","37.0707","38.132","36.5114","37.017","19.7966","21.038","21.266","21.3095","20.4587","17.2834","13.9458","15.1275","13.9497","25.1153","16.3786","15.5635","13.404","15.6884","15.681","14.5049","15.3147","13.5235","15.9543","16.308","18.1617","18.354","17.5437","18.3328","18.3385","17.5906","17.2812","17.2489","16.5622","16.6868","17.5341","18.3146","16.9766","17.0333","17.0624","17.0966","17.1341","24.0048","23.9701","24.0517","24.0152","22.3055"
800,"UGA","Uganda","17.0108","15.5863","17.4838","15.802","15.5587","15.8764","17.666","18.3901","20.9477","24.485","23.183","23.1734","21.98","21.2805","22.3855","20.3444","19.2466","19.0773","13.1706","12.2722","13.81","14.3178","15.1775","12.9936","13.4082","13.1311","14.0065","15.1018","16.2702","16.5411","16.7888","17.0115","18.075","17.9469","18.6853","16.8894","17.1067","19.6874","20.8835","20.5248","21.8396","22.3311","22.3878","21.3108","21.6076","21.0355","21.0242","18.3876","18.8895","19.3374","19.8931","18.9194","19.693","20.6778","21.3189","18.7771","20.9449","22.9523","19.6832","24.1576","24.5776","27.3848","23.9807"
804,"UKR","Ukraine",NA,NA,NA,NA,NA,NA,NA,NA,NA,NA,NA,NA,NA,NA,NA,NA,NA,NA,NA,NA,NA,NA,NA,NA,NA,NA,NA,NA,NA,NA,NA,"29.2774","33.4106","26.1979","25.7033","19.8084","25.2492","20.2504","19.3387","19.9651","28.3711","28.2709","22.3395","30.1173","29.9298","29.3464","24.9955","42.0177","37.1038","33.9253","45.2346","39.0259","49.6454","52.1267","50.9758","55.7268","53.6743","58.6137","61.0308","52.3642","66.4456","46.9615","53.8193"
784,"ARE","United Arab Emirates","3.3983","3.6715","3.9566","4.2299","3.8089","7.6901","8.1826","10.3206","12.2344","11.672","13.8365","11.7086","11.4925","16.0887","16.9103","17.2538","18.1877","22.9023","27.196","24.9711","25.8695","34.046","34.8159","29.7054","27.9254","24.16","23.4213","26.965","34.472","27.3124","30.6753","35.017","33.047","30.0557","30.6433","29.8711","32.7663","32.7952","26.9411","40.8342","15.0939","14.3871","13.3801","15.3281","14.737","14.0138","13.6465","13.8883","37.123","37.7293","16.8029","19.4825","16.9495","22.038","23.6662","23.4868","24.367","23.5649","25.6614","26.7723","26.0969","24.3553","24.1642"
826,"GBR","United Kingdom","32.9742","38.3741","36.8279","40.7203","43.1968","42.0268","46.1206","42.5259","44.0036","44.3681","48.9611","49.5125","50.3703","53.1352","46.1498","44.3795","55.3831","57.269","58.8969","64.5339","64.6877","73.5313","70.6803","89.2179","75.935","83.5632","77.4333","76.5463","82.397","85.1301","86.347","85.9827","84.2544","86.9722","91.3733","99.4472","93.8733","92.9449","98.5702","100.7255","86.5286","100.8066","98.9276","96.9081","96.4301","88.9778","83.5233","101.6768","93.115","93.9621","97.2174","84.2397","84.3414","102.1698","106.1288","93.5685","99.9879","90.4051","103.9064","79.0979","91.8036","98.5014","90.8665"
840,"USA","United States of America","24.3826","24.7592","25.744","25.0207","28.0721","27.9576","30.107","30.6452","29.4754","28.1488","32.4071","32.9702","35.9266","30.9453","36.6975","35.4884","40.6488","40.7655","46.7933","40.2828","47.6595","48.8101","34.47","44.8239","48.7459","44.1428","43.2838","34.5502","42.6754","46.0985","44.1939","51.3025","42.4026","55.4544","46.5351","53.2643","56.727","57.7723","56.6192","57.9963","57.7849","54.3681","57.3263","67.4566","66.342","65.2408","67.1271","68.7864","73.7687","73.9711","70.4935","69.7711","77.0713","83.6847","82.4782","92.3378","87.9211","88.4052","79.6223","86.7023","91.1325","85.4542","89.0225"
858,"URY","Uruguay","7.8019","9.0493","7.7673","10.5709","10.34","9.1044","6.3711","9.3336","10.8556","12.2324","10.6838","9.2458","13.1445","15.5545","15.1377","18.4891","12.69","14.2055","16.6631","16.5302","19.7658","17.6155","17.3364","17.322","16.6565","17.0904","19.8933","23.6768","25.5277","20.9579","17.9039","24.3098","21.7793","22.4774","26.0244","31.1404","28.1653","26.9377","28.6317","22.2364","21.3033","25.0158","32.0072","44.1931","50.102","56.9849","60.0298","50.5288","55.9016","82.1149","63.0247","90.8777","90.9622","99.7026","95.5336","82.3182","108.0673","53.791","103.2673","83.7522","81.8767","112.73","55.8986"
860,"UZB","Uzbekistan",NA,NA,NA,NA,NA,NA,NA,NA,NA,NA,NA,NA,NA,NA,NA,NA,NA,NA,NA,NA,NA,NA,NA,NA,NA,NA,NA,NA,NA,NA,NA,"62.757","63.1537","61.2992","64.9479","58.2949","63.9317","60.4796","64.8659","56.7615","60.7572","65.3788","64.4202","73.0474","78.5683","78.7307","81.8538","82.8755","83.1518","85.3582","86.0975","88.4042","90.3403","92.9442","93.687","89.7621","82.7086","70.5075","80.5995","86.1863","90.0334","93.7252","97.1365"
548,"VUT","Vanuatu","46.2245","45.3212","50.9575","53.5436","38.6356","44.7823","53.0658","45.3361","48.621","40.9145","44.7573","28.7762","34.013","46.7017","41.8649","44.9776","52.7759","55.3165","53.7961","44.1703","55.4317","46.3397","49.0769","57.5131","49.3334","51.5445","49.8793","44.1979","35.2924","50.0382","36.8514","36.1073","35.3743","35.0775","36.4797","37.2901","46.3401","48.7909","35.5594","31.5167","33.8665","28.8983","28.7686","30.4814","30.0789","29.7438","29.9361","29.9819","30.0958","43.9676","41.3103","41.2662","45.2524","56.1345","51.4529","51.1432","41.4535","41.5059","41.9476","41.8049","41.8872","46.4382","46.0393"
862,"VEN","Venezuela","8.762","9.4908","9.6216","10.6627","11.7553","12.0684","12.8483","12.5549","13.2937","14.5033","14.4876","14.2896","14.2934","15.6073","16.1686","14.7177","17.2361","16.1209","16.4134","16.273","15.6274","16.3405","15.9143","16.1877","18.2604","21.2193","21.8773","23.3208","23.0276","21.5498","22.7132","23.1868","23.1482","23.2669","23.7748","24.0349","25.0814","26.2551","27.0184","29.9179","30.8063","28.5739","32.8163","33.1247","33.9878","35.551","36.3259","34.8357","34.0991","33.7794","33.6723","31.9557","33.4178","31.9884","26.5407","23.5286","23.2978","20.4377","19.2971","24.8316","23.1657","21.2897","21.5088"
704,"VNM","Viet Nam","24.8531","26.595","26.2339","26.7138","26.1902","23.9337","25.2283","23.1778","24.0412","26.8422","27.482","28.0747","28.8535","28.7049","27.2191","31.238","29.032","28.1788","31.8235","33.5946","35.1766","39.6127","40.9071","43.6532","45.3838","46.4324","45.7064","49.8236","53.8117","54.2106","56.1047","58.484","61.0279","63.6083","69.5554","71.8276","72.6855","74.8239","77.4741","75.58","70.5111","76.3162","77.5238","78.7634","77.1758","78.6863","81.2064","83.2677","82.2103","81.3587","85.0784","90.1548","91.3694","93.0832","83.2384","80.4815","80.9894","82.8806","80.35","78.9418","80.5324","80.0597","81.898"
876,"WLF","Wallis and Futuna Islands",NA,NA,NA,NA,NA,NA,NA,NA,NA,NA,NA,NA,NA,NA,NA,NA,NA,NA,NA,NA,NA,NA,NA,NA,NA,NA,NA,NA,NA,NA,NA,NA,NA,NA,NA,NA,NA,NA,NA,NA,NA,NA,NA,NA,NA,NA,NA,NA,NA,NA,NA,NA,NA,NA,NA,NA,NA,NA,NA,NA,NA,NA,NA
732,"ESH","Western Sahara",NA,NA,NA,NA,NA,NA,NA,NA,NA,NA,NA,NA,NA,NA,NA,NA,NA,NA,NA,NA,NA,NA,NA,NA,NA,NA,NA,NA,NA,NA,NA,NA,NA,NA,NA,NA,NA,NA,NA,NA,NA,NA,NA,NA,NA,NA,NA,NA,NA,NA,NA,NA,NA,NA,NA,NA,NA,NA,NA,NA,NA,NA,NA
887,"YEM","Yemen","12.888","13.2575","13.6228","13.4967","13.9026","12.3658","12.3225","11.9742","12.2839","11.5577","13.6094","12.5178","13.9403","13.6738","16.4514","15.0582","13.4007","12.6808","15.239","14.695","15.7253","15.19","10.6016","10.7589","9.8737","13.5371","13.7014","14.9566","16.3102","13.5199","9.7277","15.9369","14.0706","13.4183","13.7856","12.4717","13.0633","15.8322","14.679","14.8497","16.2225","14.3246","14.4364","11.8829","12.9669","15.3641","18.2585","16.5555","19.1566","21.7308","20.8084","21.4964","20.8222","20.721","16.9681","15.8582","15.0602","14.1411","17.7214","20.8549","23.3542","18.77","17.4506"
894,"ZMB","Zambia","5.3215","5.195","4.8844","5.2803","5.516","6.0788","6.0127","5.9738","6.1452","5.4986","7.1139","8.9412","7.0647","7.5655","9.7032","11.156","10.496","9.54","8.4926","8.7997","8.8254","7.5289","8.7121","9.156","10.0663","10.5225","9.7475","14.4538","13.301","9.8103","11.0146","7.376","13.7813","10.7853","8.9485","13.0682","11.3612","9.7357","12.982","12.2407","11.776","12.4121","14.6208","15.4788","17.3728","16.9301","16.8243","15.766","19.8033","24.4779","25.9446","26.084","24.9841","26.6322","23.4725","25.7925","29.9185","25.4897","23.103","28.074","30.7528","28.794","37.1005"
716,"ZWE","Zimbabwe","27.3825","29.9788","25.3741","27.8887","26.7796","31.1582","35.3312","26.6811","38.9656","29.8716","37.6064","40.0838","25.526","38.806","34.6827","35.3548","32.5744","32.9544","27.8016","30.2707","36.8764","29.6891","21.0052","24.6234","35.8117","32.4739","25.4607","35.7074","29.3351","26.3359","24.9697","11.5659","24.0844","25.4995","16.6724","24.0053","23.3454","21.5204","22.167","21.6524","23.2323","14.6696","16.2683","24.4134","15.7965","18.276","18.8442","14.0465","13.3489","15.2559","14.0289","16.6294","16.1468","15.0966","11.9637","11.5816","17.8823","20.3099","15.8725","20.963","23.0712","20.44","22.0954"
