"code","iso","country","NOD.raw.1990","NOD.raw.1991","NOD.raw.1992","NOD.raw.1993","NOD.raw.1994","NOD.raw.1995","NOD.raw.1996","NOD.raw.1997","NOD.raw.1998","NOD.raw.1999","NOD.raw.2000","NOD.raw.2001","NOD.raw.2002","NOD.raw.2003","NOD.raw.2004","NOD.raw.2005","NOD.raw.2006","NOD.raw.2007","NOD.raw.2008","NOD.raw.2009","NOD.raw.2010","NOD.raw.2011","NOD.raw.2012","NOD.raw.2013","NOD.raw.2014","NOD.raw.2015","NOD.raw.2016","NOD.raw.2017","NOD.raw.2018","NOD.raw.2019","NOD.raw.2020","NOD.raw.2021","NOD.raw.2022","NOD.raw.2023"
4,"AFG","Afghanistan",7.06049262671,6.84962230579,6.57219102849,6.24783483339,5.92972457638,5.54771151127,5.1242578,4.62868547574,4.11560184702,3.61179778818,3.17883942974,2.71648686916,2.25087780541,1.82261242644,1.50643215361,1.38222953471,1.51808081657,1.82106952558,2.19616313475,2.53242120928,2.73479495868,2.82582308649,2.89403364057,2.97742581666,3.00830826231,3.02061931537,3.01444782487,2.9752170838,2.9192836761,2.83987952328,2.73546718304,2.36369221926,2.02448393869,2.04168934891
8,"ALB","Albania",2.71922484322,2.63615451109,2.53305107848,2.46601763211,2.42358671823,2.40350233621,2.42066409758,2.4439846968,2.47915916876,2.50145717498,2.51844928891,2.43764898792,2.26087700151,2.06110528445,1.88536705528,1.82139666521,1.88825997662,2.03616974005,2.20870183738,2.37627325981,2.4826323209,2.52765040523,2.59290152207,2.63554361997,2.65762850458,2.68032694001,2.66874821441,2.62150511705,2.55723501001,2.50470205325,2.45951658037,2.42192551078,2.39401781741,2.52299087012
12,"DZA","Algeria",3.49842421638,3.42880770041,3.36502398695,3.32416024276,3.28119901702,3.27489734391,3.2984871286,3.32535884234,3.38018283734,3.42409277361,3.43709631038,3.41412374553,3.33908442705,3.23978683626,3.15114866016,3.11492648298,3.12206033967,3.13734365695,3.16067491076,3.17848407511,3.22901468348,3.38671789501,3.69557647106,4.03987641788,4.3498398128,4.46644105503,4.39893440281,4.22866161537,4.00510726063,3.82645885222,3.74886022158,3.94132934376,4.10685533261,4.09459573517
20,"AND","Andorra",5.14724566175,5.05475074048,4.97385252678,4.90923065626,4.866442684,4.84772392307,4.88632661863,4.9502439621,4.9959440205,5.07882427355,5.15361711344,5.2314814325,5.32633622375,5.43462184746,5.51797777559,5.5285861139,5.32242500083,4.80332531637,4.18242025077,3.64871685901,3.42855985425,3.49836233004,3.66026825393,3.84497820377,4.00717807709,4.07259881024,3.969503336,3.70682293374,3.35570741988,2.9785219219,2.72515622725,2.5162903425,2.40500341699,2.60901970186
24,"AGO","Angola",10.47012594846,10.23116867126,9.98385859251,9.73761925854,9.49230482296,9.25734515687,9.05676311401,8.89448665119,8.72640348608,8.47561307747,8.17931851537,7.45643687281,6.28333373968,5.00322654421,3.99989990861,3.59032062079,3.94372247021,4.80971759597,6.06312539935,7.41596028746,8.63613483985,9.88336724676,11.38437472691,12.78199610857,13.89740265242,14.33141055612,13.51140037453,11.5887054768,9.27839894607,7.38881468062,6.54266800616,6.54048089237,6.54029653626,6.5627757587
660,"AIA","Anguilla",NA,NA,NA,NA,NA,NA,NA,NA,NA,NA,NA,NA,NA,NA,NA,NA,NA,NA,NA,NA,NA,NA,NA,NA,NA,NA,NA,NA,NA,NA,NA,NA,NA,NA
28,"ATG","Antigua and Barbuda",0,0,0,0,0,0,0,0,0,0,0,0.82613633554,2.81482867704,5.16094759754,7.09980792116,7.84916164887,7.65354678632,7.18254960818,6.6310851318,6.16903015097,5.96068541921,6.0298298209,6.18047207477,6.37013194522,6.56183062583,6.67892460898,6.75024446935,6.83018026796,6.8780095294,6.92245867084,6.93286320293,6.94594545074,6.95035893904,6.9529279271
32,"ARG","Argentina",8.07610062862,8.02848200012,7.99454554529,7.9254191386,7.91562939333,7.890477302,7.88376354929,7.90245579154,7.90661655839,7.91894519915,7.90779188413,7.84639669807,7.67006064774,7.46758166683,7.34041504939,7.2924893038,7.44003626894,7.74402400449,8.12456369482,8.46110767992,8.62283656912,8.71807583086,8.83435096554,8.88354259858,8.80627271761,8.56073040142,8.1884238977,7.67662514833,7.17141326462,6.81842963488,6.65908832174,8.03952411813,9.47162436645,8.42446665955
51,"ARM","Armenia",2.83434865361,2.79487526219,2.74116650212,2.66140762786,2.61228028684,2.54453875286,2.47144873289,2.4116167295,2.30734955614,2.22378574994,2.13909737643,2.00529036308,1.84310580453,1.69139162761,1.56507994932,1.512949119,1.59618533463,1.76884208203,2.00361672839,2.19960070174,2.28473056498,2.25584224833,2.21435923827,2.14922489629,2.06605643601,1.99967204601,1.92788880238,1.83489052367,1.77291059038,1.69957788379,1.68444599839,1.72127852401,1.81097235651,2.14506567571
533,"ABW","Aruba",NA,NA,NA,NA,NA,NA,NA,NA,NA,NA,NA,NA,NA,NA,NA,NA,NA,NA,NA,NA,NA,NA,NA,NA,NA,NA,NA,NA,NA,NA,NA,NA,NA,NA
36,"AUS","Australia",27.96536026643,27.29079902263,26.72231188332,26.2479133629,25.85875649577,25.67536248435,25.56654180412,25.54265126852,25.55163015167,25.57368086372,25.46363489631,25.12042200888,24.56831622797,23.79434730646,23.07075050204,22.53314841571,22.19034044746,21.77638863286,21.36883875686,20.86334722985,20.25084364404,19.15143778612,17.48986670071,15.77521257276,14.32673614528,13.50634594939,13.31586567774,13.39241092665,13.49198534204,13.52836673668,13.24245499825,12.23928885152,11.52858055144,13.46136046628
40,"AUT","Austria",14.58167834733,14.17441457178,13.70860402189,13.24461145336,12.79003738148,12.34178991039,11.75956038603,11.07363362924,10.30714228818,9.61709932151,9.1046010697,8.78232014531,8.61050974048,8.43834168572,8.28720817037,8.0853033106,7.83577991874,7.60245666621,7.38215459939,7.19281530796,7.02556458082,6.95186350343,7.00013169168,7.03767224728,7.03343113293,6.90100316511,6.50752874744,5.89691350056,5.21798681678,4.65850327202,4.36960450341,4.30457702069,4.2578473674,3.87391075536
31,"AZE","Azerbaijan",1.51236137873,1.47574202823,1.44691361898,1.41262129163,1.36985607405,1.32852691771,1.28340451196,1.22388713141,1.17464580542,1.12231566797,1.08847133447,1.05829475223,1.02296005646,0.99939772594,0.97689648936,0.97150134074,0.9914240758,1.04232766846,1.1102172535,1.16450812726,1.19794671172,1.2195996627,1.24462086446,1.26598271881,1.27941497838,1.29015798846,1.30214126382,1.30341829766,1.30958881402,1.30858720829,1.31938342195,1.47612865068,1.65052258269,1.70292627899
44,"BHS","Bahamas",7.56263994741,7.23868291129,6.92580496164,6.69580426925,6.52658913408,6.46808419751,6.47446299246,6.49080432451,6.53361132215,6.55161672068,6.59182686818,8.17475146307,11.87900993117,16.26135526217,19.88127987223,21.42905483201,21.1234757247,20.45100199109,19.66146718742,18.96019111288,18.69970056241,19.00894849708,19.68134841168,20.4904171707,21.20831833731,21.54406865341,20.93306908602,19.48970196673,17.83886570194,16.44102928817,15.86529260028,15.86373202283,15.88312755515,16.49468594786
48,"BHR","Bahrain",0,0,0,0,0,0,0,0,0,0,0,1.75790015868,5.977267411,11.01650271636,15.15918640373,16.86786713158,16.52176779876,15.66429165266,14.68092556541,13.83715892897,13.47903744928,13.62967243294,14.01037237815,14.47584062379,14.83543781849,14.98826236602,14.74689071747,14.15634145751,13.38117454333,12.71448161643,12.25997556746,12.13689343488,12.04623140402,11.58048011582
50,"BGD","Bangladesh",0.60014938283,0.69504674649,0.79115651295,0.86477784031,0.93867356527,0.99014460259,1.02004021845,1.05274280602,1.08904339127,1.11125845426,1.12449982826,1.0949530391,1.01216266013,0.91196032921,0.81914474717,0.77827115225,0.81429350958,0.89418494384,0.958885986,0.99320134817,1.01250639223,1.04229719957,1.06406870619,1.08397614799,1.09773557935,1.11410389574,1.12439710523,1.13453580033,1.14878881052,1.16969199968,1.19269065841,1.3240841806,1.45925058204,1.128171116
52,"BRB","Barbados",0,0,0,0,0,0,0,0,0,0,0,0.74774584257,2.59059087077,4.80303660736,6.66821149611,7.4076403217,7.42326792599,7.41110111236,7.41419728953,7.39536640886,7.39209307736,7.34748097542,7.23937840063,7.12891173336,7.0299078662,6.99115134768,7.06161144484,7.24394678969,7.47179027864,7.64993209237,7.72451236094,7.6786502783,7.65474160239,7.73223249935
112,"BLR","Belarus",5.52111382144,5.42531796854,5.30493021453,5.14505258105,4.95992753548,4.78894515503,4.57481007339,4.32393755289,4.03971220943,3.73766819023,3.44845347472,3.11303044767,2.69406986402,2.32326099203,2.03754474968,1.93161157853,1.95286054216,1.99248895331,2.0564170695,2.09622689023,2.15739645079,2.21977020564,2.29157619931,2.34388763645,2.39672741607,2.40662398368,2.32857059609,2.16205285913,1.98549219523,1.83731911665,1.77988812299,1.81578582315,1.86673378998,1.56213977124
56,"BEL","Belgium",20.10968897658,19.63961311736,19.20544902188,18.75294737601,18.3461425018,17.97366552342,17.81907355034,17.79502094207,17.78310687896,17.64086027015,17.19443948362,16.63028423426,15.88869238141,15.13366168819,14.53476862896,14.15155798422,13.94761695538,13.83491600311,13.74064817037,13.61895704381,13.43341892559,13.29887239303,13.13702339362,12.86921661417,12.41905827916,11.78777185864,10.49224174618,8.72195913725,7.01423935064,5.75297465655,5.23918892149,5.48333581059,5.75469786455,4.56552344448
84,"BLZ","Belize",4.23481665592,4.38668027764,4.51240775217,4.62530491807,4.7003483527,4.75361399508,4.75540427853,4.75251751209,4.73763839976,4.72652655581,4.72102140567,4.97901384538,5.52734512092,6.18812339139,6.72594135755,6.96896771173,6.88823533253,6.75315075646,6.55251159146,6.34116880303,6.17259349976,5.99356222403,5.79030734592,5.61311094702,5.46979327182,5.41654259851,5.46474568442,5.58787426082,5.72978029761,5.85090954774,5.90601847531,5.89078855108,5.90842349513,5.95876007682
204,"BEN","Benin",1.21977573988,1.18736327775,1.14989623092,1.12072090954,1.0827527676,1.04646034354,1.00934288774,0.96167980313,0.92382919542,0.88891783033,0.88281006943,0.93300981263,1.0479033595,1.18712516206,1.31037914465,1.35670571887,1.30408379712,1.19189198619,1.06019543958,0.9470825192,0.89984303355,0.92519239105,0.97562125692,1.03504339688,1.09130503389,1.12094795712,1.13336328964,1.1430221017,1.13990064813,1.14896813302,1.15332202483,1.17759789254,1.21261985985,1.25134210719
60,"BMU","Bermuda",7.78777793114,7.43522417179,7.14767861097,6.90554948194,6.73555955464,6.68465447134,6.67475817722,6.68882535071,6.71467984367,6.74148544605,6.75359395577,8.38704583948,12.17195868209,16.73334469765,20.48152993396,22.07692996064,21.81449326877,21.15224270891,20.34619012057,19.65484264476,19.3831669026,19.65564388191,20.31420597239,21.1522165447,21.79317467391,22.07500354413,21.50285128811,20.0760711036,18.40811997092,16.99574352525,16.43442707004,16.39611709361,16.39519141337,16.81432364546
64,"BTN","Bhutan",0.07601332796,0.07967791749,0.08130133614,0.08593134946,0.08815134425,0.09131124648,0.09369896811,0.09562526756,0.09918866001,0.10381848348,0.10529147127,0.11037739693,0.11568603362,0.1219113782,0.12860254878,0.13373751981,0.14206025839,0.15287782695,0.15661764164,0.16340184796,0.16660706685,0.16512246576,0.16154814329,0.15754354036,0.15448392102,0.15087985878,0.14467345625,0.14123438988,0.13472395773,0.13328483498,0.12979519963,0.130045363,0.13318910078,0.13862363447
68,"BOL","Bolivia",3.84944581882,3.88721582937,3.91594563132,3.91785595017,3.91456148906,3.91470243876,3.89893280215,3.85293016381,3.78910640565,3.71438505813,3.60161212137,3.31055396811,2.7676218006,2.16838030311,1.67416195224,1.47057940749,1.62840704185,2.00357472827,2.48222532324,2.91821634712,3.1948923001,3.35729344682,3.51363648063,3.64686787081,3.71548924182,3.76698921545,3.74409197396,3.69424514843,3.63520486323,3.5615101685,3.55065877843,4.07846809532,5.02023748568,5.90018908699
70,"BIH","Bosnia and Herzegovina",2.31793566474,2.2697923428,2.22168089497,2.17437992207,2.12879980012,2.08834202402,2.07217821701,2.04449480349,2.02438800123,1.99394585102,1.96159383524,1.87912953556,1.71939270388,1.56036972837,1.43318410836,1.36119085219,1.3399535562,1.33304608708,1.32580201959,1.32437226235,1.32076923391,1.34377439398,1.40247295963,1.48025400635,1.53261925116,1.56166126516,1.54377597317,1.49125947192,1.43234319033,1.37553949084,1.30855628711,1.28391621636,1.24383499897,1.1449738254
72,"BWA","Botswana",0.38637718292,0.38444445643,0.38160546008,0.37624180388,0.37520066743,0.37168401097,0.36651112255,0.36372943104,0.35744283115,0.34923788198,0.3413009226,0.33289758893,0.32144604256,0.31263672777,0.30256464296,0.30237357961,0.32072284908,0.37010353386,0.43022359091,0.48612101007,0.50565127447,0.50654764184,0.50007706533,0.49387056442,0.4877858404,0.4827407349,0.48778263209,0.4943090783,0.50180653703,0.50814352395,0.51210173383,0.50299417935,0.49316514384,0.49510918729
76,"BRA","Brazil",8.86115081773,8.76365268239,8.69382289393,8.62327763848,8.57227062368,8.53222550576,8.55085134738,8.62610289396,8.73736797326,8.84466988761,8.89017729006,8.9051372035,8.91300109173,8.93426353345,8.94889251928,8.96170500909,9.03559585203,9.16729897541,9.32536134351,9.4647627215,9.54124756383,9.58767314105,9.65531084953,9.69624429277,9.69989200426,9.63934748299,9.49528050019,9.25847046987,8.96014006629,8.68787925972,8.52693639188,8.39410864166,8.32373918867,8.65307522751
92,"VGB","British Virgin Islands",NA,NA,NA,NA,NA,NA,NA,NA,NA,NA,NA,NA,NA,NA,NA,NA,NA,NA,NA,NA,NA,NA,NA,NA,NA,NA,NA,NA,NA,NA,NA,NA,NA,NA
96,"BRN","Brunei Darussalam",1.9355143518,2.02354110586,2.10550269128,2.18382798356,2.27432768291,2.34201894253,2.42315666077,2.5205387867,2.59724611717,2.65912708434,2.68237048702,2.68322436114,2.67364751504,2.66392878246,2.66433201891,2.66077646485,2.67614181821,2.72961671611,2.8051555823,2.89233411279,2.97843285915,3.10458292468,3.28311583144,3.45803891786,3.60788717906,3.66113946377,3.63722062188,3.60928302271,3.55592384514,3.51088396194,3.49401754665,3.49287314479,3.47366966986,3.53256183299
100,"BGR","Bulgaria",3.02408243712,2.96787132173,2.92729384093,2.87815558129,2.86426970512,2.85219405743,2.85833859084,2.87936215607,2.93035027507,2.96518451621,2.97333399977,2.97151430765,2.96638232377,2.95633052932,2.95951281043,2.94766554973,2.90571287139,2.78644716642,2.64590883947,2.50951507218,2.41608385691,2.36536879143,2.31002911841,2.26664224931,2.22419150984,2.17508491985,2.09522916388,1.97369737838,1.8556473359,1.7623627775,1.72072815449,1.72765690893,1.741943425,1.66214582064
854,"BFA","Burkina Faso",0.7901205577,0.76053341176,0.73212428648,0.70294414298,0.67697178666,0.64932120438,0.62254621178,0.59262543665,0.56257656301,0.54243585894,0.53597908272,0.53846889816,0.54380860302,0.55147762933,0.55639001811,0.56468305376,0.56532179473,0.56380585798,0.5574578752,0.55728032665,0.56457293871,0.59560934447,0.65880246921,0.72395758189,0.78248004272,0.8093433187,0.80571157263,0.80150331878,0.789352758,0.77950473985,0.77508035419,0.83691424384,0.92229448168,0.94972594058
108,"BDI","Burundi",1.03243290533,0.98845027284,0.94015107331,0.8986834269,0.85030176504,0.81893832744,0.77912011216,0.73450755407,0.69530968959,0.66781399936,0.6549560636,0.66380494934,0.686020297,0.71641014956,0.74809304084,0.77391650691,0.79419142064,0.82280009911,0.84524710168,0.86812128151,0.88391242206,0.88833756625,0.89433742688,0.89973803889,0.90347607352,0.91198983859,0.92810456838,0.96893150172,1.01370843081,1.06205763223,1.10465745964,1.13739617114,1.1594877114,1.18524732699
132,"CPV","Cabo Verde",0,0,0,0,0,0,0,0,0,0,0,0.23092497828,0.78014688275,1.42821114414,1.96459337416,2.17748523256,2.14290536099,2.08964883434,2.01874893166,1.96913200665,1.95107291319,1.97097383884,2.00040418556,2.04526062435,2.08628416454,2.10066643969,2.08672640382,2.06289476339,2.02456398329,1.99476955701,1.98342633728,1.96832470843,1.96708406418,1.98976840863
116,"KHM","Cambodia",1.28943182512,1.34718681397,1.40440027491,1.4634605543,1.5112569272,1.565265712,1.61570628372,1.67771405232,1.74485342497,1.79217096433,1.80756593395,1.8081186489,1.80382744733,1.80883599519,1.79503656994,1.79897996268,1.83858975249,1.91323613759,2.01307670587,2.1155276551,2.18456822631,2.23083466196,2.25856831112,2.27388611372,2.31526621245,2.33814767112,2.39339854739,2.45042070035,2.50357298807,2.53860090605,2.53684998598,2.37331725894,2.14887779162,2.0888433141
120,"CMR","Cameroon",1.88645048463,1.80354216743,1.72171256632,1.64766834056,1.57906254149,1.52448077765,1.46829221597,1.41736266023,1.36280434415,1.31441358154,1.27361937366,1.23591745187,1.19872657973,1.17043268932,1.14933707646,1.13689397026,1.12766274063,1.10508244866,1.08405305624,1.06461649604,1.06634419325,1.0973694753,1.13929176194,1.19727768737,1.24021860519,1.28347797249,1.31456531017,1.34128816545,1.37103811039,1.41174228436,1.45335778585,1.54343626166,1.62396351646,1.64722998387
124,"CAN","Canada",43.02082639005,40.07165834457,37.49294594401,35.41488458288,34.00276741044,33.31726991719,33.31140298451,33.5118209316,33.91804635571,34.14498567071,34.17509790395,33.48302154832,31.78180713445,29.54568872079,27.2916734931,25.46163924765,23.9066582663,22.35562303243,20.93268850243,19.66022846353,18.72690890239,18.08213195366,17.57790768484,17.10606651417,16.67836760569,16.17627896958,15.53197088124,14.77474792175,14.04201674528,13.50064949661,13.26098928356,13.49846374494,13.64421950173,13.50772485904
136,"CYM","Cayman Islands",NA,NA,NA,NA,NA,NA,NA,NA,NA,NA,NA,NA,NA,NA,NA,NA,NA,NA,NA,NA,NA,NA,NA,NA,NA,NA,NA,NA,NA,NA,NA,NA,NA,NA
140,"CAF","Central African Republic",4.00728751156,3.88743435058,3.7751104219,3.67499098541,3.56200778642,3.46098178066,3.35924437922,3.2655707919,3.17024387654,3.06461469075,2.94606493445,2.77445152453,2.5624410496,2.35234003009,2.18817685143,2.12429131025,2.13182879825,2.17719291953,2.21707248221,2.26121241327,2.27420220749,2.24211151079,2.15079764175,2.03404179687,1.93695760835,1.89883872728,1.89860357267,1.90746958766,1.91403829781,1.91387511155,1.92215697736,1.99740879577,2.06152184085,1.6881359314
148,"TCD","Chad",0.75113181526,0.71858830959,0.68800895545,0.65846427061,0.6298711607,0.60767807306,0.58866566268,0.56094780917,0.54052911092,0.52038314071,0.5131463233,0.50990102932,0.50733873617,0.50450694184,0.50439600825,0.50485381632,0.50624938784,0.51292683409,0.51958039962,0.52839855416,0.53967280863,0.55713642625,0.58592488902,0.61666527349,0.64163679697,0.65122997681,0.64633625291,0.62997327314,0.6085318035,0.58930405348,0.58089410189,0.57855203795,0.58070847396,0.61315650296
152,"CHL","Chile",9.85621093803,9.94241742367,10.03790570755,10.17074990263,10.27917162112,10.4152756946,10.55587664433,10.81233393214,11.04503072513,11.24337349348,11.33084267618,10.96118885855,10.16008199343,9.22128531069,8.42188768412,8.08202439252,8.37980105624,9.08983915995,9.93246354175,10.60751038985,10.89753592744,10.90831404381,10.87388146368,10.87750608979,10.81766528225,10.75827805245,10.39261570959,9.61341935461,8.68194630788,7.93485150451,7.60586814476,10.0276319457,12.43814610803,9.19219061835
156,"CHN","China",4.29519929102,4.3978593466,4.47293732663,4.53816269133,4.58121948526,4.61747178669,4.5915407619,4.46417018585,4.29751193405,4.14092259987,4.07808244402,4.09482455747,4.14162887123,4.19217198217,4.23147214917,4.25115780975,4.36699740538,4.62711966841,4.915882218,5.1283025415,5.1974057336,5.11591866789,4.92552233055,4.68440040616,4.41627322155,4.19531474639,4.04237531152,3.92698930616,3.80354999577,3.64268948323,3.41995314373,2.99399254673,2.69754478604,2.96203072595
170,"COL","Colombia",14.90941230533,15.05782677194,15.04493873462,15.0378600591,14.96922961942,14.86231962331,14.78053162743,14.45084242747,14.07476295494,13.72427055463,13.47163142296,12.75870886385,11.30078665151,9.56502905011,8.00830106002,7.34791492906,7.58655348437,8.15121965562,8.83718635345,9.44195167628,9.90583145975,10.18762869188,10.51991621601,10.83402598127,11.08528662802,11.14824273917,10.55238420511,9.23539093864,7.73646385392,6.57009093389,6.09974517817,6.62478360449,7.22553881624,7.05694421836
174,"COM","Comoros",0,0,0,0,0,0,0,0,0,0,0,0.48787674749,1.65711748613,3.03334594568,4.17682493819,4.63041258821,4.55014955011,4.36182724813,4.13434596819,3.94655748787,3.86365239562,3.93829742401,4.07684876175,4.26063571606,4.4293762418,4.52816988532,4.55681014611,4.59593337804,4.63510531533,4.65840666545,4.64105262029,4.65384570457,4.65668403409,4.65435672272
184,"COK","Cook Islands",0.89065151788,0.92484841553,0.96147591651,0.99480677552,1.02539665113,1.06584492138,1.10053337906,1.12579596887,1.16119131464,1.19846310317,1.24969091811,1.36172036897,1.54894519327,1.74886692599,1.90938369259,1.97244481328,1.97427370923,1.96257809498,1.95405466167,1.94394222059,1.94751869138,1.96335143992,2.01406084386,2.07578913551,2.14013441019,2.19857056933,2.24965914407,2.29596096969,2.35309598814,2.38856276806,2.41036207031,2.41264192372,2.41616140851,2.40252303427
188,"CRI","Costa Rica",5.01018166757,5.29280166189,5.56247949256,5.80172889568,5.95818773803,6.04295089893,6.08133447637,6.10148910387,6.11448580434,6.12992672463,6.13715052743,6.13827810705,6.10263745684,6.0631016968,6.0356425956,6.05046536082,6.27630532849,6.7760236977,7.39131783094,7.90902266287,8.1229063087,8.04241736297,7.79746558435,7.48814540778,7.13754896252,6.83251667072,6.47623030752,6.00871275168,5.54695841076,5.18355228155,5.02763598719,5.30517431793,5.5894640713,5.34066596663
384,"CIV","Cote d'Ivoire",1.25411797964,1.24535736756,1.23144434211,1.21506998086,1.19441508791,1.16331306804,1.12460238951,1.07790176392,1.03458052506,1.00091838611,0.98988800321,1.0596728227,1.21693669039,1.41043198284,1.56025083197,1.62987349702,1.55006008106,1.3772118695,1.18722780192,1.03160810477,0.97244741989,1.01092368717,1.10809208015,1.22881803324,1.35520353761,1.44602020783,1.49464889356,1.53651867967,1.57968397119,1.62785206309,1.69154546282,1.82603831093,2.0257403102,2.32253704189
191,"HRV","Croatia",6.86308709736,6.73009361601,6.57894185415,6.40183940638,6.22767981463,6.01567129,5.71775011191,5.34261142519,4.99050305165,4.68936336679,4.51244985085,4.4491895402,4.41606867509,4.42175340766,4.37558931366,4.34749448099,4.23668793157,4.08838553905,3.93288958624,3.78466150918,3.71725248557,3.69875570731,3.68848341926,3.69404159293,3.68461955551,3.64390264013,3.51668380925,3.26657080318,3.00019218587,2.76800004591,2.68079689834,2.75218359339,2.82794317524,2.7323635753
192,"CUB","Cuba",4.08205517884,4.64248849013,5.15864738975,5.56488668014,5.84176158915,5.95370664449,5.90257747349,5.79400237493,5.64049528841,5.51994056137,5.46107237274,5.52404105765,5.68413606832,5.86542554321,6.01950420267,6.10217168747,6.11642603504,6.12073070822,6.13063787307,6.15081825432,6.14153270397,6.10763632592,6.01772632411,5.90529299785,5.82618974168,5.78235084872,5.72746170622,5.63686582115,5.52877340551,5.43468067847,5.38960934014,5.81652173294,6.69594331958,7.91215606338
531,"CUW","Curacao",NA,NA,NA,NA,NA,NA,NA,NA,NA,NA,NA,NA,NA,NA,NA,NA,NA,NA,NA,NA,NA,NA,NA,NA,NA,NA,NA,NA,NA,NA,NA,NA,NA,NA
196,"CYP","Cyprus",7.7458312011,7.54677668598,7.41006197457,7.31340417174,7.21247872919,7.17033796805,7.20922345408,7.27487790194,7.37801326247,7.43161015439,7.44115172009,7.24550639387,6.79267798076,6.21543638302,5.74433574984,5.53258467344,5.54412512168,5.60396845859,5.63842293383,5.67866817781,5.69196757942,5.67738537471,5.61492429486,5.53318285692,5.3755091011,5.25268124815,5.08162993475,4.84046140391,4.59344297158,4.41585150777,4.33407968057,4.55501163702,4.87947831689,5.06422644954
203,"CZE","Czechia",6.23253786961,6.12352417603,6.00664850928,5.87043741844,5.69458376847,5.49134585997,5.24562284885,4.93674650342,4.57673510084,4.2579874746,3.95226232131,3.67651172545,3.39911308537,3.16972064616,2.9719673464,2.83924714829,2.76133768378,2.71117573224,2.64989857639,2.60885065883,2.57923158002,2.54399090864,2.50889511403,2.47639720988,2.44857092422,2.39662644118,2.23292796358,1.96908526938,1.68827262151,1.43815045937,1.35467292694,1.39392879238,1.44727414962,1.17611166595
180,"COD","Dem. Rep. Congo",2.67246569507,2.54172817259,2.41140873723,2.30707866685,2.22264429328,2.13978806943,2.07283565849,2.00756232052,1.9390986409,1.88227973927,1.83654735799,1.78826317845,1.74378061555,1.69437095175,1.66173823566,1.64183423172,1.68167350996,1.77555998696,1.88401347517,1.97366904016,2.02053505429,2.03621169324,2.06890340253,2.09356646078,2.13046773566,2.1477755515,2.16056067915,2.20154122234,2.25753790562,2.33780121178,2.41617103214,2.60548055213,2.75252035062,2.73151226765
208,"DNK","Denmark",14.17897226965,13.70128933531,13.40514786845,13.15074752714,13.01700970955,12.91144494636,12.93888157236,13.12971863956,13.26504187357,13.47596136696,13.6107232399,13.70034842358,13.79926932676,13.84235101485,13.91481886493,14.0159390306,14.09183087899,14.08957891945,13.88913469697,13.50457517167,13.22017048037,12.98957691248,12.88396926582,12.75807587436,12.61278148182,12.35664607002,11.38973235476,9.67191631267,7.93027323053,6.54799566156,5.93807632086,6.01927598187,6.17000939191,5.6507566972
262,"DJI","Djibouti",0.15380262356,0.14688520643,0.14033187741,0.13372958034,0.12909961713,0.12284379673,0.11676766511,0.1102995771,0.10443929267,0.10020914729,0.09857398924,0.35240963014,0.96316678654,1.70037732176,2.33427073019,2.60593907029,2.59448112386,2.58604294766,2.57337276219,2.55900261388,2.54777007491,2.5643480501,2.5882179807,2.63550813604,2.69932013307,2.77185649018,2.9439793806,3.22809550794,3.5306035868,3.79686188296,3.90327418036,3.86126860081,3.82015149435,3.9946538813
212,"DMA","Dominica",0,0,0,0,0,0,0,0,0,0,0,1.92449699887,6.52838617397,11.97421131353,16.47738294439,18.30456315407,18.11512866881,17.66946369271,17.12700437453,16.69727536763,16.45258921296,16.57466683447,16.7801424158,16.97555972286,17.20263961014,17.32939709249,17.35166298885,17.40663698726,17.44392811078,17.4924700763,17.51652507914,17.54942650799,17.56527455676,17.56479731995
214,"DOM","Dominican Republic",3.56964110593,3.98441227895,4.34680797001,4.64323963661,4.84871394979,4.91393613613,4.91303209624,4.93151832081,4.92040771705,4.93831764467,4.97240015199,5.24331765849,5.9360742565,6.78847962916,7.58102313919,7.95797034166,7.9646112117,7.90362648019,7.82298002327,7.76257489175,7.74818036685,7.88053552212,8.12823579934,8.42647793366,8.6634267659,8.78594314673,8.37379104202,7.43290196931,6.29094086167,5.33894711578,4.93951722821,5.24497856115,5.54254762578,5.55538578754
218,"ECU","Ecuador",12.64393794055,12.21251875396,11.86328826987,11.52374397089,11.3387885998,11.28927948316,11.31080963702,11.39282289946,11.48913605409,11.5299695327,11.51631911034,10.98878187581,9.85739464921,8.49193349367,7.36237323885,6.89874838682,7.25120834115,8.07910761534,9.11075305466,9.96206628155,10.33816258107,10.24918632743,10.00887198285,9.62282234959,9.12822694096,8.61978192696,8.01907155933,7.24730047696,6.49967292451,5.93701731614,5.7024853811,6.61138824724,7.5076677696,6.98645131301
818,"EGY","Egypt",9.36341369643,9.14525949561,8.97245159335,8.8517939122,8.71778903637,8.66762355708,8.69495794769,8.71609933856,8.74688779624,8.80430062281,8.81359765088,8.56317059774,7.95174819292,7.24082713877,6.64360904408,6.37944750815,6.61282352456,7.17415530075,7.8350685217,8.42693244327,8.7660990563,8.94704698104,9.21174278807,9.47396870965,9.68258631951,9.80748373107,9.65017561837,9.23466555225,8.74872012482,8.36793992507,8.15344459976,8.4916788372,8.88366967822,8.99469216661
222,"SLV","El Salvador",3.71003207936,3.97566585306,4.23965419361,4.44965060806,4.63132752263,4.72058402972,4.76112886783,4.78611832846,4.79554591677,4.8284559842,4.84433028695,4.86252904989,4.90693836366,4.95453998877,4.9917512257,4.99169275651,5.00095563706,5.01204894344,5.00331951733,5.00153818273,4.97147158411,4.87756400506,4.66485202929,4.4122558709,4.16194078314,3.96909240884,3.69723915909,3.22589644942,2.72657102848,2.29218366449,2.09802911771,2.06703907947,2.06469869555,2.37435627589
226,"GNQ","Equatorial Guinea",0.63064642177,0.61621722922,0.59862754269,0.58128084675,0.56502564344,0.54948599737,0.53052637832,0.50963875024,0.49034424031,0.47662950082,0.47248106516,0.5246613734,0.65179666358,0.79727752082,0.92255061256,0.97664645099,0.97003981637,0.95192283836,0.9325143406,0.91261024151,0.90633787738,0.92091817262,0.95646666567,0.99194719494,1.02261415087,1.03576878151,1.02732777076,1.00509769154,0.98210146842,0.96170140314,0.95136599293,0.98060104934,1.01626558818,1.01059229111
232,"ERI","Eritrea",0.44512483949,0.44431243048,0.44589494565,0.44828369286,0.44564700552,0.44387052318,0.44120213227,0.43594419893,0.42868784556,0.42520200846,0.4195637716,0.41776135303,0.41824090237,0.4170325729,0.41949806117,0.41893325887,0.42447095144,0.43080850135,0.44683537424,0.45808519688,0.46818384635,0.47840651413,0.48715744666,0.49394286423,0.4987238607,0.50718614267,0.51504007511,0.52248534312,0.53229023633,0.53999752548,0.54037927672,0.54329317806,0.54686986734,0.63634259883
233,"EST","Estonia",2.04570607436,2.09480735128,2.16966236012,2.21174573599,2.25194711671,2.26161368922,2.26042173921,2.26474715337,2.25208627967,2.24550345605,2.24369565564,2.24968585047,2.26487805929,2.28379246434,2.30417246214,2.32772212904,2.32870085346,2.33494859188,2.32667355218,2.33240740039,2.33520897321,2.33265111264,2.31338571963,2.25448834238,2.18930132515,2.1617410472,2.12170961322,2.075906452,1.9686020121,1.90352917268,1.86643149048,1.97309375382,2.08155468433,2.03326811281
748,"SWZ","Eswatini",1.14990092912,1.14682385391,1.14201961854,1.13997645303,1.13625313478,1.12683462405,1.11539235922,1.09044313173,1.06290990066,1.03960339315,1.03593512335,1.03560176571,1.04855499525,1.0588214094,1.07697179244,1.08750979761,1.10705450758,1.13106660529,1.16505158746,1.18946882991,1.20253568398,1.21776034633,1.22002556496,1.2236995417,1.22080615566,1.22304581395,1.14875580289,0.97194396989,0.77054379513,0.59495168579,0.52391089395,0.58462342425,0.6831737603,0.72668467471
231,"ETH","Ethiopia",0.73062568645,0.67136804814,0.61858167243,0.57251719715,0.53308544542,0.50240993182,0.47633408653,0.44797271273,0.42448586997,0.40469819023,0.39164498073,0.386952547,0.38559337747,0.38474220707,0.3844971898,0.3818108281,0.37936107214,0.37684384969,0.37532000312,0.37499366673,0.37646878144,0.38838167109,0.41423819461,0.44434411662,0.46996210582,0.47998256051,0.48022494322,0.47799522394,0.47343051123,0.46979612624,0.46764767736,0.47349882849,0.47783417374,0.45597274316
234,"FRO","Faeroe Islands",NA,NA,NA,NA,NA,NA,NA,NA,NA,NA,NA,NA,NA,NA,NA,NA,NA,NA,NA,NA,NA,NA,NA,NA,NA,NA,NA,NA,NA,NA,NA,NA,NA,NA
238,"FLK","Falkland Islands",NA,NA,NA,NA,NA,NA,NA,NA,NA,NA,NA,NA,NA,NA,NA,NA,NA,NA,NA,NA,NA,NA,NA,NA,NA,NA,NA,NA,NA,NA,NA,NA,NA,NA
242,"FJI","Fiji",8.33497074846,7.55448621567,6.88696764005,6.31603314302,5.90527301256,5.70050169015,5.591874652,5.53533143711,5.48351387754,5.47753788377,5.46457486945,5.49283036251,5.58902965432,5.68031060357,5.77942867737,5.81962660154,5.86181475207,5.907040802,5.93822459274,5.9492252158,5.96677744896,5.92070835944,5.79377577219,5.65674054574,5.52547974115,5.48494747658,5.52273294637,5.6135814751,5.72158796332,5.81217014794,5.89337556683,5.94218190169,5.95918361429,5.94727836727
246,"FIN","Finland",7.16336441589,7.13564940351,7.08922658951,7.08496180562,7.10546830465,7.14845088493,7.2389418716,7.38549084683,7.56441859667,7.73057350998,7.8686029907,7.96957959416,8.07967131451,8.16027749198,8.19636868928,8.20672887153,8.13767335613,7.98461383957,7.80272539578,7.60550261564,7.5653609923,7.70658344263,8.05161438312,8.4345107296,8.78088161898,8.9448577999,8.8293901579,8.47866610042,8.07873279342,7.73055871273,7.57864959778,8.29280848597,8.96107619544,7.82034996878
250,"FRA","France",25.62918094144,24.55046488598,23.50790970606,22.58414570451,21.71206833176,21.09210699114,20.37225089152,19.52514556003,18.64629105979,17.81387347295,17.39113950429,17.1981207172,17.05315234398,16.83328056987,16.65495806249,16.50389601849,16.30356726934,15.97061063131,15.53432082894,15.01128106063,14.5205424762,14.08036757445,13.64684422235,13.24862957443,12.82178585406,12.15369831943,10.95482781884,9.19571306488,7.42549210041,6.08538310353,5.55143165193,5.80139926658,6.12514347431,6.25645271396
258,"PYF","French Polynesia",NA,NA,NA,NA,NA,NA,NA,NA,NA,NA,NA,NA,NA,NA,NA,NA,NA,NA,NA,NA,NA,NA,NA,NA,NA,NA,NA,NA,NA,NA,NA,NA,NA,NA
266,"GAB","Gabon",2.33129745174,2.25065420658,2.17765659437,2.09594044371,2.02421751352,1.95606321687,1.89018598425,1.81958836432,1.75581082344,1.69933052312,1.66157392512,1.63071079935,1.61182610878,1.59169514327,1.58023781864,1.5774095768,1.59318993563,1.65673139239,1.73025024807,1.81575613138,1.89483125529,1.98770314549,2.09868616506,2.22213342095,2.32162070418,2.3737680188,2.38836575374,2.40262462572,2.404802739,2.40515953689,2.42983532331,2.49965778037,2.57182435062,2.56791085146
270,"GMB","Gambia",1.38503516613,1.33910056458,1.30145662775,1.26011246109,1.21922059561,1.18311417881,1.13622885914,1.08828467252,1.03903109527,1.00388822469,0.98991087232,1.01150470663,1.07128428609,1.1427886598,1.20335751364,1.22546767578,1.21913909086,1.2142769425,1.20214069177,1.19452910959,1.19570659257,1.19185948359,1.19554392125,1.20067131918,1.21054544108,1.21634193265,1.25076058485,1.30933294344,1.36999406949,1.42952877788,1.44698383025,1.44602822336,1.44464476807,1.64291554535
268,"GEO","Georgia",2.11394856692,2.11251787407,2.10114780288,2.07459085784,2.04419644075,1.99384799084,1.92517942134,1.83639999436,1.74325370388,1.68638151697,1.65680098176,1.66128944613,1.67808879657,1.69241208725,1.69612752823,1.70624300125,1.65387022996,1.58448648001,1.50556512713,1.43199615283,1.39483259058,1.40701902925,1.44051133909,1.50117200466,1.55206003123,1.56626039176,1.54353003723,1.47646962499,1.39524213337,1.33383799754,1.29604895062,1.22519827827,1.14151362049,1.24336568944
276,"DEU","Germany",16.60026241619,15.82641495093,15.11500971697,14.34529322599,13.75474757061,13.32123624263,12.98267121038,12.58346851057,12.12764706217,11.66758494647,11.18931017726,10.68643531175,10.19747955374,9.73163685588,9.24263651282,8.83565113592,8.43023021706,8.02129895706,7.58765062292,7.26079568944,7.02708732255,6.93894153426,6.94573713431,7.0043896493,7.0069055571,6.86208140223,6.31638681031,5.39150317446,4.41550849266,3.58591820188,3.17102901351,3.09603858131,3.03466140642,2.46131009679
288,"GHA","Ghana",1.62887999581,1.59566621231,1.57234876757,1.54334611134,1.50619519663,1.46261105366,1.41231856079,1.34954563577,1.29013027083,1.2494460424,1.22926863289,1.26452705046,1.35596316031,1.45551606314,1.54271704971,1.56852597135,1.52490946084,1.41190123183,1.29287435216,1.19651716173,1.15721460094,1.16465456417,1.1886784697,1.23050914989,1.27673143176,1.31651492009,1.37467919036,1.46072357735,1.54611766542,1.61773217174,1.65222543019,1.65825219071,1.67194346473,1.78020635813
300,"GRC","Greece",11.15848116653,10.98484601108,10.93395868117,10.91958459164,10.96486957985,11.06177883067,11.22155042708,11.48229007757,11.77614346348,12.08060841442,12.4123074774,12.98196473166,14.04780822462,15.23709894944,16.15931154856,16.55187550109,16.22855425279,15.52748134271,14.52911479208,13.52493537932,12.69856766873,11.95218182089,11.2401646407,10.50273533065,9.83109078458,9.24695732708,8.59838570942,7.93349446561,7.28650416193,6.77070271782,6.42687504942,6.17635305835,6.11000831316,6.30579201783
304,"GRL","Greenland",19.90698776867,21.35322198588,22.53213308053,23.39728665773,23.93586881941,24.12423938187,23.90091411642,23.38519503933,22.60213421674,21.71258838095,20.78716790436,19.54768627104,17.84777416653,16.10706868366,14.64649920899,13.8264289785,13.5134510065,13.192101344,12.96641531985,12.82124725886,12.78916370455,13.22428441249,14.19279995925,15.3392188885,16.35346144209,16.76125361687,16.38270972049,15.51990043038,14.44511630473,13.56082095373,13.13082141499,13.4281657203,13.68883337941,13.13159430528
308,"GRD","Grenada",0,0,0,0,0,0,0,0,0,0,0,2.42472558457,8.20706220578,15.03564568688,20.66881941012,22.98678334059,22.92737800169,22.74924742804,22.56522219696,22.27095583133,21.96746768867,21.51141215109,20.86371717417,20.15575284074,19.46711013182,19.01008598047,18.71124747574,18.43988481844,18.2083073829,18.07631372239,17.99927629332,17.98515871889,17.99312710487,18.17445031815
320,"GTM","Guatemala",1.53721189308,1.56514143848,1.58149069835,1.59688710666,1.60844637093,1.61194024213,1.62215822448,1.6282342623,1.63704158256,1.64191940773,1.64045971904,1.63838649456,1.62627046339,1.60621326036,1.59025050864,1.58408036817,1.5842068399,1.59618244254,1.60226328265,1.61329426862,1.61976903098,1.6225520028,1.62223912516,1.61678584132,1.62039687528,1.62266828798,1.62032688013,1.63531795203,1.6481648779,1.67078036308,1.68932144238,1.79222532994,1.95812375114,2.14325831973
831,"GGY","Guernsey",NA,NA,NA,NA,NA,NA,NA,NA,NA,NA,NA,NA,NA,NA,NA,NA,NA,NA,NA,NA,NA,NA,NA,NA,NA,NA,NA,NA,NA,NA,NA,NA,NA,NA
324,"GIN","Guinea",1.09905767813,1.06566925682,1.03600622161,1.0012338899,0.96693664225,0.93592666479,0.89569012749,0.84925721997,0.80740203518,0.77806445126,0.76658064342,0.81753211392,0.93742222186,1.08476887142,1.20673082491,1.25717266558,1.20918927103,1.09360528704,0.96983550512,0.86512977965,0.82252907662,0.82530072065,0.82892857879,0.84160410883,0.85630392702,0.86787290197,0.89704083429,0.95105657626,1.01080814257,1.05755513235,1.07449529757,1.0080900023,0.9425650018,0.98668976652
624,"GNB","Guinea-Bissau",1.41762158225,1.37998319901,1.34336419694,1.30128853621,1.25825707591,1.21573396982,1.17541194283,1.1248282309,1.07578464098,1.0389749649,1.02326682614,1.06534284166,1.15913805632,1.27738450775,1.37432809349,1.41962592648,1.384845759,1.29882402368,1.20256561381,1.12419122867,1.089352627,1.10569298544,1.14540212175,1.19753104625,1.22813839487,1.24591421549,1.23358830499,1.19428328874,1.15639030837,1.11930194742,1.09335404329,1.09657375158,1.09364015207,1.09529676687
328,"GUY","Guyana",6.41611183412,6.50319558861,6.54661639136,6.58149439889,6.59809052533,6.61831198551,6.5620032548,6.46562785281,6.32121245661,6.21864830418,6.1699769215,6.48011509609,7.22509165898,8.14594257259,8.95161046781,9.38186487378,9.51607994587,9.60564175201,9.69067948873,9.74257573941,9.76612778645,9.82274826916,9.82135405308,9.87096919015,9.88251805217,9.90893558682,9.98817463392,10.15352111288,10.3601770728,10.50295441125,10.57389587205,10.56867312009,10.57934063677,10.61580838548
332,"HTI","Haiti",6.14535905668,6.01601274448,5.94085975296,5.89170822401,5.87261431235,5.85974271187,5.91846381227,6.05698781089,6.23682796145,6.38847646872,6.45610639484,6.47440173969,6.4692212777,6.4576408197,6.4705415506,6.46525205774,6.57356506856,6.7915845706,7.08490185271,7.33834156276,7.45521894756,7.53029422831,7.63033885994,7.70825798386,7.76812560795,7.80104112314,7.74414903625,7.58951779481,7.3712013391,7.1127381883,6.82492039369,6.30434133341,5.88947311922,5.88914502948
336,"VAT","Holy See",NA,NA,NA,NA,NA,NA,NA,NA,NA,NA,NA,NA,NA,NA,NA,NA,NA,NA,NA,NA,NA,NA,NA,NA,NA,NA,NA,NA,NA,NA,NA,NA,NA,NA
340,"HND","Honduras",1.89412032128,1.97794886561,2.04589315846,2.10853051416,2.1464002027,2.18702902106,2.18705073767,2.19507454927,2.19310514822,2.19731098671,2.20022474858,2.25056730875,2.3391559882,2.45212680636,2.57295850254,2.64886031964,2.70764118018,2.77071199643,2.83063232525,2.87125295505,2.87504037847,2.83837059011,2.76808271307,2.66973927096,2.57193899413,2.49860667649,2.42210863499,2.34436437877,2.26862176383,2.19445344491,2.13144935809,2.06906043227,2.03600115787,2.54245188827
344,"HKG","Hong Kong",NA,NA,NA,NA,NA,NA,NA,NA,NA,NA,NA,NA,NA,NA,NA,NA,NA,NA,NA,NA,NA,NA,NA,NA,NA,NA,NA,NA,NA,NA,NA,NA,NA,NA
348,"HUN","Hungary",8.42337960869,8.34339059003,8.19984904319,8.01561012416,7.80317095836,7.55932719327,7.25492018749,6.80107078252,6.32570434425,5.88254905272,5.52791353726,5.23360926502,4.97045036915,4.73359916066,4.5378269952,4.35655985537,4.19718791794,4.06194673287,3.94330548934,3.8388203365,3.73317188596,3.62892353839,3.49128278073,3.34868381349,3.20820869135,3.10136089803,2.93789509274,2.65759119644,2.35270311711,2.103455254,2.00684054203,2.04000957688,2.08051151019,1.84117335102
352,"ISL","Iceland",15.5603125559,16.89941937015,17.95691211467,18.72439922218,19.21366726027,19.45735597249,19.08047655568,18.20999031001,17.05165862292,15.99912977567,15.14194724054,14.33647574973,13.33265575904,12.31403490606,11.41849928182,10.85760345491,10.58817937909,10.32532678113,10.13365007833,9.97205100008,9.88464539679,10.14348738473,10.82626750505,11.591962218,12.21961507602,12.48130623245,12.13368420963,11.34783823141,10.50511770624,9.77173466514,9.47475172499,9.67246578084,9.86510286858,9.42905306575
356,"IND","India",0.32024866635,0.34532180553,0.37051924467,0.39464932247,0.41586602136,0.43490429321,0.45343043791,0.47207267872,0.49075794994,0.50501324264,0.5155204258,0.51585215168,0.51065441326,0.50618215039,0.5022815602,0.50411782255,0.56193620344,0.6963606554,0.87116405906,1.0342474925,1.12017575914,1.13568180505,1.13504251945,1.12812830435,1.11329839177,1.09600984792,1.06255781611,1.00823423602,0.95142150521,0.90524097806,0.88534489695,0.93831400915,0.999222629,0.98842346215
360,"IDN","Indonesia",1.62633996299,1.68816269756,1.74943098213,1.80957960396,1.86675467677,1.92090240685,1.97127245606,2.01908824558,2.06587317367,2.11039326053,2.15720906318,2.25647715863,2.4176119607,2.61117299206,2.77334019702,2.85147935456,2.85445866609,2.83404171288,2.80383325452,2.76397131489,2.73130311966,2.70278266677,2.67731706435,2.64070895341,2.59288067629,2.52959161733,2.42452856353,2.28714383372,2.15026646045,2.04403214418,1.99737198634,2.05398540634,2.16758012428,2.52772430098
364,"IRN","Iran",4.26044023292,4.2097000857,4.14426652795,4.07415733634,3.98766692642,3.89201147101,3.78020867235,3.65583227038,3.5201902909,3.38247576698,3.2375366867,3.10696196545,2.98833483324,2.8854956287,2.81514511087,2.8020257933,2.9664614668,3.32029126948,3.74472239991,4.11341612869,4.30452214419,4.30173269076,4.23120069924,4.13222112142,4.0371265745,4.00560876663,4.0248630487,4.05397594859,4.08902952652,4.12624211367,4.16249208494,4.32544327565,4.51439703144,4.55343218083
368,"IRQ","Iraq",3.75012967849,3.6599112028,3.56393619961,3.47575168142,3.37917385964,3.27226283875,3.16701457015,3.06772607899,2.96079608896,2.82123435086,2.67386256742,2.42335654318,2.07367345434,1.7061696559,1.42289633561,1.31305907989,1.41593802676,1.68220881777,2.03729359879,2.39700894099,2.6864933819,2.92459598084,3.1659828445,3.39221297229,3.57121128576,3.67595573766,3.73718633243,3.77425318077,3.79649428654,3.83360943518,3.88393418213,4.05895673837,4.30252837576,4.55451739892
372,"IRL","Ireland",7.46058308271,7.47633045382,7.49368428604,7.52616839462,7.55234330658,7.62250602878,7.70130869154,7.79039102796,7.90155206511,7.95993348343,8.01801095698,8.1184746092,8.34015045901,8.58341780682,8.76791615855,8.84850837331,8.71667124003,8.37979988623,7.90555465305,7.40638385877,6.9930188393,6.62539808645,6.18767604406,5.7552285441,5.34245565587,5.00479160281,4.66287378168,4.30627236041,3.99585550529,3.77270920991,3.67392136999,3.8183422306,3.97548118163,3.8608138085
833,"IMN","Isle of Man",NA,NA,NA,NA,NA,NA,NA,NA,NA,NA,NA,NA,NA,NA,NA,NA,NA,NA,NA,NA,NA,NA,NA,NA,NA,NA,NA,NA,NA,NA,NA,NA,NA,NA
376,"ISR","Israel",11.03555706927,10.76771539886,10.6114525038,10.40436415347,10.30295743675,10.21054712051,10.21928794114,10.23765026596,10.27944569099,10.3353555955,10.35770264901,10.28160398511,10.07652569212,9.87011770053,9.62868710056,9.47378947602,9.44942879145,9.38311081016,9.36593257991,9.32425174656,9.30468920463,9.26439643921,9.15900458593,9.03973994734,8.8262495591,8.55419557351,8.01498143254,7.21061304924,6.32566351411,5.61053705009,5.26664796015,5.22204065881,5.19970245528,4.98456458733
380,"ITA","Italy",11.53429952929,11.55165662576,11.52735745057,11.44733781636,11.3501926313,11.25229216829,11.01087065228,10.61045975997,10.18168418735,9.81860554652,9.62507839049,9.66151405732,9.79573611967,9.96634758378,10.10091639556,10.11833384555,9.95293388304,9.62289285107,9.21329105239,8.78043892768,8.39995739297,8.03901198924,7.63607535298,7.22433381794,6.79616903601,6.38670467762,5.87026885434,5.23992829616,4.61898242265,4.13356015441,3.87076423834,4.09568593453,4.3879281163,4.23223134359
388,"JAM","Jamaica",6.71628394223,7.1216488703,7.47262000692,7.76223677493,7.94321036456,8.02226723782,7.99611401748,7.93976089998,7.87828305659,7.8371155802,7.80018997139,8.13638011574,8.91361788915,9.86200418243,10.65103355687,10.96569602116,10.74771678888,10.28078368117,9.68174422946,9.11225871331,8.69065528079,8.45074179687,8.27448559107,8.12705319102,7.94389840106,7.70944597976,7.31077223044,6.74317733424,6.14798873297,5.69180997536,5.49553680882,5.5067779805,5.55041954507,5.80495610216
392,"JPN","Japan",10.12297498023,10.39650727173,10.61441889606,10.81255501997,10.95131611156,11.05113825647,11.0856873981,11.08333781947,11.09448382566,11.127717889,11.23146554531,11.99540694397,13.52641608844,15.19250991263,16.48166543244,16.92404491015,16.62389703565,16.04288887081,15.37247280251,14.69126500351,14.13246581032,13.70139296495,13.2992402405,12.87520705387,12.43470235458,11.96182582628,11.29128324008,10.42472513096,9.53580936761,8.77664111817,8.30524171958,8.1178062138,8.01708957775,8.04135875123
832,"JEY","Jersey",NA,NA,NA,NA,NA,NA,NA,NA,NA,NA,NA,NA,NA,NA,NA,NA,NA,NA,NA,NA,NA,NA,NA,NA,NA,NA,NA,NA,NA,NA,NA,NA,NA,NA
400,"JOR","Jordan",9.87674268121,9.93581111022,10.07945369873,10.1366670089,10.16717511492,10.19290201218,10.20756382452,10.25829716964,10.31402065999,10.31436826223,10.31462171202,10.05734470222,9.31965268208,8.43570150595,7.71176782614,7.40146602843,7.54621614959,7.92540695118,8.34583408358,8.70286196273,8.87201141357,8.68043597888,8.37250558687,7.99734494376,7.66769083634,7.49379330672,7.14261078152,6.30302797313,5.34218308759,4.54735692874,4.22168677633,4.77659702255,5.32508050499,4.67217341457
398,"KAZ","Kazakhstan",1.86154012505,1.79346819754,1.72378524534,1.64364545141,1.57518561926,1.50018826357,1.42245196531,1.32278359456,1.23282901396,1.13409132673,1.07847940221,1.02408322912,0.97453987414,0.93889042326,0.90327138696,0.89461426794,0.91025079567,0.94362323526,0.98490942778,1.03591924591,1.06137535919,1.0831360524,1.10753528053,1.12247378006,1.15345312814,1.15951712942,1.15332665339,1.15326944006,1.14448293383,1.14229012683,1.14298660988,1.17138297557,1.2376397905,1.29155636495
404,"KEN","Kenya",1.60632466985,1.59236672344,1.57457512796,1.54804682609,1.52030236141,1.48381910154,1.441721599,1.39406445056,1.34231313326,1.29407361378,1.24618093952,1.18065809007,1.09225425064,0.99915883996,0.92823523226,0.89879011103,0.94257420554,1.04321312235,1.15685527419,1.2557061291,1.30856669605,1.31374229964,1.31031054973,1.29959112048,1.28878130842,1.28454228579,1.28255281391,1.28191011019,1.28287794486,1.29046769039,1.30282940777,1.51421884581,1.72874244708,1.51956784943
296,"KIR","Kiribati",0.85364860673,0.88995228393,0.92712875274,0.96331230625,0.99977528733,1.03493028843,1.06754163948,1.09511175702,1.12475864206,1.16219690474,1.21332538075,1.32054178289,1.50010163303,1.6927125656,1.85011611387,1.9153346206,1.91362081733,1.90799863483,1.89887706554,1.89206471256,1.89116905271,1.9084992896,1.95176385599,2.01272117053,2.07026933948,2.12460676215,2.17158265843,2.21895880979,2.25954416211,2.29815261411,2.31955138729,2.32743541734,2.32712741864,2.32552617405
689,"XKX","Kosovo",NA,NA,NA,NA,NA,NA,NA,NA,NA,NA,NA,NA,NA,NA,NA,NA,NA,NA,NA,NA,NA,NA,NA,NA,NA,NA,NA,NA,NA,NA,NA,NA,NA,NA
414,"KWT","Kuwait",18.31214834857,17.96077795161,17.62275364882,17.23925536921,16.83407132385,16.50558806768,16.05939263674,15.51697563268,14.94389622423,14.53645224411,14.32223529971,14.34448840609,14.40132142818,14.43322508156,14.48408028285,14.49265278289,15.22584147173,16.9528551582,19.00987311052,20.64435688102,21.43236970811,21.55675598113,21.58620544336,21.56931002067,21.45616804917,21.26928470015,20.9027313048,20.495075098,20.02439877631,19.70265646545,19.55103146511,19.49522893863,19.56917748377,19.90212724851
417,"KGZ","Kyrgyzstan",2.78231674525,2.65290659154,2.55063023872,2.43551414465,2.27890713971,2.13880316442,1.97212107105,1.77783231109,1.57046251632,1.3934882216,1.27914852028,1.21010436501,1.14925568272,1.106795679,1.06756241171,1.06121150261,1.07507477807,1.09917724312,1.14277005658,1.19083762138,1.24008717712,1.30701424012,1.39024386064,1.47837793129,1.56408263476,1.58531932319,1.58067841458,1.56654456782,1.55087971933,1.52152360289,1.51617500033,1.56711973677,1.69477924981,2.02156205018
418,"LAO","Laos",0.94257102676,0.96723449055,0.99213732592,1.02450683049,1.04675948262,1.07379323837,1.10249830808,1.12951091441,1.164572044,1.19312054491,1.22261806268,1.25569020969,1.29474627223,1.33306518521,1.36382427975,1.39099244303,1.41563098145,1.43471770075,1.44445040803,1.46664581803,1.4831119788,1.53750067499,1.59367696127,1.67994920517,1.73661628511,1.769564419,1.75573835441,1.75611021325,1.73455530336,1.70543296325,1.68693576181,1.64315865475,1.62029922127,1.75202761967
428,"LVA","Latvia",5.75538630286,5.58828078875,5.41683189278,5.24065394334,5.06702223665,4.88772979195,4.67019328629,4.42691230509,4.18079170543,3.91597549385,3.6501445119,3.40770217732,3.14929002362,2.93170428958,2.76060221732,2.69546038672,2.7071233717,2.73697689295,2.77416526362,2.79672647362,2.8149642856,2.90532375763,3.09928964065,3.31396999855,3.51650164716,3.58644755904,3.52506062688,3.3776383729,3.21048215635,3.06835364254,3.01442381336,3.03830952124,3.07623938213,2.96904593706
422,"LBN","Lebanon",7.02737985802,6.91690190072,6.85905141017,6.77992095214,6.75761305324,6.75391136045,6.78735874291,6.8442592011,6.91750810174,6.96769386795,7.0072086972,6.68402237277,5.95769915178,5.08812074152,4.36507255524,4.06266622316,4.32575183769,5.05995802818,6.1178858523,7.32449663788,8.44686688728,9.77199720501,11.59923293273,13.40899300092,14.89324094486,15.45153183675,15.24191347177,14.75608757327,14.00357093934,13.1899299469,12.26955013572,10.83346428055,9.81282986074,10.51732053758
426,"LSO","Lesotho",0.3112360407,0.30898364033,0.30785303302,0.30716182568,0.30151148579,0.30157039234,0.29372178161,0.28594789594,0.28018365034,0.27404245289,0.27167560358,0.28642984289,0.31472856462,0.35228125999,0.39084349071,0.41982749686,0.43743740339,0.46315652838,0.47994051856,0.4900817443,0.49512486787,0.49454029931,0.49058972434,0.48666198531,0.48339908854,0.4860497363,0.50495286348,0.5531957553,0.60832758461,0.65364075608,0.67357648617,0.62906705856,0.56827763823,0.5428926475
430,"LBR","Liberia",1.4238371571,1.37872915478,1.34207933982,1.30104456037,1.25543582724,1.21561803769,1.1767350305,1.12959754271,1.08359474939,1.05378528868,1.04127958237,1.068695046,1.14143584255,1.22413856739,1.29627854002,1.32844375182,1.32330271078,1.29611055352,1.26508757932,1.2302581956,1.20894684551,1.19096701248,1.16650048356,1.14812336386,1.13083172023,1.13011795921,1.13243916418,1.16602356071,1.21187021718,1.25295041543,1.27715424686,1.29214823283,1.31095553601,1.37062063531
434,"LBY","Libya",1.8239736366,1.78412837185,1.75028728687,1.73449266693,1.73211095171,1.72337790028,1.72150252791,1.72909124268,1.75225549277,1.77621047145,1.80109871965,2.00819428549,2.44442128129,2.96662189064,3.38776940288,3.58393050266,3.5033975479,3.35877122005,3.17330518045,3.03162263327,2.96111383185,2.99056126577,3.10353543743,3.23469037528,3.34425423551,3.37970032305,3.33672616778,3.22960246885,3.11428870162,3.01077212901,2.96872572368,3.42793957581,3.93742148115,3.99568286312
438,"LIE","Liechtenstein",NA,NA,NA,NA,NA,NA,NA,NA,NA,NA,NA,NA,NA,NA,NA,NA,NA,NA,NA,NA,NA,NA,NA,NA,NA,NA,NA,NA,NA,NA,NA,NA,NA,NA
440,"LTU","Lithuania",3.50566260052,3.44380494135,3.35547178168,3.25191613851,3.12919581027,3.00837324209,2.86396539517,2.65503627708,2.45819850757,2.25597352209,2.09456685182,1.95724033633,1.82353726739,1.70661459844,1.62507001917,1.59477154213,1.60135704169,1.60693910109,1.61997841202,1.63759902178,1.66547873045,1.75388155531,1.91902967335,2.12922033659,2.31066544382,2.38697367761,2.33702920081,2.23874546662,2.09926158855,1.9873388591,1.93311608994,1.96983827982,1.98911695104,1.83952380784
442,"LUX","Luxembourg",18.84300629274,18.63087732702,18.30896828882,17.91666937627,17.48861693319,17.11406657324,16.51892591998,15.72929203424,14.92401386767,14.13104653256,13.40488178351,12.73919659706,12.08395394882,11.44543442167,10.90085453522,10.46814005362,10.19540552937,9.97288956527,9.79266585,9.61251158327,9.33316089096,8.92501571784,8.41304629704,7.85000145799,7.19723018713,6.56935589174,5.8225585881,4.93207063165,4.06842994018,3.41164844197,3.14828857313,3.23834742793,3.31475992124,2.73359980514
446,"MAC","Macao",NA,NA,NA,NA,NA,NA,NA,NA,NA,NA,NA,NA,NA,NA,NA,NA,NA,NA,NA,NA,NA,NA,NA,NA,NA,NA,NA,NA,NA,NA,NA,NA,NA,NA
450,"MDG","Madagascar",0.94515736854,0.93995274801,0.92846813098,0.92063080246,0.91063616847,0.90367358517,0.89199536219,0.87705230145,0.86016602346,0.85040290356,0.84681106378,0.89894619883,1.01369372396,1.15844738284,1.2764739629,1.32770092645,1.3160350593,1.30096760081,1.28854990416,1.2725459324,1.26687263498,1.28266571231,1.33297003387,1.39117840711,1.44786882654,1.49405461639,1.536118354,1.57032252622,1.60303858758,1.62719069113,1.64199137565,1.60392704136,1.56208917379,1.51959421386
454,"MWI","Malawi",0.49695667336,0.48382104079,0.46956836506,0.46012033229,0.44738737708,0.44083104972,0.43319214309,0.42431770455,0.41185829906,0.40417924143,0.39814393608,0.39338726314,0.38896920944,0.3877835949,0.38405696124,0.38367510888,0.40280776053,0.45127362617,0.51198120841,0.56091422298,0.58758213474,0.59933786027,0.61576591672,0.62836494598,0.64343723233,0.65073544549,0.6558945301,0.65818137509,0.66420234979,0.66485539112,0.67331752997,0.69029154634,0.70734349761,0.6587889472
458,"MYS","Malaysia",2.38712498012,2.48056631312,2.58027449531,2.66698483513,2.76153712285,2.86240497911,2.930316281,3.0037982926,3.06861876169,3.15638110411,3.28477224633,3.61887734584,4.20664006993,4.88117419085,5.44187340896,5.68607292829,5.55963295073,5.30876488712,4.99616476143,4.72174408219,4.55797283491,4.48493267041,4.4558610458,4.45604491359,4.42534020173,4.35875147162,4.14224345091,3.80176893208,3.42715405258,3.13377829482,3.00319494245,3.12255701462,3.3493588907,3.74291405202
462,"MDV","Maldives",0,0,0,0,0,0,0,0.00059066911,0,0,0.00115146226,1.16676576731,3.92885356982,7.20908854733,9.88373995664,10.96321274743,10.80170478987,10.34407517709,9.79258165706,9.3554214677,9.15550534367,9.2703965715,9.58897062569,9.94927009679,10.29533228518,10.50897974998,10.61882831415,10.73125364912,10.81957201626,10.90510134136,10.87818964629,10.88626028078,10.86263903076,10.91562293836
466,"MLI","Mali",1.8482614841,1.79074197476,1.73173640093,1.67860197989,1.6342324951,1.58537247767,1.54232515315,1.49687116495,1.45573984061,1.4115670394,1.37808181626,1.3499708786,1.31642213847,1.29022524951,1.26946115075,1.26111630743,1.2566087888,1.25281083621,1.25454581681,1.25135745703,1.24654236893,1.27557306698,1.33710285359,1.40340161941,1.46166057459,1.49863830796,1.50278246199,1.50926919117,1.51179717412,1.51788631933,1.52456922395,1.5947987373,1.72274266259,1.88332141507
470,"MLT","Malta",0,0,0,0,0,0,0,0,0,0,0,1.15733624129,3.96093255548,7.33433081962,10.2217591081,11.43833418183,11.55145807376,11.5316870652,11.50763202862,11.43267374906,11.3673774534,11.16425876142,10.7194776299,10.1473246082,9.59513976011,9.24690450743,8.93769826372,8.59780007627,8.3329157897,8.13345580219,8.03519240098,8.70000210612,9.41904563691,8.61595016651
584,"MHL","Marshall Islands",0.9052561729,0.94022967779,0.97740001809,1.01510453584,1.05067922853,1.08765285261,1.12134999112,1.15485299341,1.18665883062,1.23092220655,1.28515326108,1.39738257914,1.59237948055,1.79286580486,1.96127773128,2.02845946892,2.027463906,2.01844482624,2.00583903682,1.99674989489,1.9991223457,2.01370870308,2.06000912575,2.11580765833,2.17696290373,2.22180926108,2.27433761969,2.32161533979,2.37362998604,2.41180166865,2.43467727018,2.44664879974,2.45545025667,2.43820134478
478,"MRT","Mauritania",1.50466091834,1.5033509407,1.49834986938,1.49198934727,1.48942098301,1.48702404291,1.48436322529,1.48080556504,1.46559733864,1.45922641411,1.45401473757,1.48566634652,1.55384157559,1.63814160717,1.72958572667,1.79406310369,1.84429562304,1.89298819742,1.92895159427,1.96149898548,1.97927484923,1.97367788948,1.95163551553,1.93929310821,1.92492818368,1.92828787593,1.93340003079,1.93437904092,1.94383021255,1.94919861133,1.95713162195,2.10567214758,2.38195235904,2.72581638189
480,"MUS","Mauritius",0.00096304351,0,0.00066059325,0.00020271012,0,0.00062152262,0,0,0,0,0,1.17419231093,3.95825890817,7.25922895055,10.01799621492,11.05626204373,10.89180205917,10.43827570205,9.85889983148,9.38110443812,9.19702442908,9.31575607479,9.62962820771,10.04378968699,10.3873309656,10.6087820122,10.67175562708,10.72903103225,10.8188213443,10.82482860312,10.83480449715,10.87370114916,10.8512881697,10.96699674572
484,"MEX","Mexico",9.4005399249,8.9646858664,8.55754450491,8.20224627673,7.92556266118,7.77355539302,7.70003989413,7.64623590978,7.59617885363,7.55963876849,7.52947877902,7.45075648988,7.29354725636,7.09745119887,6.93471058391,6.86174480182,6.82374419934,6.7078006219,6.56310262153,6.42519372456,6.32122276933,6.19292277753,6.00407706639,5.77119786439,5.53894503527,5.32648871331,5.12479610045,4.91399738905,4.7116756103,4.56288728303,4.49990465288,4.75064257082,5.08966473903,5.3218512534
583,"FSM","Micronesia",0,0,0,0,0,0,0,0,0,0,0,1.3939988438,4.68147166099,8.50986017818,11.66805997596,12.90783355101,12.63450044729,12.01761319265,11.28103767819,10.64745835604,10.38507714576,10.61497076331,11.16497065176,11.84891124401,12.61804339525,13.19007222573,13.6872344489,14.22941777884,14.68449212057,15.0869661277,15.25778424165,15.26195600595,15.26663822574,15.18575069683
498,"MDA","Moldova",4.40004374261,4.30801468453,4.18862774427,4.06738341603,3.92406118101,3.76496359365,3.57771517526,3.32825343463,3.08647820867,2.85097736829,2.66364089249,2.49799141016,2.3607766351,2.22338763222,2.11579540824,2.00115912473,1.8883251305,1.7703171144,1.66011023933,1.57862941306,1.54835395949,1.58521988043,1.6611064931,1.77295774463,1.86605605245,1.89429973765,1.88091403272,1.7960156826,1.71535397116,1.62885181341,1.57798033243,1.52535977741,1.5130216593,1.52540788465
492,"MCO","Monaco",23.76670066368,23.50665072581,23.36239427273,23.25378219955,23.1489281724,23.16620498817,23.18951051832,23.31188540959,23.30653618456,23.414203025,23.57893076786,24.36921959709,25.96177977928,27.81970506091,29.47926074915,30.07237398321,29.5437774899,28.31623314288,26.71354909313,25.22246167185,24.19853275829,23.69153013899,23.29013975415,22.99779131212,22.55846063058,21.98753302644,20.75084395499,18.82570079605,16.78540501469,15.14395949914,14.39203659018,14.43755183932,14.48546860396,14.47891784349
496,"MNG","Mongolia",0.64484073939,0.6502129711,0.64660436234,0.65127319011,0.65059415485,0.66047684713,0.6700915603,0.68469484895,0.6994893999,0.7192013228,0.74773646197,0.7674611044,0.81113551871,0.84843432099,0.88634648486,0.92600556653,0.9541202423,0.96210005177,0.96748083269,0.98055990062,0.99638121898,1.05397850597,1.11748509711,1.1782579987,1.21623356165,1.23829060229,1.22728170732,1.19595154203,1.15437372532,1.10463278632,1.04802906183,0.94696227386,0.87085409835,1.55769471513
499,"MNE","Montenegro",1.98342128373,1.95369385925,1.94720009499,1.93388594339,1.93538316587,1.93821756197,1.93782777869,1.95899360743,1.97290932528,1.99341524004,1.99389778012,1.98748792495,1.97745711781,1.94902639108,1.92994397779,1.92084152016,1.90433293967,1.88683207773,1.87590793447,1.8766832982,1.87702997926,1.9030893782,1.9779719179,2.06930368863,2.14601998526,2.17660412406,2.13705848483,2.04186082223,1.93175097755,1.80581146998,1.72518697932,1.65009656208,1.63058539274,1.63481332889
504,"MAR","Morocco",5.84649944529,5.72691622995,5.68021298527,5.61987550694,5.57641948186,5.56510475308,5.58837759842,5.62487777322,5.71647827478,5.77151690017,5.79117713231,5.61757885117,5.20912831444,4.71611238521,4.30447321119,4.13664060107,4.15431822373,4.20985748279,4.28156152269,4.35340352973,4.42086776417,4.48414039355,4.54806686539,4.61909736147,4.68731332162,4.70871892601,4.63432906591,4.5194216702,4.35488546417,4.22164661802,4.15393230312,4.25171598993,4.34429546699,4.14017971225
508,"MOZ","Mozambique",1.09065537209,1.08415566105,1.07772130825,1.06912395195,1.05669226009,1.04561195844,1.02989132027,1.01100572085,0.99641549453,0.97942523029,0.97573814556,1.03375226068,1.16627249693,1.33589699195,1.47208064236,1.53348268582,1.52418032086,1.49849565592,1.46975115102,1.44945905512,1.43793588179,1.48733264006,1.60616314996,1.74714601866,1.86847382765,1.91346391964,1.84527715538,1.68113516161,1.48703350025,1.32690241753,1.25483539431,1.25635643311,1.25920023179,1.33339849793
104,"MMR","Myanmar",1.29865515409,1.34267806864,1.3819646234,1.42390081204,1.46072620064,1.50689804088,1.55630333977,1.62366401023,1.67366072707,1.71965422831,1.7377523504,1.69385432314,1.61149289906,1.50123337441,1.41400230455,1.37949863606,1.41919936052,1.54701157307,1.69607033196,1.85071805875,1.96874324635,2.05430391089,2.14831253989,2.24032245147,2.31018242807,2.37262174688,2.39581463609,2.43480612417,2.45697953024,2.48220771156,2.50495981314,2.51202985823,2.52060279301,2.81161753366
516,"NAM","Namibia",0.68406497849,0.66452740534,0.65005700788,0.63247151549,0.62071436285,0.61194292777,0.60212409346,0.58951747008,0.57710716781,0.57009536631,0.56397614311,0.57458413979,0.60267568807,0.63659537891,0.66610590777,0.69186171017,0.70755775982,0.72524075668,0.74185271195,0.75424790047,0.76667699946,0.78863747509,0.82403636913,0.85289203172,0.8866541449,0.91242962999,0.92792192556,0.9426461946,0.9607999827,0.97377218892,0.97654387826,0.97242154762,0.98390336057,1.04843401028
520,"NRU","Nauru",0.87897895776,0.91444823521,0.95320008803,0.9897950614,1.02778619152,1.06361502113,1.09560526974,1.12701945131,1.15693132679,1.1930126878,1.24385343727,1.35832385658,1.54003036824,1.74530327211,1.9021684071,1.9700712468,1.9629920782,1.95714812205,1.95481095191,1.94548156148,1.93944142532,1.96053836556,2.00207538597,2.05823020033,2.11867462725,2.16991512485,2.21222659211,2.26690540071,2.3155523903,2.35307523918,2.37721805294,2.39987425453,2.40735121857,2.38261144187
524,"NPL","Nepal",0.58669298574,0.59568742448,0.60913452445,0.62410071643,0.63697970315,0.65282805142,0.67347224277,0.69170758214,0.71272662476,0.7378538075,0.75134714419,0.75275106865,0.75707459103,0.76064311255,0.76795749218,0.77822079014,0.79067570355,0.79635176066,0.81394862356,0.82767442843,0.86446857178,0.91828919659,1.00192945904,1.07273616931,1.13440576605,1.16022522061,1.13191080631,1.07023362464,0.9935815685,0.9264753972,0.90248997574,0.99216774502,1.08551033715,1.08228040859
528,"NLD","Netherlands",27.22116437664,27.66433864628,27.88555339733,27.87115698686,27.7244376015,27.34813547816,26.69798032986,25.57453263412,24.3441082469,23.15931138136,22.42799256285,22.30240335343,22.80599446259,23.45441532963,24.00302161333,24.12455045917,24.00446154339,23.84778349736,23.60447515804,23.24684084458,22.68177528389,21.96798527162,21.23012915776,20.44243797469,19.60413831515,18.71255542793,17.18869187516,14.85333965326,12.32877158912,10.28043883586,9.46499058488,9.67109453616,9.81758370669,7.75995623489
540,"NCL","New Caledonia",NA,NA,NA,NA,NA,NA,NA,NA,NA,NA,NA,NA,NA,NA,NA,NA,NA,NA,NA,NA,NA,NA,NA,NA,NA,NA,NA,NA,NA,NA,NA,NA,NA,NA
554,"NZL","New Zealand",26.82426782974,26.49585869906,26.16304036132,25.93967644174,25.79697896513,25.69883236063,25.70209477125,25.71627433091,25.69316086778,25.65131283838,25.59298684311,25.1907153799,24.34555631415,23.32440796684,22.44380122556,22.05789411059,21.74350508063,21.17370502696,20.38694163095,19.50447552321,18.66037575663,17.78148741987,16.84039129571,15.94485756507,15.22704248729,14.70118008875,14.40315845118,14.13165660558,13.9165214622,13.78612785064,13.73470831879,13.99099334162,14.30590463185,13.6930410699
558,"NIC","Nicaragua",3.34092212906,3.46308526527,3.58000424851,3.67347365674,3.72866349621,3.78400761726,3.79677405341,3.79769050428,3.79426591792,3.80235662726,3.79200263709,3.78519361734,3.76080260526,3.72003509455,3.68433543807,3.65565568463,3.63525712921,3.64000264863,3.6324229554,3.62967270118,3.62268282116,3.59835107832,3.55376490645,3.4941703078,3.42655379196,3.35595933343,3.24820019777,3.08954981281,2.9354542318,2.81468413581,2.76249016773,2.75608650272,2.77998519561,2.97553868021
562,"NER","Niger",0.44438136315,0.42951030715,0.41742783056,0.40380651696,0.38978646273,0.37642569635,0.36379004342,0.34726552767,0.3310571925,0.3190541571,0.30935864295,0.30472034633,0.30122781458,0.29698128872,0.29518328425,0.29309496337,0.2953614842,0.30104986254,0.31061378069,0.3209648354,0.33491574926,0.35414107447,0.38430002355,0.41477513378,0.43868420623,0.45080742925,0.45458722372,0.45612100881,0.45707555307,0.45795428814,0.45679544202,0.47259770298,0.49783629199,0.57682552754
566,"NGA","Nigeria",1.79678726277,1.75463572355,1.71219421148,1.67363409867,1.63726208792,1.59930796125,1.56009643772,1.5211167449,1.4849558972,1.44716369449,1.41436143417,1.3687362621,1.2982808684,1.21883726879,1.14612267236,1.10355014733,1.07481519873,1.04014113124,1.0028738572,0.97399789811,0.9599402664,0.97225836409,1.00790235816,1.05167537173,1.08830877304,1.09920090892,1.09232372394,1.08220013748,1.07054902976,1.05867834378,1.05146220289,1.08946344775,1.13061366141,1.13903220481
570,"NIU","Niue",1.01703141608,1.07152590773,1.12510642603,1.17974468109,1.22905853025,1.27670789509,1.31818376021,1.35331257753,1.39210445396,1.4418929211,1.50000142597,1.63522487924,1.85885087757,2.10078602717,2.2880073255,2.368339661,2.36761689368,2.35603021975,2.34779335743,2.34203320198,2.3399633631,2.35079044682,2.37625193221,2.41055212519,2.45145022962,2.49577804667,2.54723366379,2.60666841583,2.66995266356,2.71939345249,2.74356505982,2.75211918012,2.75584041237,2.72406210581
408,"PRK","North Korea",2.74827014381,2.74769697762,2.75954800017,2.77767039053,2.78420649758,2.80639575481,2.86572114432,2.92326592131,3.01544304206,3.08435961103,3.1180351232,3.08880565833,3.05961648157,3.03134969066,2.99910509086,2.98385326167,3.14504344784,3.56628016366,4.05298341371,4.48224954491,4.65287550956,4.62027585618,4.55507129462,4.46285993828,4.38481167859,4.27457697568,4.18460955183,4.06990899286,3.9542318388,3.8190405755,3.67971726684,3.43995220907,3.2824342831,3.29351294591
807,"MKD","North Macedonia",1.93530014127,1.83680859634,1.76508985241,1.69547752949,1.65342040807,1.62893720844,1.61727549158,1.63588341558,1.64680715601,1.6554516153,1.65655479467,1.62147086655,1.5718876041,1.51765639179,1.46617334709,1.43478478439,1.38737133335,1.31913567122,1.24039812673,1.17438547043,1.13743045091,1.13391439295,1.14551445535,1.15277664296,1.16323782441,1.15920136335,1.13732536014,1.08625899188,1.03731108295,0.97642204898,0.95012914398,0.92735752871,0.9124570449,0.93442589958
578,"NOR","Norway",11.80540665495,12.23224538426,12.63228506709,12.96917835517,13.22012963,13.39305837475,13.48801334881,13.57942830104,13.66548858087,13.75076500628,13.8607016621,13.99017497461,14.13777089525,14.20840211724,14.15513384335,14.02449889678,13.85975421058,13.67213570569,13.51333196965,13.39128929484,13.37676771775,13.43137613626,13.5447591393,13.64359776139,13.70701325892,13.70724318933,13.235587391,12.21378983001,11.04909139435,10.02965726812,9.46398745916,9.23144302938,9.06658255064,8.65591629057
512,"OMN","Oman",6.269605703,6.12327786195,5.95208638284,5.80172244658,5.65463911856,5.4770745564,5.27636353151,5.05421910043,4.82882803896,4.62246213554,4.44476094204,4.29436532276,4.10984940332,3.96736864615,3.86280211708,3.83164627885,3.87297334854,4.00067643539,4.15948321257,4.31499825488,4.42047595875,4.47833762901,4.55932362121,4.59478014805,4.6330595532,4.64758033101,4.4697339272,4.02544612143,3.50542358737,3.0580250215,2.87326805975,2.99747674866,3.15631561934,3.20799545145
586,"PAK","Pakistan",3.86319434651,4.14452094923,4.3493188187,4.4502574934,4.44441322917,4.30242176013,4.07429535441,3.794164891,3.49115760462,3.19644528476,2.9308627867,2.69726312792,2.44394186735,2.21718259631,2.05131142644,1.98945552331,2.0592189291,2.2239676408,2.41247201505,2.55318889484,2.61614712857,2.58404524436,2.50218018978,2.39426694399,2.30042118291,2.24587197839,2.1702374688,2.05182318968,1.90261386101,1.78395635325,1.73641325818,1.71821061379,1.67979347054,1.30687422419
585,"PLW","Palau",0,0,0,0,0,0,0,0,0,0,0,1.88278755957,6.31499336885,11.5150317206,15.74795500702,17.44377778624,17.42919593144,17.31431943985,17.22393267006,17.13404151161,17.08236827346,17.2060773817,17.44755074625,17.74222271842,18.08605223836,18.39394445812,18.73675896838,19.22724231343,19.62055144371,19.95445106263,20.09417560962,20.0134906573,19.95936372432,20.01157836068
591,"PAN","Panama",10.52633400001,10.97576650414,11.37933049712,11.71319862898,11.98817519038,12.12083723083,12.18786044871,12.24347310275,12.26986440667,12.32106509212,12.30760920535,11.92558935002,11.01107212199,9.95056608735,9.04381065145,8.6835486633,8.88963251179,9.37355574359,9.94966162127,10.42169245556,10.6215090137,10.49551387513,10.2127682499,9.81986329857,9.44245760195,9.13013097154,8.60088908871,7.7489491496,6.78441246982,6.00185512261,5.67704353538,5.74548935817,5.95029524578,6.57254072682
598,"PNG","Papua New Guinea",0.84667516013,0.8828201201,0.91778516305,0.95402231552,0.98855870949,1.0253198528,1.05664816274,1.0885385944,1.12197602749,1.16011582163,1.20834135031,1.31815658461,1.4989349074,1.6919436025,1.8439647383,1.90689981387,1.90404318953,1.897326468,1.88793979902,1.88217965745,1.87390677644,1.89333147857,1.93333128307,1.98924651155,2.04607816489,2.09187418777,2.13954522715,2.19454371367,2.23787928105,2.27557127487,2.30406601543,2.31614676063,2.32246439806,2.30284134544
600,"PRY","Paraguay",2.96289683468,2.9733722331,2.97510851303,2.98300211965,2.98373850312,2.9826870367,2.98944576585,2.9777824052,2.97485545167,2.97774709716,2.97690822073,3.0377306411,3.18537628639,3.3652656021,3.51813693885,3.58270824729,3.54675223918,3.47596942209,3.37367370417,3.27734280323,3.19296761172,3.12619717126,3.05887397118,3.00086777824,2.9853077568,2.97223188861,3.07629736674,3.32821353437,3.65257814298,3.94878740608,4.11667939702,4.17948462574,4.23995898935,4.3616373301
604,"PER","Peru",12.23539428269,12.60478414074,13.00950356878,13.38464655368,13.72347640772,13.94431508446,14.24325943572,14.57008758772,14.98275832505,15.29164824886,15.40988883331,14.8809041327,13.61933637203,11.98411258976,10.52573628967,9.91249848985,10.25053177272,11.05981813159,11.94963262516,12.63685279179,13.09568973679,13.40796842881,13.67538605032,13.90493008212,14.06365066277,14.11579830267,13.70064864751,12.70554901694,11.55605708516,10.58278612003,10.14182880453,12.87616415883,15.57243875585,14.04610252513
608,"PHL","Philippines",3.42829944051,3.56337959475,3.6957992693,3.82684922025,3.9528090218,4.08409165518,4.19846149902,4.31297986154,4.4299095791,4.55113315682,4.69146477257,4.97458020626,5.41654270622,5.89411321654,6.25701949543,6.38695675618,6.28763421091,6.06876232085,5.81394006533,5.6120820358,5.51967783363,5.61194664061,5.84860090605,6.13985763646,6.38614355766,6.49043967881,6.37895710637,6.09517441785,5.77354012169,5.49667365997,5.37435255647,5.39023212379,5.43498722699,5.56838561391
616,"POL","Poland",10.71410114108,10.63135328455,10.47518444006,10.27339986438,10.03286076451,9.74688073607,9.4024568153,8.96924074931,8.47651465985,7.94158037186,7.42373926548,6.91000216762,6.34517882921,5.77463006512,5.29146695709,5.08317982858,5.05420618036,5.01185910982,4.96780736175,4.93426427717,4.94341860445,4.99196235149,5.06365037228,5.13252090198,5.15876634595,5.13493999045,4.86642182759,4.35053524422,3.74061412699,3.24037942415,3.01527713208,3.04332887503,3.07372483562,2.67116142809
620,"PRT","Portugal",14.61168912437,14.14578342148,13.73508908702,13.55517556677,13.43824505289,13.34286481715,13.6884947738,14.4005588785,15.31666567976,16.1777349744,16.70737074181,17.69749397411,19.75133477429,22.10348668637,24.02620534855,24.82746021114,24.05313475072,22.13309045126,19.64083015653,17.20149486817,15.35117590276,14.04743469844,12.86650045643,11.79175679396,10.89883806308,10.29278515618,9.72033277394,9.10501116872,8.55070888847,8.11674180074,7.86693821408,7.77875084068,7.75117513433,8.20622379403
634,"QAT","Qatar",11.66558143859,11.51827149046,11.33484869229,11.14949873292,10.87030364361,10.60804532152,10.28616752283,9.85131608054,9.36313295752,8.88511021947,8.51417666961,8.10013353471,7.59936897757,7.13492111393,6.77415596572,6.63632112157,6.87428068728,7.42452926303,8.16812971648,8.95424687373,9.58920630538,10.08273347038,10.64292726065,11.12526813548,11.46672823028,11.59476506855,11.36577813425,10.76442122923,9.96358665102,9.20399532807,8.93087285363,9.4487070756,9.9563883713,7.5434692539
178,"COG","Republic of Congo",5.25433167879,5.17328147748,5.08979940553,5.00922409406,4.90220287455,4.77091526654,4.64554463686,4.52154244496,4.38625380833,4.2564351694,4.10240395543,3.9158975655,3.67309021435,3.45177542455,3.27383640087,3.20520758485,3.36583301751,3.7216987043,4.17437204827,4.556920047,4.72152653632,4.69350098077,4.63597419552,4.58357805359,4.50696778763,4.48562565451,4.51684987618,4.63189628029,4.78676294198,4.95362792897,5.15569833218,5.55151883159,5.81640949297,5.65772935534
642,"ROU","Romania",3.9122754309,3.96734707579,4.02373605197,4.02775695774,4.01434561897,3.91602927981,3.80830828148,3.65872879295,3.50764403674,3.36769318525,3.26612826284,3.2090194389,3.194363139,3.196566375,3.18182905013,3.1151938179,2.99870131466,2.82351293045,2.6288057704,2.4741881667,2.38405951815,2.34334380491,2.30925454339,2.27135024372,2.24899712641,2.22327470643,2.1787026703,2.09711213363,2.04945268766,1.98940416937,1.98007650779,1.99900732604,2.0176501542,1.9427697868
643,"RUS","Russia",5.15409018404,5.07504942961,4.96804827943,4.84123578317,4.69517835455,4.52991100597,4.32365299113,4.06579593576,3.80502359319,3.57230834309,3.42188895186,3.318413243,3.23187767116,3.16186558589,3.1206547404,3.10805228274,3.14680446005,3.22970009938,3.31679352573,3.37502912143,3.39226663873,3.37432560619,3.35314723692,3.32195023012,3.29222051572,3.26295735562,3.21923165794,3.1607249061,3.10259471016,3.05747741188,3.04850837374,3.43358573881,3.84044944428,3.59122815801
646,"RWA","Rwanda",2.24858845633,2.14251848253,2.04037192958,1.94652362716,1.86499351481,1.78516451907,1.75388360062,1.77658499157,1.81235313854,1.84821965575,1.87141546071,1.8751873854,1.89063412109,1.91047441898,1.92305650156,1.94769203435,1.96747445952,2.01045889695,2.04788707689,2.07356391243,2.08917243197,2.08433817657,2.06523846788,2.03076126882,1.99156655647,1.9666718802,1.90316337611,1.79311244643,1.66832024212,1.56725957195,1.51400876355,1.58017094892,1.65022789957,1.65334063881
652,"BLM","Saint Barthelemy",NA,NA,NA,NA,NA,NA,NA,NA,NA,NA,NA,NA,NA,NA,NA,NA,NA,NA,NA,NA,NA,NA,NA,NA,NA,NA,NA,NA,NA,NA,NA,NA,NA,NA
659,"KNA","Saint Kitts and Nevis",0,0,0,0,0,0,0,0,0,0,0,1.73760632015,5.8955838513,10.81678156079,14.91858940756,16.66078565877,16.83608919558,16.96032551149,17.09727984479,17.16806638311,17.1885781549,17.08733528639,16.91058053471,16.62978638265,16.4139406091,16.26517587593,16.19345552569,16.14323593814,16.1707478487,16.11318527671,16.09224274129,16.06708351235,15.99696132575,16.11460221939
662,"LCA","Saint Lucia",0,0,0,0,0,0,0,0,0,0,0,1.62346248726,5.50443748613,10.08954967043,13.87644100808,15.39408669288,15.02966289274,14.25599346039,13.29505186547,12.48629666685,12.14715901961,12.25659596914,12.45401790595,12.68321919309,12.95310693539,13.12364970289,13.23171086085,13.35544702253,13.39307150642,13.4878282358,13.47241074344,13.48187295993,13.52284478928,13.56688474126
882,"WSM","Samoa",0.84016693013,0.86330107045,0.88752373067,0.91319046776,0.94042335481,0.9707418756,0.99965784052,1.03057738738,1.0597060803,1.0959615087,1.14141916528,1.24274396159,1.41460020316,1.59688513118,1.74787164804,1.80516438774,1.80127707139,1.79411049496,1.78592517981,1.77614856007,1.77312493105,1.79141241395,1.85152280164,1.92886601287,2.0050662581,2.05944921546,2.10522827146,2.15393015282,2.20580332636,2.23801553932,2.26401571599,2.26938418062,2.27911040013,2.2713521797
674,"SMR","San Marino",6.73517440831,6.58774290721,6.49341853668,6.4220312312,6.39077526308,6.362643212,6.39706762465,6.51147336149,6.59876647149,6.67717453084,6.72135266274,6.71335097614,6.69717083523,6.64868841077,6.61185266259,6.55801457485,6.38925902175,6.06084736299,5.62893709236,5.18674356684,4.80382434545,4.49516969275,4.17771163348,3.85846979312,3.60189179031,3.35586617043,3.13256056964,2.90509775116,2.71346486041,2.57840078225,2.52050798752,2.5083448795,2.49534423054,2.38940448307
678,"STP","Sao Tome and Principe",0,0,0,0,0,0,0,0,0,0,0,0.73836731198,2.48772219618,4.55248988854,6.2244717828,6.91586204712,6.89514296437,6.81100707336,6.77113914044,6.64196805383,6.55612537259,6.34459176209,6.00725701457,5.65840276802,5.35783253581,5.24273644828,5.32572601783,5.45335676638,5.60784000462,5.76029882196,5.83973904309,5.79748023676,5.76366536506,5.82940009648
682,"SAU","Saudi Arabia",8.37366705222,8.28379815897,8.1673139077,8.04261700246,7.90941855864,7.75255231756,7.58318247654,7.39421879025,7.19606269937,7.0105290605,6.82230562862,6.58179285079,6.29972524683,6.01387875559,5.78727698016,5.70676700694,5.88544486408,6.32634989616,6.90395417448,7.45234553948,7.81241771394,8.0607549986,8.31487409868,8.52869873901,8.64384626256,8.57696094784,8.11751206917,7.18350736549,6.14425484132,5.28109625491,4.93168837044,5.52418269254,6.14013228789,6.08364097741
686,"SEN","Senegal",1.98414500425,1.91954851891,1.86527038254,1.80198724899,1.75294702127,1.703717565,1.63805013246,1.58177721705,1.52717201665,1.48864806015,1.46738292109,1.48537063492,1.5193714463,1.56202810932,1.59756558855,1.61431070596,1.58746706237,1.52114561981,1.43362105783,1.37337430487,1.34369530606,1.38381370225,1.47086795142,1.58608312639,1.71133654868,1.81529840722,1.89764810668,1.98363340156,2.07359205006,2.13460570146,2.1927194996,2.23695222701,2.25860586076,2.35871250282
688,"SRB","Serbia",3.4441055705,3.54914850333,3.61236094098,3.63890580235,3.64924492582,3.61099343881,3.5484475443,3.50088916829,3.43455074696,3.36207564536,3.28183248763,3.1361523267,2.95602638011,2.76906687176,2.60004984593,2.51203292694,2.42468645829,2.28861907456,2.14603846698,2.01185108621,1.92545177603,1.88880730354,1.85473920495,1.82846855003,1.81088812969,1.79608753827,1.75423953814,1.66311276677,1.55989991607,1.4778975285,1.41831348212,1.42058177883,1.41915776708,1.40526632229
690,"SYC","Seychelles",0,0,0,2.151938e-05,0,6.484268e-05,0,0,0.00086700936,0,0,1.22529496236,4.1416962885,7.56317580209,10.44246057698,11.58192862003,11.39351236452,10.90270146104,10.33304922693,9.83025893379,9.63523347291,9.77384512655,10.1071387488,10.4653014797,10.79008732194,10.99950135051,11.12300143673,11.23186028487,11.33532608824,11.40312162089,11.45018581348,11.44704958861,11.46598676631,11.4798313355
694,"SLE","Sierra Leone",0.53991065022,0.52993842728,0.51639869603,0.50272783853,0.49059074201,0.47353840787,0.45184721739,0.42750023526,0.40630279209,0.38721758887,0.37977955154,0.4827149347,0.73314809853,1.02864650992,1.2773080293,1.38633173548,1.36225412744,1.30660184891,1.23905734519,1.18335084024,1.16045059375,1.16119068299,1.16100229527,1.17047952047,1.18899452341,1.20074621192,1.26140795289,1.38345556733,1.51259842265,1.62806391786,1.68635282481,1.69562454438,1.70083675979,1.70371361546
702,"SGP","Singapore",12.71605998422,13.35322147593,13.96468509577,14.5115312873,14.98422716335,15.37207020408,15.59589943834,15.73774162249,15.79619088667,15.91521575798,16.15702791849,17.08083919262,18.61279323868,20.3002296206,21.53815164001,21.99494469914,21.6870832215,21.16951376345,20.52811238211,19.97201894841,19.57971128123,19.35006061826,19.18674811879,18.99767914684,18.75752134429,18.46364158186,17.6896944471,16.38276130329,14.90012177665,13.66755096489,13.20812549919,14.45955761338,16.4394344624,17.44993809198
534,"SXM","Sint Maarten",NA,NA,NA,NA,NA,NA,NA,NA,NA,NA,NA,NA,NA,NA,NA,NA,NA,NA,NA,NA,NA,NA,NA,NA,NA,NA,NA,NA,NA,NA,NA,NA,NA,NA
703,"SVK","Slovakia",4.97009916096,4.85605722564,4.71834710216,4.57740753325,4.40931731172,4.23691094886,4.01446128785,3.73727309149,3.44368460375,3.16807228843,2.91069486271,2.70450561188,2.47711039442,2.27883309929,2.13609334831,2.03314067698,1.9851229347,1.93143354753,1.89960740268,1.88606471655,1.88126684852,1.88374105533,1.88399450319,1.8935078545,1.89653686616,1.90245930142,1.82663794491,1.63872066495,1.41507286993,1.22411028649,1.14794547662,1.16113252309,1.18620151157,1.11590304407
705,"SVN","Slovenia",7.89704608123,7.82513114347,7.68696114835,7.55345065766,7.33960512755,7.11678966253,6.79654833078,6.41020027708,5.95812469733,5.52206499926,5.15628423743,4.87066375839,4.56387217391,4.30256283998,4.07175868655,3.89483647556,3.74080088546,3.6211619931,3.50843115864,3.39196480694,3.27605965313,3.1621038958,3.03916151447,2.90453707971,2.78204690672,2.65250743508,2.49699536496,2.30088006348,2.10093933253,1.96436914363,1.89646658451,1.9102416289,1.91965198366,1.63835873004
90,"SLB","Solomon Islands",9.24327837216,8.88724610939,8.52790717829,8.13161023337,7.7374690654,7.34929258471,6.87969516357,6.30515597611,5.75971464841,5.35245294018,5.19329744273,5.6157014978,6.66294995535,7.89137193619,8.91574525503,9.35141131121,9.21710035565,8.8798929156,8.49770748789,8.15349631896,8.04537082063,8.32777750384,9.00467399999,9.85559908927,10.66908758438,11.19618125824,11.42178400599,11.60183377851,11.75347237773,11.89235175146,11.92919244267,11.94630012863,11.94211744153,11.88398524276
706,"SOM","Somalia",0.99738213084,0.95203823213,0.91017031914,0.86864810707,0.83676857382,0.80034728651,0.76279340469,0.72184359136,0.6867134698,0.66249093619,0.6508652099,0.66427257513,0.69396387755,0.73011882043,0.75918756312,0.77217155896,0.7596888481,0.72877210663,0.69480334488,0.66718138936,0.65485400096,0.66037323023,0.67089391915,0.68748303103,0.70811655784,0.7279665814,0.75500883163,0.78709016405,0.82680982721,0.8640164025,0.90315956447,0.95527836749,0.98567338336,0.97214922297
710,"ZAF","South Africa",2.25701074457,2.3593638384,2.46541314107,2.54966540834,2.60109056781,2.62237190434,2.62342756194,2.61214310555,2.60127191655,2.5961213331,2.61184124276,2.64937838462,2.64719136896,2.53927031271,2.35899206428,2.2835876871,2.34503206207,2.43263345983,2.50924414418,2.57003420111,2.59095770969,2.54547025689,2.46127702762,2.35263822433,2.25646848675,2.20637548613,2.36796481179,2.77349662444,3.23624992651,3.5805560728,3.67371797458,3.55141977987,3.37398281307,3.10218983283
410,"KOR","South Korea",9.52668508564,9.46101707344,9.41504041936,9.42090624957,9.38784046323,9.35946144393,9.3857233399,9.45394259938,9.51110914361,9.60606253656,9.72908267992,9.96276550657,10.24929822773,10.6203299992,11.0091657551,11.28371316606,11.56848483613,11.76533903081,11.95906609473,12.03433017587,12.05601225202,12.05502384418,11.94876797087,11.8908846959,11.80173836355,11.64531766364,11.21967149664,10.46074473501,9.5134113782,8.59140524869,7.89066855718,7.49129266503,7.14035905257,6.33089604736
728,"SSD","South Sudan",0.52398512363,0.50393721,0.48274503617,0.46347414525,0.44578551721,0.42664223716,0.40781729687,0.38378434801,0.36536559269,0.34989869943,0.3447268678,0.35341845551,0.37169935106,0.39496063996,0.41497075836,0.42236847211,0.41993674396,0.41193818702,0.4032175111,0.39646038703,0.39182833141,0.39391801639,0.39641060091,0.39794965148,0.39770092284,0.39747932527,0.38644716525,0.36040686758,0.32651056213,0.29586962962,0.27707958292,0.26826368758,0.26555871147,0.28106843053
724,"ESP","Spain",9.91087642569,10.16220685837,10.36598892679,10.5786814071,10.77863266667,10.98845837392,11.16146397524,11.3201397906,11.50501363171,11.75318029827,12.01955593561,12.92549029342,14.74677391297,16.90901200192,18.83323871187,19.86065980021,19.82885020819,18.96843805369,17.65280990121,16.23974925892,15.21689521864,14.48412563365,13.79420155319,13.11162513744,12.39782900565,11.7740040768,11.01338736027,10.13979267004,9.29621455943,8.60405132827,8.10199373095,7.84927642851,7.74158039706,7.78162217346
144,"LKA","Sri Lanka",1.04435603633,1.06496234159,1.08208087692,1.10692814154,1.13258934199,1.16020369559,1.18615565818,1.21044624099,1.23433113943,1.27262807178,1.32733019154,1.48486747579,1.79018563695,2.15024110332,2.47819959858,2.69879576544,2.79603574902,2.87502288973,2.93770878422,2.96303068955,2.98357882993,3.02082012178,3.06695596363,3.13221234652,3.17663747112,3.20870647016,3.23745827529,3.30251979478,3.38845006551,3.46941973445,3.49499885256,3.28296724207,3.03095935051,2.98464945599
670,"VCT","St. Vincent and the Grenadines",0,0,0,0,0,0,0,0,0,0,0,1.80520336113,6.12061121277,11.20363676514,15.4302593704,17.14658784964,16.87438914754,16.28284056178,15.58328774154,15.01751818494,14.75000719007,14.83777075185,15.15448925211,15.47199669186,15.76693662888,15.88109510699,15.6143837311,14.96301012789,14.21611082699,13.58397826759,13.3077510022,13.33687703826,13.36027828412,13.36073309952
275,"PSE","State of Palestine",6.14577292464,5.90699429158,5.72135460987,5.55090590625,5.45420890616,5.38746722352,5.40601251567,5.41251396209,5.45912065158,5.49981505003,5.55610472736,5.70508658987,5.92661703092,6.19701070051,6.41538184212,6.53023400157,6.54673994874,6.55625210266,6.55993750277,6.57154135186,6.53356944915,6.45723193818,6.41547677827,6.33891488598,6.27055838909,6.14334693034,5.82011328812,5.17970590085,4.48655248418,3.90672871613,3.64397387374,3.82741098891,4.00463716171,3.87589563845
729,"SDN","Sudan",1.25300441288,1.26313535216,1.26515477482,1.26943580761,1.26578712767,1.25113021858,1.22778016296,1.20016708007,1.1755715738,1.1515640236,1.14691599315,1.14915952449,1.17140486816,1.19374932234,1.22425468729,1.24378368435,1.25548761058,1.26313579376,1.26478863923,1.26737779909,1.28261440909,1.32761020047,1.3972997841,1.4619888766,1.52433779346,1.54855774661,1.53586463352,1.50537750205,1.47315022811,1.44583168526,1.43309045581,1.43535344593,1.4414886177,1.35012005914
740,"SUR","Suriname",5.03975781612,5.0798107434,5.11738583434,5.12801528412,5.13629663812,5.13608797589,5.07497042166,4.95457519355,4.79411725707,4.66373903096,4.62161884573,4.79117000015,5.18065843786,5.65263819385,6.05286692658,6.22284171701,6.14161132425,5.96661161112,5.76807643492,5.59692071726,5.53105945299,5.57725322901,5.67942320914,5.80605923403,5.90752956064,5.93615170562,5.91651088027,5.85338330096,5.77301512275,5.71090318596,5.68830549267,5.67220839957,5.69098901753,5.73798028658
752,"SWE","Sweden",10.42450760871,10.05292210278,9.72415498678,9.47542307351,9.34255156077,9.23420779345,9.29775223864,9.4967430097,9.73630699133,9.99447123527,10.11713640531,10.26719937733,10.61742485167,11.00171297194,11.29971013125,11.45798098758,11.25210942468,10.70107384763,10.00433833752,9.38297736813,9.095982845,9.07966428694,9.11467032427,9.09963275909,9.07830023623,9.05565998595,8.78984927383,8.24114844928,7.57448480675,7.01898080231,6.76374550528,6.82371205935,6.89863281031,6.51799638753
756,"CHE","Switzerland",16.98455550411,16.80004312668,16.49219678794,16.12839509446,15.71106364393,15.24571995139,14.69632750883,13.97662339415,13.12343504182,12.33689973018,11.66843250208,11.21017034632,10.85366336784,10.50539295594,10.17583663597,9.78831505705,9.32117073586,8.75266971369,8.24298474557,7.87607723332,7.764787619,7.77840140935,7.87632095061,7.99123386049,8.08309193528,8.11023281468,7.74384564992,6.8988691261,5.84031791802,4.98740973552,4.59817127761,4.66197551062,4.7330217145,4.42068726744
760,"SYR","Syria",10.56103706741,9.86363627157,9.27786768929,8.80477458187,8.46665273582,8.31246593299,8.3286046099,8.37050969438,8.44181737261,8.46553975312,8.50868173947,8.43349179448,8.1801252932,7.77003083612,7.38682957125,7.2654006516,7.47097915908,7.84364627655,8.29444764463,8.71147566479,8.89508375552,8.8134543167,8.37206072043,7.74294447168,7.08929142519,6.74627203384,6.60526975473,6.33014021352,6.06522153587,5.82404922736,5.6517316684,5.4672918973,5.250802127,5.01256000506
158,"TWN","Taiwan",9.38860973733,10.8648952277,12.18210789048,13.27572721707,13.98447980963,14.34402164745,14.32479357639,14.10435647248,13.94259699042,13.82616353092,14.0163672359,15.77690047053,19.35167776694,23.50668519509,27.01781547149,28.63064710572,28.429443905,27.61314329524,26.42520642528,25.01296689097,23.67049501428,22.4546560148,21.26140191665,20.09275498534,18.87520161428,17.69469702546,16.38612723194,14.83762696477,13.3634709303,12.15696268787,11.46678996358,11.06394290615,10.8639462023,11.06889314673
762,"TJK","Tajikistan",1.67667260934,1.61684088937,1.52536203116,1.45848744945,1.36500720999,1.27537849689,1.15977947947,1.00872386632,0.86017243155,0.74627024201,0.70143830761,0.70834649872,0.72242100313,0.73049832679,0.74300227939,0.74698189546,0.74706901617,0.75037660546,0.74058542777,0.73050388555,0.72929976139,0.77168233257,0.85174252446,0.94965285472,1.03967464931,1.08651508767,1.09116484668,1.09335395127,1.09951912676,1.10386162944,1.10622920167,1.13755520367,1.17478876877,1.2371048389
834,"TZA","Tanzania",2.84705352501,2.737462919,2.63735954093,2.54652715567,2.45345145338,2.36536065557,2.28734098228,2.22435598821,2.16333196218,2.12252702131,2.11650287928,2.15208102008,2.2323099962,2.32421745894,2.40381896934,2.44093935993,2.4382260522,2.42782254233,2.43510490122,2.42195649423,2.41663041646,2.48216337729,2.63527165985,2.79888548418,2.95158212828,3.00674453943,2.93527524978,2.75841768925,2.54570330276,2.37840557228,2.30331032293,2.37088198228,2.44186793104,2.41660983557
764,"THA","Thailand",3.60649671613,3.76914183845,3.91378454779,4.0804314337,4.21223755602,4.37954760834,4.5769400601,4.87286380628,5.15927131688,5.41149804478,5.48685441422,5.35180829458,5.05353545357,4.66374797057,4.39350916769,4.21522596822,4.30502115899,4.5481150021,4.84594966383,5.07393919338,5.15862577415,5.0510507395,4.84831415963,4.61793281248,4.37411737922,4.18686684712,4.05316978556,3.88341208399,3.7389510137,3.62583068115,3.56926897877,3.65005103222,3.77032572489,4.28238255455
626,"TLS","Timor-Leste",0.91925092068,0.96240970227,1.00317294977,1.04101116424,1.0757852651,1.1129271463,1.14760845311,1.17388824439,1.19987813109,1.22907010807,1.27601293111,1.38016854462,1.56416862463,1.77140929472,1.94063768856,2.00180076257,1.97662396211,1.90636732985,1.8172327016,1.73288584754,1.70439782529,1.69376196868,1.69044156842,1.68575417755,1.6774575079,1.67431055614,1.67990150589,1.67235083342,1.67325648192,1.68125379457,1.67640496932,1.70287964525,1.72354903475,1.73459587569
768,"TGO","Togo",1.93333021949,1.90441275068,1.88096999866,1.85057703034,1.80438576332,1.75209610611,1.68991308524,1.61608421449,1.54456090686,1.49168977372,1.4641980942,1.53870825714,1.69868512219,1.89187070271,2.05415821692,2.1343118288,2.04166043463,1.85222285611,1.62633304775,1.4366415714,1.34867061753,1.3639249907,1.38498401843,1.40800656731,1.44143869315,1.46239341035,1.49233993011,1.50338337271,1.53455775499,1.54548366866,1.58424353032,1.64077451008,1.73487646855,1.82784277487
776,"TON","Tonga",0.92679982613,0.96740085003,1.00932540018,1.04932374879,1.08958906431,1.12784891402,1.161861934,1.19372276055,1.22560658373,1.26766240998,1.32044041663,1.43881041516,1.6330422839,1.84171746303,2.01563657443,2.08256305723,2.07851511683,2.07449183557,2.06334286272,2.0507701256,2.04825063515,2.06566639499,2.11665502359,2.17877235416,2.24099207083,2.29346953366,2.34210418526,2.39478593628,2.44488216153,2.485554167,2.50225534718,2.51850095849,2.52901269697,2.51277149481
780,"TTO","Trinidad and Tobago",5.4537242603,5.33746771888,5.21434073162,5.0925286588,5.00002248887,4.96517074655,4.90844582591,4.80696871692,4.70391495768,4.60220655781,4.55476273466,4.71903105569,5.06918106918,5.50894965109,5.86399645389,6.02638159734,5.9091909937,5.65628898917,5.33262491857,5.02330928517,4.83986827125,4.80006202674,4.86868324687,4.96337051804,5.0387701386,5.01689357571,4.88392752225,4.72220838067,4.52965390419,4.39007234593,4.29433365286,4.22149939861,4.19352890712,4.19409959809
788,"TUN","Tunisia",4.0029508448,3.87412646208,3.79028778144,3.69088847762,3.64432090506,3.63312167779,3.64517196101,3.67292163114,3.72597418378,3.76376908993,3.81210496773,3.84577507696,3.85812694771,3.82899859249,3.84116409122,3.854318676,3.92223036913,3.9679743743,4.02869745092,4.05358546273,4.05474914165,4.08792619339,4.0992850602,4.12819407267,4.1699610087,4.20747364612,4.24386116476,4.31854291159,4.36361564788,4.41492461637,4.46110350851,4.6248546833,4.78482888356,4.62493872089
792,"TUR","Turkiye",5.53859283491,5.28062644626,5.08516958313,4.96532025578,4.88627283448,4.87483305156,4.96319824674,5.1185861657,5.34800750583,5.57226473574,5.71759211978,5.98694457486,6.51917485116,7.10905680701,7.64053103942,7.96512367208,8.14610344435,8.29278739192,8.40820930226,8.49076164991,8.51805593737,8.41544963177,8.22596532827,7.99578798421,7.79861956521,7.70538864468,7.58898693576,7.35097043807,7.02283372242,6.7408579315,6.60137675577,6.89327725538,7.42658815429,7.84377358777
795,"TKM","Turkmenistan",1.47800976012,1.4355663924,1.3858548883,1.33251220746,1.26929713771,1.21574855896,1.14385114623,1.05627008466,0.9782574852,0.91035507994,0.85832029475,0.82615592885,0.80062982298,0.78005164916,0.76271134654,0.75523034111,0.76835106509,0.80692202976,0.8586736397,0.91499421333,0.97088049705,1.0405810968,1.12695746463,1.21404394013,1.28873403426,1.31667712804,1.29434641801,1.22367225187,1.1541599854,1.08906813475,1.05959479225,1.16927172351,1.30288679996,1.34948318506
796,"TCA","Turks and Caicos Islands",NA,NA,NA,NA,NA,NA,NA,NA,NA,NA,NA,NA,NA,NA,NA,NA,NA,NA,NA,NA,NA,NA,NA,NA,NA,NA,NA,NA,NA,NA,NA,NA,NA,NA
798,"TUV","Tuvalu",0.88134834835,0.91975932383,0.95735213787,0.99362405486,1.03011032562,1.06541791024,1.10120297131,1.13134635502,1.1626439473,1.20062788776,1.24898935876,1.36242342098,1.54757686368,1.74596086258,1.90785347465,1.97389208612,1.9706691472,1.96632771994,1.95569620822,1.9482952245,1.94642570903,1.96533189781,2.00199867463,2.06179115937,2.11960163488,2.1661923279,2.2108961842,2.26105528044,2.31146687347,2.35591934145,2.37596641698,2.40596121624,2.41809098891,2.40421193967
800,"UGA","Uganda",2.13791153028,2.04502146277,1.96990239718,1.89918447577,1.82113081822,1.75173793685,1.67011634742,1.58525421764,1.51007620482,1.45343176446,1.42848632904,1.44271239806,1.47055072454,1.51103344824,1.54605421088,1.56916244507,1.60745991648,1.66901789277,1.74958594314,1.8127112248,1.83104914347,1.82067426916,1.79837303936,1.76337541765,1.72945725583,1.69610143786,1.66995769834,1.64416182541,1.6191717711,1.59655896513,1.58706660997,1.61869465808,1.67828878761,1.74070074107
804,"UKR","Ukraine",9.74359530214,9.58774172427,9.39786575865,9.14621858117,8.85569998047,8.55511481789,8.18765770839,7.66447846007,7.13480426427,6.58265531569,6.11923048397,5.67758822089,5.16039318009,4.67498877184,4.28319988887,4.01181871191,3.84382600328,3.68913371791,3.56030479347,3.4527493463,3.38321023471,3.31333915871,3.23446101394,3.17344785705,3.09384856661,3.03120996975,2.94289811576,2.82565070079,2.6928430014,2.57034151111,2.42785840854,2.17401174755,2.00106674925,2.07631017438
784,"ARE","United Arab Emirates",12.29736557595,12.0107157744,11.71524695406,11.35646149857,10.99585471511,10.65845103495,10.17846313964,9.68524098255,9.14812061718,8.76819639897,8.62195710622,8.87998727474,9.50141923614,10.24770696867,10.91453085247,11.18385948285,11.57817593877,12.44005219363,13.59437029499,14.6324682768,15.27148602223,15.58341342617,15.78973386452,15.98571218909,16.16420186717,16.32792768439,16.40580645264,16.17681677181,15.82751587035,15.4553963089,15.2681520882,15.2192824938,15.12876774773,14.20465801563
826,"GBR","United Kingdom",33.94981848201,33.22644878928,32.71753087721,32.35057776172,32.14410503745,32.08143173263,32.36151519593,32.97831591488,33.76200846539,34.35995414787,34.58845267109,34.38451289279,33.90922405714,33.35406186414,32.81429778805,32.492523036,32.11229699929,31.36307589213,30.47315051756,29.55007993581,28.72787967069,27.99924698448,27.11163313517,26.04742076731,24.84681513246,23.4366019745,20.6948063947,16.57203549234,12.54147082301,9.6524229689,8.49766717072,8.95003103145,9.4319386458,8.90736728491
840,"USA","United States of America",34.1708530765097,33.6685203968575,33.230131000778,32.8541388271128,32.5747515633667,32.4334427799966,32.3922499192725,32.3712905702222,32.3429536521466,32.3067498489257,32.2475386675826,32.1572356906951,32.0605330911171,31.8553629391312,31.5878317287409,31.1721133850757,29.7999062561269,27.1955183668042,24.0808106767794,21.1576016308222,19.1493416619878,17.8685172654971,16.6511445172166,15.5404125333999,14.5638719077947,13.702884661893,12.8068159168234,11.8072488457484,10.8831740719031,10.200276986661,9.91801599205043,10.4455187405981,11.0475976546688,10.8604957393883
858,"URY","Uruguay",4.18998557034,4.25017834011,4.29765157527,4.33135084801,4.35077426205,4.36766973935,4.3753725041,4.36044464628,4.36373954701,4.36659073936,4.36881708222,4.54210524148,4.99320572011,5.63064746182,6.36875819332,7.08383296656,8.00233460215,9.20967205649,10.4489405145,11.37236464221,11.80343094173,11.47574468728,10.71761730517,9.7996362551,8.96274227266,8.43527241023,8.1797506032,7.96938422174,7.7892273675,7.64544165565,7.51063954672,7.25596953413,7.05007738676,7.35940025964
860,"UZB","Uzbekistan",2.30583889565,2.22068780128,2.10325719668,1.99002088706,1.86336641039,1.73630691594,1.58808240291,1.40506915713,1.22279986931,1.07091263599,0.98051023583,0.93284642465,0.88623161444,0.84953047884,0.82446754138,0.81685033549,0.82220334469,0.84934938303,0.8874153565,0.92547050753,0.96723683747,1.0084156423,1.05746454003,1.10840222482,1.14651703103,1.16841899191,1.16758377674,1.16592581053,1.17131007003,1.1737585888,1.17250103577,1.32985155681,1.53166855421,1.62039836781
548,"VUT","Vanuatu",1.58175640444,1.59157385435,1.59242915391,1.5966882692,1.59839487654,1.59379538871,1.58319989882,1.562469948,1.5376946723,1.5198385901,1.5091435027,3.2683135263,7.44076488091,12.41678618119,16.56883928772,18.30905228298,18.0262677484,17.43327926992,16.68516294871,16.0916150396,15.86107654135,16.08538675044,16.5865578307,17.17572159695,17.69442358702,17.96877481631,17.90014056319,17.83926036792,17.75122985489,17.7040153247,17.65346128769,17.67574562432,17.65627096069,17.53745240826
862,"VEN","Venezuela",6.32995911126,6.66359123947,6.97300824283,7.22019303729,7.38415528835,7.47627696484,7.43629833755,7.36470502707,7.25528080131,7.16382768,7.13221083315,7.20279228081,7.32786576726,7.48448929613,7.64054346509,7.77867756744,7.89145352789,8.03991729718,8.15896728831,8.22006802441,8.22396535475,8.07455401837,7.70842597807,7.25295422665,6.79665173863,6.44686973161,6.00905078433,5.41223815414,4.79316352055,4.29940952757,4.0928686219,4.07709188579,4.11128752917,4.2649495478
704,"VNM","Viet Nam",2.07364090444,2.16500123309,2.26308572919,2.3448889977,2.43805538079,2.52908696602,2.611041323,2.71571738124,2.82784230696,2.89900638347,2.9624992285,2.99536108255,3.01848533263,3.04330107996,3.06884881038,3.10641077165,3.15861331422,3.22162576761,3.3011974126,3.3976922472,3.51669218884,3.68063857368,3.89362316304,4.10934467769,4.26217890594,4.32570496034,4.31436726144,4.26507083081,4.20166924009,4.15175901875,4.12709302563,4.1230026087,4.11236072369,4.11486368707
876,"WLF","Wallis and Futuna Islands",NA,NA,NA,NA,NA,NA,NA,NA,NA,NA,NA,NA,NA,NA,NA,NA,NA,NA,NA,NA,NA,NA,NA,NA,NA,NA,NA,NA,NA,NA,NA,NA,NA,NA
732,"ESH","Western Sahara",NA,NA,NA,NA,NA,NA,NA,NA,NA,NA,NA,NA,NA,NA,NA,NA,NA,NA,NA,NA,NA,NA,NA,NA,NA,NA,NA,NA,NA,NA,NA,NA,NA,NA
887,"YEM","Yemen",4.10176227419,4.0208881968,3.92104770838,3.8282498086,3.70432881609,3.61374059988,3.48356964718,3.3510076573,3.21510664341,3.10364502619,3.03337071783,3.00334170562,2.97952459415,2.95686225093,2.95008471276,2.94024669455,3.02126804538,3.18624169699,3.39498079545,3.58188011985,3.6365688489,3.53804059551,3.28782076496,3.00693685957,2.7570219247,2.65569845147,2.67419340881,2.72876047808,2.77925097788,2.81292733177,2.83552439248,2.67978287437,2.51365839019,2.64803868113
894,"ZMB","Zambia",0.81748465682,0.7880413833,0.75770746205,0.73715298738,0.71768046803,0.7028022515,0.68479476614,0.66797390643,0.65213024521,0.63956920855,0.63443881478,0.63396694093,0.63528757702,0.63555102747,0.63886081726,0.640534408,0.65290380894,0.67560169494,0.70561006019,0.74260526284,0.78059121775,0.84059076296,0.94247558619,1.04960991349,1.1391286086,1.18240787654,1.1801099853,1.18213080344,1.17933126131,1.18296130084,1.17398029877,1.20281199694,1.24229540912,1.27148711043
716,"ZWE","Zimbabwe",0.3009140606,0.2921761657,0.28461034288,0.27871779835,0.27393000939,0.27108189646,0.26811972529,0.26389143186,0.25957923082,0.25707309583,0.2549638906,0.25842863596,0.26670408914,0.27828226687,0.29117444236,0.30366885228,0.31309409124,0.32253795553,0.32895270432,0.33951924878,0.3499645895,0.36219703826,0.37708485264,0.38691725628,0.40315267828,0.41114323348,0.4169619246,0.42198700101,0.42356558167,0.43324558192,0.44496153787,0.54198387502,0.64061677772,0.65161638713
