"code","iso","country","NRY.raw.1961","NRY.raw.1962","NRY.raw.1963","NRY.raw.1964","NRY.raw.1965","NRY.raw.1966","NRY.raw.1967","NRY.raw.1968","NRY.raw.1969","NRY.raw.1970","NRY.raw.1971","NRY.raw.1972","NRY.raw.1973","NRY.raw.1974","NRY.raw.1975","NRY.raw.1976","NRY.raw.1977","NRY.raw.1978","NRY.raw.1979","NRY.raw.1980","NRY.raw.1981","NRY.raw.1982","NRY.raw.1983","NRY.raw.1984","NRY.raw.1985","NRY.raw.1986","NRY.raw.1987","NRY.raw.1988","NRY.raw.1989","NRY.raw.1990","NRY.raw.1991","NRY.raw.1992","NRY.raw.1993","NRY.raw.1994","NRY.raw.1995","NRY.raw.1996","NRY.raw.1997","NRY.raw.1998","NRY.raw.1999","NRY.raw.2000","NRY.raw.2001","NRY.raw.2002","NRY.raw.2003","NRY.raw.2004","NRY.raw.2005","NRY.raw.2006","NRY.raw.2007","NRY.raw.2008","NRY.raw.2009","NRY.raw.2010","NRY.raw.2011","NRY.raw.2012","NRY.raw.2013","NRY.raw.2014","NRY.raw.2015","NRY.raw.2016","NRY.raw.2017","NRY.raw.2018","NRY.raw.2019","NRY.raw.2020","NRY.raw.2021","NRY.raw.2022","NRY.raw.2023"
4,"AFG","Afghanistan",0.108314444444444,0.110212222222222,0.102961111111111,0.109517777777778,0.111316666666667,0.101955555555556,0.111405555555556,0.114545555555556,0.119086666666667,0.104334444444444,0.0970711111111111,0.114051111111111,0.127275555555556,0.13273,0.137663333333333,0.142742222222222,0.126577777777778,0.133283333333333,0.126613333333333,0.119724444444444,0.115075555555556,0.109655555555556,0.106474444444444,0.103468888888889,0.0977511111111111,0.0932177777777778,0.100641111111111,0.0895022222222222,0.08435,0.0804288888888889,0.0875811111111111,0.0822233333333333,0.0960233333333333,0.101776666666667,0.104784444444444,0.108068888888889,0.119973333333333,0.123714444444444,0.110396666666667,0.07238,0.0772211111111111,0.120744444444444,0.137962222222222,0.109922222222222,0.167517777777778,0.142301111111111,0.176738888888889,0.123353333333333,0.199435555555556,0.182307777777778,0.145086666666667,0.200397777777778,0.204425555555556,0.212983333333333,0.188857777777778,0.187608888888889,0.165435555555556,0.145025555555556,0.189236666666667,0.201415555555556,0.170181111111111,0.164935555555556,0.179005555555556
8,"ALB","Albania",0.180281111111111,0.201126666666667,0.19275,0.224377777777778,0.203455555555556,0.23605,0.24495,0.240624444444444,0.248751111111111,0.251724444444444,0.252488888888889,0.262792222222222,0.28248,0.284743333333333,0.282524444444444,0.342535555555556,0.356342222222222,0.361445555555556,0.378162222222222,0.353558888888889,0.364436666666667,0.383434444444444,0.41964,0.409475555555556,0.400265555555556,0.410954444444444,0.400817777777778,0.375503333333333,0.409916666666667,0.339701111111111,0.176153333333333,0.179481111111111,0.25579,0.237305555555556,0.238287777777778,0.196955555555556,0.229756666666667,0.237024444444444,0.199437777777778,0.221935555555556,0.20049,0.205371111111111,0.1916,0.20132,0.217118888888889,0.202168888888889,0.199292222222222,0.243571111111111,0.253074444444444,0.267155555555556,0.274984444444444,0.281935555555556,0.281327777777778,0.283102222222222,0.28268,0.283307777777778,0.285952222222222,0.280918888888889,0.279811111111111,0.294323333333333,0.29292,0.3029,0.302865555555556
12,"DZA","Algeria",0.04795,0.0935644444444444,0.0944055555555555,0.0678044444444444,0.0770666666666667,0.0398433333333333,0.0678233333333333,0.0882022222222222,0.0778677777777778,0.0842133333333333,0.0740066666666667,0.0885622222222222,0.0647722222222222,0.0631755555555556,0.0972044444444444,0.0829,0.0484177777777778,0.0595344444444444,0.0648166666666667,0.0879055555555556,0.0733,0.06017,0.0568955555555556,0.0619544444444444,0.108366666666667,0.0945922222222222,0.0845966666666667,0.0525766666666667,0.08235,0.0677633333333333,0.131006666666667,0.116636666666667,0.06579,0.04997,0.0850444444444445,0.162733333333333,0.0492222222222222,0.108614444444444,0.0845522222222222,0.0516644444444444,0.100976666666667,0.0841177777777778,0.150982222222222,0.148928888888889,0.136584444444444,0.150536666666667,0.132537777777778,0.08464,0.189243333333333,0.16749,0.176711111111111,0.202438888888889,0.206682222222222,0.16867,0.179215555555556,0.17412,0.175613333333333,0.247856666666667,0.241821111111111,0.212638888888889,0.164925555555556,0.202133333333333,0.19472
20,"AND","Andorra",NA,NA,NA,NA,NA,NA,NA,NA,NA,NA,NA,NA,NA,NA,NA,NA,NA,NA,NA,NA,NA,NA,NA,NA,NA,NA,NA,NA,NA,NA,NA,NA,NA,NA,NA,NA,NA,NA,NA,NA,NA,NA,NA,NA,NA,NA,NA,NA,NA,NA,NA,NA,NA,NA,NA,NA,NA,NA,NA,NA,NA,NA,NA
24,"AGO","Angola",0.0836077777777778,0.0886288888888889,0.0847933333333333,0.0891277777777778,0.0908022222222222,0.0916977777777778,0.0945544444444444,0.0948155555555556,0.102757777777778,0.106152222222222,0.106518888888889,0.0979722222222222,0.106406666666667,0.104257777777778,0.0874733333333333,0.0842655555555556,0.0751422222222222,0.072,0.06401,0.0613722222222222,0.0546033333333333,0.05465,0.0556255555555556,0.0554677777777778,0.0555088888888889,0.0602622222222222,0.0616055555555556,0.0596111111111111,0.0569555555555556,0.05537,0.0622177777777778,0.0646277777777778,0.0619055555555556,0.0822444444444444,0.0762122222222222,0.0804611111111111,0.0764444444444444,0.0958566666666667,0.0880611111111111,0.101742222222222,0.121103333333333,0.135685555555556,0.135793333333333,0.148415555555556,0.165572222222222,0.158836666666667,0.173962222222222,0.181652222222222,0.204374444444444,0.207401111111111,0.208755555555556,0.130854444444444,0.224204444444444,0.195784444444444,0.200666666666667,0.203697777777778,0.200147777777778,0.211686666666667,0.214981111111111,0.226877777777778,0.227782222222222,0.236474444444444,0.248736666666667
660,"AIA","Anguilla",NA,NA,NA,NA,NA,NA,NA,NA,NA,NA,NA,NA,NA,NA,NA,NA,NA,NA,NA,NA,NA,NA,NA,NA,NA,NA,NA,NA,NA,NA,NA,NA,NA,NA,NA,NA,NA,NA,NA,NA,NA,NA,NA,NA,NA,NA,NA,NA,NA,NA,NA,NA,NA,NA,NA,NA,NA,NA,NA,NA,NA,NA,NA
28,"ATG","Antigua and Barbuda",0.993356666666667,1,1,1,0.968315555555555,0.609882222222222,0.403452222222222,0.136905555555556,0.329458888888889,0.342074444444444,0.840688888888889,0.0769255555555556,0.0807177777777778,0.0622311111111111,0.07479,0.0716666666666667,0.0690511111111111,0.0726144444444445,0.0700433333333333,0.0802777777777778,0.0821888888888889,0.0957633333333333,0.0589466666666667,0.0703266666666667,0.102483333333333,0.0953177777777778,0.0992811111111111,0.10217,0.08426,0.08821,0.0906377777777778,0.0917188888888889,0.0907266666666667,0.0904611111111111,0.0849422222222222,0.0872266666666667,0.0887,0.0880311111111111,0.0898977777777778,0.0898044444444444,0.08995,0.0942111111111111,0.0961266666666667,0.0991244444444444,0.0808588888888889,0.0850233333333333,0.0896866666666667,0.09264,0.09386,0.0948411111111111,0.09558,0.0931211111111111,0.0956666666666667,0.09595,0.0961244444444444,0.0933922222222222,0.0858666666666667,0.0821577777777778,0.0804288888888889,0.0781844444444444,0.07861,0.0796077777777778,0.0817366666666667
32,"ARG","Argentina",0.22304,0.214431111111111,0.255715555555556,0.279728888888889,0.213127777777778,0.219727777777778,0.225235555555556,0.184124444444444,0.20199,0.210104444444444,0.221044444444444,0.209424444444444,0.246944444444444,0.248802222222222,0.253586666666667,0.282625555555556,0.271254444444444,0.340861111111111,0.349022222222222,0.304232222222222,0.357757777777778,0.426777777777778,0.401901111111111,0.47548,0.430693333333333,0.434612222222222,0.392907777777778,0.476365555555556,0.373112222222222,0.490036666666667,0.519364444444445,0.525784444444444,0.498441111111111,0.519438888888889,0.57601,0.568013333333333,0.612925555555556,0.800764444444444,0.774781111111111,0.801678888888889,0.913984444444444,0.966991111111111,0.981238888888889,0.871571111111111,0.98964,0.937295555555556,1,1,0.756762222222222,1,1,0.901672222222222,1,1,1,1,1,0.942275555555556,1,1,1,1,0.715097777777778
51,"ARM","Armenia",NA,NA,NA,NA,NA,NA,NA,NA,NA,NA,NA,NA,NA,NA,NA,NA,NA,NA,NA,NA,NA,NA,NA,NA,NA,NA,NA,NA,NA,NA,NA,0.203907777777778,0.203416666666667,0.177105555555556,0.184907777777778,0.213077777777778,0.17608,0.216922222222222,0.206861111111111,0.169064444444444,0.233556666666667,0.256904444444444,0.225555555555556,0.292483333333333,0.286703333333333,0.212376666666667,0.323483333333333,0.313382222222222,0.29929,0.251685555555556,0.318963333333333,0.344534444444444,0.388304444444444,0.409562222222222,0.430652222222222,0.405947777777778,0.279603333333333,0.25946,0.196391111111111,0.219645555555556,0.177613333333333,0.216138888888889,0.238854444444444
533,"ABW","Aruba",NA,NA,NA,NA,NA,NA,NA,NA,NA,NA,NA,NA,NA,NA,NA,NA,NA,NA,NA,NA,NA,NA,NA,NA,NA,NA,NA,NA,NA,NA,NA,NA,NA,NA,NA,NA,NA,NA,NA,NA,NA,NA,NA,NA,NA,NA,NA,NA,NA,NA,NA,NA,NA,NA,NA,NA,NA,NA,NA,NA,NA,NA,NA
36,"AUS","Australia",0.177118888888889,0.201807777777778,0.211714444444444,0.225417777777778,0.166022222222222,0.244407777777778,0.15821,0.242671111111111,0.204675555555556,0.203492222222222,0.249152222222222,0.197327777777778,0.318985555555556,0.316711111111111,0.374051111111111,0.344004444444444,0.291958888888889,0.409643333333333,0.368556666666667,0.280116666666667,0.367676666666667,0.236591111111111,0.439294444444444,0.371248888888889,0.359082222222222,0.368943333333333,0.339183333333333,0.402695555555556,0.418037777777778,0.433832222222222,0.444803333333333,0.436523333333333,0.488461111111111,0.491205555555556,0.401001111111111,0.503814444444444,0.568451111111111,0.515056666666667,0.531335555555556,0.529431111111111,0.487902222222222,0.508806666666667,0.316547777777778,0.494864444444444,0.45098,0.507066666666667,0.293242222222222,0.353321111111111,0.401075555555556,0.431563333333333,0.416911111111111,0.463048888888889,0.414001111111111,0.420154444444444,0.401106666666667,0.411325555555556,0.565174444444444,0.422163333333333,0.33704,0.295733333333333,0.536093333333333,0.623021111111111,0.695506666666667
40,"AUT","Austria",0.398785555555556,0.398351111111111,0.413132222222222,0.431788888888889,0.352785555555556,0.467985555555556,0.505656666666667,0.522528888888889,0.535172222222222,0.489563333333333,0.535663333333333,0.506138888888889,0.578823333333333,0.612497777777778,0.574355555555556,0.63904,0.609218888888889,0.651866666666667,0.57215,0.690798888888889,0.622696666666667,0.728495555555556,0.757266666666667,0.803455555555556,0.810425555555556,0.746511111111111,0.762883333333333,0.829582222222222,0.793584444444444,0.858287777777778,0.83179,0.781505555555556,0.766354444444444,0.811427777777778,0.778204444444444,0.740678888888889,0.836716666666667,0.834668888888889,0.848106666666667,0.74859,0.823564444444444,0.801782222222222,0.7205,0.906102222222222,0.834007777777778,0.784537777777778,0.803336666666667,0.950685555555556,0.877886666666667,0.84178,0.9791,0.821224444444445,0.828654444444444,0.999955555555555,0.860725555555556,0.997008888888889,0.878126666666667,0.852711111111111,0.941306666666667,0.972153333333333,0.951218888888889,0.953345555555556,0.962022222222222
31,"AZE","Azerbaijan",NA,NA,NA,NA,NA,NA,NA,NA,NA,NA,NA,NA,NA,NA,NA,NA,NA,NA,NA,NA,NA,NA,NA,NA,NA,NA,NA,NA,NA,NA,NA,0.293304444444444,0.247781111111111,0.227301111111111,0.206587777777778,0.219893333333333,0.178727777777778,0.161037777777778,0.170968888888889,0.222917777777778,0.273824444444444,0.295177777777778,0.289687777777778,0.310252222222222,0.334458888888889,0.310331111111111,0.290748888888889,0.326032222222222,0.365708888888889,0.264086666666667,0.320273333333333,0.349304444444444,0.354356666666667,0.291643333333333,0.347986666666667,0.363062222222222,0.373976666666667,0.416212222222222,0.455677777777778,0.437142222222222,0.434005555555556,0.427153333333333,0.422601111111111
44,"BHS","Bahamas",0.136873333333333,0.141564444444444,0.146711111111111,0.150721111111111,0.155168888888889,0.206137777777778,0.254827777777778,0.23331,0.209601111111111,0.296787777777778,0.187007777777778,0.353376666666667,0.343801111111111,0.360247777777778,0.399427777777778,0.484916666666667,0.43502,0.374773333333333,0.38513,0.374385555555556,0.458824444444444,0.46122,0.365222222222222,0.445128888888889,0.377916666666667,0.345554444444444,0.354225555555556,0.406224444444444,0.464855555555556,0.485611111111111,0.40916,0.354188888888889,0.416917777777778,0.488015555555556,0.399944444444444,0.448676666666667,0.402575555555556,0.456223333333333,0.480851111111111,0.47891,0.539712222222222,0.456076666666667,0.449058888888889,0.464788888888889,0.464461111111111,0.505826666666667,0.522295555555556,0.524943333333333,0.51366,0.59419,0.546297777777778,0.545233333333333,0.546645555555555,0.5724,0.581122222222222,0.580986666666667,0.58434,0.586422222222222,0.590177777777778,0.593154444444444,0.592486666666667,0.59397,0.596184444444444
48,"BHR","Bahrain",0.124743333333333,0.127575555555556,0.128977777777778,0.128977777777778,0.129411111111111,0.117297777777778,0.118526666666667,0.119154444444444,0.120016666666667,0.121121111111111,0.123902222222222,0.125911111111111,0.125923333333333,0.138468888888889,0.195881111111111,0.260373333333333,0.321687777777778,0.318712222222222,0.305986666666667,0.310281111111111,0.145395555555556,0.117978888888889,0.119295555555556,0.121517777777778,0.136737777777778,0.145911111111111,0.161948888888889,0.16444,0.163688888888889,0.103506666666667,0.113384444444444,0.125528888888889,0.134025555555556,0.157751111111111,0.1817,0.188043333333333,0.1848,0.266077777777778,0.255316666666667,0.20522,0.194052222222222,0.187175555555556,0.185814444444444,0.190934444444444,0.170243333333333,0.296161111111111,0.246717777777778,0.235884444444444,0.246362222222222,0.248748888888889,0.24468,0.267146666666667,0.273315555555556,0.274606666666667,0.27981,0.29943,0.265328888888889,0.273501111111111,0.284046666666667,0.292222222222222,0.264406666666667,0.276447777777778,0.287464444444444
50,"BGD","Bangladesh",0.286265555555556,0.271297777777778,0.313437777777778,0.312257777777778,0.314244444444444,0.301362222222222,0.343952222222222,0.348285555555556,0.365978888888889,0.344986666666667,0.31699,0.301306666666667,0.339683333333333,0.331531111111111,0.369462222222222,0.349584444444444,0.3818,0.389047777777778,0.387298888888889,0.418936666666667,0.420175555555556,0.433584444444444,0.447537777777778,0.447444444444444,0.465487777777778,0.459718888888889,0.455767777777778,0.446627777777778,0.489053333333333,0.492987777777778,0.511238888888889,0.559746666666667,0.565302222222222,0.537883333333333,0.56165,0.595298888888889,0.597567777777778,0.62305,0.69715,0.747758888888889,0.723234444444444,0.74552,0.759951111111111,0.72494,0.813271111111111,0.813522222222222,0.861584444444444,0.932364444444444,0.945176666666667,0.989722222222222,1,1,1,1,1,1,1,1,1,1,1,1,1
52,"BRB","Barbados",1,1,1,1,1,1,1,1,1,1,1,1,1,1,1,1,1,1,1,1,1,1,1,1,1,1,1,1,1,1,1,1,1,1,0.960233333333333,1,1,1,1,1,1,1,1,1,1,1,1,1,1,0.925686666666667,1,1,0.820526666666667,0.803648888888889,0.69162,0.616375555555556,0.855432222222222,0.960798888888889,0.641431111111111,0.676308888888889,0.674764444444444,0.715365555555556,0.592705555555556
112,"BLR","Belarus",NA,NA,NA,NA,NA,NA,NA,NA,NA,NA,NA,NA,NA,NA,NA,NA,NA,NA,NA,NA,NA,NA,NA,NA,NA,NA,NA,NA,NA,NA,NA,0.326568888888889,0.351368888888889,0.270401111111111,0.262673333333333,0.282066666666667,0.293648888888889,0.2387,0.191941111111111,0.248726666666667,0.270936666666667,0.30481,0.295928888888889,0.379966666666667,0.342621111111111,0.324948888888889,0.376568888888889,0.471175555555556,0.448348888888889,0.372251111111111,0.408948888888889,0.474457777777778,0.396147777777778,0.480035555555556,0.417093333333333,0.360327777777778,0.405721111111111,0.315572222222222,0.368437777777778,0.430923333333333,0.375132222222222,0.419092222222222,0.40322
56,"BEL","Belgium",NA,NA,NA,NA,NA,NA,NA,NA,NA,NA,NA,NA,NA,NA,NA,NA,NA,NA,NA,NA,NA,NA,NA,NA,NA,NA,NA,NA,NA,NA,NA,NA,NA,NA,NA,NA,NA,NA,NA,1,0.952128888888889,1,1,1,1,1,1,1,1,1,1,1,1,1,1,0.90428,1,0.967793333333333,1,1,0.972525555555556,1,1
84,"BLZ","Belize",0.307928888888889,0.261313333333333,0.261295555555556,0.353435555555556,0.385675555555556,0.464403333333333,0.606781111111111,0.69752,0.588734444444444,0.745424444444444,0.700076666666667,0.72409,0.764286666666667,0.852305555555556,0.78102,0.653133333333333,0.915947777777778,1,0.933144444444444,0.953648888888889,0.915692222222222,1,1,0.925186666666667,0.885131111111111,0.783645555555555,0.666261111111111,0.620296666666667,0.680591111111111,0.72316,0.724733333333333,0.699844444444444,0.640206666666667,0.688554444444444,0.634507777777778,0.6765,0.723447777777778,0.688505555555556,0.70333,0.742265555555556,0.721265555555555,0.767812222222222,0.779225555555556,0.9172,0.86243,0.972284444444445,0.992674444444444,0.853762222222222,0.827824444444444,0.923256666666667,0.777548888888889,0.821757777777778,0.877287777777778,0.943777777777778,0.75104,0.776768888888889,0.870792222222222,0.850896666666667,0.819367777777778,0.760945555555556,0.898601111111111,0.926015555555555,0.819755555555556
204,"BEN","Benin",0.135572222222222,0.127872222222222,0.121677777777778,0.120092222222222,0.123353333333333,0.114647777777778,0.129713333333333,0.130863333333333,0.120825555555556,0.126177777777778,0.1234,0.122968888888889,0.129616666666667,0.112004444444444,0.0998466666666667,0.109007777777778,0.110658888888889,0.12531,0.12627,0.109323333333333,0.10448,0.105948888888889,0.10856,0.155194444444444,0.154265555555556,0.171402222222222,0.132514444444444,0.17299,0.175104444444444,0.189308888888889,0.212444444444444,0.204154444444444,0.246928888888889,0.241283333333333,0.261127777777778,0.270955555555556,0.257388888888889,0.241733333333333,0.248085555555556,0.242166666666667,0.244468888888889,0.25877,0.243276666666667,0.265536666666667,0.21277,0.214497777777778,0.231682222222222,0.233141111111111,0.230833333333333,0.244263333333333,0.271927777777778,0.262722222222222,0.278121111111111,0.297662222222222,0.266108888888889,0.331742222222222,0.347368888888889,0.36192,0.356258888888889,0.374242222222222,0.375926666666667,0.334455555555556,0.395307777777778
60,"BMU","Bermuda",NA,NA,NA,NA,NA,NA,NA,NA,NA,NA,NA,NA,NA,NA,NA,NA,NA,NA,NA,NA,NA,NA,NA,NA,NA,NA,NA,NA,NA,NA,NA,NA,NA,NA,NA,NA,NA,NA,NA,NA,NA,NA,NA,NA,NA,NA,NA,NA,NA,NA,NA,NA,NA,NA,NA,NA,NA,NA,NA,NA,NA,NA,NA
64,"BTN","Bhutan",0.159632222222222,0.164637777777778,0.169548888888889,0.174057777777778,0.177011111111111,0.18166,0.186753333333333,0.191034444444444,0.195534444444444,0.184185555555556,0.188685555555556,0.191677777777778,0.196081111111111,0.193387777777778,0.197636666666667,0.192505555555556,0.197192222222222,0.201988888888889,0.200505555555556,0.203006666666667,0.211011111111111,0.211343333333333,0.208825555555556,0.226841111111111,0.208901111111111,0.206005555555556,0.192288888888889,0.144005555555556,0.152225555555556,0.179414444444444,0.158784444444444,0.162666666666667,0.176184444444444,0.184278888888889,0.192758888888889,0.197021111111111,0.199578888888889,0.196113333333333,0.182707777777778,0.129973333333333,0.139915555555556,0.12122,0.135948888888889,0.177903333333333,0.24182,0.26184,0.290163333333333,0.327472222222222,0.277037777777778,0.278064444444444,0.360941111111111,0.316442222222222,0.318064444444444,0.319292222222222,0.320848888888889,0.360871111111111,0.396971111111111,0.281507777777778,0.262031111111111,0.266532222222222,0.198072222222222,0.165902222222222,0.160681111111111
68,"BOL","Bolivia",0.100478888888889,0.101658888888889,0.116386666666667,0.116822222222222,0.117357777777778,0.115837777777778,0.116513333333333,0.129407777777778,0.13136,0.131664444444444,0.13103,0.147638888888889,0.18345,0.17602,0.182495555555556,0.188973333333333,0.180713333333333,0.184693333333333,0.179458888888889,0.175394444444444,0.187915555555556,0.188228888888889,0.134875555555556,0.183407777777778,0.207178888888889,0.212564444444444,0.196605555555556,0.197998888888889,0.224602222222222,0.248801111111111,0.294838888888889,0.270322222222222,0.321427777777778,0.357666666666667,0.381262222222222,0.37376,0.368317777777778,0.388703333333333,0.351345555555556,0.380598888888889,0.381914444444445,0.393297777777778,0.429105555555556,0.420662222222222,0.422348888888889,0.416641111111111,0.403282222222222,0.364941111111111,0.466372222222222,0.402488888888889,0.409152222222222,0.512898888888889,0.531655555555556,0.511983333333333,0.558672222222222,0.579351111111111,0.523808888888889,0.572465555555556,0.537465555555556,0.523787777777778,0.588147777777778,0.555698888888889,0.595885555555556
70,"BIH","Bosnia and Herzegovina",NA,NA,NA,NA,NA,NA,NA,NA,NA,NA,NA,NA,NA,NA,NA,NA,NA,NA,NA,NA,NA,NA,NA,NA,NA,NA,NA,NA,NA,NA,NA,0.262303333333333,0.243955555555556,0.21896,0.190533333333333,0.197433333333333,0.274856666666667,0.285411111111111,0.28449,0.209538888888889,0.233691111111111,0.266885555555556,0.181292222222222,0.286231111111111,0.270525555555556,0.269291111111111,0.224837777777778,0.277357777777778,0.28191,0.226592222222222,0.236461111111111,0.204047777777778,0.256252222222222,0.219981111111111,0.235698888888889,0.318197777777778,0.23703,0.333965555555556,0.32076,0.373121111111111,0.293756666666667,0.772273333333333,0.655142222222222
72,"BWA","Botswana",0.04974,0.0250933333333333,0.0271822222222222,0.0310455555555556,0.0295966666666667,0.03494,0.0484577777777778,0.03473,0.04527,0.0260455555555556,0.0662444444444444,0.0537255555555556,0.0370711111111111,0.0679155555555556,0.0530633333333333,0.07425,0.0582866666666667,0.0441511111111111,0.0329433333333333,0.0468333333333333,0.0499077777777778,0.0349,0.0322555555555556,0.0285422222222222,0.0339933333333333,0.0344644444444444,0.0342788888888889,0.0668377777777778,0.0563011111111111,0.0377355555555556,0.0513155555555556,0.0428466666666667,0.0418155555555556,0.0416466666666667,0.0504222222222222,0.0646866666666667,0.0513244444444444,0.0484688888888889,0.0518944444444444,0.0378711111111111,0.0668522222222222,0.0612311111111111,0.0805344444444445,0.0618766666666667,0.0730788888888889,0.0795933333333333,0.0774488888888889,0.0604233333333333,0.0564288888888889,0.07402,0.0779611111111111,0.0573922222222222,0.0458733333333333,0.0452044444444444,0.0704866666666667,0.0711322222222222,0.05417,0.0977833333333333,0.07065,0.158772222222222,0.117664444444444,0.141147777777778,0.0998877777777778
76,"BRA","Brazil",0.264636666666667,0.279592222222222,0.27679,0.273313333333333,0.316478888888889,0.300517777777778,0.320666666666667,0.317517777777778,0.322306666666667,0.339183333333333,0.35232,0.358697777777778,0.37777,0.423427777777778,0.430466666666667,0.431561111111111,0.447251111111111,0.372475555555556,0.377593333333333,0.429111111111111,0.430091111111111,0.427574444444444,0.436114444444444,0.468688888888889,0.528054444444444,0.479985555555556,0.555952222222222,0.585168888888889,0.647276666666667,0.59117,0.570225555555556,0.65862,0.680337777777778,0.783605555555556,0.829313333333333,0.762972222222222,0.815782222222222,0.857648888888889,0.86257,0.86955,0.954631111111111,0.993241111111111,1,1,1,1,1,1,1,1,1,1,1,1,1,1,1,1,1,1,1,1,1
92,"VGB","British Virgin Islands",NA,NA,NA,NA,NA,NA,NA,NA,NA,NA,NA,NA,NA,NA,NA,NA,NA,NA,NA,NA,NA,NA,NA,NA,NA,NA,NA,NA,NA,NA,NA,NA,NA,NA,NA,NA,NA,NA,NA,NA,NA,NA,NA,NA,NA,NA,NA,NA,NA,NA,NA,NA,NA,NA,NA,NA,NA,NA,NA,NA,NA,NA,NA
96,"BRN","Brunei Darussalam",0.0816377777777778,0.0848888888888889,0.0715033333333333,0.0553277777777778,0.0509833333333333,0.0595411111111111,0.0769744444444444,0.07372,0.0849944444444444,0.0830677777777778,0.0933222222222222,0.0967255555555556,0.126437777777778,0.16811,0.16713,0.147138888888889,0.137148888888889,0.128491111111111,0.139094444444444,0.114635555555556,0.112857777777778,0.138431111111111,0.151424444444444,0.143504444444444,0.07745,0.0877111111111111,0.0799033333333333,0.0948966666666667,0.0877266666666667,0.0858488888888889,0.0935377777777778,0.0865477777777778,0.0968133333333333,0.100971111111111,0.108102222222222,0.115525555555556,0.11379,0.109835555555556,0.115161111111111,0.139047777777778,0.125075555555556,0.132353333333333,0.133924444444444,0.135104444444444,0.129647777777778,0.111634444444444,0.11612,0.116165555555556,0.106605555555556,0.116757777777778,0.126923333333333,0.127691111111111,0.127926666666667,0.132514444444444,0.139917777777778,0.139498888888889,0.137285555555556,0.132417777777778,0.130461111111111,0.146833333333333,0.148048888888889,0.141854444444444,0.144771111111111
100,"BGR","Bulgaria",0.259276666666667,0.271491111111111,0.273877777777778,0.314018888888889,0.323511111111111,0.407703333333333,0.391398888888889,0.319166666666667,0.356342222222222,0.383836666666667,0.397033333333333,0.447695555555556,0.414223333333333,0.38558,0.443294444444444,0.481667777777778,0.44193,0.448833333333333,0.486283333333333,0.460111111111111,0.512603333333333,0.58908,0.461461111111111,0.544336666666667,0.349951111111111,0.501863333333333,0.446953333333333,0.473966666666667,0.557921111111111,0.489945555555556,0.504433333333333,0.386232222222222,0.331713333333333,0.383775555555556,0.400623333333333,0.216961111111111,0.33752,0.360547777777778,0.343996666666667,0.304042222222222,0.410634444444444,0.475231111111111,0.30979,0.542142222222222,0.45384,0.461876666666667,0.320213333333333,0.60467,0.545758888888889,0.631582222222222,0.631194444444444,0.563736666666667,0.708682222222222,0.738541111111111,0.662141111111111,0.710203333333333,0.773351111111111,0.76594,0.805627777777778,0.635342222222222,0.844543333333333,0.761762222222222,0.75559
854,"BFA","Burkina Faso",0.0686477777777778,0.0813511111111111,0.0833622222222222,0.09412,0.0886688888888889,0.0939788888888889,0.0946111111111111,0.105911111111111,0.102733333333333,0.102333333333333,0.0880277777777778,0.0874988888888889,0.0829144444444444,0.106732222222222,0.124355555555556,0.107891111111111,0.110038888888889,0.12112,0.127216666666667,0.112797777777778,0.131781111111111,0.130918888888889,0.125657777777778,0.120982222222222,0.163611111111111,0.188713333333333,0.159153333333333,0.186651111111111,0.167566666666667,0.142622222222222,0.197176666666667,0.183642222222222,0.180546666666667,0.167764444444444,0.159156666666667,0.176724444444444,0.160716666666667,0.198857777777778,0.189274444444444,0.141662222222222,0.217355555555556,0.215203333333333,0.240527777777778,0.202038888888889,0.250624444444444,0.249164444444444,0.178433333333333,0.270637777777778,0.212746666666667,0.24993,0.198138888888889,0.24964,0.264472222222222,0.265342222222222,0.243341111111111,0.252307777777778,0.232007777777778,0.23469,0.254154444444444,0.267245555555556,0.22549,0.255582222222222,0.25924
108,"BDI","Burundi",0.231477777777778,0.221418888888889,0.212812222222222,0.232207777777778,0.22458,0.225917777777778,0.230253333333333,0.233382222222222,0.187596666666667,0.205935555555556,0.212974444444444,0.194591111111111,0.20765,0.177154444444444,0.209246666666667,0.212585555555556,0.213031111111111,0.205647777777778,0.206472222222222,0.21118,0.225754444444444,0.216281111111111,0.21668,0.200125555555556,0.238465555555556,0.245386666666667,0.251178888888889,0.254255555555556,0.217784444444444,0.258807777777778,0.270531111111111,0.275074444444444,0.267655555555556,0.208942222222222,0.247634444444444,0.237091111111111,0.235855555555556,0.227286666666667,0.216175555555556,0.205236666666667,0.237232222222222,0.256311111111111,0.226266666666667,0.251303333333333,0.224605555555556,0.243388888888889,0.225077777777778,0.232222222222222,0.230568888888889,0.245114444444444,0.236066666666667,0.2175,0.264798888888889,0.24661,0.25851,0.298865555555556,0.27632,0.300631111111111,0.375762222222222,0.420822222222222,0.522572222222222,0.503947777777778,0.46178
132,"CPV","Cabo Verde",0.1445,0.158795555555556,0.16358,0.170444444444444,0.188523333333333,0.201415555555556,0.19849,0.12458,0.113356666666667,0.0770311111111111,0.0714311111111111,0.06597,0.0671366666666667,0.0754977777777778,0.0815633333333333,0.0940744444444444,0.0807711111111111,0.0897,0.117916666666667,0.172503333333333,0.0919455555555556,0.101664444444444,0.0916422222222222,0.117741111111111,0.0905155555555556,0.157723333333333,0.255601111111111,0.215463333333333,0.196252222222222,0.169153333333333,0.133688888888889,0.123412222222222,0.119018888888889,0.0996444444444444,0.0952877777777778,0.102931111111111,0.0843177777777778,0.0891788888888889,0.187784444444444,0.204603333333333,0.183307777777778,0.138951111111111,0.157784444444444,0.148361111111111,0.131853333333333,0.139018888888889,0.134414444444444,0.133998888888889,0.123788888888889,0.122592222222222,0.129545555555556,0.138978888888889,0.140668888888889,0.125282222222222,0.154646666666667,0.13676,0.120212222222222,0.0901411111111111,0.0950611111111111,0.0991622222222222,0.101816666666667,0.10242,0.0966588888888889
116,"KHM","Cambodia",0.151602222222222,0.129816666666667,0.159264444444444,0.166224444444444,0.149916666666667,0.145263333333333,0.153531111111111,0.1942,0.163921111111111,0.226727777777778,0.257756666666667,0.190571111111111,0.123392222222222,0.0895122222222222,0.12044,0.120801111111111,0.114307777777778,0.105187777777778,0.0687811111111111,0.144521111111111,0.133236666666667,0.16185,0.170497777777778,0.115922222222222,0.139044444444444,0.137502222222222,0.108753333333333,0.123565555555556,0.122101111111111,0.117313333333333,0.115792222222222,0.11118,0.11477,0.109024444444444,0.15249,0.152267777777778,0.157062222222222,0.153943333333333,0.17827,0.17843,0.181163333333333,0.173838888888889,0.219961111111111,0.209595555555556,0.290164444444444,0.301722222222222,0.328028888888889,0.35577,0.388231111111111,0.413331111111111,0.446392222222222,0.464775555555556,0.465715555555556,0.475382222222222,0.466637777777778,0.48906,0.520576666666667,0.528028888888889,0.498108888888889,0.494404444444444,0.519837777777778,0.51433,0.56258
120,"CMR","Cameroon",0.0610855555555556,0.0645333333333333,0.0698344444444444,0.0702833333333333,0.0695044444444444,0.0708766666666667,0.0726122222222222,0.0763533333333333,0.0818722222222222,0.0816744444444444,0.0823255555555556,0.0850988888888889,0.0840611111111111,0.0902166666666667,0.0956266666666667,0.0875944444444444,0.0866677777777778,0.0813522222222222,0.08358,0.0844144444444444,0.0844711111111111,0.0866933333333333,0.0832644444444444,0.0784466666666667,0.0849622222222222,0.0958044444444445,0.0798366666666667,0.09015,0.0854211111111111,0.0883544444444444,0.0919966666666667,0.0929155555555555,0.0959766666666667,0.10153,0.113857777777778,0.123931111111111,0.116943333333333,0.126177777777778,0.126928888888889,0.131296666666667,0.134266666666667,0.138905555555556,0.147293333333333,0.146525555555556,0.180462222222222,0.189948888888889,0.202572222222222,0.201647777777778,0.215014444444444,0.227052222222222,0.226223333333333,0.240273333333333,0.247075555555556,0.254368888888889,0.27302,0.281314444444444,0.283118888888889,0.298202222222222,0.303973333333333,0.308062222222222,0.286988888888889,0.293374444444444,0.29852
124,"CAN","Canada",0.115205555555556,0.190798888888889,0.219084444444444,0.183991111111111,0.208561111111111,0.243683333333333,0.187884444444444,0.21523,0.226404444444444,0.192846666666667,0.248721111111111,0.222231111111111,0.229641111111111,0.193795555555556,0.234477777777778,0.264811111111111,0.265528888888889,0.275208888888889,0.242606666666667,0.257956666666667,0.300085555555556,0.322524444444444,0.290305555555556,0.273035555555556,0.304238888888889,0.356673333333333,0.332035555555556,0.244545555555556,0.304355555555556,0.357841111111111,0.353147777777778,0.331491111111111,0.366997777777778,0.370675555555556,0.378683333333333,0.408006666666667,0.387816666666667,0.412836666666667,0.443363333333333,0.423036666666667,0.331308888888889,0.289625555555556,0.389697777777778,0.436671111111111,0.463756666666667,0.44889,0.437143333333333,0.539633333333333,0.521384444444444,0.510617777777778,0.535794444444444,0.565484444444444,0.710604444444444,0.614457777777778,0.638624444444444,0.701213333333333,0.708477777777778,0.69881,0.696043333333333,0.736961111111111,0.535882222222222,0.706232222222222,0.660878888888889
136,"CYM","Cayman Islands",NA,NA,NA,NA,NA,NA,NA,NA,NA,NA,NA,NA,NA,NA,NA,NA,NA,NA,NA,NA,NA,NA,NA,NA,NA,NA,NA,NA,NA,NA,NA,NA,NA,NA,NA,NA,NA,NA,NA,NA,NA,NA,NA,NA,NA,NA,NA,NA,NA,NA,NA,NA,NA,NA,NA,NA,NA,NA,NA,NA,NA,NA,NA
140,"CAF","Central African Republic",0.0525955555555556,0.0554355555555556,0.0541066666666667,0.0535188888888889,0.0542488888888889,0.0573577777777778,0.0647544444444444,0.0674711111111111,0.0695422222222222,0.0669533333333333,0.0650988888888889,0.0689355555555556,0.0686533333333333,0.0768166666666667,0.0745988888888889,0.0741944444444445,0.07064,0.0650611111111111,0.0722066666666667,0.0707711111111111,0.0714777777777778,0.0763333333333333,0.0729622222222222,0.0681955555555556,0.0667288888888889,0.0772811111111111,0.0649555555555556,0.0705933333333333,0.0705844444444444,0.06763,0.0592344444444444,0.0612377777777778,0.0599433333333333,0.0668177777777778,0.0714644444444444,0.0795566666666667,0.0844533333333333,0.0849177777777778,0.0814466666666667,0.0831222222222222,0.0906733333333333,0.0856633333333333,0.0829544444444445,0.0860733333333333,0.08813,0.0905855555555555,0.0951988888888889,0.0963355555555555,0.101271111111111,0.174411111111111,0.179627777777778,0.185425555555556,0.140528888888889,0.160388888888889,0.161558888888889,0.186494444444444,0.189971111111111,0.182625555555556,0.176115555555556,0.189323333333333,0.19754,0.20085,0.203298888888889
148,"TCD","Chad",0.0920566666666667,0.102303333333333,0.119284444444444,0.108917777777778,0.101028888888889,0.104103333333333,0.100101111111111,0.113522222222222,0.106968888888889,0.0958888888888889,0.0953277777777778,0.0812866666666667,0.0828066666666667,0.0995611111111111,0.102815555555556,0.09546,0.0952833333333333,0.0965155555555556,0.0834866666666667,0.0829911111111111,0.0676144444444444,0.0729311111111111,0.08958,0.07058,0.0977655555555555,0.0886277777777778,0.0896566666666667,0.109504444444444,0.103077777777778,0.0975455555555556,0.122043333333333,0.120683333333333,0.09185,0.134426666666667,0.128467777777778,0.141606666666667,0.153018888888889,0.172106666666667,0.155844444444444,0.144395555555556,0.177826666666667,0.157775555555556,0.174491111111111,0.1543,0.19071,0.176455555555556,0.177821111111111,0.183261111111111,0.150278888888889,0.280078888888889,0.159913333333333,0.280212222222222,0.209968888888889,0.207896666666667,0.192454444444444,0.220577777777778,0.196596666666667,0.207594444444444,0.221995555555556,0.213406666666667,0.203483333333333,0.210454444444444,0.196811111111111
152,"CHL","Chile",0.130747777777778,0.125875555555556,0.138025555555556,0.141917777777778,0.137477777777778,0.159061111111111,0.15513,0.157653333333333,0.135092222222222,0.150531111111111,0.15624,0.147178888888889,0.107028888888889,0.126737777777778,0.132027777777778,0.125024444444444,0.163161111111111,0.134581111111111,0.159416666666667,0.153028888888889,0.148711111111111,0.147013333333333,0.137604444444444,0.184216666666667,0.203301111111111,0.239065555555556,0.270947777777778,0.27767,0.291183333333333,0.304997777777778,0.315752222222222,0.357155555555556,0.341885555555556,0.349378888888889,0.391832222222222,0.386898888888889,0.425824444444444,0.438068888888889,0.384223333333333,0.436068888888889,0.493312222222222,0.526863333333333,0.582901111111111,0.615657777777778,0.63615,0.624451111111111,0.536723333333333,0.560774444444444,0.524382222222222,0.607683333333333,0.640451111111111,0.582502222222222,0.646583333333333,0.577182222222222,0.599745555555556,0.630345555555555,0.589267777777778,0.644581111111111,0.598814444444445,0.547687777777778,0.532185555555556,0.538776666666667,0.508628888888889
156,"CHN","China",0.323141111111111,0.35266,0.378077777777778,0.418595555555556,0.443496666666667,0.482515555555556,0.493534444444444,0.481486666666667,0.478202222222222,0.535292222222222,0.54941,0.525125555555556,0.590085555555556,0.595908888888889,0.619675555555556,0.615346666666667,0.608056666666667,0.684472222222222,0.718434444444444,0.709846666666667,0.744486666666667,0.779811111111111,0.809814444444445,0.829965555555556,0.733023333333333,0.735982222222222,0.76057,0.744017777777778,0.740634444444444,0.810202222222222,0.808724444444444,0.825563333333333,0.86815,0.871266666666667,0.908265555555556,0.9569,0.972836666666667,0.989584444444444,0.988315555555556,0.976025555555555,0.978917777777778,0.991584444444444,0.954968888888889,1,1,1,1,1,1,1,1,1,1,1,1,1,1,1,1,1,1,1,1
170,"COL","Colombia",0.251975555555556,0.273593333333333,0.249236666666667,0.271893333333333,0.261746666666667,0.268392222222222,0.278564444444444,0.300986666666667,0.30246,0.308162222222222,0.311997777777778,0.338346666666667,0.341343333333333,0.377078888888889,0.41828,0.412746666666667,0.422388888888889,0.455205555555556,0.466638888888889,0.483617777777778,0.462277777777778,0.436463333333333,0.436972222222222,0.437712222222222,0.454911111111111,0.462338888888889,0.469201111111111,0.500198888888889,0.527213333333333,0.575058888888889,0.610882222222222,0.584247777777778,0.573274444444445,0.576192222222222,0.634023333333333,0.699691111111111,0.680013333333333,0.627796666666667,0.644451111111111,0.627595555555556,0.692911111111111,0.809235555555555,0.861163333333333,0.906625555555556,0.914127777777778,0.939135555555556,0.906628888888889,0.897492222222222,0.941105555555556,0.869608888888889,0.899048888888889,0.892578888888889,0.934878888888889,0.948031111111111,0.9199,0.89112,0.739818888888889,0.733813333333333,0.734093333333333,0.743742222222222,0.706865555555556,0.718763333333333,0.703178888888889
174,"COM","Comoros",0.178721111111111,0.179247777777778,0.177672222222222,0.182616666666667,0.177371111111111,0.190891111111111,0.193592222222222,0.19895,0.207738888888889,0.201665555555556,0.197467777777778,0.179926666666667,0.220362222222222,0.212648888888889,0.18451,0.189325555555556,0.193935555555556,0.193146666666667,0.201911111111111,0.185342222222222,0.163908888888889,0.172,0.175742222222222,0.159015555555556,0.162127777777778,0.169715555555556,0.158936666666667,0.160586666666667,0.166347777777778,0.194723333333333,0.175645555555556,0.178771111111111,0.172438888888889,0.154488888888889,0.182061111111111,0.184032222222222,0.181747777777778,0.182994444444444,0.185556666666667,0.187968888888889,0.188773333333333,0.0755744444444444,0.0778122222222222,0.124452222222222,0.162647777777778,0.204378888888889,0.207203333333333,0.213325555555556,0.216383333333333,0.222431111111111,0.226315555555556,0.229791111111111,0.233896666666667,0.229245555555556,0.230538888888889,0.238233333333333,0.240421111111111,0.245406666666667,0.247362222222222,0.250055555555556,0.253514444444444,0.24949,0.241231111111111
184,"COK","Cook Islands",0.459295555555556,0.45609,0.47512,0.486518888888889,0.5243,0.536806666666667,0.443711111111111,0.667791111111111,0.539812222222222,0.53821,0.550388888888889,0.45167,0.493106666666667,0.478033333333333,0.475081111111111,0.467781111111111,0.444377777777778,0.417636666666667,0.522277777777778,0.461506666666667,0.541313333333333,0.541054444444444,0.399542222222222,0.471094444444444,0.468856666666667,0.434027777777778,0.315342222222222,0.487334444444444,0.386315555555556,0.315643333333333,0.365737777777778,0.409287777777778,0.45533,0.426001111111111,0.489566666666667,0.562097777777778,0.641594444444444,0.712101111111111,0.430526666666667,0.446942222222222,0.449978888888889,0.603913333333333,0.516904444444444,0.422975555555556,0.483556666666667,0.566775555555556,0.549112222222222,0.548976666666667,0.52098,0.507772222222222,0.518201111111111,0.529518888888889,0.535394444444444,0.527473333333333,0.515245555555556,0.521874444444444,0.50819,0.511385555555556,0.496246666666667,0.502871111111111,0.502528888888889,0.501327777777778,0.502191111111111
188,"CRI","Costa Rica",0.219083333333333,0.225564444444444,0.24907,0.256234444444444,0.282663333333333,0.312765555555556,0.319224444444444,0.327942222222222,0.335151111111111,0.351445555555556,0.360582222222222,0.378214444444444,0.407873333333333,0.390858888888889,0.424405555555556,0.42412,0.46821,0.471576666666667,0.475938888888889,0.473181111111111,0.479714444444444,0.442441111111111,0.49222,0.530501111111111,0.518783333333333,0.507378888888889,0.496146666666667,0.523586666666667,0.538954444444444,0.573901111111111,0.601724444444445,0.630107777777778,0.671154444444444,0.698862222222222,0.739994444444445,0.734183333333333,0.787883333333333,0.733172222222222,0.753876666666667,0.781108888888889,0.786134444444444,0.73152,0.785587777777778,0.784833333333333,0.796918888888889,0.849574444444444,0.867056666666667,0.870467777777778,0.812332222222222,0.808051111111111,0.793572222222222,0.867457777777778,0.89067,0.898295555555556,0.872173333333333,0.942026666666667,0.859957777777778,0.89133,0.75019,0.805083333333333,0.826886666666667,0.794443333333333,0.760935555555556
384,"CIV","Cote d'Ivoire",0.08948,0.0956388888888889,0.10207,0.109827777777778,0.102938888888889,0.113124444444444,0.107918888888889,0.123638888888889,0.125242222222222,0.128848888888889,0.133712222222222,0.132112222222222,0.134757777777778,0.1368,0.153377777777778,0.15139,0.147795555555556,0.149155555555556,0.165866666666667,0.178526666666667,0.184774444444444,0.175388888888889,0.177607777777778,0.173143333333333,0.180214444444444,0.178711111111111,0.183083333333333,0.180124444444444,0.194688888888889,0.182627777777778,0.194117777777778,0.192914444444444,0.168108888888889,0.186814444444444,0.177534444444444,0.185726666666667,0.198077777777778,0.208694444444444,0.212103333333333,0.226201111111111,0.222825555555556,0.229147777777778,0.226123333333333,0.199061111111111,0.206697777777778,0.200985555555556,0.185885555555556,0.189296666666667,0.182502222222222,0.20027,0.206115555555556,0.209005555555556,0.205861111111111,0.211331111111111,0.208122222222222,0.202778888888889,0.207244444444444,0.198337777777778,0.206143333333333,0.206304444444444,0.214633333333333,0.211533333333333,0.20543
191,"HRV","Croatia",NA,NA,NA,NA,NA,NA,NA,NA,NA,NA,NA,NA,NA,NA,NA,NA,NA,NA,NA,NA,NA,NA,NA,NA,NA,NA,NA,NA,NA,NA,NA,0.389803333333333,0.506483333333333,0.459196666666667,0.484854444444444,0.528067777777778,0.59296,0.601064444444444,0.562718888888889,0.625311111111111,0.730058888888889,0.811356666666667,0.54326,0.77542,0.761466666666667,0.82288,0.718903333333333,0.955327777777778,0.901546666666667,0.775977777777778,0.779025555555556,0.711542222222222,0.867692222222222,0.87155,0.865726666666667,1,0.899833333333333,1,1,1,1,0.879093333333333,0.808636666666667
192,"CUB","Cuba",1,0.985317777777778,0.808537777777778,0.843218888888889,1,0.984321111111111,1,0.940822222222222,0.832511111111111,1,0.887733333333333,0.690238888888889,0.699438888888889,0.778047777777778,0.732122222222222,0.714424444444444,0.806366666666667,0.918065555555556,1,0.844024444444444,0.87713,0.943731111111111,0.890564444444444,0.968841111111111,0.837641111111111,0.831886666666667,0.83661,0.860062222222222,0.931288888888889,0.929258888888889,0.891476666666667,0.714884444444445,0.469705555555556,0.463187777777778,0.375817777777778,0.482425555555556,0.44701,0.399097777777778,0.425706666666667,0.489218888888889,0.44216,0.472264444444444,0.376502222222222,0.394827777777778,0.254856666666667,0.225221111111111,0.246494444444444,0.282112222222222,0.285723333333333,0.25257,0.270634444444444,0.332322222222222,0.355067777777778,0.366078888888889,0.390048888888889,0.391793333333333,0.391823333333333,0.307281111111111,0.348462222222222,0.279307777777778,0.214665555555556,0.196432222222222,0.188592222222222
531,"CUW","Curacao",NA,NA,NA,NA,NA,NA,NA,NA,NA,NA,NA,NA,NA,NA,NA,NA,NA,NA,NA,NA,NA,NA,NA,NA,NA,NA,NA,NA,NA,NA,NA,NA,NA,NA,NA,NA,NA,NA,NA,NA,NA,NA,NA,NA,NA,NA,NA,NA,NA,NA,NA,NA,NA,NA,NA,NA,NA,NA,NA,NA,NA,NA,NA
196,"CYP","Cyprus",0.107717777777778,0.145596666666667,0.141255555555556,0.112825555555556,0.191496666666667,0.130893333333333,0.182297777777778,0.145445555555556,0.183783333333333,0.13475,0.205948888888889,0.17612,0.0722,0.256225555555556,0.219465555555556,0.252455555555556,0.24159,0.245836666666667,0.239425555555556,0.26353,0.251236666666667,0.23913,0.219732222222222,0.252331111111111,0.294242222222222,0.237528888888889,0.306224444444444,0.356888888888889,0.352265555555556,0.296338888888889,0.211581111111111,0.382463333333333,0.422824444444444,0.357917777777778,0.385666666666667,0.361825555555556,0.193963333333333,0.235687777777778,0.328066666666667,0.210405555555556,0.313544444444444,0.349275555555556,0.333067777777778,0.272606666666667,0.195493333333333,0.196536666666667,0.201535555555556,0.134824444444444,0.201816666666667,0.23707,0.257944444444444,0.270966666666667,0.217071111111111,0.142205555555556,0.252382222222222,0.131378888888889,0.162937777777778,0.122542222222222,0.185796666666667,0.188497777777778,0.178611111111111,0.183167777777778,0.16143
203,"CZE","Czechia",NA,NA,NA,NA,NA,NA,NA,NA,NA,NA,NA,NA,NA,NA,NA,NA,NA,NA,NA,NA,NA,NA,NA,NA,NA,NA,NA,NA,NA,NA,NA,NA,0.547228888888889,0.555076666666667,0.572758888888889,0.572406666666667,0.583664444444444,0.581315555555555,0.624443333333333,0.579541111111111,0.651467777777778,0.676164444444444,0.565593333333333,0.885911111111111,0.776198888888889,0.700396666666667,0.771867777777778,0.880274444444444,0.857191111111111,0.77671,0.909062222222222,0.763164444444444,0.901547777777778,1,0.952066666666667,1,0.884518888888889,0.867132222222222,0.884235555555556,0.936822222222222,0.929845555555555,0.962468888888889,0.946641111111111
180,"COD","Dem. Rep. Congo",0.11418,0.112688888888889,0.112101111111111,0.111231111111111,0.10995,0.112351111111111,0.116888888888889,0.124631111111111,0.128168888888889,0.132173333333333,0.132002222222222,0.134098888888889,0.136981111111111,0.138875555555556,0.14173,0.142532222222222,0.143308888888889,0.138242222222222,0.143245555555556,0.149358888888889,0.151236666666667,0.1606,0.164593333333333,0.169074444444444,0.172218888888889,0.174688888888889,0.178711111111111,0.183853333333333,0.19027,0.202595555555556,0.209976666666667,0.215734444444444,0.221173333333333,0.22754,0.1891,0.188811111111111,0.188924444444444,0.192693333333333,0.189918888888889,0.186203333333333,0.182776666666667,0.180391111111111,0.181693333333333,0.183431111111111,0.184221111111111,0.185811111111111,0.188157777777778,0.188935555555556,0.167973333333333,0.207598888888889,0.195677777777778,0.17971,0.18007,0.177616666666667,0.176591111111111,0.178987777777778,0.175283333333333,0.175431111111111,0.176601111111111,0.184027777777778,0.185324444444444,0.180123333333333,0.180157777777778
208,"DNK","Denmark",0.425057777777778,0.471316666666667,0.461381111111111,0.523718888888889,0.514285555555556,0.495454444444444,0.513766666666667,0.560834444444444,0.55844,0.526857777777778,0.589273333333333,0.586957777777778,0.558844444444444,0.620018888888889,0.540256666666667,0.504052222222222,0.630864444444444,0.63354,0.654013333333333,0.613761111111111,0.646724444444444,0.727673333333333,0.608991111111111,0.910132222222222,0.859736666666667,0.872108888888889,0.795322222222222,0.867284444444444,0.958731111111111,1,0.994697777777778,0.756987777777778,0.900963333333333,0.893157777777778,1,1,1,1,0.986741111111111,1,1,0.952212222222222,0.994498888888889,1,0.975958888888889,0.915833333333333,0.917412222222222,0.966363333333333,1,0.933778888888889,0.894095555555556,0.973182222222222,0.962105555555556,1,1,0.9627,1,0.74634,1,1,0.964247777777778,1,0.843855555555556
262,"DJI","Djibouti",0.06496,0.06496,0.06496,0.0713666666666667,0.0901,0.0959122222222222,0.102156666666667,0.108416666666667,0.108443333333333,0.114863333333333,0.114863333333333,0.127376666666667,0.134216666666667,0.14815,0.149594444444444,0.163674444444444,0.17703,0.196052222222222,0.285676666666667,1,1,1,1,1,1,1,1,1,1,1,1,1,1,1,1,1,1,1,1,1,1,1,1,1,1,1,1,1,1,1,1,1,1,1,1,1,1,1,1,1,1,1,1
212,"DMA","Dominica",0.262774444444444,0.232768888888889,0.254728888888889,0.246023333333333,0.282778888888889,0.282973333333333,0.265878888888889,0.277965555555556,0.285917777777778,0.276815555555556,0.276924444444444,0.271877777777778,0.315394444444444,0.312712222222222,0.331045555555556,0.350901111111111,0.368186666666667,0.390326666666667,0.343624444444444,0.226053333333333,0.243246666666667,0.295496666666667,0.349911111111111,0.346282222222222,0.347714444444444,0.35961,0.369957777777778,0.441014444444444,0.414557777777778,0.371075555555556,0.37275,0.367692222222222,0.395351111111111,0.363442222222222,0.367506666666667,0.405718888888889,0.390307777777778,0.370977777777778,0.329917777777778,0.296207777777778,0.257923333333333,0.250742222222222,0.240678888888889,0.24455,0.238594444444444,0.251387777777778,0.25854,0.278757777777778,0.252924444444444,0.204152222222222,0.216953333333333,0.22979,0.250428888888889,0.251646666666667,0.265676666666667,0.274782222222222,0.267136666666667,0.260051111111111,0.26136,0.260557777777778,0.261106666666667,0.270382222222222,0.271811111111111
214,"DOM","Dominican Republic",0.478456666666667,0.487055555555556,0.456785555555556,0.471116666666667,0.368102222222222,0.413532222222222,0.411951111111111,0.359681111111111,0.464293333333333,0.483078888888889,0.531824444444444,0.519771111111111,0.523365555555556,0.515684444444444,0.465912222222222,0.50976,0.504041111111111,0.510438888888889,0.468194444444444,0.425034444444444,0.44079,0.506316666666667,0.512324444444444,0.490162222222222,0.419758888888889,0.39798,0.433872222222222,0.429514444444444,0.429588888888889,0.38895,0.395816666666667,0.409398888888889,0.412543333333333,0.36772,0.375473333333333,0.397316666666667,0.45833,0.393501111111111,0.375402222222222,0.454502222222222,0.598102222222222,0.630514444444444,0.672291111111111,0.623406666666667,0.669757777777778,0.787607777777778,0.785867777777778,0.629533333333333,0.777692222222222,0.78392,0.793545555555556,0.816847777777778,0.78079,0.922378888888889,0.954563333333333,0.96455,1,1,1,1,1,1,1
218,"ECU","Ecuador",0.219327777777778,0.218393333333333,0.232435555555556,0.262835555555556,0.285181111111111,0.292317777777778,0.268662222222222,0.289668888888889,0.255356666666667,0.243678888888889,0.231965555555556,0.215573333333333,0.217504444444444,0.24629,0.263673333333333,0.235318888888889,0.260964444444444,0.240297777777778,0.2438,0.2654,0.261642222222222,0.243912222222222,0.203228888888889,0.230566666666667,0.235236666666667,0.255111111111111,0.270625555555556,0.275953333333333,0.295172222222222,0.289463333333333,0.252866666666667,0.258963333333333,0.278355555555556,0.29765,0.269746666666667,0.287762222222222,0.296414444444444,0.2846,0.326703333333333,0.279987777777778,0.345088888888889,0.349752222222222,0.380868888888889,0.40728,0.400818888888889,0.400797777777778,0.463985555555556,0.452297777777778,0.449384444444444,0.455995555555556,0.436053333333333,0.443252222222222,0.397672222222222,0.515007777777778,0.549655555555556,0.481055555555556,0.509597777777778,0.474584444444444,0.490771111111111,0.512865555555556,0.556462222222222,0.519152222222222,0.473873333333333
818,"EGY","Egypt",0.747146666666667,0.982061111111111,0.984247777777778,1,0.946605555555556,0.896105555555556,0.848547777777778,0.922763333333333,0.968784444444444,0.969164444444444,0.989988888888889,1,0.999412222222222,0.959106666666667,0.968995555555555,1,1,1,1,1,1,1,1,1,1,1,1,1,1,1,1,1,1,1,1,1,1,1,1,1,1,1,1,1,1,1,1,1,1,1,1,1,1,1,1,1,1,1,1,1,1,1,1
222,"SLV","El Salvador",0.313587777777778,0.375478888888889,0.409246666666667,0.417186666666667,0.462824444444444,0.422502222222222,0.393963333333333,0.392921111111111,0.428356666666667,0.466697777777778,0.50184,0.516835555555556,0.557797777777778,0.602848888888889,0.637382222222222,0.563482222222222,0.614313333333333,0.649668888888889,0.589455555555556,0.523995555555556,0.467012222222222,0.46355,0.50596,0.524855555555556,0.497738888888889,0.461232222222222,0.41944,0.412743333333333,0.397591111111111,0.423362222222222,0.459661111111111,0.52173,0.46909,0.424095555555556,0.448476666666667,0.535406666666667,0.533052222222222,0.522284444444444,0.531491111111111,0.503574444444444,0.498386666666667,0.484306666666667,0.49919,0.531927777777778,0.535518888888889,0.581187777777778,0.545335555555556,0.608237777777778,0.607643333333333,0.519008888888889,0.528585555555556,0.610606666666667,0.616307777777778,0.598356666666667,0.552377777777778,0.626793333333333,0.611303333333333,0.588433333333333,0.613583333333333,0.593161111111111,0.617787777777778,0.586467777777778,0.587564444444444
226,"GNQ","Equatorial Guinea",0.0906288888888889,0.104387777777778,0.106647777777778,0.116926666666667,0.115568888888889,0.121816666666667,0.117773333333333,0.127102222222222,0.107651111111111,0.123963333333333,0.0971244444444444,0.0725211111111111,0.0755566666666667,0.0784911111111111,0.0694577777777778,0.0623177777777778,0.0619344444444444,0.0646311111111111,0.0664733333333333,0.0733955555555556,0.0805333333333333,0.07673,0.0786566666666667,0.0867855555555555,0.0852833333333333,0.0872566666666667,0.0932566666666667,0.0931722222222222,0.0889933333333333,0.112922222222222,0.106382222222222,0.101062222222222,0.0998055555555556,0.10014,0.101911111111111,0.103273333333333,0.103346666666667,0.101244444444444,0.10496,0.109123333333333,0.109693333333333,0.107434444444444,0.111725555555556,0.114592222222222,0.117991111111111,0.120493333333333,0.125585555555556,0.127495555555556,0.127823333333333,0.131907777777778,0.134903333333333,0.137918888888889,0.138523333333333,0.139845555555556,0.147927777777778,0.143093333333333,0.147786666666667,0.150875555555556,0.154525555555556,0.153784444444444,0.152678888888889,0.15357,0.154113333333333
232,"ERI","Eritrea",NA,NA,NA,NA,NA,NA,NA,NA,NA,NA,NA,NA,NA,NA,NA,NA,NA,NA,NA,NA,NA,NA,NA,NA,NA,NA,NA,NA,NA,NA,NA,NA,0.0739955555555556,0.168262222222222,0.12151,0.113986666666667,0.111272222222222,0.218688888888889,0.165592222222222,0.08358,0.12205,0.0582733333333333,0.0703166666666667,0.0717322222222222,0.1436,0.132294444444444,0.159675555555556,0.0542077777777778,0.09116,0.0938422222222222,0.111083333333333,0.11128,0.109743333333333,0.110516666666667,0.110281111111111,0.110343333333333,0.11094,0.110826666666667,0.11108,0.111081111111111,0.111096666666667,0.111247777777778,0.111336666666667
233,"EST","Estonia",NA,NA,NA,NA,NA,NA,NA,NA,NA,NA,NA,NA,NA,NA,NA,NA,NA,NA,NA,NA,NA,NA,NA,NA,NA,NA,NA,NA,NA,NA,NA,0.137867777777778,0.180061111111111,0.134531111111111,0.152181111111111,0.180591111111111,0.184664444444444,0.161706666666667,0.129724444444444,0.214446666666667,0.216551111111111,0.231054444444444,0.257537777777778,0.305562222222222,0.338136666666667,0.3028,0.413142222222222,0.387583333333333,0.409048888888889,0.317824444444444,0.366024444444444,0.454903333333333,0.455837777777778,0.529888888888889,0.662474444444444,0.420154444444444,0.561867777777778,0.396381111111111,0.680856666666667,0.690118888888889,0.559714444444444,0.656415555555556,0.512606666666667
748,"SWZ","Eswatini",0.329437777777778,0.280588888888889,0.32737,0.358028888888889,0.390912222222222,0.458088888888889,0.504247777777778,0.467426666666667,0.511335555555556,0.606182222222222,0.590518888888889,0.572475555555556,0.536287777777778,0.677963333333333,0.656245555555556,0.682003333333333,0.704693333333333,0.657712222222222,0.617844444444444,0.792226666666667,1,1,1,1,1,1,1,1,0.980687777777778,1,1,0.972667777777778,0.938715555555556,0.962993333333333,0.927843333333333,1,1,1,1,0.996405555555556,0.988662222222222,1,1,1,1,1,1,1,1,1,1,1,1,1,1,1,1,1,1,1,1,1,1
231,"ETH","Ethiopia",0.100008888888889,0.0980433333333333,0.0980488888888889,0.101561111111111,0.100096666666667,0.102081111111111,0.103652222222222,0.102848888888889,0.105416666666667,0.109625555555556,0.110724444444444,0.108563333333333,0.09673,0.0940455555555556,0.0868444444444444,0.0960322222222222,0.09805,0.0902877777777778,0.110931111111111,0.134313333333333,0.125296666666667,0.124634444444444,0.146728888888889,0.125083333333333,0.107151111111111,0.118044444444444,0.133867777777778,0.144646666666667,0.14312,0.155098888888889,0.163345555555556,0.139484444444444,0.136906666666667,0.13459,0.168907777777778,0.216445555555556,0.213863333333333,0.179963333333333,0.198236666666667,0.20213,0.234031111111111,0.223768888888889,0.210643333333333,0.204382222222222,0.241434444444444,0.232157777777778,0.237575555555556,0.256354444444444,0.281905555555556,0.290252222222222,0.296847777777778,0.320201111111111,0.344213333333333,0.361708888888889,0.383178888888889,0.385523333333333,0.399595555555556,0.385361111111111,0.394062222222222,0.398902222222222,0.378267777777778,0.394284444444444,0.403644444444444
234,"FRO","Faeroe Islands",0.824773333333333,0.783938888888889,0.881277777777778,0.72601,0.678526666666667,0.76637,0.678052222222222,0.704167777777778,0.582612222222222,0.776815555555555,0.617748888888889,0.558395555555556,0.502366666666667,0.50569,0.477675555555556,0.64339,0.617274444444444,0.617274444444444,0.617274444444444,0.617274444444444,0.617274444444444,0.617274444444444,0.631518888888889,0.641015555555556,0.664756666666667,0.664756666666667,0.664756666666667,0.664756666666667,0.664756666666667,0.688497777777778,0.702248888888889,0.720586666666667,0.716242222222222,0.718393333333333,0.718944444444444,0.718094444444444,0.716052222222222,0.713037777777778,0.709305555555556,0.705045555555555,0.700312222222222,0.694163333333333,0.689338888888889,0.685051111111111,0.681247777777778,0.678127777777778,0.664756666666667,0.676128888888889,0.677824444444444,0.671665555555556,0.691674444444444,0.71224,0.759722222222222,0.804027777777778,0.660702222222222,0.719014444444444,0.700877777777778,0.698875555555556,0.696614444444444,0.658153333333333,0.661262222222222,0.662416666666667,0.663572222222222
238,"FLK","Falkland Islands",NA,NA,NA,NA,NA,NA,NA,NA,NA,NA,NA,NA,NA,NA,NA,NA,NA,NA,NA,NA,NA,NA,NA,NA,NA,NA,NA,NA,NA,NA,NA,NA,NA,NA,NA,NA,NA,NA,NA,NA,NA,NA,NA,NA,NA,NA,NA,NA,NA,NA,NA,NA,NA,NA,NA,NA,NA,NA,NA,NA,NA,NA,NA
242,"FJI","Fiji",0.713883333333333,0.889773333333333,1,1,0.942388888888889,0.904365555555556,0.905042222222222,1,1,1,1,0.940307777777778,0.993153333333333,0.901271111111111,0.850237777777778,0.875161111111111,0.973078888888889,0.954105555555556,1,1,1,1,0.729151111111111,1,0.845888888888889,1,0.764693333333333,0.760304444444445,0.905482222222222,0.895522222222222,0.71794,0.783155555555555,0.800648888888889,0.872206666666667,0.910384444444444,0.884661111111111,0.846143333333333,0.642146666666667,0.926546666666667,0.92389,0.845495555555556,0.901227777777778,0.81054,0.911294444444444,0.936827777777778,1,0.958264444444444,0.933913333333333,0.928463333333333,0.570162222222222,0.701644444444445,0.513827777777778,0.580726666666667,0.654857777777778,0.653076666666667,0.511535555555556,0.592146666666667,0.616767777777778,0.66057,0.650395555555556,0.569316666666667,0.650036666666667,0.650383333333333
246,"FIN","Finland",0.18613,0.140073333333333,0.179676666666667,0.166295555555556,0.210286666666667,0.183581111111111,0.209172222222222,0.219223333333333,0.241596666666667,0.270402222222222,0.289926666666667,0.291098888888889,0.275207777777778,0.279475555555556,0.334455555555556,0.386226666666667,0.283042222222222,0.299672222222222,0.323485555555556,0.342193333333333,0.253546666666667,0.357991111111111,0.411993333333333,0.385403333333333,0.384398888888889,0.382504444444444,0.236838888888889,0.316092222222222,0.419766666666667,0.4668,0.365866666666667,0.297121111111111,0.368696666666667,0.362893333333333,0.387337777777778,0.422314444444444,0.436135555555556,0.312348888888889,0.329023333333333,0.447726666666667,0.408536666666667,0.436246666666667,0.412823333333333,0.390061111111111,0.435677777777778,0.406986666666667,0.437633333333333,0.437464444444444,0.450543333333333,0.337208888888889,0.397712222222222,0.383172222222222,0.42879,0.433302222222222,0.39281,0.382382222222222,0.367134444444444,0.301006666666667,0.429214444444444,0.370006666666667,0.29141,0.396266666666667,0.335877777777778
250,"FRA","France",0.284844444444444,0.343686666666667,0.333807777777778,0.35538,0.391587777777778,0.356827777777778,0.428774444444444,0.453064444444444,0.445707777777778,0.432354444444444,0.50076,0.539475555555555,0.568648888888889,0.546493333333333,0.479671111111111,0.457605555555556,0.521617777777778,0.590957777777778,0.583822222222222,0.647528888888889,0.630302222222222,0.668586666666667,0.63016,0.78078,0.755651111111111,0.694043333333333,0.774682222222222,0.827046666666667,0.847712222222222,0.861334444444444,0.881397777777778,0.868563333333333,0.79804,0.787204444444444,0.788881111111111,0.884308888888889,0.904262222222222,0.966754444444444,0.929876666666667,0.906235555555556,0.816803333333333,0.939962222222222,0.781193333333333,0.959764444444444,0.897903333333333,0.856584444444444,0.828213333333333,0.943552222222222,0.976291111111111,0.925754444444444,0.910661111111111,0.941462222222222,0.914848888888889,0.993814444444444,1,0.789407777777778,0.975898888888889,0.89334,0.9726,0.840788888888889,0.972338888888889,0.918054444444444,0.968646666666667
258,"PYF","French Polynesia",1,1,1,1,1,1,1,1,1,1,1,1,0.838065555555556,0.746566666666667,1,1,0.843051111111111,0.772137777777778,0.836436666666667,1,0.930667777777778,1,0.684928888888889,0.522848888888889,0.81245,0.817783333333333,0.891047777777778,0.72873,0.707652222222222,0.819264444444444,0.659405555555556,0.665275555555556,0.661086666666667,0.66631,0.7193,0.687106666666667,0.675655555555556,0.495247777777778,0.537453333333333,0.629692222222222,0.592382222222222,0.623783333333333,0.611034444444444,0.578127777777778,0.647594444444444,0.676935555555556,0.677363333333333,0.640194444444444,0.569511111111111,0.599416666666667,0.592067777777778,0.591137777777778,0.577935555555556,0.583954444444444,0.556502222222222,0.583131111111111,0.560893333333333,0.548601111111111,0.55862,0.536068888888889,0.537205555555556,0.52993,0.529537777777778
266,"GAB","Gabon",0.109775555555556,0.10109,0.0910655555555556,0.0840133333333333,0.0789855555555556,0.0745911111111111,0.0710833333333333,0.0704011111111111,0.0656388888888889,0.0645977777777778,0.0624488888888889,0.0603122222222222,0.0572411111111111,0.0568888888888889,0.0559044444444444,0.0523,0.05831,0.0616922222222222,0.0665244444444444,0.0725988888888889,0.0720555555555556,0.0727422222222222,0.0765133333333333,0.0765644444444444,0.0809022222222222,0.0883011111111111,0.0925522222222222,0.0971033333333333,0.09553,0.0972822222222222,0.104486666666667,0.09765,0.09702,0.0960666666666667,0.0967911111111111,0.0988677777777778,0.0978855555555555,0.105051111111111,0.101921111111111,0.112176666666667,0.108936666666667,0.110804444444444,0.110963333333333,0.110685555555556,0.114106666666667,0.115865555555556,0.119714444444444,0.127152222222222,0.130172222222222,0.136181111111111,0.145963333333333,0.148084444444444,0.155794444444444,0.159862222222222,0.16224,0.16353,0.169643333333333,0.169963333333333,0.173658888888889,0.178441111111111,0.192072222222222,0.204914444444444,0.207912222222222
270,"GMB","Gambia",0.486704444444444,0.494301111111111,0.475525555555556,0.484382222222222,0.527374444444444,0.557934444444445,0.504723333333333,0.543422222222222,0.496513333333333,0.508423333333333,0.52981,0.452052222222222,0.522066666666667,0.396745555555556,0.39406,0.390367777777778,0.282313333333333,0.363404444444444,0.218258888888889,0.237403333333333,0.337731111111111,0.385887777777778,0.319805555555556,0.355793333333333,0.326416666666667,0.36599,0.3612,0.301941111111111,0.399335555555555,0.267044444444444,0.292317777777778,0.26691,0.326484444444444,0.298638888888889,0.279658888888889,0.222691111111111,0.265935555555556,0.246765555555556,0.35477,0.386863333333333,0.410018888888889,0.23469,0.306462222222222,0.369637777777778,0.30823,0.310221111111111,0.205595555555556,0.249175555555556,0.256948888888889,0.277124444444444,0.159617777777778,0.209575555555556,0.182454444444444,0.150928888888889,0.180775555555556,0.142207777777778,0.11331,0.0716722222222222,0.0801855555555556,0.0872322222222222,0.0923466666666667,0.102917777777778,0.109832222222222
268,"GEO","Georgia",NA,NA,NA,NA,NA,NA,NA,NA,NA,NA,NA,NA,NA,NA,NA,NA,NA,NA,NA,NA,NA,NA,NA,NA,NA,NA,NA,NA,NA,NA,NA,0.136185555555556,0.117895555555556,0.127435555555556,0.140487777777778,0.155231111111111,0.21252,0.1537,0.198075555555556,0.112256666666667,0.185173333333333,0.161371111111111,0.183267777777778,0.313257777777778,0.327053333333333,0.152807777777778,0.198927777777778,0.198857777777778,0.168827777777778,0.129807777777778,0.211434444444444,0.199726666666667,0.23132,0.198958888888889,0.209203333333333,0.24059,0.185535555555556,0.234453333333333,0.234387777777778,0.255866666666667,0.268682222222222,0.246511111111111,0.250486666666667
276,"DEU","Germany",0.436164444444444,0.528443333333333,0.538506666666667,0.555361111111111,0.506598888888889,0.517708888888889,0.62108,0.637816666666667,0.591568888888889,0.574117777777778,0.65049,0.65792,0.672968888888889,0.72759,0.665375555555556,0.602051111111111,0.679892222222222,0.734401111111111,0.699188888888889,0.706115555555556,0.703857777777778,0.760648888888889,0.706253333333333,0.824922222222222,0.829458888888889,0.829145555555555,0.80392,0.829614444444444,0.830854444444444,0.84349,0.909202222222222,0.829485555555556,0.84424,0.841177777777778,0.912296666666667,0.928464444444445,1,1,1,1,1,1,0.913693333333333,1,1,1,0.982251111111111,1,1,1,0.967666666666667,1,1,1,1,1,1,0.897872222222222,1,1,1,1,1
288,"GHA","Ghana",0.124003333333333,0.123845555555556,0.124641111111111,0.14027,0.125244444444444,0.136294444444444,0.145516666666667,0.138876666666667,0.143675555555556,0.170777777777778,0.175165555555556,0.16245,0.169705555555556,0.191286666666667,0.171371111111111,0.156133333333333,0.132925555555556,0.125308888888889,0.139805555555556,0.137506666666667,0.148821111111111,0.12597,0.116776666666667,0.151203333333333,0.137522222222222,0.147482222222222,0.150593333333333,0.159815555555556,0.169125555555556,0.129418888888889,0.184151111111111,0.183112222222222,0.204411111111111,0.194137777777778,0.210185555555556,0.213714444444444,0.190003333333333,0.206267777777778,0.207738888888889,0.207126666666667,0.21246,0.253206666666667,0.25531,0.255141111111111,0.260587777777778,0.267241111111111,0.237634444444444,0.284408888888889,0.309671111111111,0.315242222222222,0.326785555555556,0.340114444444444,0.333627777777778,0.342357777777778,0.336994444444444,0.336304444444444,0.357703333333333,0.377213333333333,0.400956666666667,0.410102222222222,0.43294,0.440078888888889,0.453524444444444
300,"GRC","Greece",0.282595555555556,0.269478888888889,0.260364444444444,0.291122222222222,0.301134444444444,0.318752222222222,0.331807777777778,0.272061111111111,0.30071,0.339785555555556,0.345111111111111,0.3504,0.342923333333333,0.380883333333333,0.397856666666667,0.40232,0.354336666666667,0.429037777777778,0.395737777777778,0.467917777777778,0.475982222222222,0.474086666666667,0.427493333333333,0.471961111111111,0.451047777777778,0.508098888888889,0.493528888888889,0.53135,0.571034444444444,0.451646666666667,0.555741111111111,0.531882222222222,0.543681111111111,0.60858,0.612295555555556,0.597816666666667,0.610164444444444,0.606724444444445,0.604737777777778,0.630193333333333,0.631303333333333,0.616672222222222,0.550095555555556,0.611594444444444,0.617703333333333,0.552873333333333,0.537171111111111,0.56286,0.552031111111111,0.510434444444445,0.529352222222222,0.529043333333333,0.535366666666667,0.558487777777778,0.59315,0.552094444444444,0.570253333333333,0.519674444444444,0.536065555555556,0.612338888888889,0.605906666666667,0.327972222222222,0.3176
304,"GRL","Greenland",NA,NA,NA,NA,NA,NA,NA,NA,NA,NA,NA,NA,NA,NA,NA,NA,NA,NA,NA,NA,NA,NA,NA,NA,NA,NA,NA,NA,NA,NA,NA,NA,NA,NA,NA,NA,NA,NA,NA,NA,NA,NA,NA,NA,NA,NA,NA,NA,NA,NA,NA,NA,NA,NA,NA,NA,NA,NA,NA,NA,NA,NA,NA
308,"GRD","Grenada",0.18907,0.19606,0.210092222222222,0.19955,0.223122222222222,0.227101111111111,0.248095555555556,0.24622,0.24758,0.229898888888889,0.219888888888889,0.218496666666667,0.205126666666667,0.179347777777778,0.194297777777778,0.216976666666667,0.219578888888889,0.252403333333333,0.256246666666667,0.264223333333333,0.279986666666667,0.255098888888889,0.242003333333333,0.264128888888889,0.281844444444444,0.277822222222222,0.334306666666667,0.311944444444444,0.309403333333333,0.320293333333333,0.340825555555556,0.337551111111111,0.351404444444444,0.355015555555556,0.375485555555556,0.345735555555556,0.342687777777778,0.327928888888889,0.298612222222222,0.303233333333333,0.260914444444444,0.277887777777778,0.284822222222222,0.287752222222222,0.303026666666667,0.317763333333333,0.34175,0.34223,0.296258888888889,0.370003333333333,0.380561111111111,0.466717777777778,0.465855555555556,0.504786666666667,0.511602222222222,0.506271111111111,0.473412222222222,0.479737777777778,0.444895555555556,0.431555555555556,0.450778888888889,0.449011111111111,0.447794444444444
320,"GTM","Guatemala",0.161726666666667,0.194518888888889,0.228588888888889,0.253757777777778,0.263036666666667,0.272662222222222,0.250718888888889,0.279023333333333,0.293015555555556,0.287635555555556,0.279424444444444,0.323478888888889,0.359962222222222,0.397476666666667,0.408773333333333,0.427887777777778,0.451058888888889,0.450935555555556,0.455195555555556,0.459915555555556,0.446238888888889,0.422927777777778,0.383058888888889,0.388421111111111,0.405512222222222,0.414963333333333,0.39601,0.429412222222222,0.433438888888889,0.503707777777778,0.5232,0.555281111111111,0.510411111111111,0.487792222222222,0.552383333333333,0.562711111111111,0.5657,0.56695,0.52665,0.502161111111111,0.512226666666667,0.510651111111111,0.495872222222222,0.587136666666667,0.595951111111111,0.573605555555555,0.608045555555556,0.614154444444444,0.649985555555556,0.672452222222222,0.659571111111111,0.739365555555556,0.801007777777778,0.89211,0.865824444444444,0.868616666666667,0.745065555555556,0.77135,0.771112222222222,0.748374444444444,0.729417777777778,0.737348888888889,0.74847
831,"GGY","Guernsey",NA,NA,NA,NA,NA,NA,NA,NA,NA,NA,NA,NA,NA,NA,NA,NA,NA,NA,NA,NA,NA,NA,NA,NA,NA,NA,NA,NA,NA,NA,NA,NA,NA,NA,NA,NA,NA,NA,NA,NA,NA,NA,NA,NA,NA,NA,NA,NA,NA,NA,NA,NA,NA,NA,NA,NA,NA,NA,NA,NA,NA,NA,NA
324,"GIN","Guinea",0.0628411111111111,0.0642977777777778,0.0595344444444444,0.0637655555555556,0.0615677777777778,0.0654255555555556,0.0685333333333333,0.0686544444444444,0.0689588888888889,0.0707311111111111,0.0730311111111111,0.0717733333333333,0.0719655555555555,0.0726433333333333,0.0738611111111111,0.0782311111111111,0.0788477777777778,0.0794077777777778,0.0826233333333333,0.0839966666666667,0.0848555555555555,0.0855366666666667,0.0858877777777778,0.0907322222222222,0.0917933333333333,0.0941422222222222,0.09425,0.0945866666666667,0.100928888888889,0.105313333333333,0.112932222222222,0.118524444444444,0.122736666666667,0.125607777777778,0.130115555555556,0.133987777777778,0.14055,0.147988888888889,0.156482222222222,0.167111111111111,0.163351111111111,0.167834444444444,0.177311111111111,0.18745,0.197444444444444,0.202644444444444,0.205022222222222,0.20356,0.200137777777778,0.180746666666667,0.18542,0.175508888888889,0.178846666666667,0.171823333333333,0.174501111111111,0.178991111111111,0.187888888888889,0.192038888888889,0.197717777777778,0.201954444444444,0.208644444444444,0.215368888888889,0.21495
624,"GNB","Guinea-Bissau",0.188483333333333,0.190341111111111,0.178697777777778,0.173475555555556,0.150455555555556,0.145913333333333,0.137498888888889,0.134817777777778,0.134146666666667,0.13192,0.117861111111111,0.127615555555556,0.118705555555556,0.125697777777778,0.142403333333333,0.161892222222222,0.143154444444444,0.141324444444444,0.145442222222222,0.150583333333333,0.166332222222222,0.180315555555556,0.147666666666667,0.161701111111111,0.154112222222222,0.18225,0.173196666666667,0.172056666666667,0.158891111111111,0.162464444444444,0.158682222222222,0.158091111111111,0.158347777777778,0.157891111111111,0.163785555555556,0.155173333333333,0.14026,0.146538888888889,0.139703333333333,0.139788888888889,0.143762222222222,0.146577777777778,0.145617777777778,0.154124444444444,0.173122222222222,0.178236666666667,0.167131111111111,0.199414444444444,0.184152222222222,0.191587777777778,0.181645555555556,0.197591111111111,0.206156666666667,0.191744444444444,0.211535555555556,0.214537777777778,0.219404444444444,0.225573333333333,0.22597,0.233412222222222,0.237572222222222,0.245544444444444,0.250735555555556
328,"GUY","Guyana",1,1,1,1,1,1,1,1,1,1,1,1,1,1,1,1,1,1,1,1,1,1,1,1,1,1,1,1,1,1,1,1,1,1,1,1,1,1,1,1,1,1,1,1,1,1,1,1,1,1,1,1,1,1,1,1,1,1,1,1,1,1,1
332,"HTI","Haiti",0.242138888888889,0.239732222222222,0.243802222222222,0.243486666666667,0.243733333333333,0.241645555555556,0.24308,0.237407777777778,0.243822222222222,0.249657777777778,0.25639,0.291633333333333,0.281844444444444,0.283722222222222,0.283463333333333,0.285244444444444,0.276784444444444,0.28568,0.301266666666667,0.301233333333333,0.300787777777778,0.300844444444444,0.303406666666667,0.295714444444444,0.291514444444444,0.283614444444444,0.273208888888889,0.268705555555556,0.263007777777778,0.243038888888889,0.24388,0.247847777777778,0.234657777777778,0.223337777777778,0.210767777777778,0.218095555555556,0.210718888888889,0.189718888888889,0.200562222222222,0.189714444444444,0.19077,0.181104444444444,0.187538888888889,0.207664444444444,0.203294444444444,0.207231111111111,0.242632222222222,0.228231111111111,0.248703333333333,0.246167777777778,0.2498,0.241695555555556,0.263476666666667,0.253654444444444,0.22534,0.209991111111111,0.219758888888889,0.216486666666667,0.231616666666667,0.211363333333333,0.2208,0.214351111111111,0.20883
336,"VAT","Holy See",NA,NA,NA,NA,NA,NA,NA,NA,NA,NA,NA,NA,NA,NA,NA,NA,NA,NA,NA,NA,NA,NA,NA,NA,NA,NA,NA,NA,NA,NA,NA,NA,NA,NA,NA,NA,NA,NA,NA,NA,NA,NA,NA,NA,NA,NA,NA,NA,NA,NA,NA,NA,NA,NA,NA,NA,NA,NA,NA,NA,NA,NA,NA
340,"HND","Honduras",0.0880033333333333,0.0935622222222222,0.0967688888888889,0.10762,0.109626666666667,0.117512222222222,0.120804444444444,0.123292222222222,0.127023333333333,0.122664444444444,0.124053333333333,0.125577777777778,0.122571111111111,0.121816666666667,0.117676666666667,0.118843333333333,0.131684444444444,0.149186666666667,0.149712222222222,0.160155555555556,0.16919,0.162646666666667,0.168242222222222,0.170843333333333,0.164532222222222,0.166198888888889,0.163866666666667,0.161353333333333,0.173457777777778,0.187608888888889,0.182115555555556,0.178033333333333,0.168817777777778,0.180436666666667,0.185216666666667,0.206556666666667,0.21908,0.21094,0.197653333333333,0.279844444444444,0.281418888888889,0.279781111111111,0.330075555555556,0.333771111111111,0.344933333333333,0.351433333333333,0.388688888888889,0.391571111111111,0.419197777777778,0.339835555555556,0.34468,0.365902222222222,0.368845555555556,0.361225555555556,0.376113333333333,0.39653,0.418861111111111,0.428484444444444,0.410493333333333,0.391195555555556,0.378767777777778,0.385881111111111,0.395466666666667
344,"HKG","Hong Kong",0.75384,0.650322222222222,0.530948888888889,0.458904444444444,0.562936666666667,0.763096666666667,0.837706666666667,0.771742222222222,0.808872222222222,0.835694444444445,0.891343333333333,0.791891111111111,0.758106666666667,0.766463333333333,0.824693333333333,0.895068888888889,0.995521111111111,1,1,1,1,0.971865555555556,0.98493,0.949635555555556,0.871821111111111,0.910011111111111,0.837601111111111,0.791294444444444,0.930375555555556,0.838177777777778,0.820712222222222,0.760277777777778,0.726551111111111,0.747737777777778,0.75758,0.65761,0.727602222222222,0.615336666666667,0.522604444444444,0.409381111111111,0.315613333333333,0.307183333333333,0.307907777777778,0.312051111111111,0.311602222222222,0.382071111111111,0.378326666666667,0.380018888888889,0.376405555555556,0.419544444444444,0.424193333333333,0.495465555555556,0.487858888888889,0.477751111111111,0.464754444444444,0.487678888888889,0.478933333333333,0.492688888888889,0.495608888888889,0.657776666666667,0.659411111111111,0.660822222222222,0.661025555555556
348,"HUN","Hungary",0.25757,0.28082,0.272277777777778,0.285614444444444,0.304111111111111,0.314292222222222,0.331162222222222,0.341196666666667,0.390555555555556,0.308664444444444,0.392378888888889,0.419342222222222,0.453161111111111,0.493862222222222,0.473393333333333,0.474338888888889,0.513305555555556,0.552823333333333,0.483217777777778,0.595154444444444,0.549784444444445,0.629858888888889,0.596443333333333,0.69008,0.647396666666667,0.634278888888889,0.628584444444445,0.691665555555556,0.704928888888889,0.604912222222222,0.696353333333333,0.495268888888889,0.415321111111111,0.552036666666667,0.542668888888889,0.534631111111111,0.618576666666667,0.591965555555556,0.523494444444444,0.477065555555556,0.679454444444444,0.557574444444444,0.448111111111111,0.796731111111111,0.740901111111111,0.681515555555556,0.52868,0.813702222222222,0.665394444444444,0.611381111111111,0.694511111111111,0.577801111111111,0.734018888888889,0.861671111111111,0.78216,0.917798888888889,0.836241111111111,0.835437777777778,0.848994444444444,0.894867777777778,0.82011,0.5784,0.882796666666667
352,"ISL","Iceland",0.00343555555555556,0.00268333333333333,0.00243888888888889,0.00232777777777778,0.00337111111111111,0.00109666666666667,0.00186111111111111,0.00158777777777778,0.00130777777777778,0.00151666666666667,0.00302222222222222,0.00228,0.00164888888888889,0.00342555555555556,0.00167222222222222,0.00185,0.00201555555555556,0.00331,0.00162444444444444,0.00375666666666667,0.00272777777777778,0.00349111111111111,0.00134444444444444,0.00465888888888889,0.00318222222222222,0.00400777777777778,0.00434444444444444,0.00259111111111111,0.00208888888888889,0.00216666666666667,0.00378222222222222,0.00297444444444444,0.00265222222222222,0.00321222222222222,0.00236,0.00346666666666667,0.00277555555555556,0.00367111111111111,0.00305666666666667,0.00335444444444444,0.00374111111111111,0.00293111111111111,0.00280888888888889,0.00387,0.00425444444444444,0.00442666666666667,0.00440888888888889,0.00432666666666667,0.00373888888888889,0.00446777777777778,0.00323555555555556,0.00398666666666667,0.00272222222222222,0.00347555555555556,0.0111522222222222,0.01589,0.0156466666666667,0.00903222222222222,0.0162666666666667,0.0150855555555556,0.01517,0.0177411111111111,0.0157255555555556
356,"IND","India",0.190366666666667,0.189282222222222,0.189457777777778,0.192772222222222,0.185358888888889,0.181575555555556,0.190358888888889,0.202642222222222,0.21442,0.231121111111111,0.233227777777778,0.216825555555556,0.236571111111111,0.221504444444444,0.250003333333333,0.245157777777778,0.264381111111111,0.277805555555556,0.256116666666667,0.255053333333333,0.281388888888889,0.277423333333333,0.313818888888889,0.31329,0.3091,0.309471111111111,0.301506666666667,0.350404444444444,0.37802,0.374672222222222,0.386857777777778,0.410183333333333,0.411387777777778,0.42236,0.443074444444444,0.457053333333333,0.461776666666667,0.464865555555556,0.481635555555556,0.472273333333333,0.48066,0.432167777777778,0.488052222222222,0.475154444444444,0.497643333333333,0.526032222222222,0.595056666666667,0.582373333333333,0.556071111111111,0.625101111111111,0.6642,0.6781,0.690495555555556,0.68899,0.647181111111111,0.685661111111111,0.716371111111111,0.741112222222222,0.761243333333333,0.77262,0.806731111111111,0.819652222222222,0.858783333333333
360,"IDN","Indonesia",0.259527777777778,0.271482222222222,0.247856666666667,0.269778888888889,0.262257777777778,0.269052222222222,0.257903333333333,0.289143333333333,0.287078888888889,0.300076666666667,0.306424444444444,0.295548888888889,0.315106666666667,0.322521111111111,0.318324444444444,0.317987777777778,0.326045555555556,0.353525555555556,0.357083333333333,0.374974444444444,0.403823333333333,0.378985555555556,0.406367777777778,0.429928888888889,0.41519,0.420633333333333,0.401278888888889,0.418244444444444,0.436774444444444,0.44192,0.480648888888889,0.531474444444444,0.519422222222222,0.515271111111111,0.529567777777778,0.522246666666667,0.501803333333333,0.51624,0.507447777777778,0.508447777777778,0.498763333333333,0.504542222222222,0.520555555555556,0.546864444444444,0.571144444444444,0.562557777777778,0.555603333333333,0.581924444444444,0.597502222222222,0.615946666666667,0.601994444444444,0.644378888888889,0.636858888888889,0.637032222222222,0.648583333333333,0.631348888888889,0.671304444444444,0.666188888888889,0.647396666666667,0.642446666666667,0.674688888888889,0.676067777777778,0.665803333333333
364,"IRN","Iran",0.0894533333333333,0.0873688888888889,0.0866188888888889,0.0888066666666667,0.113038888888889,0.122981111111111,0.114123333333333,0.133636666666667,0.12884,0.130916666666667,0.115996666666667,0.132728888888889,0.130484444444444,0.141167777777778,0.157733333333333,0.176742222222222,0.16595,0.17544,0.163327777777778,0.183673333333333,0.192965555555556,0.212172222222222,0.194842222222222,0.202305555555556,0.209583333333333,0.22981,0.222298888888889,0.213885555555556,0.197266666666667,0.253472222222222,0.240248888888889,0.264528888888889,0.266697777777778,0.269117777777778,0.277753333333333,0.274032222222222,0.27541,0.314627777777778,0.261164444444444,0.26813,0.279857777777778,0.344361111111111,0.361655555555556,0.370866666666667,0.372813333333333,0.37475,0.395411111111111,0.244762222222222,0.322115555555556,0.351887777777778,0.301078888888889,0.312646666666667,0.331621111111111,0.349911111111111,0.367525555555556,0.42161,0.367716666666667,0.364465555555556,0.385174444444444,0.381677777777778,0.336155555555556,0.349672222222222,0.364117777777778
368,"IRQ","Iraq",0.0999255555555555,0.121456666666667,0.0771966666666667,0.0893111111111111,0.10707,0.101283333333333,0.109988888888889,0.146685555555556,0.129264444444444,0.118286666666667,0.0953566666666667,0.190787777777778,0.09232,0.105735555555556,0.0817211111111111,0.111938888888889,0.0844266666666667,0.0958255555555556,0.0821377777777778,0.0991777777777778,0.104061111111111,0.106871111111111,0.0960344444444445,0.0713066666666667,0.145751111111111,0.120514444444444,0.0960822222222222,0.127222222222222,0.0917388888888889,0.172995555555556,0.124267777777778,0.139167777777778,0.148796666666667,0.148091111111111,0.146511111111111,0.167336666666667,0.148916666666667,0.162463333333333,0.129756666666667,0.09189,0.142991111111111,0.248938888888889,0.214033333333333,0.195944444444444,0.208297777777778,0.200941111111111,0.189984444444444,0.14911,0.189268888888889,0.264621111111111,0.244503333333333,0.259683333333333,0.339027777777778,0.331967777777778,0.164344444444444,0.18646,0.179542222222222,0.123617777777778,0.312938888888889,0.397661111111111,0.248878888888889,0.171067777777778,0.227331111111111
372,"IRL","Ireland",0.609131111111111,0.636483333333333,0.594771111111111,0.552476666666667,0.582708888888889,0.610677777777778,0.67585,0.74767,0.72813,0.697444444444445,0.778122222222222,0.72132,0.731511111111111,0.777534444444444,0.796977777777778,0.730014444444445,0.93791,0.8744,0.898046666666667,0.883913333333333,0.913385555555556,1,0.964451111111111,1,0.994113333333333,0.999857777777778,1,1,1,1,1,1,1,1,1,1,1,1,1,1,1,0.944015555555555,0.999742222222222,1,0.995411111111111,1,0.998617777777778,1,1,1,1,1,1,1,1,1,1,0.915166666666667,1,1,1,1,1
833,"IMN","Isle of Man",NA,NA,NA,NA,NA,NA,NA,NA,NA,NA,NA,NA,NA,NA,NA,NA,NA,NA,NA,NA,NA,NA,NA,NA,NA,NA,NA,NA,NA,NA,NA,NA,NA,NA,NA,NA,NA,NA,NA,NA,NA,NA,NA,NA,NA,NA,NA,NA,NA,NA,NA,NA,NA,NA,NA,NA,NA,NA,NA,NA,NA,NA,NA
376,"ISR","Israel",0.27704,0.277062222222222,0.266056666666667,0.37912,0.410778888888889,0.340596666666667,0.465838888888889,0.451891111111111,0.462122222222222,0.443171111111111,0.521365555555556,0.622757777777778,0.552705555555556,0.625397777777778,0.603962222222222,0.613511111111111,0.667402222222222,0.685851111111111,0.64641,0.730774444444444,0.771728888888889,0.729338888888889,0.885075555555556,0.683364444444444,0.760912222222222,0.646372222222222,0.688282222222222,0.623397777777778,0.574442222222222,0.675537777777778,0.459528888888889,0.536775555555556,0.508067777777778,0.452477777777778,0.600124444444444,0.636955555555556,0.577884444444444,0.60764,0.42694,0.43609,0.470774444444444,0.482365555555556,0.496398888888889,0.591904444444444,0.591301111111111,0.57419,0.574342222222222,0.460961111111111,0.494078888888889,0.490017777777778,0.545824444444444,0.586993333333333,0.576891111111111,0.547767777777778,0.542531111111111,0.515061111111111,0.374963333333333,0.333217777777778,0.35553,0.463338888888889,0.484128888888889,0.541218888888889,0.498854444444444
380,"ITA","Italy",0.294643333333333,0.301396666666667,0.299592222222222,0.308574444444444,0.324365555555556,0.324077777777778,0.346843333333333,0.33296,0.348013333333333,0.349686666666667,0.419521111111111,0.40069,0.405787777777778,0.419456666666667,0.435061111111111,0.421733333333333,0.377403333333333,0.430336666666667,0.43707,0.453513333333333,0.460426666666667,0.437502222222222,0.460394444444444,0.478716666666667,0.460715555555556,0.513421111111111,0.558518888888889,0.516517777777778,0.531317777777778,0.518862222222222,0.559872222222222,0.556115555555556,0.521741111111111,0.53632,0.55163,0.56439,0.562773333333333,0.58064,0.558826666666667,0.548972222222222,0.528646666666667,0.547532222222222,0.480621111111111,0.604941111111111,0.59523,0.569825555555556,0.56888,0.578814444444444,0.542364444444444,0.550167777777778,0.586746666666667,0.537615555555556,0.565362222222222,0.593184444444445,0.595855555555556,0.598843333333333,0.54895,0.552308888888889,0.528168888888889,0.534843333333333,0.525778888888889,0.479143333333333,0.505511111111111
388,"JAM","Jamaica",0.818973333333333,0.782501111111111,0.84315,0.875836666666667,0.94551,0.975541111111111,0.917186666666667,0.897031111111111,0.807604444444444,0.85902,0.893582222222222,0.883493333333333,0.772904444444445,0.814465555555556,0.763406666666667,0.768428888888889,0.736295555555555,0.820362222222222,0.749798888888889,0.733228888888889,0.663183333333333,0.657893333333333,0.656,0.703,0.677747777777778,0.702777777777778,0.679517777777778,0.782492222222222,0.630871111111111,0.673567777777778,0.714376666666667,0.715882222222222,0.678597777777778,0.698776666666667,0.674565555555556,0.728331111111111,0.683733333333333,0.658915555555556,0.665036666666667,0.598732222222222,0.649028888888889,0.669458888888889,0.648572222222222,0.669308888888889,0.578537777777778,0.698992222222222,0.738591111111111,0.717326666666667,0.654651111111111,0.554614444444445,0.600067777777778,0.599328888888889,0.593204444444444,0.673615555555556,0.633611111111111,0.552636666666667,0.558773333333333,0.555124444444444,0.502973333333333,0.441566666666667,0.458207777777778,0.487922222222222,0.422225555555556
392,"JPN","Japan",0.799835555555556,0.800142222222222,0.761238888888889,0.742474444444444,0.748,0.733586666666667,0.792878888888889,0.799253333333333,0.765652222222222,0.695215555555556,0.62617,0.66646,0.660225555555556,0.657161111111111,0.686207777777778,0.64291,0.70313,0.690798888888889,0.681424444444444,0.604834444444444,0.626478888888889,0.651605555555556,0.641997777777778,0.704663333333333,0.701125555555556,0.704063333333333,0.67708,0.6519,0.66912,0.663453333333333,0.633915555555556,0.667748888888889,0.547791111111111,0.692774444444444,0.655002222222222,0.643504444444444,0.642368888888889,0.601075555555556,0.62174,0.64248,0.638764444444444,0.639277777777778,0.594174444444444,0.623301111111111,0.646337777777778,0.61951,0.640783333333333,0.654837777777778,0.615826666666667,0.603582222222222,0.611674444444444,0.631822222222222,0.627448888888889,0.638803333333333,0.640507777777778,0.623356666666667,0.637927777777778,0.616486666666667,0.640028888888889,0.63212,0.651502222222222,0.638833333333333,0.63483
832,"JEY","Jersey",NA,NA,NA,NA,NA,NA,NA,NA,NA,NA,NA,NA,NA,NA,NA,NA,NA,NA,NA,NA,NA,NA,NA,NA,NA,NA,NA,NA,NA,NA,NA,NA,NA,NA,NA,NA,NA,NA,NA,NA,NA,NA,NA,NA,NA,NA,NA,NA,NA,NA,NA,NA,NA,NA,NA,NA,NA,NA,NA,NA,NA,NA,NA
400,"JOR","Jordan",0.277995555555556,0.218891111111111,0.171245555555556,0.45382,0.433808888888889,0.195295555555556,0.299905555555556,0.145221111111111,0.214886666666667,0.0805722222222222,0.20261,0.250548888888889,0.0736355555555556,0.293061111111111,0.0815511111111111,0.0994822222222222,0.0986122222222222,0.117584444444444,0.0597577777777778,0.188398888888889,0.116887777777778,0.117827777777778,0.1597,0.141287777777778,0.145657777777778,0.0948577777777778,0.145156666666667,0.163498888888889,0.122372222222222,0.261337777777778,0.233252222222222,0.211246666666667,0.161708888888889,0.188518888888889,0.182066666666667,0.199063333333333,0.192972222222222,0.212004444444444,0.139224444444444,0.195732222222222,0.166967777777778,0.291007777777778,0.242691111111111,0.228485555555556,0.28097,0.256685555555556,0.273627777777778,0.251241111111111,0.237633333333333,0.309561111111111,0.322933333333333,0.26191,0.266658888888889,0.264978888888889,0.300196666666667,0.328548888888889,0.306847777777778,0.305552222222222,0.306396666666667,0.321771111111111,0.35688,0.280566666666667,0.3375
398,"KAZ","Kazakhstan",NA,NA,NA,NA,NA,NA,NA,NA,NA,NA,NA,NA,NA,NA,NA,NA,NA,NA,NA,NA,NA,NA,NA,NA,NA,NA,NA,NA,NA,NA,NA,0.19632,0.142705555555556,0.111722222222222,0.0684633333333333,0.0821522222222222,0.0913644444444444,0.0510811111111111,0.108934444444444,0.0970711111111111,0.136915555555556,0.14186,0.135438888888889,0.11741,0.129512222222222,0.14978,0.178601111111111,0.13965,0.183155555555556,0.115061111111111,0.235124444444444,0.12431,0.17167,0.162753333333333,0.172367777777778,0.194277777777778,0.20533,0.207575555555556,0.180155555555556,0.198614444444444,0.167748888888889,0.222611111111111,0.17474
404,"KEN","Kenya",0.117882222222222,0.124416666666667,0.133393333333333,0.13653,0.138958888888889,0.134606666666667,0.151197777777778,0.168727777777778,0.17673,0.172904444444444,0.172004444444444,0.179171111111111,0.195727777777778,0.205246666666667,0.189862222222222,0.212886666666667,0.218796666666667,0.220044444444444,0.216214444444444,0.213391111111111,0.216936666666667,0.242323333333333,0.239766666666667,0.196837777777778,0.207617777777778,0.22941,0.209728888888889,0.22002,0.218345555555556,0.220437777777778,0.244855555555556,0.24234,0.235384444444444,0.240914444444444,0.247753333333333,0.246756666666667,0.233596666666667,0.263412222222222,0.251083333333333,0.23724,0.266663333333333,0.279338888888889,0.281346666666667,0.264687777777778,0.295214444444444,0.316536666666667,0.312375555555556,0.275056666666667,0.27493,0.327888888888889,0.294005555555556,0.317536666666667,0.333544444444444,0.322303333333333,0.338142222222222,0.311348888888889,0.306107777777778,0.330802222222222,0.314223333333333,0.368147777777778,0.320164444444444,0.3311,0.355777777777778
296,"KIR","Kiribati",0.284242222222222,0.253775555555556,0.198622222222222,0.214538888888889,0.309952222222222,0.298592222222222,0.397148888888889,0.258905555555556,0.263803333333333,0.282196666666667,0.337163333333333,0.220701111111111,0.32693,0.424086666666667,0.200052222222222,0.303667777777778,0.308265555555556,0.38029,0.335358888888889,0.294322222222222,0.406774444444444,0.362821111111111,0.273104444444444,0.454528888888889,0.458798888888889,0.502512222222222,0.546201111111111,0.60425,0.384321111111111,0.277491111111111,0.35736,0.368377777777778,0.388415555555556,0.388822222222222,0.388975555555556,0.475841111111111,0.476132222222222,0.549873333333333,0.550263333333333,0.498831111111111,0.499098888888889,0.499564444444444,0.499977777777778,0.666182222222222,0.666485555555556,0.812594444444444,0.842135555555556,0.842395555555556,0.842431111111111,0.842362222222222,0.84217,0.859784444444444,0.870355555555555,0.860114444444445,0.861305555555556,1,1,1,0.895116666666667,0.895276666666667,0.895155555555555,0.927777777777778,0.969982222222222
689,"XKX","Kosovo",NA,NA,NA,NA,NA,NA,NA,NA,NA,NA,NA,NA,NA,NA,NA,NA,NA,NA,NA,NA,NA,NA,NA,NA,NA,NA,NA,NA,NA,NA,NA,NA,NA,NA,NA,NA,NA,NA,NA,NA,NA,NA,NA,NA,NA,NA,NA,NA,NA,NA,NA,NA,NA,NA,NA,NA,NA,NA,NA,NA,NA,NA,NA
414,"KWT","Kuwait",0.158646666666667,0.19836,0.207875555555556,0.246272222222222,0.293161111111111,0.331267777777778,0.380501111111111,0.459242222222222,0.547227777777778,0.615461111111111,0.707134444444444,0.68501,1,1,1,1,1,1,1,1,0.9363,0.754721111111111,0.730977777777778,0.62439,0.997934444444444,0.878327777777778,1,0.952598888888889,0.950908888888889,0.66455,0.225366666666667,0.242652222222222,0.463943333333333,0.5962,0.767515555555556,0.788532222222222,0.865523333333333,1,1,0.752107777777778,0.579333333333333,0.648958888888889,0.788264444444444,0.792332222222222,0.886603333333333,1,1,0.966795555555556,0.966374444444444,1,1,1,1,1,1,0.99663,1,1,1,1,1,1,1
417,"KGZ","Kyrgyzstan",NA,NA,NA,NA,NA,NA,NA,NA,NA,NA,NA,NA,NA,NA,NA,NA,NA,NA,NA,NA,NA,NA,NA,NA,NA,NA,NA,NA,NA,NA,NA,0.295582222222222,0.283767777777778,0.213306666666667,0.201886666666667,0.273086666666667,0.32602,0.338643333333333,0.350626666666667,0.346251111111111,0.391303333333333,0.381425555555556,0.379243333333333,0.401572222222222,0.389577777777778,0.374255555555556,0.354886666666667,0.355235555555556,0.40285,0.358076666666667,0.371696666666667,0.329325555555556,0.385166666666667,0.324928888888889,0.397246666666667,0.404596666666667,0.405737777777778,0.419197777777778,0.425971111111111,0.425008888888889,0.331704444444444,0.419884444444444,0.374757777777778
418,"LAO","Laos",0.146547777777778,0.141493333333333,0.143678888888889,0.19526,0.197082222222222,0.198206666666667,0.214814444444444,0.206633333333333,0.231923333333333,0.232938888888889,0.214431111111111,0.203241111111111,0.210375555555556,0.209385555555556,0.204296666666667,0.167242222222222,0.180488888888889,0.163218888888889,0.204472222222222,0.232816666666667,0.252768888888889,0.242925555555556,0.23923,0.275593333333333,0.276315555555556,0.28323,0.254991111111111,0.228577777777778,0.294351111111111,0.318894444444444,0.269882222222222,0.31597,0.281397777777778,0.328791111111111,0.293777777777778,0.295151111111111,0.325772222222222,0.338345555555556,0.391603333333333,0.432616666666667,0.417065555555556,0.426323333333333,0.40155,0.408718888888889,0.426035555555556,0.42551,0.451441111111111,0.499187777777778,0.522923333333333,0.537276666666667,0.578696666666667,0.594191111111111,0.585015555555556,0.694965555555556,0.756865555555556,0.776972222222222,0.72676,0.730672222222222,0.727941111111111,0.759421111111111,0.745835555555556,0.772584444444445,0.825038888888889
428,"LVA","Latvia",NA,NA,NA,NA,NA,NA,NA,NA,NA,NA,NA,NA,NA,NA,NA,NA,NA,NA,NA,NA,NA,NA,NA,NA,NA,NA,NA,NA,NA,NA,NA,0.185102222222222,0.197286666666667,0.139714444444444,0.190977777777778,0.244234444444444,0.255513333333333,0.240795555555556,0.2207,0.252783333333333,0.258852222222222,0.292475555555556,0.276214444444444,0.305588888888889,0.348282222222222,0.277014444444444,0.373265555555556,0.406914444444444,0.403114444444444,0.361075555555556,0.360812222222222,0.520085555555555,0.472315555555556,0.495573333333333,0.693962222222222,0.612378888888889,0.636165555555556,0.453062222222222,0.68554,0.755477777777778,0.635825555555556,0.676055555555556,0.586158888888889
422,"LBN","Lebanon",0.215004444444444,0.211117777777778,0.209352222222222,0.214505555555556,0.20065,0.209001111111111,0.224587777777778,0.184357777777778,0.157081111111111,0.175956666666667,0.187293333333333,0.21405,0.193525555555556,0.229371111111111,0.184898888888889,0.17605,0.181195555555556,0.192531111111111,0.192075555555556,0.200072222222222,0.180362222222222,0.202323333333333,0.19287,0.199517777777778,0.23015,0.258321111111111,0.307718888888889,0.317561111111111,0.343558888888889,0.366434444444444,0.401766666666667,0.434942222222222,0.419186666666667,0.442138888888889,0.491013333333333,0.504795555555556,0.442534444444444,0.408552222222222,0.486324444444444,0.491227777777778,0.464503333333333,0.472698888888889,0.456467777777778,0.510877777777778,0.479631111111111,0.49838,0.472253333333333,0.527508888888889,0.46537,0.491543333333333,0.480077777777778,0.494085555555556,0.506831111111111,0.522528888888889,0.534091111111111,0.562007777777778,0.558085555555556,0.540076666666667,0.527388888888889,0.525847777777778,0.477568888888889,0.487602222222222,0.486457777777778
426,"LSO","Lesotho",0.123802222222222,0.118313333333333,0.117208888888889,0.115155555555556,0.11244,0.117916666666667,0.112443333333333,0.109976666666667,0.109961111111111,0.09871,0.107877777777778,0.0578111111111111,0.0838366666666667,0.143563333333333,0.0973344444444444,0.0816166666666667,0.192084444444444,0.189485555555556,0.145211111111111,0.122627777777778,0.104076666666667,0.0885333333333333,0.0828966666666667,0.0841055555555556,0.101183333333333,0.0868966666666667,0.0841222222222222,0.124615555555556,0.129043333333333,0.141874444444444,0.0459888888888889,0.0573488888888889,0.0824477777777778,0.118054444444444,0.05759,0.146818888888889,0.134172222222222,0.111592222222222,0.112897777777778,0.101313333333333,0.15392,0.103743333333333,0.0854344444444444,0.0783088888888889,0.0736477777777778,0.0676333333333333,0.0567311111111111,0.0495144444444444,0.0540855555555556,0.110992222222222,0.0823144444444444,0.0813755555555556,0.0956377777777778,0.0901677777777778,0.09188,0.0309155555555556,0.0977811111111111,0.0757433333333333,0.0782511111111111,0.03534,0.114093333333333,0.0784611111111111,0.0816666666666667
430,"LBR","Liberia",0.0722855555555556,0.0753655555555555,0.0765166666666667,0.0792288888888889,0.0819355555555556,0.0875622222222222,0.0875133333333333,0.0919922222222222,0.0939788888888889,0.104543333333333,0.112635555555556,0.113073333333333,0.116188888888889,0.125761111111111,0.122798888888889,0.128588888888889,0.133652222222222,0.130727777777778,0.130956666666667,0.13282,0.138526666666667,0.142941111111111,0.142003333333333,0.145827777777778,0.146628888888889,0.145371111111111,0.147986666666667,0.15238,0.150008888888889,0.131138888888889,0.103156666666667,0.109993333333333,0.0984922222222222,0.0915833333333333,0.0917688888888889,0.108054444444444,0.137511111111111,0.141336666666667,0.137411111111111,0.135768888888889,0.128447777777778,0.121167777777778,0.119332222222222,0.122474444444444,0.132771111111111,0.13319,0.154221111111111,0.161184444444444,0.151685555555556,0.152307777777778,0.144683333333333,0.147972222222222,0.141197777777778,0.140317777777778,0.151125555555556,0.1733,0.141897777777778,0.146722222222222,0.15428,0.158577777777778,0.156883333333333,0.16317,0.15853
434,"LBY","Libya",0.0181333333333333,0.0197566666666667,0.0197588888888889,0.0178844444444444,0.0262411111111111,0.0266611111111111,0.0300911111111111,0.0281566666666667,0.0294766666666667,0.01815,0.01389,0.0301677777777778,0.0446688888888889,0.0346766666666667,0.0457655555555556,0.0538088888888889,0.02702,0.0488177777777778,0.0406188888888889,0.0439077777777778,0.0480933333333333,0.0543255555555556,0.0672322222222222,0.0523,0.0499277777777778,0.0571255555555556,0.0568388888888889,0.0578188888888889,0.06234,0.0577122222222222,0.0566622222222222,0.0526444444444445,0.0501866666666667,0.0500611111111111,0.0496477777777778,0.04853,0.0533477777777778,0.0589555555555556,0.0610333333333333,0.05909,0.0579555555555556,0.0594688888888889,0.0605577777777778,0.0609022222222222,0.0637144444444444,0.0615688888888889,0.0620555555555556,0.0622477777777778,0.0632277777777778,0.0682433333333333,0.07221,0.0770122222222222,0.0759933333333333,0.0760922222222222,0.0706177777777778,0.0763233333333333,0.06638,0.0735655555555556,0.0670466666666667,0.06695,0.0666488888888889,0.0663888888888889,0.0663055555555556
438,"LIE","Liechtenstein",NA,NA,NA,NA,NA,NA,NA,NA,NA,NA,NA,NA,NA,NA,NA,NA,NA,NA,NA,NA,NA,NA,NA,NA,NA,NA,NA,NA,NA,NA,NA,NA,NA,NA,NA,NA,NA,NA,NA,NA,NA,NA,NA,NA,NA,NA,NA,NA,NA,NA,NA,NA,NA,NA,NA,NA,NA,NA,NA,NA,NA,NA,NA
440,"LTU","Lithuania",NA,NA,NA,NA,NA,NA,NA,NA,NA,NA,NA,NA,NA,NA,NA,NA,NA,NA,NA,NA,NA,NA,NA,NA,NA,NA,NA,NA,NA,NA,NA,0.19072,0.242437777777778,0.201882222222222,0.179852222222222,0.244917777777778,0.273895555555556,0.261566666666667,0.204056666666667,0.254012222222222,0.378853333333333,0.420758888888889,0.456648888888889,0.472826666666667,0.391913333333333,0.268354444444444,0.444402222222222,0.490433333333333,0.51079,0.383203333333333,0.431843333333333,0.582423333333333,0.541725555555556,0.600096666666667,0.79977,0.738946666666667,0.786876666666667,0.575634444444444,0.698027777777778,0.869421111111111,0.716623333333333,0.755151111111111,0.740634444444444
442,"LUX","Luxembourg",NA,NA,NA,NA,NA,NA,NA,NA,NA,NA,NA,NA,NA,NA,NA,NA,NA,NA,NA,NA,NA,NA,NA,NA,NA,NA,NA,NA,NA,NA,NA,NA,NA,NA,NA,NA,NA,NA,NA,0.60073,0.571126666666667,0.687677777777778,0.66265,0.741353333333333,0.671348888888889,0.68262,0.636867777777778,0.764466666666667,0.76981,0.675252222222222,0.616105555555556,0.620462222222222,0.691358888888889,0.674733333333333,0.693775555555556,0.558296666666667,0.598138888888889,0.627094444444444,0.635268888888889,0.572651111111111,0.548142222222222,0.650953333333333,0.578365555555556
446,"MAC","Macao",NA,NA,NA,NA,NA,NA,NA,NA,NA,NA,NA,NA,NA,NA,NA,NA,NA,NA,NA,NA,NA,NA,NA,NA,NA,NA,NA,NA,NA,NA,NA,NA,NA,NA,NA,NA,NA,NA,NA,NA,NA,NA,NA,NA,NA,NA,NA,NA,NA,NA,NA,NA,NA,NA,NA,NA,NA,NA,NA,NA,NA,NA,NA
450,"MDG","Madagascar",0.178931111111111,0.182716666666667,0.187671111111111,0.196127777777778,0.190438888888889,0.190533333333333,0.197978888888889,0.201335555555556,0.209565555555556,0.212586666666667,0.209743333333333,0.20796,0.207326666666667,0.224723333333333,0.197716666666667,0.206812222222222,0.191511111111111,0.177515555555556,0.184562222222222,0.186374444444444,0.18035,0.178313333333333,0.190788888888889,0.193195555555556,0.195633333333333,0.205284444444444,0.195497777777778,0.194017777777778,0.206356666666667,0.204343333333333,0.202743333333333,0.202123333333333,0.205263333333333,0.197465555555556,0.202908888888889,0.206855555555556,0.210606666666667,0.206204444444444,0.212498888888889,0.205868888888889,0.211895555555556,0.204082222222222,0.216748888888889,0.22716,0.254955555555556,0.263877777777778,0.267494444444444,0.279932222222222,0.308253333333333,0.315697777777778,0.304942222222222,0.318758888888889,0.276274444444444,0.292631111111111,0.28049,0.284401111111111,0.274601111111111,0.289504444444444,0.286583333333333,0.297366666666667,0.314078888888889,0.325961111111111,0.338053333333333
454,"MWI","Malawi",0.184564444444444,0.186824444444444,0.169958888888889,0.181258888888889,0.169492222222222,0.167516666666667,0.207641111111111,0.181434444444444,0.181527777777778,0.173263333333333,0.201243333333333,0.206105555555556,0.201463333333333,0.199427777777778,0.193071111111111,0.20839,0.23162,0.228254444444444,0.226075555555556,0.233795555555556,0.234816666666667,0.236287777777778,0.226995555555556,0.228144444444444,0.231664444444444,0.223358888888889,0.215548888888889,0.231376666666667,0.22063,0.211273333333333,0.237715555555556,0.167325555555556,0.257508888888889,0.21087,0.253608888888889,0.273735555555556,0.239321111111111,0.257623333333333,0.287314444444444,0.30525,0.284327777777778,0.252684444444444,0.278232222222222,0.267391111111111,0.217841111111111,0.312573333333333,0.364741111111111,0.334104444444444,0.39335,0.379974444444444,0.409715555555556,0.451294444444444,0.46239,0.511468888888889,0.433947777777778,0.401514444444444,0.49049,0.454577777777778,0.492263333333333,0.513006666666667,0.550824444444444,0.530166666666667,0.539871111111111
458,"MYS","Malaysia",0.168286666666667,0.16109,0.161646666666667,0.151964444444444,0.156506666666667,0.162947777777778,0.160705555555556,0.177872222222222,0.18493,0.194557777777778,0.202062222222222,0.203433333333333,0.213175555555556,0.228226666666667,0.24136,0.241205555555556,0.239665555555556,0.238642222222222,0.26203,0.277824444444444,0.287921111111111,0.312846666666667,0.281954444444444,0.314527777777778,0.323306666666667,0.320846666666667,0.295311111111111,0.305631111111111,0.325096666666667,0.330021111111111,0.326838888888889,0.340397777777778,0.382075555555556,0.370217777777778,0.392788888888889,0.404134444444444,0.423262222222222,0.39092,0.464138888888889,0.475843333333333,0.488138888888889,0.48829,0.526548888888889,0.546675555555556,0.575847777777778,0.606884444444444,0.60211,0.654021111111111,0.631897777777778,0.603162222222222,0.65355,0.639985555555556,0.619596666666667,0.608475555555556,0.603466666666667,0.539393333333333,0.620711111111111,0.599625555555556,0.599522222222222,0.595444444444444,0.568158888888889,0.583426666666667,0.580135555555556
462,"MDV","Maldives",0.48817,0.508972222222222,0.527082222222222,0.547336666666667,0.564938888888889,0.679311111111111,0.716333333333333,0.735368888888889,0.739602222222222,0.746771111111111,0.566435555555556,0.394768888888889,0.39461,0.386374444444444,0.560622222222222,0.41082,0.542428888888889,0.439488888888889,0.334467777777778,0.518222222222222,0.51393,0.455598888888889,0.496183333333333,0.532145555555556,0.536913333333333,0.542023333333333,0.496113333333333,0.513807777777778,0.570932222222222,0.430724444444444,0.363474444444444,0.412567777777778,0.398255555555556,0.387873333333333,0.38854,0.442692222222222,0.430488888888889,0.39343,0.352978888888889,0.410404444444444,0.485408888888889,0.406826666666667,0.625147777777778,0.801471111111111,0.488541111111111,0.383794444444444,0.249836666666667,0.319727777777778,0.427195555555556,0.383208888888889,0.387361111111111,0.221597777777778,0.168486666666667,0.252344444444444,0.290595555555556,0.331342222222222,0.320554444444444,0.40658,0.639571111111111,0.668903333333333,0.158711111111111,0.124613333333333,0.256926666666667
466,"MLI","Mali",0.175963333333333,0.183294444444444,0.180246666666667,0.166834444444444,0.172295555555556,0.171171111111111,0.188197777777778,0.173102222222222,0.199533333333333,0.183435555555556,0.187868888888889,0.16538,0.166365555555556,0.198042222222222,0.233291111111111,0.210326666666667,0.199531111111111,0.20724,0.198684444444444,0.17712,0.19447,0.21263,0.221158888888889,0.192071111111111,0.266105555555556,0.278197777777778,0.26106,0.350316666666667,0.322057777777778,0.313716666666667,0.382007777777778,0.321433333333333,0.231964444444444,0.260793333333333,0.24848,0.189408888888889,0.198742222222222,0.21719,0.231664444444444,0.172304444444444,0.22288,0.186763333333333,0.211944444444444,0.225191111111111,0.215407777777778,0.203017777777778,0.194494444444444,0.216292222222222,0.238163333333333,0.233802222222222,0.292504444444444,0.283861111111111,0.290621111111111,0.293157777777778,0.309873333333333,0.326626666666667,0.321661111111111,0.347458888888889,0.342176666666667,0.299716666666667,0.29986,0.306465555555556,0.327453333333333
470,"MLT","Malta",0.256344444444444,0.286267777777778,0.307678888888889,0.332356666666667,0.343415555555556,0.26797,0.298193333333333,0.287167777777778,0.317847777777778,0.25587,0.276338888888889,0.295655555555556,0.291344444444444,0.280037777777778,0.316252222222222,0.357624444444444,0.327234444444444,0.300766666666667,0.337204444444444,0.409338888888889,0.390251111111111,0.43967,0.453185555555556,0.41382,0.413727777777778,0.40381,0.404221111111111,0.403095555555556,0.415875555555556,0.423294444444444,0.406887777777778,0.427886666666667,0.437505555555556,0.460356666666667,0.563534444444444,0.585098888888889,0.73289,0.836383333333333,0.82041,0.841654444444444,0.741118888888889,0.784827777777778,0.700883333333333,0.789218888888889,0.858498888888889,0.884922222222222,0.883576666666667,0.98768,0.915591111111111,0.828297777777778,0.830401111111111,0.790677777777778,0.798451111111111,0.820861111111111,0.766681111111111,0.737167777777778,0.788631111111111,0.213748888888889,0.197264444444444,0.207155555555556,0.212793333333333,0.213178888888889,0.217364444444444
584,"MHL","Marshall Islands",NA,NA,NA,NA,NA,NA,NA,NA,NA,NA,NA,NA,NA,NA,NA,NA,NA,NA,NA,NA,NA,NA,NA,NA,NA,NA,NA,NA,NA,NA,NA,NA,NA,NA,NA,NA,NA,NA,NA,NA,NA,NA,NA,NA,NA,NA,NA,NA,NA,NA,NA,NA,NA,NA,NA,NA,NA,NA,NA,NA,NA,NA,NA
478,"MRT","Mauritania",0.0788411111111111,0.0801544444444444,0.0816188888888889,0.0822311111111111,0.0884822222222222,0.0828711111111111,0.0834577777777778,0.0862088888888889,0.0926966666666667,0.0805033333333333,0.0691322222222222,0.0566233333333333,0.0490577777777778,0.07574,0.0802244444444444,0.07678,0.0650344444444445,0.0772422222222222,0.0704444444444444,0.0760566666666667,0.08134,0.0719011111111111,0.0525855555555556,0.0568511111111111,0.0857933333333333,0.08843,0.0958588888888889,0.0999177777777778,0.10317,0.0643733333333333,0.0638966666666667,0.0629688888888889,0.0833033333333333,0.0957366666666667,0.105192222222222,0.110688888888889,0.0848866666666667,0.0965455555555556,0.102166666666667,0.100017777777778,0.0812033333333333,0.07801,0.101504444444444,0.0765644444444444,0.0989244444444444,0.0970955555555556,0.103098888888889,0.106154444444444,0.10459,0.134471111111111,0.107482222222222,0.154536666666667,0.146038888888889,0.163483333333333,0.14743,0.14643,0.165225555555556,0.184835555555556,0.160025555555556,0.178491111111111,0.20337,0.221432222222222,0.22369
480,"MUS","Mauritius",1,1,1,1,1,1,1,1,1,1,1,1,1,1,1,1,1,1,1,1,1,1,1,1,1,1,1,1,1,1,1,1,1,1,1,1,1,1,1,1,1,1,1,1,1,1,1,1,1,1,1,1,1,1,1,1,1,1,1,1,1,1,1
484,"MEX","Mexico",0.182906666666667,0.193628888888889,0.20809,0.243615555555556,0.263137777777778,0.272371111111111,0.271936666666667,0.288057777777778,0.273525555555556,0.302114444444444,0.303924444444444,0.302004444444444,0.316391111111111,0.325821111111111,0.333236666666667,0.300834444444444,0.341223333333333,0.361613333333333,0.338887777777778,0.37204,0.40981,0.367035555555556,0.38423,0.406098888888889,0.431208888888889,0.407262222222222,0.405001111111111,0.350361111111111,0.341233333333333,0.348307777777778,0.327834444444444,0.32378,0.317021111111111,0.339617777777778,0.34329,0.365201111111111,0.35398,0.36834,0.347302222222222,0.340412222222222,0.372805555555556,0.356656666666667,0.377575555555556,0.379491111111111,0.357666666666667,0.385778888888889,0.394008888888889,0.402486666666667,0.372335555555556,0.40381,0.368294444444444,0.417377777777778,0.435233333333333,0.468442222222222,0.442602222222222,0.481903333333333,0.524018888888889,0.52849,0.529611111111111,0.443343333333333,0.456397777777778,0.474898888888889,0.474387777777778
583,"FSM","Micronesia",NA,NA,NA,NA,NA,NA,NA,NA,NA,NA,NA,NA,NA,NA,NA,NA,NA,NA,NA,NA,NA,NA,NA,NA,NA,NA,NA,NA,NA,NA,0.00229666666666667,0.00238888888888889,0.00245555555555556,0.00256333333333333,1,1,1,1,1,1,1,1,1,1,1,1,1,1,1,1,1,1,1,1,1,1,1,1,1,1,1,1,1
498,"MDA","Moldova",NA,NA,NA,NA,NA,NA,NA,NA,NA,NA,NA,NA,NA,NA,NA,NA,NA,NA,NA,NA,NA,NA,NA,NA,NA,NA,NA,NA,NA,NA,NA,0.291902222222222,0.410666666666667,0.235345555555556,0.336795555555556,0.267411111111111,0.38214,0.288292222222222,0.269296666666667,0.243448888888889,0.3158,0.316443333333333,0.258091111111111,0.342976666666667,0.348204444444444,0.310992222222222,0.209625555555556,0.399278888888889,0.279561111111111,0.329112222222222,0.33575,0.199406666666667,0.366074444444444,0.441364444444444,0.327083333333333,0.440813333333333,0.497537777777778,0.515356666666667,0.520751111111111,0.242342222222222,0.57924,0.297552222222222,0.467628888888889
492,"MCO","Monaco",NA,NA,NA,NA,NA,NA,NA,NA,NA,NA,NA,NA,NA,NA,NA,NA,NA,NA,NA,NA,NA,NA,NA,NA,NA,NA,NA,NA,NA,NA,NA,NA,NA,NA,NA,NA,NA,NA,NA,NA,NA,NA,NA,NA,NA,NA,NA,NA,NA,NA,NA,NA,NA,NA,NA,NA,NA,NA,NA,NA,NA,NA,NA
496,"MNG","Mongolia",0.0474355555555556,0.105484444444444,0.103474444444444,0.101998888888889,0.0876755555555555,0.0708022222222222,0.0948788888888889,0.0659066666666667,0.0422433333333333,0.0898433333333333,0.112181111111111,0.0616755555555556,0.1353,0.09255,0.135954444444444,0.0924811111111111,0.0877144444444444,0.0721966666666667,0.0674455555555556,0.0572788888888889,0.0668355555555556,0.10293,0.143476666666667,0.104972222222222,0.151531111111111,0.155067777777778,0.122407777777778,0.140138888888889,0.144378888888889,0.123838888888889,0.102301111111111,0.0854388888888889,0.0834155555555555,0.0601066666666667,0.04787,0.0404911111111111,0.0480711111111111,0.0365744444444444,0.0364155555555556,0.0315711111111111,0.0316688888888889,0.0281388888888889,0.0373155555555556,0.0320455555555556,0.0204022222222222,0.03624,0.0310766666666667,0.0492422222222222,0.0822777777777778,0.0755011111111111,0.0883355555555556,0.0971066666666667,0.0874333333333333,0.112292222222222,0.04977,0.0959211111111111,0.0503788888888889,0.0914411111111111,0.108791111111111,0.105586666666667,0.150912222222222,0.112541111111111,0.12236
499,"MNE","Montenegro",NA,NA,NA,NA,NA,NA,NA,NA,NA,NA,NA,NA,NA,NA,NA,NA,NA,NA,NA,NA,NA,NA,NA,NA,NA,NA,NA,NA,NA,NA,NA,NA,NA,NA,NA,NA,NA,NA,NA,NA,NA,NA,NA,NA,NA,0.927046666666667,0.325426666666667,0.402353333333333,0.418013333333333,0.412423333333333,0.440882222222222,0.374677777777778,0.416735555555556,0.41434,0.435727777777778,0.446807777777778,0.422748888888889,0.42834,0.385651111111111,0.400175555555556,0.406656666666667,0.39896,0.385777777777778
504,"MAR","Morocco",0.0653655555555556,0.128538888888889,0.139482222222222,0.129004444444444,0.13354,0.09257,0.125982222222222,0.216885555555556,0.145441111111111,0.155725555555556,0.187931111111111,0.184551111111111,0.12744,0.186218888888889,0.144735555555556,0.200582222222222,0.107591111111111,0.161477777777778,0.151777777777778,0.157553333333333,0.09174,0.169221111111111,0.136394444444444,0.139514444444444,0.182901111111111,0.25131,0.160812222222222,0.256134444444444,0.232751111111111,0.201511111111111,0.26253,0.11269,0.107123333333333,0.259012222222222,0.0791322222222222,0.273118888888889,0.139528888888889,0.202863333333333,0.140962222222222,0.09546,0.16444,0.185592222222222,0.241064444444444,0.277664444444444,0.17093,0.304294444444444,0.127965555555556,0.201696666666667,0.32954,0.272175555555556,0.29749,0.20174,0.304073333333333,0.257487777777778,0.371117777777778,0.151386666666667,0.290208888888889,0.329222222222222,0.23427,0.167684444444444,0.351158888888889,0.185954444444444,0.215975555555556
508,"MOZ","Mozambique",0.183157777777778,0.186278888888889,0.180845555555556,0.190591111111111,0.177681111111111,0.187448888888889,0.204003333333333,0.21149,0.207264444444444,0.209763333333333,0.210582222222222,0.223572222222222,0.222871111111111,0.213284444444444,0.192928888888889,0.190102222222222,0.180815555555556,0.178162222222222,0.17413,0.179762222222222,0.177958888888889,0.159897777777778,0.143497777777778,0.132732222222222,0.128363333333333,0.133455555555556,0.122937777777778,0.120496666666667,0.123802222222222,0.13054,0.118443333333333,0.0969588888888889,0.120786666666667,0.119757777777778,0.143611111111111,0.158376666666667,0.165668888888889,0.174036666666667,0.181703333333333,0.158766666666667,0.169918888888889,0.156481111111111,0.180506666666667,0.182522222222222,0.159016666666667,0.188381111111111,0.177708888888889,0.16743,0.191531111111111,0.200756666666667,0.217995555555556,0.228468888888889,0.176535555555556,0.169297777777778,0.14426,0.164435555555556,0.181404444444444,0.208587777777778,0.222403333333333,0.20571,0.22709,0.243308888888889,0.244716666666667
104,"MMR","Myanmar",0.133315555555556,0.15119,0.159682222222222,0.163998888888889,0.157784444444444,0.133845555555556,0.147878888888889,0.156724444444444,0.155985555555556,0.159231111111111,0.165044444444444,0.154614444444444,0.174887777777778,0.175382222222222,0.184163333333333,0.185374444444444,0.191523333333333,0.21196,0.211681111111111,0.249801111111111,0.272306666666667,0.290558888888889,0.300288888888889,0.307053333333333,0.317255555555556,0.314896666666667,0.301792222222222,0.289667777777778,0.275421111111111,0.278214444444444,0.277597777777778,0.319343333333333,0.345204444444444,0.371961111111111,0.39158,0.406163333333333,0.39574,0.407874444444444,0.463987777777778,0.49064,0.515837777777778,0.53267,0.568954444444444,0.603357777777778,0.659433333333333,0.717174444444444,0.732714444444444,0.766491111111111,0.774725555555556,0.781695555555555,0.72976,0.706357777777778,0.734228888888889,0.688194444444444,0.683928888888889,0.67271,0.644418888888889,0.656855555555556,0.644096666666667,0.631821111111111,0.650186666666667,0.658715555555555,0.632804444444444
516,"NAM","Namibia",0.0229055555555556,0.0242377777777778,0.02444,0.0257844444444444,0.0274133333333333,0.0283822222222222,0.0292322222222222,0.03032,0.03102,0.0311077777777778,0.0320066666666667,0.0324433333333333,0.0334766666666667,0.0338744444444444,0.0352233333333333,0.0352688888888889,0.0367522222222222,0.0371444444444444,0.0382733333333333,0.0389433333333333,0.0399288888888889,0.0411177777777778,0.0428588888888889,0.0444977777777778,0.0397155555555556,0.0445722222222222,0.0435322222222222,0.0475466666666667,0.0515666666666667,0.0526811111111111,0.0543855555555556,0.0288066666666667,0.0409188888888889,0.0506811111111111,0.0366877777777778,0.0438,0.0622022222222222,0.0572844444444444,0.0443122222222222,0.0580544444444444,0.0587488888888889,0.0481944444444444,0.0514922222222222,0.0686277777777778,0.0611255555555556,0.0767377777777778,0.0582988888888889,0.0563488888888889,0.0560788888888889,0.0599366666666667,0.06027,0.0705866666666667,0.0531322222222222,0.0610277777777778,0.0623411111111111,0.0517833333333333,0.0684322222222222,0.0753322222222222,0.0493811111111111,0.0800355555555556,0.0724488888888889,0.0741,0.06864
520,"NRU","Nauru",0.781642222222222,0.781642222222222,0.781642222222222,0.787886666666667,0.677855555555556,0.677855555555556,0.677855555555556,0.677855555555556,0.705424444444444,0.726775555555556,0.748127777777778,0.748127777777778,0.770246666666667,0.793925555555556,0.817605555555556,0.469758888888889,0.684838888888889,0.731431111111111,0.778791111111111,0.82615,0.874303333333333,0.876631111111111,0.833955555555556,0.708018888888889,0.754534444444445,0.758346666666667,0.760444444444444,0.76395,0.76487,0.782968888888889,0.795468888888889,0.812725555555556,0.829603333333333,0.846681111111111,0.863731111111111,0.88072,0.897744444444444,0.914774444444444,0.931801111111111,0.948825555555556,0.965854444444444,0.982881111111111,0.99991,1,1,1,1,1,1,1,1,1,1,1,1,1,1,1,1,1,1,1,1
524,"NPL","Nepal",0.300693333333333,0.301787777777778,0.30428,0.311772222222222,0.319328888888889,0.305228888888889,0.306978888888889,0.319718888888889,0.332938888888889,0.324377777777778,0.315076666666667,0.28745,0.308743333333333,0.312201111111111,0.319298888888889,0.312932222222222,0.29931,0.312127777777778,0.287818888888889,0.317807777777778,0.331986666666667,0.294703333333333,0.369953333333333,0.370294444444444,0.369261111111111,0.354738888888889,0.412426666666667,0.454821111111111,0.488734444444444,0.518783333333333,0.463918888888889,0.519287777777778,0.494998888888889,0.551801111111111,0.563886666666667,0.569143333333333,0.582438888888889,0.582473333333333,0.619412222222222,0.632347777777778,0.644376666666667,0.669398888888889,0.711955555555555,0.716022222222222,0.740103333333333,0.718428888888889,0.784431111111111,0.817992222222222,0.782285555555555,0.851035555555556,0.940738888888889,0.956351111111111,0.983,1,1,1,1,1,1,1,1,1,1
528,"NLD","Netherlands",0.671492222222222,0.703007777777778,0.652824444444444,0.734671111111111,0.607197777777778,0.602862222222222,0.7151,0.675582222222222,0.661831111111111,0.63618,0.671784444444444,0.616836666666667,0.653195555555556,0.647016666666667,0.594068888888889,0.611226666666667,0.624248888888889,0.68428,0.65155,0.650524444444444,0.687914444444444,0.745627777777778,0.648783333333333,0.749175555555555,0.698601111111111,0.771012222222222,0.739275555555556,0.740852222222222,0.787802222222222,0.802127777777778,0.738022222222222,0.797204444444444,0.793195555555556,0.721313333333333,0.760088888888889,0.813124444444445,0.757557777777778,0.661324444444444,0.776513333333333,0.82067,0.753587777777778,0.769164444444444,0.766768888888889,0.81559,0.780658888888889,0.772567777777778,0.777892222222222,0.856402222222222,0.896277777777778,0.870027777777778,0.879831111111111,0.86617,0.852216666666667,0.880678888888889,0.82398,0.774975555555556,0.868785555555556,0.759232222222222,0.85869,0.822238888888889,0.814437777777778,0.887501111111111,0.830243333333333
540,"NCL","New Caledonia",0.515288888888889,0.465912222222222,0.510882222222222,0.581593333333333,0.515702222222222,0.603643333333333,0.555668888888889,0.536054444444445,0.478017777777778,0.319638888888889,0.407082222222222,0.436848888888889,0.450117777777778,0.358198888888889,0.33991,0.280972222222222,0.295925555555556,0.267681111111111,0.253236666666667,0.295596666666667,0.279217777777778,0.258053333333333,0.269725555555556,0.208492222222222,0.220263333333333,0.226941111111111,0.21742,0.217275555555556,0.230134444444444,0.253263333333333,0.248895555555556,0.239323333333333,0.263441111111111,0.2882,0.30024,0.29695,0.31995,0.300052222222222,0.3105,0.372876666666667,0.383763333333333,0.398321111111111,0.4149,0.427574444444444,0.439251111111111,0.417513333333333,0.422821111111111,0.422468888888889,0.394337777777778,0.398713333333333,0.409856666666667,0.488051111111111,0.417464444444444,0.429867777777778,0.530397777777778,0.546471111111111,0.556558888888889,0.57329,0.558455555555556,0.570585555555556,0.518241111111111,0.466624444444444,0.45408
554,"NZL","New Zealand",0.302454444444444,0.277342222222222,0.308565555555556,0.355045555555556,0.333054444444444,0.355405555555556,0.389798888888889,0.513515555555556,0.571867777777778,0.445582222222222,0.522124444444444,0.603212222222222,0.589307777777778,0.466397777777778,0.457136666666667,0.569243333333333,0.553314444444444,0.541536666666667,0.5068,0.512625555555556,0.493883333333333,0.513045555555556,0.527875555555556,0.620795555555556,0.627791111111111,0.639542222222222,0.674995555555556,0.588151111111111,0.495428888888889,0.608693333333333,0.584748888888889,0.575254444444444,0.604076666666667,0.649772222222222,0.608128888888889,0.646234444444444,0.681308888888889,0.641098888888889,0.629602222222222,0.645701111111111,0.63653,0.630618888888889,0.614111111111111,0.530523333333333,0.571655555555556,0.553477777777778,0.574044444444444,0.578757777777778,0.605136666666667,0.549976666666667,0.569596666666667,0.587181111111111,0.534137777777778,0.506764444444444,0.603924444444444,0.547406666666667,0.524137777777778,0.514787777777778,0.50991,0.532278888888889,0.450616666666667,0.504468888888889,0.514751111111111
558,"NIC","Nicaragua",0.153842222222222,0.191131111111111,0.213911111111111,0.261482222222222,0.308445555555556,0.284324444444444,0.309341111111111,0.296134444444444,0.284865555555556,0.253296666666667,0.27809,0.286027777777778,0.293264444444444,0.378491111111111,0.350434444444444,0.337954444444444,0.362861111111111,0.407766666666667,0.365644444444444,0.18896,0.284041111111111,0.272684444444444,0.289876666666667,0.29791,0.254555555555556,0.236417777777778,0.214537777777778,0.192328888888889,0.182022222222222,0.188598888888889,0.198967777777778,0.188885555555556,0.16591,0.17901,0.174962222222222,0.185253333333333,0.174521111111111,0.184116666666667,0.185871111111111,0.193563333333333,0.182672222222222,0.191875555555556,0.234192222222222,0.207474444444444,0.227553333333333,0.228692222222222,0.238116666666667,0.245222222222222,0.286027777777778,0.282771111111111,0.33325,0.369818888888889,0.355805555555556,0.340548888888889,0.323526666666667,0.347631111111111,0.376921111111111,0.382194444444444,0.376323333333333,0.386871111111111,0.393561111111111,0.413715555555556,0.379443333333333
562,"NER","Niger",0.0294644444444444,0.0357644444444444,0.0376977777777778,0.0373388888888889,0.0346466666666667,0.0370322222222222,0.0416366666666667,0.0303944444444444,0.0383144444444444,0.0352644444444444,0.0389288888888889,0.0391077777777778,0.0246544444444444,0.03881,0.0317022222222222,0.0447711111111111,0.0482311111111111,0.0514877777777778,0.0545966666666667,0.0558255555555556,0.0558066666666667,0.0543444444444444,0.0531477777777778,0.0349211111111111,0.0524333333333333,0.0580077777777778,0.0452755555555556,0.0712844444444445,0.0583288888888889,0.0556577777777778,0.0577533333333333,0.0570966666666667,0.0491188888888889,0.0489511111111111,0.0492533333333333,0.05156,0.0406444444444444,0.0734355555555556,0.0645744444444444,0.04879,0.0698588888888889,0.0800822222222222,0.0799,0.0611222222222222,0.0821266666666667,0.0917877777777778,0.0903666666666667,0.123453333333333,0.0857233333333333,0.136612222222222,0.104487777777778,0.11857,0.109294444444444,0.114448888888889,0.123252222222222,0.131654444444444,0.13013,0.144294444444444,0.134746666666667,0.147072222222222,0.0992466666666667,0.156423333333333,0.140268888888889
566,"NGA","Nigeria",0.133447777777778,0.141082222222222,0.144822222222222,0.143234444444444,0.150164444444444,0.130397777777778,0.139285555555556,0.142508888888889,0.159924444444444,0.16487,0.1464,0.121681111111111,0.136226666666667,0.166311111111111,0.137638888888889,0.124056666666667,0.120118888888889,0.111547777777778,0.111738888888889,0.115792222222222,0.117492222222222,0.119223333333333,0.119353333333333,0.129228888888889,0.13958,0.159635555555556,0.164234444444444,0.183416666666667,0.204698888888889,0.21365,0.220826666666667,0.227216666666667,0.233408888888889,0.233626666666667,0.23815,0.247716666666667,0.25475,0.256625555555556,0.258603333333333,0.256198888888889,0.244488888888889,0.257288888888889,0.271006666666667,0.287204444444444,0.3035,0.330307777777778,0.30462,0.324087777777778,0.256033333333333,0.305406666666667,0.259754444444444,0.300343333333333,0.282427777777778,0.307277777777778,0.311241111111111,0.350601111111111,0.352443333333333,0.363675555555556,0.355842222222222,0.356353333333333,0.364546666666667,0.370783333333333,0.364003333333333
570,"NIU","Niue",NA,NA,NA,NA,NA,NA,NA,NA,NA,NA,NA,NA,NA,NA,NA,NA,NA,NA,NA,NA,NA,NA,NA,NA,NA,NA,NA,NA,NA,NA,NA,NA,NA,NA,NA,NA,NA,NA,NA,NA,NA,NA,NA,NA,NA,NA,NA,NA,NA,NA,NA,NA,NA,NA,NA,NA,NA,NA,NA,NA,NA,NA,NA
408,"PRK","North Korea",0.376948888888889,0.393811111111111,0.423778888888889,0.438478888888889,0.406193333333333,0.430858888888889,0.417278888888889,0.41504,0.46301,0.467113333333333,0.480147777777778,0.472537777777778,0.488565555555556,0.522815555555556,0.541673333333333,0.56352,0.587792222222222,0.596014444444444,0.612958888888889,0.575997777777778,0.609935555555556,0.557832222222222,0.574618888888889,0.616281111111111,0.617697777777778,0.650396666666667,0.662643333333333,0.668526666666667,0.683305555555556,0.688297777777778,0.823338888888889,0.789805555555556,0.791784444444444,0.670322222222222,0.46966,0.425385555555556,0.439138888888889,0.53039,0.502723333333333,0.462961111111111,0.522391111111111,0.541698888888889,0.551293333333333,0.558225555555556,0.55367,0.55674,0.504256666666667,0.53806,0.528455555555556,0.527605555555556,0.541646666666667,0.560754444444444,0.566263333333333,0.565437777777778,0.52895,0.535818888888889,0.510116666666667,0.460445555555556,0.574171111111111,0.509321111111111,0.50315,0.491753333333333,0.479524444444444
807,"MKD","North Macedonia",NA,NA,NA,NA,NA,NA,NA,NA,NA,NA,NA,NA,NA,NA,NA,NA,NA,NA,NA,NA,NA,NA,NA,NA,NA,NA,NA,NA,NA,NA,NA,0.294776666666667,0.223642222222222,0.278482222222222,0.306764444444444,0.253177777777778,0.282988888888889,0.312242222222222,0.308056666666667,0.292687777777778,0.244646666666667,0.302812222222222,0.292841111111111,0.389898888888889,0.387181111111111,0.373938888888889,0.318264444444444,0.393582222222222,0.402906666666667,0.39547,0.39405,0.345497777777778,0.396841111111111,0.427776666666667,0.366455555555556,0.432632222222222,0.324484444444444,0.396542222222222,0.382504444444444,0.399098888888889,0.383488888888889,0.385484444444444,0.352052222222222
578,"NOR","Norway",0.211606666666667,0.159961111111111,0.201162222222222,0.193896666666667,0.202512222222222,0.176352222222222,0.199302222222222,0.255931111111111,0.210496666666667,0.260927777777778,0.268993333333333,0.255115555555556,0.289923333333333,0.346344444444444,0.240415555555556,0.265928888888889,0.331723333333333,0.341344444444444,0.318578888888889,0.344592222222222,0.335406666666667,0.35011,0.30801,0.400521111111111,0.364785555555556,0.307361111111111,0.353665555555556,0.298173333333333,0.322567777777778,0.428982222222222,0.389392222222222,0.277098888888889,0.368864444444444,0.290474444444444,0.296135555555556,0.315913333333333,0.337491111111111,0.356955555555556,0.323148888888889,0.347203333333333,0.327428888888889,0.307801111111111,0.346462222222222,0.390024444444445,0.352052222222222,0.323357777777778,0.335606666666667,0.389758888888889,0.301676666666667,0.345105555555556,0.293922222222222,0.310874444444444,0.279761111111111,0.362187777777778,0.397003333333333,0.387535555555556,0.382881111111111,0.221843333333333,0.38216,0.38204,0.346285555555556,0.389031111111111,0.236655555555556
512,"OMN","Oman",0.101513333333333,0.103452222222222,0.104456666666667,0.103807777777778,0.103882222222222,0.108586666666667,0.105782222222222,0.101882222222222,0.11125,0.107014444444444,0.108875555555556,0.108105555555556,0.116082222222222,0.116925555555556,0.11675,0.116691111111111,0.118064444444444,0.11788,0.159156666666667,0.20226,0.268728888888889,0.29601,0.274896666666667,0.259411111111111,0.241102222222222,0.233463333333333,0.221472222222222,0.215483333333333,0.204707777777778,0.217564444444444,0.266021111111111,0.263073333333333,0.311617777777778,0.317298888888889,0.32196,0.326861111111111,0.340633333333333,0.359072222222222,0.393687777777778,0.386914444444444,0.392328888888889,0.365313333333333,0.358795555555556,0.392923333333333,0.398293333333333,0.414408888888889,0.423953333333333,0.425763333333333,0.46207,0.473408888888889,0.468495555555556,0.505622222222222,0.530374444444444,0.53412,0.548607777777778,0.540397777777778,0.60136,0.562445555555556,0.571657777777778,0.861333333333333,0.765267777777778,0.85238,0.860488888888889
586,"PAK","Pakistan",0.0961144444444444,0.104384444444444,0.115276666666667,0.10931,0.11486,0.116196666666667,0.126941111111111,0.141615555555556,0.155433333333333,0.165531111111111,0.168687777777778,0.168065555555556,0.166686666666667,0.175234444444444,0.164557777777778,0.176106666666667,0.194867777777778,0.181236666666667,0.205731111111111,0.201058888888889,0.223088888888889,0.218737777777778,0.21746,0.233108888888889,0.249352222222222,0.284478888888889,0.28692,0.286598888888889,0.306817777777778,0.322698888888889,0.35764,0.327612222222222,0.319793333333333,0.326855555555556,0.368644444444444,0.354637777777778,0.34156,0.370736666666667,0.395286666666667,0.399566666666667,0.367871111111111,0.36746,0.386822222222222,0.451912222222222,0.448233333333333,0.434246666666667,0.462144444444444,0.478237777777778,0.493301111111111,0.456998888888889,0.5018,0.477435555555556,0.506752222222222,0.521157777777778,0.480146666666667,0.498234444444444,0.5285,0.479956666666667,0.486483333333333,0.500733333333333,0.560383333333333,0.509678888888889,0.593762222222222
585,"PLW","Palau",NA,NA,NA,NA,NA,NA,NA,NA,NA,NA,NA,NA,NA,NA,NA,NA,NA,NA,NA,NA,NA,NA,NA,NA,NA,NA,NA,NA,NA,NA,NA,NA,NA,NA,NA,NA,NA,NA,NA,NA,NA,NA,NA,NA,NA,NA,NA,NA,NA,NA,NA,NA,NA,NA,NA,NA,NA,NA,NA,NA,NA,NA,NA
591,"PAN","Panama",0.144715555555556,0.143525555555556,0.155258888888889,0.170585555555556,0.17902,0.17075,0.196352222222222,0.216992222222222,0.224434444444444,0.206867777777778,0.220813333333333,0.202121111111111,0.225517777777778,0.237323333333333,0.262367777777778,0.266902222222222,0.316124444444444,0.334603333333333,0.328257777777778,0.302366666666667,0.281984444444444,0.309705555555556,0.27946,0.273697777777778,0.258596666666667,0.233038888888889,0.235727777777778,0.217793333333333,0.224544444444444,0.223518888888889,0.212325555555556,0.236682222222222,0.234684444444444,0.241496666666667,0.225625555555556,0.239897777777778,0.219577777777778,0.243831111111111,0.231855555555556,0.231712222222222,0.221337777777778,0.234531111111111,0.2471,0.235397777777778,0.237886666666667,0.243714444444444,0.244603333333333,0.240592222222222,0.233151111111111,0.224713333333333,0.248332222222222,0.249184444444444,0.26472,0.277822222222222,0.272661111111111,0.291878888888889,0.295931111111111,0.329208888888889,0.342257777777778,0.366642222222222,0.357992222222222,0.385218888888889,0.306374444444444
598,"PNG","Papua New Guinea",0.380471111111111,0.3846,0.398685555555556,0.381328888888889,0.396021111111111,0.412518888888889,0.38362,0.394674444444444,0.396758888888889,0.389454444444444,0.388524444444444,0.392561111111111,0.379387777777778,0.372062222222222,0.373456666666667,0.369195555555556,0.383292222222222,0.394821111111111,0.373435555555556,0.397382222222222,0.385764444444444,0.398745555555556,0.416775555555556,0.456818888888889,0.478843333333333,0.437106666666667,0.449238888888889,0.42303,0.381516666666667,0.355155555555556,0.354993333333333,0.404975555555556,0.416496666666667,0.376063333333333,0.378121111111111,0.431673333333333,0.41952,0.403224444444444,0.439913333333333,0.449858888888889,0.356048888888889,0.375173333333333,0.371158888888889,0.373825555555556,0.377454444444444,0.368064444444444,0.482285555555556,0.45022,0.446467777777778,0.446796666666667,0.457876666666667,0.450917777777778,0.456851111111111,0.55132,0.54944,0.551336666666667,0.516057777777778,0.519586666666667,0.526056666666667,0.447912222222222,0.45603,0.464451111111111,0.48964
600,"PRY","Paraguay",0.192281111111111,0.206294444444444,0.222994444444444,0.256002222222222,0.26958,0.248242222222222,0.277244444444444,0.272615555555556,0.281886666666667,0.349076666666667,0.382624444444444,0.394948888888889,0.403358888888889,0.453087777777778,0.425675555555556,0.445518888888889,0.530473333333333,0.480247777777778,0.515348888888889,0.472763333333333,0.564666666666667,0.544728888888889,0.580946666666667,0.634106666666667,0.734924444444444,0.55611,0.686598888888889,0.819277777777778,0.88639,0.899043333333333,0.654435555555556,0.59081,0.773461111111111,0.71515,0.800402222222222,0.828102222222222,0.860243333333333,0.82741,0.828202222222222,0.79138,0.92629,0.833662222222222,1,0.938601111111111,0.952354444444444,0.920937777777778,1,1,0.902157777777778,1,1,0.99333,1,1,1,1,1,1,1,1,1,1,1
604,"PER","Peru",0.481262222222222,0.465402222222222,0.377247777777778,0.382767777777778,0.362026666666667,0.3961,0.384036666666667,0.34606,0.35095,0.369212222222222,0.372257777777778,0.299707777777778,0.296564444444444,0.301878888888889,0.296023333333333,0.277016666666667,0.274121111111111,0.249707777777778,0.24805,0.218897777777778,0.236243333333333,0.244237777777778,0.200967777777778,0.241732222222222,0.247706666666667,0.248061111111111,0.247703333333333,0.261363333333333,0.264365555555556,0.209311111111111,0.202508888888889,0.169156666666667,0.190187777777778,0.224378888888889,0.241952222222222,0.263945555555556,0.261774444444444,0.261018888888889,0.29384,0.312678888888889,0.311424444444444,0.32963,0.339048888888889,0.318067777777778,0.332093333333333,0.347272222222222,0.349346666666667,0.379667777777778,0.387126666666667,0.377102222222222,0.370576666666667,0.395592222222222,0.397154444444444,0.390958888888889,0.361538888888889,0.376745555555556,0.364478888888889,0.384231111111111,0.396903333333333,0.365133333333333,0.347488888888889,0.380734444444444,0.377244444444444
608,"PHL","Philippines",0.381075555555556,0.424098888888889,0.448032222222222,0.430982222222222,0.426496666666667,0.440286666666667,0.425452222222222,0.425813333333333,0.432773333333333,0.466476666666667,0.510384444444445,0.508305555555556,0.504916666666667,0.500532222222222,0.570013333333333,0.617535555555556,0.566041111111111,0.552188888888889,0.520087777777778,0.517768888888889,0.542516666666667,0.553931111111111,0.492578888888889,0.482876666666667,0.49855,0.546081111111111,0.510225555555555,0.481657777777778,0.513175555555556,0.600548888888889,0.567384444444444,0.567772222222222,0.586571111111111,0.61149,0.597613333333333,0.617955555555556,0.634547777777778,0.554185555555556,0.619323333333333,0.645452222222222,0.664515555555556,0.6868,0.70286,0.717432222222222,0.726854444444444,0.740093333333333,0.742054444444444,0.765457777777778,0.745321111111111,0.709497777777778,0.754513333333333,0.769766666666667,0.756987777777778,0.767902222222222,0.746886666666667,0.716728888888889,0.774271111111111,0.763115555555556,0.746901111111111,0.762524444444444,0.780871111111111,0.770476666666667,0.763586666666667
616,"POL","Poland",0.366161111111111,0.321972222222222,0.353844444444444,0.348773333333333,0.383976666666667,0.387276666666667,0.408366666666667,0.431263333333333,0.419431111111111,0.404972222222222,0.439193333333333,0.46514,0.494946666666667,0.501347777777778,0.453108888888889,0.484977777777778,0.437996666666667,0.486231111111111,0.411764444444444,0.381404444444444,0.44779,0.447105555555556,0.476713333333333,0.530384444444444,0.514971111111111,0.545274444444444,0.548004444444444,0.521456666666667,0.567866666666667,0.581198888888889,0.551612222222222,0.412381111111111,0.49641,0.436011111111111,0.523651111111111,0.511481111111111,0.496346666666667,0.545593333333333,0.505576666666667,0.460396666666667,0.529691111111111,0.536565555555556,0.482145555555555,0.609375555555556,0.567087777777778,0.475473333333333,0.608635555555556,0.599541111111111,0.651622222222222,0.658638888888889,0.628532222222222,0.663987777777778,0.689375555555556,0.78057,0.691701111111111,0.723201111111111,0.778164444444444,0.629748888888889,0.668354444444444,0.806671111111111,0.788527777777778,0.818062222222222,0.822806666666667
620,"PRT","Portugal",0.181131111111111,0.200637777777778,0.207131111111111,0.185175555555556,0.198464444444444,0.159015555555556,0.209477777777778,0.21708,0.180755555555556,0.194473333333333,0.209271111111111,0.189138888888889,0.17695,0.182077777777778,0.180877777777778,0.182878888888889,0.129942222222222,0.139411111111111,0.14847,0.159304444444444,0.129075555555556,0.158587777777778,0.134297777777778,0.167623333333333,0.160008888888889,0.179214444444444,0.186374444444444,0.149587777777778,0.189586666666667,0.165724444444444,0.198846666666667,0.162104444444444,0.167128888888889,0.178378888888889,0.165908888888889,0.192641111111111,0.185024444444444,0.16934,0.214773333333333,0.192811111111111,0.171958888888889,0.20036,0.174408888888889,0.204893333333333,0.162585555555556,0.211643333333333,0.195595555555556,0.215196666666667,0.20207,0.196257777777778,0.186048888888889,0.183005555555556,0.208596666666667,0.211066666666667,0.220875555555556,0.208276666666667,0.232063333333333,0.210313333333333,0.21576,0.20391,0.247467777777778,0.206203333333333,0.228958888888889
634,"QAT","Qatar",0.355185555555556,0.542518888888889,0.667407777777778,0.792296666666667,0.917185555555556,1,1,1,1,1,1,1,0.0424011111111111,0.0241522222222222,0.0265788888888889,0.0456211111111111,0.294494444444444,0.365687777777778,0.266925555555556,0.151848888888889,0.152454444444444,0.157445555555556,0.106525555555556,0.104763333333333,0.11748,0.116263333333333,0.1267,0.136232222222222,0.16285,0.150148888888889,0.190091111111111,0.165187777777778,0.171724444444444,0.161242222222222,0.184957777777778,0.188975555555556,0.235132222222222,0.206461111111111,0.224102222222222,0.228778888888889,0.175528888888889,0.182748888888889,0.154258888888889,0.146353333333333,0.179345555555556,0.220938888888889,0.222268888888889,0.1643,0.136512222222222,0.140056666666667,0.120742222222222,0.115543333333333,0.134993333333333,0.131888888888889,0.123386666666667,0.120895555555556,0.116957777777778,0.130627777777778,0.134028888888889,0.14768,0.207044444444444,0.19944,0.252528888888889
178,"COG","Republic of Congo",0.0804577777777778,0.0843644444444445,0.0885522222222222,0.0918388888888889,0.0969166666666667,0.105637777777778,0.131761111111111,0.125777777777778,0.120224444444444,0.111928888888889,0.110036666666667,0.0895622222222222,0.0941555555555556,0.0970533333333333,0.0959222222222222,0.0945388888888889,0.09261,0.0877366666666667,0.09065,0.0889677777777778,0.0936466666666667,0.103995555555556,0.0981,0.107562222222222,0.118067777777778,0.111204444444444,0.114135555555556,0.121101111111111,0.121553333333333,0.117034444444444,0.12211,0.123707777777778,0.11971,0.129988888888889,0.138462222222222,0.141482222222222,0.135646666666667,0.133747777777778,0.135286666666667,0.141213333333333,0.146743333333333,0.149027777777778,0.161496666666667,0.165534444444444,0.169918888888889,0.170287777777778,0.172833333333333,0.182771111111111,0.185885555555556,0.180762222222222,0.177428888888889,0.182641111111111,0.178982222222222,0.190144444444444,0.191783333333333,0.189943333333333,0.191323333333333,0.192504444444444,0.188378888888889,0.193214444444444,0.190348888888889,0.193851111111111,0.195333333333333
642,"ROU","Romania",0.242522222222222,0.217705555555556,0.229521111111111,0.23881,0.278502222222222,0.305396666666667,0.304406666666667,0.280404444444444,0.277135555555556,0.238515555555556,0.327366666666667,0.368076666666667,0.318264444444444,0.316717777777778,0.328071111111111,0.421948888888889,0.401336666666667,0.399888888888889,0.403172222222222,0.424362222222222,0.376064444444444,0.450712222222222,0.392758888888889,0.472771111111111,0.425872222222222,0.436604444444444,0.390515555555556,0.43845,0.452955555555556,0.389101111111111,0.40528,0.282993333333333,0.350577777777778,0.394133333333333,0.438228888888889,0.320653333333333,0.463068888888889,0.360772222222222,0.386178888888889,0.256406666666667,0.42005,0.329946666666667,0.311903333333333,0.56842,0.466828888888889,0.411231111111111,0.229853333333333,0.443858888888889,0.386071111111111,0.425048888888889,0.518794444444444,0.343403333333333,0.543517777777778,0.585123333333333,0.52912,0.607222222222222,0.775613333333333,0.82867,0.770445555555556,0.512093333333333,0.751698888888889,0.574355555555556,0.628263333333333
643,"RUS","Russia",NA,NA,NA,NA,NA,NA,NA,NA,NA,NA,NA,NA,NA,NA,NA,NA,NA,NA,NA,NA,NA,NA,NA,NA,NA,NA,NA,NA,NA,NA,NA,0.209175555555556,0.197232222222222,0.16331,0.13897,0.147526666666667,0.177194444444444,0.105997777777778,0.122508888888889,0.141608888888889,0.175737777777778,0.180622222222222,0.149846666666667,0.170868888888889,0.176376666666667,0.180322222222222,0.182455555555556,0.234166666666667,0.215122222222222,0.145751111111111,0.225488888888889,0.175882222222222,0.21741,0.241932222222222,0.245647777777778,0.280537777777778,0.313014444444444,0.278845555555556,0.301664444444444,0.316872222222222,0.305841111111111,0.389178888888889,0.362496666666667
646,"RWA","Rwanda",0.207116666666667,0.269001111111111,0.211343333333333,0.181792222222222,0.204104444444444,0.253051111111111,0.273892222222222,0.2463,0.274387777777778,0.293926666666667,0.276687777777778,0.241085555555556,0.249481111111111,0.217207777777778,0.250956666666667,0.256832222222222,0.26121,0.258913333333333,0.26835,0.263036666666667,0.271248888888889,0.287204444444444,0.288773333333333,0.258183333333333,0.321037777777778,0.279691111111111,0.275063333333333,0.246881111111111,0.246284444444444,0.235918888888889,0.27512,0.265238888888889,0.207952222222222,0.13364,0.180406666666667,0.208894444444444,0.201914444444444,0.21174,0.207391111111111,0.253636666666667,0.253608888888889,0.277247777777778,0.259534444444444,0.245672222222222,0.26743,0.288767777777778,0.307184444444444,0.311377777777778,0.346297777777778,0.358337777777778,0.363816666666667,0.391304444444444,0.402632222222222,0.327512222222222,0.338678888888889,0.346091111111111,0.364776666666667,0.398618888888889,0.417665555555556,0.393287777777778,0.409165555555556,0.411064444444444,0.437775555555556
652,"BLM","Saint Barthelemy",NA,NA,NA,NA,NA,NA,NA,NA,NA,NA,NA,NA,NA,NA,NA,NA,NA,NA,NA,NA,NA,NA,NA,NA,NA,NA,NA,NA,NA,NA,NA,NA,NA,NA,NA,NA,NA,NA,NA,NA,NA,NA,NA,NA,NA,NA,NA,NA,NA,NA,NA,NA,NA,NA,NA,NA,NA,NA,NA,NA,NA,NA,NA
659,"KNA","Saint Kitts and Nevis",1,1,0.944497777777778,1,0.92053,0.938416666666667,0.879386666666667,0.860525555555556,0.752916666666667,0.997987777777778,0.839825555555555,0.760384444444445,0.663568888888889,0.681763333333333,0.682348888888889,0.995814444444444,1,1,1,1,1,1,0.912733333333333,1,0.95213,1,1,1,0.981773333333333,0.738136666666667,0.862357777777778,1,0.938448888888889,0.982934444444444,0.992204444444444,1,1,1,1,1,1,1,1,1,1,0.0914055555555555,0.100837777777778,0.10619,0.0900688888888889,0.0879388888888889,0.156527777777778,0.122255555555556,0.122441111111111,0.11482,0.118498888888889,0.138934444444444,0.139321111111111,0.139233333333333,0.160846666666667,0.159591111111111,0.160186666666667,0.15873,0.158974444444444
662,"LCA","Saint Lucia",0.68209,0.666942222222222,0.594316666666667,0.56004,0.625235555555556,0.617551111111111,0.615218888888889,0.619955555555556,0.621037777777778,0.60397,0.526591111111111,0.541673333333333,0.570207777777778,0.518361111111111,0.533971111111111,0.466606666666667,0.491487777777778,0.5518,0.569816666666667,0.554955555555556,0.346618888888889,0.410101111111111,0.4432,0.416937777777778,0.429023333333333,0.465698888888889,0.467291111111111,0.47694,0.479467777777778,0.53295,0.484662222222222,0.473125555555556,0.514063333333333,0.414565555555556,0.46928,0.448621111111111,0.504497777777778,0.386593333333333,0.424245555555556,0.348631111111111,0.308086666666667,0.355692222222222,0.3564,0.374967777777778,0.29595,0.394251111111111,0.382972222222222,0.425888888888889,0.400435555555556,0.347325555555556,0.344332222222222,0.313188888888889,0.32292,0.295041111111111,0.295648888888889,0.292684444444444,0.298607777777778,0.291765555555556,0.325093333333333,0.304705555555556,0.301667777777778,0.330765555555556,0.275183333333333
882,"WSM","Samoa",0.500146666666667,0.505957777777778,0.533485555555556,0.579658888888889,0.479522222222222,0.517911111111111,0.404792222222222,0.504182222222222,0.551962222222222,0.465857777777778,0.598295555555556,0.591318888888889,0.555318888888889,0.615342222222222,0.573182222222222,0.508514444444444,0.537447777777778,0.48074,0.577053333333333,0.59564,0.50723,0.626048888888889,0.534684444444444,0.470054444444444,0.526298888888889,0.547837777777778,0.511572222222222,0.484998888888889,0.693758888888889,0.607152222222222,0.466202222222222,0.538118888888889,0.550372222222222,0.563202222222222,0.633495555555556,0.659287777777778,0.614026666666667,0.641385555555556,0.56757,0.64934,0.678228888888889,0.701141111111111,0.741221111111111,0.772006666666667,0.835136666666667,0.876165555555556,0.863156666666667,0.996991111111111,1,0.98,0.88245,0.775366666666667,0.69517,0.619657777777778,0.22067,0.238115555555556,0.325644444444444,0.360367777777778,0.387823333333333,0.38894,0.39408,0.393181111111111,0.397903333333333
674,"SMR","San Marino",NA,NA,NA,NA,NA,NA,NA,NA,NA,NA,NA,NA,NA,NA,NA,NA,NA,NA,NA,NA,NA,NA,NA,NA,NA,NA,NA,NA,NA,NA,NA,NA,NA,NA,NA,NA,NA,NA,NA,NA,NA,NA,NA,NA,NA,NA,NA,NA,NA,NA,NA,NA,NA,NA,NA,NA,NA,NA,NA,NA,NA,NA,NA
678,"STP","Sao Tome and Principe",0.33923,0.363618888888889,0.313442222222222,0.36012,0.364801111111111,0.335118888888889,0.33442,0.307674444444444,0.31142,0.293312222222222,0.297727777777778,0.297606666666667,0.309873333333333,0.299388888888889,0.232845555555556,0.22176,0.267231111111111,0.236027777777778,0.281924444444444,0.218861111111111,0.216623333333333,0.269191111111111,0.273515555555556,0.278912222222222,0.289243333333333,0.296676666666667,0.268921111111111,0.288913333333333,0.262496666666667,0.255133333333333,0.22172,0.234342222222222,0.241336666666667,0.240863333333333,0.251148888888889,0.277212222222222,0.294056666666667,0.248847777777778,0.228618888888889,0.23216,0.241056666666667,0.243583333333333,0.246006666666667,0.238758888888889,0.253525555555556,0.252108888888889,0.24043,0.24558,0.259866666666667,0.237683333333333,0.220086666666667,0.238126666666667,0.304002222222222,0.324111111111111,0.310757777777778,0.114727777777778,0.119277777777778,0.114287777777778,0.116676666666667,0.118173333333333,0.11796,0.126722222222222,0.130033333333333
682,"SAU","Saudi Arabia",0.0730888888888889,0.0713066666666667,0.0764,0.0754655555555555,0.0789844444444444,0.0792411111111111,0.0764433333333333,0.0769577777777778,0.0767755555555556,0.0775155555555556,0.0708222222222222,0.0287677777777778,0.0291655555555556,0.0566844444444444,0.0549366666666667,0.0458433333333333,0.0501411111111111,0.0484644444444444,0.0543222222222222,0.0439255555555556,0.0468833333333333,0.0785877777777778,0.109017777777778,0.165588888888889,0.219531111111111,0.226323333333333,0.252104444444444,0.295388888888889,0.298982222222222,0.299264444444444,0.306775555555556,0.30965,0.318916666666667,0.30384,0.183182222222222,0.140856666666667,0.167385555555556,0.159744444444444,0.168282222222222,0.151497777777778,0.177995555555556,0.195146666666667,0.202422222222222,0.218058888888889,0.208154444444444,0.208655555555556,0.203555555555556,0.17084,0.118824444444444,0.121642222222222,0.112526666666667,0.0922433333333333,0.0807811111111111,0.109322222222222,0.117061111111111,0.112076666666667,0.120651111111111,0.1161,0.113947777777778,0.121404444444444,0.0995355555555556,0.112496666666667,0.121422222222222
686,"SEN","Senegal",0.176592222222222,0.177901111111111,0.185643333333333,0.181963333333333,0.190415555555556,0.167383333333333,0.184701111111111,0.136317777777778,0.160611111111111,0.115623333333333,0.177428888888889,0.105724444444444,0.134477777777778,0.189916666666667,0.230398888888889,0.203444444444444,0.117175555555556,0.214937777777778,0.143163333333333,0.127128888888889,0.21262,0.197518888888889,0.122637777777778,0.133746666666667,0.183888888888889,0.18709,0.21607,0.170874444444444,0.198465555555556,0.172888888888889,0.193152222222222,0.165181111111111,0.188855555555556,0.177711111111111,0.208045555555556,0.166001111111111,0.159034444444444,0.170358888888889,0.214901111111111,0.210316666666667,0.204323333333333,0.113005555555556,0.189193333333333,0.17222,0.212994444444444,0.172442222222222,0.13645,0.208435555555556,0.23542,0.257592222222222,0.153462222222222,0.200146666666667,0.182554444444444,0.177761111111111,0.250938888888889,0.227618888888889,0.31611,0.344746666666667,0.332333333333333,0.423595555555556,0.395047777777778,0.376778888888889,0.403353333333333
688,"SRB","Serbia",NA,NA,NA,NA,NA,NA,NA,NA,NA,NA,NA,NA,NA,NA,NA,NA,NA,NA,NA,NA,NA,NA,NA,NA,NA,NA,NA,NA,NA,NA,NA,NA,NA,NA,NA,NA,NA,NA,NA,NA,NA,NA,NA,NA,NA,0.714273333333333,0.562715555555556,0.714694444444445,0.731783333333333,0.758006666666667,0.750101111111111,0.578307777777778,0.775125555555556,0.87658,0.726985555555556,0.911862222222222,0.652044444444444,0.931173333333333,0.920573333333333,0.973923333333333,0.8811,0.73216,0.933906666666667
690,"SYC","Seychelles",1,1,1,1,1,1,1,1,1,0.992422222222222,0.822813333333333,0.814051111111111,0.7717,0.732171111111111,0.713031111111111,0.659707777777778,0.709273333333333,0.651096666666667,0.809367777777778,0.780415555555556,0.775448888888889,0.553303333333333,0.644067777777778,0.502061111111111,0.430505555555556,0.38046,0.321155555555556,0.313543333333333,0.280536666666667,0.339324444444444,0.246908888888889,0.237403333333333,0.239141111111111,0.245531111111111,0.25138,0.254207777777778,0.253373333333333,0.251525555555556,0.249207777777778,0.247716666666667,0.247636666666667,0.248606666666667,0.246534444444444,0.245221111111111,0.243603333333333,0.241425555555556,0.325533333333333,0.323953333333333,0.33124,0.40342,0.659897777777778,0.547646666666667,0.549331111111111,0.550485555555556,0.686726666666667,0.682587777777778,0.681998888888889,0.680555555555556,0.680837777777778,0.684728888888889,0.684981111111111,0.820222222222222,0.790414444444444
694,"SLE","Sierra Leone",0.215285555555556,0.229454444444444,0.231345555555556,0.245161111111111,0.248538888888889,0.25653,0.262232222222222,0.242494444444444,0.26799,0.246015555555556,0.245022222222222,0.245347777777778,0.246151111111111,0.250606666666667,0.265532222222222,0.267605555555556,0.274791111111111,0.27383,0.240856666666667,0.241101111111111,0.241416666666667,0.250785555555556,0.2373,0.246381111111111,0.214731111111111,0.240856666666667,0.225367777777778,0.231511111111111,0.239965555555556,0.242278888888889,0.242624444444444,0.228847777777778,0.229267777777778,0.231452222222222,0.211986666666667,0.227981111111111,0.24276,0.213787777777778,0.180871111111111,0.155598888888889,0.150722222222222,0.151234444444444,0.153206666666667,0.152686666666667,0.159114444444444,0.173232222222222,0.16772,0.170671111111111,0.199883333333333,0.210551111111111,0.214792222222222,0.243728888888889,0.241361111111111,0.229201111111111,0.194856666666667,0.184168888888889,0.172526666666667,0.17877,0.177407777777778,0.187866666666667,0.299612222222222,0.233228888888889,0.235867777777778
702,"SGP","Singapore",0.337935555555556,0.329988888888889,0.347265555555556,0.343134444444444,0.391668888888889,0.505341111111111,0.501517777777778,0.558958888888889,0.548108888888889,0.556297777777778,0.834512222222222,0.772713333333333,0.638561111111111,0.581373333333333,0.62785,0.663917777777778,0.682924444444444,0.66908,0.632667777777778,0.618162222222222,0.756911111111111,0.939223333333333,0.878631111111111,0.914077777777778,0.861178888888889,0.94647,1,0.667735555555556,0.551755555555556,0.472295555555556,0.387798888888889,0.338783333333333,0.304446666666667,0.306415555555556,0.363335555555556,0.410194444444444,0.455626666666667,0.513447777777778,0.570725555555555,0.629166666666667,0.68462,0.747921111111111,1,1,1,1,1,1,1,1,1,1,1,1,1,1,1,1,1,1,1,1,1
534,"SXM","Sint Maarten",NA,NA,NA,NA,NA,NA,NA,NA,NA,NA,NA,NA,NA,NA,NA,NA,NA,NA,NA,NA,NA,NA,NA,NA,NA,NA,NA,NA,NA,NA,NA,NA,NA,NA,NA,NA,NA,NA,NA,NA,NA,NA,NA,NA,NA,NA,NA,NA,NA,NA,NA,NA,NA,NA,NA,NA,NA,NA,NA,NA,NA,NA,NA
703,"SVK","Slovakia",NA,NA,NA,NA,NA,NA,NA,NA,NA,NA,NA,NA,NA,NA,NA,NA,NA,NA,NA,NA,NA,NA,NA,NA,NA,NA,NA,NA,NA,NA,NA,NA,0.509312222222222,0.601452222222222,0.573714444444445,0.552547777777778,0.600183333333333,0.56207,0.493644444444444,0.38575,0.587373333333333,0.597031111111111,0.460821111111111,0.71007,0.661274444444444,0.583776666666667,0.553962222222222,0.759823333333333,0.643945555555556,0.502306666666667,0.67824,0.545645555555556,0.668585555555556,0.884653333333333,0.747981111111111,0.937961111111111,0.752133333333333,0.820602222222222,0.80735,0.889007777777778,0.884327777777778,0.761568888888889,0.946624444444444
705,"SVN","Slovenia",NA,NA,NA,NA,NA,NA,NA,NA,NA,NA,NA,NA,NA,NA,NA,NA,NA,NA,NA,NA,NA,NA,NA,NA,NA,NA,NA,NA,NA,NA,NA,0.385004444444444,0.418861111111111,0.528427777777778,0.51191,0.505701111111111,0.581837777777778,0.628297777777778,0.552892222222222,0.57209,0.548612222222222,0.671543333333333,0.460452222222222,0.628436666666667,0.628764444444444,0.561256666666667,0.580237777777778,0.523338888888889,0.479545555555556,0.512971111111111,0.533824444444444,0.518752222222222,0.422781111111111,0.570616666666667,0.547426666666667,0.564232222222222,0.502043333333333,0.521034444444444,0.557,0.640984444444444,0.590438888888889,0.514451111111111,0.562012222222222
90,"SLB","Solomon Islands",0.577858888888889,0.579627777777778,0.59924,0.61778,0.60669,0.580381111111111,0.588058888888889,0.525903333333333,0.61817,0.702787777777778,0.71753,0.686612222222222,0.695111111111111,0.705722222222222,0.7243,0.74068,0.733426666666667,0.75445,0.868302222222222,0.85617,0.968142222222222,0.8865,0.872032222222222,1,1,1,0.733053333333333,0.725811111111111,0.716694444444444,0.670524444444444,0.724646666666667,0.746912222222222,0.755962222222222,0.761242222222222,0.910416666666667,0.933756666666667,0.96938,0.980364444444444,0.8701,0.831615555555556,0.726782222222222,0.695047777777778,0.659711111111111,0.853837777777778,0.887713333333333,0.934911111111111,0.965758888888889,1,0.896304444444444,0.472691111111111,0.458618888888889,0.480468888888889,0.481364444444444,0.479396666666667,0.480928888888889,0.483794444444444,0.485055555555556,0.485702222222222,0.491105555555556,0.488556666666667,0.484835555555556,0.495023333333333,0.49364
706,"SOM","Somalia",NA,NA,NA,NA,NA,NA,NA,NA,NA,NA,NA,NA,NA,NA,NA,NA,NA,NA,NA,NA,NA,NA,NA,NA,NA,NA,NA,NA,NA,NA,NA,NA,NA,NA,NA,NA,NA,NA,NA,NA,NA,NA,NA,NA,NA,NA,NA,NA,NA,NA,NA,NA,NA,NA,NA,NA,NA,NA,NA,NA,NA,NA,NA
710,"ZAF","South Africa",0.139547777777778,0.14399,0.153872222222222,0.136381111111111,0.127038888888889,0.148472222222222,0.23451,0.16397,0.171637777777778,0.174365555555556,0.22493,0.237791111111111,0.168325555555556,0.266466666666667,0.234325555555556,0.225977777777778,0.255896666666667,0.264825555555556,0.241988888888889,0.255076666666667,0.331758888888889,0.248155555555556,0.164303333333333,0.212725555555556,0.238493333333333,0.241891111111111,0.268316666666667,0.276033333333333,0.292101111111111,0.249535555555556,0.250193333333333,0.136234444444444,0.215796666666667,0.261097777777778,0.182134444444444,0.269866666666667,0.258012222222222,0.234652222222222,0.242734444444444,0.278692222222222,0.246094444444444,0.273401111111111,0.239852222222222,0.250161111111111,0.281834444444444,0.247176666666667,0.228306666666667,0.303802222222222,0.304763333333333,0.291814444444444,0.309318888888889,0.319302222222222,0.332163333333333,0.367198888888889,0.31452,0.276431111111111,0.417085555555556,0.39623,0.352455555555556,0.416018888888889,0.44827,0.456348888888889,0.491118888888889
410,"KOR","South Korea",0.655016666666667,0.61458,0.623997777777778,0.722418888888889,0.708312222222222,0.755002222222222,0.703283333333333,0.719493333333333,0.796991111111111,0.780344444444444,0.787092222222222,0.799853333333333,0.798742222222222,0.836263333333333,0.942124444444444,1,0.990212222222222,1,1,0.78612,0.92606,0.933637777777778,0.945493333333333,0.974428888888889,0.924631111111111,0.923705555555556,0.89703,0.96557,0.974185555555556,0.931744444444444,0.856618888888889,0.866407777777778,0.837644444444445,0.835797777777778,0.860198888888889,0.929494444444444,0.92601,0.890674444444445,0.920381111111111,0.938652222222222,0.979873333333333,0.898471111111111,0.853053333333333,0.936334444444444,0.914282222222222,0.907363333333333,0.864126666666667,0.938492222222222,0.948228888888889,0.863618888888889,0.881711111111111,0.827314444444444,0.873396666666667,0.902998888888889,0.872554444444444,0.868084444444444,0.868494444444444,0.882803333333333,0.880347777777778,0.838685555555556,0.91124,0.902858888888889,0.908866666666667
728,"SSD","South Sudan",NA,NA,NA,NA,NA,NA,NA,NA,NA,NA,NA,NA,NA,NA,NA,NA,NA,NA,NA,NA,NA,NA,NA,NA,NA,NA,NA,NA,NA,NA,NA,NA,NA,NA,NA,NA,NA,NA,NA,NA,NA,NA,NA,NA,NA,NA,NA,NA,NA,NA,NA,0.121867777777778,0.122025555555556,0.147994444444444,0.135176666666667,0.127298888888889,0.124563333333333,0.133608888888889,0.145984444444444,0.154345555555556,0.156501111111111,0.170938888888889,0.166967777777778
724,"ESP","Spain",0.144876666666667,0.160175555555556,0.167165555555556,0.145822222222222,0.154382222222222,0.169215555555556,0.176584444444444,0.18834,0.177521111111111,0.169481111111111,0.197501111111111,0.188508888888889,0.188873333333333,0.205906666666667,0.21777,0.206591111111111,0.209384444444444,0.244518888888889,0.217642222222222,0.272934444444444,0.191057777777778,0.221903333333333,0.217088888888889,0.304054444444444,0.295151111111111,0.251994444444444,0.305773333333333,0.329273333333333,0.290942222222222,0.292384444444444,0.289198888888889,0.249364444444444,0.278325555555556,0.249665555555556,0.201086666666667,0.348311111111111,0.327891111111111,0.358482222222222,0.306163333333333,0.388826666666667,0.317764444444444,0.363317777777778,0.368514444444444,0.398201111111111,0.262093333333333,0.335844444444444,0.396031111111111,0.387845555555556,0.32396,0.355314444444444,0.394725555555556,0.295897777777778,0.431123333333333,0.357904444444444,0.358628888888889,0.421362222222222,0.325635555555556,0.465836666666667,0.37372,0.4802,0.454557777777778,0.342104444444444,0.25593
144,"LKA","Sri Lanka",0.370733333333333,0.407205555555556,0.33032,0.344831111111111,0.307185555555556,0.294302222222222,0.325663333333333,0.349015555555556,0.344188888888889,0.359884444444444,0.354927777777778,0.361214444444445,0.307083333333333,0.336442222222222,0.357932222222222,0.340915555555556,0.329697777777778,0.362575555555556,0.416874444444444,0.417478888888889,0.433062222222222,0.450717777777778,0.465442222222222,0.432668888888889,0.498563333333333,0.512666666666667,0.416578888888889,0.426035555555556,0.425604444444444,0.465074444444444,0.521832222222222,0.486976666666667,0.533322222222222,0.593333333333333,0.605414444444444,0.545221111111111,0.56893,0.585954444444444,0.616541111111111,0.64357,0.600792222222222,0.592625555555556,0.608638888888889,0.611347777777778,0.577141111111111,0.638382222222222,0.637545555555556,0.637382222222222,0.604823333333333,0.694923333333333,0.635708888888889,0.649118888888889,0.696816666666667,0.645521111111111,0.732261111111111,0.69038,0.531436666666667,0.615424444444444,0.671575555555556,0.718831111111111,0.769168888888889,0.606478888888889,0.598932222222222
670,"VCT","St. Vincent and the Grenadines",0.867804444444444,0.87877,0.620272222222222,0.645486666666667,0.605314444444444,0.644304444444444,0.633083333333333,0.591373333333333,0.573745555555556,0.605107777777778,0.674341111111111,0.620746666666667,0.621801111111111,0.628745555555556,0.612254444444444,0.554815555555556,0.654981111111111,0.823797777777778,0.725801111111111,0.622013333333333,0.685228888888889,0.790611111111111,0.693736666666667,0.893227777777778,0.96246,0.884447777777778,0.824688888888889,0.976314444444444,0.893376666666667,0.90691,0.84547,0.987,1,0.551204444444444,0.569344444444444,0.596707777777778,0.594065555555556,0.617644444444444,0.545545555555556,0.548583333333333,0.615762222222222,0.668504444444444,0.690412222222222,0.683793333333333,0.732507777777778,0.760322222222222,0.780154444444444,0.77226,0.799834444444445,0.685978888888889,0.713946666666667,0.749932222222222,0.760056666666667,0.774761111111111,0.754204444444444,0.751413333333333,0.785598888888889,0.792631111111111,0.810234444444444,0.813665555555556,0.655002222222222,0.631165555555556,0.63948
275,"PSE","State of Palestine",NA,NA,NA,NA,NA,NA,NA,NA,NA,NA,NA,NA,NA,NA,NA,NA,NA,NA,NA,NA,NA,NA,NA,NA,NA,NA,NA,NA,NA,NA,NA,NA,NA,NA,NA,NA,NA,NA,NA,NA,NA,NA,NA,NA,NA,NA,NA,NA,NA,NA,NA,NA,NA,NA,NA,NA,NA,NA,NA,NA,NA,NA,NA
729,"SDN","Sudan",NA,NA,NA,NA,NA,NA,NA,NA,NA,NA,NA,NA,NA,NA,NA,NA,NA,NA,NA,NA,NA,NA,NA,NA,NA,NA,NA,NA,NA,NA,NA,NA,NA,NA,NA,NA,NA,NA,NA,NA,NA,NA,NA,NA,NA,NA,NA,NA,NA,NA,NA,0.0838655555555556,0.12798,0.150443333333333,0.0952022222222222,0.148843333333333,0.131093333333333,0.189165555555556,0.157141111111111,0.163161111111111,0.14812,0.172032222222222,0.118344444444444
740,"SUR","Suriname",0.505855555555556,0.547771111111111,0.588875555555556,0.537672222222222,0.695537777777778,0.726175555555556,0.824596666666667,0.803757777777778,0.733038888888889,0.846406666666667,0.726788888888889,0.693595555555556,0.747955555555556,0.723172222222222,0.775496666666667,0.758983333333333,0.828111111111111,0.882938888888889,0.9542,0.921933333333333,0.943994444444444,0.928513333333333,0.816937777777778,0.878353333333333,0.825936666666667,0.792737777777778,0.660853333333333,0.642065555555556,0.649271111111111,0.523192222222222,0.603788888888889,0.662872222222222,0.583508888888889,0.593885555555556,0.603874444444444,0.600764444444444,0.595777777777778,0.508381111111111,0.503763333333333,0.483472222222222,0.558938888888889,0.601198888888889,0.561022222222222,0.534516666666667,0.546106666666667,0.628594444444444,0.664795555555556,0.683243333333333,0.670643333333333,0.689285555555555,0.671701111111111,0.719676666666667,0.735453333333333,0.719664444444444,0.697438888888889,0.723185555555556,0.767871111111111,0.729945555555556,0.719116666666667,0.680151111111111,0.716135555555556,0.602401111111111,0.623466666666667
752,"SWE","Sweden",0.289463333333333,0.277174444444444,0.282701111111111,0.359792222222222,0.361658888888889,0.288604444444444,0.387395555555556,0.424826666666667,0.336418888888889,0.416963333333333,0.453238888888889,0.445581111111111,0.415357777777778,0.553113333333333,0.449396666666667,0.469948888888889,0.469966666666667,0.497787777777778,0.457271111111111,0.468192222222222,0.502996666666667,0.528006666666667,0.491458888888889,0.618657777777778,0.520273333333333,0.535827777777778,0.471132222222222,0.456881111111111,0.537198888888889,0.60686,0.482156666666667,0.381431111111111,0.51382,0.425345555555556,0.448241111111111,0.530321111111111,0.542207777777778,0.517578888888889,0.47192,0.547353333333333,0.511788888888889,0.525353333333333,0.513413333333333,0.543782222222222,0.49034,0.420418888888889,0.496776666666667,0.511993333333333,0.53003,0.447352222222222,0.485098888888889,0.522841111111111,0.518626666666667,0.591934444444444,0.631882222222222,0.574067777777778,0.628568888888889,0.354215555555556,0.644606666666667,0.623322222222222,0.537796666666667,0.629963333333333,0.473671111111111
756,"CHE","Switzerland",0.48487,0.57899,0.502167777777778,0.580506666666667,0.494073333333333,0.54102,0.652704444444444,0.620953333333333,0.602018888888889,0.590318888888889,0.66907,0.619418888888889,0.644014444444444,0.683214444444444,0.621547777777778,0.638883333333333,0.56567,0.675567777777778,0.705645555555556,0.639214444444444,0.690702222222222,0.740493333333333,0.671851111111111,0.812473333333333,0.744031111111111,0.685743333333333,0.670888888888889,0.853894444444444,0.909464444444444,0.836978888888889,0.832827777777778,0.818663333333333,0.838608888888889,0.756983333333333,0.786293333333333,0.878566666666667,0.819337777777778,0.846388888888889,0.716434444444444,0.819432222222222,0.721378888888889,0.77983,0.654131111111111,0.796577777777778,0.761915555555556,0.728571111111111,0.760947777777778,0.756596666666667,0.774281111111111,0.701557777777778,0.793338888888889,0.735843333333333,0.671445555555556,0.809298888888889,0.727692222222222,0.614351111111111,0.766595555555556,0.721035555555555,0.724565555555555,0.764984444444444,0.627547777777778,0.711867777777778,0.654634444444444
760,"SYR","Syria",0.0850877777777778,0.1351,0.122644444444444,0.124968888888889,0.124586666666667,0.0817966666666667,0.118568888888889,0.105998888888889,0.129646666666667,0.0924255555555556,0.109557777777778,0.168957777777778,0.0889677777777778,0.157156666666667,0.169116666666667,0.199544444444444,0.153251111111111,0.18057,0.140344444444444,0.232841111111111,0.21805,0.179695555555556,0.214842222222222,0.153856666666667,0.19893,0.218987777777778,0.173791111111111,0.305031111111111,0.144296666666667,0.214681111111111,0.231963333333333,0.307795555555556,0.345457777777778,0.334072222222222,0.372664444444444,0.393713333333333,0.341944444444444,0.406248888888889,0.294168888888889,0.342724444444444,0.401801111111111,0.425774444444444,0.427484444444444,0.406061111111111,0.432306666666667,0.418225555555556,0.345551111111111,0.248442222222222,0.334035555555556,0.278803333333333,0.34781,0.315625555555556,0.244132222222222,0.168072222222222,0.239652222222222,0.162013333333333,0.178943333333333,0.136911111111111,0.310087777777778,0.284953333333333,0.16709,0.146528888888889,0.263795555555556
158,"TWN","Taiwan",1,1,1,1,1,1,1,1,1,1,1,1,1,1,1,1,1,1,1,1,1,1,1,1,1,1,1,1,1,1,1,1,1,1,1,1,1,0.954028888888889,1,0.967186666666667,0.885214444444445,0.924928888888889,0.874924444444445,0.792995555555556,0.69692,0.776218888888889,0.680477777777778,0.702532222222222,0.714903333333333,0.756571111111111,0.838674444444444,0.798857777777778,0.767634444444445,0.808646666666667,0.776292222222222,0.756764444444444,0.832937777777778,0.879206666666667,0.821853333333333,0.841364444444444,0.779026666666667,0.790161111111111,0.761245555555556
762,"TJK","Tajikistan",NA,NA,NA,NA,NA,NA,NA,NA,NA,NA,NA,NA,NA,NA,NA,NA,NA,NA,NA,NA,NA,NA,NA,NA,NA,NA,NA,NA,NA,NA,NA,0.438351111111111,0.432948888888889,0.437121111111111,0.366412222222222,0.335617777777778,0.414584444444444,0.433446666666667,0.38123,0.415404444444444,0.490825555555556,0.595237777777778,0.66049,0.689103333333333,0.620876666666667,0.612666666666667,0.611037777777778,0.573347777777778,0.659456666666667,0.675852222222222,0.680201111111111,0.728017777777778,0.73839,0.677623333333333,0.610057777777778,0.609186666666667,0.658582222222222,0.581147777777778,0.671713333333333,0.665758888888889,0.690123333333333,0.658204444444444,0.677402222222222
834,"TZA","Tanzania",0.0911377777777778,0.0958877777777778,0.0956022222222222,0.0934511111111111,0.0976966666666667,0.11092,0.106651111111111,0.0986755555555556,0.106202222222222,0.09609,0.0956611111111111,0.100562222222222,0.106895555555556,0.105753333333333,0.117832222222222,0.129293333333333,0.137966666666667,0.129795555555556,0.141805555555556,0.131847777777778,0.129955555555556,0.13515,0.138601111111111,0.144613333333333,0.135751111111111,0.141576666666667,0.148073333333333,0.135923333333333,0.152246666666667,0.148377777777778,0.155751111111111,0.156603333333333,0.150151111111111,0.138198888888889,0.168973333333333,0.175646666666667,0.153123333333333,0.16241,0.16034,0.158115555555556,0.187095555555556,0.22554,0.176315555555556,0.21906,0.205284444444444,0.198862222222222,0.211224444444444,0.210314444444444,0.19804,0.235821111111111,0.247202222222222,0.270374444444444,0.297355555555556,0.316061111111111,0.313434444444444,0.282164444444444,0.28156,0.276501111111111,0.279655555555556,0.291368888888889,0.291256666666667,0.279533333333333,0.295137777777778
764,"THA","Thailand",0.185604444444444,0.197173333333333,0.205104444444444,0.196093333333333,0.196124444444444,0.22566,0.19227,0.207287777777778,0.22157,0.225105555555556,0.23061,0.199596666666667,0.235567777777778,0.225752222222222,0.243653333333333,0.254757777777778,0.25264,0.278156666666667,0.256367777777778,0.260531111111111,0.281647777777778,0.287412222222222,0.301942222222222,0.311457777777778,0.318364444444444,0.29215,0.277931111111111,0.327157777777778,0.349076666666667,0.306012222222222,0.337716666666667,0.35252,0.330774444444444,0.347903333333333,0.372816666666667,0.394021111111111,0.392896666666667,0.364641111111111,0.387764444444444,0.419377777777778,0.430185555555556,0.441991111111111,0.47877,0.454588888888889,0.422667777777778,0.41771,0.471844444444444,0.486754444444444,0.480146666666667,0.492968888888889,0.561574444444444,0.579453333333333,0.573745555555556,0.55564,0.505111111111111,0.5287,0.540507777777778,0.616163333333333,0.585633333333333,0.489718888888889,0.507492222222222,0.567857777777778,0.563762222222222
626,"TLS","Timor-Leste",NA,NA,NA,NA,NA,NA,NA,NA,NA,NA,NA,NA,NA,NA,NA,NA,NA,NA,NA,NA,NA,NA,NA,NA,NA,NA,NA,NA,NA,NA,NA,NA,NA,NA,NA,NA,NA,NA,NA,NA,NA,NA,NA,NA,NA,NA,NA,NA,NA,NA,NA,NA,NA,NA,NA,NA,NA,NA,NA,NA,NA,NA,NA
768,"TGO","Togo",0.0503633333333333,0.0519588888888889,0.0578566666666667,0.0601633333333333,0.0622033333333333,0.0674933333333333,0.0629522222222222,0.0623866666666667,0.0613377777777778,0.0694633333333333,0.0720322222222222,0.0654955555555556,0.0652177777777778,0.0616555555555556,0.06572,0.0614355555555556,0.0597722222222222,0.0559466666666667,0.0644177777777778,0.0655877777777778,0.06715,0.0670222222222222,0.0640555555555555,0.0760111111111111,0.0842522222222222,0.0862211111111111,0.0911566666666667,0.08988,0.104052222222222,0.101653333333333,0.0945588888888889,0.0996744444444445,0.112138888888889,0.116441111111111,0.110755555555556,0.137953333333333,0.142595555555556,0.131766666666667,0.129896666666667,0.118555555555556,0.139253333333333,0.141837777777778,0.134952222222222,0.137127777777778,0.11523,0.111417777777778,0.114681111111111,0.117551111111111,0.125962222222222,0.129727777777778,0.14662,0.146778888888889,0.13715,0.16482,0.157705555555556,0.167393333333333,0.180704444444444,0.196591111111111,0.200561111111111,0.197003333333333,0.209553333333333,0.220792222222222,0.233596666666667
776,"TON","Tonga",0.938507777777778,0.663203333333333,0.76111,0.700775555555556,0.656272222222222,0.749363333333333,0.754192222222222,0.634263333333333,0.724863333333333,0.583093333333333,0.625778888888889,0.769041111111111,0.656477777777778,0.755295555555556,0.86749,0.843355555555556,0.781327777777778,0.596985555555556,0.595007777777778,0.740806666666667,0.697672222222222,0.415517777777778,0.431727777777778,0.461574444444444,0.439497777777778,0.544455555555556,0.394554444444444,0.315251111111111,0.317158888888889,0.286593333333333,0.286616666666667,0.308463333333333,0.409343333333333,0.387373333333333,0.359773333333333,0.369844444444444,0.410761111111111,0.445593333333333,0.450551111111111,0.472898888888889,0.479976666666667,0.485715555555556,0.48281,0.481602222222222,0.48196,0.573706666666667,1,0.98827,0.949404444444444,0.937882222222222,0.930826666666667,0.861054444444444,0.862955555555555,0.607017777777778,0.563578888888889,0.460733333333333,0.460736666666667,0.438081111111111,0.438021111111111,0.445413333333333,0.45118,0.462378888888889,0.470061111111111
780,"TTO","Trinidad and Tobago",1,1,1,1,1,1,1,1,1,1,1,1,1,0.954805555555556,0.945818888888889,1,1,0.831955555555556,0.878827777777778,0.887575555555556,0.762972222222222,0.799266666666667,0.829311111111111,0.731057777777778,0.83633,0.919548888888889,0.895587777777778,0.947097777777778,0.925978888888889,1,0.897965555555556,0.899613333333333,0.847027777777778,0.932035555555556,0.926712222222222,0.980654444444444,1,0.869461111111111,1,1,0.95555,1,0.819762222222222,0.629222222222222,0.537815555555555,0.926207777777778,0.883291111111111,0.171266666666667,0.155881111111111,0.15829,0.168665555555556,0.17459,0.159755555555556,0.182068888888889,0.182913333333333,0.17795,0.192088888888889,0.194215555555556,0.191518888888889,0.187524444444444,0.187053333333333,0.186833333333333,0.190763333333333
788,"TUN","Tunisia",0.0423188888888889,0.05726,0.0808333333333333,0.0657066666666667,0.0745333333333333,0.0554466666666667,0.0518122222222222,0.0585244444444444,0.0451511111111111,0.0515766666666667,0.0663155555555556,0.0782833333333333,0.0767188888888889,0.0753955555555555,0.0874588888888889,0.0733644444444444,0.0648244444444444,0.0685655555555555,0.0705744444444444,0.0902477777777778,0.0870888888888889,0.0819155555555555,0.0735822222222222,0.0750511111111111,0.125497777777778,0.0689644444444445,0.121162222222222,0.0453644444444444,0.06239,0.114001111111111,0.165061111111111,0.139982222222222,0.131095555555556,0.0628433333333333,0.0593044444444444,0.180936666666667,0.0848944444444445,0.12122,0.129496666666667,0.0882322222222222,0.0918466666666667,0.0555644444444444,0.156555555555556,0.138656666666667,0.144398888888889,0.125767777777778,0.141216666666667,0.106651111111111,0.163504444444444,0.09812,0.148278888888889,0.15743,0.116186666666667,0.155574444444444,0.132792222222222,0.117282222222222,0.127348888888889,0.139916666666667,0.170756666666667,0.14942,0.137723333333333,0.144743333333333,0.0925577777777778
792,"TUR","Turkiye",0.157892222222222,0.175767777777778,0.196572222222222,0.180127777777778,0.179392222222222,0.198944444444444,0.206942222222222,0.200032222222222,0.197454444444444,0.19386,0.2423,0.225274444444444,0.193846666666667,0.215878888888889,0.254381111111111,0.280094444444444,0.280393333333333,0.275312222222222,0.279102222222222,0.275603333333333,0.283166666666667,0.316096666666667,0.310048888888889,0.317288888888889,0.316546666666667,0.350293333333333,0.352722222222222,0.378888888888889,0.307871111111111,0.373501111111111,0.374681111111111,0.363364444444444,0.381518888888889,0.338525555555556,0.371253333333333,0.38479,0.390896666666667,0.432012222222222,0.384711111111111,0.423868888888889,0.394513333333333,0.419741111111111,0.414581111111111,0.437661111111111,0.452326666666667,0.460026666666667,0.413756666666667,0.410542222222222,0.458251111111111,0.468426666666667,0.51767,0.492948888888889,0.527924444444444,0.48169,0.531607777777778,0.513378888888889,0.5494,0.536805555555556,0.53349,0.55574,0.51074,0.581456666666667,0.59218
795,"TKM","Turkmenistan",NA,NA,NA,NA,NA,NA,NA,NA,NA,NA,NA,NA,NA,NA,NA,NA,NA,NA,NA,NA,NA,NA,NA,NA,NA,NA,NA,NA,NA,NA,NA,0.88718,0.911211111111111,0.865706666666667,0.827661111111111,0.306097777777778,0.416885555555556,0.512628888888889,0.781082222222222,0.673151111111111,0.712463333333333,0.618581111111111,0.61247,0.716612222222222,0.678617777777778,0.626088888888889,0.490921111111111,0.494385555555556,0.550131111111111,0.676782222222222,0.575128888888889,0.408053333333333,0.417322222222222,0.496122222222222,0.517884444444444,0.61964,0.629796666666667,0.612873333333333,0.73391,0.769755555555556,0.76677,0.728494444444444,0.509393333333333
796,"TCA","Turks and Caicos Islands",NA,NA,NA,NA,NA,NA,NA,NA,NA,NA,NA,NA,NA,NA,NA,NA,NA,NA,NA,NA,NA,NA,NA,NA,NA,NA,NA,NA,NA,NA,NA,NA,NA,NA,NA,NA,NA,NA,NA,NA,NA,NA,NA,NA,NA,NA,NA,NA,NA,NA,NA,NA,NA,NA,NA,NA,NA,NA,NA,NA,NA,NA,NA
798,"TUV","Tuvalu",0.342948888888889,0.343181111111111,0.343414444444444,0.350922222222222,0.351077777777778,0.351234444444444,0.308285555555556,0.282574444444444,0.248322222222222,0.229183333333333,0.318133333333333,0.117428888888889,0.101047777777778,0.379811111111111,0.128244444444444,0.0995344444444444,0.154708888888889,0.411896666666667,0.423688888888889,0.405682222222222,0.4113,0.219962222222222,0.233755555555556,0.236288888888889,0.236772222222222,0.227318888888889,0.192037777777778,0.154953333333333,0.168083333333333,0.154996666666667,0.279058888888889,0.181984444444444,0.172927777777778,0.148933333333333,0.174315555555556,0.174233333333333,0.161165555555556,0.170163333333333,0.150261111111111,0.17727,0.1812,0.201796666666667,0.203933333333333,0.19493,0.203697777777778,0.203761111111111,0.195451111111111,0.192013333333333,0.191654444444444,0.184024444444444,0.185408888888889,0.194823333333333,0.203495555555556,0.188628888888889,0.189258888888889,0.189582222222222,0.189962222222222,0.190378888888889,0.26672,0.266334444444444,0.267241111111111,0.266835555555556,0.247838888888889
800,"UGA","Uganda",0.189008888888889,0.173181111111111,0.194264444444444,0.175577777777778,0.172874444444444,0.176404444444444,0.196288888888889,0.204334444444444,0.232752222222222,0.272055555555556,0.257588888888889,0.257482222222222,0.244222222222222,0.23645,0.248727777777778,0.226048888888889,0.213851111111111,0.21197,0.14634,0.136357777777778,0.153444444444444,0.159086666666667,0.168638888888889,0.144373333333333,0.14898,0.145901111111111,0.155627777777778,0.167797777777778,0.18078,0.18379,0.186542222222222,0.189016666666667,0.200833333333333,0.19941,0.207614444444444,0.18766,0.190074444444444,0.218748888888889,0.232038888888889,0.228053333333333,0.242662222222222,0.248123333333333,0.248753333333333,0.236786666666667,0.240084444444444,0.233727777777778,0.233602222222222,0.204306666666667,0.209883333333333,0.21486,0.221034444444444,0.210215555555556,0.218811111111111,0.229753333333333,0.236876666666667,0.208634444444444,0.232721111111111,0.255025555555556,0.218702222222222,0.268417777777778,0.273084444444444,0.304275555555556,0.266452222222222
804,"UKR","Ukraine",NA,NA,NA,NA,NA,NA,NA,NA,NA,NA,NA,NA,NA,NA,NA,NA,NA,NA,NA,NA,NA,NA,NA,NA,NA,NA,NA,NA,NA,NA,NA,0.325304444444444,0.371228888888889,0.291087777777778,0.285592222222222,0.220093333333333,0.280546666666667,0.225004444444444,0.214874444444444,0.221834444444444,0.315234444444444,0.314121111111111,0.248216666666667,0.334636666666667,0.332553333333333,0.326071111111111,0.277727777777778,0.466863333333333,0.412264444444444,0.376947777777778,0.502606666666667,0.433621111111111,0.551615555555556,0.579185555555556,0.566397777777778,0.619186666666667,0.596381111111111,0.651263333333333,0.67812,0.581824444444444,0.738284444444444,0.521794444444444,0.597992222222222
784,"ARE","United Arab Emirates",0.0377588888888889,0.0407944444444444,0.0439622222222222,0.0469988888888889,0.0423211111111111,0.0854455555555556,0.0909177777777778,0.114673333333333,0.135937777777778,0.129688888888889,0.153738888888889,0.130095555555556,0.127694444444444,0.178763333333333,0.187892222222222,0.191708888888889,0.202085555555556,0.25447,0.302177777777778,0.277456666666667,0.287438888888889,0.378288888888889,0.386843333333333,0.33006,0.310282222222222,0.268444444444444,0.260236666666667,0.299611111111111,0.383022222222222,0.303471111111111,0.340836666666667,0.389077777777778,0.367188888888889,0.333952222222222,0.340481111111111,0.331901111111111,0.36407,0.364391111111111,0.299345555555556,0.453713333333333,0.16771,0.159856666666667,0.148667777777778,0.170312222222222,0.163744444444444,0.155708888888889,0.151627777777778,0.154314444444444,0.412477777777778,0.419214444444444,0.186698888888889,0.216472222222222,0.188327777777778,0.244866666666667,0.262957777777778,0.260964444444444,0.270744444444444,0.261832222222222,0.285126666666667,0.29747,0.289965555555556,0.270614444444444,0.268491111111111
826,"GBR","United Kingdom",0.36638,0.426378888888889,0.409198888888889,0.452447777777778,0.479964444444444,0.466964444444444,0.512451111111111,0.47251,0.488928888888889,0.492978888888889,0.544012222222222,0.550138888888889,0.55967,0.590391111111111,0.512775555555556,0.493105555555556,0.615367777777778,0.636322222222222,0.65441,0.717043333333333,0.718752222222222,0.817014444444444,0.785336666666667,0.99131,0.843722222222222,0.92848,0.86037,0.850514444444444,0.915522222222222,0.94589,0.959411111111111,0.955363333333333,0.93616,0.966357777777778,1,1,1,1,1,1,0.961428888888889,1,1,1,1,0.988642222222222,0.928036666666667,1,1,1,1,0.935996666666667,0.937126666666667,1,1,1,1,1,1,0.878865555555555,1,1,1
840,"USA","United States of America",0.270917777777778,0.275102222222222,0.286044444444444,0.278007777777778,0.311912222222222,0.31064,0.334522222222222,0.340502222222222,0.327504444444444,0.312764444444444,0.360078888888889,0.366335555555556,0.399184444444444,0.343836666666667,0.40775,0.394315555555556,0.451653333333333,0.45295,0.519925555555556,0.447586666666667,0.52955,0.542334444444444,0.383,0.498043333333333,0.541621111111111,0.490475555555556,0.480931111111111,0.383891111111111,0.474171111111111,0.512205555555556,0.491043333333333,0.570027777777778,0.47114,0.61616,0.517056666666667,0.591825555555555,0.6303,0.641914444444444,0.629102222222222,0.644403333333333,0.642054444444444,0.60409,0.636958888888889,0.749517777777778,0.737133333333333,0.724897777777778,0.745856666666667,0.764293333333333,0.819652222222222,0.821901111111111,0.783261111111111,0.775234444444444,0.856347777777778,0.92983,0.916424444444444,1,0.976901111111111,0.98228,0.884692222222222,0.963358888888889,1,0.949491111111111,0.989138888888889
858,"URY","Uruguay",0.0866877777777778,0.100547777777778,0.0863033333333333,0.117454444444444,0.114888888888889,0.10116,0.07079,0.103706666666667,0.120617777777778,0.135915555555556,0.118708888888889,0.102731111111111,0.14605,0.172827777777778,0.168196666666667,0.205434444444444,0.141,0.157838888888889,0.185145555555556,0.183668888888889,0.21962,0.195727777777778,0.192626666666667,0.192466666666667,0.185072222222222,0.189893333333333,0.221036666666667,0.263075555555556,0.283641111111111,0.232865555555556,0.198932222222222,0.270108888888889,0.241992222222222,0.249748888888889,0.28916,0.346004444444444,0.312947777777778,0.299307777777778,0.31813,0.247071111111111,0.236703333333333,0.277953333333333,0.355635555555556,0.491034444444444,0.556688888888889,0.633165555555556,0.666997777777778,0.561431111111111,0.621128888888889,0.912387777777778,0.700274444444444,1,1,1,1,0.914646666666667,1,0.597677777777778,1,0.93058,0.909741111111111,1,0.621095555555556
860,"UZB","Uzbekistan",NA,NA,NA,NA,NA,NA,NA,NA,NA,NA,NA,NA,NA,NA,NA,NA,NA,NA,NA,NA,NA,NA,NA,NA,NA,NA,NA,NA,NA,NA,NA,0.6973,0.701707777777778,0.681102222222222,0.721643333333333,0.647721111111111,0.710352222222222,0.671995555555556,0.720732222222222,0.630683333333333,0.67508,0.726431111111111,0.71578,0.811637777777778,0.872981111111111,0.874785555555556,0.909486666666667,0.920838888888889,0.923908888888889,0.948424444444444,0.956638888888889,0.982268888888889,1,1,1,0.997356666666667,0.918984444444444,0.783416666666667,0.89555,0.957625555555556,1,1,1
548,"VUT","Vanuatu",0.513605555555556,0.503568888888889,0.566194444444444,0.594928888888889,0.429284444444444,0.497581111111111,0.58962,0.503734444444444,0.540233333333333,0.454605555555556,0.497303333333333,0.319735555555556,0.377922222222222,0.518907777777778,0.465165555555556,0.499751111111111,0.586398888888889,0.614627777777778,0.597734444444444,0.490781111111111,0.615907777777778,0.514885555555556,0.545298888888889,0.639034444444444,0.548148888888889,0.572716666666667,0.554214444444444,0.491087777777778,0.392137777777778,0.55598,0.40946,0.401192222222222,0.393047777777778,0.38975,0.40533,0.414334444444444,0.51489,0.542121111111111,0.395104444444444,0.350185555555556,0.376294444444444,0.321092222222222,0.319651111111111,0.338682222222222,0.33421,0.330486666666667,0.332623333333333,0.333132222222222,0.334397777777778,0.488528888888889,0.459003333333333,0.458513333333333,0.502804444444444,0.623716666666667,0.571698888888889,0.568257777777778,0.460594444444444,0.461176666666667,0.466084444444444,0.464498888888889,0.465413333333333,0.51598,0.511547777777778
862,"VEN","Venezuela",0.0973555555555556,0.105453333333333,0.106906666666667,0.118474444444444,0.130614444444444,0.134093333333333,0.142758888888889,0.139498888888889,0.147707777777778,0.161147777777778,0.160973333333333,0.158773333333333,0.158815555555556,0.173414444444444,0.179651111111111,0.16353,0.191512222222222,0.179121111111111,0.182371111111111,0.180811111111111,0.173637777777778,0.181561111111111,0.176825555555556,0.179863333333333,0.202893333333333,0.23577,0.243081111111111,0.25912,0.255862222222222,0.239442222222222,0.252368888888889,0.257631111111111,0.257202222222222,0.258521111111111,0.264164444444444,0.267054444444444,0.278682222222222,0.291723333333333,0.300204444444444,0.332421111111111,0.342292222222222,0.317487777777778,0.364625555555556,0.368052222222222,0.377642222222222,0.395011111111111,0.403621111111111,0.387063333333333,0.378878888888889,0.375326666666667,0.374136666666667,0.355063333333333,0.371308888888889,0.355426666666667,0.294896666666667,0.261428888888889,0.258864444444444,0.227085555555556,0.214412222222222,0.275906666666667,0.257396666666667,0.236552222222222,0.238986666666667
704,"VNM","Viet Nam",0.276145555555556,0.2955,0.291487777777778,0.29682,0.291002222222222,0.26593,0.280314444444444,0.257531111111111,0.267124444444444,0.298246666666667,0.305355555555556,0.311941111111111,0.320594444444444,0.318943333333333,0.302434444444444,0.347088888888889,0.322577777777778,0.313097777777778,0.353594444444444,0.373273333333333,0.390851111111111,0.440141111111111,0.454523333333333,0.485035555555556,0.504264444444444,0.515915555555556,0.507848888888889,0.553595555555556,0.597907777777778,0.60234,0.623385555555556,0.649822222222222,0.678087777777778,0.706758888888889,0.772837777777778,0.798084444444444,0.807616666666667,0.831376666666667,0.860823333333333,0.839777777777778,0.783456666666667,0.847957777777778,0.861375555555555,0.875148888888889,0.857508888888889,0.874292222222222,0.902293333333333,0.925196666666667,0.913447777777778,0.903985555555556,0.945315555555556,1,1,1,0.924871111111111,0.894238888888889,0.899882222222222,0.920895555555556,0.892777777777778,0.877131111111111,0.894804444444444,0.889552222222222,0.909977777777778
876,"WLF","Wallis and Futuna Islands",NA,NA,NA,NA,NA,NA,NA,NA,NA,NA,NA,NA,NA,NA,NA,NA,NA,NA,NA,NA,NA,NA,NA,NA,NA,NA,NA,NA,NA,NA,NA,NA,NA,NA,NA,NA,NA,NA,NA,NA,NA,NA,NA,NA,NA,NA,NA,NA,NA,NA,NA,NA,NA,NA,NA,NA,NA,NA,NA,NA,NA,NA,NA
732,"ESH","Western Sahara",NA,NA,NA,NA,NA,NA,NA,NA,NA,NA,NA,NA,NA,NA,NA,NA,NA,NA,NA,NA,NA,NA,NA,NA,NA,NA,NA,NA,NA,NA,NA,NA,NA,NA,NA,NA,NA,NA,NA,NA,NA,NA,NA,NA,NA,NA,NA,NA,NA,NA,NA,NA,NA,NA,NA,NA,NA,NA,NA,NA,NA,NA,NA
887,"YEM","Yemen",0.1432,0.147305555555556,0.151364444444444,0.149963333333333,0.154473333333333,0.137397777777778,0.136916666666667,0.133046666666667,0.136487777777778,0.128418888888889,0.151215555555556,0.139086666666667,0.154892222222222,0.151931111111111,0.182793333333333,0.167313333333333,0.148896666666667,0.140897777777778,0.169322222222222,0.163277777777778,0.174725555555556,0.168777777777778,0.117795555555556,0.119543333333333,0.109707777777778,0.150412222222222,0.152237777777778,0.166184444444444,0.181224444444444,0.150221111111111,0.108085555555556,0.177076666666667,0.15634,0.149092222222222,0.153173333333333,0.138574444444444,0.145147777777778,0.175913333333333,0.1631,0.164996666666667,0.18025,0.159162222222222,0.160404444444444,0.132032222222222,0.144076666666667,0.170712222222222,0.202872222222222,0.18395,0.212851111111111,0.241453333333333,0.231204444444444,0.238848888888889,0.231357777777778,0.230233333333333,0.188534444444444,0.176202222222222,0.167335555555556,0.157123333333333,0.196904444444444,0.231721111111111,0.259491111111111,0.208555555555556,0.193895555555556
894,"ZMB","Zambia",0.0591277777777778,0.0577222222222222,0.0542711111111111,0.05867,0.0612888888888889,0.0675422222222222,0.0668077777777778,0.0663755555555555,0.06828,0.0610955555555556,0.0790433333333333,0.0993466666666667,0.0784966666666667,0.0840611111111111,0.107813333333333,0.123955555555556,0.116622222222222,0.106,0.0943622222222222,0.0977744444444444,0.09806,0.0836544444444444,0.0968011111111111,0.101733333333333,0.111847777777778,0.116916666666667,0.108305555555556,0.160597777777778,0.147788888888889,0.109003333333333,0.122384444444444,0.0819555555555556,0.153125555555556,0.119836666666667,0.0994277777777778,0.145202222222222,0.126235555555556,0.108174444444444,0.144244444444444,0.136007777777778,0.130844444444444,0.137912222222222,0.162453333333333,0.171986666666667,0.193031111111111,0.188112222222222,0.186936666666667,0.175177777777778,0.220036666666667,0.271976666666667,0.288273333333333,0.289822222222222,0.277601111111111,0.295913333333333,0.260805555555556,0.286583333333333,0.332427777777778,0.283218888888889,0.2567,0.311933333333333,0.341697777777778,0.319933333333333,0.412227777777778
716,"ZWE","Zimbabwe",0.30425,0.333097777777778,0.281934444444444,0.309874444444444,0.297551111111111,0.346202222222222,0.392568888888889,0.296456666666667,0.432951111111111,0.331906666666667,0.417848888888889,0.445375555555556,0.283622222222222,0.431177777777778,0.385363333333333,0.392831111111111,0.361937777777778,0.36616,0.308906666666667,0.336341111111111,0.409737777777778,0.329878888888889,0.233391111111111,0.273593333333333,0.397907777777778,0.360821111111111,0.282896666666667,0.396748888888889,0.325945555555556,0.292621111111111,0.277441111111111,0.12851,0.267604444444444,0.283327777777778,0.185248888888889,0.266725555555556,0.259393333333333,0.239115555555556,0.2463,0.240582222222222,0.258136666666667,0.162995555555556,0.180758888888889,0.27126,0.175516666666667,0.203066666666667,0.20938,0.156072222222222,0.148321111111111,0.16951,0.155876666666667,0.184771111111111,0.179408888888889,0.16774,0.13293,0.128684444444444,0.198692222222222,0.225665555555556,0.176361111111111,0.232922222222222,0.256346666666667,0.227111111111111,0.245504444444444
