"code","iso","country","NTI.raw.1961","NTI.raw.1962","NTI.raw.1963","NTI.raw.1964","NTI.raw.1965","NTI.raw.1966","NTI.raw.1967","NTI.raw.1968","NTI.raw.1969","NTI.raw.1970","NTI.raw.1971","NTI.raw.1972","NTI.raw.1973","NTI.raw.1974","NTI.raw.1975","NTI.raw.1976","NTI.raw.1977","NTI.raw.1978","NTI.raw.1979","NTI.raw.1980","NTI.raw.1981","NTI.raw.1982","NTI.raw.1983","NTI.raw.1984","NTI.raw.1985","NTI.raw.1986","NTI.raw.1987","NTI.raw.1988","NTI.raw.1989","NTI.raw.1990","NTI.raw.1991","NTI.raw.1992","NTI.raw.1993","NTI.raw.1994","NTI.raw.1995","NTI.raw.1996","NTI.raw.1997","NTI.raw.1998","NTI.raw.1999","NTI.raw.2000","NTI.raw.2001","NTI.raw.2002","NTI.raw.2003","NTI.raw.2004","NTI.raw.2005","NTI.raw.2006","NTI.raw.2007","NTI.raw.2008","NTI.raw.2009","NTI.raw.2010","NTI.raw.2011","NTI.raw.2012","NTI.raw.2013","NTI.raw.2014","NTI.raw.2015","NTI.raw.2016","NTI.raw.2017","NTI.raw.2018","NTI.raw.2019","NTI.raw.2020","NTI.raw.2021","NTI.raw.2022","NTI.raw.2023"
4,"AFG","Afghanistan","12.4845","12.628","12.8657","13.0184","13.3426","13.695","14.7808","15.8691","16.0754","16.3772","16.8546","14.9728","15.3797","17.0086","18.4429","19.1893","19.8107","19.2544","18.5951","20.0191","18.1443","19.462","18.4587","19.5966","18.9136","17.0702","17.9364","18.0975","17.914","19.8489","17.1051","16.2684","16.575","12.983","12.5269","13.2304","12.4263","12.8371","13.4007","11.839","12.8569","13.808","13.6717","14.1578","14.7845","15","14.6743","15.8561","16.5602","17.7291","19.0262","18.2379","18.8847","22.8576","25.841","28.3059","35.1819","27.7346","27.8541","25.6554","19.6029","17.4981","20.901"
8,"ALB","Albania","60.8018","57.3567","57.5181","56.796","57.8835","58.838","65.7123","83.0931","75.9095","89.1009","96.816","96.8357","102.1647","102.117","101.4467","114.8268","122.7637","156.4603","157.0813","154.4789","160.2096","157.6668","160.9019","163.0519","161.6118","163.9281","154.7001","161.8366","179.6407","167.0079","91.9565","79.9239","82.4294","92.1824","89.825","81.4273","74.7923","92.0333","76.0847","82.4786","82.153","110.5574","103.7271","112.6197","102.329","98.4959","97.5324","89.743","93.3803","90.0253","96.6569","103.4999","92.8869","101.8782","108.0582","108.7582","105.4057","93.1134","107.9092","97.4227","90.6015","79.1532","83.5166"
12,"DZA","Algeria","4.9896","6.1092","6.6142","6.4104","6.1911","6.7671","6.5691","7.2783","9.2341","11.2431","16.6411","16.4476","17.051","14.4583","12.475","13.488","13.6859","13.9444","14.2303","17.4044","14.2086","13.0848","15.1959","19.0399","21.0567","23.09","19.7876","14.6973","13.9379","15.6076","13.6593","14.1056","17.4561","15.4297","10.5476","9.863","13.6918","15.1405","15.1132","13.826","14.7","13.7772","13.651","18.5204","12.6096","15.4738","14.3431","12.3399","14.3589","17.1719","16.8012","19.0403","18.8567","22.5136","22.9601","21.8539","21.7189","24.8081","24.2046","22.162","19.8401","21.0973","22.204"
20,"AND","Andorra",NA,NA,NA,NA,NA,NA,NA,NA,NA,NA,NA,NA,NA,NA,NA,NA,NA,NA,NA,NA,NA,NA,NA,NA,NA,NA,NA,NA,NA,NA,NA,NA,NA,NA,NA,NA,NA,NA,NA,NA,NA,NA,NA,NA,NA,NA,NA,NA,NA,NA,NA,NA,NA,NA,NA,NA,NA,NA,NA,NA,NA,NA,NA
24,"AGO","Angola","7.1961","7.5984","7.7445","7.8562","8.5177","8.8323","9.3167","9.3551","9.0074","9.5017","11.4071","11.7309","11.3403","10.5676","9.2544","9.3024","13.057","12.21","12.3508","12.3067","11.088","10.6681","11.354","11.4505","14.5088","12.517","12.1149","12.3394","13.675","11.2205","11.5288","11.8432","11.8954","13.814","12.6664","12.1208","13.1965","14.6378","13.3751","13.3339","15.1324","15.6213","16.4545","19.3022","18.9411","19.7021","21.2832","23.7335","24.0653","26.4203","25.6577","23.4798","27.749","30.6678","30.6381","28.0725","28.5267","27.6393","26.7313","28.4858","27.9683","31.1148","29.9395"
660,"AIA","Anguilla",NA,NA,NA,NA,NA,NA,NA,NA,NA,NA,NA,NA,NA,NA,NA,NA,NA,NA,NA,NA,NA,NA,NA,NA,NA,NA,NA,NA,NA,NA,NA,NA,NA,NA,NA,NA,NA,NA,NA,NA,NA,NA,NA,NA,NA,NA,NA,NA,NA,NA,NA,NA,NA,NA,NA,NA,NA,NA,NA,NA,NA,NA,NA
28,"ATG","Antigua and Barbuda","38.4809","43.0906","43.8687","43.9293","46.1255","37.1872","38.3529","36.4879","40.236","41.0241","48.6836","38.9565","39.2215","33.7017","32.8536","33.6708","35.5976","41.6253","49.4969","54.4778","51.0847","52.6129","53.2121","63.4038","67.3219","67.5115","67.6031","68.2487","63.9363","63.0128","73.5743","73.9672","74.1282","74.3521","73.9933","64.4357","64.7157","65.9783","74.6781","68.3028","70.0712","70.7773","76.5146","71.1118","75.0273","73.5077","63.3446","66.6561","68.6277","52.6012","54.8477","59.3609","59.0296","57.5494","53.5571","64.8787","55.4642","50.8155","53.0461","49.5489","49.2621","51.8632","47.3737"
32,"ARG","Argentina","15.3321","15.0168","15.4693","15.9293","16.2327","16.0543","15.79","14.6349","14.9862","14.8841","16.6236","16.9118","18.1173","18.2461","18.418","19.3403","21.2814","23.8945","28.5646","28.881","28.2374","29.0638","29.5172","37.533","37.4741","38.239","38.1975","44.785","37.3099","46.2275","45.5059","48.2322","49.2493","56.5731","59.2116","67.0601","64.9403","76.1163","81.2491","83.1892","98.2117","104.2887","110.6799","109.0635","105.8144","110.3253","119.3443","115.795","99.0459","121.415","120.0564","104.1332","118.4455","124.1833","122.8518","129.8395","121.5955","109.1977","125.9405","121.742","122.3614","115.8931","94.9702"
51,"ARM","Armenia",NA,NA,NA,NA,NA,NA,NA,NA,NA,NA,NA,NA,NA,NA,NA,NA,NA,NA,NA,NA,NA,NA,NA,NA,NA,NA,NA,NA,NA,NA,NA,"57.7338","51.8112","35.2868","36.5207","39.1212","39.9317","42.976","36.738","37.96","34.3652","46.1449","38.9756","55.4228","50.9399","86.0732","69.7538","58.7813","76.0699","64.5678","71.0119","92.5654","98.7335","89.3574","103.8503","188.4058","136.9113","76.7652","77.8257","76.2918","64.2455","61.0061","59.1303"
533,"ABW","Aruba",NA,NA,NA,NA,NA,NA,NA,NA,NA,NA,NA,NA,NA,NA,NA,NA,NA,NA,NA,NA,NA,NA,NA,NA,NA,NA,NA,NA,NA,NA,NA,NA,NA,NA,NA,NA,NA,NA,NA,NA,NA,NA,NA,NA,NA,NA,NA,NA,NA,NA,NA,NA,NA,NA,NA,NA,NA,NA,NA,NA,NA,NA,NA
36,"AUS","Australia","11.195","11.1894","12.9064","12.0849","11.9031","11.8983","13.9346","13.346","13.794","15.0142","17.0747","20.0605","23.479","24.4511","26.1813","27.1416","24.4746","23.6803","24.7959","24.4182","24.009","23.3536","26.5716","26.51","27.5761","30.2172","33.4627","37.3928","39.846","41.1155","43.9576","48.7438","52.2357","48.6766","59.8837","60.2129","56.1614","61.4645","62.6753","53.6033","56.0938","51.2327","52.9933","50.7289","47.9931","45.2405","47.8","45.3625","42.3621","50.2816","44.5914","44.2049","49.1107","51.9977","50.4412","59.3215","62.2773","55.1816","51.1028","60.7409","72.6327","67.9581","77.9183"
40,"AUT","Austria","103.8929","111.6873","114.5078","115.6623","125.4288","128.1703","136.6241","144.7495","147.8421","149.6725","159.5054","155.579","160.8943","158.9092","156.8793","167.6217","165.5743","172.9153","179.4462","179.4349","176.3453","173.3357","188.776","194.1277","196.8427","180.8346","178.4675","183.6917","170.9205","183.4203","177.371","174.5207","170.4815","169.6973","163.7996","167.7243","169.1063","169.0694","163.7295","159.7011","159.306","156.7811","143.4141","146.0073","146.7498","147.5998","145.6064","150.4831","136.1513","145.6313","152.7137","145.458","152.3337","156.2839","163.4477","160.6491","157.8184","148.637","145.5772","155.5805","143.715","139.9865","144.3274"
31,"AZE","Azerbaijan",NA,NA,NA,NA,NA,NA,NA,NA,NA,NA,NA,NA,NA,NA,NA,NA,NA,NA,NA,NA,NA,NA,NA,NA,NA,NA,NA,NA,NA,NA,NA,"38.1968","28.9476","28.3621","28.0036","19.3036","21.5729","18.3115","19.1032","13.6668","17.8566","21.1418","25.1879","23.2271","22.4261","24.0082","22.5597","29.7321","24.5126","21.9222","26.3304","26.5392","26.0814","32.5218","43.669","41.3383","39.9457","52.0003","50.2327","54.8475","32.9644","39.3425","42.9777"
44,"BHS","Bahamas","66.6196","68.2972","69.4109","70.8727","74.9953","81.4088","94.6355","101.4632","97.6485","107.5585","107.4873","121.4609","147.459","118.323","109.8165","134.2392","146.2323","109.4232","102.0113","117.0313","127.9591","113.7407","100.9436","103.8378","92.3302","91.5416","93.9936","95.6052","99.9213","101.7527","90.067","93.0481","79.5342","77.6774","112.752","152.1167","120.8018","166.3247","104.6853","94.0574","130.7844","132.9046","146.7614","150.7517","154.0591","157.6337","160.6594","163.3679","166.3657","153.3508","142.7078","144.8881","125.9717","132.3977","143.7687","199.1489","232.8238","267.1156","144.6668","127.9735","127.0113","127.3942","127.7961"
48,"BHR","Bahrain","11.9836","12.1145","12.2387","12.3679","12.5109","13.0001","13.1105","13.2137","13.3933","13.6771","14.0027","14.795","17.0238","17.6212","22.1222","23.0998","25.0033","24.7915","24.5071","48.7169","72.0022","33.0431","55.3264","72.3145","57.545","184.3485","54.5485","61.9071","69.8521","76.9478","83.3493","84.1537","67.8822","68.512","69.5812","70.9025","72.7292","151.4577","62.4811","57.5567","55.2726","353.3588","359.3749","365.1467","372.796","380.1182","249.9039","494.395","291.0611","572.3531","425.6572","758.9329","830.2006","906.5346","557.292","95.4335","91.7107","98.5381","108.8117","106.8046","107.686","91.291","93.1683"
50,"BGD","Bangladesh","53.4372","55.1493","57.869","59.3059","60.027","61.6239","65.7966","66.7628","71.6082","70.8878","66.0855","70.8157","71.2024","66.929","76.6315","78.9143","86.6903","90.1852","94.8021","90.1869","89.5438","96.4243","99.2469","104.2685","103.8553","111.1088","115.8525","119.449","131.4935","128.9819","142.8196","154.9115","158.7542","169.9005","189.0028","195.9242","186.6918","186.4149","198.7907","198.0817","204.6483","209.4023","203.6638","208.7721","214.5045","221.1344","226.8674","236.5282","230.0771","237.8425","239.9445","231.4888","232.3282","253.9017","254.902","242.5654","252.6545","263.2944","257.7018","262.7795","283.7355","271.1637","281.3872"
52,"BRB","Barbados","217.6295","339.9382","290.3006","320.7742","279.0049","263.1996","277.0392","220.02","188.3219","223.6743","173.0455","206.1375","213.8145","176.5597","156.151","202.0492","177.9809","213.6259","201.6267","211.2819","224.1015","225.4098","197.7564","195.4104","172.816","188.1302","197.125","200.0913","207.3334","196.4882","195.4219","182.7751","179.2185","185.7728","216.5357","221.5343","221.7236","209.6507","219.6487","217.146","207.8117","135.6274","142.9494","310.6199","203.3566","201.4418","199.2978","228.2176","150.64","161.5582","204.4572","258.6634","274.0592","230.8243","230.5891","257.4386","296.5302","266.016","261.0331","254.4743","245.6885","262.7058","255.0514"
112,"BLR","Belarus",NA,NA,NA,NA,NA,NA,NA,NA,NA,NA,NA,NA,NA,NA,NA,NA,NA,NA,NA,NA,NA,NA,NA,NA,NA,NA,NA,NA,NA,NA,NA,"101.2673","94.5963","84.921","86.5798","89.8528","93.2649","91.8247","91.5379","89.4056","95.0299","88.2739","96.4606","109.4384","117.0928","130.2229","124.4731","142.0471","143.3352","141.8336","154.8176","149.8026","144.3619","129.8086","127.8077","109.9869","120.2877","118.5142","119.1744","130.1593","124.2409","130.8376","137.179"
56,"BEL","Belgium",NA,NA,NA,NA,NA,NA,NA,NA,NA,NA,NA,NA,NA,NA,NA,NA,NA,NA,NA,NA,NA,NA,NA,NA,NA,NA,NA,NA,NA,NA,NA,NA,NA,NA,NA,NA,NA,NA,NA,"386.4503","390.1476","389.3424","379.7845","370.8799","365.0501","357.7973","369.6511","348.3182","373.1834","398.1626","399.3859","408.0404","400.0225","404.7696","401.3425","381.4366","376.6344","376.8002","373.4126","368.6643","359.1298","327.103","319.8027"
84,"BLZ","Belize","20.8037","26.1705","24.7981","22.4552","25.8054","26.0193","34.4586","43.3159","50.3751","59.2198","35.0837","43.4123","40.9924","42.1259","48.1425","38.1959","36.5057","46.5126","46.2724","47.6755","41.3223","40.8394","46.4725","49.2539","55.1238","60.1549","54.799","57.3495","54.2","46.8364","46.6191","44.8404","42.0518","38.3202","39.5844","37.0576","39.7493","45.1707","49.4177","55.412","48.2057","148.3605","231.4425","52.3018","66.4394","53.3707","51.2475","42.3856","82.8258","50.3477","80.7482","85.1571","121.8099","143.6248","137.7946","134.011","128.5701","133.7131","153.6484","136.6135","133.5467","97.446","137.887"
204,"BEN","Benin","17.9311","17.8359","18.0642","16.6646","17.8961","17.0502","19.298","18.9821","18.646","19.1969","18.8258","18.0492","17.0911","16.1237","15.5625","17.3233","17.4841","18.7144","18.6335","17.876","17.467","16.9394","18.3953","20.3403","21.3036","21.2892","20.5687","19.1583","18.6031","22.2272","22.5401","23.0943","23.8711","24.148","27.0317","25.1949","25.0439","21.5489","28.2988","21.3433","21.8923","25.1042","17.1318","17.4175","17.545","16.1012","18.5385","17.6396","20.0234","25.072","20.5839","21.7456","20.7709","24.0785","20.9905","26.7731","22.0647","36.6817","40.9994","39.499","38.4818","39.0473","46.0199"
60,"BMU","Bermuda",NA,NA,NA,NA,NA,NA,NA,NA,NA,NA,NA,NA,NA,NA,NA,NA,NA,NA,NA,NA,NA,NA,NA,NA,NA,NA,NA,NA,NA,NA,NA,NA,NA,NA,NA,NA,NA,NA,NA,NA,NA,NA,NA,NA,NA,NA,NA,NA,NA,NA,NA,NA,NA,NA,NA,NA,NA,NA,NA,NA,NA,NA,NA
64,"BTN","Bhutan","20.0522","20.5348","21.0017","21.4987","21.809","22.2479","22.7333","23.0323","23.4991","22.4764","23.0561","23.3485","23.7554","23.4985","24.2652","24.0181","24.645","25.1465","24.9292","25.5606","26.4745","27.2033","27.6922","28.6683","29.5172","30.7625","31.3885","29.1787","30.5241","30.4954","26.4025","25.2523","25.2099","24.8496","25.7614","25.4521","25.3283","25.2993","26.3934","27.2715","27.9145","26.4605","28.0373","28.9935","29.3634","31.4456","35.8659","45.5624","48.3779","40.9419","45.8408","43.1091","42.5469","42.9676","43.705","47.1946","49.2258","55.612","48.7485","49.0796","40.1178","36.5626","33.8615"
68,"BOL","Bolivia","14.2828","14.6719","15.2401","15.228","15.4592","15.7169","16.4799","16.6742","17.4947","17.4233","19.0011","20.037","19.9224","21.3733","21.6137","22.3253","23.0182","23.5642","24.2696","25.488","26.5736","26.3885","26.1757","26.5535","27.9035","29.3846","30.0667","31.1668","36.4838","30.4215","36.5009","37.4104","39.503","46.4472","48.5313","49.3772","51.4383","53.42","52.9858","52.9682","52.7107","53.5204","55.8752","60.4712","63.3547","60.4279","61.3767","54.1454","60.6611","65.7483","66.4737","72.4","72.3511","72.0056","75.2905","76.7127","74.5584","74.8585","72.0041","72.3632","75.3054","74.5543","80.2104"
70,"BIH","Bosnia and Herzegovina",NA,NA,NA,NA,NA,NA,NA,NA,NA,NA,NA,NA,NA,NA,NA,NA,NA,NA,NA,NA,NA,NA,NA,NA,NA,NA,NA,NA,NA,NA,NA,"48.7881","46.673","43.6151","38.7235","32.1668","37.8609","57.5867","64.5123","62.1058","53.9021","54.1947","49.562","61.2114","67.7543","60.4483","59.5916","65.0268","76.7012","75.7413","85.5954","94.5429","90.7253","100.909","101.4023","91.4997","90.6413","83.77","70.3811","81.129","61.2275","153.2852","127.484"
72,"BWA","Botswana","14.7644","13.4658","13.8664","15.1655","15.7034","15.2478","17.6893","14.7982","15.528","15.9333","17.1334","17.3608","17.5975","18.4656","20.2368","19.7486","20.5226","19.8995","17.972","18.649","18.9415","18.4518","17.6932","17.0701","16.3716","16.6635","16.9134","17.7428","18.7599","16.0728","15.1497","16.0983","12.0445","12.1179","19.9936","21.7487","26.6738","33.9083","33.5273","24.2995","39.18","35.7165","49.2728","48.8614","58.067","66.9886","79.3261","59.0774","57.8277","94.139","41.2382","66.4845","91.4027","63.3177","63.9322","54.2459","31.8412","61.9527","48.3612","70.2434","64.3444","82.317","79.9645"
76,"BRA","Brazil","34.5617","35.1043","36.195","36.0068","38.8046","39.2255","41.1425","41.9405","43.5832","48.5555","50.1168","55.2996","57.4188","65.436","70.2878","71.7092","74.5191","67.7533","68.2185","73.4132","68.3114","65.1067","62.7464","69.9094","72.925","71.2528","76.1723","79.0871","88.7238","84.7678","80.8049","87.7338","98.3842","109.1885","111.7816","101.2571","109.7744","118.162","118.4978","121.9194","122.5309","134.0688","150.9575","156.2493","154.501","152.5785","166.7169","164.6183","159.024","178.1992","193.8838","184.4033","206.8607","218.7711","218.0349","224.2651","242.6606","246.9357","249.4763","269.324","292.6533","286.9098","312.0325"
92,"VGB","British Virgin Islands",NA,NA,NA,NA,NA,NA,NA,NA,NA,NA,NA,NA,NA,NA,NA,NA,NA,NA,NA,NA,NA,NA,NA,NA,NA,NA,NA,NA,NA,NA,NA,NA,NA,NA,NA,NA,NA,NA,NA,NA,NA,NA,NA,NA,NA,NA,NA,NA,NA,NA,NA,NA,NA,NA,NA,NA,NA,NA,NA,NA,NA,NA,NA
96,"BRN","Brunei Darussalam","33.5254","32.6169","29.8865","23.0688","22.4805","27.5114","29.7055","30.4444","32.0815","33.6898","45.0798","41.5911","41.1742","43.8189","47.5687","52.2494","63.3413","58.6693","62.4121","70.2133","87.447","119.8329","109.9814","117.1576","114.361","128.1047","150.158","133.1254","97.2744","112.011","114.2436","122.7165","131.4893","131.525","133.0293","133.3415","168.9226","194.3204","244.998","289.1096","291.7836","271.4037","311.1516","346.014","336.9764","353.1016","416.695","385.712","350.7643","411.8625","366.6161","421.9285","436.1724","414.081","415.6505","425.9845","407.7922","432.9157","406.6591","456.0466","498.0559","493.3466","489.5687"
100,"BGR","Bulgaria","59.0001","58.9884","64.1276","79.2394","93.5343","107.3694","115.6118","129.4169","127.834","126.3589","115.9567","125.1957","122.4358","125.6821","144.6388","142.482","142.2606","147.5469","162.7878","172.6198","189.7936","190.1331","192.868","175.0183","179.2116","172.9541","170.774","190.2247","176.5361","163.9366","139.7198","84.6256","72.6428","78.6196","54.2182","61.7183","58.8104","61.8552","56.3741","65.0524","69.8774","82.564","89.5946","79.4609","75.0232","71.4914","80.9954","77.7502","94.853","91.9411","105.4018","94.0199","101.789","115.7064","112.7424","129.4572","127.3269","123.6523","125.3166","130.8995","120.7691","120.6416","118.5036"
854,"BFA","Burkina Faso","10.0988","9.9818","9.3544","10.3124","10.6971","11.155","11.2248","11.6557","11.3891","11.5595","12.14","11.3036","12.2876","12.8155","12.6761","13.1897","13.1278","13.6163","13.3517","12.3303","13.8809","14.6302","14.9762","14.6604","16.3202","17.4929","16.9774","17.7504","16.6156","18.0125","16.7505","17.5183","18.0094","18.6702","18.7162","18.3812","20.2292","19.2547","20.206","17.6327","18.2037","19.0093","24.9294","23.576","24.1756","22.6688","22.6033","24.1686","24.2219","26.1464","23.1732","25.8287","26.2964","25.0705","25.8026","29.9056","27.0402","25.5733","23.2842","27.0013","24.5571","25.8619","28.5473"
108,"BDI","Burundi","20.7266","20.3513","20.0446","21.339","21.1057","21.4129","21.9612","22.4909","18.4164","20.3296","21.0347","20.3348","20.9812","18.8097","21.5085","22.0511","21.816","20.0456","20.5886","21.8444","21.8915","21.9888","22.6054","19.6076","23.7075","24.0874","24.4025","24.7553","21.6992","24.4711","25.0929","26.4274","25.8904","20.3495","24.1067","23.101","23.1122","23.5194","22.3811","20.1991","22.2747","20.9877","20.2443","20.1658","21.8737","21.429","21.0487","20.7033","22.0233","22.935","24.2875","26.0036","26.8851","30.0864","28.9317","36.0407","37.1822","40.8974","46.7482","49.9167","64.2154","58.0776","59.2076"
132,"CPV","Cabo Verde","22.4738","25.5103","27.5581","29.3802","31.2687","33.2194","28.0202","16.626","17.952","15.7856","16.3331","18.1636","18.6352","16.2114","16.5024","18.9574","17.584","23.016","28.2233","44.2706","26.4648","41.4315","33.8472","42.0353","39.8112","54.5983","82.9565","76.6962","78.5292","73.5602","80.4794","101.12","92.5965","68.4357","99.1343","55.1677","67.3299","82.0152","85.9931","90.0777","77.0402","70.4067","69.7782","65.5732","63.7905","62.0416","58.3372","54.3464","53.8572","50.7883","47.4963","50.95","50.5379","52.7191","56.3741","56.7221","51.2729","43.1953","47.2403","49.4687","49.0178","48.5989","49.2041"
116,"KHM","Cambodia","35.3083","35.352","35.0961","35.5049","35.3533","35.2687","37.4397","41.7188","41.3036","44.3423","58.4872","49.7761","40.5737","34.5466","35.1681","31.4635","30.932","29.7645","26.3992","35.7587","37.4892","42.0295","40.6737","34.0628","37.4615","34.9601","30.9227","31.8168","31.3398","31.6395","31.7925","34.4417","36.0915","33.175","37.2083","36.7047","43.0017","39.5712","39.8843","39.1901","39.5589","40.898","43.5021","46.6818","50.7576","49.1511","52.0623","51.0316","54.0929","56.643","60.2541","62.3315","58.981","65.7498","65.4164","56.5593","69.3807","70.0099","68.2386","72.1178","73.3267","65.256","77.7078"
120,"CMR","Cameroon","8.5369","8.9473","9.5658","9.5192","10.1311","11.0785","11.788","12.5998","12.6478","13.8127","13.7928","13.9923","14.5012","14.5748","14.933","15.0953","17.1312","17.5094","16.6415","17.4654","17.3206","16.4572","16.9281","17.7162","18.663","18.5664","18.4147","18.4989","17.3696","17.3749","16.4257","16.5705","16.7746","17.5493","17.6323","18.3192","18.135","18.3463","18.8554","18.9161","20.0943","19.1996","20.4462","21.7797","21.2894","21.6779","22.7216","22.7802","23.9143","24.6593","26.7756","24.5895","26.4467","25.547","27.3807","28.2536","28.0988","28.9011","29.8895","30.4329","28.6697","29.1745","28.1644"
124,"CAN","Canada","13.2732","13.7736","14.5163","15.1881","16.4499","17.5644","18.6728","16.9143","17.2191","18.6754","19.4844","21.2643","23.6483","23.9075","24.5257","25.1902","28.5354","30.796","31.6027","33.7785","33.9766","36.377","40.0235","42.007","40.5008","37.7118","39.5513","38.7172","39.5231","39.2046","41.7373","43.4086","47.0327","49.4262","52.5793","54.2053","55.213","56.2256","57.7509","57.3125","55.2779","55.6933","57.1547","58.0257","61.7843","59.546","69.2197","68.7724","71.3185","76.2496","83.8847","91.9617","89.3009","92.5329","92.3606","92.2742","95.8864","97.267","96.9901","105.1154","94.814","98.9358","105.2252"
136,"CYM","Cayman Islands",NA,NA,NA,NA,NA,NA,NA,NA,NA,NA,NA,NA,NA,NA,NA,NA,NA,NA,NA,NA,NA,NA,NA,NA,NA,NA,NA,NA,NA,NA,NA,NA,NA,NA,NA,NA,NA,NA,NA,NA,NA,NA,NA,NA,NA,NA,NA,NA,NA,NA,NA,NA,NA,NA,NA,NA,NA,NA,NA,NA,NA,NA,NA
140,"CAF","Central African Republic","12.7","12.7819","12.8476","13.0662","13.4294","13.8572","14.8986","15.3831","15.3839","16.1136","16.9624","17.0617","17.2784","18.7032","18.1125","18.4471","18.2077","17.5196","18.5715","19.7221","20.3701","20.2084","20.3845","18.8947","18.7801","19.9991","19.4188","19.7975","20.0672","21.0397","19.0453","19.6173","20.1521","20.3144","20.9815","21.4968","21.1659","20.7224","20.948","20.965","21.6574","22.1818","23.7266","24.033","25.1199","25.2431","25.7619","27.631","27.123","31.4804","32.0537","31.6622","29.0997","29.7998","29.4479","31.6164","31.5004","29.1936","26.903","33.717","31.1577","30.2491","30.2847"
148,"TCD","Chad","16.2494","16.6147","16.3576","17.1723","17.6913","15.9046","16.0152","16.6127","17.0434","16.537","17.454","17.2762","17.5138","18.4019","17.4918","17.4031","17.3883","17.391","17.0471","16.9498","16.9044","15.7457","16.2542","16.7502","17.3367","16.9959","16.8464","16.7351","17.669","19.6051","19.9967","20.9327","19.7473","20.3851","22.6742","24.5894","23.8723","28.3203","25.9072","27.102","28.9778","25.1552","26.8043","25.6038","27.61","26.9543","28.1696","30.6153","31.2174","42.0608","32.0755","40.3081","36.2965","33.3965","32.6341","35.1519","36.3173","37.1243","37.6599","37.992","37.9058","39.5224","39.7111"
152,"CHL","Chile","14.9563","14.9123","16.0953","16.4937","16.7913","18.8863","19.1106","18.0969","19.4172","20.068","21.6671","22.1342","22.5093","20.8044","18.0895","20.0016","19.3132","22.1611","24.1974","24.085","24.4465","25.3641","27.6884","32.419","37.0779","45.2659","51.3214","53.8157","54.2406","62.2943","63.7323","75.2293","86.3241","92.3418","106.978","117.1041","115.859","114.5406","130.7705","128.2829","127.6705","127.3991","145.2847","159.3721","150.3618","157.8879","168.141","162.495","145.864","150.452","145.3986","147.9961","143.526","138.5126","144.3577","132.5864","129.694","134.6113","140.0876","145.6595","135.5649","118.9807","138.6674"
156,"CHN","China","47.963","52.1136","54.0189","60.1484","65.6727","75.2649","69.841","71.3422","76.0613","84.9628","86.6529","92.149","100.0806","93.1336","106.8869","104.7078","128.8126","152.329","167.3976","184.2731","178.2709","177.618","182.8527","186.1613","166.8842","165.1942","192.3606","205.2141","206.2021","209.3001","212.2736","218.9307","207.5617","219.5395","258.1091","273.2019","255.1878","257.0306","268.319","255.9543","256.8225","276.565","276.802","285.1003","288.1953","290.8036","294.2125","299.5312","303.884","309.5764","314.3224","320.2417","321.2891","322.8613","322.6121","321.6317","317.4947","308.3507","297.8055","294.4712","289.904","287.8875","288.6366"
170,"COL","Colombia","33.2156","34.9298","34.8914","38.5029","39.384","39.6965","41.3222","42.0899","44.2281","48.0347","50.4549","56.6295","58.9869","57.8023","57.1214","61.9305","63.6606","60.3589","64.1136","65.2951","64.8314","67.0822","70.2819","74.9264","76.5522","85.6004","90.8547","98.266","105.9231","119.276","123.4103","110.9021","112.9729","115.9848","123.7297","134.7597","139.2609","143.2599","144.3423","150.5255","162.2221","189.3685","195.0591","197.996","199.3544","203.966","189.0609","182.8463","213.8161","226.0313","232.5843","229.6069","226.2208","233.5391","212.16","209.2535","207.2817","176.3464","166.6978","172.5217","181.3885","152.456","161.7934"
174,"COM","Comoros","10.2159","10.3338","10.8291","11.0219","11.7272","12.1881","11.9792","11.5146","11.6915","11.8371","12.0043","12.172","12.3724","12.598","12.7217","13.0512","14.7938","14.3656","14.8952","15.5903","15.7962","16.981","17.0428","16.3486","16.3232","17.0622","16.7273","16.9325","17.189","18.7479","16.6945","16.879","16.6488","16.6664","17.124","17.4356","18.0084","18.33","18.1395","18.0332","18.3836","18.0345","18.2023","18.0573","20.5656","31.6251","30.8003","29.8135","28.8773","28.9147","28.316","28.1808","27.3266","26.4359","25.485","24.7371","23.6429","22.772","22.1547","21.9183","20.5061","20.0709","20.5655"
184,"COK","Cook Islands","19.0604","19.2931","19.9184","19.1421","20.209","12.837","17.7952","18.0725","18.2169","18.2483","18.3805","14.721","16.8659","18.766","19.1581","25.8277","25.7754","25.8299","25.888","25.6883","26.0834","26.2227","25.8162","25.6235","25.3418","25.0266","24.6904","24.4995","24.4605","25.1846","24.922","32.0865","38.6913","43.0648","49.3287","61.9585","66.2663","72.2281","61.577","58.1429","51.5014","66.4358","79.663","86.4308","92.6061","100.4615","94.8582","105.9922","111.0653","110.7716","117.4046","121.7798","118.1229","117.6338","124.8188","126.6359","115.3919","115.6712","109.5569","101.888","94.4589","90.6969","89.9765"
188,"CRI","Costa Rica","36.2323","41.5118","58.3025","64.397","52.5081","61.5778","60.7569","89.2368","113.0702","107.3484","85.4003","85.7917","104.9942","106.1441","101.5517","96.5001","121.2795","122.8141","119.7646","119.5271","127.9786","134.5627","145.9402","138.8158","135.0013","139.2312","144.8276","156.9202","168.902","155.9812","170.2646","179.1283","174.7646","188.9462","193.6589","236.7609","264.6099","277.3787","224.0148","210.0607","170.2122","169.3921","191.001","201.7329","205.9206","209.6533","219.7816","222.9414","181.5655","187.6215","253.8184","222.3866","216.3934","239.4423","248.7378","261.0499","258.6215","288.0923","272.3905","260.4292","240.4926","213.9014","229.633"
384,"CIV","Cote d'Ivoire","8.575","9.2343","9.45","10.152","10.1924","9.9254","10.231","10.2244","10.8743","11.6788","11.399","12.2314","11.8763","11.9695","13.1689","13.4805","14.5781","14.2601","14.7124","15.3431","13.4882","13.5245","13.2192","13.036","12.0536","12.3957","11.7217","12.1239","13.0874","13.3041","14.8249","15.4258","15.4477","17.489","16.6893","16.7788","20.6116","18.5965","16.4211","16.0891","15.5342","17.2836","15.3753","16.2346","14.741","13.8939","14.6312","14.2266","14.668","14.5182","14.0558","15.1046","15.2414","16.0764","14.9576","15.7793","13.9945","13.3916","16.0501","14.3416","16.0855","14.4","16.6167"
191,"HRV","Croatia",NA,NA,NA,NA,NA,NA,NA,NA,NA,NA,NA,NA,NA,NA,NA,NA,NA,NA,NA,NA,NA,NA,NA,NA,NA,NA,NA,NA,NA,NA,NA,"144.9273","125.1094","122.8555","117.0501","136.5003","181.5909","120.537","128.742","180.2922","161.5949","184.1973","176.5578","196.1374","184.3484","225.2243","239.0105","260.1086","148.0817","157.3415","175.6167","167.5553","155.2503","151.661","159.7153","161.2852","182.3912","186.1452","180.6038","176.2815","167.2355","136.6645","159.2419"
192,"CUB","Cuba","72.3254","75.0247","79.4248","79.0273","95.529","130.7887","134.7583","119.3201","111.1289","97.875","81.0401","64.8968","69.8819","76.6348","78.4439","84.5787","95.0219","95.8565","113.6044","110.4742","122.5969","110.7991","100.3679","113.0321","111.3101","118.4703","110.7862","108.902","121.6323","99.3606","88.4057","74.4552","54.4621","43.3219","48.8018","50.8428","55.7452","49.8748","41.171","44.2007","42.4414","35.2432","26.22","28.1572","29.4903","33.5964","31.4003","31.5509","30.7398","36.1324","38.4926","38.7007","42.55","46.1835","41.1628","38.9144","40.0906","34.5731","34.2534","26.71","26.6407","23.1545","21.4463"
531,"CUW","Curacao",NA,NA,NA,NA,NA,NA,NA,NA,NA,NA,NA,NA,NA,NA,NA,NA,NA,NA,NA,NA,NA,NA,NA,NA,NA,NA,NA,NA,NA,NA,NA,NA,NA,NA,NA,NA,NA,NA,NA,NA,NA,NA,NA,NA,NA,NA,NA,NA,NA,NA,NA,NA,NA,NA,NA,NA,NA,NA,NA,NA,NA,NA,NA
196,"CYP","Cyprus","27.181","29.5845","34.4132","20.6831","31.5773","30.0118","27.7388","43.2943","38.2947","48.1235","48.2578","53.9978","61.0391","43.8757","87.0971","87.1894","61.4783","67.5933","75.3558","69.5705","73.896","87.0499","82.2068","84.0775","93.7357","97.6419","104.2577","109.6717","115.758","113.9033","113.4707","142.3994","136.1279","146.5417","138.3451","145.15","126.0424","126.2711","125.1903","104.6382","110.2302","118.0337","113.7512","106.6331","91.4256","101.3104","102.9674","120.2368","113.736","121.9722","112.4441","113.1198","117.5548","114.9719","108.1716","125.1663","111.8203","104.1741","108.403","114.9249","102.1761","86.285","98.657"
203,"CZE","Czechia",NA,NA,NA,NA,NA,NA,NA,NA,NA,NA,NA,NA,NA,NA,NA,NA,NA,NA,NA,NA,NA,NA,NA,NA,NA,NA,NA,NA,NA,NA,NA,NA,"122.777","123.8079","119.7819","130.4775","117.4388","114.9006","111.408","126.2971","141.3222","135.7852","141.8815","138.3912","140.1175","144.6483","150.4796","143.4817","135.4384","148.257","156.2003","168.5488","179.831","187.2422","211.4479","194.7454","193.3023","180.7203","175.3896","158.1874","164.086","159.1493","145.9037"
180,"COD","Dem. Rep. Congo","9.2064","9.2528","9.2636","9.3401","9.7635","10.1265","10.5174","11.2353","11.6678","12.298","12.5102","12.5838","12.8624","13.0615","13.5471","13.8861","13.8779","13.8951","14.1283","14.322","14.4317","14.6769","15.0123","15.2451","15.6564","15.582","16.0469","16.4654","17.5545","18.6025","19.0951","19.3803","20.4545","20.7138","17.8931","17.6391","18.1519","18.5337","17.5605","16.9866","16.9983","16.6603","16.9047","17.0046","17.4053","17.3193","17.6943","17.7051","16.0131","16.2457","15.5624","14.5926","14.9986","15.653","15.7853","15.2968","15.4188","15.487","15.9872","15.668","16.0168","16.2286","16.6396"
208,"DNK","Denmark","129.7833","133.0288","135.9944","143.7198","155.1982","163.2761","170.4219","172.7321","181.1326","187.371","194.2432","203.0531","216.1314","191.9309","205.0976","208.8966","220.2297","224.5211","230.8906","225.0855","223.8802","228.3276","241.2945","234.2149","233.6961","233.4749","228.0784","230.0487","239.5839","238.2906","227.2646","213.247","214.9419","223.0138","214.6116","211.9257","208.5502","202.0138","194.1505","189.2329","180.1686","177.4541","178.1982","171.0485","163.4067","162.8437","172.547","161.1907","153.367","156.5875","149.9961","155.7965","150.4177","158.0949","170.6365","175.0343","173.4089","172.7177","172.0102","178.2955","165.9352","158.2807","157.7359"
262,"DJI","Djibouti","685.6575","690.8858","698.6353","702.9398","706.2979","715.6618","723.1549","736.2023","743.1332","750.8031","757.8247","761.7543","763.6557","774.1105","790.0912","797.0372","817.4152","929.406","1043.7824","461.1678","361.7134","370.0921","426.0705","463.0248","510.3422","535.0929","550.9348","566.9439","595.4198","744.2445","500.5911","494.447","498.3532","502.6399","481.4096","488.8147","493.9594","491.5663","508.8931","504.7425","511.5298","511.9714","440.8726","461.7445","466.1488","372.2131","356.376","411.0053","391.6977","335.0066","286.5748","301.9984","302.7017","298.2975","293.5951","300.3684","409.4825","472.1014","595.3714","483.5","407.9614","360.5151","395.4558"
212,"DMA","Dominica","123.5313","116.1019","116.0993","116.079","116.0663","109.6328","110.0175","110.1758","110.8106","110.913","111.1881","111.6162","111.9264","111.9911","112.954","114.0559","126.6405","103.8702","51.4891","75.7685","81.0045","97.1819","67.8829","69.799","77.1466","84.1687","86.9786","92.2709","155.5412","167.9791","180.3452","155.1854","156.3705","144.3697","104.2882","95.3979","100.1907","100.4874","89.2078","80.6469","76.9423","34.8621","39.1713","44.3612","47.3008","34.1268","57.8751","37.2921","31.8658","30.6487","33.5842","31.0401","37.7055","27.5032","38.7115","29.0328","29.5175","27.1962","34.873","30.7508","28.3526","26.6739","25.187"
214,"DOM","Dominican Republic","45.7424","43.1423","39.696","41.7312","42.9613","46.1081","46.6235","44.7761","48.8051","49.4715","59.7056","72.4356","66.5419","62.9172","58.4094","53.4204","55.5225","53.4793","54.9755","48.1058","47.1819","46.0027","46.3044","54.9655","52.5468","50.5445","53.6594","48.746","59.8706","65.7749","71.1562","64.208","64.263","68.2025","75.1169","75.8042","78.8481","76.27","74.9996","73.0802","82.252","94.7813","89.2585","95.1335","97.8075","117.1454","106.2491","109.753","115.4212","118.3287","109.5136","105.9312","95.1589","102.1661","108.7335","109.7823","111.4957","135.2823","129.0955","142.6693","137.8502","119.4394","108.9014"
218,"ECU","Ecuador","22.3442","23.2633","24.2964","24.5056","25.1001","26.897","35.3247","40.7733","33.5602","32.8033","28.8136","34.1473","38.688","37.5239","36.2892","52.073","57.431","51.881","56.2565","57.4848","53.6385","53.3984","55.5421","55.7663","47.3229","41.3425","41.1056","44.2587","51.8268","49.2603","49.0083","51.2266","55.3628","56.3732","58.4856","63.2933","71.8795","72.078","65.7548","63.6191","106.0906","97.8586","99.9265","105.4243","82.1506","99.4771","96.7206","104.5459","105.4635","109.1093","115.1041","111.2077","112.2691","131.8785","113.9682","139.8814","126.9656","148.6215","134.9406","134.7002","141.6522","116.4528","108.2554"
818,"EGY","Egypt","94.0227","105.4","117.5072","133.17","133.321","113.227","108.5429","125.1116","134.4291","140.6063","137.7317","151.0477","143.1288","150.6086","171.17","182.87","202.3946","221.8337","234.9448","255.9372","267","291.598","284.5608","274.8608","290.2858","342.8915","343.9629","343.1416","338.8553","316.9348","330.8061","285.1466","312.786","274.4863","329.5135","350.9502","318.5271","347.0572","314.3206","361.2627","375.5877","371.1595","383.1014","427.8816","405.5885","383.0703","351.172","355.7531","354.8386","345.6736","364.2765","323.4452","326.1927","333.2632","352.3757","374.5411","375.3267","374.9655","347.164","370.4208","365.8226","349.9117","338.2409"
222,"SLV","El Salvador","44.1354","51.8769","71.5113","71.8576","58.5822","76.7061","74.0753","82.7334","85.3245","102.1527","123.852","126.8871","131.2057","122.5649","124.5723","144.3588","144.433","147.4594","97.0662","89.872","116.0579","88.1917","107.6688","82.1296","109.6017","91.7641","111.5171","113.3915","96.6949","93.2635","97.4873","93.3105","92.5406","82.6912","74.2722","103.9961","121.1732","100.2167","95.0798","89.0012","88.0064","77.4277","75.069","84.5463","104.4122","93.3442","96.5101","110.1255","100.6534","104.2012","107.4225","107.3712","103.0122","90.4888","97.9001","92.7211","90.8319","104.7013","85.8223","107.3804","101.3461","79.2269","92.9166"
226,"GNQ","Equatorial Guinea","7.0909","7.6051","7.7325","7.9143","8.0447","10.0253","11.9972","12.1893","12.3438","14.0868","14.3582","14.5404","5.9163","5.948","5.9972","6.0419","6.1435","6.2273","6.1881","6.3372","6.3501","6.4513","6.5352","6.6963","6.774","6.8793","6.9255","7.0211","7.113","8.2119","7.3809","7.4353","7.5845","7.6548","7.7372","7.7931","7.1445","9.873","9.5197","9.8421","9.814","9.6576","8.2166","8.4454","8.5471","8.0125","7.6708","8.1542","8.0708","8.3432","8.4403","7.8314","8.566","8.5193","9.0536","8.5661","9.25","9.113","9.3448","9.4757","9.2166","9.7586","9.7968"
232,"ERI","Eritrea",NA,NA,NA,NA,NA,NA,NA,NA,NA,NA,NA,NA,NA,NA,NA,NA,NA,NA,NA,NA,NA,NA,NA,NA,NA,NA,NA,NA,NA,NA,NA,NA,"17.1517","22.4167","25.276","35.9274","38.2903","31.6441","31.5441","28.0053","26.6422","23.9167","19.2663","19.5469","22.6346","16.5251","19.4744","18.2159","18.8768","17.0709","18.6511","19.2687","19.2271","19.5967","19.4935","20.9604","20.7619","24.9719","24.2712","23.3511","21.2676","22.2487","20.2117"
233,"EST","Estonia",NA,NA,NA,NA,NA,NA,NA,NA,NA,NA,NA,NA,NA,NA,NA,NA,NA,NA,NA,NA,NA,NA,NA,NA,NA,NA,NA,NA,NA,NA,NA,"64.968","55.1476","51.9888","47.8436","42.9503","44.242","48.1487","43.02","44.6109","55.0521","59.4853","68.2916","75.0682","64.5225","57.9919","63.266","77.4945","72.2899","69.9862","74.0588","79.1364","86.7058","88.1375","95.2828","88.6418","89.8281","93.1661","104.2262","108.5343","99.3468","94.1851","92.975"
748,"SWZ","Eswatini","32.811","31.6086","34.3079","35.6608","39.5398","37.0086","40.2349","40.3008","44.237","37.7239","41.1261","31.7567","49.8389","53.7848","52.0505","46.6798","51.2815","51.1536","57.8586","64.3455","69.8619","72.4766","96.3079","46.9968","56.1086","61.6845","64.5941","63.0972","59.6559","63.6759","54.8152","60.1022","57.3221","32.4602","32.7055","33.244","36.3453","39.4625","35.4058","35.0704","35.3079","57.3926","51.2028","52.8662","49.0628","55.0273","55.5197","53.0869","53.3669","53.1405","55.2439","56.6368","55.9049","54.7255","52.2388","50.8514","59.6841","63.5035","64.9381","68.1444","69.3446","65.1709","65.257"
231,"ETH","Ethiopia","2.9028","2.8886","2.9258","2.9973","2.99","3.0549","3.103","3.1496","3.1704","3.2357","3.2663","3.2972","3.3155","3.2719","3.1688","3.089","3.2287","3.1924","3.5223","3.8498","3.6987","3.7294","4.0114","3.7203","3.5416","3.808","3.9144","4.215","4.5053","4.6315","5.049","5.0234","22.5698","24.5067","26.8908","31.6169","29.9444","31.3513","30.6857","31.3469","33.4835","34.2654","25.3008","30.3872","30.6181","30.6646","32.323","35.0403","36.2853","36.904","37.6785","44.1136","41.5484","43.6031","46.5883","48.9965","52.3957","47.0935","49.6863","54.6846","51.3058","55.7982","61.2825"
234,"FRO","Faeroe Islands","8830.3353","8881.502","8571.9888","8550.4291","8569.6955","8634.8372","8520.6868","8521.3143","8495.8369","8575.5426","8454.7571","8428.2224","8356.86","8310.4512","8251.3471","8351.5124","8322","8147.8819","8104.5245","8174.2987","8197.4205","8195.8096","8245.8195","8207.4475","8087.5452","8077.4199","8120.6466","8132.005","8132.0589","8193.2446","8158.4943","8167.3087","8263.1132","8377.0341","8388.447","8340.4764","8354.1264","8274.4323","8302.6439","8377.2853","8419.8481","8437.3525","7123.8618","10072.375","8593.1283","8359.45","7312.2826","7036.0124","6467.0242","7901.0483","10546.8717","5933.2404","7853.0711","5256.4239","6890.6497","9698.1987","20476.3423","15561.3623","3541.341","3408.4402","3392.0263","3324.007","3439.0613"
238,"FLK","Falkland Islands",NA,NA,NA,NA,NA,NA,NA,NA,NA,NA,NA,NA,NA,NA,NA,NA,NA,NA,NA,NA,NA,NA,NA,NA,NA,NA,NA,NA,NA,NA,NA,NA,NA,NA,NA,NA,NA,NA,NA,NA,NA,NA,NA,NA,NA,NA,NA,NA,NA,NA,NA,NA,NA,NA,NA,NA,NA,NA,NA,NA,NA,NA,NA
242,"FJI","Fiji","24.1691","36.6632","41.3379","57.2198","49.4351","44.6872","46.4488","52.633","53.0033","53.4474","62.6588","69.1531","65.4461","81.7323","67.018","76.6492","80.9616","73.7781","93.9121","87.6189","97.2196","81.7311","64.0002","78.0073","63.2995","81.1516","74.6672","68.845","79.6184","72.4968","61.9068","57.4779","61.3325","64.1268","70.7234","72.7286","75.441","69.3669","60.7133","42.1893","56.3783","80.924","49.2417","75.8121","71.8003","60.1408","60.2409","80.1662","55.9706","55.0328","63.0915","63.62","63.0823","52.3618","73.4064","61.3806","68.3996","53.8712","64.8971","74.1966","54.8743","58.2966","69.6211"
246,"FIN","Finland","40.0736","42.659","45.411","44.4994","44.1444","43.6751","44.0064","45.4372","54.6052","54.2708","56.139","56.6664","61.5661","63.6877","59.0277","53.6099","54.6621","57.563","59.6353","62.1691","59.7293","65.9843","64.8774","61.8607","61.8072","63.5964","63.8979","64.4157","66.9625","60.8486","53.2626","51.0235","50.1898","52.0445","54.4297","53.6379","54.1173","79.8831","79.4845","76.238","74.784","73.0311","72.7107","70.289","69.1942","68.0656","68.7727","66.9636","63.5356","68.9479","63.9221","63.3947","64.5647","66.6554","65.8743","64.9738","62.8177","64.3963","66.571","66.1927","62.277","52.4977","61.7727"
250,"FRA","France","73.962","78.0181","82.2761","86.6273","88.6526","95.2425","104.9498","114.9204","114.3547","125.819","131.6949","137.8454","149.8771","136.5138","144.1368","150.7595","150.9956","158.3513","168.1681","167.8203","169.3498","169.2933","175.7794","176.0273","178.5027","186.4575","184.9393","191.8239","195.8323","189.4643","190.7256","170.3304","172.8687","176.1661","177.9603","183.4993","183.0393","181.4823","184.3808","172.3962","176.0318","167.9878","171.2201","168.9362","162.3535","161.0963","169.9125","155.5076","150.7173","162.2282","149.8556","153.701","158.3566","158.7579","160.7949","160.3888","163.4296","158.9385","155.8855","152.3732","156.6149","144.6975","146.2668"
258,"PYF","French Polynesia","8.9117","9.0897","9.164","9.2464","9.3045","9.6566","10.1891","10.2542","10.6162","12.0243","11.5326","11.5235","11.7462","12.0016","14.6849","18.7577","19.4674","24.462","22.0412","22.8128","26.2193","29.0992","30.9117","47.6059","34.6043","27.5026","28.5278","28.246","28.6481","28.4326","29.1599","34.8061","36.3809","36.6404","36.8064","36.0746","34.55","34.6907","41.1357","41.3653","35.4877","31.2811","28.8175","31.4692","28.0226","28.6033","30.0596","34.6284","28.0549","31.9767","30.578","26.4789","26.1842","25.4276","29.9868","27.0798","30.3522","24.3546","29.7459","26.4328","29.6072","26.2221","22.918"
266,"GAB","Gabon","12.5041","11.7121","11.1494","10.6098","10.2643","9.9121","9.5467","9.2998","9.0548","8.898","8.7063","8.4763","7.9959","8.3481","9.2854","9.2764","8.7269","8.7615","8.7104","8.4109","10.0389","8.4834","9.2307","9.4861","10.4449","12.4364","12.2623","11.8927","12.4025","12.4634","12.7868","12.7287","13.1322","12.5506","11.3416","12.2065","13.4857","14.8309","14.9106","15.3323","14.8274","16.1239","15.3791","16.1044","16.0183","16.3308","16.5852","17.0129","17.0968","16.8068","16.9595","18.733","19.6362","21.0358","26.6878","25.0934","34.4625","30.9921","30.1052","23.9641","25.8829","31.0113","29.7062"
270,"GMB","Gambia","87.9017","87.6054","92.5364","93.1443","98.4145","103.2675","91.885","95.93","90.2036","91.2498","97.3386","85.3724","97.7671","82.7401","81.6795","85.2111","72.0626","81.6696","60.9314","57.8253","65.1429","73.3771","72.3343","72.8225","68.6671","80.0866","71.7355","60.4235","72.3502","56.0862","53.8741","51.1683","56.3876","55.974","55.2062","43.7466","49.3634","56.0718","62.9287","65.2606","69.2852","49.533","54.5341","59.6342","53.7474","53.6415","47.8154","45.385","46.5889","46.5037","37.4434","37.7063","32.7915","29.6424","33.1124","27.8514","24.8201","20.6459","21.0233","21.4604","23.5371","24.2169","36.1537"
268,"GEO","Georgia",NA,NA,NA,NA,NA,NA,NA,NA,NA,NA,NA,NA,NA,NA,NA,NA,NA,NA,NA,NA,NA,NA,NA,NA,NA,NA,NA,NA,NA,NA,NA,"73.1654","58.2446","36.6855","37.9295","40.0732","44.6928","44.1424","53.5316","53.8265","43.1288","41.3077","36.4451","68.7147","75.3137","69.9554","64.6892","59.0957","62.2496","58.5802","59.9764","67.8275","66.7273","72.3998","61.3322","65.9814","62.734","65.7969","65.1246","113.1003","105.1033","102.0727","105.3336"
276,"DEU","Germany","131.0333","143.6008","143.8442","151.2835","161.1658","164.8569","169.1482","176.6058","185.8154","192.1243","197.4725","204.8749","200.839","208.4914","210.0189","219.9687","221.7426","226.0116","233.2645","238.4709","224.6871","231.5347","224.7781","231.94","241.538","242.0882","248.4328","248.7933","236.2979","204.1192","202.1302","192.4935","183.4946","192.5825","190.5603","189.4908","191.6145","199.5602","208.0276","196.2641","192.7252","191.5893","191.7568","186.8678","187.5765","174.0545","187.4012","169.6476","170.8935","186.2397","175.4567","177.5748","180.2731","189.8578","183.6927","181.5036","170.606","152.4552","153.9021","153.5318","134.428","128.2893","134.3522"
288,"GHA","Ghana","6.9952","7.2855","7.5555","7.8003","7.0546","7.7363","8.2379","9.017","9.6464","11.1427","11.2176","11.6497","12.1604","13.9322","15.4353","15.7056","14.9611","14.4484","14.0018","13.7365","16.831","15.1234","13.7323","13.8333","13.0511","14.7635","14.4733","15.0114","15.6938","14.2964","13.4622","14.1482","14.4161","14.3397","14.3883","15.1903","14.9388","16.4425","15.0742","15.1511","17.9793","19.539","20.3271","18.2538","20.6124","24.9545","20.7871","22.3495","24.0062","24.7446","22.7598","27.1945","29.4832","25.9219","28.3006","27.974","33.9644","30.6516","33.8209","34.2719","29.3663","33.2134","32.7022"
300,"GRC","Greece","54.7228","57.3596","57.5173","63.1211","63.7752","67.3504","69.9003","75.0624","76.1478","80.233","81.0732","83.4855","92.3521","97.6176","101.7331","106.6737","107.7836","117.3262","120.7681","115.8167","119.2088","125.7523","135.1269","136.1583","144.5879","137.3679","126.9087","133.1846","129.3392","135.7728","129.9173","125.7174","109.9533","114.5653","107.0445","113.6352","104.0485","100.514","100.5975","99.5802","93.3802","91.3818","90.8583","90.0175","85.849","82.1391","87.2481","73.2114","73.8177","81.1093","73.7998","73.7426","76.4745","81.7612","79.9124","82.6653","86.8697","85.0453","82.5342","97.9437","90.0162","80.4254","82.5511"
304,"GRL","Greenland",NA,NA,NA,NA,NA,NA,NA,NA,NA,NA,NA,NA,NA,NA,NA,NA,NA,NA,NA,NA,NA,NA,NA,NA,NA,NA,NA,NA,NA,NA,NA,NA,NA,NA,NA,NA,NA,NA,NA,NA,NA,NA,NA,NA,NA,NA,NA,NA,NA,NA,NA,NA,NA,NA,NA,NA,NA,NA,NA,NA,NA,NA,NA
308,"GRD","Grenada","32.0426","32.5384","32.5795","32.9781","33.1796","33.6852","33.76","34.7109","34.9322","34.9387","33.8489","37.3321","37.8802","37.7993","37.9649","38.3345","38.6361","40.5432","40.8813","44.3791","42.5423","41.6015","40.3612","39.9828","44.8873","45.0932","47.2736","47.7249","47.7119","48.6604","52.6077","53.6424","54.5499","55.4662","61.0689","60.959","60.9359","60.5503","56.275","52.3899","48.5679","48.91","40.7081","43.8697","49.2948","53.842","52.5809","54.0079","49.1299","59.3409","57.1936","68.3376","69.0875","71.0006","68.7093","65.1984","65.3595","75.7872","76.144","75.4419","72.6564","69.9168","69.6828"
320,"GTM","Guatemala","23.2134","23.8977","26.756","25.8261","25.048","31.5544","28.6024","36.2698","34.9989","42.5728","33.6482","39.3592","44.7703","45.7128","45.9433","51.384","52.2734","53.7204","56.6818","52.7186","49.9677","56.5358","47.3906","55.912","59.2531","70.2259","68.835","61.2667","72.9759","76.2822","87.1189","89.0851","88.8249","90.7044","93.8691","92.6801","92.9728","85.0812","87.4214","85.8545","81.7688","72.4018","77.2531","93.8526","95.9378","102.6252","86.8486","78.9764","88.63","95.016","105.7337","113.0136","128.3713","121.5994","111.9437","107.1544","111.237","118.2406","108.265","124.9901","112.4375","102.0494","105.3117"
831,"GGY","Guernsey",NA,NA,NA,NA,NA,NA,NA,NA,NA,NA,NA,NA,NA,NA,NA,NA,NA,NA,NA,NA,NA,NA,NA,NA,NA,NA,NA,NA,NA,NA,NA,NA,NA,NA,NA,NA,NA,NA,NA,NA,NA,NA,NA,NA,NA,NA,NA,NA,NA,NA,NA,NA,NA,NA,NA,NA,NA,NA,NA,NA,NA,NA,NA
324,"GIN","Guinea","7.8513","8.1098","8.1003","8.4956","8.5665","8.9525","9.2452","9.2921","9.421","9.6983","9.7738","9.9549","9.8092","9.8598","10.098","10.4422","10.4556","10.6948","11.2797","11.0476","11.4078","11.6478","11.6083","11.7544","11.6626","11.7174","11.7507","11.2931","12.0746","12.5472","14.1374","14.4648","15.0736","15.5876","16.4543","17.0839","17.5166","19.477","19.1701","18.9808","18.5242","20.0154","20.0405","20.9885","21.7629","21.8246","21.9137","21.6312","22.5734","23.5377","25.0017","24.4003","23.9745","25.3781","25.8595","26.2629","29.7323","29.3335","28.7229","28.0298","28.6909","31.137","30.7114"
624,"GNB","Guinea-Bissau","47.6073","48.0357","47.7358","48.852","45.1616","41.5253","39.3199","38.9703","39.2813","39.2444","37.3052","37.9136","38.2967","40.0083","43.9592","46.4878","44.0039","44.9293","44.0493","44.3294","50.1851","49.554","45.1501","42.414","33.0814","36.3352","32.1935","29.6825","29.0893","28.837","28.7767","29.0031","28.7548","28.4521","28.2998","28.0361","26.3348","26.7959","25.012","25.4409","25.5209","27.4959","27.9925","27.2281","24.9992","25.4861","25.6084","30.4414","30.6213","34.8582","34.0115","37.5942","40.6945","39.6455","41.7836","44.4354","46.4543","47.2082","47.0268","47.9815","45.8715","45.3143","46.7418"
328,"GUY","Guyana","105.3947","109.1452","106.7145","119.4713","130.8106","124.5541","135.2358","130.7339","144.6602","141.7696","151.4443","162.0991","164.9025","186.5068","158.3878","144.0773","146.9157","205.617","143.5541","119.8513","167.2318","159.9569","146.7055","149.8652","121.56","168.5096","129.4924","152.5773","156.9085","117.1307","162.8418","145.1042","148.1117","132.1017","170.9438","168.1141","198.0922","193.4116","210.8714","162.3041","164.5146","184.8929","168.2022","242.7695","134.0649","145.6049","137.6857","234.1334","148.3984","204.526","150.7462","197.5713","260.0758","267.842","275.1166","231.7237","164.8455","235.2138","262.6076","248.6149","239.8109","200.4846","236.7205"
332,"HTI","Haiti","29.2493","29.7719","30.366","30.854","31.4668","31.5415","32.1349","32.4856","33.1706","33.8113","36.658","41.6047","41.4313","40.5359","40.6892","41.4448","44.8833","47.3522","49.3627","41.3368","38.7434","32.2856","31.3164","32.0298","31.3812","30.8401","30.4133","30.2244","30.4994","28.9022","30.8716","32.8331","30.6827","29.7967","30.1629","30.9187","34.9197","34.3565","33.1047","38.45","38.2074","38.6344","39.1544","36.0506","36.5673","38.5249","40.2078","43.9042","39.3688","38.2181","39.5883","43.3946","43.3193","42.7592","38.2546","36.1032","39.3724","49.9526","50.5984","39.1816","37.0282","34.8497","34.7184"
336,"VAT","Holy See",NA,NA,NA,NA,NA,NA,NA,NA,NA,NA,NA,NA,NA,NA,NA,NA,NA,NA,NA,NA,NA,NA,NA,NA,NA,NA,NA,NA,NA,NA,NA,NA,NA,NA,NA,NA,NA,NA,NA,NA,NA,NA,NA,NA,NA,NA,NA,NA,NA,NA,NA,NA,NA,NA,NA,NA,NA,NA,NA,NA,NA,NA,NA
340,"HND","Honduras","21.8185","22.7288","23.5195","23.4627","23.6836","25.2949","24.7838","26.5965","28.6616","29.7278","30.4372","29.1723","27.6004","23.789","24.9627","24.5747","26.7011","24.2798","23.7836","27.3974","26.3698","24.3622","26.6676","29.474","25.131","23.9202","27.3552","30.7105","30.1795","25.7702","31.3553","30.7837","33.8927","23.2898","53.9093","43.2523","62.8271","70.4338","78.1078","120.1319","100.6064","54.4404","60.7758","49.3164","62.8749","77.4885","75.6449","71.5063","66.6598","70.5024","87.61","80.2793","86.6525","85.341","83.4575","93.9853","80.6879","90.1916","89.3752","118.821","105.8174","88.056","97.6209"
344,"HKG","Hong Kong","227.9097","249.8211","265.4486","253.6041","231.022","231.3954","238.6648","271.5036","301.787","338.9415","395.0832","406.6992","336.8623","300.1143","360.994","388.1771","475.7604","554.4998","598.3084","616.8504","566.0473","578.4654","597.93","575.1253","564.0291","507.8284","528.4803","506.8496","557.4693","526.571","483.4831","437.7646","362.8186","356.5641","366.8156","356.5764","429.07","408.2185","384.1809","392.9951","397.7673","390.3355","375.3388","380.7035","383.9277","424.4302","401.0934","402.0609","417.8337","466.3995","478.013","498.7576","497.5223","499.5567","567.8167","574.1725","566.8532","569.1455","555.2961","678.5282","660.6481","641.1517","655.4135"
348,"HUN","Hungary","56.6226","65.5792","64.6496","72.7634","76.7804","75.9347","86.6642","99.5282","105.3552","114.6646","120.0457","122.8395","134.2027","149.7103","148.5021","143.4116","157.8281","157.9524","158.8148","153.9338","159.5736","176.709","173.705","176.0575","160.7425","164.9848","170.0973","176.641","163.4621","118.8285","97.3547","71.6296","82.0299","81.9294","80.3312","95.7418","90.0663","89.3958","98.6268","99.867","103.9478","99.4955","97.0377","101.0007","93.8257","98.1788","98.3238","88.962","85.4164","89.5027","95.4194","99.4461","105.7432","105.5229","107.8475","116.6573","123.3377","125.8393","123.7951","139.1806","137.4149","111.0629","88.0718"
352,"ISL","Iceland","105.2631","114.7992","118.6874","120.4245","122.1115","126.3707","132.5458","136.5682","134.1707","136.0294","145.1987","148.8296","152.5733","148.376","156.6569","154.6625","154.9227","159.5082","157.5647","146.9296","149.8587","144.1604","146.4755","138.2539","134.2824","131.1568","119.5123","120.909","124.0644","128.2408","123.3005","113.2183","121.9186","115.7273","107.0884","119.3976","121.3812","129.8704","138.2993","133.3446","117.0042","128.1506","125.1597","122.335","122.4304","129.487","140.0577","144.7976","117.0749","117.774","122.9242","126.8076","99.7247","115.5807","116.1175","107.1533","120.9536","113.848","103.9634","110.171","116.0892","107.0784","88.4614"
356,"IND","India","34.9918","34.7461","35.0629","35.6235","36.5094","36.7617","37.8374","40.2432","39.8856","42.0282","44.0733","43.2342","43.3775","43.3964","47.6293","48.9814","51.8858","54.1168","55.6232","55.6238","59.4386","59.7761","65.1632","69.3762","71.4653","77.0357","71.3336","82.2143","83.5236","85.5096","89.6111","91.6086","94.4796","99.1225","102.4655","105.9539","110.2352","112.757","113.0713","107.717","109.4883","104.333","110.0085","114.1107","121.4689","127.1894","134.2572","136.7338","138.7453","147.2631","152.3928","149.5508","152.0012","151.5405","151.983","150.8342","156.0481","159.9635","165.9937","175.5768","173.4096","178.5722","179.6588"
360,"IDN","Indonesia","30.0077","31.1088","29.5785","30.1274","30.4034","31.6286","29.9992","34.8316","32.2883","35.593","36.687","40.3061","42.3439","42.2786","42.0884","41.4262","47.5515","51.9386","54.6765","65.5959","70.991","72.3961","72.9787","84.2483","81.8069","83.1397","82.546","86.2403","85.0095","90.103","95.0234","105.2286","97.7325","102.4708","108.8635","116.4196","104.2632","100.5603","91.2886","90.4759","87.9434","95.1949","92.366","98.8218","101.3238","101.7882","98.4752","102.4771","113.85","107.0457","107.2184","109.8551","104.541","107.948","110.6569","107.7059","118.5123","120.9874","113.6507","116.6148","116.5102","108.0207","111.6806"
364,"IRN","Iran","11.5424","11.6131","11.5285","11.9746","12.3161","13.1537","14.4417","14.8739","15.2444","16.1437","17.8195","18.4893","21.4553","23.6448","24.2072","25.8092","29.2097","27.2736","32.8121","38.6551","45.2031","49.611","56.1265","48.7827","47.1386","51.3857","49.7161","48.6041","62.2441","53.5634","55.7106","65.9616","49.9378","53.0849","54.5185","58.6215","67.6665","69.3409","68.7288","76.1262","72.8659","75.771","78.8399","84.7669","80.502","93.3217","82.8574","95.0955","89.6551","86.5875","71.5014","76.2958","72.2545","74.3397","64.3848","72.2259","72.1817","76.2874","80.538","83.4127","83.7355","86.1468","86.8804"
368,"IRQ","Iraq","5.8491","5.9548","6.1244","6.1526","6.2789","6.8948","7.4511","7.9644","8.376","8.9506","9.5175","9.3391","9.4768","10.346","11.3913","13.3488","17.18","16.4928","20.1297","18.7159","18.3259","19.5826","17.2064","27.6144","29.7113","31.8806","35.0889","37.686","35.6554","34.4401","22.9076","30.58","45.5822","52.4792","52.6058","55.2381","60.6179","62.746","65.4496","64.8601","99.4557","118.9643","19.7226","21.7532","38.6791","40.9687","32.1044","44.9613","52.4314","37.467","40.235","43.9284","46.1139","38.4187","32.8307","41.9065","42.1957","45.0509","53.3374","51.5929","36.4769","47.0476","56.8516"
372,"IRL","Ireland","74.0245","75.8529","80.6866","83.6709","90.4459","111.7548","112.6739","116.7117","123.8308","127.4661","134.5906","155.0939","169.0269","181.2579","195.6288","192.5988","211.4248","225.8019","213.8343","211.6859","215.939","230.3173","256.5456","247.2383","250.2717","293.755","293.0236","310.553","332.6956","347.871","341.0369","344.3284","366.2279","387.0276","387.393","364.5296","352.5126","363.4062","339.4001","298.2571","285.6572","284.2593","278.1602","270.8364","283.9098","290.3271","278.464","260.4476","306.854","304.8509","270.252","286.5589","291.1385","294.0915","310.1524","317.3531","335.2514","334.7032","322.9726","337.5879","348.1635","311.4315","284.1631"
833,"IMN","Isle of Man",NA,NA,NA,NA,NA,NA,NA,NA,NA,NA,NA,NA,NA,NA,NA,NA,NA,NA,NA,NA,NA,NA,NA,NA,NA,NA,NA,NA,NA,NA,NA,NA,NA,NA,NA,NA,NA,NA,NA,NA,NA,NA,NA,NA,NA,NA,NA,NA,NA,NA,NA,NA,NA,NA,NA,NA,NA,NA,NA,NA,NA,NA,NA
376,"ISR","Israel","64.7318","60.437","63.3566","65.2261","70.0629","69.8328","78.6857","77.5589","83.29","88.1548","92.6088","95.6115","85.0704","91.2084","105.6909","107.7769","113.2696","112.4754","108.9562","119.3976","122.6374","130.3055","141.3507","152.7459","146.3432","139.0536","143.5271","130.3195","132.3576","132.4075","117.9473","123.3034","126.202","140.0514","144.0802","177.8133","171.8431","171.888","137.3009","140.0193","137.1291","137.0502","148.3499","174.4045","160.2356","163.2138","171.8567","156.7434","146.7333","140.36","158.4967","155.7467","162.9168","152.5903","152.6189","158.1285","137.1832","135.169","122.5129","137.9932","145.9446","131.2813","129.4849"
380,"ITA","Italy","62.4734","64.5822","65.011","66.0242","71.6428","73.013","74.0511","76.6633","82.3371","85.9451","101.7265","107.516","108.3168","105.8433","109.9055","108.7839","117.8538","136.9739","141.758","134.7157","131.7556","132.9538","133.3111","138.6895","142.9652","142.2113","147.7052","140.0494","130.1254","134.7267","133.4928","134.6287","133.8164","132.7479","132.9874","133.9918","131.0848","129.3041","127.3833","124.8727","120.8614","126.1723","126.4775","125.0517","121.7428","128.9494","131.6397","116.4935","112.984","111.2012","114.2561","115.6132","122.6849","120.727","126.1859","125.2676","124.2461","116.5784","112.7109","121.4937","102.435","99.9933","108.4233"
388,"JAM","Jamaica","49.4864","47.5891","50.4936","61.5922","54.3806","48.1774","70.7577","70.3246","70.6939","71.9182","76.0475","91.0966","69.8376","75.4252","63.0816","68.0152","56.7053","65.3368","67.9102","79.1333","83.9688","55.9312","73.704","84.4715","71.5613","72.8832","97.5657","115.0062","115.6735","80.6908","77.2014","56.3263","56.224","65.487","65.0805","67.3446","71.6462","71.1112","74.8703","78.2715","73.2533","71.0239","76.9949","78.8108","69.6744","61.0417","58.6435","62.8462","63.3251","70.4626","70.4766","80.5431","74.6058","81.865","64.527","62.0633","66.4674","78.7178","72.0812","65.1141","73.1111","64.6539","63.4268"
392,"JPN","Japan","128.5752","130.7655","136.3701","132.8813","138.9588","146.683","154.5961","146.0787","147.1353","139.3345","138.4084","147.5887","164.7725","145.2975","138.7227","149.3967","150.9598","153.8613","163.287","139.8644","144.0682","151.1106","154.4436","155.8148","153.931","156.9496","154.0524","150.3161","151.5259","147.7943","142.3136","142.5071","146.5399","144.4272","136.3708","133.96","132.1939","129.4902","130.7435","133.2517","133.3861","132.957","134.3974","132.3743","133.1144","132.5278","135.474","123.0585","117.819","125.29","121.0021","120.9491","121.9314","122.495","117.317","121.1177","123.2322","120.6479","119.1825","119.7449","119.3373","117.4614","110.9912"
832,"JEY","Jersey",NA,NA,NA,NA,NA,NA,NA,NA,NA,NA,NA,NA,NA,NA,NA,NA,NA,NA,NA,NA,NA,NA,NA,NA,NA,NA,NA,NA,NA,NA,NA,NA,NA,NA,NA,NA,NA,NA,NA,NA,NA,NA,NA,NA,NA,NA,NA,NA,NA,NA,NA,NA,NA,NA,NA,NA,NA,NA,NA,NA,NA,NA,NA
400,"JOR","Jordan","12.5329","15.0655","12.2969","22.0362","25.9016","14.0201","21.4786","16.4503","19.5249","15.2098","19.4929","21.084","18.1914","25.7046","17.4808","24.5455","15.4609","21.2344","28.2127","27.478","20.7952","32.9456","37.7363","39.8377","44.2573","28.4019","31.0211","49.0106","43.6409","45.6123","83.2089","42.9968","36.2176","29.9657","32.6435","36.6966","59.0599","70.8185","63.3905","50.3369","52.0849","54.5412","59.5378","33.8375","61.4035","34.9998","50.4535","54.4485","47.7002","61.4375","61.6145","55.0254","75.5918","64.9272","89.4521","69.6443","79.0957","77.3977","73.0987","65.9968","66.7688","98.3342","106.4511"
398,"KAZ","Kazakhstan",NA,NA,NA,NA,NA,NA,NA,NA,NA,NA,NA,NA,NA,NA,NA,NA,NA,NA,NA,NA,NA,NA,NA,NA,NA,NA,NA,NA,NA,NA,NA,"19.1096","16.7014","15.7254","13.4116","12.6652","9.6202","8.4548","8.5958","8.9672","9.6076","10.3055","10.8238","11.1694","11.242","11.8267","12.0706","11.9058","12.4511","12.9427","13.158","13.9321","12.4634","13.5457","14.1285","14.4756","16.7501","15.8692","13.1201","13.6577","13.8123","13.9225","14.1953"
404,"KEN","Kenya","14.8524","15.0135","16.0794","17.1814","18.1226","18.0274","18.2288","18.2632","20.006","21.9484","21.6578","23.1516","23.1838","23.023","22.4124","22.3684","23.5332","24.6354","23.0503","21.0496","24.7418","26.0387","28.241","26.8329","27.0617","29.2683","28.7866","31.4521","31.3175","32.0647","31.9321","31.524","29.6494","30.6319","27.8448","31.4488","29.8193","30.9886","30.4609","34.0132","34.5876","32.634","35.398","34.9843","35.1345","37.7531","39.5621","35.8059","36.7061","38.304","38.4398","41.7732","48.14","46.1067","43.9168","43.8432","50.815","41.2233","45.7794","52.4753","48.2241","42.4018","50.8538"
296,"KIR","Kiribati","4.2154","4.2609","4.0628","4.48","4.5173","4.355","4.7164","4.7857","4.8296","4.8754","4.9296","5.0202","5.1083","5.1868","5.1389","5.2077","5.2027","5.2176","5.2464","5.3487","5.3431","5.4289","5.5235","5.5379","5.797","5.8242","6.0082","6.0354","6.0851","6.37","6.2561","6.3728","6.7187","6.7507","6.8413","6.958","6.8368","7.0445","7.2867","9.7121","8.357","9.0475","9.6008","9.4378","9.4771","10.57","11.3748","10.2795","11.05","11.2284","11.1501","11.2343","12.3967","11.1376","11.2322","11.3485","11.4778","11.5862","11.7077","11.8538","11.8355","11.8171","11.9183"
689,"XKX","Kosovo",NA,NA,NA,NA,NA,NA,NA,NA,NA,NA,NA,NA,NA,NA,NA,NA,NA,NA,NA,NA,NA,NA,NA,NA,NA,NA,NA,NA,NA,NA,NA,NA,NA,NA,NA,NA,NA,NA,NA,NA,NA,NA,NA,NA,NA,NA,NA,NA,NA,NA,NA,NA,NA,NA,NA,NA,NA,NA,NA,NA,NA,NA,NA
414,"KWT","Kuwait","328.0208","328.227","355.2148","382.3043","409.2953","386.2979","440.0147","493.7844","521.3912","550.4145","566.8992","661.2558","652.8064","660.678","690.2791","647.3163","622.3658","695.0185","936.7287","1164.71","817.8466","876.8706","1027.8954","745.6886","930.6645","704.9755","873.8145","745.398","717.9316","569.594","315.3192","377.1424","488.0192","554.8046","565.132","717.4764","596.6731","610.3743","584.5815","317.0538","334.7969","306.9269","315.1812","333.2309","365.1576","353.057","326.4845","369.2592","381.6765","311.3791","367.1042","449.1518","463.4051","482.6462","773.393","717.1835","665.2592","614.6126","602.3869","662.7264","706.2532","690.5014","690.8047"
417,"KGZ","Kyrgyzstan",NA,NA,NA,NA,NA,NA,NA,NA,NA,NA,NA,NA,NA,NA,NA,NA,NA,NA,NA,NA,NA,NA,NA,NA,NA,NA,NA,NA,NA,NA,NA,"58.151","51.4558","47.3639","41.6952","42.0702","41.2025","43.8774","43.3549","44.641","38.284","32.5897","41.3487","38.4743","40.8153","41.3554","41.577","42.0636","55.6116","57.2321","56.5022","59.0238","64.1436","64.7025","53.8714","54.1653","70.7527","74.2085","82.6373","77.9752","78.8359","69.6467","72.8023"
418,"LAO","Laos","52.0249","51.9308","53.6004","69.4589","71.98","75.0554","79.3734","67.5253","66.4191","64.6222","63.2995","59.4164","56.5952","54.9518","53.0977","47.0583","49.3895","50.742","55.4036","65.5278","66.7461","62.2859","62.3193","62.8356","63.2638","63.2019","62.1025","60.6779","64.4264","68.6369","67.3412","71.7513","70.5731","71.212","72.449","73.3581","76.5596","72.6951","71.5853","70.2698","70.654","70.1064","66.8074","68.4977","66.9186","64.8112","65.354","64.1728","65.9321","67.8827","66.1274","79.9673","71.9821","76.7024","77.0032","76.9897","79.2422","85.2574","93.5648","96.7711","96.6152","96.8752","112.3807"
428,"LVA","Latvia",NA,NA,NA,NA,NA,NA,NA,NA,NA,NA,NA,NA,NA,NA,NA,NA,NA,NA,NA,NA,NA,NA,NA,NA,NA,NA,NA,NA,NA,NA,NA,"77.8792","57.0027","44.5625","43.4729","43.5156","44.7396","55.0626","58.249","52.4239","58.4419","55.0183","61.1151","57.4058","56.3422","54.5255","61.1497","62.6628","59.7643","59.9178","65.1293","69.4705","73.9742","77.7959","81.1686","80.1199","86.6831","83.3134","88.3621","95.9247","88.5017","85.3468","79.2157"
422,"LBN","Lebanon","41.9134","34.2512","49.8858","53.1077","47.8953","53.249","55.0512","55.3655","63.336","72.2136","101.4947","112.5394","127.2485","70.9387","34.7909","66.0504","56.3471","59.9653","68.8335","69.055","77.3833","93.6001","78.4854","80.5315","64.6141","61.688","60.014","65.5429","76.1524","65.667","71.6409","79.0203","92.6257","67.8945","117.0769","105.7434","104.379","105.9529","120.8565","126.8264","151.0455","115.5456","130.9955","131.9093","81.1041","77.9169","92.7818","81.1705","125.757","127.631","128.5001","138.4214","137.8833","121.2805","133.1273","131.1173","141.9847","119.1274","119.2765","105.2341","83.13","81.2698","102.7495"
426,"LSO","Lesotho","11.6967","11.3444","11.1684","10.9187","11.6045","11.6114","12.1298","11.8428","12.1344","12.7517","13.1151","12.5689","13.5495","14.9394","15.7038","15.3881","19.2462","16.5916","16.3784","16.919","15.1832","17.0219","15.7891","15.7027","14.2227","15.6954","16.0217","16.5565","17.8856","16.8506","15.4931","14.5631","16.1322","17.0317","19.9495","21.1936","21.0804","20.5358","23.9841","29.0287","33.2589","28.6918","22.5758","18.345","18.4861","25.0529","23.9413","15.3367","16.1244","16.7852","21.4214","18.722","33.9151","32.1721","26.5466","17.1649","15.1729","18.656","48.9401","19.7687","34.6074","26.0738","19.1103"
430,"LBR","Liberia","13.3189","13.8992","15.1297","16.1567","16.3985","13.1144","13.7411","13.4925","14.4612","15.4466","15.2188","17.5872","17.8144","17.0427","20.0974","22.9727","23.2953","19.4714","24.0201","19.3513","20.9983","18.8762","20.1232","19.2205","20.5288","20.4946","22.3522","22.6858","20.3065","18.4228","15.6476","16.2232","13.8584","13.58","14.5101","16.5306","22.8972","26.9642","23.6754","22.899","22.7235","21.9535","21.7207","21.4788","22.1502","23.6475","23.5873","26.1647","29.4761","30.2988","27.909","28.9591","29.1934","29.2573","29.9169","33.3686","31.8946","32.0638","32.5059","33.4649","31.2034","29.7107","29.1139"
434,"LBY","Libya","4.1762","4.4846","4.0046","3.9537","4.136","4.7411","5.1795","5.5525","5.1193","5.7416","7.3257","7.121","7.4116","9.1181","11.9297","11.1832","12.7893","11.53","16.1271","16.4293","19.3733","22.6295","21.9385","20.928","18.8886","20.6112","23.4373","20.5289","19.9299","21.9832","22.405","18.4577","22.2349","17.7708","20.3314","13.6478","17.1481","19.6842","27.8824","21.8268","21.3871","21.8904","18.7476","22.0015","24.1305","23.855","24.0972","23.9828","24.1261","24.2231","24.2429","24.4641","21.5905","17.2554","14.4615","15.3046","24.14","15.7973","15.6432","15.0553","15.4274","15.4991","17.6328"
438,"LIE","Liechtenstein",NA,NA,NA,NA,NA,NA,NA,NA,NA,NA,NA,NA,NA,NA,NA,NA,NA,NA,NA,NA,NA,NA,NA,NA,NA,NA,NA,NA,NA,NA,NA,NA,NA,NA,NA,NA,NA,NA,NA,NA,NA,NA,NA,NA,NA,NA,NA,NA,NA,NA,NA,NA,NA,NA,NA,NA,NA,NA,NA,NA,NA,NA,NA
440,"LTU","Lithuania",NA,NA,NA,NA,NA,NA,NA,NA,NA,NA,NA,NA,NA,NA,NA,NA,NA,NA,NA,NA,NA,NA,NA,NA,NA,NA,NA,NA,NA,NA,NA,"77.2243","52.9237","53.0512","45.1073","58.7972","58.8565","59.5256","59.6439","61.1771","99.2061","106.6298","114.3427","110.6443","95.5469","98.7986","104.7162","97.5168","96.7826","97.1277","96.5528","95.0965","95.0382","98.088","112.3512","118.4601","123.3184","115.0459","111.6758","118.4282","109.6164","99.6346","101.598"
442,"LUX","Luxembourg",NA,NA,NA,NA,NA,NA,NA,NA,NA,NA,NA,NA,NA,NA,NA,NA,NA,NA,NA,NA,NA,NA,NA,NA,NA,NA,NA,NA,NA,NA,NA,NA,NA,NA,NA,NA,NA,NA,NA,"138.3694","139.2335","137.7281","135.8745","156.9362","145.5122","143.5354","138.6907","137.3329","139.2307","142.1895","144.4766","137.6573","137.7037","134.4268","136.9853","143.985","143.4612","131.4064","135.2759","130.4033","133.3263","102.138","110.8582"
446,"MAC","Macao",NA,NA,NA,NA,NA,NA,NA,NA,NA,NA,NA,NA,NA,NA,NA,NA,NA,NA,NA,NA,NA,NA,NA,NA,NA,NA,NA,NA,NA,NA,NA,NA,NA,NA,NA,NA,NA,NA,NA,NA,NA,NA,NA,NA,NA,NA,NA,NA,NA,NA,NA,NA,NA,NA,NA,NA,NA,NA,NA,NA,NA,NA,NA
450,"MDG","Madagascar","23.717","24.7408","25.3007","25.3163","24.9588","27.1151","27.4613","27.6648","28.4242","28.4137","28.0152","28.9043","27.5189","27.5489","24.9366","25.0821","24.6037","24.4175","25.5337","27.0058","27.6259","27.519","27.3201","26.2389","27.0548","27.6459","26.3431","25.7954","25.461","25.9","26.8453","26.8934","27.7266","26.9718","28.3437","28.9354","28.9755","27.7163","26.4286","24.007","23.8721","22.9297","24.0697","23.9295","28.4559","27.5911","28.0362","29.1778","29.0868","29.321","29.9092","32.752","28.7476","32.4894","31.7378","32.4591","35.8296","36.5501","37.2657","37.2802","35.7146","36.7551","40.7482"
454,"MWI","Malawi","26.9251","26.8705","27.0498","26.9222","25.8498","24.8007","27.8175","26.5834","27.3792","29.4648","30.3862","30.0744","30.1397","27.6002","30.669","34.36","32.0785","34.8264","31.7683","38.4497","38.5811","36.0979","33.6801","32.5403","29.3502","33.6565","38.2752","35.5968","33.2247","31.1358","37.7231","39.5933","38.2274","24.4169","31.2578","35.6608","39.2074","36.6327","34.1415","35.5913","31.0112","45.716","48.0238","49.943","45.47","52.8066","57.5743","60.2515","55.192","65.2309","66.0092","62.8428","65.0887","80.6409","77.1768","65.9541","79.4208","87.8975","88.6782","102.6324","95.7383","87.4393","123.5844"
458,"MYS","Malaysia","21.5541","21.9604","20.5732","22.8543","24.7544","26.1113","25.5756","25.5823","28.7755","31.143","32.6388","34.7094","42.9399","31.6196","33.4728","35.2835","37.1475","37.9506","44.2672","44.6292","41.1266","42.6126","46.7275","57.6079","55.6358","49.7654","49.2489","51.7091","55.6305","54.7416","51.8131","58.707","59.5088","57.5081","58.1462","54.2891","68.8892","78.0961","68.7198","67.7314","65.5399","74.0302","82.6293","101.2072","101.8052","104.9444","107.652","108.9969","96.7438","103.918","105.2807","98.9414","92.5662","87.4382","79.1058","81.9383","78.8247","70.4541","65.8212","65.8274","70.3288","60.881","67.6965"
462,"MDV","Maldives","7.9118","8.0053","8.0928","8.1857","8.2829","8.4237","8.5451","8.6578","8.7602","8.862","8.2619","8.3091","8.036","8.0772","8.4972","8.6996","9.2196","9.5277","9.7759","10.1851","10.32","10.3018","10.823","11.3159","11.3544","11.7249","12.2762","12.9434","13.3573","12.9012","14.039","14.4673","14.5585","14.982","16.3096","17.2199","18.7562","18.4906","18.2713","17.9292","17.6935","17.6887","18.438","19.4846","22.0273","38.6584","61.8156","30.0183","43.5073","41.5703","32.1021","77.0391","68.0612","57.5044","61.9641","82.5414","84.2483","94.7002","62.9476","65.0131","72.4693","55.8071","68.8816"
466,"MLI","Mali","18.9863","19.8868","20.1217","19.4859","20.6047","19.0305","19.9385","21.2543","22.2242","26.9089","25.5925","24.0873","23.3891","23.2523","23.0418","22.7468","24.3096","20.1458","22.8052","22.3263","21.1487","22.2556","19.1789","25.1573","21.3421","20.7754","21.9723","25.2088","24.4117","28.1518","27.2414","25.2895","20.5593","21.9667","19.617","15.4622","18.6135","17.2188","19.4784","17.5454","17.9791","24.4515","21.3999","24.3139","24.5428","26.6168","22.267","28.0209","26.7275","27.0955","26.1389","26.7864","28.4892","29.0165","30.6093","33.5584","35.9487","34.7166","37.2787","31.3827","25.802","26.1801","27.9091"
470,"MLT","Malta","81.5338","87.4675","96.7983","101.6331","104.2262","96.3719","109.639","115.4368","132.5629","135.2843","137.5182","141.8236","119.5539","111.6733","122.3428","137.701","159.1354","158.0511","154.7298","183.925","136.2871","135.8302","172.512","194.376","202.587","202.1855","211.5795","206.5882","206.8986","212.4283","212.1314","222.8567","220.5284","216.4237","276.1781","236.1707","264.0659","338.2944","274.1707","309.1508","287.4619","271.7965","260.9428","251.4018","287.8917","294.7506","286.5276","272.4961","247.3067","227.1616","198.4328","207.536","211.3335","214.8259","215.5306","203.3891","197.4864","146.8675","145.6648","213.4761","174.4862","166.7558","181.3109"
584,"MHL","Marshall Islands",NA,NA,NA,NA,NA,NA,NA,NA,NA,NA,NA,NA,NA,NA,NA,NA,NA,NA,NA,NA,NA,NA,NA,NA,NA,NA,NA,NA,NA,NA,NA,NA,NA,NA,NA,NA,NA,NA,NA,NA,NA,NA,NA,NA,NA,NA,NA,NA,NA,NA,NA,NA,NA,NA,NA,NA,NA,NA,NA,NA,NA,NA,NA
478,"MRT","Mauritania","23.0396","23.4064","23.7738","24.2051","24.6821","25.5221","26.1085","26.9283","24.9591","26.3442","28.6675","25.3719","25.6963","26.6729","33.6541","32.5628","40.7866","42.9211","37.9984","33.8375","32.8138","30.0102","25.187","23.4481","28.5169","24.6847","24.5357","26.9349","25.9544","29.7287","32.0839","34.9429","30.562","28.9782","29.5321","33.2637","26.9227","28.9059","31.2233","32.3557","33.128","30.6021","31.6237","30.9583","32.1528","32.4633","30.4649","30.4466","31.915","34.8968","33.5045","35.9116","37.6539","37.7388","37.8204","39.0053","41.3583","41.8749","42.5284","44.1235","42.596","40.6242","41.2723"
480,"MUS","Mauritius","131.0999","143.9416","143.659","131.3088","124.3412","123.1934","123.7703","113.6407","113.5498","110.2598","112.9923","156.4541","131.8538","107.9754","120.4258","108.6396","130.0481","124.1181","117.2461","121.7615","115.7633","119.4525","127.6891","128.0084","130.7172","120.7824","146.9517","131.8066","140.0869","138.5335","140.3266","141.4562","130.7139","152.51","162.1447","172.887","162.2387","166.3253","180.7823","197.218","140.0591","150.9361","140.323","168.6559","171.2428","170.1751","176.9015","167.5615","167.2424","157.755","179.5275","174.7302","135.183","178.8513","118.733","125.19","215.1476","105.65","167.3625","106.2851","101.1755","146.873","95.1655"
484,"MEX","Mexico","19.832","20.1718","22.863","25.2433","28.4632","30.4745","31.9472","35.3046","37.7882","40.3711","41.7721","45.6754","49.1759","53.2532","59.6408","62.4739","63.1906","61.3377","67.1969","69.2298","81.8697","84.3314","79.6434","84.0797","86.8659","87.9558","87.7849","78.1037","78.5719","76.9266","67.9071","68.8441","68.3101","68.1549","62.0285","67.2654","66.806","72.1056","70.2034","71.8711","71.55","63.3327","63.5714","60.4711","64.3441","61.6318","64.8201","59.3644","62.2427","64.7822","69.472","72.0201","82.1419","82.0059","74.0302","88.2016","91.599","91.0694","88.6645","82.1312","80.7693","74.0931","86.9647"
583,"FSM","Micronesia",NA,NA,NA,NA,NA,NA,NA,NA,NA,NA,NA,NA,NA,NA,NA,NA,NA,NA,NA,NA,NA,NA,NA,NA,NA,NA,NA,NA,NA,NA,"138.598","138.67","138.6433","138.5838","141.3728","142.312","142.2335","142.2667","142.4293","142.1164","142.1306","142.0836","147.8112","137.0797","141.8585","149.1554","142.1546","140.3742","183.8027","178.2514","190.1094","190.6106","191.6371","192.2297","193.5065","196.0393","196.083","200.2324","199.6155","203.1378","200.2834","203.8707","207.1559"
498,"MDA","Moldova",NA,NA,NA,NA,NA,NA,NA,NA,NA,NA,NA,NA,NA,NA,NA,NA,NA,NA,NA,NA,NA,NA,NA,NA,NA,NA,NA,NA,NA,NA,NA,"72.8258","63.8535","62.7133","60.4889","59.1798","31.8018","29.0615","27.3985","26.2837","32.1887","28.5207","28.3852","29.1829","29.7088","30.6607","29.7846","27.7668","26.3403","29.3334","30.9728","30.4295","40.1194","43.5344","42.9121","50.6766","52.9912","66.4417","57.7665","51.5807","49.3106","45.6025","53.8481"
492,"MCO","Monaco",NA,NA,NA,NA,NA,NA,NA,NA,NA,NA,NA,NA,NA,NA,NA,NA,NA,NA,NA,NA,NA,NA,NA,NA,NA,NA,NA,NA,NA,NA,NA,NA,NA,NA,NA,NA,NA,NA,NA,NA,NA,NA,NA,NA,NA,NA,NA,NA,NA,NA,NA,NA,NA,NA,NA,NA,NA,NA,NA,NA,NA,NA,NA
496,"MNG","Mongolia","110.2325","86.421","89.2682","82.1379","83.3937","85.2081","89.1735","92.4581","91.7602","95.3606","97.1651","97.8324","99.4938","99.6247","99.1511","91.2318","77.7991","73.6087","75.8875","76.7098","74.8683","74.3246","73.6","71.517","70.3775","72.7728","74.4154","71.578","71.2892","76.9645","76.4227","75.7958","68.2615","68.8389","74.6827","78.0151","86.19","81.4978","95.0479","96.1978","83.6776","67.1695","68.0303","64.7341","70.3811","80.6091","89.4798","89.7571","91.6576","74.4533","79.5721","89.2889","100.3753","105.5391","117.4408","129.6887","148.4789","147.8955","170.422","179.9288","182.3799","206.4522","187.3263"
499,"MNE","Montenegro",NA,NA,NA,NA,NA,NA,NA,NA,NA,NA,NA,NA,NA,NA,NA,NA,NA,NA,NA,NA,NA,NA,NA,NA,NA,NA,NA,NA,NA,NA,NA,NA,NA,NA,NA,NA,NA,NA,NA,NA,NA,NA,NA,NA,NA,"667.9517","623.5528","594.901","566.1233","577.3091","514.1592","530.7539","471.9618","475.9036","479.4651","472.4333","427.1494","428.5615","422.175","418.094","393.4195","390.6973","401.3738"
504,"MAR","Morocco","7.5436","9.489","9.4318","9.2133","10.5856","10.8307","11.0302","13.5682","12.6304","14.0624","14.2624","16.0555","16.7832","19.5189","17.5107","19.9691","16.0527","17.6005","19.5415","19.4977","16.7911","17.4033","20.2727","19.1408","23.2381","25.2554","23.5578","27.2672","24.2062","25.3078","23.9304","20.539","23.7752","20.993","21.3834","20.3218","26.071","26.0925","28.3787","28.4376","29.3037","33.0978","30.7942","35.0393","39.6577","39.9693","37.8975","34.8729","31.7834","33.5583","33.9243","30.8816","34.176","35.2318","34.9507","23.6372","33.833","32.6654","31.8568","33.6027","31.2471","32.3643","33.9614"
508,"MOZ","Mozambique","13.8837","14.204","15.067","18.3659","18.446","17.8947","17.6869","17.8975","17.1728","17.0502","18.0366","18.6503","18.8796","16.9344","16.9147","18.026","19.3179","20.6922","19.597","22.141","23.7434","22.7627","19.1521","17.6632","17.5493","17.9611","17.9742","17.7767","18.1288","18.3462","18.382","17.869","17.4968","19.7889","21.63","22.4976","21.9941","22.4887","21.6541","24.4634","23.3636","24.907","20.8954","21.2347","21.8046","23.9063","23.855","28.6277","22.4708","28.2845","25.5117","27.6842","25.7362","26.6149","20.3512","25.4776","26.2081","28.7273","34.2163","31.6334","34.8053","30.6617","37.9039"
104,"MMR","Myanmar","31.7476","33.3529","35.6695","36.237","35.8465","34.4585","36.2911","37.3086","39.0252","38.4944","41.1062","41.2673","43.987","44.3812","45.8711","45.466","46.2598","49.2035","48.3001","48.4011","53.0996","56.8993","57.0679","59.3039","61.5023","59.2283","56.1531","54.1534","50.8612","51.6168","51.6446","55.0311","56.9315","63.9623","67.2412","69.9724","69.0018","71.0387","74.2308","80.0204","74.4122","77.0674","81.7181","83.3751","83.8956","87.2456","90.7033","91.3551","92.8129","94.9635","95.1196","98.9387","106.2054","107.5492","105.3665","112.6182","125.8221","101.6214","103.7714","112.7837","102.3235","99.1992","110.8661"
516,"NAM","Namibia","8.2239","8.3007","8.451","8.4462","8.5247","8.7633","8.7693","8.7362","8.8364","8.8326","8.9705","9.1126","9.2006","9.9369","8.1758","7.9936","8.9793","9.0029","9.3978","9.6812","8.4262","7.7633","7.5335","7.7568","7.8214","8.2361","8.1475","8.7037","9.0871","9.5967","9.8961","9.4181","8.8533","8.4935","8.0699","8.5352","9.257","9.7277","8.9668","9.4898","9.3186","13.2081","10.8813","12.442","12.1956","13.0196","12.1917","11.3958","13.1052","15.0354","18.0994","25.291","20.7871","17.0352","24.0997","36.5964","35.5452","50.0999","35.5185","15.8402","15.2549","27.2444","38.858"
520,"NRU","Nauru","26.0504","26.5822","27.1077","27.6376","22.0061","22.4091","23.237","24.0256","24.8121","25.6005","27.2644","28.8303","30.4172","32.0026","33.1368","29.4079","27.9316","29.4704","31.0261","33.536","36.5739","38.544","40.0624","36.9448","39.3798","41.7934","43.7641","45.3158","45.3119","47.0362","47.6042","49.1667","50.7161","50.7425","50.7597","50.7878","50.674","50.6945","50.87","50.5836","50.5432","50.483","50.8289","50.5424","50.5289","50.7491","52.1711","53.6224","53.7572","53.7317","53.7898","53.6905","53.734","53.7141","53.7085","53.7253","54.1854","53.7521","53.7827","54.0931","54.0482","54.0991","54.1629"
524,"NPL","Nepal","55.3607","55.703","57.0421","57.5153","58.821","59.0265","60.4243","61.6254","63.0595","61.1389","63.3514","62.3674","62.2368","63.2356","64.1556","66.2794","68.7432","69.9764","71.3026","74.0536","74.9378","76.7451","81.4636","84.1385","83.7862","85.2917","88.9707","91.8222","96.7075","100.6291","99.2503","102.0864","101.0841","108.6562","110.9245","113.9215","114.188","117.9529","108.5382","104.1054","103.1945","98.4493","96.3285","91.3581","87.3819","91.1079","94.6375","97.4209","99.5997","106.3096","114.9055","120.7157","147.3483","144.5568","153.9362","160.2718","161.2209","180.6037","184.1007","183.5314","192.7206","162.3053","158.5878"
528,"NLD","Netherlands","198.9592","222.1729","219.3902","220.3529","230.1224","248.0819","253.3977","253.8638","272.5119","284.7213","270.7628","275.0909","297.0966","316.9077","327.8369","316.9064","326.0518","331.1362","355.0763","360.9313","359.5879","351.7234","364.5081","379.8651","379.0908","387.028","367.9349","356.5955","337.7567","330.1772","328.2178","327.0351","315.8067","323.7553","321.2963","319.1689","309.9114","295.9336","297.3727","275.1394","270.608","262.2495","251.716","254.2012","256.0614","264.959","260.8282","257.0422","256.6851","264.4677","256.7645","259.4849","246.3082","251.7586","265.6394","264.9523","254.4337","243.0682","248.8612","253.2459","240.9987","234.4067","232.3792"
540,"NCL","New Caledonia","66.6624","68.6722","70.3761","61.1048","64.7053","68.3181","69.3107","63.9428","63.5025","63.7264","63.1146","59.607","64.2036","59.47","60.2376","51.3497","52.6304","48.5918","69.9811","71.9428","69.6313","72.0395","88.1574","51.943","52.6002","55.2788","81.3689","82.1984","79.0471","118.357","75.8571","67.3021","70.4977","73.3679","75.3818","75.0268","82.9396","78.3767","85.7323","92.0526","90.0772","132.2295","212.8519","131.8135","149.1082","128.404","144.8051","123.1686","102.2787","124.9142","137.701","142.7868","127.6316","134.4061","135.0712","133.9826","132.9314","132.4201","132.8835","134.154","133.7742","133.6412","132.8104"
554,"NZL","New Zealand","14.966","14.4845","15.5681","16.2868","15.7919","16.7686","17.1114","19.2869","22.9833","22.2257","22.093","27.0828","28.348","25.4672","22.0437","23.5216","21.95","24.1636","22.6785","24.6184","22.0212","22.8625","26.0617","27.2784","25.2705","23.5726","32.976","26.8786","23.442","29.2736","33.675","39.9258","41.1055","44.735","50.0691","45.301","45.4712","49.7489","52.5097","62.6025","66.1342","71.007","75.8408","78.9197","73.0612","71.2191","68.202","64.2158","62.4895","67.4777","72.4698","66.4105","65.5404","65.7613","79.6738","73.4536","81.5452","77.9861","75.0096","76.3536","62.7512","67.4348","66.6337"
558,"NIC","Nicaragua","22.2147","22.5557","28.6306","29.473","34.2038","32.444","36.0922","37.4421","39.1487","39.5859","40.2949","39.3761","53.427","43.2221","40.5413","47.5589","60.0268","61.8868","44.0833","46.1334","46.31","43.4705","60.2612","50.3581","54.3987","62.2902","48.1951","61.4899","34.9761","41.7048","37.0816","36.1871","33.9207","28.2363","32.6035","33.4344","30.4356","34.1703","39.7143","37.3631","35.8318","41.3581","45.96","44.3484","45.199","51.4829","56.7297","57.3218","63.1218","66.7026","72.3273","80.9516","66.0905","67.459","76.5396","78.7304","88.5326","70.2197","73.7308","86.4758","82.8527","77.1335","76.513"
562,"NER","Niger","5.115","5.1988","5.2951","5.1607","5.8547","6.194","6.2935","6.2483","5.8116","6.2799","6.6737","6.7535","5.4195","5.7267","5.0887","5.4082","5.8572","6.1064","5.8191","6.2139","6.7751","6.6082","6.466","5.562","5.5639","5.656","6.0392","5.4381","5.8227","5.6727","6.0591","6.3022","5.8917","6.5451","7.3185","8.0469","6.8855","6.9501","6.5267","7.3371","6.7245","7.9724","8.2115","7.8832","7.7973","7.7956","8.2467","9.3853","9.646","10.8357","9.9078","10.4681","9.9391","10.7525","10.3423","10.4661","10.9985","11.788","11.7553","11.7213","11.7187","12.4132","12.0964"
566,"NGA","Nigeria","12.6652","13.5386","14.4834","14.3825","15.063","14.8347","14.8886","14.9126","14.8427","14.5573","14.2976","14.8279","14.4716","15.6213","13.827","12.7465","13.3397","13.4185","13.8277","14.9681","16.2113","15.6056","16.3871","16.3427","16.3033","17.5983","17.1565","19.9127","22.3931","23.8195","23.2883","23.1125","23.148","22.7377","20.362","21.9464","21.5008","22.1605","21.3276","21.0633","21.7546","21.6757","23.244","22.8456","25.2273","25.886","23.1935","26.5493","25.3886","30.8587","25.9878","27.0505","29.3056","28.5794","27.519","32.6624","37.2724","37.3021","35.9846","39.2694","40.0482","34.5566","35.0888"
570,"NIU","Niue",NA,NA,NA,NA,NA,NA,NA,NA,NA,NA,NA,NA,NA,NA,NA,NA,NA,NA,NA,NA,NA,NA,NA,NA,NA,NA,NA,NA,NA,NA,NA,NA,NA,NA,NA,NA,NA,NA,NA,NA,NA,NA,NA,NA,NA,NA,NA,NA,NA,NA,NA,NA,NA,NA,NA,NA,NA,NA,NA,NA,NA,NA,NA
408,"PRK","North Korea","51.4226","74.7335","79.2449","82.4955","86.7703","90.7527","95.9504","97.7281","108.1884","133.459","139.5278","144.2402","149.6257","155.5836","161.1357","215.6426","241.876","283.1426","286.4605","279.1055","285.0946","284.3094","291.969","298.349","308.1913","301.8946","302.1059","316.2237","319.2806","324.1706","322.3919","315.3412","307.4759","162.7103","76.5852","73.0477","105.165","97.9703","107.8797","114.895","120.1477","96.1517","92.0587","105.1898","99.8918","108.1194","101.518","95.9506","102.7265","112.9168","119.5483","110.9809","114.5511","101.9706","92.666","102.9244","94.7445","114.6609","81.416","66.3269","64.7455","57.8183","62.3639"
807,"MKD","North Macedonia",NA,NA,NA,NA,NA,NA,NA,NA,NA,NA,NA,NA,NA,NA,NA,NA,NA,NA,NA,NA,NA,NA,NA,NA,NA,NA,NA,NA,NA,NA,NA,"92.7458","92.4606","93.0914","77.1007","83.5951","81.3161","76.5803","74.9621","69.0286","57.6887","61.3688","65.5174","72.65","78.3005","76.9641","82.8965","78.1727","76.2204","84.1283","82.8906","78.9504","78.2277","80.0639","77.0157","81.3266","82.3274","79.2119","71.9373","85.709","63.6426","60.6027","59.9863"
578,"NOR","Norway","131.0783","139.1635","136.2798","138.0779","139.5143","141.2583","144.7823","146.9846","157.0044","159.3983","163.103","165.4914","179.6006","182.3636","183.0783","182.808","190.9678","194.7432","197.0609","197.3546","195.8199","196.6202","194.6083","194.561","187.1222","188.0721","189.9873","184.6511","182.293","188.7236","183.1237","183.4573","179.2476","179.6282","166.226","165.3863","182.2435","175.8953","178.2826","175.1803","169.5349","171.1312","176.8178","179.2727","180.5366","181.3857","188.1872","172.3633","166.7632","175.7543","180.3678","182.5943","188.1294","187.2035","189.256","189.9986","190.593","193.0114","195.0884","194.488","192.0813","185.3633","178.4315"
512,"OMN","Oman","9.3137","9.4029","9.5073","9.3907","9.5132","9.5866","9.2736","9.0261","9.1906","8.9027","8.9736","9.4771","10.2952","12.3328","14.7994","12.5631","14.0423","11.7255","24.3395","21.6907","18.4153","24.627","19.8952","14.9633","25.8739","19.3651","19.2403","41.803","40.581","69.4462","70.5769","70.6023","81.8988","96.651","98.5234","83.6075","65.5304","110.8309","96.8835","70.6994","95.1969","75.5533","42.3554","103.0444","144.8075","152.8533","138.7149","190.5877","133.2113","152.88","144.5545","158.6066","186.8545","148.6432","132.8597","125.2047","105.0312","111.5172","101.9743","100.559","124.5616","124.4444","119.0113"
586,"PAK","Pakistan","16.0238","15.9479","17.3207","17.6377","17.2174","18.5207","21.2667","21.9657","24.8693","24.6192","27.5312","29.1007","27.4393","29.5764","32.1791","35.6169","37.742","41.8942","46.0245","45.3435","46.9077","48.8607","51.0222","50.7161","57.8304","68.763","65.2346","69.1287","74.5518","75.2914","76.8592","82.9299","83.4062","87.1528","96.7049","97.0911","101.9158","100.9168","103.4634","104.4144","103.7538","107.535","114.1959","122.3688","130.5697","128.1354","131.8949","140.5737","157.6115","149.8596","147.8658","136.5476","149.7924","149.7564","140.7774","157.9988","157.4327","157.6571","163.3982","169.3572","178.2508","176.4403","183.406"
585,"PLW","Palau",NA,NA,NA,NA,NA,NA,NA,NA,NA,NA,NA,NA,NA,NA,NA,NA,NA,NA,NA,NA,NA,NA,NA,NA,NA,NA,NA,NA,NA,NA,NA,NA,NA,NA,NA,NA,NA,NA,NA,NA,NA,NA,NA,NA,NA,NA,NA,NA,NA,NA,NA,NA,NA,NA,NA,NA,NA,NA,NA,NA,NA,NA,NA
591,"PAN","Panama","27.1331","36.2071","36.7902","39.2132","34.2953","38.4211","35.4539","44.4017","47.5886","47.3813","45.4493","49.8639","42.7541","45.259","45.5156","42.4165","39.6191","40.967","44.5847","44.3611","48.8575","46.5381","40.4416","42.0238","44.6932","56.9508","55.1638","55.0564","50.1226","55.5223","49.1615","61.0207","65.1312","52.7858","51.6865","67.7361","57.1775","57.9923","52.4688","49.113","50.3683","49.7305","53.4776","49.6714","51.3108","54.3868","50.98","53.0262","54.3998","58.7536","48.5618","62.636","64.3248","58.1053","60.3221","54.9104","63.7404","70.2331","75.7644","94.5549","101.1255","82.2739","89.0139"
598,"PNG","Papua New Guinea","11.1701","11.1906","11.1873","10.7587","10.8666","11.5586","11.7707","11.8892","12.7527","12.7856","14.6148","14.6442","15.3836","16.6285","16.1521","17.5024","19.504","19.4531","15.3319","15.1904","21.9246","15.8998","16.4039","16.2238","18.9951","20.721","21.6434","19.8544","19.7012","18.3457","19.8982","22.6012","22.7891","23.5839","24.3773","24.6258","25.4413","18.4263","17.641","19.6943","20.5862","21.5039","23.4804","32.0166","30.353","27.5023","27.0261","27.8442","32.3752","30.0123","25.6599","30.3169","30.4488","30.3579","33.1469","33.317","35.767","37.6963","37.9417","36.1661","35.0592","39.7363","35.5868"
600,"PRY","Paraguay","24.1017","22.8427","23.2092","28.7216","30.1202","30.1634","29.2746","27.9165","27.4347","32.3636","34.9391","37.9116","41.4117","44.8016","45.7325","48.159","52.4758","50.6969","58.4892","56.1187","56.084","59.2748","63.5827","68.0212","76.5476","61.9876","78.9737","85.2322","92.5935","96.2039","69.8309","69.3695","83.0972","80.9313","84.6309","90.1437","97.5167","98.0368","98.8057","94.3221","104.4988","104.5154","115.5155","118.2821","121.2849","121.7195","158.3704","147.5729","121.6422","166.5015","178.5008","136.3869","193.764","212.1241","195.3721","190.1169","201.143","205.8492","181.8111","204.7239","201.9868","137.9869","188.7476"
604,"PER","Peru","58.9897","64.3302","51.6715","50.582","48.5796","41.2945","49.8601","47.4093","52.2282","50.9889","56.046","48.3191","45.4004","54.3663","44.6899","48.8067","49.4179","47.932","43.4205","41.9067","45.7227","38.2531","32.5707","33.65","31.7101","50.5394","56.6966","55.8185","44.9005","37.212","31.4625","31.6927","38.0657","41.1444","44.8428","46.6497","49.9824","54.432","55.0314","60.4531","60.7837","64.8203","64.4188","64.4298","63.5127","67.4083","72.0202","67.333","74.6891","71.2019","75.1529","77.2402","86.8334","82.44","83.4087","82.5093","89.9265","74.6651","98.3654","83.2529","85.3761","78.8612","73.4613"
608,"PHL","Philippines","33.1861","35.5001","35.1151","34.7442","36.3604","38.3096","37.7977","39.3947","44.1078","45.733","48.5574","46.934","53.011","53.3585","45.7669","45.8458","45.0557","48.9518","49.5024","47.244","46.6995","48.6871","49.5848","42.8034","45.1025","54.2453","61.0261","61.5635","62.5672","65.2049","54.8838","60.8973","66.1119","67.9352","68.5874","78.4241","84.4963","69.4524","78.7092","80.3242","82.8848","79.2526","86.0178","87.9686","85.3913","78.9362","82.5651","72.6202","74.3318","80.1425","76.2434","74.0118","80.1613","89.5591","80.2521","89.8037","98.9376","90.4347","91.2803","97.156","89.4729","92.0369","91.8126"
616,"POL","Poland","56.3695","58.2132","59.4551","61.9318","65.9816","70.2692","75.9212","80.6294","86.8939","89.3702","94.5462","100.9573","110.6332","116.9191","121.542","119.186","121.5517","125.8637","126.7946","128.2509","118.1682","120.3413","122.2997","118.5686","124.8549","128.464","124.5892","134.3516","133.5976","88.3731","79.547","83.4259","84.2578","87.6695","88.6803","91.7713","96.7649","89.331","88.1043","89.3036","88.5059","92.9566","99.1498","95.9992","106.5012","109.8141","119.7051","111.4141","110.4827","125.7193","121.0565","128.9188","122.4377","116.8776","122.1343","128.9149","131.3155","116.7176","119.866","117.1538","112.22","120.8039","121.7026"
620,"PRT","Portugal","51.3219","51.019","57.9209","61.5684","56.7175","56.0062","61.8731","62.6625","65.7092","60.4862","64.4598","71.4771","72.3176","66.4467","73.7302","71.8784","79.1431","76.4085","83.5839","79.9413","83.1208","81.262","75.9365","72.4999","77.5692","81.4966","80.5926","82.967","79.4283","82.7783","79.5891","76.4222","77.4114","78.7548","78.6523","86.3083","86.4799","93.2369","91.7039","84.5501","83.0694","80.5936","81.9905","82.0182","87.4285","89.932","101.4933","93.976","92.0331","95.1564","94.5301","97.5945","97.0791","104.5282","105.3642","106.8644","106.2943","95.4245","93.0071","105.4091","83.7518","74.0383","81.7253"
634,"QAT","Qatar","281.1938","281.7001","282.0883","282.7068","282.7567","283.3769","284.4607","285.8581","287.2565","288.8957","290.2435","291.8941","293.5357","98.1977","152.2443","206.3336","212.4551","264.6331","243.4299","182.6174","165.3447","112.4014","104.1714","94.1157","84.1913","71.9813","71.7098","83.0188","155.0464","145.5808","180.1579","143.7231","164.8975","434.4313","435.5034","109.3642","107.4011","77.367","82.4315","68.8478","89.6317","103.4444","99.0197","106.5416","111.8217","108.298","105.9918","106.8883","108.3336","107.1859","107.2952","106.6581","134.0201","120.2876","119.8609","150.476","148.2359","180.332","198.2438","222.6639","183.4621","223.6961","227.4485"
178,"COG","Republic of Congo","10.5789","11.1868","10.0842","10.0417","10.4576","10.1292","10.5538","11.2485","14.4183","15.1816","19.0487","17.1","12.8037","11.4036","10.9772","11.1693","11.171","11.1663","10.1455","9.3861","9.9989","11.8737","12.0709","12.6415","13.9513","12.8469","12.3916","13.4596","12.6406","13.5755","15.6523","15.1039","15.0153","15.1006","15.0801","16.3452","17.8256","18.5583","20.3904","20.1151","21.3475","21.1203","19.9069","18.9585","18.1205","18.0999","17.627","18.6807","20.8993","19.6289","20.0642","19.2371","19.8953","18.9269","19.4344","18.9225","19.1462","19.4666","19.2016","23.3127","21.3109","22.9836","21.1543"
642,"ROU","Romania","56.3324","45.8523","48.99","51.002","58.232","64.4072","73.8413","77.3127","79.5701","85.5335","91.2916","90.1645","94.9502","100.3219","129.0314","112.7507","111.9639","137.2921","137.5176","125.2263","147.6549","148.9893","147.4016","150.3644","153.2545","134.6521","136.0388","135.9887","150.576","140.9721","84.7373","88.1143","86.1654","66.4795","63.483","68.9898","60.8517","63.9614","54.6774","57.4528","59.9214","55.9907","56.532","63.1105","65.3774","62.9265","69.4902","70.1724","69.8666","69.2949","75.0034","73.888","77.6324","76.875","85.0456","88.5638","94.5193","96.7656","90.9877","101.4297","99.9315","97.5288","90.6046"
643,"RUS","Russia",NA,NA,NA,NA,NA,NA,NA,NA,NA,NA,NA,NA,NA,NA,NA,NA,NA,NA,NA,NA,NA,NA,NA,NA,NA,NA,NA,NA,NA,NA,NA,"52.4263","46.8647","35.8376","33.4702","31.8444","28.4209","26.1308","26.1473","26.2919","27.3633","25.6165","25.2446","25.3574","24.6956","25.3455","26.1569","28.4999","28.2291","28.1341","29.2671","29.1967","28.663","29.9336","31.8474","34.6797","35.3415","36.274","37.792","40.8342","40.1255","45.0806","43.1029"
646,"RWA","Rwanda","18.591","19.8543","19.6848","16.8642","19.1882","24.3355","25.3441","22.8341","25.4198","26.1255","25.2192","22.1302","22.6298","20.7102","22.8959","23.0098","23.2928","22.7139","22.7936","22.9356","23.1616","23.925","24.995","23.1934","27.0611","24.4625","24.9627","22.1543","21.6059","22.303","22.1396","22.7678","18.0053","14.9251","18.2777","20.3319","19.6431","19.9724","19.4654","22.2605","22.5207","23.5654","24.1367","24.0063","25.9387","29.1339","33.3032","34.1038","34.2217","34.1962","32.3837","37.7792","41.0669","39.631","46.6833","44.7745","49.7954","48.0641","51.1681","49.0644","52.717","49.4723","52.133"
652,"BLM","Saint Barthelemy",NA,NA,NA,NA,NA,NA,NA,NA,NA,NA,NA,NA,NA,NA,NA,NA,NA,NA,NA,NA,NA,NA,NA,NA,NA,NA,NA,NA,NA,NA,NA,NA,NA,NA,NA,NA,NA,NA,NA,NA,NA,NA,NA,NA,NA,NA,NA,NA,NA,NA,NA,NA,NA,NA,NA,NA,NA,NA,NA,NA,NA,NA,NA
659,"KNA","Saint Kitts and Nevis","24.7396","24.6339","24.9679","25.3347","24.7517","25.5905","28.4818","28.5905","34.5994","34.0753","34.327","35.2829","34.2085","34.6596","42.1712","43.3031","45.3216","45.2896","45.9749","45.9799","51.658","55.558","54.6647","67.4988","67.4341","72.5545","72.6082","72.8043","64.8999","65.4178","77.6529","77.3332","105.4653","117.4751","109.5732","126.4102","151.3817","151.6631","133.5799","143.3223","146.6423","42.2671","41.9739","45.7708","60.3599","62.0582","62.0992","63.5574","59.1952","55.8016","53.002","32.9458","28.0419","35.0878","29.372","29.7256","25.9619","29.2149","26.691","24.7331","27.721","29.5733","30.0004"
662,"LCA","Saint Lucia","39.2462","38.8222","37.3871","36.7502","44.5517","51.1058","62.4907","74.2353","85.041","94.9993","88.4449","93.8314","105.1223","105.6943","110.9918","111.6887","135.8481","81.7437","99.0625","60.7974","72.9576","98.3824","87.2568","103.9124","111.6204","98.713","99.878","100.1795","174.823","146.9179","190.7863","184.6475","128.4527","54.5197","37.3856","40.6244","31.8857","95.7801","83.2609","101.1074","73.8679","47.1422","78.7343","61.5663","72.4227","70.0671","55.6724","45.8557","53.4171","68.1343","57.6601","73.4679","56.4182","79.0397","85.951","72.1428","58.083","64.0792","71.2444","73.0313","67.9175","69.037","70.1496"
882,"WSM","Samoa","8.1265","7.9836","8.8112","8.939","8.2248","8.4502","8.6667","8.7775","8.9336","9.0576","9.0072","9.0101","9.0087","9.3386","9.5833","9.1778","9.0837","9.3238","9.2559","10.6915","12.8894","14.1903","14.6429","15.5107","16.9708","18.8435","20.6944","20.5236","28.7782","28.4202","27.7494","28.1405","28.5104","29.1509","28.019","28.0007","27.8874","27.938","27.9171","30.1835","34.7273","35.4862","37.4849","39.6656","41.8396","43.0271","42.1322","44.2278","41.1724","39.7488","34.9009","31.1816","28.4804","25.5445","23.3146","23.9786","23.5857","23.1145","20.743","16.9555","24.5054","22.6681","21.7845"
674,"SMR","San Marino",NA,NA,NA,NA,NA,NA,NA,NA,NA,NA,NA,NA,NA,NA,NA,NA,NA,NA,NA,NA,NA,NA,NA,NA,NA,NA,NA,NA,NA,NA,NA,NA,NA,NA,NA,NA,NA,NA,NA,NA,NA,NA,NA,NA,NA,NA,NA,NA,NA,NA,NA,NA,NA,NA,NA,NA,NA,NA,NA,NA,NA,NA,NA
678,"STP","Sao Tome and Principe","6.8018","7.1599","7.2213","6.7682","6.8149","6.7555","6.8564","6.758","6.7791","6.7436","6.632","6.54","6.9082","6.4008","7.263","8.4549","7.4365","7.1327","6.8346","6.6147","7.0336","7.4096","7.4232","8.0223","8.0783","8.2534","8.3249","8.3721","8.609","8.9149","9.0926","9.5759","8.7747","8.8114","9.3692","9.7832","10.4059","9.9095","9.0458","8.9192","10.1128","11.0166","11.7575","13.4895","14.4684","14.7196","15.9211","17.7697","19.3948","20.1114","20.7653","21.1538","22.8822","22.9529","23.6129","22.0017","23.9181","22.5565","23.1163","23.3628","23.4027","24.3161","24.9514"
682,"SAU","Saudi Arabia","3.3814","3.3534","3.3697","3.7688","4.089","5.8266","2.6532","2.6438","2.7052","2.892","2.9064","2.9756","4.7127","5.2045","5.6609","6.2801","6.0414","6.3924","9.5309","14.0134","24.7833","33.1806","55.1905","62.6777","70.528","71.3801","85.3132","81.817","85.3335","84.2836","83.2976","83.8824","71.8551","57.439","45.9314","52.2975","58.8389","56.765","57.9761","64.2408","66.317","66.5959","69.6396","70.528","59.017","62.7022","69.3556","52.6449","48.1564","48.2582","58.8589","64.7969","55.5165","55.1784","64.5434","66.4811","60.5536","60.8071","57.5427","69.31","65.9267","63.4261","65.0502"
686,"SEN","Senegal","37.4885","37.3683","38.5083","37.1358","38.6805","38.0997","37.8769","33.5843","32.174","30.8854","37.0055","32.1459","32.9259","38.3267","46.7755","44.903","35.6942","43.0614","35.6","33.4271","36.6709","39.4248","34.547","30.1156","26.7851","33.5684","35.4645","33.4492","32.6232","33.2645","35.4859","33.8221","32.2694","34.2587","33.6978","32.4194","31.4575","31.3031","38.1964","42.5663","40.5596","34.2209","28.6022","34.815","34.2383","29.013","27.8597","30.3272","39.4449","48.5097","37.5207","37.7086","40.2929","39.1882","45.3933","40.3156","55.2274","53.4279","51.6876","61.493","50.6775","56.9646","48.4627"
688,"SRB","Serbia",NA,NA,NA,NA,NA,NA,NA,NA,NA,NA,NA,NA,NA,NA,NA,NA,NA,NA,NA,NA,NA,NA,NA,NA,NA,NA,NA,NA,NA,NA,NA,NA,NA,NA,NA,NA,NA,NA,NA,NA,NA,NA,NA,NA,NA,"111.798","128.6116","102.6605","129.4353","103.4467","107.8024","139.1903","148.6314","106.9794","107.8905","118.1633","122.9188","87.5788","101.8881","139.3305","87.4572","128.9713","114.6244"
690,"SYC","Seychelles","183.7633","181.5378","184.4656","184.7849","184.7857","187.8395","187.9729","190.3978","191.5673","192.5784","199.0869","206.8293","207.0939","210.2571","213.3676","210.7714","199.4173","203.3079","206.3945","209.6727","213.1041","179.497","95.7408","95.1703","94.6013","92.8476","90.1606","104.0898","103.243","123.9695","120.9264","112.8274","110.6555","108.7067","105.3667","97.1605","97.1656","90.4147","84.2599","65.5281","39.5104","40.8242","45.2674","41.1818","45.0266","43.1699","64.2324","51.9367","49.6288","48.6949","100.9342","95.1331","81.6634","91.2245","105.1106","98.2379","98.5454","96.7807","110.043","106.6851","123.2208","113.4188","120.2425"
694,"SLE","Sierra Leone","34.2417","32.406","32.6235","32.8501","34.5477","35.0828","37.0054","34.8107","36.4244","36.4113","36.2001","34.8768","35.0389","35.7582","37.9892","37.4558","38.4885","38.3896","37.7827","36.5129","37.8783","35.0376","33.355","31.0497","31.748","32.8302","30.7673","32.2725","34.1599","33.5015","32.8995","32.7228","34.1913","34.5033","31.9317","33.438","36.9938","38.7177","32.5212","26.955","26.592","31.5466","25.097","26.2921","28.3804","27.6104","25.1272","24.6841","27.6582","24.4785","24.7177","30.084","27.8656","27.6658","25.2346","25.7138","28.2482","33.7391","27.9942","26.9955","34.6865","30.078","32.9618"
702,"SGP","Singapore","355.9138","380.465","398.5125","348.0794","421.2653","442.7714","452.3852","479.6879","489.7651","513.0046","647.5947","586.453","650.4912","762.6828","814.6855","852.1483","941.0763","894.5425","999.2559","939.3632","1016.1857","1019.9338","1020.054","1003.8864","1128.4373","1260.8652","1660.7491","1455.4014","2225.3902","2256.1021","2656.8946","2609.7955","2524.6781","2963.1605","3341.7309","2911.5636","2047.8932","2536.8825","2439.3621","1826.7854","1641.2177","693.0679","1086.1792","1053.4541","1073.0237","1093.0975","1123.288","1252.4445","1334.7713","1300.37","1289.6633","1345.2291","1459.2233","1478.741","1487.986","1521.7642","1587.8042","1613.1779","1542.052","1569.7505","1481.3852","1191.7507","1361.2897"
534,"SXM","Sint Maarten",NA,NA,NA,NA,NA,NA,NA,NA,NA,NA,NA,NA,NA,NA,NA,NA,NA,NA,NA,NA,NA,NA,NA,NA,NA,NA,NA,NA,NA,NA,NA,NA,NA,NA,NA,NA,NA,NA,NA,NA,NA,NA,NA,NA,NA,NA,NA,NA,NA,NA,NA,NA,NA,NA,NA,NA,NA,NA,NA,NA,NA,NA,NA
703,"SVK","Slovakia",NA,NA,NA,NA,NA,NA,NA,NA,NA,NA,NA,NA,NA,NA,NA,NA,NA,NA,NA,NA,NA,NA,NA,NA,NA,NA,NA,NA,NA,NA,NA,NA,"101.2046","98.2854","95.634","100.048","95.0499","99.8897","85.1107","94.4269","101.1159","100.8942","103.7248","104.3719","100.388","107.7216","107.7554","99.123","95.6705","102.0534","110.8667","113.9663","118.9525","123.7845","128.1345","135.8898","129.0023","142.0741","134.983","139.1421","146.2821","136.8815","123.3713"
705,"SVN","Slovenia",NA,NA,NA,NA,NA,NA,NA,NA,NA,NA,NA,NA,NA,NA,NA,NA,NA,NA,NA,NA,NA,NA,NA,NA,NA,NA,NA,NA,NA,NA,NA,"198.2219","139.7379","175.1827","170.2555","145.4079","183.7656","217.4286","221.0331","223.7451","218.2671","225.1362","217.493","209.5808","209.3691","193.5386","179.8019","126.6201","131.6141","121.6892","120.3421","123.9679","124.994","130.029","129.9313","129.0718","127.5359","123.6762","124.9555","127.0231","133.9406","134.6908","130.3095"
90,"SLB","Solomon Islands","7.4959","7.7111","7.9494","8.1874","8.4855","8.6464","8.936","9.7234","10.2485","10.6617","11.3093","11.4482","11.9182","12.4509","12.7567","13.481","13.7483","14.0826","13.8525","14.503","14.7792","13.9021","13.8388","13.6028","13.7458","13.4003","12.2919","12.0945","11.9863","12.4657","12.2747","12.1987","12.4839","12.6297","12.7902","12.9381","12.9687","12.8644","13.0163","12.9749","12.9784","12.7241","12.9779","13.2326","17.2422","11.7814","14.6238","11.5728","11.6218","12.6601","16.8933","15.5017","16.4882","14.0778","15.4002","23.7897","21.663","27.6556","15.2219","15.226","13.0435","13.0272","12.6012"
706,"SOM","Somalia",NA,NA,NA,NA,NA,NA,NA,NA,NA,NA,NA,NA,NA,NA,NA,NA,NA,NA,NA,NA,NA,NA,NA,NA,NA,NA,NA,NA,NA,NA,NA,NA,NA,NA,NA,NA,NA,NA,NA,NA,NA,NA,NA,NA,NA,NA,NA,NA,NA,NA,NA,NA,NA,NA,NA,NA,NA,NA,NA,NA,NA,NA,NA
710,"ZAF","South Africa","12.9215","14.6244","16.3048","16.3292","16.6658","16.5929","20.0887","20.635","21.4872","23.7248","25.7287","28.1688","26.2777","28.9865","30.9062","32.2592","34.7828","37.8888","39.0096","44.5091","48.9678","44.2424","36.2776","39.3984","37.3653","36.2223","33.1541","37.5594","36.6918","36.949","35.3089","34.9523","37.5526","35.0376","35.5461","37.2338","37.5825","38.1791","38.1646","37.6323","37.9091","42.3671","38.2676","40.1718","35.4198","43.2263","42.4361","41.2392","41.9203","41.2858","45.4659","45.9565","47.1636","53.6245","47.2784","47.1573","61.6817","61.1975","57.2574","61.7617","75.904","69.4928","68.1622"
410,"KOR","South Korea","144.0897","139.8034","138.977","121.5797","131.5014","145.4817","163.4289","166.5499","182.467","199.5054","202.1181","211.9448","231.7164","251.5882","262.7588","212.9747","226.251","258.235","255.9229","254.5683","249.4396","194.54","228.4776","248.2034","261.6247","266.3684","274.1696","279.8878","303.8679","307.9578","293.7301","304.4412","304.527","307.8026","319.0461","315.1799","345.3518","317.4022","304.7383","293.8648","277.6208","267.7612","278.706","293.9593","300.4615","252.8965","283.427","262.6094","250.4045","250.4814","248.3603","249.4723","246.7545","246.0418","242.2378","248.0499","251.1462","259.7055","262.9219","268.9934","273.8456","277.3922","268.4612"
728,"SSD","South Sudan",NA,NA,NA,NA,NA,NA,NA,NA,NA,NA,NA,NA,NA,NA,NA,NA,NA,NA,NA,NA,NA,NA,NA,NA,NA,NA,NA,NA,NA,NA,NA,NA,NA,NA,NA,NA,NA,NA,NA,NA,NA,NA,NA,NA,NA,NA,NA,NA,NA,NA,NA,"30.2745","31.5179","32.3956","30.2736","30.4419","30.9513","35.0849","37.5472","38.5156","38.9965","39.6089","38.6259"
724,"ESP","Spain","36.6505","37.7499","37.3188","38.8719","40.9429","44.5181","46.5723","50.8725","52.3554","52.7516","55.6359","58.0072","59.7069","59.1244","60.1888","65.1867","63.7651","68.3561","70.0454","71.0095","66.0914","66.8308","66.6447","71.8696","74.6041","81.0808","84.1402","86.5917","84.5646","83.6232","80.4967","71.7102","78.6949","81.0829","86.0271","93.8564","91.0705","100.042","100.3864","98.3793","99.1393","98.2092","105.7822","98.8349","91.576","94.0773","96.5087","81.1642","85.3685","95.1804","88.6117","88.8706","96.8547","101.3064","101.0304","101.7188","106.4884","101.6315","98.2888","106.7158","95.3131","83.3999","85.8575"
144,"LKA","Sri Lanka","44.6475","47.5566","38.4245","41.7661","40.9145","42.6139","41.9379","48.6162","44.558","48.0128","50.6437","47.21","49.2206","56.2711","40.3403","47.3172","54.8718","61.6255","63.1112","71.5829","65.1461","67.2579","69.3241","79.0817","80.2778","78.5035","78.8692","81.5525","81.0749","74.7339","74.6559","78.2269","86.798","92.4117","87.8369","85.5336","88.1885","96.8443","108.9916","104.6208","104.0439","112.8666","99.0249","106.1449","100.6606","103.1289","99.6892","110.41","103.2335","102.4225","108.6473","96.0469","92.4146","114.0146","110.2143","81.8046","69.7446","66.3455","73.4448","110.0742","68.5926","80.3279","90.0683"
670,"VCT","St. Vincent and the Grenadines","73.3413","75.4678","68.415","70.6092","71.105","72.2491","91.824","111.4092","141.1833","171.0127","172.3618","172.8798","214.4557","224.5334","259.7549","260.8543","293.7942","293.7045","265.8306","266.3434","269.0959","299.6238","271.5184","283.7737","283.6231","268.8439","306.266","320.9205","208.5786","99.0716","98.4494","102.5096","174.6107","182.9433","194.5966","203.4637","216.4766","282.1544","302.3317","323.4278","323.7493","84.3964","70.7543","73.7397","71.1089","76.1874","76.5725","78.4996","76.3355","82.8342","77.5055","73.4836","80.1996","80.9205","81.8275","77.7787","80.3455","87.7121","86.6609","87.5671","76.4136","70.9932","70.7"
275,"PSE","State of Palestine",NA,NA,NA,NA,NA,NA,NA,NA,NA,NA,NA,NA,NA,NA,NA,NA,NA,NA,NA,NA,NA,NA,NA,NA,NA,NA,NA,NA,NA,NA,NA,NA,NA,NA,NA,NA,NA,NA,NA,NA,NA,NA,NA,NA,NA,NA,NA,NA,NA,NA,NA,NA,NA,NA,NA,NA,NA,NA,NA,NA,NA,NA,NA
729,"SDN","Sudan",NA,NA,NA,NA,NA,NA,NA,NA,NA,NA,NA,NA,NA,NA,NA,NA,NA,NA,NA,NA,NA,NA,NA,NA,NA,NA,NA,NA,NA,NA,NA,NA,NA,NA,NA,NA,NA,NA,NA,NA,NA,NA,NA,NA,NA,NA,NA,NA,NA,NA,NA,"18.6264","22.7701","23.4942","20.0175","28.1602","23.4785","28.2502","28.724","29.7775","28.7746","28.7218","23.3177"
740,"SUR","Suriname","72.5622","75.2389","83.2806","79.5811","87.6889","91.8835","106.1014","108.0139","99.9584","118.8003","140.7299","145.5886","148.1788","159.2304","125.5445","147.4347","152.3757","150.8987","116.0215","95.3149","173.9322","196.4507","190.9884","244.2468","186.8814","183.7167","167.1905","84.6711","82.0456","73.8105","73.522","103.4692","100.2374","109.408","107.824","151.6507","151.453","128.5645","115.8807","120.1832","125.9697","129.5844","142.5509","160.2352","133.8671","191.9084","164.132","334.9178","176.6699","221.7852","205.0512","170.4463","170.5261","170.5896","146.3601","168.0574","223.2757","177.4271","147.3108","213.7436","157.9577","191.6431","248.0793"
752,"SWE","Sweden","73.8245","76.1004","81.8801","87.3821","92.4793","93.9537","98.6565","104.0347","107.7623","113.254","115.6262","116.3947","128.0322","117.534","125.9187","127.7167","128.2539","127.7737","129.4061","124.6666","125.5941","126.3296","129.7154","129.1902","126.2798","123.3956","122.8104","117.6873","121.0005","115.711","103.6155","113.5275","119.7407","118.1114","109.6325","113.297","112.3548","108.5193","109.3377","113.1968","106.5487","106.1639","104.5759","101.2684","98.0956","99.5176","104.0489","100.7123","95.4958","100.7241","99.6987","95.3238","97.8332","105.9933","111.9001","114.7762","114.9348","107.6707","110.1065","113.1205","103.5431","101.5384","104.0508"
756,"CHE","Switzerland","188.683","201.2836","200.8417","200.6808","217.3014","230.2898","241.1249","248.3874","251.8517","257.5891","255.2308","255.3131","268.3565","261.6559","264.9272","280.6245","289.0329","302.6158","302.9186","302.3623","287.813","279.2563","289.1164","287.0187","285.1599","282.4902","285.0022","281.4629","274.9269","267.9673","261.739","261.2899","254.2485","248.6281","245.8337","241.1139","236.5419","235.1902","225.1071","222.7607","230.3392","214.7134","218.3814","219.2947","227.0515","224.3596","213.7803","215.4293","212.1855","212.0535","214.7776","196.6272","216.0528","216.7459","221.1125","221.0836","219.844","211.0597","203.2701","213.6178","216.3668","208.3773","211.6256"
760,"SYR","Syria","7.8705","8.7294","7.9935","9.1083","9.4454","8.5483","10.8627","11.4426","12.1877","11.9","14.0218","14.2684","13.2009","15.0868","16.8761","19.2598","20.7741","21.5223","22.7428","25.8794","23.6255","25.717","31.6396","30.2482","33.9171","34.9617","38.2596","41.1631","37.8336","44.1803","38.0813","40.1045","46.951","50.7345","54.8712","53.422","53.5266","52.157","55.0727","54.9185","47.6405","51.8817","53.8133","55.8008","60.8155","54.8571","53.7889","50.5656","46.9991","37.8137","39.7982","33.7445","16.0671","14.7855","11.3461","12.0822","15.5669","14.5227","15.7264","18.0949","14.4261","14.222","20.9024"
158,"TWN","Taiwan","312.9153","310.8234","308.731","307.9692","308.7555","308.5896","309.96","309.0404","303.6108","307.094","304.6718","306.0983","311.517","304.078","301.6758","303.2411","303.8036","307.0642","309.0507","312.6645","312.3952","315.3779","316.0689","321.1763","324.9419","323.4833","329.7919","325.5758","325.006","329.1983","334.4798","344.4622","347.1552","349.4841","349.7154","351.591","358.3607","350.293","345.5603","350.4699","349.1697","348.1091","311.9805","328.6256","314.9382","319.497","316.6623","296.8651","295.2539","297.6185","292.6996","297.1335","287.6857","283.7096","277.6888","280.8212","271.151","269.6696","260.1006","270.3827","251.2486","248.0178","245.4701"
762,"TJK","Tajikistan",NA,NA,NA,NA,NA,NA,NA,NA,NA,NA,NA,NA,NA,NA,NA,NA,NA,NA,NA,NA,NA,NA,NA,NA,NA,NA,NA,NA,NA,NA,NA,"105.0256","81.5139","75.9946","75.538","69.0135","79.0991","66.6324","47.0968","48.0111","48.438","60.1186","54.858","57.4635","57.3093","63.361","62.6907","67.8928","69.6386","71.093","72.3826","73.5881","74.0735","80.2006","81.8791","73.9503","97.5092","94.7072","119.5778","129.6994","116.9796","119.3049","141.687"
834,"TZA","Tanzania","8.7604","8.9732","9.0652","8.4401","8.7559","9.5068","9.6157","10.1795","10.1324","10.1894","10.3603","10.2884","10.556","10.8155","11.4548","12.2915","12.6647","11.8812","13.0914","13.0325","13.3211","13.8097","13.2305","14.6604","13.9369","13.6909","15.27","14.6807","15.77","16.1174","16.6659","16.7269","16.4486","16.5735","16.5533","17.5313","18.417","19.2777","17.3254","17.7444","20.4023","23.876","24.9837","23.1783","23.3313","22.6823","23.7075","22.3049","23.8666","27.8049","28.4844","30.9344","36.457","36.6694","36.049","31.9275","32.3437","31.303","27.0788","35.4381","30.7283","34.6044","36.7568"
764,"THA","Thailand","32.2023","32.8996","32.5745","32.1126","31.9002","35.6173","34.7419","36.0696","36.2683","35.1661","35.3608","34.2096","34.2229","33.1689","34.4064","37.2187","39.4674","39.4699","36.6476","36.7997","38.464","39.3198","44.3242","44.6132","45.397","48.3236","48.7997","53.7781","57.9035","60.3763","58.1028","63.1416","72.3618","70.7565","68.9466","72.6837","71.0997","76.4756","83.7592","76.3176","78.7199","81.7475","87.4636","84.3724","82.2648","78.8333","86.4288","81.8494","95.8959","100.9661","101.8744","102.3525","106.2512","99.7496","88.9402","97.9511","107.2183","100.6213","91.1628","95.894","95.3824","105.6974","129.3765"
626,"TLS","Timor-Leste",NA,NA,NA,NA,NA,NA,NA,NA,NA,NA,NA,NA,NA,NA,NA,NA,NA,NA,NA,NA,NA,NA,NA,NA,NA,NA,NA,NA,NA,NA,NA,NA,NA,NA,NA,NA,NA,NA,NA,NA,NA,NA,NA,NA,NA,NA,NA,NA,NA,NA,NA,NA,NA,NA,NA,NA,NA,NA,NA,NA,NA,NA,NA
768,"TGO","Togo","6.8824","7.6849","7.8479","8.2497","8.4162","8.5267","8.5489","8.7831","8.003","8.4732","8.6641","7.9636","8.2731","8.6781","8.9029","8.9498","8.634","8.9868","10.478","9.9423","10.1607","9.8299","9.6549","11.0989","12.7342","12.4773","12.9121","14.1231","15.0968","13.9125","14.3183","14.9154","16.059","17.3097","16.2407","20.1644","17.528","18.0652","18.3061","17.8761","18.8202","17.3687","18.0689","16.429","16.978","16.1757","16.0466","16.7756","17.1973","21.017","22.9246","22.1484","24.0061","23.135","23.4192","28.5718","27.1639","34.72","30.0304","31.2914","32.4572","42.0111","44.9795"
776,"TON","Tonga","12.6871","14.4523","14.4981","14.5848","14.6896","16.1716","15.4226","16.0645","15.3674","16.1295","15.3048","14.946","16.6264","18.3376","19.9555","24.7134","27.3263","32.3611","32.5182","32.0649","36.6262","33.3424","30.2964","27.0838","32.3199","34.2508","37.4651","40.7344","35.4764","33.8302","36.2395","35.91","35.47","32.5906","29.0794","28.562","29.266","28.3917","28.454","29.0902","31.5442","31.2558","31.5667","30.8463","30.9271","30.2695","31.0602","35.0724","34.2333","31.0053","31.1692","32.0557","33.1419","31.7836","30.1801","31.8863","32.7506","31.1295","31.6723","31.7638","32.1836","30.9284","31.2816"
780,"TTO","Trinidad and Tobago","63.3185","156.7048","131.7479","133.5641","141.8097","79.216","94.8714","95.1613","95.9226","104.038","124.0449","121.8785","110.542","95.9587","88.6644","91.1685","87.9918","97.1468","96.2982","92.4326","84.7839","100.5186","123.7174","139.0585","152.8653","117.3318","117.8608","86.8468","101.3405","153.3626","152.4194","164.8675","115.6809","111.9162","127.9917","171.258","177.3375","173.3194","178.4667","212.8533","198.1128","228.3053","206.3597","279.8153","283.5483","285.7449","286.5165","272.8421","286.8888","288.0234","292.0516","314.1302","321.3195","326.3211","327.4311","328.2676","279.9661","286.3501","288.0452","293.978","289.8854","287.5649","292.9764"
788,"TUN","Tunisia","4.3393","4.9662","5.5346","5.7107","5.6052","5.982","5.7848","6.6224","7.7269","7.8051","8.9559","8.7222","9.6953","10.3867","11.0369","11.0488","9.9541","11.318","11.8112","12.2689","13.2314","14.7045","13.4144","15.365","16.5924","17.883","17.736","16.4038","17.3814","14.905","19.0293","19.6043","18.5718","17.3238","16.0181","18.7052","19.1525","22.0059","22.3894","20.8987","20.1759","20.4675","21.5805","23.3174","25.1538","24.5501","25.5735","24.4826","25.994","25.0419","26.0361","27.0009","22.0903","23.9314","25.5763","30.833","27.1489","28.7335","27.6843","22.7128","29.1369","27.7919","22.3067"
792,"TUR","Turkiye","10.3004","10.1973","10.5639","10.6843","11.5903","12.6699","14.5843","16.2867","17.6542","17.8812","20.0722","22.7706","24.5357","20.3723","27.2026","32.9625","35.212","38.6679","34.7465","38.9502","38.8007","44.6664","50.7262","48.2766","46.2196","48.9966","56.1953","54.6383","55.1565","59.3734","54.9127","58.714","63.7758","50.8387","53.7872","57.638","57.7402","65.9093","68.973","63.6285","56.6406","59.2457","65.6087","64.9881","65.8145","68.9463","68.5367","59.1453","74.601","71.2646","67.5682","74.9636","81.3521","76.6985","76.7482","94.8996","91.0045","81.8806","88.8024","105.1662","91.9472","82.2809","97.3042"
795,"TKM","Turkmenistan",NA,NA,NA,NA,NA,NA,NA,NA,NA,NA,NA,NA,NA,NA,NA,NA,NA,NA,NA,NA,NA,NA,NA,NA,NA,NA,NA,NA,NA,NA,NA,"121.2598","134.8493","117.3525","114.8879","114.161","138.4049","67.2438","77.5232","86.7538","96.6327","97.7279","103.574","111.9659","126.042","158.6458","177.3199","181.5024","185.587","187.3835","189.4061","191.2598","248.2931","287.1079","320.2601","272.0465","264.1396","291.3761","293.0175","332.0318","304.2389","333.2347","362.438"
796,"TCA","Turks and Caicos Islands",NA,NA,NA,NA,NA,NA,NA,NA,NA,NA,NA,NA,NA,NA,NA,NA,NA,NA,NA,NA,NA,NA,NA,NA,NA,NA,NA,NA,NA,NA,NA,NA,NA,NA,NA,NA,NA,NA,NA,NA,NA,NA,NA,NA,NA,NA,NA,NA,NA,NA,NA,NA,NA,NA,NA,NA,NA,NA,NA,NA,NA,NA,NA
798,"TUV","Tuvalu","24.3614","24.3799","24.3922","24.4088","24.4257","24.4439","24.4374","24.4446","24.4362","24.4374","24.4839","24.4216","24.4514","24.6104","24.4234","24.4529","25.0126","25.3257","26.5153","27.743","26.8801","31.1145","29.1295","33.0457","37.7896","38.2037","34.0921","35.4584","45.9013","45.749","50.8456","51.5461","49.7025","50.9376","51.1306","52.0274","52.5158","52.5327","54.3557","53.9015","63.0331","65.3957","65.1458","65.4362","64.5272","65.328","62.0239","65.9641","65.3688","64.2956","64.2527","63.7607","64.1987","64.2246","65.332","65.6855","66.7875","66.1024","67.6955","67.416","64.7799","64.8443","65.2563"
800,"UGA","Uganda","14.5296","14.4162","14.7509","14.1059","14.1479","14.2888","15.4464","15.9349","16.6111","17.6548","18.8903","18.9471","16.5418","17.2854","16.7284","17.1581","17.0481","17.599","13.8657","12.9261","14.2439","14.7471","15.0921","15.1916","14.9176","15.7592","15.8088","17.1461","18.6533","19.4316","21.1393","21.6454","22.4074","22.3323","23.0195","22.4836","24.3769","25.1102","23.7107","24.1513","24.1229","25.7284","26.0439","25.7452","27.3675","25.1941","26.3573","25.8618","25.8158","26.9653","27.4884","27.3083","27.7622","27.3194","29.6947","29.1531","30.3204","31.0748","29.7435","31.4573","32.0799","34.2518","33.263"
804,"UKR","Ukraine",NA,NA,NA,NA,NA,NA,NA,NA,NA,NA,NA,NA,NA,NA,NA,NA,NA,NA,NA,NA,NA,NA,NA,NA,NA,NA,NA,NA,NA,NA,NA,"83.5719","66.7796","62.1386","53.8632","43.1527","40.9219","37.5012","34.4183","34.0732","34.1856","35.7301","34.0874","33.8322","34.0303","36.5358","37.7728","42.3669","39.1944","41.5788","50.4704","52.7136","51.5715","54.4002","53.926","62.4452","69.7855","65.9134","67.562","69.6046","71.9867","46.1241","52.3806"
784,"ARE","United Arab Emirates","60.0009","60.1078","60.2139","60.3272","53.7747","48.525","49.0735","49.6851","50.3614","42.821","44.1707","44.9653","46.6752","54.7324","60.8326","68.3293","35.5398","47.9202","119.9649","112.1444","102.4038","109.1069","101.7165","86.1329","101.2724","47.5156","75.9112","74.4192","224.3249","185.6124","253.6587","291.0982","281.9115","298.1354","319.2826","303.1297","274.1732","269.0046","125.7735","104.7991","97.6283","129.0326","136.2403","136.4927","135.3177","141.0241","149.2382","148.623","289.3113","312.3462","316.4477","293.4326","249.6898","188.1376","221.3221","188.8254","165.0989","158.5904","150.6649","172.5857","163.3277","165.0065","164.5799"
826,"GBR","United Kingdom","130.4947","130.9963","134.214","135.1405","143.7586","153.5287","166.4928","165.8744","161.519","175.8533","183.8954","180.0533","200.1717","194.6918","210.6661","215.8538","219.8143","223.9895","238.8254","227.1139","242.3836","262.7313","268.8046","265.0385","262.2581","276.8379","263.3226","265.6377","278.6122","274.647","257.1594","239.278","260.5141","281.8066","276.4664","285.4519","263.6769","256.7132","268.0796","250.6421","266.1952","253.3143","252.8571","240.6955","235.6066","216.9541","213.4827","211.3969","211.563","219.2689","212.8888","205.5019","208.373","215.068","222.1079","224.1024","224.1841","221.3793","215.86","217.6522","212.2814","200.9095","200.3765"
840,"USA","United States of America","38.7383","41.7179","43.5648","45.6397","49.9527","54.0606","58.3861","58.9072","58.7095","61.5954","62.745","65.1625","71.6626","67.9755","75.8252","75.628","77.8649","80.6057","86.9456","86.3798","84.4796","79.5299","79.9948","84.6657","81.7131","79.4302","81.1026","79.5411","83.8495","84.915","84.0375","85.8149","88.5061","91.1652","90.8926","94.2168","97.0569","99.0536","98.8024","96.6881","98.2464","99.2216","102.3858","104.9802","104.5784","112.0331","104.9713","105.1723","111.7648","115.3352","116.931","118.0581","118.3864","121.608","121.169","123.0988","125.1491","125.7952","118.7469","125.3716","125.8966","127.1386","124.6266"
858,"URY","Uruguay","20.5575","21.4706","21.7137","23.5711","22.4133","21.1913","20.9338","24.844","25.7822","28.4951","30.0638","29.7436","30.1742","29.2708","30.4676","34.7538","35.5772","35.0164","42.227","44.6676","45.571","46.4024","40.844","41.7028","40.9629","40.3337","45.2476","56.4436","51.8135","53.0051","52.4962","55.6828","58.3421","52.2005","50.2288","68.3175","69.0394","74.8765","68.2953","59.0793","66.6295","59.7451","84.6131","103.6786","108.1966","122.7515","123.4014","102.7104","97.6245","140.9714","118.5334","173.6565","176.9707","168.5912","160.7871","159.8901","175.3533","144.5181","185.8129","183.0552","204.7945","212.1531","167.1242"
860,"UZB","Uzbekistan",NA,NA,NA,NA,NA,NA,NA,NA,NA,NA,NA,NA,NA,NA,NA,NA,NA,NA,NA,NA,NA,NA,NA,NA,NA,NA,NA,NA,NA,NA,NA,"180.726","161.7551","134.4222","144.665","140.141","170.9701","164.1646","159.8166","156.2629","146.9212","147.7154","149.5007","134.7689","147.8376","155.6725","159.6912","172.7508","178.7187","178.3463","185.8017","191.553","208.9517","224.3039","226.6592","237.5437","222.2955","232.3623","250.5376","254.5757","273.4825","256.3561","275.1322"
548,"VUT","Vanuatu","7.1311","7.3388","8.2853","8.0438","7.5746","7.9414","8.4081","8.8114","9.2478","8.8767","9.4391","9.5924","10.1942","10.5991","10.3388","10.6762","10.5577","10.5687","10.5251","10.6435","10.8372","11.0064","11.1513","11.2911","11.2757","11.2888","11.1718","10.0687","9.9654","10.3362","10.2773","10.3715","10.5247","10.591","10.4383","10.3422","10.2833","10.2535","10.1429","10.0966","9.9789","9.8691","10.1429","10.5227","10.3901","10.5758","11.9909","12.4225","12.2572","11.8794","12.3983","12.3807","12.5706","12.6142","11.8201","10.4745","9.9744","9.6781","9.4451","9.1107","8.8688","9.61","9.7958"
862,"VEN","Venezuela","20.5457","21.0679","23.924","25.312","26.2","26.0952","27.2444","30.4737","29.7852","32.0811","34.8632","36.6576","37.2656","45.2288","47.198","48.748","52.2084","57.9183","57.8135","62.7057","52.9197","54.1757","57.692","72.8475","86.6415","94.8082","108.9872","116.7292","105.3538","93.0756","93.4639","92.4615","86.156","84.1891","92.6323","93.7969","92.8511","83.09","74.8991","91.2871","94.5018","101.2881","102.7169","105.2939","112.3344","101.7217","114.8543","130.2402","130.3803","132.9449","137.832","137.5524","137.7175","140.1955","136.0716","122.2132","123.7159","91.469","91.8343","101.5452","93.7317","91.214","91.0472"
704,"VNM","Viet Nam","45.8002","48.4918","51.7768","50.7847","50.5317","51.2635","57.7187","59.4749","74.4037","72.6846","62.8515","67.8676","69.0188","67.5982","75.0733","78.4181","88.6624","75.6975","62.4656","64.5213","75.4408","84.5046","101.1402","100.3258","111.3216","119.2059","108.4682","128.1286","128.813","129.4442","160.7561","145.2153","150.0519","196.9893","191.7396","213.7312","199.6427","233.7901","228.589","233.3909","189.3561","205.7292","215.7728","219.3429","189.2906","180.7754","190.6307","157.5999","211.4702","188.692","181.1503","194.5739","224.2172","201.5458","212.5514","197.7964","201.1183","202.6324","191.4403","177.7677","195.5471","196.9858","210.0042"
876,"WLF","Wallis and Futuna Islands",NA,NA,NA,NA,NA,NA,NA,NA,NA,NA,NA,NA,NA,NA,NA,NA,NA,NA,NA,NA,NA,NA,NA,NA,NA,NA,NA,NA,NA,NA,NA,NA,NA,NA,NA,NA,NA,NA,NA,NA,NA,NA,NA,NA,NA,NA,NA,NA,NA,NA,NA,NA,NA,NA,NA,NA,NA,NA,NA,NA,NA,NA,NA
732,"ESH","Western Sahara",NA,NA,NA,NA,NA,NA,NA,NA,NA,NA,NA,NA,NA,NA,NA,NA,NA,NA,NA,NA,NA,NA,NA,NA,NA,NA,NA,NA,NA,NA,NA,NA,NA,NA,NA,NA,NA,NA,NA,NA,NA,NA,NA,NA,NA,NA,NA,NA,NA,NA,NA,NA,NA,NA,NA,NA,NA,NA,NA,NA,NA,NA,NA
887,"YEM","Yemen","5.9569","5.9322","6.1724","6.2215","6.1678","6.3129","6.2819","5.9323","6.3694","6.512","7.0728","7.2615","7.3199","7.8893","10.4619","9.5111","9.1322","14.5762","16.6333","15.4773","16.3319","16.2501","17.252","17.7575","18.9272","17.6541","12.9892","19.6867","20.2923","20.3055","17.4112","18.174","13.7037","14.1751","14.6067","13.4811","20.8007","19.573","18.2843","18.5511","20.4501","16.6882","15.2527","22.3378","14.5843","18.09","29.4875","25.7778","24.3318","30.1378","25.1645","24.9403","28.519","34.4154","23.2196","31.3642","24.311","15.97","21.1708","20.5526","17.6401","18.9911","19.7115"
894,"ZMB","Zambia","9.217","9.1962","9.0999","9.2599","9.29","10.5478","10.913","13.0989","12.1713","16.0177","20.1301","18.1335","17.5452","21.0971","21.3055","25.9636","25.6818","21.8743","26.1069","32.1399","33.853","31.7007","26.4688","23.7008","29.9537","30.316","35.2874","31.7874","29.5441","24.8327","27.7198","33.0832","34.049","26.7276","25.1818","23.2921","26.1147","19.8228","18.6435","17.5613","19.1615","26.1477","24.8893","27.4884","29.5043","27.8472","29.2677","30.7493","33.4343","47.5458","54.8972","48.5739","62.0749","60.3972","61.4971","67.4168","72.3236","62.693","70.3287","73.434","77.9685","75.213","98.9986"
716,"ZWE","Zimbabwe","40.6439","41.0967","45.3022","55.0493","53.6378","54.7423","56.6267","53.5012","54.9267","58.3524","71.2266","66.5585","64.0844","67.9186","64.0433","56.1474","45.1696","48.3662","49.2386","62.0017","65.0611","59.0983","48.5499","43.1144","51.4753","46.0946","45.6545","50.6008","45.8615","47.4641","45.3239","34.5198","43.9229","42.9128","38.1892","40.9693","43.3968","44.3901","42.3819","37.6558","39.9357","30.9753","24.2478","21.6994","20.9648","21.7117","26.6292","20.9159","24.3828","29.4216","27.1109","24.171","25.3053","23.7472","22.8836","26.2765","33.2562","34.8825","35.979","32.5341","49.4289","36.5871","40.5583"
