"code","iso","country","NUE.raw.1961","NUE.raw.1962","NUE.raw.1963","NUE.raw.1964","NUE.raw.1965","NUE.raw.1966","NUE.raw.1967","NUE.raw.1968","NUE.raw.1969","NUE.raw.1970","NUE.raw.1971","NUE.raw.1972","NUE.raw.1973","NUE.raw.1974","NUE.raw.1975","NUE.raw.1976","NUE.raw.1977","NUE.raw.1978","NUE.raw.1979","NUE.raw.1980","NUE.raw.1981","NUE.raw.1982","NUE.raw.1983","NUE.raw.1984","NUE.raw.1985","NUE.raw.1986","NUE.raw.1987","NUE.raw.1988","NUE.raw.1989","NUE.raw.1990","NUE.raw.1991","NUE.raw.1992","NUE.raw.1993","NUE.raw.1994","NUE.raw.1995","NUE.raw.1996","NUE.raw.1997","NUE.raw.1998","NUE.raw.1999","NUE.raw.2000","NUE.raw.2001","NUE.raw.2002","NUE.raw.2003","NUE.raw.2004","NUE.raw.2005","NUE.raw.2006","NUE.raw.2007","NUE.raw.2008","NUE.raw.2009","NUE.raw.2010","NUE.raw.2011","NUE.raw.2012","NUE.raw.2013","NUE.raw.2014","NUE.raw.2015","NUE.raw.2016","NUE.raw.2017","NUE.raw.2018","NUE.raw.2019","NUE.raw.2020","NUE.raw.2021","NUE.raw.2022","NUE.raw.2023"
4,"AFG","Afghanistan",0.78083223196764,0.785484637313906,0.720248412445495,0.757128372150187,0.75086564837438,0.670025556772545,0.678346232950855,0.649633564600387,0.666720579270189,0.573364189238698,0.518339207100732,0.685549796965163,0.744799963588367,0.70233293745517,0.671786974933443,0.669477260765114,0.575042779911866,0.623000457038391,0.612806599588064,0.538245975093785,0.570801849616684,0.507090740931045,0.519142734862152,0.475194676627578,0.465146772692666,0.491476374031939,0.504989853036284,0.44510015195469,0.423774701350899,0.364685196660772,0.460815780088979,0.454875709965332,0.521393665158371,0.705530308865439,0.752827914328365,0.735140282984642,0.868931218464064,0.867353218406026,0.741431417761759,0.550232283132021,0.540557988317557,0.787007531865585,0.908197224924479,0.698766757547077,0.98024282187426,0.853806666666667,0.916030066170107,0.700159560043138,0.916124201398534,0.925467169794293,0.686306251379676,0.98891868033052,0.974243699926395,0.838605102897942,0.657760922564916,0.596511681310257,0.423206250941535,0.470614322903521,0.611446788803085,0.706572495459046,0.781328272857587,0.848332104628503,0.770800440170327
8,"ALB","Albania",0.266855586512241,0.315593470335637,0.301600713514528,0.355553207972392,0.316342308257103,0.361067677351372,0.335485137485676,0.260625731859805,0.29492487765036,0.254264547271689,0.234713270533796,0.244241534888476,0.248845246939501,0.250956256059226,0.250645905682491,0.268475652025485,0.261240089700783,0.207912805996154,0.216668693218098,0.205984765556979,0.204727432063996,0.218873599261227,0.234724387965586,0.226018832040596,0.222903896868917,0.225622696779869,0.233184076804087,0.208823591202484,0.205368271221388,0.183063795185737,0.172405430828707,0.202108505716062,0.279282634593968,0.231687393689034,0.238752017812413,0.217691118335006,0.276473647688332,0.23178784200936,0.235913396517302,0.242174333705955,0.219640183559943,0.167183743467194,0.166243922754998,0.16088481855306,0.190959552033148,0.184730531930771,0.183900939585205,0.244268633765308,0.243913330756059,0.267080476266116,0.256045869461984,0.245161589528106,0.272584185714024,0.250094720951096,0.235439790779413,0.234443931584009,0.244158522736436,0.271525902823869,0.233372131384534,0.271898643745246,0.290975314978229,0.344408059307773,0.326377031632035
12,"DZA","Algeria",0.86489898989899,0.621619852026452,0.715415318557044,0.951953076251092,0.879682124339778,0.529902025978632,0.929214047586427,0.909333223417556,0.758936983571761,0.674120127011234,0.40024998347465,0.484605656752353,0.341886106386722,0.393255085314318,0.701274549098196,0.553158362989324,0.318400689760995,0.384247439832478,0.409935138401861,0.454568959573441,0.464296271272328,0.413861885546588,0.336972472838068,0.292853428852042,0.463177990853268,0.368700736249459,0.384771270896925,0.321957094160152,0.53175155511232,0.390751941361901,0.863192110869517,0.744193795372051,0.339199477546531,0.291470346150606,0.725662710000379,0.515056270911487,0.323551322689493,0.64563917968363,0.503513484900617,0.336308404455374,0.618224489795918,0.549502075893505,0.995414255365907,0.723720869959612,0.974860423804086,0.875563856324885,0.831647272904742,0.617314564947852,0.813843678833337,0.87783530069474,0.946599052448635,0.956891435534104,0.986461045676073,0.674272439769739,0.702496940344337,0.717071094861787,0.727716412893839,0.899186152909735,0.899163795311635,0.863527659958487,0.748146430713555,0.862290435268968,0.789263195820573
20,"AND","Andorra",NA,NA,NA,NA,NA,NA,NA,NA,NA,NA,NA,NA,NA,NA,NA,NA,NA,NA,NA,NA,NA,NA,NA,NA,NA,NA,NA,NA,NA,NA,NA,NA,NA,NA,NA,NA,NA,NA,NA,NA,NA,NA,NA,NA,NA,NA,NA,NA,NA,NA,NA,NA,NA,NA,NA,NA,NA,NA,NA,NA,NA,NA,NA
24,"AGO","Angola",0.954336376648462,0.950226363444936,0.985396087546,0.978959293297014,0.959437406811698,0.934388551113527,0.913402814301201,0.912165556755139,0.973266425383573,0.994527295115611,0.840415180019462,0.751647358685182,0.844475013888521,0.8879215715962,0.8506872406639,0.815262727898177,0.517944397641112,0.530712530712531,0.466439420928199,0.448820561157743,0.443208874458874,0.461047421752702,0.440928307204509,0.435972228286974,0.344328958976621,0.433298713749301,0.457659576224319,0.434786132226851,0.374844606946984,0.444124593378192,0.485705363958088,0.491125709267765,0.468374329572776,0.535833212682786,0.541519295143056,0.597444063098145,0.521350358049483,0.589371353618713,0.592556317335945,0.686730813940408,0.72026248314874,0.781733914590975,0.742739068339968,0.692014381780315,0.786728331511897,0.725572400911578,0.735631859870696,0.688844881707291,0.764324566907539,0.706505982142519,0.732255814044127,0.501575822621998,0.727175754081228,0.574563548738416,0.589462140276323,0.653051919137946,0.631454041301658,0.689301103862978,0.72380692297045,0.716813289428417,0.732986988840938,0.684005682183398,0.747717897760484
660,"AIA","Anguilla",NA,NA,NA,NA,NA,NA,NA,NA,NA,NA,NA,NA,NA,NA,NA,NA,NA,NA,NA,NA,NA,NA,NA,NA,NA,NA,NA,NA,NA,NA,NA,NA,NA,NA,NA,NA,NA,NA,NA,NA,NA,NA,NA,NA,NA,NA,NA,NA,NA,NA,NA,NA,NA,NA,NA,NA,NA,NA,NA,NA,NA,NA,NA
28,"ATG","Antigua and Barbuda",0,0,0,0,0.110624275075609,0.523970613544445,0.946752396820058,0.33768728811469,0.736934585942937,0.750454001428429,0.445842131641867,0.17771873756626,0.185219841158548,0.166187462353531,0.204881656804734,0.191560640079832,0.174579185113603,0.157003072650527,0.127359491200459,0.132622829849957,0.144798736216519,0.163813437388929,0.0996991285816572,0.0998268242597447,0.137005937146753,0.127068721625205,0.132172932898048,0.134732236657988,0.118608677699523,0.125988688012594,0.110872954278872,0.111599465709125,0.11015241163282,0.109499260948917,0.103317462527013,0.121833083213188,0.123354920058038,0.120081905717486,0.108342338650823,0.118331898545887,0.115532486956125,0.11979829691158,0.113068616969833,0.125453159672516,0.0969953603554973,0.104099298440844,0.127426805126246,0.125083825786387,0.123090239072561,0.162271963377261,0.156837934863267,0.141185527847455,0.145859026657812,0.150053693001143,0.161532271164794,0.12955407552864,0.139333119381511,0.145510720154284,0.136458665198761,0.142013243482701,0.143617507170827,0.138146122877107,0.155282361310178
32,"ARG","Argentina",0.690746864421704,0.714852698311225,0.512253301700788,0.419541348332946,0.818341988701818,0.768211631774665,0.716200126662444,0.867692980478172,0.786943988469392,0.729557044094033,0.803267643591039,0.885500065043343,0.773271955534213,0.772767879163218,0.760842653925508,0.684803234696463,0.852852725854502,0.716127142229383,0.900317175805017,0.948059277725841,0.859732128312097,0.678424707023858,0.774575501741357,0.859851330828871,0.965621589311017,0.977088836005126,0.925759539236861,0.957304901194597,0.900031895019821,0.954048996809258,0.97281890919639,0.981099763228714,0.910869799164658,0.826355635452185,0.87551932391626,0.762319173398191,0.84944633763626,0.946824793112645,0.858228583455078,0.867313305092488,0.837564159870973,0.834502683416324,0.79790007038315,0.719226872418362,0.841734206308404,0.764617000814863,0.797100489927043,0.857187270607539,0.687646838485995,0.803056459251328,0.812492295287881,0.779295171952845,0.792103541291142,0.81197149697262,0.904199205872441,0.83911059423365,0.897778289492621,0.776617089920392,0.884183404067794,0.824931412330995,0.79159685979402,0.817222077932163,0.677673628148619
51,"ARM","Armenia",NA,NA,NA,NA,NA,NA,NA,NA,NA,NA,NA,NA,NA,NA,NA,NA,NA,NA,NA,NA,NA,NA,NA,NA,NA,NA,NA,NA,NA,NA,NA,0.317867523010784,0.35335024087456,0.451712821791718,0.455678560378087,0.490194574808544,0.396857634410756,0.454276805658972,0.506764113452012,0.400837723919916,0.611668199224797,0.501060788949591,0.520838678557867,0.474957959540117,0.506543986148383,0.222065637155351,0.417375110746655,0.479819262248368,0.354096692647157,0.350820377959292,0.404251963403317,0.334985858646967,0.353956863678488,0.412507525957559,0.373217024890636,0.193918127785875,0.183800022350237,0.304192524737772,0.227112637599148,0.259111726292996,0.248814313842993,0.318861556467304,0.363551343389092
533,"ABW","Aruba",NA,NA,NA,NA,NA,NA,NA,NA,NA,NA,NA,NA,NA,NA,NA,NA,NA,NA,NA,NA,NA,NA,NA,NA,NA,NA,NA,NA,NA,NA,NA,NA,NA,NA,NA,NA,NA,NA,NA,NA,NA,NA,NA,NA,NA,NA,NA,NA,NA,NA,NA,NA,NA,NA,NA,NA,NA,NA,NA,NA,NA,NA,NA
36,"AUS","Australia",0.576087539079946,0.376794108710029,0.523654930887002,0.321243866312505,0.74469675966765,0.151273711370532,0.97816227232931,0.363524651580998,0.664578802377845,0.780201409332499,0.686729488658659,0.885296976645647,0.777260530686997,0.834244676108641,0.71417385691314,0.859300851828927,0.926384905166989,0.44309827155906,0.662274811561589,0.967552890876477,0.62172935149319,0.911773773636613,0.512076803805567,0.739630328178046,0.828064882271242,0.901125848854295,0.912254540129756,0.969240067606598,0.944220247954625,0.949639430385135,0.910702586128451,0.805991736384935,0.84159875334302,0.908208461560586,0.602669841709848,0.753049595684646,0.910956635696404,0.754176801242994,0.762983184763376,0.88891542125205,0.782817352363363,0.893815863696428,0.537601923261997,0.877957140801397,0.84570907067891,0.991257833136238,0.552129707112971,0.700995315513916,0.852101288651885,0.772463485648826,0.841462703570644,0.942755214919613,0.758696170081062,0.727222550228183,0.715676867322744,0.624045244978633,0.816761484521648,0.688539295707265,0.593579999530358,0.438189094992007,0.664279312210616,0.825095168934976,0.803349149044576
40,"AUT","Austria",0.345458640580829,0.320999791381831,0.324710631066181,0.335986747626495,0.253137238018701,0.328615131586647,0.333097162213694,0.324889550568396,0.325790150437528,0.294380731263258,0.302244939669754,0.292793371856099,0.323778406071564,0.346894956365019,0.329501725211675,0.343115479678347,0.331148614247501,0.339287500874706,0.286957873724827,0.346487221828084,0.317800928065562,0.378252143095739,0.361031063270755,0.372491921554729,0.370541046226251,0.371532881428665,0.384717105355317,0.406454945977418,0.417870296424361,0.421141498514614,0.422059412192523,0.403020959691315,0.404571170478908,0.430345680220015,0.427585903750681,0.39744449671276,0.445308660883716,0.444315766188323,0.466193324965874,0.42186998085799,0.465273122167401,0.46026211067533,0.452152194240315,0.558528237971663,0.511487579540142,0.478377341974718,0.496546168300294,0.568580126273316,0.580308818204453,0.52021921111739,0.577020922156951,0.508120557136768,0.48957584565989,0.575849463700356,0.473945488373345,0.558551526276836,0.500774307685289,0.516318278759663,0.581942776753503,0.562369962816677,0.595690776884807,0.612924103395685,0.599899949697701
31,"AZE","Azerbaijan",NA,NA,NA,NA,NA,NA,NA,NA,NA,NA,NA,NA,NA,NA,NA,NA,NA,NA,NA,NA,NA,NA,NA,NA,NA,NA,NA,NA,NA,NA,NA,0.691089305910443,0.770367837057303,0.721282979751147,0.663946778271365,0.974781905965727,0.745634569297591,0.791491685552795,0.805477616315591,0.532019199812685,0.619882844438471,0.743437171858593,0.964903783165726,0.797839592544915,0.657755918327306,0.836655809265168,0.840082093290248,0.986909770920991,0.657270138622586,0.915811369296877,0.9052729924346,0.815435280641466,0.777209045526697,0.807086323635223,0.717186104559298,0.790443728939023,0.842591317713796,0.720363151751048,0.816420379553558,0.717312548429737,0.815070196939729,0.977157018491453,0.884972904552826
44,"BHS","Bahamas",0.184909546139575,0.186549375377029,0.190229488452102,0.191398098280438,0.186214336098395,0.227891824962412,0.242345631396252,0.206950894511508,0.193183715059627,0.248338346109327,0.156583149823281,0.261844758272004,0.209835276246279,0.274015195693145,0.327350625816703,0.325109952979458,0.267737018428897,0.308249073322659,0.339782945614849,0.287911866312687,0.322714054725299,0.364951156446197,0.325627380041924,0.385809406593745,0.368378926938315,0.339735158660106,0.339175220440541,0.382408069853941,0.418699516519501,0.429521771903841,0.408855629697892,0.342586253776273,0.47177943576474,0.565433446536573,0.319240456932028,0.26546000537745,0.299927650084684,0.246867121960839,0.413397105419768,0.458251025437658,0.371405916913638,0.308844840584901,0.275380992549812,0.277482774655278,0.27133418279089,0.288798651557376,0.292585432287186,0.289193287053332,0.277878192439908,0.348723971443253,0.344527769330058,0.338682058775013,0.390548829618081,0.389100414886361,0.363785719701159,0.262561329738703,0.225881546474201,0.197584865878294,0.36716095192539,0.417148081438735,0.419835085539633,0.419621144447706,0.419861012973009
48,"BHR","Bahrain",0.936855369004306,0.9477733294812,0.948466748919411,0.938558688217078,0.930948213158126,0.81205529188237,0.813653178749857,0.811574350863119,0.806485332218348,0.797018373778067,0.79636070186464,0.765934437309902,0.66572093187185,0.707227657594261,0.79690537107521,0.985549658438601,0.842076845856347,0.842986507472319,0.876292992642949,0.573215865541527,0.181738891311654,0.321340915349952,0.194059255617571,0.151236612297672,0.213856981492745,0.0712346452507072,0.267200747958239,0.239061432372054,0.210902750239434,0.121063890065733,0.122431742078218,0.134249593303681,0.177694594459225,0.207227930873424,0.235020379067909,0.238692570783823,0.228683939875593,0.158110152207514,0.367767212805152,0.320897480223849,0.315973918360996,0.0476733563731822,0.0465344129487062,0.0470608114492066,0.0410999581540574,0.0701216095414532,0.0888525549221121,0.0429405637192933,0.0761785068495927,0.0391146654049747,0.051734588302512,0.031680271075348,0.0296294654569028,0.0272627211360714,0.0451879804483108,0.282381972787334,0.260379650357047,0.249802868129181,0.234939808862466,0.246244075629701,0.220981371766061,0.272538366323077,0.277688870570784
50,"BGD","Bangladesh",0.482134168706444,0.442739980380531,0.487469975289015,0.473868535845506,0.471154647075483,0.440131182868984,0.470475678074551,0.469508468788008,0.459976650718772,0.437999204376494,0.431699843384706,0.382932033433264,0.429360527173241,0.445812726919571,0.4339155569185,0.398693265986013,0.396376526554874,0.388248847926267,0.36768067374035,0.418068477794447,0.422316229599369,0.404696741381581,0.405840383931387,0.386214436766617,0.403387212785481,0.372380045504946,0.354063140631406,0.33651600264548,0.334729853566906,0.34399322695665,0.322165165005363,0.325199872185086,0.320477820429318,0.284928531699436,0.267448418753585,0.273457286032047,0.288074248574388,0.30080481764065,0.315625932199042,0.339750214179301,0.318063233361821,0.320420549344491,0.335826003442929,0.312515896520656,0.341225475456226,0.331097287441484,0.341797014467482,0.35476869142876,0.369727799941846,0.374512545066588,0.384880253558635,0.401384429829866,0.412989038782205,0.388201811961086,0.388176240280578,0.400261949973079,0.413357371430155,0.396203261444224,0.39731464817087,0.395359607579739,0.37944141638956,0.404674371975305,0.402689248125004
52,"BRB","Barbados",0.573626277687538,0.95273346743614,0.700131518846327,0.966367307595187,0.611483167499926,0.672945171649197,0.525092477887606,0.594290519043723,0.482665584831079,0.551130371258566,0.403158128931408,0.840117397368261,0.909507540414705,0.788572363908638,0.777818906058879,0.979770273774903,0.683385127280511,0.947379975929885,0.830444083050509,0.723118733786472,0.967851174579376,0.808794027588863,0.815508372927501,0.939385007143939,0.965572632163689,0.914878100379418,0.796225745085606,0.79238277726218,0.620671826150538,0.706727426888739,0.688173638676116,0.665309443135307,0.573428524398988,0.576987050849209,0.399107398918516,0.55974537577251,0.59101511972564,0.502523960091715,0.582882575676524,0.614431304283754,0.502933184223987,0.815266679151853,0.691998707234868,0.33375163664659,0.617306740966362,0.503425803383409,0.513403559898805,0.396052276423904,0.682584306956984,0.515676703503753,0.482160080447155,0.382150315815844,0.269457839766007,0.313348291319415,0.269942508123758,0.215483614345323,0.25963257705286,0.325062778178756,0.221155094890265,0.239190362248761,0.247178032345836,0.245076050852322,0.209148038395398
112,"BLR","Belarus",NA,NA,NA,NA,NA,NA,NA,NA,NA,NA,NA,NA,NA,NA,NA,NA,NA,NA,NA,NA,NA,NA,NA,NA,NA,NA,NA,NA,NA,NA,NA,0.290233866213477,0.334296373113959,0.286573403516209,0.27304983379495,0.282528758146658,0.283369198916205,0.233956658720366,0.188716367755869,0.250380289377847,0.25659608186476,0.310770227666388,0.276108587340323,0.312477156098773,0.263345824850033,0.224579547836824,0.272277303288823,0.298533373789398,0.281517729071435,0.236210601719198,0.237733952728889,0.285049792193193,0.246971673273904,0.33282232456093,0.293710003387902,0.294848750169338,0.303563040942673,0.239646388365276,0.278242642715214,0.297966415000695,0.271745455804007,0.288283337511541,0.264543406789669
56,"BEL","Belgium",NA,NA,NA,NA,NA,NA,NA,NA,NA,NA,NA,NA,NA,NA,NA,NA,NA,NA,NA,NA,NA,NA,NA,NA,NA,NA,NA,NA,NA,NA,NA,NA,NA,NA,NA,NA,NA,NA,NA,0.237624087754622,0.219638926396061,0.249775518926272,0.248458797028315,0.281008757821602,0.267811459303805,0.263520434614794,0.261791997913708,0.286999932820048,0.287832738540889,0.25772762183088,0.261942647449497,0.257705609542585,0.266167028104669,0.279158069183061,0.262744912387798,0.213364947149802,0.268890998804145,0.231160705328713,0.262300736504339,0.244488007111076,0.243720515535052,0.288215944213291,0.297263594084728
84,"BLZ","Belize",0.667852353187173,0.898653063563936,0.948322653751699,0.58343724393459,0.654901687243755,0.39364241159447,0.415190982802551,0.550721559519714,0.948168837381961,0.867132276704751,0.204097629383446,0.498856314915358,0.321986514573433,0.179089348832904,0.539922106247079,0.461039012040559,0,0,0.185030385283668,0.199737810825267,0.00562166191136493,0,0.0512690300715477,0.309437425259726,0.554856522953788,0.827558519754833,0.905755579481377,0.973447022205948,0.869867158671587,0.610388501251163,0.600873890744352,0.595329212049848,0.629818461992115,0.382839859917224,0.557368559331454,0.35701718405941,0.361976185744151,0.628192611582287,0.71908850472604,0.794414567241753,0.653397834695897,0.465778290043509,0.303013923544725,0.421698679586553,0.831736891061629,0.360418731626154,0.256681789355578,0.18715318410026,0.899528890756262,0.34961477882803,0.866637274886623,0.868491294325429,0.648189514973742,0.591402041987178,0.490538816470312,0.521667624299498,0.609560854351051,0.572723988898619,0.47994707396888,0.501305507874405,0.605586659947419,0.855257270693512,0.535061318325876
204,"BEN","Benin",0.680465782913485,0.645243581764868,0.606226680395478,0.648578423724542,0.620347450003073,0.60517178684121,0.60494351746295,0.620463489287276,0.583197468625979,0.591553844631164,0.58993508907988,0.613168450679255,0.682548226854913,0.625191488306034,0.577426506024096,0.566329740869234,0.569620397961576,0.602632197665968,0.609885421418413,0.550408368762587,0.538340871357417,0.562912499852415,0.531135670524536,0.686690953427432,0.651716141872735,0.724602145688894,0.579827602133339,0.812655611406022,0.847138380162446,0.766529297437374,0.848265979299116,0.795603244090533,0.930983490496877,0.899267020043068,0.869405179844405,0.967894296067855,0.924975742596001,0.990389300613952,0.788998120061628,0.978836449846087,0.994979970126483,0.927705324208698,0.721973172696389,0.627914453853883,0.90856084354517,0.801033463344347,0.875238018178385,0.810477561849475,0.962463917216856,0.876822750478622,0.811036781173636,0.912653594290339,0.794905372420069,0.887405776937932,0.859017174436054,0.884820958349986,0.583112392192053,0.8879850170521,0.782043151851003,0.852725385452796,0.879205234682369,0.770885566991828,0.773093813763176
60,"BMU","Bermuda",NA,NA,NA,NA,NA,NA,NA,NA,NA,NA,NA,NA,NA,NA,NA,NA,NA,NA,NA,NA,NA,NA,NA,NA,NA,NA,NA,NA,NA,NA,NA,NA,NA,NA,NA,NA,NA,NA,NA,NA,NA,NA,NA,NA,NA,NA,NA,NA,NA,NA,NA,NA,NA,NA,NA,NA,NA,NA,NA,NA,NA,NA,NA
64,"BTN","Bhutan",0.716475000249349,0.721575082299316,0.726579276915678,0.728658011879788,0.730478242927232,0.734873853262555,0.739347125142412,0.746477772519462,0.748883999812759,0.73751579434429,0.736538269698691,0.738848320020558,0.742875304141374,0.740681320084261,0.733037436328569,0.721351813840395,0.720117670927166,0.722923667309566,0.723869999839546,0.714795427337386,0.71733177208257,0.699212963133149,0.678685694888813,0.712135006261271,0.636954047131842,0.602698090207233,0.551348423785781,0.444176745365626,0.448835510301696,0.529499531076818,0.541259350440299,0.579749171362609,0.628983058242992,0.667419193870324,0.673422251896248,0.696677287925161,0.709171164270796,0.69765566636231,0.623023180037434,0.428931301908586,0.451106055992405,0.412305134067761,0.436397227978443,0.552237570489937,0.741188009562925,0.749408502302389,0.728120582503157,0.646860130282865,0.515388224788591,0.611251554031445,0.70864164674264,0.660644736262181,0.672805774333735,0.668789971978886,0.660711589063036,0.688180427421781,0.725786071531595,0.455579730993311,0.483764628655241,0.488755002078257,0.444353877829791,0.408373583935497,0.427072043471199
68,"BOL","Bolivia",0.633146161817011,0.62359339962786,0.687318324682909,0.690438665615971,0.683230697578141,0.663324192429805,0.636302404747602,0.698486284199542,0.675770376171069,0.680112263463293,0.620632489697965,0.663148175874632,0.828740513191182,0.741195791010279,0.75991616428469,0.761808351959436,0.706580010600308,0.70540905271556,0.665495104987309,0.619330665411174,0.636436162206099,0.641969039543741,0.46374308996512,0.621639331914813,0.668235167631301,0.651048508402361,0.588508216731467,0.571759051298176,0.554059610018693,0.736061666913203,0.726982074414603,0.650327181746252,0.732311470014936,0.693045005942231,0.707040610904715,0.681253696037847,0.644434205640544,0.654872706851367,0.596784421486511,0.646688012807685,0.652093407979784,0.661370243869627,0.691174259778936,0.626076545529111,0.599977586508972,0.620536209267573,0.591354699747624,0.606601853527724,0.691934369802064,0.550949606301608,0.553958934134853,0.637581491712707,0.661344471611351,0.639929394380437,0.667819977287971,0.6796997107389,0.632293611450889,0.688257178543519,0.671793689526013,0.651448526322772,0.702915063195999,0.670825156966131,0.668612798340365
70,"BIH","Bosnia and Herzegovina",NA,NA,NA,NA,NA,NA,NA,NA,NA,NA,NA,NA,NA,NA,NA,NA,NA,NA,NA,NA,NA,NA,NA,NA,NA,NA,NA,NA,NA,NA,NA,0.483874141440228,0.470421871317464,0.451825170640443,0.442831872118997,0.552401855329097,0.653367986497944,0.446057857109367,0.396887105249697,0.30365118877786,0.390192589899095,0.443211236523129,0.329209878535975,0.420849711001546,0.359346934438109,0.400940969390372,0.339567992804355,0.383875571302909,0.330788827293445,0.269249405542287,0.248629015110625,0.194243036758974,0.25420362346556,0.196199546125717,0.209195452174162,0.312982446936984,0.235352979271039,0.358802673988301,0.410172617364605,0.413919806727557,0.431801069780736,0.453433208163606,0.462511373976342
72,"BWA","Botswana",0.303202297418114,0.167713763757073,0.176426469739803,0.184240545976064,0.169625686157138,0.206233030338803,0.246544521264267,0.211221635063724,0.262384080370943,0.14711955464342,0.347975299707005,0.278518271047417,0.189595112942179,0.331015509921151,0.235990868121442,0.338378416697893,0.25561088750938,0.199683409130883,0.164973291787225,0.226017480830071,0.237135390544571,0.170227294898059,0.164074333642303,0.150485351579663,0.186872388770798,0.186143367239776,0.182405666512942,0.339033298013842,0.27010271909765,0.21130108008561,0.304850921140353,0.239540821080487,0.312457968367305,0.309311019236006,0.226972631241997,0.267684965078372,0.173173676041659,0.128646968441355,0.13930438776758,0.140266260622647,0.153565594691169,0.154292833844302,0.147101443392703,0.113973402317576,0.113267432448723,0.106934612755006,0.0878701965683426,0.0920504287595595,0.0878229637353725,0.0707655700612923,0.170145641662342,0.0776917928238913,0.0451693440128136,0.0642537552690638,0.0992269935963411,0.11801629247556,0.153112948004472,0.142051920255292,0.131479367757624,0.203428364800109,0.16457997898807,0.154321707545222,0.112423637989358
76,"BRA","Brazil",0.689124088224827,0.716815318921044,0.688246995441359,0.683154293077974,0.734013493245646,0.689515748683892,0.701464422434223,0.681360498801874,0.66556838414802,0.628692939007939,0.632698017431281,0.583779991175343,0.59212836213923,0.582378201601565,0.551190960593446,0.541639008662766,0.54016487048287,0.494777376157324,0.498155192506432,0.526063432734168,0.566643342106881,0.59105591283232,0.625538676322466,0.603380947340415,0.651695577648269,0.606273718366156,0.656875268306195,0.665913910106705,0.656587071338243,0.627659323469525,0.635113712163495,0.67563242444759,0.622360094405403,0.645896774843505,0.667714543359551,0.678149976643613,0.668829891122156,0.653242159069752,0.655128618421608,0.641895383343422,0.701184762374226,0.66675990237848,0.685766523690443,0.651824360173133,0.648514896343713,0.679536107642951,0.693242256783805,0.762455328478061,0.767522512325184,0.755072413344168,0.739190690506376,0.731736904925237,0.736363166130638,0.711166145802622,0.759358708170114,0.712344898961096,0.746330059350385,0.736712836580535,0.739485073331615,0.716142638606288,0.677364991271242,0.671564721734845,0.730879956414797
92,"VGB","British Virgin Islands",NA,NA,NA,NA,NA,NA,NA,NA,NA,NA,NA,NA,NA,NA,NA,NA,NA,NA,NA,NA,NA,NA,NA,NA,NA,NA,NA,NA,NA,NA,NA,NA,NA,NA,NA,NA,NA,NA,NA,NA,NA,NA,NA,NA,NA,NA,NA,NA,NA,NA,NA,NA,NA,NA,NA,NA,NA,NA,NA,NA,NA,NA,NA
96,"BRN","Brunei Darussalam",0.219159204662733,0.234234399958304,0.215324644906563,0.21585431405188,0.204110228865016,0.194781072573551,0.233212704717982,0.217931705009788,0.238439599145925,0.221909895576703,0.186314047533485,0.209306798810322,0.276372097089925,0.34528251507911,0.316210028863517,0.253447886482907,0.19487127671835,0.197108197984295,0.200578093030037,0.146940821753144,0.11615264102828,0.103968108925011,0.123913679949519,0.110239540584648,0.0609517230524392,0.0616214705627506,0.0478915542295449,0.0641553001906473,0.0811662677950211,0.0689789395684352,0.0736881540847802,0.0634739419719435,0.06626546798865,0.0690925679528607,0.0731357678346049,0.0779749740328405,0.0606259908384077,0.0508706239797777,0.0423044269749141,0.04328566052459,0.0385792758743123,0.0438896006207727,0.0387373871771831,0.035141352662031,0.0346264604880342,0.0284538501099967,0.0250802145454109,0.0271054569212262,0.0273531257314385,0.0255138547452123,0.0311582060907854,0.0272373162751509,0.0263964432412505,0.0288018527775966,0.0302961261925584,0.0294726686064869,0.0302990101331021,0.027528685145861,0.028873078212193,0.028977301880992,0.0267528203159525,0.0258781554387929,0.0266140380298005
100,"BGR","Bulgaria",0.395506109311679,0.41422042299842,0.384374278781679,0.356662216018799,0.31128687550984,0.341748207589872,0.304691216640516,0.221957101429566,0.250878483032683,0.273390319162323,0.308158131440443,0.321836932099106,0.304486922942473,0.276110917942969,0.275835391333446,0.304249659606126,0.279583384296144,0.273777354861403,0.268849999815711,0.239891368197623,0.243076162736784,0.27884255818687,0.215336395876973,0.279915300285742,0.175745320057407,0.261154260003088,0.235549908065631,0.22424532671099,0.284434175219686,0.268976543371035,0.324928893399504,0.410761046302774,0.410972594668708,0.439328106477265,0.665018388659159,0.316381040955438,0.516520887462081,0.524601003634294,0.549183046824694,0.420642435943947,0.528884875510537,0.518032072089531,0.311191745931116,0.614047915389833,0.544439586687851,0.581453153805912,0.355812799245389,0.699937749356272,0.517836019946654,0.618247987026477,0.538961383961185,0.539633630752638,0.626604053483186,0.574460012583574,0.528573988135786,0.49374078846136,0.546637042133281,0.55748740621889,0.578586555971037,0.436829781626362,0.629373738812329,0.568283245580297,0.573848389416018
854,"BFA","Burkina Faso",0.611785558680239,0.733494960828708,0.802039681860942,0.821418874364842,0.746015275168036,0.758233975795607,0.758588126291783,0.817797300891409,0.811828853904172,0.796747264155024,0.652594728171334,0.696671856753601,0.607303297633387,0.749553275330654,0.882921403270722,0.736195667831717,0.75439144411097,0.800569905187165,0.857531250702158,0.823321411482284,0.854433069901808,0.80536834766442,0.755144829796611,0.74270824806963,0.902256099802698,0.970919630249987,0.843698092758609,0.946378673156661,0.907641012060955,0.712616238723109,0.940574908211695,0.943459125600087,0.902262151987295,0.808711208235584,0.765331637832466,0.865297151437338,0.715030747632136,0.929497733021029,0.843051568840938,0.723065667765005,0.925383301197009,0.981114507109678,0.868352226688167,0.771271632168307,0.933015106140075,0.98923630717109,0.710471479828167,0.992188211150005,0.790491249654239,0.860298167242909,0.769531182572972,0.869869563702393,0.905161923305091,0.952545820785385,0.848778805236682,0.759312637098069,0.772209525077477,0.825943464472712,0.982378608670257,0.890775629321551,0.826404583603113,0.889431944288703,0.817296206646513
108,"BDI","Burundi",0.994866500053072,0.979185604850796,0.9555241810762,0.97936641829514,0.957665464779657,0.94954910357775,0.943609638817551,0.933906602225789,0.916775265524207,0.911685424209035,0.911241900288571,0.861242795601629,0.890725983261205,0.847642439804994,0.87557012343957,0.867652860855014,0.878841217455079,0.923309853533943,0.902562583177098,0.870071963523832,0.928118219400224,0.885237029760605,0.862678828952374,0.918587690487362,0.905278920172941,0.916861097503259,0.926384591742649,0.924367711156803,0.90328675711547,0.951845237851997,0.970306341634486,0.936781522208011,0.930422086951148,0.924091501019681,0.924518909680711,0.923691615081598,0.918432689229065,0.86974157504018,0.869295968473399,0.914461535414944,0.958526938634415,0.900880039261091,0.994087224552096,0.878432792153051,0.924146349268757,0.977787110924448,0.962387225814421,0.990499099177426,0.94223844746246,0.961861783300632,0.874770972722594,0.752780384254488,0.886435237361959,0.73770540842374,0.804166364230239,0.746320132516849,0.668836163540619,0.661577508594678,0.723420366987392,0.758744067616649,0.732402196357883,0.780943083047509,0.701940291449071
132,"CPV","Cabo Verde",0.5786738335306,0.560228613540413,0.534224057536623,0.522120339548403,0.542622494699172,0.545687158708466,0.637543629238906,0.674377481053771,0.568298796791444,0.439185080072978,0.39360562293747,0.326879032790856,0.324241220915257,0.419137150400336,0.444826207097149,0.446617152141116,0.41340991810737,0.350755995828989,0.376019104782219,0.350690977759506,0.312683262295578,0.220841630160627,0.243677468150984,0.25209050488518,0.204625833936179,0.25999161146043,0.277303164911731,0.252837819865913,0.22491888367639,0.206957022955348,0.149504096700522,0.109840783227848,0.115681478241618,0.131042716009334,0.0865078988806094,0.167920721726663,0.112707727176188,0.0978611281811177,0.19653437310668,0.204426844823969,0.214144044278182,0.177619459511666,0.203510552006214,0.20362739655835,0.18602770004938,0.201666301320404,0.207368540142482,0.22190798286547,0.206861849483449,0.217240978729353,0.245473857963673,0.245497546614328,0.250509023920661,0.213876944029773,0.246889972522843,0.216994786864379,0.211010104753193,0.187814414994224,0.181105962493888,0.180409026313608,0.186942294431819,0.189670959630774,0.176800307291466
116,"KHM","Cambodia",0.386430386056536,0.330490495587237,0.408415749898137,0.42135592552014,0.381647540682199,0.370688457470789,0.369068128216839,0.418947812497004,0.35718194055724,0.460181361814791,0.396635503152827,0.344570988888242,0.273706859369493,0.233195162476192,0.30822250846648,0.34554642681202,0.33259084443295,0.31806010515883,0.23448816630807,0.363740851876606,0.319860119714478,0.346577998786567,0.377265899094501,0.306287210681447,0.334049624280928,0.353980680833293,0.316524753659933,0.349529179552941,0.350643590578115,0.333703124259233,0.327791145710466,0.290525728985503,0.286197581147916,0.295770911831198,0.368845123265508,0.373360904734271,0.328721887739322,0.350125849102378,0.402271069067277,0.409764200652716,0.412162623328758,0.382549268912905,0.455069985127155,0.404088959723061,0.51450029158195,0.552480005533955,0.567062922690699,0.627440644620196,0.645940594791553,0.656741344914641,0.666764585314526,0.671086047985369,0.710642410267713,0.650715287346882,0.64200108841208,0.778216844975097,0.675287219644656,0.678798284242657,0.656956619860314,0.616996081411247,0.638040440930793,0.709355461566753,0.651571656899307
120,"CMR","Cameroon",0.643992549988872,0.649134375733461,0.657038616738799,0.664499117572905,0.617445292219009,0.575790946427766,0.554385816084153,0.545389609358879,0.582591438827306,0.532169669941431,0.537186068093498,0.547365336649443,0.521715444239097,0.55709169251036,0.576334293176187,0.522248646929839,0.455315447837863,0.418158246427633,0.452014541958357,0.434991468846977,0.438922439176472,0.474102520477359,0.442684057868278,0.398516611914519,0.409719766382682,0.464408824543261,0.390193703943045,0.438593646108688,0.442606623065586,0.457665943401113,0.504069841772345,0.504655864337226,0.514939253395014,0.52068743482646,0.581160710741083,0.608858465435172,0.580363937138131,0.618980393866883,0.605852965198299,0.624690078821744,0.601364566070975,0.651133356944936,0.648355195586466,0.605485842321061,0.762896089133559,0.788609597793144,0.802386275614393,0.796669915101711,0.809193662369377,0.828681268324729,0.760397526105858,0.8794241444519,0.840815678326596,0.89612087524954,0.897413141373303,0.896108814451964,0.906825202499751,0.928622093968742,0.915291323039863,0.911040354353348,0.900916298391682,0.905026649985433,0.953927653349619
124,"CAN","Canada",0.781160534008378,0.753274379973282,0.641692442289013,0.909725377104444,0.858929233612362,0.751366400218624,0.905573882867058,0.854773771305936,0.81663966177094,0.929361620099168,0.8511373201125,0.940581161853435,0.873961341830068,0.729545121823696,0.860444350212226,0.946121904550182,0.837472052257897,0.804286270944278,0.690909321039025,0.687304054354101,0.794891189818875,0.797954751628776,0.652803977663123,0.584978694027186,0.676073065223403,0.85120837509745,0.755555443183916,0.568457946339095,0.693063044143804,0.82147758171235,0.761508291144851,0.68728777246905,0.702273099354279,0.674961862332123,0.648192349460719,0.677435601315738,0.632160904134896,0.66082531800461,0.690945076180631,0.664310577971647,0.539416294757941,0.468032959081254,0.613646821696204,0.677292992587767,0.675545405548011,0.678468746851174,0.568377210533995,0.706198998435419,0.657958313761506,0.602699555145207,0.574854532471357,0.553421696206138,0.716167474235982,0.59763824542406,0.622302150484081,0.683931153020021,0.664984815364848,0.646600594240595,0.645879321703968,0.630987467107579,0.50867382454068,0.642445909367489,0.565255281054348
136,"CYM","Cayman Islands",NA,NA,NA,NA,NA,NA,NA,NA,NA,NA,NA,NA,NA,NA,NA,NA,NA,NA,NA,NA,NA,NA,NA,NA,NA,NA,NA,NA,NA,NA,NA,NA,NA,NA,NA,NA,NA,NA,NA,NA,NA,NA,NA,NA,NA,NA,NA,NA,NA,NA,NA,NA,NA,NA,NA,NA,NA,NA,NA,NA,NA,NA,NA
140,"CAF","Central African Republic",0.372724409448819,0.390333205548471,0.379027989663439,0.368638165648773,0.363560546264167,0.372528360707791,0.391170982508424,0.394744882370914,0.406840918102692,0.373957402442657,0.345405131349337,0.363633166683273,0.357602555792203,0.369642627999487,0.370677708764665,0.361981015986253,0.349170955145351,0.334225667252677,0.349923269525886,0.322957494384472,0.315806009788857,0.339957641376853,0.322136917756138,0.324831831148417,0.31978530465759,0.347780650129256,0.301048468494449,0.320919307993433,0.316566337107319,0.28929595003731,0.279916829874037,0.28094589979253,0.26770907250361,0.296026463986138,0.306546243118938,0.333077481299542,0.359105920371919,0.368808632204764,0.349923620393355,0.356832816599094,0.37680423319512,0.34756872751535,0.314663710771876,0.322331793783548,0.315753645516105,0.322967464376404,0.332580283286559,0.313785241214578,0.336039523651513,0.498627717563945,0.50435675132668,0.527073292443355,0.434629910273989,0.484399224155867,0.493763562087619,0.530879543528042,0.542767710886211,0.563010385837992,0.589168494219976,0.505356348429576,0.570600525712745,0.597588027412386,0.604163158294452
148,"TCD","Chad",0.509871133703398,0.554165889242659,0.656306548637942,0.570837919207095,0.513958838525151,0.589093721313331,0.562534342374744,0.615011406935658,0.564863818252227,0.521860071355143,0.491549215079638,0.423461177805304,0.425527298473204,0.486933414484374,0.52901359494163,0.493670667869518,0.493176446231086,0.499476740842965,0.440767051287316,0.440665966560077,0.35998319964033,0.416863016569603,0.496007185835046,0.379231292760683,0.507530268159454,0.469319071070082,0.478980672428531,0.588905952160429,0.525043862131417,0.447796746764872,0.549285632129301,0.518877163481061,0.418614190294369,0.59349230565462,0.509923172592638,0.518296501744654,0.576890370848222,0.546943358650862,0.541393898221344,0.479507047450373,0.552298656212687,0.564487660602977,0.585883608227038,0.542380427905233,0.621655197392249,0.589182431003588,0.568126632966034,0.538733901023345,0.433255171795217,0.599301487370663,0.448697604090349,0.625658366432553,0.520634220930393,0.560259308610184,0.530760768643842,0.564748989386065,0.487197561492732,0.503268748501655,0.530527165499643,0.505543272267846,0.483131869001578,0.479244681497075,0.44604657136166
152,"CHL","Chile",0.786778815616162,0.759695016865272,0.771796735693028,0.774392646889418,0.736869688469624,0.757983300064068,0.730573608363945,0.78404588631202,0.626161341491049,0.675094678094479,0.648983943398055,0.59844494040896,0.427938674236871,0.548268635480956,0.656872771497277,0.562564994800416,0.760334900482572,0.546556804490752,0.592935604651739,0.571833091135562,0.547481234532551,0.521650679503708,0.44727756027795,0.51141306024245,0.493477246553877,0.475322483370484,0.475148768350045,0.464368204817553,0.483152841229632,0.44064705759596,0.445891643640666,0.42728032827635,0.356443913113487,0.340518595045797,0.329646282413206,0.297349964689537,0.330783107052538,0.344211572141232,0.264433492263163,0.305934773847489,0.347755354604235,0.372198076752505,0.361091704770014,0.347671894892519,0.380771578951569,0.355952546078579,0.287289239388371,0.310592325917721,0.323550704766083,0.363514609310611,0.396431602505114,0.354233658859929,0.405449186906902,0.375030141662203,0.373912164020347,0.427880235076901,0.40891714342992,0.430961590891701,0.384711423423629,0.338404978734652,0.353311956118435,0.40754424877312,0.330117965722297
156,"CHN","China",0.606356983508121,0.609042553191489,0.629909161423132,0.626344175406162,0.607782229145444,0.576980770584961,0.63598888904798,0.607407677363468,0.565835714088505,0.567028158205709,0.570631796512292,0.512879141390574,0.530649296666886,0.575858766331378,0.521773949847923,0.528911886220511,0.424842756065789,0.404404282835179,0.386260615444905,0.346693033329336,0.375853826956615,0.395134502133793,0.398590231372028,0.401248272331575,0.39531663273096,0.400972915513983,0.35584885886195,0.326301165465726,0.323261014315567,0.348390660109575,0.34288390077711,0.339379995587645,0.376435055214907,0.357174904743793,0.316702898115564,0.315228408001555,0.343101433532481,0.346505824598316,0.331502428080009,0.343195250089567,0.34304860360755,0.322682190443476,0.310500646671628,0.326623297134377,0.32618227986369,0.331378634927491,0.331637506904023,0.343600266015694,0.334803411828198,0.335797560795978,0.347365316630313,0.351834879717413,0.35576059069542,0.359262011272333,0.377335196045034,0.378606959450825,0.394177288628755,0.410990797166992,0.443139901714374,0.44758264984827,0.45777981676693,0.470704007641874,0.473190856599613
170,"COL","Colombia",0.682745456953961,0.704939621755636,0.642889078684146,0.635546932828436,0.598141377209019,0.60849948987946,0.606715034533495,0.643593831299195,0.615477490554647,0.577386764151749,0.556532665806493,0.53772680316796,0.520808857559899,0.587123695769892,0.659038468945089,0.599820766827331,0.597151142150718,0.678748287327967,0.655048226897257,0.66659825928745,0.641741501803138,0.585575607240073,0.559567968424303,0.52577062290461,0.534824603342556,0.486101700459344,0.464787182171093,0.458122850222864,0.447958943799794,0.433912103021563,0.44550090227477,0.474132590816585,0.456699792605129,0.447104275732682,0.461183531520726,0.467292521428884,0.439471524311562,0.394399968169739,0.40182676872961,0.375242732958867,0.384423577305435,0.384600395525127,0.397339575544027,0.412110850724257,0.412689662229677,0.414393575399822,0.431588974769505,0.441760648150933,0.396132470847612,0.346256469789803,0.347892785540555,0.349867969995675,0.371933526890542,0.3653469590317,0.39022907239819,0.383271008609175,0.321223243537659,0.37450835401233,0.396336364367136,0.387990612195451,0.350727306306629,0.424310620769271,0.391153780067667
174,"COM","Comoros",0.425503381982987,0.438880179604792,0.523376827252495,0.508832415463758,0.638771403233508,0.590411959206111,0.545537264591959,0.444974206659372,0.400846769020228,0.466693700315111,0.519522171221979,0.669618797239566,0.397028870712231,0.480838228290205,0.694679170236682,0.694426566139512,0.82016790817775,0.78994264075291,0.780009667543907,0.930052660949436,0.933882832579987,0.911607090277369,0.928063463750088,0.87538994164638,0.893911732993531,0.895218670511423,0.855146975303845,0.853553816624834,0.87098144161964,0.934776694989839,0.946904669202432,0.953219977486818,0.932169285474028,0.834253348053569,0.956873394066807,0.949947234393998,0.908315008551565,0.898499727223132,0.920648308939055,0.938114145021405,0.924171544202441,0.377149352629682,0.384737093663988,0.62028653231657,0.711785700392889,0.581629781407806,0.605458388392321,0.643980076140004,0.674387840968512,0.692339882481921,0.719324763384659,0.733875546471356,0.770337327000066,0.780457635261141,0.814145575828919,0.866754793407473,0.915196528344661,0.969901633585105,0.995129701598306,0.973232413097731,0.887340840042719,0.881260930003139,0.944309644793465
184,"COK","Cook Islands",0,0,0,0,0,0,0,0,0,0,0,0,0,0,0,0.369955512879583,0.448365495782801,0.54481434306753,0.184293881334981,0.383092692003753,0.13221435855755,0.143024936410057,0.607122659415406,0.34532753136769,0.33488150013022,0.439160732980109,0.850533000680426,0.209755301128594,0.578589971586844,0.872013055597468,0.679223176310087,0.851981362878469,0.940854920873685,0.890288588359867,0.893212267908946,0.816494911916848,0.871385606258385,0.887315324645117,0.629251181447618,0.691826517081191,0.786349497295219,0.81811613617959,0.583977505240827,0.44044252743235,0.469948523909332,0.507754712004101,0.520989223915276,0.46614656550199,0.422167859808599,0.412556106438835,0.39724252712415,0.391335016152104,0.407926828752088,0.403562581502935,0.371515348649402,0.370895614908569,0.396363176271471,0.397892474531258,0.407662137209067,0.444197550251256,0.478807184923813,0.497475657933182,0.50232227303796
188,"CRI","Costa Rica",0.54419675262128,0.489036852172153,0.384482655117705,0.358108296970356,0.48449096425123,0.457127406305519,0.472871394030966,0.330746956412601,0.266768786116943,0.294649012002042,0.380003348934371,0.396766820100313,0.349625026906248,0.331410789671776,0.37612861232259,0.395551921707853,0.347452784683314,0.3455783985715,0.357655768065021,0.356289912496831,0.337355620392784,0.295919300073497,0.303547617448791,0.343945717994638,0.345852225126721,0.327973184171364,0.308319684921935,0.300297858401914,0.287183692318623,0.331136701089619,0.318064941273759,0.316587049617509,0.345630064669847,0.332886292500193,0.343901054896005,0.279085355732302,0.26797750197555,0.237889571189136,0.302876863492948,0.334664218485419,0.415669969602649,0.388665114843018,0.370170313244433,0.350141201559091,0.348302695310717,0.364705444655534,0.355057475239056,0.351402207037365,0.402664052366777,0.387613359876134,0.281388189351127,0.351060720385131,0.370437822965026,0.33764543691737,0.315575678485538,0.324774688670633,0.299264368971644,0.278451385198424,0.247868776627672,0.27822340966374,0.309447359295047,0.334265694380682,0.298233267866552
384,"CIV","Cote d'Ivoire",0.939148688046647,0.932122629760783,0.972095238095238,0.973650512214342,0.908961579215886,0.974227738932436,0.949340240445704,0.911672078557177,0.96344592295596,0.992944480597322,0.944284586367225,0.972096407606652,0.978789690391789,0.971385605079577,0.951772737282537,0.98927339490375,0.912437148873996,0.941367872595564,0.98534569478807,0.952793112213308,0.767092718079507,0.832858885725905,0.790796719922537,0.804625652040503,0.654402004380434,0.702453270085594,0.594273868124931,0.662872508021346,0.661155004049697,0.764553784171797,0.821536738865017,0.874463561047077,0.979420884662442,0.961364286122706,0.957385869988556,0.996221422270961,0.864901317704594,0.989998117925416,0.837513930248278,0.734665083814508,0.70902267255475,0.806770580203198,0.676377046301536,0.89646187771796,0.738023200596974,0.698083331533983,0.856573623489529,0.802475644215765,0.880201799836378,0.758503120221515,0.68023164814525,0.754650901050011,0.784396446520661,0.816911746410888,0.747726908060116,0.84341510713403,0.667190682053664,0.667045013291914,0.844063276864319,0.70534668377308,0.799104783811507,0.677916666666667,0.887342252071711
191,"HRV","Croatia",NA,NA,NA,NA,NA,NA,NA,NA,NA,NA,NA,NA,NA,NA,NA,NA,NA,NA,NA,NA,NA,NA,NA,NA,NA,NA,NA,NA,NA,NA,NA,0.242068264571271,0.364349121648733,0.336392754089153,0.372805320115062,0.348175791555037,0.293882567904008,0.448789998091872,0.393381336316043,0.312148833948446,0.40660503518366,0.396434149686233,0.276925743297662,0.355810773467987,0.371752616241855,0.328824198809809,0.270704843511059,0.330552315455929,0.547935362708559,0.443862553744562,0.399234810812411,0.382195012631651,0.50300901189885,0.517202840545691,0.487839299052752,0.591252638183789,0.444018132453759,0.503679385769818,0.517541712854325,0.538220403161988,0.539004577377411,0.57892430001939,0.45702355975406
192,"CUB","Cuba",0.151148835678752,0.81800793605306,0.916192423525146,0.960297264363075,0.856414282573878,0.677343684890208,0.781554086093398,0.709637353639496,0.674226056408369,0.760713154533844,0.985882297776039,0.957235179546603,0.900798346925313,0.913740232896804,0.839976084819852,0.760217406983082,0.763750251257868,0.861974931277482,0.795570418047188,0.687601267988363,0.643912692735297,0.766574818748528,0.798570060746514,0.771424223738212,0.677276365756566,0.631971050972269,0.679641507696807,0.710782171126334,0.689093275388199,0.841714925231933,0.907553472230863,0.864138434924626,0.776200330137839,0.962259273023575,0.693080992914196,0.853971457118806,0.721692630038102,0.720179329039916,0.930596779286391,0.996131282988731,0.937631652113267,0.793985790166614,0.707658276125095,0.737995965507934,0.777784559668772,0.603335476420093,0.706505988796285,0.804734571755481,0.836540901372163,0.629111268556752,0.632773572063202,0.772828398452741,0.751024676850764,0.713395476739528,0.852818564334788,0.906127294780338,0.879610182935651,0.799908020975845,0.915576263962118,0.941134406589292,0.725202415852436,0.763518970394524,0.791432554799662
531,"CUW","Curacao",NA,NA,NA,NA,NA,NA,NA,NA,NA,NA,NA,NA,NA,NA,NA,NA,NA,NA,NA,NA,NA,NA,NA,NA,NA,NA,NA,NA,NA,NA,NA,NA,NA,NA,NA,NA,NA,NA,NA,NA,NA,NA,NA,NA,NA,NA,NA,NA,NA,NA,NA,NA,NA,NA,NA,NA,NA,NA,NA,NA,NA,NA,NA
196,"CYP","Cyprus",0.356668260917553,0.442924504385743,0.369422198458731,0.490946714950854,0.545793972252219,0.392525606594739,0.591474757379555,0.302351579769161,0.431926611254299,0.252007854790279,0.384091276436141,0.293545292585994,0.1064563533866,0.525582497829094,0.226780225748044,0.260593604268409,0.353671132741146,0.327329779726689,0.285954100414301,0.340916049187515,0.305988145501786,0.247234057707131,0.240562824486539,0.270105557372662,0.282515626383544,0.218938795742402,0.264346901955443,0.292874096052126,0.273880854886919,0.234150371411539,0.167816890175173,0.241726439858595,0.279547396235452,0.219818659125696,0.250894321519158,0.224349293833965,0.138498632206305,0.167986974058197,0.235848943568312,0.180971194076351,0.256000624148373,0.266320550825739,0.263523373819353,0.230084279646751,0.192445004462645,0.174595105734456,0.176154782970144,0.100919186139352,0.159698776113104,0.174927565461638,0.206458142312491,0.215585600398869,0.166189725983116,0.111318504782473,0.209984875882394,0.0944671209422984,0.131142556405232,0.105868925193498,0.154254956043652,0.147616399927257,0.157326419779185,0.191054065017095,0.147264765804758
203,"CZE","Czechia",NA,NA,NA,NA,NA,NA,NA,NA,NA,NA,NA,NA,NA,NA,NA,NA,NA,NA,NA,NA,NA,NA,NA,NA,NA,NA,NA,NA,NA,NA,NA,NA,0.401138649747102,0.403503330562912,0.430351330209322,0.394831292751624,0.447295101789187,0.45533617753084,0.504451206376562,0.412984146112619,0.414882445928524,0.448169609059014,0.358774047356421,0.576134898750788,0.498566560208397,0.43578597190565,0.461644634887387,0.552158916433246,0.569610981819041,0.471504886784435,0.523786445992741,0.40750690601179,0.451197513220746,0.498652547342426,0.40523457551482,0.46218704010467,0.411824898100023,0.431838039224149,0.453739560384424,0.533000732043134,0.510013651377936,0.544282632722858,0.58393104492895
180,"COD","Dem. Rep. Congo",0.883798227320125,0.903899360193671,0.9108877758107,0.92819134698772,0.986480258104163,0.998528613044981,0.99975279061365,0.998353404003453,0.988635389705,0.967279232395512,0.94964109286822,0.959082312179151,0.95847586764523,0.956919189985836,0.941581593108488,0.923794297895017,0.929376923021495,0.895409173017827,0.912501857973005,0.938577014383466,0.943152920307379,0.984812869202625,0.986750864291281,0.998137106348925,0.989991313456478,0.991015274034142,0.997688026970942,0.995056299877318,0.97549346321456,0.980169332079022,0.989672743269216,0.998152763373116,0.973164829255176,0.988645250992092,0.951148766843085,0.963371147053988,0.936717368429751,0.935722494698846,0.973360667406964,0.986559994348486,0.967737950265615,0.97448425298464,0.967328612752666,0.970843183609141,0.9525776631256,0.96557020202895,0.957042663456594,0.960412536500782,0.944077036926017,0.849917208861422,0.868362206343495,0.891636857037128,0.919479151387463,0.978758065546541,0.993164526489835,0.946910464933842,0.976865903961398,0.980512688060954,0.994176591273018,0.942909114117947,0.958643424404375,0.998921656828069,0.974434481598115
208,"DNK","Denmark",0.29476211500247,0.31886704232467,0.305338308047978,0.327962465853696,0.298236062016183,0.273101207096446,0.271320763352597,0.292216096486988,0.277474071481335,0.253065842633065,0.273031951697666,0.260159534624194,0.232710286427608,0.290738489737713,0.237072983789181,0.217163419605681,0.257811730207143,0.253956532370454,0.254931123224592,0.245411188192931,0.259983687704406,0.286827348073557,0.22714649525787,0.349729671340295,0.331097951570437,0.336180891393465,0.313835067240037,0.339300330756053,0.360148574257285,0.400179444761984,0.393914406379172,0.319483509732845,0.377249386927351,0.360444959011505,0.424434653112879,0.42576997504314,0.451903666359466,0.464327684544323,0.45741164715002,0.486724031603384,0.499698615630027,0.482936714339088,0.50227723961297,0.527462678713932,0.537531814790948,0.506160201469262,0.478519475852956,0.539564007104628,0.618136235304857,0.536697373672867,0.536471281586654,0.562184644712814,0.575660311253263,0.586217518718188,0.578581370339874,0.495005835999001,0.566497451976225,0.388903974520272,0.542597473870736,0.514882877021574,0.522989094538109,0.611145262814734,0.481482021530926
262,"DJI","Djibouti",0.00852670611785038,0.00846218000138373,0.0083683146271023,0.00913734006809687,0.0114809912361342,0.0120617028881519,0.0127138736113107,0.0132538298236775,0.0131334463323668,0.0137688563086647,0.0136412814203601,0.0150493407126156,0.0158179923229801,0.0172242851634231,0.0170404378633758,0.0184818224293672,0.0194915631615365,0.0189849215520451,0.0246324329668713,0.204065418270747,0.267311081093485,0.277345017632098,0.241240123406807,0.247412017671624,0.226297766479041,0.237059209718537,0.229800150580432,0.203843978213717,0.21506674786428,0.277226099756196,0.273220798372164,0.284235519681584,0.281439950621367,0.283845154354042,0.279805803623359,0.278309756232781,0.283273078718615,0.28837859714956,0.289477495371818,0.300193266863797,0.305470570825004,0.314634958124614,0.286209440096754,0.307693107335334,0.304333938004345,0.288401993374226,0.313119009136418,0.323103619345055,0.32962741420233,0.327564591264769,0.342501503970342,0.381190099020392,0.361002597606819,0.358254762443534,0.368676793311605,0.360737347870149,0.427716446978809,0.456914976316529,0.482250910943992,0.484578490175801,0.465832796926376,0.449092978352363,0.467710171402215
212,"DMA","Dominica",0.191447025976412,0.180438046233524,0.197465445528095,0.190750264905797,0.219272088452893,0.232299092972176,0.217502670029768,0.227063474919175,0.232221466177423,0.224621099420266,0.224153484050901,0.219224449497474,0.253608621379764,0.251306577040497,0.263771977973334,0.276891419032246,0.261660369313134,0.338204797911239,0.600635862735997,0.268512640477243,0.27025905968187,0.273658983823119,0.463916538627548,0.446502098883938,0.4056471704521,0.384524175851593,0.382809104768299,0.430160538154499,0.239873422604429,0.198815209749308,0.186018258317937,0.213243642765363,0.227546755941818,0.226569702645361,0.317155728068947,0.382762094343796,0.35060838980065,0.332260562020711,0.332847576108816,0.330560753110163,0.30169490644288,0.647316139876829,0.55298394487801,0.496143025887487,0.453977522578899,0.66296576297807,0.402048549376157,0.672748383705932,0.714345787646944,0.59949361636872,0.581398395674156,0.666270405056685,0.597753643367678,0.823475086535385,0.61766916807667,0.851808988454438,0.814510036419073,0.860583463866275,0.674516101281794,0.762588290385941,0.828834039911684,0.912292540648349,0.971255012506452
214,"DOM","Dominican Republic",0.941382612193501,0.983943832387239,0.964361648528819,0.98396164021164,0.771140538112208,0.807187891064694,0.795212714618165,0.722959346615717,0.856189209734229,0.878831246273107,0.801670195090578,0.645806758002971,0.707868275477556,0.737661561544379,0.717899858584406,0.858817979648224,0.817032734477014,0.859014609390923,0.766477794653982,0.795186858965031,0.84081183674248,0.990561423568617,0.995784417895492,0.802587077348519,0.718945777858975,0.708646835956434,0.727710335933685,0.79301481147171,0.645776057029661,0.53220149327479,0.500638032947234,0.573852167954149,0.577764810232949,0.485243209559767,0.44986680760255,0.471721883484029,0.523154013857024,0.464338534154976,0.450485069253703,0.559730268937414,0.654442445168507,0.598707761974145,0.677876056622058,0.589767011620512,0.616294251463333,0.605100157581945,0.665681874011168,0.516231902544805,0.606407661677404,0.596244190969731,0.652148226339012,0.69400044557222,0.738460616926005,0.812540558952529,0.790103326021879,0.790742223473183,0.816197395953386,0.733741221135359,0.811160729847284,0.747132003871891,0.804687261969877,0.948974124116498,0.826694606313601
218,"ECU","Ecuador",0.883428361722505,0.844910223399088,0.860999983536656,0.965297727866284,0.977442320946929,0.978123954344351,0.68449555127149,0.639393917097709,0.684802235981907,0.66856383351675,0.7245502123997,0.568173764836458,0.505981182795699,0.590719514762591,0.653930094904269,0.406711731607551,0.408956835158712,0.416853954241437,0.390034929297059,0.415518537074148,0.439009293697624,0.411100332594235,0.329310559017394,0.372106451387307,0.447379598460788,0.555360706294975,0.59252997158538,0.561150689017075,0.512582293330864,0.528857924129573,0.464370320945636,0.454972611885232,0.45250601486919,0.475199208134362,0.415097049530141,0.409183910461297,0.371139198241501,0.355365021227004,0.4471658342813,0.396090167889832,0.292749781790281,0.321665137249051,0.343034130085613,0.347692135494378,0.439116695434969,0.362614109176886,0.431745667417282,0.389367732259228,0.383493815395848,0.376132923591298,0.340950496116124,0.358722462563294,0.318792080812975,0.351465174383997,0.434059676295668,0.309512201050318,0.361230128475745,0.287391797283704,0.327324763636741,0.342671354608234,0.353553280499703,0.401224358710138,0.393962795389422
818,"EGY","Egypt",0.715180483011018,0.83857210626186,0.753845721794069,0.685270706615604,0.639017859151972,0.712281522958305,0.703586323932749,0.663796962072262,0.648599150035223,0.620347736907948,0.646902637519177,0.596743942476449,0.628434668634125,0.573138585711573,0.509491149149968,0.507229726034888,0.457062095530217,0.462683983542627,0.470915295848216,0.440829625392479,0.41962734082397,0.393276702858044,0.395233285821519,0.400647527766782,0.394744076355096,0.331495531385292,0.33612956513624,0.340749416567388,0.366283779536575,0.423673260241539,0.425234298883848,0.453213539982591,0.430923698631013,0.463790724710122,0.386706766187121,0.397964440538857,0.445168087738845,0.400185617817466,0.434597668749678,0.413687878654508,0.38900794674586,0.401279234399227,0.389207139415309,0.357572749096946,0.38539085797551,0.41224052086523,0.445330208558769,0.450389329003739,0.427332032084446,0.404056312081686,0.432296895352843,0.487352417040043,0.483605243158415,0.475242090935933,0.443646937061778,0.415937529953322,0.405064974061264,0.362232525392336,0.421632427325414,0.396027706867433,0.418518156067996,0.432211612243889,0.451004594654283
222,"SLV","El Salvador",0.639461747259569,0.651409394161949,0.51505426415126,0.522516755360602,0.711038506577083,0.495725894029288,0.478657528217908,0.42743196822565,0.451829193256333,0.411176601303735,0.364673965700998,0.366587304777239,0.382619047800515,0.442674860420887,0.460490815373883,0.351301063738407,0.382794790664183,0.396517278654328,0.546544523222296,0.524741855082784,0.362156303017718,0.473054720568942,0.422930319646917,0.575151954958992,0.408720850132799,0.45236535856615,0.338509520064636,0.327598629526905,0.370062950579607,0.408547824175589,0.424357839431393,0.503219894867137,0.456211651966812,0.461579950466313,0.543445596064207,0.46335006793524,0.395918404399653,0.469039591205857,0.503095294689303,0.509225718304922,0.509676568976802,0.562945819131913,0.598477400791272,0.566240036524366,0.46160027276506,0.560365828835643,0.508549882343921,0.497081965575639,0.543328889039019,0.448275067849507,0.442856012474109,0.511818811748402,0.538457580752571,0.595124479493595,0.507803362815768,0.608398735562887,0.605704603779069,0.50581033855358,0.643451643687014,0.497153111741063,0.548623972703439,0.666214379207062,0.569121125826817
226,"GNQ","Equatorial Guinea",0.849708781677925,0.764657926917463,0.758706757193663,0.670330919980289,0.707074222780216,0.906416765583075,0.883506151435335,0.938462421960244,0.784896061180512,0.791996762926996,0.6087949743004,0.448880360925422,0.850616094518533,0.812340282447882,0.957646901887548,0.928284149025969,0.907316676161797,0.93408058066899,0.966791099044941,0.957646910307391,0.858600651958237,0.929564583882318,0.916773778920308,0.833579738064304,0.866917626217892,0.858444899917143,0.788087502707386,0.805671475979547,0.873977224799663,0.762405776982184,0.702814019970464,0.776700334888976,0.815676709077724,0.822621100485969,0.814558238122318,0.807329560765292,0.698131429771153,0.922921097943887,0.992300177526603,0.997866309019417,0.994049317301814,0.99880922796554,0.776221308083635,0.778826343334833,0.757566894034234,0.646564742589703,0.526529175574908,0.59279880307081,0.574602269911285,0.577080736408093,0.56150847718683,0.415008810685191,0.544583236049498,0.522636836359795,0.529479985861977,0.496585377242853,0.562075675675676,0.509952814660375,0.511760551322661,0.539358569815423,0.509092289998481,0.583680036070748,0.58421117099461
232,"ERI","Eritrea",NA,NA,NA,NA,NA,NA,NA,NA,NA,NA,NA,NA,NA,NA,NA,NA,NA,NA,NA,NA,NA,NA,NA,NA,NA,NA,NA,NA,NA,NA,NA,NA,0.388276380766921,0.675549924832825,0.432659439784776,0.285542510729972,0.261541434775909,0.621980084755136,0.472459192051762,0.268599158016518,0.412297032527344,0.219286105524592,0.328475109387895,0.330277435296645,0.570984245358875,0.720510012042287,0.737932875980775,0.267826459302038,0.434628750635701,0.494748372962175,0.536027365678164,0.519765215089757,0.513696813351987,0.507559946317492,0.50915946341088,0.473793439056507,0.480909743327923,0.3994249536479,0.411895579946603,0.428129724081521,0.470137674208655,0.450017304381829,0.495767303096721
233,"EST","Estonia",NA,NA,NA,NA,NA,NA,NA,NA,NA,NA,NA,NA,NA,NA,NA,NA,NA,NA,NA,NA,NA,NA,NA,NA,NA,NA,NA,NA,NA,NA,NA,0.190987870951853,0.293856849618116,0.232892469147201,0.286272354087067,0.378418777051615,0.375656615885358,0.302263612517057,0.271390051139005,0.432634176849156,0.354021009189477,0.34958048459031,0.339403381967914,0.366341540092876,0.471654074160177,0.469927696799036,0.587721683052508,0.450128718812303,0.509260629769857,0.408712003223493,0.444811420114828,0.517351054634782,0.473156351708882,0.541086370727556,0.625744625472803,0.426592194653087,0.562942998905688,0.382910736845269,0.587924149590026,0.572267937417019,0.50705508380743,0.627247834317742,0.49620435600968
748,"SWZ","Eswatini",0.903642071256591,0.798928139810052,0.858790540954124,0.903586010409189,0.889789528525688,0.885988662094756,0.872066290707818,0.956139828489757,0.959689852386012,0.553797459965698,0.707713593071067,0.377577015244027,0.968438308229114,0.865540078237718,0.865292360303936,0.68507791378712,0.763249904936478,0.842816536861531,0.961067153370458,0.891913187402382,0.464615190826474,0.544933123242536,0.926736020617208,0.0101857998842476,0.223347223063844,0.190893984712529,0.498466578216896,0.518636326176122,0.520483305088013,0.477180534550748,0.287641019279324,0.543479273637238,0.526146111185738,0,0,0,0,0,0,0,0,0.285434010656426,0.099949612130587,0.0695321396279664,0,0.0887559447765018,0.154323600451731,0.0289167384043898,0.0292522143875698,0,0,0.0103572235719533,0,0,0,0,0.0405954014553289,0.116045572291291,0.173398975331893,0.24752584218219,0.402230310651442,0.188323316081257,0.211520603153685
231,"ETH","Ethiopia",0,0,0,0,0,0,0,0,0,0,0,0,0,0,0,0,0,0,0,0,0,0,0,0,0,0,0,0,0,0,0,0,0.545933060993008,0.494277075248809,0.565312300117512,0.616129348544607,0.642781287987069,0.516619725497826,0.581420661741463,0.580334897549678,0.629050129168098,0.587741570213685,0.749300417378107,0.605333824768324,0.709681528246364,0.681378527683387,0.66150419206138,0.658438997383013,0.699222550178723,0.707855517017125,0.70905954324084,0.653270193319067,0.745617159746224,0.746593705493417,0.74023091634595,0.708154664108661,0.686384569726142,0.736460445709068,0.713790320470633,0.65651389970851,0.663552658763727,0.635963167270629,0.592795659446008
234,"FRO","Faeroe Islands",0.00840620400903689,0.00794398289838813,0.0092528119028807,0.00764182700491605,0.00712597081191508,0.00798779390999983,0.00716194614734578,0.00743724474521495,0.00617185812500708,0.00815265030576607,0.00657587194314547,0.00596277573311307,0.00541028568146409,0.0054764896519698,0.00521015532118386,0.00693348668200505,0.00667564287430906,0.0068182996123201,0.00685477599580333,0.00679626498111697,0.00677709530699322,0.00677842735634073,0.00689278973424048,0.00702915248620232,0.0073975598924628,0.00740683296655161,0.00736740594031022,0.00735711549611689,0.00735706673250977,0.00756291347630461,0.00774682161633673,0.00794053492798674,0.00780115174992399,0.00771817318972117,0.00771358512487472,0.00774877799546319,0.00771411598464682,0.00775562572431706,0.00768881584816615,0.00757454207749138,0.00748565760942885,0.0074045383311886,0.00870882980913527,0.00612115811812011,0.00713503835384373,0.00730089898258857,0.00818186375893076,0.00864859192118536,0.00943311763082625,0.00765087083444358,0.00590229043935369,0.0108038096686593,0.00870678478894709,0.0137664886578116,0.00862954911203801,0.00667250713269053,0.00308057948415914,0.00404198545007849,0.0177038302722048,0.0173785651278259,0.0175451469819087,0.0179354315439167,0.0173656398622496
238,"FLK","Falkland Islands",NA,NA,NA,NA,NA,NA,NA,NA,NA,NA,NA,NA,NA,NA,NA,NA,NA,NA,NA,NA,NA,NA,NA,NA,NA,NA,NA,NA,NA,NA,NA,NA,NA,NA,NA,NA,NA,NA,NA,NA,NA,NA,NA,NA,NA,NA,NA,NA,NA,NA,NA,NA,NA,NA,NA,NA,NA,NA,NA,NA,NA,NA,NA
242,"FJI","Fiji",0,0,0,0.383323604766182,0.284316204478195,0.178608192054996,0.246374502678218,0.0387190545855263,0.220773046206557,0.0621134049551522,0.495309517577738,0.776226951503258,0.634237945423792,0.992439953359933,0.858196305470172,0.972402843082511,0.918288423153693,0.836111257947819,0.83286498757881,0.913082679650167,0.938670803006801,0.725853438899024,0.974634454267331,0.651046761008265,0.797304876025877,0.783115798086544,0.921721987700088,0.993934200014525,0.976450167298011,0.88826817183655,0.956260055438175,0.773719986290383,0.825118819549179,0.775884653530193,0.841478209475223,0.905251854153662,0.990563486698214,0.833152411308564,0.626508524491339,0.0291187575996761,0.65028565955341,0.997695368493896,0.518560488366567,0.918160821293699,0.825708249129878,0.411830238373949,0.568351402452487,0.951525705347141,0.507042983280508,0.932436655957901,0.999104475246269,0.726886199308394,0.82852717798812,0.874423721109664,0.800705388086052,0.750044802429432,0.779144907280159,0.96959599934659,0.916085618617781,0.788925638102015,0.933743118363241,0.996454338674983,0.840758046052131
246,"FIN","Finland",0.41802333705981,0.295520288801894,0.356100944705027,0.336332624709547,0.428724821268383,0.378300221407621,0.427790048720186,0.434227901367162,0.398198340084827,0.448421618992165,0.464799871746914,0.4623357051092,0.402310687212606,0.394939682230635,0.509947024871374,0.648395165818254,0.466023076317961,0.468538818338169,0.488195749832733,0.49538114593906,0.382043653617236,0.488285849815789,0.571530301769183,0.560716254423244,0.559738994809666,0.541310514431634,0.333586862792048,0.441636122870667,0.564181444838529,0.690434948380078,0.618219914161156,0.524089880153263,0.66114429625143,0.627547579475257,0.640466510011997,0.708609024588957,0.725317042794079,0.351906723700007,0.372551881184382,0.528547443532097,0.491659980744544,0.537609319865099,0.510985315778833,0.499445147889428,0.566680444314697,0.538139677017465,0.572712718855011,0.58795823402565,0.638207556078797,0.440170041437085,0.559964394161018,0.543980805966429,0.597712062473767,0.585056874611809,0.536672116439947,0.529665803754744,0.525999837625383,0.420685660511551,0.580272190593502,0.50308568769668,0.421133002553109,0.679344047453508,0.48935856778156
250,"FRA","France",0.346610421567832,0.396469537197138,0.365144920578394,0.369216170883775,0.397539384067698,0.337186655117201,0.367696746444491,0.354817769516987,0.350783133531022,0.309268870361392,0.342218263577405,0.35222647980999,0.341469110357753,0.36028884991847,0.299509910029916,0.273180131268676,0.310907072788876,0.335874729162312,0.312449269510686,0.347261922425356,0.334970575695986,0.355435212143658,0.3226453156627,0.399200578546623,0.380994797277576,0.335003419009694,0.376996127918728,0.388034024957266,0.389588949320413,0.409154125605721,0.41591584978629,0.458935692043229,0.415480650921769,0.40216818105186,0.39896145376244,0.433722635454195,0.444623640933942,0.479429123391097,0.453891619951752,0.473103235454146,0.417608068542161,0.503587760539754,0.410625855258816,0.511310186922637,0.497749047602916,0.478549786680389,0.43869167954094,0.546080706023371,0.582986823675849,0.513584567911128,0.546923171372975,0.551275528461103,0.519942964170739,0.563394325573719,0.55995992410207,0.442965468910547,0.537423453278965,0.505859813701526,0.561527531425309,0.49661620284932,0.558762288900992,0.571018158572194,0.59602179031742
258,"PYF","French Polynesia",0,0,0,0,0,0,0,0,0,0,0,0,0,0,0,0,0,0,0,0,0,0,0.00581656783677387,0.988457313064137,0,0,0,0,0,0,0,0.27976130620782,0.364586912363355,0.363339374024301,0.24114827856025,0.285785566575929,0.239971056439942,0.715151322977051,0.824116278560958,0.629955542447413,0.497665388289463,0.20529009529716,0.0916769324195368,0.346589681339214,0,0,0,0.336120063300643,0.173010775301284,0.312912214205969,0.257371312708483,0,0.0135272416189915,0,0.329758427041231,0.061957621548165,0.336845434597822,0,0.309824211067744,0.17476014648467,0.367001945472723,0.181163980001602,0
266,"GAB","Gabon",0.790124839052791,0.776812014924736,0.735097852799254,0.712661878640502,0.692565493993745,0.677273231706702,0.670126850115747,0.68131572721994,0.652416397932588,0.653382782647786,0.645555517269104,0.640385545580029,0.644292700008754,0.613313208993663,0.541861416847955,0.507416670260015,0.601347557551937,0.633715687952976,0.687362233651727,0.776837199348465,0.645987110141549,0.771718886295589,0.746010595079463,0.726410221271123,0.697105764535802,0.639019330352835,0.679293444133645,0.734845745709553,0.693223140495868,0.70248888746249,0.735430287483968,0.690447571236654,0.664915246493352,0.688891367743375,0.768075051139169,0.72896407651661,0.653262344557568,0.637493341604353,0.615193218247421,0.658472636199396,0.661228536358364,0.618485602118594,0.649368298535025,0.618570080226522,0.641116722748357,0.638541896294119,0.649633408098787,0.672648402094881,0.685245192082729,0.729246495466121,0.774592411332881,0.711450381679389,0.714063820902211,0.683957824280512,0.547126402326157,0.586516773334821,0.443029379760609,0.493567715643664,0.519156159068865,0.670156609261353,0.667873383585302,0.59469612689568,0.62990554160411
270,"GMB","Gambia",0.498322558039264,0.507812303807756,0.462491516851747,0.468030786639655,0.482283606582363,0.486252693248118,0.494369048266855,0.509830084436568,0.495392645082901,0.501459729226804,0.489866301754905,0.4765556549892,0.480591119098347,0.431557370609898,0.434201972343122,0.412306612636147,0.352585113498542,0.400472146306582,0.322383861194721,0.369497434513958,0.466601886007531,0.473307067191263,0.397909428860167,0.439718493597446,0.427824970036597,0.411293524759448,0.453164751064675,0.449737271094856,0.496753291628772,0.428518958317732,0.488334839932361,0.46946840133442,0.521100383772319,0.480178297066495,0.455914371936485,0.45814303282998,0.484857201894521,0.396079669281172,0.507388520659095,0.533517926589704,0.532605809032809,0.426424807703955,0.50576795069507,0.557857739350909,0.516131012848994,0.520490664877007,0.386979926969135,0.494123609121957,0.496371453286083,0.536327216974133,0.383661740119754,0.5002294046353,0.500766967049388,0.458248994683292,0.491350672255711,0.459535247779286,0.410872639513942,0.312434914438218,0.343271513035537,0.365831950942201,0.353110621104554,0.38248495885105,0.273413232947112
268,"GEO","Georgia",NA,NA,NA,NA,NA,NA,NA,NA,NA,NA,NA,NA,NA,NA,NA,NA,NA,NA,NA,NA,NA,NA,NA,NA,NA,NA,NA,NA,NA,NA,NA,0.167520439989394,0.182173111327059,0.312635782529882,0.33335266744882,0.348632003433716,0.427961550853829,0.313372177317047,0.333014518527374,0.187697509591001,0.386414646361596,0.351590623539921,0.452573871384631,0.410293576192576,0.39082929135071,0.196592400300763,0.276761808771789,0.302851138069267,0.244089921862952,0.199430865719134,0.317276462075083,0.265016401901883,0.3119982376029,0.247325268854334,0.306988824793502,0.328169756931499,0.266174642139828,0.320695959840053,0.323916001019584,0.203606886984385,0.230072699905712,0.217354885292541,0.214022875891453
276,"DEU","Germany",0.299578809356095,0.331195230110139,0.336931207514797,0.330389632709449,0.282900590571945,0.282631785506097,0.330462872203192,0.325037456300982,0.286527381476455,0.268943595370289,0.296467103014344,0.289019299094228,0.301570910032414,0.314080580781749,0.285135290204834,0.246328682217061,0.275951937065769,0.292445608986441,0.269766724040735,0.266491215490024,0.281935188980587,0.295672311752839,0.282780217467805,0.320095714408899,0.309066482292641,0.30824757257892,0.291236905915805,0.30010976983705,0.316451817811331,0.371910628691471,0.404829164568184,0.387824523944964,0.41408085033565,0.393109446600807,0.430869913617894,0.440980775847693,0.474694242867841,0.460976186634409,0.454556510770686,0.479922716380632,0.528739884561023,0.47197520947151,0.428836943461718,0.570336890571837,0.515312419199633,0.531461122809235,0.471729103122072,0.600427592255947,0.616014652400472,0.506687349689674,0.496361780427878,0.533363968310819,0.55699824322098,0.580136291477095,0.551292457457482,0.530336588365189,0.568553860942757,0.530047515598025,0.586946506902765,0.595355489872456,0.672766090397834,0.733245095265155,0.684953428377057
288,"GHA","Ghana",0.404577424519671,0.470098140141377,0.515293494805109,0.381562247605861,0.402177302752814,0.41442291534713,0.41021376807196,0.61385161361872,0.659520650190745,0.620621572868335,0.594628084438739,0.744989141351279,0.743996907996447,0.76431575774106,0.999229039927957,0.89471271393643,0.799627032771654,0.78055701669389,0.898634461283549,0.900928184035235,0.795787534905829,0.749652855839295,0.765341566962563,0.983734900566026,0.948349181295063,0.899068649033088,0.936441585540271,0.958165127836178,0.969892569040003,0.81472958227246,0.768878786528205,0.835180446982655,0.723857353930675,0.781536573289539,0.685272061327606,0.733777476415871,0.855309663426781,0.870968526683898,0.759702007403378,0.76963388796853,0.936476948490764,0.833686473207431,0.869592809599008,0.742031796119164,0.862194601307951,0.963822156324511,0.971135944888897,0.854703684646189,0.839033249743816,0.853414482351705,0.70777862722871,0.874393719318245,0.981572556574592,0.811344847407019,0.928308940446492,0.918016729820548,0.947854223834368,0.892416709078808,0.93302366288301,0.923047744653783,0.673152559226052,0.807496371946263,0.751851557387576
300,"GRC","Greece",0.46477153946801,0.422825472980983,0.407404380942777,0.415090991760283,0.424962995020008,0.425946987694208,0.427218481179623,0.326201933324807,0.355412763073917,0.381148654543642,0.383110571680901,0.377742242664894,0.334189477012434,0.351161061120126,0.351970990759153,0.339435118496874,0.295873398179315,0.3291114857551,0.294915627553965,0.363614228345308,0.359356020696459,0.339300354745003,0.284727911318916,0.311964088858336,0.280758625030172,0.332893638178934,0.349996493542208,0.359061783419404,0.397351305713968,0.299383970868981,0.384988758233122,0.380769885473292,0.445018930764243,0.478087169500713,0.514800853850501,0.47347564839064,0.527780794533319,0.543259645422528,0.541031337756902,0.569565034012786,0.608451256262034,0.607347414911941,0.544899035090905,0.611475546421529,0.647570734662023,0.605784577625029,0.554114072398138,0.691933223514371,0.673047250185254,0.566385112434702,0.64555323998168,0.645676989962383,0.630053154973226,0.614764705019007,0.66802523763521,0.601080501734101,0.590802086343109,0.549950438178242,0.584556462654269,0.562675292030013,0.60579762309451,0.367017136377314,0.346258257006872
304,"GRL","Greenland",NA,NA,NA,NA,NA,NA,NA,NA,NA,NA,NA,NA,NA,NA,NA,NA,NA,NA,NA,NA,NA,NA,NA,NA,NA,NA,NA,NA,NA,NA,NA,NA,NA,NA,NA,NA,NA,NA,NA,NA,NA,NA,NA,NA,NA,NA,NA,NA,NA,NA,NA,NA,NA,NA,NA,NA,NA,NA,NA,NA,NA,NA,NA
308,"GRD","Grenada",0.531052411477221,0.542294642637622,0.580374161666078,0.544588681579594,0.605221280545878,0.60676795744125,0.661392180094787,0.638410412867428,0.637869930894705,0.592205777547533,0.584657108502787,0.526750437291232,0.487362791115147,0.427026426415304,0.460604400380351,0.509407974539905,0.51149313724729,0.560298644408927,0.564125896192146,0.535840068861243,0.592323405175555,0.551876735213874,0.53963459956592,0.594545654631492,0.5651041608651,0.554496021573098,0.636456711568402,0.588267340528739,0.583634271533936,0.592399569259603,0.583076241690855,0.566335585283283,0.579770082071644,0.576051721589004,0.553370045964476,0.510444725143129,0.506136776514337,0.487422853396267,0.477567303420702,0.520921017218968,0.483494242081704,0.511345328153752,0.629702688162798,0.59033227945484,0.553251052849388,0.531159689461759,0.584955753895426,0.570299900570102,0.542710243660174,0.561169446368356,0.598851969451127,0.614663084451312,0.606868102044509,0.639865015225223,0.67013053545881,0.698857640678299,0.651888401839059,0.56970570228218,0.525853645723891,0.514833269045451,0.558383019252261,0.577986978809099,0.578356495433593
320,"GTM","Guatemala",0.627025769598594,0.73256840616461,0.768911645985947,0.88430696078773,0.94511737464069,0.777691859138504,0.788909322294633,0.692369409260597,0.753492252613654,0.608069001803969,0.747386190048799,0.739677127583894,0.72361811290074,0.78255762062267,0.80076093793872,0.749453137163319,0.776595744680851,0.755470919799555,0.722764626388012,0.785157420720581,0.80374922199741,0.673263666561718,0.727471270673931,0.62523071970239,0.615935706317475,0.531808065115577,0.517772935280018,0.630801071381354,0.534553188107307,0.594289362393848,0.540502692297538,0.56098382333297,0.517163543105593,0.484004083594622,0.529615176879292,0.546438771645693,0.547611774626557,0.599727084244228,0.542184179159794,0.526408050830184,0.563789611685631,0.634771511205523,0.577692027892732,0.563035014480153,0.559066395101826,0.503039214539899,0.630109178501438,0.699878697940144,0.660032720297868,0.636952723751789,0.561423652061736,0.588804356289862,0.561579574250631,0.660282040865333,0.696101701122975,0.729559402133743,0.602820104821237,0.587120667520293,0.641020643790699,0.538872278684472,0.583858588104503,0.650287017856058,0.639646876842744
831,"GGY","Guernsey",NA,NA,NA,NA,NA,NA,NA,NA,NA,NA,NA,NA,NA,NA,NA,NA,NA,NA,NA,NA,NA,NA,NA,NA,NA,NA,NA,NA,NA,NA,NA,NA,NA,NA,NA,NA,NA,NA,NA,NA,NA,NA,NA,NA,NA,NA,NA,NA,NA,NA,NA,NA,NA,NA,NA,NA,NA,NA,NA,NA,NA,NA,NA
324,"GIN","Guinea",0.720352043610612,0.71355643788996,0.661469328296483,0.67551438391638,0.646833595984358,0.657726891929629,0.667157011205815,0.664962710259252,0.658772954038849,0.656383077446563,0.672491763694776,0.648886478015851,0.660288300778861,0.663086472342238,0.658298673004555,0.674264043975408,0.678708060752133,0.668240640311179,0.659246256549376,0.68428436945581,0.669454233068602,0.660923092772884,0.665894230852063,0.694710066017832,0.708366916468026,0.723095567276017,0.721871888483239,0.753805421009289,0.752289930929389,0.755403596021423,0.718937003975271,0.737459211326807,0.732824275554612,0.725236726628859,0.711692384361535,0.705863415262323,0.722143566673898,0.683832212353032,0.734654487978675,0.792379667874905,0.793642910355103,0.754673901096156,0.796287517776503,0.803797317578674,0.816527209149516,0.835662509278521,0.842030328059616,0.846943304116276,0.797948027324196,0.691112555602289,0.667466612270366,0.647360893103773,0.671388350122005,0.609348217557658,0.607324194203291,0.613382375899082,0.568741738782402,0.589206879506366,0.619526579836994,0.648449150546918,0.654493236531444,0.622513408485082,0.629912670864891
624,"GNB","Guinea-Bissau",0.356321404490488,0.3566243439775,0.336912757301648,0.319593875378695,0.299834372564302,0.316245758609811,0.314723587801597,0.311355057569482,0.307352353409892,0.302534883957966,0.284343737602265,0.302936149561107,0.278966595032992,0.282761327024642,0.291549891717775,0.313422016098847,0.292789957253789,0.283093660484361,0.297162497474421,0.305722612983708,0.298293716660921,0.327489203696977,0.294351507527115,0.343120196161645,0.419271856692885,0.451421761817741,0.484187801885474,0.52169123220753,0.491596566435081,0.50704997052398,0.496283451542394,0.49057514541549,0.495614645207061,0.499442923369453,0.520876472625248,0.498129197712949,0.479342922672661,0.492183505685571,0.502690708459939,0.494518668757788,0.506980553193657,0.479780621838165,0.468182548897026,0.50944428733551,0.623259944318218,0.629413680398335,0.587377579231815,0.589568810895688,0.541247432342846,0.494658358721908,0.480663893094983,0.47303041426603,0.455936305889002,0.435282692865521,0.455638097243895,0.434527426331258,0.425071521904323,0.43004393304553,0.432461915333384,0.437816658503798,0.466117305952498,0.487682696190827,0.482784146096214
328,"GUY","Guyana",0.454798960479037,0.486022289573889,0.590182215162888,0.727753862224651,0.784944798051534,0.705202799426113,0.753019540683754,0.827841898696513,0.774130686947758,0.846199749452633,0.80497120063284,0.937910821219859,0.859667985627871,0.944723195079214,0.968841665835374,0.867949357740602,0.928225506191646,0.895151179134021,0.844604925947779,0.600791147029694,0.929029048303014,0.918957544188466,0.954459785079632,0.979979341434836,0.811448667324778,0.874026761680047,0.946779888240546,0.841693358055228,0.72888275651096,0.944814638689942,0.788873618444404,0.94366186505973,0.961070597393724,0.85538490420638,0.984812552429512,0.970590212242757,0.876345459336612,0.811671068333027,0.815222927338653,0.897088859739218,0.974095916107142,0.91024641833191,0.998426298823678,0.715940841003503,0.930773826706319,0.959383235042227,0.908144418774063,0.621601616856032,0.984883260196876,0.73900824345071,0.871778525760517,0.802985048941825,0.651452384266433,0.728049745745626,0.882601776846617,0.836655465107799,0.713298816164226,0.827333260208372,0.762286773117,0.8254107054726,0.780828144175265,0.963637606080467,0.847338527926394
332,"HTI","Haiti",0.745060565551996,0.724706854450002,0.722591055786077,0.710241783885396,0.697115690187753,0.689507474279917,0.680792533973966,0.657728347329278,0.661549685564928,0.664547059710807,0.629469692836489,0.630866224248703,0.612242435067208,0.629935439943359,0.626989471407646,0.619426321275528,0.555008210180624,0.542977939778933,0.549281137377007,0.655856283021424,0.698722879251692,0.838640136779245,0.871958462658543,0.830923077883721,0.836051521293003,0.827665928450297,0.808488391591836,0.800131681687643,0.776103792205748,0.756810900208289,0.71098355770352,0.679384523544837,0.688309698950875,0.674584769454336,0.628888468946951,0.634845578889151,0.543094585577768,0.496986014291328,0.545257924101411,0.444065019505852,0.449371064244099,0.421888265380076,0.431075434689332,0.51843242553522,0.50035140685804,0.484123255349138,0.54310108983829,0.467855011593424,0.56855428664323,0.57970176434726,0.567895059904063,0.501274352108327,0.547398041981288,0.533894460139572,0.530148008344094,0.523477143300317,0.502339202080645,0.390045763383688,0.41197943017961,0.485500847336505,0.536672049951118,0.553565740881557,0.541346951472418
336,"VAT","Holy See",NA,NA,NA,NA,NA,NA,NA,NA,NA,NA,NA,NA,NA,NA,NA,NA,NA,NA,NA,NA,NA,NA,NA,NA,NA,NA,NA,NA,NA,NA,NA,NA,NA,NA,NA,NA,NA,NA,NA,NA,NA,NA,NA,NA,NA,NA,NA,NA,NA,NA,NA,NA,NA,NA,NA,NA,NA,NA,NA,NA,NA,NA,NA
340,"HND","Honduras",0.363008456126681,0.370481503642955,0.370296987606029,0.412816939226943,0.416592072151193,0.418111951421037,0.438689789297848,0.417209031263512,0.398864683060262,0.371362832096556,0.366814293036153,0.387422315004302,0.399682613295459,0.460864264996427,0.424269009361968,0.435240308121768,0.443861863368925,0.55300290776695,0.566529036815284,0.526108316847584,0.577444652595014,0.600857065453859,0.567797627083052,0.521676732035014,0.589228442958895,0.625325039088302,0.539129671872258,0.472861073574185,0.517278284928511,0.655206401192075,0.522731404260205,0.520502733589529,0.44828532397832,0.697270908294618,0.309213809120133,0.429806044996451,0.313832725050177,0.269538204668781,0.227746780731246,0.209652889865223,0.25175038566135,0.462529665469027,0.488793236781745,0.609115831650323,0.493742335971906,0.408176697187325,0.462450211448492,0.49284328793407,0.565975295455432,0.433817855846042,0.354082867252597,0.410207861802482,0.383094544300511,0.380945852521063,0.405598058892251,0.379715764060976,0.467201401945025,0.427574186509608,0.413362991075824,0.296307891702645,0.322150232381442,0.39440015444717,0.364594057215207
344,"HKG","Hong Kong",0.297686320503252,0.23428365338236,0.180017525050047,0.162857777141616,0.219305087827133,0.296802356485911,0.315897442773295,0.255822758887912,0.241224771113401,0.22190407489198,0.203048117459816,0.175240570918261,0.202544481825363,0.229851426606463,0.205605633334626,0.207524349066444,0.18832357632119,0.16545993343911,0.164428077560001,0.164789712384072,0.162563093225601,0.151206796465268,0.148250965832121,0.148606225460782,0.139113212421132,0.16127691952636,0.142643160019399,0.140508150741364,0.150203428242596,0.143258933743028,0.152774936704096,0.156305466453889,0.180226702820638,0.188735770090146,0.185875955112051,0.165980979111349,0.152618919989745,0.135663376353595,0.122427741722714,0.0937525684162474,0.0714116017078327,0.0708275317002937,0.0738311626722311,0.0737702700395452,0.0730455239358869,0.0810177975082829,0.0848914492235474,0.0850659688619311,0.0810765144123128,0.0809584915935802,0.0798668655454977,0.0894059559192682,0.0882519235821188,0.0860715110016541,0.073664441359333,0.0764423583504957,0.0760408514938259,0.0779097787824027,0.0803261539204039,0.0872475160207048,0.0898314851734229,0.092761198324827,0.0907706356368918
348,"HUN","Hungary",0.409400133515593,0.385393539414936,0.379043335148245,0.353272386941787,0.356471182749764,0.372508220879255,0.343909018949001,0.308532657076085,0.333633271067778,0.242270064169761,0.294172136111498,0.307236678755612,0.303902231475224,0.296890728293244,0.286900993319286,0.297678151558172,0.292707699072599,0.314994264094753,0.273838458380453,0.347967113135647,0.310080113502484,0.320794639774997,0.309029101062146,0.352766567740653,0.362478498219202,0.34600217717026,0.332589641340574,0.352409123589654,0.388124219620328,0.45815692363364,0.643747040461323,0.622287434245061,0.455674089569779,0.60641601183458,0.607985440277252,0.502568366168173,0.618121317296258,0.595966477172306,0.47770484290274,0.429930807974606,0.588284696742019,0.504361503786603,0.415611664332522,0.709953495371814,0.710691207206554,0.624741797618223,0.483923526145247,0.823196420943774,0.70110072538763,0.614778101666207,0.655065950949178,0.52291743969849,0.624737098934021,0.734915359604408,0.652721667168919,0.708073133871605,0.610208395324382,0.59750332368346,0.617225560623966,0.578658951031969,0.537131708424632,0.468707372128767,0.902124175956436
352,"ISL","Iceland",0.00293740161557089,0.00210367319632889,0.00184939597632099,0.00173967921809931,0.0024846144712005,0.000781035477369359,0.00126371412749404,0.00104636364834566,0.00087724070903707,0.00100345954624515,0.00187329500883961,0.00137875798900219,0.000972647245618991,0.00207782929853885,0.000960698188206201,0.00107653762224198,0.00117090652305956,0.00186761558339947,0.000927872803997342,0.00230110202437086,0.00163820986035512,0.00217951670500359,0.000826076715901294,0.00303282583710116,0.00213281859722495,0.0027501433398802,0.00327162978203917,0.00192872325467914,0.00151534203204142,0.00152057691467926,0.00276073495241301,0.00236445874915981,0.00195786368937964,0.00249811410099432,0.00198340810022374,0.00261311785161511,0.00205797932464006,0.00254407470832461,0.00198916408109079,0.00226405868704094,0.00287767447664272,0.00205851552782429,0.0020198194786341,0.00284710017574692,0.00312749121133313,0.00307675674005885,0.00283311806491182,0.00268927109289104,0.00287422837858499,0.00341416611476217,0.00236893955787388,0.00282948340635735,0.00245676346983245,0.00270633418901253,0.00864383060262234,0.0133462991807065,0.0116424810836552,0.00714022205045324,0.0140818788150445,0.0123235697234299,0.0117607839488945,0.0149115040941964,0.0159990685202812
356,"IND","India",0.489628998794003,0.49028236262487,0.486303186559013,0.487024015046248,0.456931639522972,0.44453330504302,0.452787453683393,0.453189607188295,0.483828750225645,0.494927215536235,0.476263406643024,0.45136257869927,0.490839721053542,0.459379119005263,0.472404591291495,0.450460787155941,0.458589826118129,0.462009948851373,0.414404421176775,0.412679464545752,0.426069927622791,0.417693693633409,0.433430218282712,0.406423240246655,0.389265839505326,0.361551851933584,0.380404185404914,0.383587770010813,0.407331580535322,0.394347535247504,0.388536687977271,0.402980724517131,0.391882480450806,0.38348911700169,0.389171965198042,0.388232995670759,0.377011154331829,0.37104481318233,0.383361648800359,0.394595096410037,0.395105230421881,0.372797676669893,0.399284600735398,0.374758020062974,0.368719071301378,0.372223628698618,0.398899276910289,0.383325849204805,0.360706993317972,0.382031208089467,0.392262626580783,0.408082069771609,0.408842824925066,0.409191602244944,0.383242204720265,0.409121406153246,0.41316363352069,0.416970746451534,0.412737953307867,0.396042073895868,0.418695389413274,0.413102935395319,0.430207148216508
360,"IDN","Indonesia",0.778383548222623,0.785417631024019,0.754166032760282,0.805914217622496,0.77633422577738,0.76559506269642,0.773730632816875,0.747106076091825,0.800200072472072,0.758769982861799,0.751715866655764,0.659934848571308,0.669744638542978,0.686562468955926,0.680691116792275,0.690840579150393,0.617101458418767,0.612594486566831,0.587775369674357,0.514478801266543,0.511953627924666,0.471140019973452,0.50114759512022,0.459280483997897,0.456771983781319,0.455342032747292,0.437514840210307,0.436478073476089,0.462415377104912,0.441414825255541,0.455239446283758,0.454559882009264,0.478326043025606,0.452562095738493,0.43780605988233,0.403730986878498,0.43315666505536,0.462027261255187,0.500284811027883,0.505773360640789,0.510427161105893,0.477008747317346,0.507221271896585,0.498045977709372,0.507314174951986,0.497407361560574,0.507785716606821,0.51107222979573,0.472333772507686,0.517864799800459,0.505319049715347,0.527914498280007,0.548275796099138,0.531115907659243,0.527508903647219,0.527560700017362,0.509798560993247,0.49556400087943,0.512673481113623,0.495822142643987,0.521173253500552,0.56328185245976,0.536550663230677
364,"IRN","Iran",0.697497920709731,0.677097415849343,0.676211128941319,0.667462796252067,0.826032591485941,0.841459057147419,0.711211283990112,0.808617780138363,0.760646532497179,0.729851273252105,0.585858189062544,0.646081787844862,0.547351936351391,0.537331675463527,0.586437093096269,0.616322861615238,0.511319869769289,0.578933474128828,0.44799022311891,0.427643441615725,0.384197101526223,0.384904557457016,0.312433520707687,0.373236823710045,0.400149771100542,0.402503030998897,0.402422957552986,0.396050950434223,0.285231853300152,0.425897161121213,0.388120034607418,0.36093120846068,0.480653933493266,0.456261573441789,0.458519585094968,0.420714243067816,0.366309769235885,0.408366490772401,0.341993458346428,0.316995988240579,0.345665119074903,0.40902852014623,0.412849331366478,0.39376218783511,0.416799582619065,0.361411118743015,0.429496942940522,0.231647133670889,0.323354722709584,0.365756027140176,0.378972999130087,0.36880404950207,0.413066314208804,0.423622909427937,0.513743927138082,0.525364169916886,0.458488785938818,0.429977951798069,0.430426630907149,0.411819782838824,0.36130434522992,0.365312466626735,0.377192093959052
368,"IRQ","Iraq",0.462447214101315,0.16432121985625,0.865570504865783,0.693560445990313,0.465288505948494,0.677916690839473,0.67147132638134,0.342411229973381,0.611055396370582,0.810604875650794,0.901717888100867,0.161396708462272,0.876751646125274,0.919795089889812,0.645659406740232,0.754712034040513,0.442281722933644,0.522913028715561,0.367238458596005,0.476920693100519,0.511052663170704,0.491170733201924,0.50231890459364,0.23240048670259,0.441502054773773,0.340216307095851,0.246442607206267,0.303826354614446,0.231563802397393,0.452077665279717,0.488226614747944,0.40958469587966,0.2937923136663,0.253971097120383,0.250656771686772,0.272643338565229,0.221098058494273,0.233029993943837,0.178428897961179,0.127506741432714,0.129396304083124,0.188329608126135,0.976696784399623,0.810685324458011,0.484675186340944,0.441427235914247,0.532593663173895,0.29847668995336,0.324885469394294,0.635650038700723,0.546919348825649,0.532036222580381,0.661676847978592,0.777670769703296,0.450523442996951,0.400448617756195,0.3829489734736,0.246956220630442,0.528044111636488,0.69369041088987,0.614062598521256,0.327245172973754,0.359880812501319
372,"IRL","Ireland",0.740589939817223,0.755191957064265,0.663423666383266,0.594267541044736,0.579836123030453,0.491799904791561,0.539845518793616,0.57655145113986,0.529203558403887,0.492444657834514,0.520326085179797,0.418577390858054,0.389500132819096,0.386069241671673,0.36665358065888,0.341130370490366,0.399252594776015,0.348517882267598,0.377975843912787,0.375803017584071,0.380684823028726,0.401328515052929,0.33834374863572,0.427699510957647,0.357492277392929,0.306334190056339,0.357545945104763,0.345199692162046,0.30634008985992,0.32150279845115,0.331450350387304,0.337719456193564,0.253574618427487,0.248743242084027,0.270733596115573,0.329470363997876,0.297442985016706,0.267697414078241,0.286701742279982,0.331900900263565,0.328017987994001,0.298886966934767,0.323471150797274,0.394412272501037,0.315547402731431,0.320050040109931,0.322754826476672,0.39816531233154,0.300528590143847,0.319466663867484,0.424007222888267,0.324925172451458,0.360664082558645,0.387356656006719,0.393666468484526,0.336441017907183,0.334881524730396,0.246083694449291,0.329636322090481,0.269512621749772,0.328882550870496,0.384021526403077,0.340565682173372
833,"IMN","Isle of Man",NA,NA,NA,NA,NA,NA,NA,NA,NA,NA,NA,NA,NA,NA,NA,NA,NA,NA,NA,NA,NA,NA,NA,NA,NA,NA,NA,NA,NA,NA,NA,NA,NA,NA,NA,NA,NA,NA,NA,NA,NA,NA,NA,NA,NA,NA,NA,NA,NA,NA,NA,NA,NA,NA,NA,NA,NA,NA,NA,NA,NA,NA,NA
376,"ISR","Israel",0.385183171177072,0.412588315104985,0.377941682476648,0.523115746610636,0.527670136406001,0.438958483692477,0.532822355269128,0.524378246726037,0.49935166286469,0.452447285910693,0.506678630972435,0.586207726058058,0.58473335026049,0.617112020384088,0.514297825072925,0.512317574545195,0.530294094796839,0.548800893350902,0.533947586277789,0.550846080658238,0.566349253979618,0.50374312672911,0.563540187632605,0.402647796111058,0.467955463595165,0.418353066731102,0.431593754768263,0.430524978993934,0.390606961746058,0.459176406170345,0.350644737098687,0.391796171070709,0.362324685821144,0.290771816633036,0.374868996572742,0.322394331582621,0.302657482319628,0.31815833566043,0.279856869110108,0.280304929391877,0.308976723394232,0.31676641113986,0.301152208393804,0.305447393845916,0.332117831493126,0.316622123864526,0.3007784974342,0.264677810995551,0.303047092923011,0.31420347677401,0.309938314173103,0.339200766372578,0.318691503884191,0.32308148027758,0.319932852353149,0.293150823539084,0.2459973232874,0.221867440019531,0.261178210621086,0.302192426873208,0.298548901432461,0.371033041263303,0.34673463855631
380,"ITA","Italy",0.424467053177833,0.420018209351803,0.41474981157035,0.420629102662357,0.407478490511259,0.39947680550039,0.421545392303423,0.390883251829754,0.380402030190522,0.366184925027721,0.371160906941652,0.335411473641132,0.337167456941121,0.356669718347784,0.356265155065033,0.348911925386018,0.288207083691828,0.282756787972015,0.277489101144203,0.302980276241002,0.314509592002162,0.296157010931617,0.310818078914659,0.310654375421355,0.290031420233735,0.324924250042015,0.340317741013857,0.331930018979017,0.367480906879057,0.346609840514167,0.377462305083121,0.3717661984406,0.350903925079437,0.363612531723666,0.373318825693261,0.379091108560375,0.386388048042183,0.404144957507148,0.394827265426473,0.395662943141295,0.393659183163524,0.390560368638758,0.342004704394062,0.435377527854479,0.440031771899447,0.397708713650471,0.388934341235964,0.447177739530532,0.432032854209446,0.445274871134484,0.46218276310849,0.41851103507212,0.414742156532711,0.442209282099282,0.424984090932505,0.430246129086851,0.397642259998503,0.426389451219094,0.421744480791121,0.396200790658281,0.461952457656075,0.431257894278917,0.419614603134197
388,"JAM","Jamaica",0.510548352678716,0.520142217440548,0.497165977470412,0.720206454713421,0.435179089601807,0.177595719154624,0.833387744372697,0.851997736211795,0.971843398086681,0.925003684741832,0.942471481639765,0.872858043000507,0.996045110370345,0.971848931126467,0.910829782377112,0.983189051858996,0.831386131455085,0.869969144494374,0.993693141825528,0.833916947732497,0.710817589390345,0.941370827016048,0.801042005861283,0.749010021131387,0.8523783106232,0.867826879171057,0.626824796009253,0.612352203620326,0.490850540530026,0.751276477615788,0.832807436134578,0.85614002695011,0.913741462720546,0.960341747217005,0.932858536735274,0.973349013877876,0.858887142653763,0.833938957576303,0.799426474850508,0.688448541295363,0.797405714145301,0.848324296469217,0.75812164182303,0.764334329812665,0.747310346411307,0.969404521826882,0.866486481877787,0.972739799701493,0.930414638113481,0.708394240348781,0.766298317455723,0.669698583739638,0.715606561420158,0.740553350027484,0.883738590047577,0.801396316341542,0.756605493821031,0.634687453155449,0.628008412734527,0.610328638497653,0.564055252895935,0.679201100010982,0.599120561024677
392,"JPN","Japan",0.559868466080551,0.550701828846293,0.502393853198025,0.502875122383661,0.484460142142851,0.450105329179251,0.461584089119971,0.492424973661458,0.468335606751065,0.449058919363115,0.407166761554935,0.406409162761106,0.360620249131378,0.407057932861887,0.445195342939548,0.387303735624682,0.419195706406606,0.404077568563375,0.375585319100725,0.38919910999511,0.39136395123976,0.388089915598244,0.374115858475197,0.407019743952436,0.409932372296678,0.403732790653815,0.395561510239373,0.390317470982816,0.397429086380612,0.404012874650782,0.400892114316552,0.421715128579558,0.336435332629543,0.431703307964151,0.4322787576226,0.432333532397731,0.437336367260517,0.417767522175423,0.427987624623786,0.433939679568816,0.43099543355717,0.4327338914085,0.39789236994168,0.423776367467099,0.436995546687661,0.420710975357623,0.425694229150981,0.478921813608975,0.470419881343417,0.433573309920983,0.454956566869501,0.470148186303164,0.46313254830175,0.469344054859382,0.491366980062566,0.463203148672737,0.46589690032313,0.459882020325261,0.48331424496046,0.475099983381338,0.49134009232654,0.489479948306422,0.514767837450176
832,"JEY","Jersey",NA,NA,NA,NA,NA,NA,NA,NA,NA,NA,NA,NA,NA,NA,NA,NA,NA,NA,NA,NA,NA,NA,NA,NA,NA,NA,NA,NA,NA,NA,NA,NA,NA,NA,NA,NA,NA,NA,NA,NA,NA,NA,NA,NA,NA,NA,NA,NA,NA,NA,NA,NA,NA,NA,NA,NA,NA,NA,NA,NA,NA,NA,NA
400,"JOR","Jordan",0.00368629766454687,0.692363346719326,0.746667859379193,0.146513464208893,0.492649102758131,0.746328485531487,0.74333057089382,0.794508306839389,0.99051979779666,0.476764980473116,0.93546368164819,0.930497059381522,0.364304011785789,0.973899613298787,0.41986636767196,0.364767472652828,0.574035146724964,0.498370568511472,0.190630460749946,0.617071839289614,0.505881164884204,0.321879097664028,0.380879948484616,0.319192624072173,0.296204242012052,0.300585524207887,0.421135936507732,0.300239131942886,0.252366472735439,0.51565915334241,0.252289118111164,0.442177092248725,0.401843302703658,0.56620402660375,0.5019682325731,0.48821144193195,0.294065855174154,0.269426774077395,0.197666842823451,0.349959969724,0.288511641569822,0.480200288955872,0.366862732583334,0.607719246398227,0.411821801688829,0.660052343156247,0.488102906636804,0.415286004205809,0.448362899945912,0.453477110885046,0.471707146856665,0.428382165327285,0.317485494458394,0.367305228009216,0.302035391008149,0.424577460036213,0.349150459506648,0.355303839778185,0.377239266908987,0.438800063033359,0.481051029822312,0.256787567296017,0.285342283921913
398,"KAZ","Kazakhstan",NA,NA,NA,NA,NA,NA,NA,NA,NA,NA,NA,NA,NA,NA,NA,NA,NA,NA,NA,NA,NA,NA,NA,NA,NA,NA,NA,NA,NA,NA,NA,0.924603340729267,0.769007388602153,0.639411398120239,0.459430642130693,0.583780753560939,0.854743144633168,0.543750295690022,0.859431350194281,0.974261753947721,0.717432032973896,0.761108146135559,0.873824350043423,0.946057979837771,0.963164917274506,0.860189232837562,0.668326346660481,0.944338053721715,0.676100906747195,0.800103533265856,0.391761665906673,0.803030411782861,0.760346293948682,0.91863838708963,0.901999504547546,0.792105335875542,0.896740914979612,0.822763592367605,0.764186248580423,0.691192514112918,0.906959738783548,0.560962470820614,0.892126267144759
404,"KEN","Kenya",0.714322264415179,0.745828754121291,0.746632337027501,0.715174549221833,0.690094136602916,0.672010384192951,0.746500043886597,0.831480791975119,0.795046486054184,0.70899928924204,0.714772506902825,0.696513415919418,0.759819356619709,0.802336793641142,0.762417233317271,0.856556570876773,0.836762531232472,0.803883841951013,0.844210270582162,0.912378382487078,0.789122052558828,0.837564855388326,0.764101837753621,0.660211904043171,0.690481381435756,0.705435573641107,0.655707864075646,0.629585941797209,0.627479843537958,0.618730254766145,0.690120599647377,0.691872858774267,0.714503497541266,0.707833990056118,0.800788657128081,0.70616684897357,0.70503667088094,0.765026493613781,0.741852670144349,0.627744522714711,0.693881622315512,0.77037752037752,0.715328549635573,0.680931160549161,0.756216823919509,0.754594986901738,0.710624562396839,0.691369299472992,0.674103214452094,0.770415622389307,0.688362062237577,0.684130016374135,0.623577066888243,0.629134160544997,0.69296487904401,0.639127618422013,0.542156843451737,0.722217774899147,0.617747283712762,0.631407538403782,0.597518668051866,0.702776768910754,0.629648128556765
296,"KIR","Kiribati",0,0,0,0,0,0,0,0,0,0,0,0,0,0,0,0,0,0,0,0,0,0,0,0,0,0,0,0,0,0,0,0,0,0,0,0,0,0,0,0,0,0,0,0,0,0,0,0,0,0,0,0,0,0,0,0,0,0,0,0,0,0,0
689,"XKX","Kosovo",NA,NA,NA,NA,NA,NA,NA,NA,NA,NA,NA,NA,NA,NA,NA,NA,NA,NA,NA,NA,NA,NA,NA,NA,NA,NA,NA,NA,NA,NA,NA,NA,NA,NA,NA,NA,NA,NA,NA,NA,NA,NA,NA,NA,NA,NA,NA,NA,NA,NA,NA,NA,NA,NA,NA,NA,NA,NA,NA,NA,NA,NA,NA
414,"KWT","Kuwait",0.0435283372273953,0.0543904066393076,0.0526689766304782,0.0579760677554503,0.0644632371786336,0.0771790372145435,0.0778271725921884,0.0837041429417373,0.0944597837477886,0.100635975251379,0.112263520569442,0.0932330574642975,0.166934637895707,0.228779375126764,0.161550595983567,0.169438032071802,0.193737027323802,0.154498621259722,0.131000897058028,0.123925784100763,0.103035214672287,0.0774628548385588,0.0640026212783908,0.0753600095267649,0.0965053464486934,0.11213084710036,0.104399503555961,0.115017614750777,0.119206063641717,0.105003739505683,0.0643252932266732,0.0579057141281383,0.0855599533788834,0.0967151317779269,0.12223055852438,0.0989132186090023,0.130552391250754,0.157537596193025,0.155332661057526,0.213495942959838,0.155736209027025,0.190293845212003,0.225088932969352,0.213995460805105,0.218520167730317,0.258888508087929,0.293170119867865,0.235638272519683,0.22787281899724,0.299903879226319,0.333297467040693,0.245870327136616,0.251061975796123,0.261812482932633,0.133424533193344,0.125067991664616,0.141821563685252,0.16988441174164,0.209806189344423,0.158467204565866,0.133813057413404,0.139319196166728,0.15532653440256
417,"KGZ","Kyrgyzstan",NA,NA,NA,NA,NA,NA,NA,NA,NA,NA,NA,NA,NA,NA,NA,NA,NA,NA,NA,NA,NA,NA,NA,NA,NA,NA,NA,NA,NA,NA,NA,0.457471066705646,0.496330831509762,0.405321352337962,0.435776780061014,0.584209250253148,0.712136399490322,0.694614995419054,0.727862363885051,0.698071279765238,0.9198960401212,0.946651856261334,0.82546488765064,0.939367317923913,0.859040604871212,0.814476464984016,0.768208384443322,0.760068087372455,0.651959303454675,0.563091342096481,0.592060132171845,0.502158451336579,0.540428039586178,0.451970171168038,0.663658267652224,0.672269884963251,0.516113165999319,0.508402676243287,0.463923676112361,0.490550841806113,0.378677734382432,0.542589957600288,0.463284813803959
418,"LAO","Laos",0.253518988023043,0.245218637109384,0.24125006529802,0.253004294626031,0.246421228118922,0.23767243929151,0.243574043697259,0.275407884156013,0.314263517572506,0.324416377034518,0.30488076525091,0.30785608013949,0.334547806174375,0.342931441736212,0.346280535691753,0.319854308379181,0.328895817937011,0.289497851878129,0.332153506270351,0.319765046285699,0.340831898792589,0.351015237798603,0.345490080921962,0.394734831846915,0.393090519380752,0.403321735580734,0.369537458234371,0.339036123530973,0.411191685396049,0.418149712472446,0.36069152316858,0.396331495039114,0.358859112041274,0.415536707296523,0.364946376071443,0.362108615135888,0.382963077132064,0.418887930548276,0.492339907774361,0.554085823497434,0.531263622724828,0.547298106877546,0.540950553381811,0.53702095106843,0.572982698382811,0.590883983015281,0.621686507329314,0.700092562581031,0.713811633483538,0.712330240252671,0.787611489337249,0.668738346799254,0.731451291362714,0.815449060264086,0.884611288881501,0.908270846619743,0.825423827203182,0.771317211174631,0.700206701665584,0.706284210885275,0.694768525035398,0.717754389152229,0.660731780456965
428,"LVA","Latvia",NA,NA,NA,NA,NA,NA,NA,NA,NA,NA,NA,NA,NA,NA,NA,NA,NA,NA,NA,NA,NA,NA,NA,NA,NA,NA,NA,NA,NA,NA,NA,0.213910774635589,0.311490508344342,0.282172230014025,0.395372749460008,0.505131493073748,0.514001019231285,0.393581124029741,0.34100156225858,0.433971909758717,0.398630092450793,0.478437174540108,0.406761994989782,0.479097930871097,0.556339653048692,0.45724110737178,0.549371460530469,0.584434465105294,0.607056386504987,0.542356361548655,0.498594334654295,0.67377807846496,0.574638184664383,0.573315560331586,0.76946750344345,0.687895266968631,0.660508219018471,0.489424270285452,0.698247325493622,0.708816394526123,0.646589839517207,0.712914836877305,0.665957632136054
422,"LBN","Lebanon",0.461675740932494,0.554742607558275,0.377696659169543,0.363516024983195,0.377041171054362,0.353247948318278,0.367165475048682,0.299684821775293,0.223211127952507,0.219295257403038,0.166081578644008,0.171180048942859,0.136876269661332,0.291003359238328,0.47831185741099,0.239884996911449,0.289413297223815,0.288963784055112,0.251139343488272,0.260755919194845,0.209768774399644,0.194541458823228,0.221165974818246,0.22297610251889,0.320572444714079,0.376878809492932,0.461470656846736,0.436057910162657,0.406031851917996,0.502217247628185,0.504725652525303,0.495376504518459,0.40730380445168,0.586093129782236,0.377454476502196,0.429640053185353,0.381571963709175,0.347038165071461,0.362158427556648,0.348590671973659,0.276772892936234,0.368191432646505,0.313614589814154,0.348565264162572,0.532239430558998,0.575667153082322,0.458094152085862,0.584889830665081,0.333049452515566,0.346615634132773,0.336240983470052,0.321248737550697,0.33082178915068,0.38775895547924,0.36106944255611,0.385766790499804,0.353754312964707,0.408024518288824,0.397940918789535,0.449723996309181,0.517035967761338,0.539981641396927,0.426096477355121
426,"LSO","Lesotho",0.952593466533296,0.938630513733648,0.944522044339386,0.94919724875672,0.872041018570382,0.913972475325973,0.834300647990898,0.835773634613436,0.815573905590717,0.696683579444309,0.740291724805758,0.413958262059528,0.556869257168161,0.864874091328969,0.557833135928884,0.477349380365347,0.898234456671966,0.972148557101184,0.797941190836712,0.652313966546486,0.616925285842247,0.468102855732909,0.472522183024998,0.482050857495845,0.640279271868211,0.498279750754998,0.472546608662002,0.677401624739528,0.649343606029431,0.757759367618957,0.267151183430043,0.354416298727606,0.459968262233297,0.623830856579202,0.259811022832652,0.623475955005285,0.572830686324738,0.489063002171817,0.423647333024796,0.314109829237961,0.416514075931555,0.325420503419095,0.340590366675821,0.384180975742709,0.358555887937423,0.242965884189056,0.213263273088763,0.290564463020076,0.30188410111384,0.595125467673903,0.34583640658407,0.391186839012926,0.253792558476903,0.252240295162579,0.311497517572872,0.162098235352376,0.58000118632562,0.36539987135506,0.143902444008083,0.160890700956563,0.296711108028919,0.270827420629137,0.384609346792044
430,"LBR","Liberia",0.488456253894841,0.488006503971452,0.455164345624831,0.441340125149319,0.449687471415068,0.600911974623315,0.573185552830559,0.613622382805262,0.584882305756092,0.609124338042029,0.666097195573895,0.57863673580786,0.586997036105622,0.664125989426558,0.549916904674236,0.503771868348083,0.516357376809914,0.604245200653266,0.490676558382355,0.61772594089286,0.593733778448732,0.681530180862674,0.635102766955554,0.682838635831534,0.642833482716964,0.638382793516341,0.595860810121599,0.604527942589638,0.664851156033782,0.640646372972621,0.593324215854188,0.610200207110804,0.639633723950817,0.606958762886598,0.569203520306545,0.588296855528535,0.540502768897507,0.471747724760979,0.522356538854676,0.53361282152059,0.508737650449975,0.496736283508324,0.4944545986087,0.513189749892918,0.539471426894565,0.506907706945766,0.588448020756933,0.554434027525636,0.463144717245497,0.45241725744914,0.466569923680533,0.459872717038858,0.435297019189269,0.431639283187444,0.454636008409962,0.467415474428055,0.400406338377029,0.411835153662386,0.427159377220751,0.426476696478997,0.452498766160098,0.494276472785899,0.490064883097077
434,"LBY","Libya",0.390785881902208,0.39649021094412,0.444064326025071,0.407112325163771,0.571010638297872,0.506106177891207,0.522869002799498,0.456389013957677,0.518215381009122,0.284502577678696,0.17064580859167,0.38128071900014,0.542419990285498,0.342275254713153,0.345264340260023,0.433042420774018,0.190143322934015,0.381058109280139,0.226680556330648,0.240527593993658,0.223420893704222,0.216058684460549,0.275811928800966,0.224913990825688,0.237894814861874,0.24944205092377,0.218263195845938,0.253481677050402,0.281516716089895,0.236275883401871,0.227609908502566,0.256695037843285,0.203140108568062,0.253533887050667,0.219773355499375,0.32002960184059,0.27999020299625,0.269556293880371,0.197005996614352,0.243650008246743,0.24388533274731,0.244499872090049,0.290714544795067,0.24912846851351,0.237637015395454,0.232286732341228,0.231769666185283,0.233596577547242,0.235864893206942,0.253555490420301,0.268074364040606,0.283317187225363,0.316778212639818,0.396878658275091,0.439484147564222,0.448825843210538,0.247481358740679,0.419115924873238,0.385739490641301,0.400224505655816,0.388814706301775,0.385506255201915,0.338431786216596
438,"LIE","Liechtenstein",NA,NA,NA,NA,NA,NA,NA,NA,NA,NA,NA,NA,NA,NA,NA,NA,NA,NA,NA,NA,NA,NA,NA,NA,NA,NA,NA,NA,NA,NA,NA,NA,NA,NA,NA,NA,NA,NA,NA,NA,NA,NA,NA,NA,NA,NA,NA,NA,NA,NA,NA,NA,NA,NA,NA,NA,NA,NA,NA,NA,NA,NA,NA
440,"LTU","Lithuania",NA,NA,NA,NA,NA,NA,NA,NA,NA,NA,NA,NA,NA,NA,NA,NA,NA,NA,NA,NA,NA,NA,NA,NA,NA,NA,NA,NA,NA,NA,NA,0.222272005055404,0.412280320536924,0.342488011581265,0.358848789442064,0.374892001659943,0.418825448336208,0.395476904054726,0.307912460452787,0.373687213025789,0.343696607365878,0.355138057090982,0.35943177832953,0.384605442847033,0.369161113547378,0.2444558930997,0.381948542823364,0.45262970072849,0.474993438903274,0.355082020885906,0.402535193179276,0.551209560814541,0.513007401234451,0.550614754098361,0.640663384102706,0.561414349641778,0.574276831356878,0.450316786604303,0.562543541214838,0.66072016631174,0.588380023427151,0.682128497529975,0.656086733990827
442,"LUX","Luxembourg",NA,NA,NA,NA,NA,NA,NA,NA,NA,NA,NA,NA,NA,NA,NA,NA,NA,NA,NA,NA,NA,NA,NA,NA,NA,NA,NA,NA,NA,NA,NA,NA,NA,NA,NA,NA,NA,NA,NA,0.390734512110336,0.369174085259654,0.449370898168202,0.438923418301447,0.425152386766087,0.415232537203066,0.428018453984174,0.413280054106007,0.500987017677483,0.497612236381775,0.427406383734383,0.383795715015442,0.405656656058197,0.451856413444228,0.451740277980284,0.455813871999404,0.348971767892489,0.375240831667378,0.429495823643293,0.422648823626381,0.39522466072561,0.370015518318591,0.573594548551959,0.469544878051421
446,"MAC","Macao",NA,NA,NA,NA,NA,NA,NA,NA,NA,NA,NA,NA,NA,NA,NA,NA,NA,NA,NA,NA,NA,NA,NA,NA,NA,NA,NA,NA,NA,NA,NA,NA,NA,NA,NA,NA,NA,NA,NA,NA,NA,NA,NA,NA,NA,NA,NA,NA,NA,NA,NA,NA,NA,NA,NA,NA,NA,NA,NA,NA,NA,NA,NA
450,"MDG","Madagascar",0.678998186954505,0.664671312164522,0.667586272316576,0.697238538017009,0.686711700883055,0.632415148754753,0.648844009569831,0.654991180127816,0.663550777154678,0.673365313211585,0.673809217853165,0.647529952290836,0.678057625849871,0.73415272479119,0.713589663386348,0.74208698633687,0.700545039973663,0.654301218388451,0.650536350000196,0.62111472350384,0.587546469074311,0.583167993023002,0.628511608669075,0.66266497452256,0.650790247941216,0.668294394467172,0.667909243786798,0.676926893942331,0.729433250854248,0.710073359073359,0.679705572297572,0.676415031197245,0.666280755664236,0.658906709971155,0.644298380239701,0.643398743407729,0.654159548584149,0.669584324025934,0.723644082546938,0.771783229891282,0.798865621373905,0.80103097729146,0.810454637988841,0.854359681564596,0.806370559356759,0.860748574721559,0.858693403528296,0.863461261644127,0.953793473328108,0.969025613041847,0.917603947949126,0.875925134342941,0.864931333398266,0.810627466188972,0.79539539602619,0.788564686020253,0.689767678120883,0.712868090648179,0.692124393208768,0.717887779571998,0.791471835047852,0.798161343595855,0.746653839924218
454,"MWI","Malawi",0.616926213830218,0.625749427811168,0.565486620973168,0.60594230783517,0.590112882884974,0.607906228453229,0.671796530960726,0.614259274584891,0.596712102618046,0.529231489777633,0.596056762609342,0.616787034820312,0.601588602408119,0.650303258672039,0.566578629886856,0.545841094295693,0.649837118319123,0.589865734040843,0.640474938854141,0.547250043563409,0.54776820774939,0.589117372478731,0.606577771443671,0.631002172690479,0.71038016776717,0.597278386047272,0.506839938132263,0.584993594929881,0.597648737234648,0.610698938199757,0.567143209333273,0.380349705632014,0.606261477369635,0.777260831637104,0.730211339249723,0.690848214285714,0.549358029351602,0.632934509331826,0.757386172253709,0.771888073770837,0.825169616138685,0.497453845480794,0.521426875840729,0.481853312776565,0.431178799208269,0.532728863437525,0.570162381479236,0.4990647535746,0.641424481808958,0.524256142411035,0.558625161341146,0.64631906916942,0.639359827435484,0.570829442627748,0.506049745519379,0.547900737027721,0.555825426084854,0.465451235814443,0.499600803805219,0.449863785705099,0.51780948690336,0.545692840633445,0.393159654454769
458,"MYS","Malaysia",0.702687655712834,0.660192892661336,0.707143273773647,0.598434430282266,0.569013993471868,0.561645724264973,0.565519479503902,0.625764688866912,0.57839829021216,0.56225154930482,0.557177347206392,0.527493992981728,0.44680588450369,0.649609735733532,0.648956764895677,0.615259257159862,0.580655494986204,0.565940986440267,0.532735298369899,0.560265476414545,0.630076398243473,0.660748229396939,0.543061366433043,0.491382258336096,0.523001376811334,0.580246516656151,0.539666875808394,0.531952789741071,0.525947097365654,0.54258370233972,0.567723220575492,0.521842369734444,0.577843949130213,0.579389685974671,0.607967502605501,0.669970583413613,0.552969115623349,0.450506491361284,0.607867019403432,0.632290193322447,0.670316860416326,0.593623953467639,0.573518110403937,0.486139326055854,0.509073210405755,0.520462263827322,0.503380336640285,0.540032789923383,0.587849557284291,0.522379183587059,0.55869214395421,0.582149636047196,0.602419673703793,0.626302920233948,0.686574182929697,0.592462865351124,0.708711863159644,0.765978133281101,0.819751083237619,0.814098688388118,0.727074825675968,0.862475977727041,0.771268824828462
462,"MDV","Maldives",0,0,0,0,0,0,0,0,0,0,0,0,0,0,0,0,0,0,0,0,0,0,0,0,0,0,0,0,0,0,0,0,0,0,0,0,0,0.0850432111451223,0.261311455670916,0,0,0,0,0,0.00389970627357883,0.893505680524802,0.363747985945295,0.958598588194535,0.883704573715216,0.82965001455366,0.914011855922198,0.258878932905499,0.222796541935787,0.394943691265364,0.422076654062594,0.361282944074125,0.34243895722525,0.386400451107812,0.914433592384777,0.925987224113294,0.197104153068955,0.200963676664797,0.335697777055121
466,"MLI","Mali",0.834111964943143,0.829520083673593,0.806204247156055,0.770562304024962,0.752575868612501,0.809511048054439,0.849502219324422,0.732990500745731,0.80803808461047,0.613521920256867,0.660670118198691,0.6179272894845,0.64016571821917,0.766539224076758,0.911222213542345,0.832178592153622,0.738712278276895,0.925830694238998,0.78410187150299,0.713992018381908,0.827582782866086,0.859859990294578,0.962177184301498,0.687132561920397,0.877828329920673,0.794834275152344,0.930680902773037,0.74930579797531,0.812651310642028,0.997062354805021,0.737924629424332,0.856086518120168,0.984556867208514,0.931500862669404,0.860009175714941,0.897517817645613,0.960958444140006,0.86478151787581,0.929593806472811,0.883844198479373,0.884304553620593,0.687430219004969,0.891359305417315,0.83356433973982,0.789913946249002,0.686468696462385,0.78611847128037,0.694706451256027,0.801971751940885,0.776593899355982,0.992865040227401,0.953748917361049,0.918098788312764,0.909282649526993,0.911115249286981,0.875977400591208,0.805300330749095,0.90075929094439,0.82609908607328,0.859534074506018,0.954057824974808,0.946455513920879,0.944043340702495
470,"MLT","Malta",0.282962403322303,0.294556263755109,0.286070106603112,0.29431454909867,0.296541560567305,0.250252407600141,0.244779686060617,0.223889608859566,0.21579416262016,0.170221526075088,0.180852425351699,0.187620396041279,0.219323669073113,0.225688682970773,0.232647119405474,0.233739769500585,0.185069444008059,0.171267393899821,0.196138041928575,0.200301753432105,0.257710377577922,0.291321812085972,0.23642819050269,0.191606988517101,0.183800046399818,0.179750278828106,0.171944351886643,0.175608287404605,0.180904075716317,0.179338157863147,0.172628380334076,0.172800728001447,0.178550699138977,0.191439754518567,0.183642729094016,0.222969657116653,0.24978651162456,0.222511812196714,0.269309959087532,0.245022493876775,0.232033184223718,0.259880094114531,0.241736886398092,0.282534572147057,0.268381825526752,0.270204708658778,0.277536614273808,0.326210907238672,0.333202456706591,0.328166380233279,0.376631786680428,0.342885089815743,0.340034116692337,0.343894753844858,0.320146188058679,0.326197913260838,0.359400951154105,0.130984731135207,0.12188119573157,0.0873353035773091,0.10975882333388,0.11505506854934,0.107896436452524
584,"MHL","Marshall Islands",NA,NA,NA,NA,NA,NA,NA,NA,NA,NA,NA,NA,NA,NA,NA,NA,NA,NA,NA,NA,NA,NA,NA,NA,NA,NA,NA,NA,NA,NA,NA,NA,NA,NA,NA,NA,NA,NA,NA,NA,NA,NA,NA,NA,NA,NA,NA,NA,NA,NA,NA,NA,NA,NA,NA,NA,NA,NA,NA,NA,NA,NA,NA
478,"MRT","Mauritania",0.307978437125645,0.308202030213959,0.308982998090335,0.305753746111357,0.32263867337058,0.292233005904687,0.287691747898194,0.288128103147989,0.334254840919745,0.275024483567541,0.21703671404901,0.200856065174465,0.171822402447045,0.255562762204335,0.214541467458645,0.212211480585208,0.143505465030181,0.16196695797638,0.166849130489705,0.202293313631326,0.223095161182186,0.21563001912683,0.187902489379442,0.218209577748304,0.270765756446178,0.322414289013032,0.351622329911109,0.333864243045268,0.357754369201369,0.194882386380837,0.179239431615234,0.162184592578178,0.24531444277207,0.297337308735532,0.320576592927696,0.29948562547161,0.283767972751619,0.300599531583518,0.29449161363469,0.278207549210804,0.220607944940836,0.229425431588028,0.288878278000361,0.22258328138173,0.276902789181658,0.269183970822436,0.304576742415042,0.313792016185715,0.294942816857277,0.346805437747874,0.28871942574878,0.387292685371858,0.349060787859956,0.389877261598143,0.350834470285877,0.337869469020877,0.3595481439034,0.397259456141985,0.338651348275505,0.364073566240212,0.429695276551789,0.490567198861762,0.487787208369778
480,"MUS","Mauritius",0.45940843585693,0.696840941048314,0.383820018237632,0.647211763415704,0.0772350596584237,0.388751345445454,0.20063213872795,0.363793957622577,0.154698643238473,0.342949107471626,0.336660108697672,0.576220757397857,0.329540748920395,0.0483665723859323,0.729063041308424,0,0.382483865585118,0.236961410140826,0.120736638574759,0.683048418424543,0.391022025115041,0.0740319373809672,0.552824007687422,0.614236253245881,0.491812095118316,0.241670971929685,0.513616378714911,0.515251891786906,0.607533609495249,0.546107620178513,0.497267089774854,0.460596283513907,0.40507780733342,0.761144187266409,0.732902154680356,0.772667696240897,0.545078948487629,0.600169066281558,0.894713697082071,0.942611222099403,0.355689134086967,0.687238506891327,0.478615052414786,0.701319669219992,0.767767754323101,0.788667084667498,0.932269087599596,0.783741491929829,0.743828120141782,0.750502361256379,0.907307237052819,0.923486609641607,0.637865707966238,0.91123128543097,0.383079682986196,0.542493010623852,0.831288380627997,0.557468054898249,0.981552617820599,0.804919974671897,0.716117044146063,0.756604685680826,0.717482701188981
484,"MEX","Mexico",0.830052440500202,0.86390902150527,0.81914446922976,0.868563143487579,0.832035751426403,0.804390556038655,0.766085916762658,0.734329237549781,0.651454686912846,0.673509020066335,0.654819843867079,0.595077437745482,0.579047866942954,0.550650477342207,0.502865488055157,0.433382580565644,0.485991587356347,0.530590485133939,0.453888497832489,0.483658771222797,0.450507330550863,0.391707003559765,0.434194170515071,0.434693511037742,0.446766798018555,0.416727492672456,0.415220613112278,0.403726071876236,0.390864927537707,0.407501436434211,0.434492122325942,0.423278102262939,0.417682011884041,0.448472523618991,0.498095230418275,0.488633086252367,0.47687632847349,0.459750698974837,0.445237695040411,0.426278434586364,0.468937805730259,0.506832963066473,0.534545408784453,0.564802029399168,0.500278968856507,0.563347168182659,0.547064876481215,0.61019398831623,0.538379601141981,0.561001324437886,0.477120278673422,0.521576615417085,0.476869904397147,0.514106911819759,0.538080405023896,0.491729174980953,0.51487134139019,0.522284104210635,0.537588324526727,0.485819031013793,0.508557087903448,0.576853985053939,0.49094517660614
583,"FSM","Micronesia",NA,NA,NA,NA,NA,NA,NA,NA,NA,NA,NA,NA,NA,NA,NA,NA,NA,NA,NA,NA,NA,NA,NA,NA,NA,NA,NA,NA,NA,NA,0.00149136351173899,0.00155044349895435,0.00159401860746246,0.00166469673944574,0.074251907014645,0.0882539771769073,0.0872438630842944,0.0879095389152906,0.0861100911118711,0.0815936795471881,0.0815172805856021,0.0806602591713608,0.154875949860362,0.118814820866985,0.311862877444778,0.501444131422664,0.42247454531897,0.408984699467566,0.482433609517162,0.436815082518286,0,0,0,0,0,0,0,0,0,0,0,0,0
498,"MDA","Moldova",NA,NA,NA,NA,NA,NA,NA,NA,NA,NA,NA,NA,NA,NA,NA,NA,NA,NA,NA,NA,NA,NA,NA,NA,NA,NA,NA,NA,NA,NA,NA,0.360740287096057,0.578824966524936,0.337744944054929,0.50111012103047,0.406675926583057,0.918532913231326,0.892806634206768,0.884599521871635,0.833611706114436,0.882980673341887,0.998569460076366,0.818320815072644,0.9422607074691,0.945147565704438,0.91287217839123,0.633424655694554,0.705824942017085,0.955209318041176,0.990226158576912,0.975614087199091,0.589776368326788,0.821216169733346,0.912446249402771,0.685995325327821,0.782870200447544,0.845015776204351,0.698087195240339,0.811328365055872,0.422848080774398,0.942791205136421,0.587241927525903,0.781580037178656
492,"MCO","Monaco",NA,NA,NA,NA,NA,NA,NA,NA,NA,NA,NA,NA,NA,NA,NA,NA,NA,NA,NA,NA,NA,NA,NA,NA,NA,NA,NA,NA,NA,NA,NA,NA,NA,NA,NA,NA,NA,NA,NA,NA,NA,NA,NA,NA,NA,NA,NA,NA,NA,NA,NA,NA,NA,NA,NA,NA,NA,NA,NA,NA,NA,NA,NA
496,"MNG","Mongolia",0.0387290499625791,0.109852929264878,0.104322703941605,0.111762048944519,0.0946210565066666,0.0747839700685733,0.0957582689924697,0.0641544656444379,0.0414329960048038,0.0847928809172761,0.103908707962015,0.0567378496285484,0.122389535830373,0.0836087837654718,0.123406598615648,0.0912324430735774,0.101470325492197,0.0882735328840205,0.0799881403393181,0.06720262600085,0.0803437502921797,0.124638410432078,0.175447010869565,0.132101458394508,0.193780682746616,0.191776323021788,0.148043281363804,0.176206376260862,0.182273051177457,0.1448135179206,0.120475984229817,0.101450212280892,0.109980003369396,0.0785834753315349,0.0576880589480562,0.0467114699590208,0.0501960784313725,0.0403900473387012,0.0344815614021983,0.0295370580200379,0.0340616843695326,0.0377031241858284,0.0493662382791197,0.0445530253761155,0.026089390475568,0.0404619329579415,0.0312573340575191,0.0493754811597077,0.0807898090283839,0.091266606047012,0.0999119037954258,0.0978800276406138,0.0783957806352758,0.0957588230333592,0.0381409186585922,0.0665663238200398,0.0305369988597706,0.0556453712249527,0.0574526762976611,0.0528142242931649,0.0744714741043284,0.049060751108489,0.058787260518144
499,"MNE","Montenegro",NA,NA,NA,NA,NA,NA,NA,NA,NA,NA,NA,NA,NA,NA,NA,NA,NA,NA,NA,NA,NA,NA,NA,NA,NA,NA,NA,NA,NA,NA,NA,NA,NA,NA,NA,NA,NA,NA,NA,NA,NA,NA,NA,NA,NA,0.124910528710384,0.0469702004385194,0.0608702960660681,0.0664540745805728,0.064295019773636,0.0771733735387794,0.063534153964766,0.0794687197141803,0.0783574656716192,0.0817901031795641,0.0851182590219614,0.089072816209036,0.0899534839223775,0.082213773908924,0.0861428291245509,0.0930281798436529,0.0919033737883523,0.0865029057701325
504,"MAR","Morocco",0.779853120526009,0.780851512277374,0.669034542717191,0.739821779384151,0.864627418379686,0.769230058998957,0.972058530217041,0.56136407187394,0.963635355966557,0.996650642849016,0.814098608929773,0.965488461897792,0.683397683397683,0.858639574976049,0.743899444339747,0.904016705810477,0.603213166632404,0.825715178546064,0.69902515160044,0.727255009565231,0.491724782771826,0.875115638988008,0.605518751818949,0.655996614561565,0.708366863039577,0.895566888665394,0.61436551800253,0.845415004107499,0.865381596450496,0.716617011356183,0.987350817370374,0.493797166366425,0.405510784346714,0.889577478207021,0.33305741837126,0.790427029101753,0.481669287714319,0.699729807415924,0.447046552520024,0.302114102455903,0.505042025409761,0.504664962625915,0.704541764358223,0.713193471330763,0.38791205743147,0.685188382083249,0.303896035358533,0.520538871157833,0.933147492087064,0.729947583757222,0.789230728415914,0.587942334594063,0.800754915730337,0.657755209782072,0.955648956959374,0.576413449985616,0.771991842284161,0.907075988660785,0.661846136460661,0.449118672011475,0.988568539160434,0.517109901959876,0.572349785344538
508,"MOZ","Mozambique",0.812694022486801,0.819691636158828,0.919751775403199,0.933970020527173,0.866925078607828,0.942759588034446,0.961926623659319,0.936493923732365,0.913758967669803,0.89275785621283,0.949225463779204,0.921116550404015,0.937562236488061,0.866472978080121,0.973460954081361,0.949140130922002,0.842400053836079,0.774910352693285,0.799698933510231,0.730707736777923,0.674557982428801,0.632209711501711,0.6743281415615,0.676315729879071,0.658299761244038,0.66872296240208,0.615571207619811,0.610051359363661,0.614613212126561,0.640383294633221,0.57990969426613,0.488348536571716,0.621302180970234,0.544658874419498,0.597549699491447,0.633574247919778,0.677918168963495,0.696496462667918,0.755205711620432,0.584097059280394,0.654552380626273,0.565435419761513,0.777472553767815,0.77359228055965,0.656352329325005,0.709197993834261,0.670459023265563,0.526367818581304,0.767119995727789,0.63879863529495,0.769043223305385,0.742741347049942,0.617348326481765,0.572491348830918,0.637967294311883,0.580871039658367,0.622952445999519,0.65348640491797,0.584993117315432,0.585264309242762,0.587212292380758,0.714174360847572,0.581061579415311
104,"MMR","Myanmar",0.377930930212048,0.407973519544028,0.402904442170482,0.407315727019345,0.396150251767955,0.349582831521976,0.366731788234581,0.378068327409766,0.359734223014872,0.372282721642629,0.361356680987296,0.337199186765308,0.357830722713529,0.35565509720332,0.361332080547447,0.366948928869925,0.372615099935581,0.387704126738951,0.394436036364314,0.46449564162798,0.461540199926176,0.459589133785477,0.473576213598187,0.465986216758088,0.464259060230268,0.478499298477248,0.483700810818993,0.481412062769835,0.487363648517927,0.485099812464159,0.48376403341298,0.522266500215333,0.545715465076452,0.523378615215525,0.524116166873881,0.522415981158285,0.51616914341365,0.516742282727584,0.562554896350302,0.551829283532699,0.623895006463994,0.622056797037398,0.626616379969676,0.65129996845581,0.707414929984409,0.73981610533941,0.727033084794048,0.755121498416618,0.751245785876748,0.740838322092172,0.690482298075265,0.642541290718394,0.622196234843049,0.575899216358653,0.584185675712869,0.537603158281699,0.460950023882927,0.581737704853505,0.558619234201331,0.504185445237211,0.571880359839138,0.597629819595319,0.513704369505196
516,"NAM","Namibia",0.250671822371381,0.262797113496452,0.260276890308839,0.274750775496673,0.289417809424379,0.291488366254721,0.300012543760619,0.31235548636707,0.315943144266896,0.316973484591174,0.321119224123516,0.32042446722121,0.327467773840836,0.306805945516207,0.387741872354999,0.397092674139311,0.36836947200784,0.371324795343723,0.36653259273447,0.362031566334752,0.426479314519,0.476678731982533,0.512019645583062,0.516295379537954,0.457002582657836,0.487063051687085,0.480871432954894,0.491652975171479,0.510723993353215,0.494055248158221,0.494608987378866,0.275278453191196,0.415969186630974,0.537034202625537,0.409162443152951,0.461852094854251,0.604753159770984,0.52999167326295,0.444762903153857,0.550580623406183,0.5674028287511,0.328396968526889,0.425895802891199,0.496423404597332,0.451088917314441,0.530461765338413,0.430366560856976,0.445023605187876,0.385121936330617,0.358773295023744,0.299695017514393,0.251188169704638,0.230041708559636,0.322420634920635,0.232812026705727,0.127348591664754,0.173269527249812,0.135327615424382,0.125126342610189,0.454741733058926,0.427429874990987,0.244784249240211,0.158978846054866
520,"NRU","Nauru",0,0,0,0,0,0,0,0,0,0,0,0,0,0,0,0.562348892644494,0,0,0,0,0,0,0.126522624705459,0.275218704662091,0.275560058710303,0.366938320404657,0.436161145779303,0.482747739199131,0.480789814596166,0.501851765236137,0.496094882384327,0.512299991661022,0.527798864660335,0.4982746218653,0.468552808625741,0.439294476232481,0.405553143623949,0.375963861957411,0.351442893650482,0.311818454993318,0.28014648854841,0.247740823643603,0.229513131309157,0.189159992402419,0.158350963508012,0.13614231582432,0.157573829188957,0.178856224264486,0.154918782972327,0.138395025655246,0.30256293944205,0.0860506048556076,0.0151747496929318,0.227750255519501,0.22633475148254,0.225938245109846,0.238289280876398,0.215031598765443,0.21518443663111,0.227241552064866,0.225219341254658,0.226462177744177,0.220017761235089
524,"NPL","Nepal",0.488837749522676,0.487602104015942,0.480087514309606,0.487861490768543,0.488594209551011,0.465394356771958,0.45723492038799,0.466929220743395,0.475178204711423,0.477502866423832,0.447612838863861,0.41480805677325,0.446470576893414,0.444339897146544,0.447925044734988,0.424926900364216,0.391862758789233,0.401442486323961,0.363292502657687,0.386243207622587,0.398714667364134,0.345602520551801,0.408719968182108,0.396090969056972,0.396646464453574,0.374321299727875,0.417198021371081,0.44579524341608,0.454836491482046,0.46398606367343,0.420680844289639,0.457807308319228,0.44072114209851,0.457057213486207,0.457516599128236,0.449633300123331,0.459063123970995,0.444436720080642,0.513617325513045,0.546670009432748,0.56198634617155,0.611948485159366,0.665182163118911,0.70537806718835,0.76227800036392,0.709692573311425,0.745991810857218,0.755682815494416,0.706886667329319,0.720473033479573,0.736835921692173,0.713010817979766,0.600414120827997,0.632779640943906,0.587850031376635,0.620353050255878,0.61812953531459,0.611568865975614,0.622576122741521,0.657009645216023,0.619825280743211,0.774085627518017,0.786445111162397
528,"NLD","Netherlands",0.30375222658716,0.284781357222235,0.267806857371022,0.300065939681302,0.237472753630242,0.218708418469868,0.253984152184491,0.239507956628712,0.218576876826296,0.201095597695009,0.223297291947047,0.201807111758332,0.197873688221272,0.183749085301493,0.163087803721912,0.173585639166644,0.172311270785808,0.185981478316173,0.165146195338861,0.162211479026618,0.17217570446614,0.190793390488094,0.160189855863285,0.177499328050932,0.165854987776016,0.179292195913474,0.180833076720909,0.186981327582653,0.209920928289505,0.218644715625428,0.202371717804458,0.219390518020849,0.226048402392983,0.200516254096844,0.212912504750288,0.229286750682789,0.219999006167569,0.201123495270561,0.235012158143636,0.268446830951874,0.250631540826583,0.263965422241034,0.274155000079455,0.288759848497961,0.274384581198103,0.262422110590695,0.268415378398501,0.299858155586904,0.31425665143789,0.296075853497421,0.308394657361123,0.300423261623316,0.311396453711245,0.314829761525525,0.279168677538046,0.263246629676361,0.307312671238126,0.281118221141227,0.310542985407127,0.292212035811833,0.304148528602022,0.340754338506536,0.321551584651294
540,"NCL","New Caledonia",0.695684523809524,0.610612445793203,0.653338278193875,0.856616828792501,0.717301364803192,0.79521971483399,0.721536501579121,0.754500897677299,0.677478839415771,0.451422016621055,0.580490092625161,0.659593671884175,0.630970848986661,0.542086766436859,0.507853898561696,0.492456625842021,0.506044035386393,0.495789413028536,0.325677933041921,0.369789610635116,0.360895172142413,0.322389800040256,0.275363157261897,0.361247906358893,0.376874992870749,0.369485227609861,0.240482543084643,0.237897574648655,0.262022262676303,0.1925843000414,0.295299978512229,0.320036076140269,0.336318773520271,0.35353335723116,0.358463183420932,0.356212713323772,0.347186386237696,0.344550102262535,0.325956494810007,0.364562217688582,0.383434431798502,0.271111211945897,0.17543183781775,0.291940506852485,0.265126934668918,0.292640416186412,0.262793920932343,0.308700431765888,0.346996979820823,0.287270782665221,0.267878228916275,0.307623673897027,0.2943769411337,0.287844822519216,0.353412126345216,0.367080501497956,0.376813153250474,0.389639488264999,0.378233565491577,0.382789182581213,0.348659906020742,0.314245906202578,0.307710841922018
554,"NZL","New Zealand",0.181150608044902,0.276723393972868,0.216166391531401,0.0380369378883512,0.101881344233436,0.0924764142504442,0,0,0,0.195674376960006,0,0,0.129049668406942,0.351770119997487,0.133602798078363,0,0,0,0,0.125942384557892,0,0,0.177064427876923,0,0,0,0.157763221737021,0.0306414768626342,0.0979182663595257,0.128607345867949,0.437196733481811,0.703272069689274,0.677381372322438,0.692757348832011,0.906878693645382,0.716118849473522,0.651502489487852,0.840197471702892,0.920881284791191,0.928287208977277,0.866234111851357,0.799297252383568,0.728763409668674,0.605008635359739,0.704190459505182,0.699433157678207,0.757514442391719,0.811143052021465,0.871543219260836,0.733544563611386,0.70738017767401,0.795752177742977,0.733477366631879,0.693550766180109,0.682196656868381,0.67071729636124,0.578481627367399,0.594091767635515,0.611813687847955,0.627411150227363,0.646290429505731,0.673275519464727,0.695257804984565
558,"NIC","Nicaragua",0.623271977564406,0.76263649543131,0.6724274028487,0.798473178841652,0.811608651670282,0.788719023548268,0.77137719507262,0.711821719401422,0.654885091969848,0.575879290353383,0.621123268701498,0.653759514019926,0.494016134164374,0.788119966406075,0.777949893072003,0.639541705127747,0.544048658265974,0.593002061829017,0.74649583856018,0.36863530544031,0.552012524292809,0.564557573526875,0.432930310050248,0.532424773770257,0.421149770123183,0.341588243415497,0.400629939558171,0.281503141166273,0.468376977421725,0.407001112581765,0.482910661891612,0.469772377449423,0.440200231716916,0.570574048299529,0.482972686981459,0.498672026415907,0.516069996977224,0.484938674814093,0.421218553518506,0.466254138441403,0.458824284574038,0.417543359100152,0.458600957354221,0.421045629605578,0.453102944755415,0.399789056172049,0.377765086013147,0.385019312024396,0.407822653980083,0.381535352445032,0.414677445445911,0.411155554677116,0.484525007376249,0.454341155368446,0.38042268316009,0.397391604767663,0.383168459979714,0.489855410945931,0.459361623636255,0.402637500896204,0.427511716576527,0.482726701109116,0.446328074967653
562,"NER","Niger",0.518435972629521,0.619142879125952,0.64074332873789,0.651171352723468,0.532597741985072,0.538085243784307,0.595423850003972,0.437799081350127,0.593347787184252,0.505390213219956,0.524986139622698,0.521166802398756,0.409428914106467,0.60993242181361,0.560693300843044,0.745053807181687,0.741104964829611,0.758859557185903,0.844408929215858,0.808558232350054,0.741332231258579,0.740141036893556,0.73976183111661,0.565066522833513,0.848146084580959,0.923037482319661,0.67472512915618,0.820249719571174,0.901574870764422,0.883036296648862,0.857850175768679,0.815381930119641,0.75032673082472,0.673114238132343,0.605697888911662,0.576669276367297,0.531261346307458,0.950950346038187,0.890449997701748,0.598478963078055,0.934984013681315,0.904043951633134,0.875723071302442,0.697813070834179,0.947943518910392,0.940312483965314,0.986212666884936,0.816148658007736,0.799823761144516,0.865315577212363,0.94914108076465,0.98058864550396,0.989677133744504,0.957953964194373,0.927443605387583,0.867878197227238,0.935154793835523,0.898328808958263,0.968363206383504,0.870731062254187,0.762217652128649,0.865876647439822,0.95636718362488
566,"NGA","Nigeria",0.948291381107286,0.937866544546703,0.899926812764959,0.896304536763428,0.897218349598353,0.791104639797232,0.841966336660264,0.860064643321755,0.96971575252481,0.980696969905134,0.921553267681289,0.738560416512116,0.847204179219989,0.958178896762753,0.895892095176105,0.875934570274193,0.810415526586055,0.74816857323844,0.727272069830847,0.696233990954096,0.652279582760173,0.687580099451479,0.655503414270981,0.71166943038788,0.770531119466611,0.816397038350295,0.861545186955381,0.828993556875763,0.822704315168512,0.807258758580155,0.853407075656016,0.884780962682531,0.907499567997235,0.924737330512761,0.947377467832236,0.984138628658914,0.933644329513321,0.9577717109271,0.90872390705002,0.905304486951237,0.988535757954639,0.931706934493465,0.950671140939597,0.868561123367301,0.917244413789823,0.851591593911767,0.817953305883114,0.901368397660202,0.907612077861717,0.8907244958472,0.899572106911705,0.999275429289662,0.86735982201354,0.967655024248235,0.982096006395581,0.966068017047125,0.851029179768408,0.877451939703127,0.889986271905204,0.816712249232227,0.819242812411045,0.965676600128485,0.933639793894348
570,"NIU","Niue",NA,NA,NA,NA,NA,NA,NA,NA,NA,NA,NA,NA,NA,NA,NA,NA,NA,NA,NA,NA,NA,NA,NA,NA,NA,NA,NA,NA,NA,NA,NA,NA,NA,NA,NA,NA,NA,NA,NA,NA,NA,NA,NA,NA,NA,NA,NA,NA,NA,NA,NA,NA,NA,NA,NA,NA,NA,NA,NA,NA,NA,NA,NA
408,"PRK","North Korea",0.659737158370055,0.474258531983648,0.481294064349882,0.478366698789631,0.421312361487744,0.427285359003093,0.39140118227751,0.382219648187164,0.385169759419679,0.315004608156812,0.30971103966378,0.294844294447734,0.293872643536505,0.302431618756733,0.3025437565977,0.235189150937709,0.218712480775273,0.189449768420577,0.192579081583674,0.185735501450168,0.192547315873398,0.176585438258461,0.177127366261487,0.18590744396663,0.180384066649513,0.19389449165371,0.19740726678956,0.190268471338486,0.192612704937287,0.191093208329195,0.229846035213664,0.22541456682476,0.23175995256864,0.370775544019033,0.551926481879005,0.524105481760548,0.375814196738459,0.487240520851728,0.419403279764404,0.362648505156882,0.391311693856811,0.50704147716577,0.538964812668439,0.477615700381596,0.498842747853177,0.463437643938091,0.447044859039776,0.504690955554212,0.462986668483789,0.420526440706786,0.407769913917638,0.454744014510605,0.444899263298214,0.499059532845742,0.51373211318067,0.46853515784401,0.48457166379051,0.361414396712393,0.63470816547116,0.691105720303527,0.699407680842684,0.765463529712911,0.69202214742824
807,"MKD","North Macedonia",NA,NA,NA,NA,NA,NA,NA,NA,NA,NA,NA,NA,NA,NA,NA,NA,NA,NA,NA,NA,NA,NA,NA,NA,NA,NA,NA,NA,NA,NA,NA,0.286049610871867,0.217690562250299,0.269234322397128,0.358087540061245,0.272575784944333,0.31320980715996,0.366958604236338,0.369854900009471,0.381608492711717,0.381672667264126,0.444087223475121,0.402270236608901,0.483013076393668,0.445032918052886,0.437275301081933,0.345536904453143,0.453130056912452,0.475746650503015,0.42307166553942,0.427847065891669,0.393852342736706,0.456560783456499,0.480864659353341,0.428237359395552,0.478772013092887,0.354725158331248,0.450548465571461,0.478547290487689,0.419079676580056,0.5423097107912,0.572476143802174,0.528198938757683
578,"NOR","Norway",0.145291783613306,0.103450258149587,0.132848742073293,0.126383005535281,0.130639654859753,0.11235941534055,0.1238908347222,0.156708934133236,0.120663497328737,0.147325912509732,0.148430133106074,0.138740744232027,0.145284035799435,0.170927750932752,0.118186590109259,0.130922060303707,0.156335780168175,0.15775133611854,0.145498675790073,0.157145057677906,0.154154914796709,0.160257694784157,0.142444592548211,0.185272999213614,0.175450587904589,0.147084548957554,0.167536987998671,0.145331384432587,0.159255155162294,0.204576428173265,0.19137501044376,0.135938444531779,0.185206384911151,0.14553783871352,0.160337131375356,0.171913876784232,0.166668221363176,0.182642742586072,0.163130894433893,0.17837793404852,0.173820257657863,0.161876384902344,0.176348761267248,0.195803376643516,0.175502917413976,0.160443739500964,0.160502946002704,0.203513741034199,0.162811099810989,0.176721138543979,0.146661432916518,0.153228770010893,0.133836072405483,0.174125483764994,0.188793486071776,0.183570826311352,0.180800449124574,0.103444148894832,0.17630161506271,0.176790341820575,0.162252650310051,0.188887444278344,0.11936793671521
512,"OMN","Oman",0.980942053104566,0.990194514458305,0.988829636174308,0.994888559958257,0.982781818946306,0.980577055473265,0.973386818495514,0.984123818703537,0.910571671055209,0.918159659429162,0.908041365784078,0.973367380316764,0.985216411531588,0.85327743902439,0.709994999797289,0.835956093639309,0.756699401095262,0.904797236791608,0.588512500256784,0.839226027744609,0.686657290405261,0.918223900596906,0.756448791668342,0.439715838083845,0.838652077962735,0.914970746342647,0.964023429988098,0.463926034016697,0.453998176486533,0.281956392142407,0.339231391574297,0.335351681177525,0.342442135904311,0.295464092456364,0.294106780724173,0.351852405585623,0.467828671883584,0.291583845299461,0.365716556482786,0.492540247866319,0.370911237655848,0.435165638033018,0.762396294215141,0.343183132707843,0.24754518930304,0.244003891312782,0.275066341106831,0.201055472100246,0.312182975468297,0.278694400837258,0.291686526534975,0.28691113736755,0.255459194185851,0.323397235796861,0.371630373996027,0.388450273831573,0.51529831135891,0.453921906217158,0.504531043606085,0.770890720870335,0.552932043262129,0.616453613019148,0.650728124136111
586,"PAK","Pakistan",0.539840736903855,0.58908069400987,0.598988493536635,0.557776807633648,0.60040424222008,0.564649284314308,0.537210756722952,0.580241012123447,0.562500753941607,0.605129329953857,0.551443453245772,0.519777874759026,0.546726775099948,0.533232577325165,0.460242828419689,0.445002232086453,0.464683906523237,0.389345064471932,0.402303121163728,0.39907153175207,0.428032071493593,0.402908677116783,0.383585968460788,0.413671398234486,0.38806060480301,0.372338321481029,0.395845149659843,0.373128671593709,0.370394812734233,0.385739938425903,0.418786560359723,0.355542452119199,0.345075066361973,0.337533619114934,0.343084993624935,0.328736619525374,0.301625459447897,0.330631767951421,0.343849129257303,0.344406518641107,0.319105420717121,0.307540800669549,0.304862083489863,0.33237312125313,0.30896142060524,0.305007047232849,0.315349569998537,0.306183873654887,0.281686932742852,0.274456224359334,0.305425595370938,0.314682938403897,0.304472723582772,0.313203308840223,0.306961202579391,0.283806585872804,0.302129100244104,0.273987660562068,0.267955828154778,0.266100289801674,0.282941226631241,0.259980854714031,0.291367785132438
585,"PLW","Palau",NA,NA,NA,NA,NA,NA,NA,NA,NA,NA,NA,NA,NA,NA,NA,NA,NA,NA,NA,NA,NA,NA,NA,NA,NA,NA,NA,NA,NA,NA,NA,NA,NA,NA,NA,NA,NA,NA,NA,NA,NA,NA,NA,NA,NA,NA,NA,NA,NA,NA,NA,NA,NA,NA,NA,NA,NA,NA,NA,NA,NA,NA,NA
591,"PAN","Panama",0.480018869941142,0.356761519149559,0.37981038428712,0.391518672283823,0.469796152825606,0.399975534276739,0.498441638296492,0.43983225867478,0.424452494925255,0.392941941229979,0.437260859903233,0.364811015584421,0.474728739465923,0.471930444773415,0.518791359445992,0.566317352916907,0.718118281334003,0.735086777162106,0.662630902529343,0.613442858720816,0.519441232154736,0.598939363661172,0.621919014084507,0.586163079017128,0.520743647803245,0.368274018977784,0.384590981767028,0.356024004475411,0.403191374749115,0.362317483245471,0.388704575735077,0.349084818758225,0.324293119119562,0.411752781998189,0.392874348234065,0.318748791264924,0.345625464562109,0.378408857727664,0.397703015887537,0.424614664141877,0.395494785410665,0.424443751822322,0.415856358550122,0.426519083416211,0.41725718562174,0.403301904138504,0.431822283248333,0.408350966126179,0.385729359299115,0.344220609460527,0.460236235065422,0.358046490835941,0.37038280725319,0.430322190918901,0.406807786864184,0.478399356041843,0.417848021035325,0.421863765090819,0.406565616569259,0.34898032783071,0.318607077344488,0.421393661902499,0.309768474361869
598,"PNG","Papua New Guinea",0,0,0,0,0,0,0,0,0,0,0,0,0,0,0,0.101540360179176,0.231321780147662,0.173355403508952,0,0,0.416445453964953,0,0,0,0,0.101462284638772,0.131924743801806,0.0824049077282618,0.257136621119526,0.257684362003085,0.394357278547808,0.387351114100136,0.355147855773155,0.564881126531235,0.603992238681068,0.422361913115513,0.515924893775082,0.0305215914209582,0,0,0.443403833636125,0.429791805207428,0.577353878128141,0.949160747862047,0.880805851151451,0.795526192354821,0.393934011936609,0.544766953261361,0.758861721317552,0.660159334672784,0.394035050799107,0.661386883223549,0.649647933580305,0.365539118318461,0.508168184656786,0.51066122399976,0.701451058238041,0.75948567896584,0.75216186939436,0.885362259132171,0.829331530668127,0.948050019755236,0.76168691762114
600,"PRY","Paraguay",0.718011592543265,0.812797961712057,0.864721748272237,0.802190685755668,0.805512579597745,0.740692362266853,0.852342986753021,0.878885247076102,0.924734004745815,0.97074800084045,0.98560638367903,0.937586385169711,0.876619409490555,0.910188475411593,0.837714972940469,0.832589962416163,0.909802232648192,0.852562977223459,0.792990842753876,0.758191119894082,0.906140788816775,0.827090095622423,0.822318020467832,0.838997253797346,0.864079344094393,0.807417935199943,0.782461756255564,0.865107318595554,0.86156263668616,0.841066734300792,0.843454688397257,0.766516985130353,0.837711739986426,0.795285631146417,0.851180833478079,0.826782126759829,0.793934782452646,0.759581096078207,0.754391700073984,0.755116775389861,0.797770883493399,0.717880809909353,0.791890265808485,0.714174841332712,0.706698855339783,0.680945945390837,0.746775281239424,0.789834041344989,0.667483817293669,0.840069909280097,0.842558688812599,0.65548597409282,0.822036085134493,0.772890963355885,0.788299864719681,0.821532962088063,0.849055149818786,0.844485672035646,0.789669057609794,0.856305003958991,0.794145459010193,0.654523726527663,0.81483949994596
604,"PER","Peru",0.734256997408022,0.651112541232578,0.657079821565079,0.681054525325214,0.670701282019613,0.86328687839785,0.69320558923869,0.656947054691801,0.604759497742599,0.65169281941756,0.597780394675802,0.558240944057319,0.587897903983225,0.499741567846258,0.596154835880143,0.510821260195834,0.499230036080044,0.468866310606693,0.514146543683283,0.470110984639688,0.465018470037859,0.574630552817942,0.555318123343987,0.646534918276374,0.703044140510437,0.44174446075735,0.393203472518634,0.421414047314063,0.529902785046937,0.50623454799527,0.579286452125546,0.480366141098739,0.449667285771705,0.490810414053917,0.485600809940503,0.509222996075002,0.471359918691379,0.431578850676073,0.480554737840578,0.465503009771211,0.46111375253563,0.457676067528228,0.473687805423261,0.444299066580992,0.47058934669759,0.463659519673393,0.436560853760473,0.507479244946757,0.466485738882916,0.476661437405463,0.443787265694338,0.460942617963185,0.411637687802159,0.426811014070839,0.390109185252857,0.410948826374724,0.364776789934002,0.463145432069334,0.363149034111588,0.394724988558957,0.36630860393014,0.434511521508676,0.462175322244502
608,"PHL","Philippines",0.966531168169806,0.924822746978178,0.851693431031095,0.883600716090743,0.944326795084762,0.965643076409046,0.986956878328576,0.97280090976705,0.883054697808551,0.918000131196292,0.945985575833961,0.974719819320748,0.857227745184962,0.844249744651742,0.879076363048404,0.787714468937176,0.869317311683095,0.984776862137858,0.945568295678593,0.986351706036745,0.954453473805929,0.976036773601221,0.894066326777561,0.984685795988169,0.994833989246716,0.90601950768085,0.752469844869654,0.704138003849684,0.73817910982112,0.828916231755589,0.930412981608416,0.839109451486355,0.798515849642803,0.810096974764187,0.784184850278623,0.709169757765789,0.675879298856873,0.718142209628465,0.708164992148313,0.72320296996422,0.721560527382584,0.779936557286449,0.735398952309871,0.73399940433291,0.766083898476777,0.843825773219385,0.808875662961711,0.948650650920818,0.902425341509287,0.79676576098824,0.890650207099893,0.936053440127115,0.849897643875536,0.771682609584062,0.837607987828356,0.718295571340602,0.704326767578757,0.759447424495243,0.736425055570589,0.706360904112973,0.785471355013641,0.753424984978851,0.748511642192902
616,"POL","Poland",0.584615794002076,0.49778228992737,0.535631089679439,0.506841396503896,0.523750560762394,0.496019593221497,0.484094034340869,0.481383961681471,0.434424050479953,0.40782609863243,0.418074972870406,0.414656493388789,0.402638629272226,0.385918981586413,0.335520231689457,0.366217508767808,0.324303979294407,0.34768404234104,0.292274276664779,0.267650363467235,0.341048606985636,0.334378139508215,0.350811980732577,0.402590567823184,0.371210100684875,0.382011302777432,0.395864168001721,0.349315527317873,0.382551782367348,0.591898439683569,0.624097703244623,0.444877430150589,0.530240523725993,0.447601503373465,0.531443849423153,0.501608890797014,0.461646733474638,0.549679282667831,0.516454928987575,0.463986894145365,0.538633017685827,0.519499422311057,0.43765191659489,0.571294344119534,0.479223708277465,0.38968219928042,0.457601221668918,0.484307641492414,0.530816136825041,0.471506761491672,0.467285110671463,0.463539064899766,0.506737712322267,0.601067270375162,0.509710212446463,0.504891986884371,0.533332317967034,0.485594289121778,0.501826205929955,0.61970162299473,0.63239618606309,0.609463767312148,0.608471799287772
620,"PRT","Portugal",0.317638279175167,0.353934808600717,0.321849280656896,0.270687560501816,0.314925728390708,0.255532423196003,0.304704306071621,0.311784560143627,0.247575681944081,0.289365177511565,0.292188309613123,0.238153198716792,0.22021610230428,0.246618718461564,0.220791480288945,0.228985341910783,0.147767777607903,0.164209479311857,0.159866912168492,0.179349097400217,0.139758038902417,0.175640520784623,0.159169832689155,0.208084424944034,0.185651005811585,0.197913777998101,0.208129530502801,0.162268130702568,0.214820158558096,0.180182487439341,0.224857423943731,0.190905260513306,0.194307298408245,0.203849162209795,0.189845687920124,0.200881027664778,0.192555726822071,0.163461033131732,0.210782747516736,0.205239260509449,0.186305667309503,0.223744813483949,0.191446570029455,0.224833024865213,0.167367620398383,0.211803362540586,0.173445931898953,0.206091980931302,0.197606078682561,0.185622827261225,0.177132997849362,0.168764633252899,0.193385599990111,0.181730863058964,0.188667498068604,0.17540827441131,0.196489369608718,0.198357864070548,0.20878406057172,0.174101666744143,0.265929806881762,0.25065810533197,0.252141013859845
634,"QAT","Qatar",0.113682093986425,0.173328656965333,0.212935807688585,0.252228457186032,0.291935434244352,0.330960992233312,0.369213392219031,0.406728723097229,0.443877510169483,0.460812327770888,0.507630317302541,0.508279201258265,0.0130004629760537,0.0221359563411363,0.0157122466982344,0.0198993280784128,0.124753418487012,0.124368040128011,0.0986867266510811,0.0748362423295918,0.0829836093929833,0.126066935109349,0.0920338979796758,0.100182010015332,0.125585422721825,0.145366921686605,0.159015922509894,0.147688234472192,0.0945297665731033,0.0928240537213698,0.09496225255734,0.103441270053318,0.0937261025788747,0.0334041308717857,0.0382228933229913,0.155515241733584,0.197036156985357,0.240173458968294,0.244678308656278,0.299066927338274,0.176250143643376,0.158997490439308,0.14020745366831,0.123630581857228,0.144346759171073,0.183609115588469,0.188733468060737,0.138340679007899,0.113409874683385,0.117600356016976,0.101279460777369,0.0974975177693958,0.0906535661441828,0.0986801632088428,0.0926473937706124,0.072307876339084,0.0710097891266556,0.0651936428365459,0.0608473001425517,0.0596917596431213,0.101568661865312,0.0802410055427877,0.0999241586556957
178,"COG","Republic of Congo",0.684494607189783,0.678728501448135,0.790315543126872,0.823117599609628,0.834082389840881,0.938613118508865,0.876376281528928,0.993643596924034,0.750449082069315,0.663540074827423,0.519893746029913,0.471380116959064,0.661839936893242,0.765968641481637,0.786448274605546,0.761775581280832,0.746119416345896,0.707154563284168,0.80414962298556,0.853080619213518,0.842912720399244,0.788263136174908,0.73142847674987,0.765779377447297,0.761656619813207,0.779051755676467,0.828964782594661,0.80976403459241,0.865449424869073,0.775890390777504,0.702126843978201,0.737140738484762,0.717528121316257,0.774737427651881,0.826360567900743,0.779029929275873,0.684868952517727,0.648620832727136,0.597133945386064,0.631823853721831,0.61866260686263,0.635052532397741,0.730133772711974,0.785826937785162,0.843944703512596,0.846739484748534,0.882453054972485,0.880555867820799,0.800490925533391,0.828808542506203,0.795875240478065,0.854479105478476,0.809658562575081,0.904162858154267,0.888141645741572,0.90341656757828,0.899348173527906,0.890006472624906,0.882952462294809,0.745915316544201,0.803879704752028,0.759089089611723,0.831036715939549
642,"ROU","Romania",0.387467958049009,0.427317713615238,0.421655439885691,0.421412885769185,0.430436873196868,0.42674887279683,0.371020011836195,0.326419850813644,0.313461966241088,0.25097067230968,0.322735059961705,0.367405131731446,0.301671823756032,0.28413138108429,0.228831121726959,0.336808551964644,0.322606661611466,0.26214181296666,0.263860771275822,0.304988648550664,0.229222328551237,0.272261833567914,0.239809472895817,0.282975225518806,0.250097060771462,0.291821664868205,0.258355704401979,0.29017484540995,0.270733715864414,0.248411565125298,0.430450344771429,0.289049564032172,0.366179464146862,0.53357802029197,0.621278137454122,0.418305314698695,0.684881441274443,0.507642109147079,0.635657511147202,0.401661885930712,0.630901480940031,0.530359506132268,0.496555932922946,0.810606792847466,0.642647153297623,0.588159201608226,0.297693775525182,0.569273674550108,0.497324902027578,0.552052171227608,0.622525112194914,0.418285783889129,0.630105471426878,0.68502243902439,0.559944312227793,0.617069276611889,0.738528533325998,0.770731540960837,0.762082127584278,0.454387620194085,0.676992740026918,0.530017799870397,0.624070963284425
643,"RUS","Russia",NA,NA,NA,NA,NA,NA,NA,NA,NA,NA,NA,NA,NA,NA,NA,NA,NA,NA,NA,NA,NA,NA,NA,NA,NA,NA,NA,NA,NA,NA,NA,0.35909076169785,0.378769094862444,0.410125119985713,0.373684650823718,0.416946150657572,0.561118754156272,0.365078757634669,0.421680249968448,0.48474244919538,0.578015078590667,0.634590986278375,0.534221179975123,0.606458075354729,0.64278251996307,0.64031090331617,0.627788461170857,0.739476278864136,0.685852542234786,0.466252696905179,0.693406589651862,0.542164011686252,0.682653595227297,0.727406660074298,0.694194816531334,0.728045513657846,0.797116704158001,0.69184815570381,0.718400719729043,0.698397421769007,0.685990205729524,0.776966145082364,0.756902667801934
646,"RWA","Rwanda",0.997337421332903,0.780611756647175,0.966273469885394,0.970179433355866,0.957327941130486,0.935859135830371,0.972624792357985,0.970784922550046,0.971482859817937,0.987449044037435,0.987418316203527,0.980456570659099,0.992200549717629,0.943916524224778,0.986469193174324,0.995432380985493,0.990722455007556,0.974099560181211,0.940426260002808,0.967836027834458,0.94599682232661,0.91960710553814,0.960208041608322,0.998141712728621,0.932290261667116,0.970988247317322,0.991707627780649,0.99706603232781,0.974095038855127,0.952010940232256,0.881605810403079,0.951523643039732,0.960544950653419,0.805863947310236,0.888328400181642,0.924679936454537,0.925123834832588,0.954146722477018,0.958891160726212,0.974537858538667,0.986496867326504,0.94114676602137,0.96774206913124,0.921029063204242,0.92790694984714,0.892057019485891,0.830148454202599,0.821726611110785,0.910732079353159,0.943098940817986,0.988889472172729,0.932190199898357,0.882387031891864,0.743763720319952,0.652933704343952,0.695668293336609,0.659295838571434,0.74641364344698,0.734635446694327,0.721417157857836,0.698539370601514,0.747808369532041,0.755755471582299
652,"BLM","Saint Barthelemy",NA,NA,NA,NA,NA,NA,NA,NA,NA,NA,NA,NA,NA,NA,NA,NA,NA,NA,NA,NA,NA,NA,NA,NA,NA,NA,NA,NA,NA,NA,NA,NA,NA,NA,NA,NA,NA,NA,NA,NA,NA,NA,NA,NA,NA,NA,NA,NA,NA,NA,NA,NA,NA,NA,NA,NA,NA,NA,NA,NA,NA,NA,NA
659,"KNA","Saint Kitts and Nevis",0,0,0,0,0,0,0,0,0.0415122805597785,0,0,0.0604031981498117,0.254199979537249,0.229676626389225,0.543759722274918,0,0,0,0,0,0.210133957954238,0.148518665178732,0.497275206851954,0.577565823392416,0.729252707458096,0.743792597288935,0.75129117647869,0.698792516376093,0.638524866756343,0.984491988419054,0.999475872761996,0.615638561445796,0.800835914751108,0.753045539012097,0.814965703292411,0.906475901469976,0.883775912147902,0.887050310853464,0.706881050217884,0.683490985003729,0.68730918704903,0,0,0,0.346440269119068,0.1325610475328,0.14614358961146,0.150369587176316,0.136940157310052,0.141832850670949,0.26579185691106,0.333972767393719,0.392972658771339,0.294512622620968,0.363097507830587,0.420650886777727,0.482973126003875,0.4289249663699,0.542362594132854,0.580727850532283,0.520067818621262,0.483060733837617,0.476916974440341
662,"LCA","Saint Lucia",0.435820538039352,0.453853722869904,0.56933273776249,0.628480933437097,0.736946064908859,0.912460033890478,0.886047043800118,0.751610083073686,0.657252384144119,0.572186321372894,0.535850003787669,0.519555287462406,0.488180909283758,0.441390879167562,0.432981535572898,0.375996855545816,0.325612945635603,0.607533057593429,0.51768832807571,0.821515393750391,0.427586707896093,0.375159581388541,0.4571334268504,0.361115709001043,0.345923325843663,0.424593518584178,0.42107571236909,0.428476883993232,0.246833082603548,0.326478257584678,0.228630672118491,0.230608592047008,0.360176936724569,0.684356296898185,0.870281605751947,0.993882986579494,0.576013698930869,0.363263350111349,0.458583801039864,0.31033139018509,0.375370086329786,0.679058253539292,0.407395506151703,0.548142409077694,0.367778334693404,0.506408856653123,0.619112881787026,0.835882998187793,0.67467533804718,0.458789479014241,0.537458311726827,0.38366415808809,0.51513164191697,0.335953957315121,0.309576386545823,0.365131378321884,0.462694764388892,0.409788199602991,0.410676488257323,0.375503380057592,0.399751168697317,0.431202109014007,0.353052618974306
882,"WSM","Samoa",0,0,0,0,0,0,0,0,0,0,0,0,0,0,0,0,0,0,0,0,0,0,0,0,0,0,0,0,0,0.0772936151047494,0.487960100038199,0.278968035393827,0.262616448734497,0.261178900136874,0,0,0.0183738892833323,0,0.17025049163416,0.0638229496247948,0.242287767836832,0.221767898507025,0.220352728698756,0.248341131862369,0.203560741498485,0.167320130801285,0.156182207432795,0,0,0,0,0,0,0,0.851839619809047,0.89373024279983,0.757382651352302,0.596850461831318,0.317307043339922,0,0.55267818521632,0.438938420070496,0.356110996350616
674,"SMR","San Marino",NA,NA,NA,NA,NA,NA,NA,NA,NA,NA,NA,NA,NA,NA,NA,NA,NA,NA,NA,NA,NA,NA,NA,NA,NA,NA,NA,NA,NA,NA,NA,NA,NA,NA,NA,NA,NA,NA,NA,NA,NA,NA,NA,NA,NA,NA,NA,NA,NA,NA,NA,NA,NA,NA,NA,NA,NA,NA,NA,NA,NA,NA,NA
678,"STP","Sao Tome and Principe",0,0,0,0,0,0,0,0,0,0,0,0,0,0,0,0,0,0,0,0,0,0,0,0,0,0,0,0,0,0,0,0,0,0,0,0,0,0,0,0,0,0.0100484723054302,0.116895598554114,0.407035101375144,0.4229562356584,0.458531481833745,0.640879084987846,0.756186092055578,0.794109761379339,0.93634953310063,0.953889421294178,0.986877062277227,0.804302033895342,0.729136623258934,0.815554209775165,0.469304644641096,0.448823276096345,0.456006029304192,0.454263874408967,0.455236529867995,0.453639964619467,0.469030806749438,0.469031797814952
682,"SAU","Saudi Arabia",0.0546519193233572,0.0862408302021829,0,0.197861388240289,0.26153093665933,0.776010022997975,0,0,0,0,0,0.870110229869606,0.556984318967895,0.980228648285138,0.873412354925895,0.656979984395153,0.746962624557222,0.682341530567549,0.512963098972815,0.282108553241897,0.170255777075692,0.213163716147387,0.177776972486207,0.237771966744153,0.280141220508167,0.28536104600582,0.2659541548084,0.324932471246807,0.315332196616804,0.319561575442909,0.331459729932195,0.332232983319504,0.399449725906721,0.476080711711555,0.358935281746256,0.242403556575362,0.256032998577472,0.253272262838016,0.261235233139173,0.212245177519583,0.241560987378802,0.26372794721597,0.261604029891039,0.278262534029038,0.317432265279496,0.29949507353809,0.264145937746916,0.292062478986569,0.222072247925509,0.226858855075407,0.17206233891561,0.128121870027733,0.130957463096557,0.178312528090702,0.163231252149716,0.151725828844589,0.179322121228135,0.171838485966277,0.17822069524023,0.157645361419709,0.135881213529571,0.159629868461091,0.16799333437868
686,"SEN","Senegal",0.423951345079158,0.428467444331158,0.433877891259806,0.440994942885302,0.443050115691369,0.395396814148143,0.438871713366194,0.365307599086478,0.449275812768074,0.336926185187823,0.431519638972585,0.29600042307106,0.367582966600761,0.445968476284157,0.443306859360135,0.407767855154444,0.295448560270296,0.449228311202144,0.361929775280899,0.342285151867796,0.521825207453321,0.450901463038494,0.319489391264075,0.399699823347368,0.617880836733856,0.501605676767436,0.548331430021571,0.45976286428375,0.547521395816474,0.467765936659201,0.489876260712001,0.439543966814598,0.526721909920854,0.466859513057997,0.555647549691671,0.460838263508887,0.454998013192402,0.489801329580776,0.506359238043376,0.444682765474096,0.453384648763794,0.297201417846988,0.59531784268343,0.445204653166739,0.559884690536621,0.53492572295178,0.440797998542698,0.618560236355483,0.53714928926173,0.477910603446321,0.368106138744746,0.477694743374191,0.407761665206525,0.408247890946765,0.497529371074586,0.508133328041751,0.515141035065927,0.580730292599934,0.578668771620273,0.619966500252061,0.70157959646786,0.595283737619504,0.749066808081267
688,"SRB","Serbia",NA,NA,NA,NA,NA,NA,NA,NA,NA,NA,NA,NA,NA,NA,NA,NA,NA,NA,NA,NA,NA,NA,NA,NA,NA,NA,NA,NA,NA,NA,NA,NA,NA,NA,NA,NA,NA,NA,NA,NA,NA,NA,NA,NA,NA,0.575006708527881,0.393777855185691,0.626555491157748,0.508829507869955,0.659475846015388,0.626230028273953,0.373931947844067,0.469357753476049,0.737452257163529,0.60643615517585,0.694526980881543,0.477420866458182,0.956916514042211,0.813162675523442,0.629102027194333,0.906717800249722,0.510922972785418,0.733278429374548
690,"SYC","Seychelles",0.557284833261048,0.601404225456076,0.564783894666539,0.731509988099677,0.586566492969965,0.635593152664908,0.651150777585492,0.630967899839179,0.511162395669825,0.463800717006684,0.371964202566819,0.354227374941558,0.335369607699696,0.313403923101764,0.300761690153519,0.281697137277638,0.320105627746439,0.28822637979144,0.352931400788296,0.334985908990536,0.327494402970192,0.277426920784191,0.605448251946923,0.474785726219209,0.409566253317872,0.368791438874026,0.320583492124054,0.271101491212395,0.24455217302868,0.246344463759231,0.183763016181744,0.189371553363811,0.194501854855836,0.203279098712407,0.214718691958655,0.235473263311737,0.23468799657492,0.250371897490121,0.266184745056664,0.340228085355748,0.564086923949137,0.548071976915653,0.490156271400611,0.535913923140805,0.486918843528048,0.503320600696319,0.456124946288789,0.561371823777791,0.60069153394803,0.745618124279955,0.588411063841592,0.518097276342304,0.605409522503349,0.543096426946708,0.588003493463076,0.625348261719764,0.622859108593602,0.632874116430239,0.556831420444735,0.577640176556989,0.500307577941386,0.650862114570071,0.591615277460133
694,"SLE","Sierra Leone",0.565850994547584,0.637255446522249,0.638223979646574,0.671672232352413,0.64746712516318,0.658091714458367,0.637769082350143,0.626948036092351,0.662168765992027,0.608091444139594,0.609169587929315,0.633122878245711,0.632257291182086,0.630753225833515,0.629070893832984,0.643011229235525,0.642560764903802,0.64196292745952,0.573730834482448,0.59428585513613,0.573613388140439,0.644185104002557,0.640293809024134,0.714155048196923,0.608724959052539,0.660279255076119,0.65924211744287,0.645627081880858,0.632229602545675,0.650869364058326,0.663724372710831,0.629417409268155,0.603489776639087,0.60373065764724,0.597487762944034,0.613622226209702,0.590596262076348,0.496953589701868,0.500547335276681,0.519528844370247,0.510115824308063,0.43146012565538,0.549412280352233,0.522658897539565,0.504584149624389,0.56467490510822,0.600735457989748,0.622279118947014,0.650421936351606,0.774132401903711,0.782083284447987,0.729145060497274,0.779545389297198,0.745617332591141,0.694962472161239,0.644603286950976,0.549677501575322,0.476874012644084,0.570357431182173,0.626326609990554,0.777394663629942,0.697872198949398,0.644021260974825
702,"SGP","Singapore",0.0854538374179366,0.0780597426832954,0.078426398168188,0.0887214239050056,0.0836769608130553,0.102718242415838,0.0997747052732936,0.104872980952824,0.100721345804346,0.097595226241636,0.115977014635852,0.118584438991701,0.0883493888925784,0.0686046676285344,0.0693598940941013,0.0701199544727133,0.0653116011953547,0.0673161979447595,0.0569825006787551,0.0592258670554691,0.0670369598784946,0.0828780260052172,0.0775221703949007,0.0819485152901763,0.0686844541562034,0.0675586097546352,0.0630979116592627,0.0412918388013094,0.0223142889727833,0.0188407253377407,0.0131363509865992,0.0116830993079726,0.0108529479461164,0.00930675203047557,0.00978540791540097,0.0126796131123497,0.0200237004546917,0.0182153883752992,0.0210568574464611,0.0309970727815101,0.0375427342758977,0.0971230957313129,0.104555583461734,0.115826973382134,0.127020866361106,0.13904249163501,0.116111184308922,0.118945869457689,0.115298328635025,0.12580973107654,0.134040644562034,0.134512775556223,0.13761224892722,0.143049323715242,0.143461699236418,0.13716454888346,0.131998832097812,0.137432951443235,0.145699755909658,0.135732079715853,0.147583626459884,0.158277649847405,0.119343590126334
534,"SXM","Sint Maarten",NA,NA,NA,NA,NA,NA,NA,NA,NA,NA,NA,NA,NA,NA,NA,NA,NA,NA,NA,NA,NA,NA,NA,NA,NA,NA,NA,NA,NA,NA,NA,NA,NA,NA,NA,NA,NA,NA,NA,NA,NA,NA,NA,NA,NA,NA,NA,NA,NA,NA,NA,NA,NA,NA,NA,NA,NA,NA,NA,NA,NA,NA,NA
703,"SVK","Slovakia",NA,NA,NA,NA,NA,NA,NA,NA,NA,NA,NA,NA,NA,NA,NA,NA,NA,NA,NA,NA,NA,NA,NA,NA,NA,NA,NA,NA,NA,NA,NA,NA,0.452925064670973,0.550750162282496,0.539915720350503,0.497054413881337,0.568296231768787,0.506421583006056,0.522002521422101,0.367665358070635,0.522802051902816,0.532565796646388,0.399845552847535,0.612294113645531,0.592846754592182,0.487737835308796,0.462683076671796,0.689891347114191,0.605778165683257,0.442979851724685,0.550585522974888,0.43090018716059,0.505854858031567,0.643204924687663,0.525372167527091,0.621212924001654,0.524734830309227,0.51982873725753,0.538301119400221,0.575028693687964,0.544082290314399,0.500733846429211,0.690567417219402
705,"SVN","Slovenia",NA,NA,NA,NA,NA,NA,NA,NA,NA,NA,NA,NA,NA,NA,NA,NA,NA,NA,NA,NA,NA,NA,NA,NA,NA,NA,NA,NA,NA,NA,NA,0.174806113754333,0.269772910570432,0.271479432615207,0.27060447386428,0.313002938629882,0.284957576390793,0.26007066227718,0.225126010538693,0.230119452895281,0.226214120222425,0.268454828677041,0.190538086283237,0.269868709347421,0.27028248198994,0.260997547775999,0.290438532629522,0.371982805257617,0.32792155247804,0.379387817489144,0.399230194586932,0.376611203384102,0.304417012016577,0.394954202524052,0.379188078623088,0.393431407945035,0.354283774215731,0.379160258804847,0.401182821084306,0.454158338129049,0.396739300854259,0.343754733062689,0.388161262225701
90,"SLB","Solomon Islands",0,0,0,0,0,0,0,0,0,0,0,0,0,0,0,0,0,0,0,0,0,0,0,0,0,0,0,0,0,0,0,0,0,0,0,0,0,0,0,0,0,0,0,0,0,0,0,0,0,0,0,0,0,0,0,0.169733119795542,0,0.41937256830443,0,0,0,0,0
706,"SOM","Somalia",NA,NA,NA,NA,NA,NA,NA,NA,NA,NA,NA,NA,NA,NA,NA,NA,NA,NA,NA,NA,NA,NA,NA,NA,NA,NA,NA,NA,NA,NA,NA,NA,NA,NA,NA,NA,NA,NA,NA,NA,NA,NA,NA,NA,NA,NA,NA,NA,NA,NA,NA,NA,NA,NA,NA,NA,NA,NA,NA,NA,NA,NA,NA
710,"ZAF","South Africa",0.971969198622451,0.886128661688685,0.849351111329179,0.751677975650981,0.686045674375067,0.805314321185567,0.949364568140298,0.715158710928035,0.718911724189285,0.661455523334233,0.786813947070781,0.759748374087643,0.576507837443916,0.827350663239784,0.682364703522271,0.63045580795556,0.662128983290592,0.629059247059817,0.558298470120176,0.515779919162598,0.609753756550223,0.504809865649241,0.407615167486273,0.485941053443795,0.574447415115093,0.601016500884814,0.728371453304418,0.661432291250659,0.716484337099842,0.60781617905762,0.637725899135912,0.350795226637446,0.517186559652328,0.670673790442268,0.461150449697716,0.652310535051485,0.617870019290893,0.553148188406746,0.572417895117465,0.666509886453924,0.584252857493319,0.580783202060089,0.564098610835276,0.560455344296248,0.71612770258443,0.51463807913238,0.484200951548328,0.663014801451047,0.654305909070307,0.636133973424277,0.612298447847728,0.625313067792369,0.633851105513574,0.616283601711904,0.598725845206268,0.52757049279751,0.608571099694075,0.582714980187099,0.554006992982567,0.60622845549912,0.531517443086003,0.59101662330486,0.648463517902885
410,"KOR","South Korea",0.409130562420492,0.395642738302502,0.404094202637847,0.534774308539995,0.484771264792618,0.467070428789325,0.387296861203863,0.388798792433979,0.393107794834134,0.352025559207921,0.350479744268326,0.339648814219552,0.31023613348041,0.2991543323574,0.322695947766545,0.431839556529484,0.393894833613995,0.380560342323852,0.373494908036756,0.277924627693236,0.334130587124097,0.431928652205202,0.372440886984107,0.353333596558307,0.318077001139418,0.312099708523984,0.294462624594412,0.310486201970933,0.288535577466392,0.272300295689864,0.262471227838073,0.256130576282054,0.247557687824068,0.244383250823742,0.242654274727069,0.265418257953632,0.24132174785248,0.25255243977515,0.271821100268657,0.287474716264078,0.317658475157481,0.301994463723646,0.275468773546318,0.286672678836832,0.273863373510416,0.322909569725164,0.274396581835887,0.321634716807548,0.340810967854012,0.310305276160226,0.319511612765808,0.298463196114358,0.318558324164301,0.330309321424246,0.324185160202082,0.314967270698355,0.311231067800349,0.305932296389564,0.301349183921157,0.280608000047585,0.299481167490002,0.292932894291909,0.304692074683418
728,"SSD","South Sudan",NA,NA,NA,NA,NA,NA,NA,NA,NA,NA,NA,NA,NA,NA,NA,NA,NA,NA,NA,NA,NA,NA,NA,NA,NA,NA,NA,NA,NA,NA,NA,NA,NA,NA,NA,NA,NA,NA,NA,NA,NA,NA,NA,NA,NA,NA,NA,NA,NA,NA,NA,0.362288394523444,0.348446438373115,0.411151514403191,0.401864991279531,0.376352987165716,0.362204495449303,0.342734338704115,0.349922231218307,0.360661653979167,0.361188824638109,0.388410180540232,0.389042067628198
724,"ESP","Spain",0.355763222875541,0.381876508282141,0.403145331575506,0.337621778199676,0.339360426349868,0.342094563784169,0.341245761965804,0.333197700132685,0.305162409226173,0.289153314780973,0.319489753917884,0.292477485553518,0.284700763228371,0.313434047533675,0.325630349832527,0.285229962553711,0.295531568208942,0.321942006638764,0.279644344953416,0.345926953435808,0.260173033102643,0.29883377125517,0.293166598394171,0.38075764996605,0.356060859925929,0.279714803011317,0.327068392991697,0.342233724479367,0.309642569112844,0.314680614948962,0.323341205291645,0.312965240649168,0.318309064501003,0.277122549884131,0.210373242850218,0.333999599388001,0.324036872532818,0.322498550608744,0.274486384609868,0.35570897536372,0.288470868767482,0.332948440675619,0.313533845958961,0.362605719234805,0.257582772778894,0.321288982570716,0.369322144013959,0.430067689942117,0.341535812389816,0.335975684069409,0.400909812135418,0.299658154665322,0.40061143135026,0.317960168360538,0.319474138477132,0.37281800414476,0.275214952990185,0.412522692275525,0.34220379127632,0.404982205071789,0.429219068522585,0.369177900692926,0.26827825175436
144,"LKA","Sri Lanka",0.74732067864942,0.770629103005682,0.773693867194108,0.743061956945944,0.675718877170685,0.621562447933655,0.698883348951664,0.646109732969669,0.695206248036267,0.674603439082911,0.630749728001706,0.68861046388477,0.561502704152327,0.538105706126235,0.798553803516583,0.648440736138233,0.540765930769539,0.529517813242894,0.594485606358301,0.524889324126293,0.598279866331215,0.603120228255714,0.60426027889291,0.492404690339231,0.55894282105389,0.587744495468355,0.475370613623569,0.470165844088164,0.472456950301511,0.560076484701053,0.629084908225606,0.560266353389946,0.55299661282518,0.577848908742075,0.620323576993268,0.573691508366303,0.580616520294596,0.544543148125393,0.509109876357444,0.553630826757203,0.519696974065755,0.472560527206454,0.553168950435698,0.51836027920324,0.516018183877306,0.557112506775501,0.575579902336462,0.519558011049724,0.52729104408937,0.61063828748566,0.526601213283717,0.608251801984239,0.678610306163745,0.509556670812335,0.59795779676503,0.759544084317997,0.685777823659466,0.834844865137801,0.822955471319957,0.587738089397879,0.990777430801573,0.679503634478183,0.598478043884474
670,"VCT","St. Vincent and the Grenadines",0.935082961441916,0.952012646453189,0.815968720309874,0.822751142910556,0.766166936221081,0.80260376945872,0.620507710402509,0.477730743960104,0.365745098747515,0.318454126506394,0.352112242967989,0.323156320171587,0.260949464155068,0.252020857475992,0.212134208055363,0.191422568077275,0.200644873179933,0.252436717857575,0.245728294635757,0.21018429591272,0.229177033169216,0.237481134676217,0.229952371551983,0.283290875792929,0.305410243382856,0.296083712518677,0.242344889736373,0.273800832293356,0.385484896341235,0.823867788548888,0.772907706903242,0.866552986256897,0.52919609164845,0.271168170684578,0.263319091906025,0.263947328196627,0.246982352827049,0.197012699429816,0.162401428629548,0.152653853503007,0.171177512970684,0.712890597229266,0.878209522248118,0.834576218780386,0.927108983544957,0.898166888488123,0.916959744033432,0.885398142156138,0.943009477896916,0.745321376919195,0.829040519705053,0.918489295570712,0.852935675489653,0.861691413177131,0.829530414591672,0.869482261853181,0.879998257525313,0.813306259911688,0.841453296700127,0.836271841821872,0.771462148099291,0.800145647752179,0.814048090523338
275,"PSE","State of Palestine",NA,NA,NA,NA,NA,NA,NA,NA,NA,NA,NA,NA,NA,NA,NA,NA,NA,NA,NA,NA,NA,NA,NA,NA,NA,NA,NA,NA,NA,NA,NA,NA,NA,NA,NA,NA,NA,NA,NA,NA,NA,NA,NA,NA,NA,NA,NA,NA,NA,NA,NA,NA,NA,NA,NA,NA,NA,NA,NA,NA,NA,NA,NA
729,"SDN","Sudan",NA,NA,NA,NA,NA,NA,NA,NA,NA,NA,NA,NA,NA,NA,NA,NA,NA,NA,NA,NA,NA,NA,NA,NA,NA,NA,NA,NA,NA,NA,NA,NA,NA,NA,NA,NA,NA,NA,NA,NA,NA,NA,NA,NA,NA,NA,NA,NA,NA,NA,NA,0.405225915904308,0.505847580818705,0.576308195214138,0.428035468964656,0.475703297561807,0.502519326192048,0.602647060905763,0.492365269461078,0.493140794223827,0.463283590388746,0.539064404041529,0.456777469475977
740,"SUR","Suriname",0.627420337310611,0.655238181313124,0.636388306520366,0.608065231568802,0.713869144213236,0.711289839851551,0.699460139074508,0.669711953739287,0.660009563978615,0.641215552485979,0.464798170111682,0.428767087532952,0.454289007604327,0.408750464735377,0.555935943032152,0.463313588999062,0.489119984354461,0.526608247784772,0.740190395745616,0.870524965141861,0.488463320765218,0.425380006281474,0.384967882866184,0.323655417389296,0.39776189604744,0.388350106441058,0.355742700691726,0.682474894031139,0.712218571136051,0.637948530358147,0.739112102499932,0.576582209971663,0.523914227623621,0.488535573267037,0.504050118711975,0.356535116554028,0.354037226070134,0.355885956076522,0.391253245795029,0.362051434809524,0.399338094795812,0.417549488981698,0.354203305626271,0.30022429528593,0.367152197963503,0.294794287274554,0.364533424317013,0.183602961681941,0.341642237868477,0.279710729119887,0.294819537754473,0.380007662237315,0.388156417111515,0.379681997026782,0.428870300033957,0.387288509759166,0.309520471775478,0.370265308963512,0.439346605951498,0.286387990096546,0.408034556086851,0.282901393266963,0.226185739801749
752,"SWE","Sweden",0.352886914235789,0.327799853877246,0.310736064074177,0.37057131838214,0.351963087955899,0.276459575301452,0.353403982504954,0.367515838465435,0.280967462646955,0.331349886096738,0.352787689987217,0.344537165352031,0.291974987542196,0.423538720710603,0.32120487266784,0.331165775501559,0.329791140854196,0.350626928702855,0.318025193557336,0.337999913368938,0.360444479477937,0.376163622777243,0.340987269052094,0.430986251279122,0.370800397213173,0.390812152135084,0.345263104753343,0.349394539597731,0.399567770381114,0.472015625135035,0.418799310913908,0.302383123031865,0.386199512780533,0.324110119768287,0.367972088568627,0.421272407919009,0.434326793336822,0.429251755217735,0.388455217184923,0.435187213772828,0.432299971750007,0.445366080183565,0.441853237696257,0.483274150672865,0.449873388816624,0.38021113853228,0.429700842584592,0.457534978349219,0.499526680754546,0.399722608591191,0.437908418063626,0.493640622803539,0.477101842728235,0.50261761828342,0.50821581035227,0.450146458934866,0.4922025356985,0.296082406820054,0.526895324072602,0.495922489734398,0.467454615517596,0.558376929319351,0.409707565919724
756,"CHE","Switzerland",0.231278387560088,0.258883982599675,0.225028467693711,0.26034179652463,0.204630987191063,0.211437067555749,0.243622288697683,0.224994504552163,0.215133350300991,0.206253680765219,0.235928814234019,0.218350331416602,0.215986197464939,0.235000624866475,0.211149704522601,0.204898360620687,0.17614015567086,0.200918458322401,0.209654012662148,0.190266114525521,0.215984684500005,0.238649584628888,0.209142753576068,0.254765978662714,0.234825443549391,0.218474481592636,0.211858013727613,0.273039537359986,0.297722049024668,0.281109299530204,0.286371155998915,0.281984493086032,0.296854455385184,0.274017699527929,0.287862892679075,0.327940446403131,0.311743500834313,0.323886794602836,0.286437433559403,0.331067823004686,0.281863008988483,0.326876198690906,0.269582482757231,0.326920805655586,0.302012539005468,0.292260282154185,0.320353652792142,0.316083745340119,0.32841688051257,0.297755990823071,0.332439230161805,0.336809454643101,0.279700610221205,0.336047417736622,0.296194471140257,0.250093629740062,0.313829806590128,0.307463717611652,0.320809110636537,0.322298048196358,0.261034964698835,0.307461993220951,0.278402518409871
760,"SYR","Syria",0.972987739025475,0.607120764313698,0.619128041533746,0.765170229351251,0.812882461303915,0.861188774376192,0.982370865438611,0.833717861325223,0.957375058460579,0.699016806722689,0.703205009342595,0.934274340500687,0.60655712868062,0.937514913699393,0.901896765247895,0.932460357843799,0.66393249286371,0.755091230955799,0.555384561267742,0.809744429932688,0.830649086791814,0.628868063926586,0.611126562914828,0.457782611857896,0.527866474433251,0.563728308406056,0.408817656222229,0.666927418003017,0.343258373509262,0.437328402025337,0.548213952779973,0.690735453627398,0.662205277842857,0.592624348323133,0.611245972386243,0.663288532814196,0.574947782971457,0.701006576298483,0.480731832650297,0.56165408742045,0.759062142504802,0.7385976172716,0.714945933440246,0.654927886338547,0.639764533712623,0.686151838139457,0.578178769225621,0.442193902574082,0.639654801900462,0.663576957557711,0.786540597313446,0.841805331239165,0.632491239862825,0.976936863819282,0.0990208089123135,0.793166807369519,0.965439490200361,0.848464817148326,0.225410774239495,0.582705624236663,0.957576891883461,0.927267613556462,0.864168707899571
158,"TWN","Taiwan",0.327239991141373,0.308575866553162,0.299551713303815,0.335481924815858,0.376945511901812,0.372795129842354,0.357226738934056,0.380924306336647,0.357039341156507,0.354565703009502,0.371773495282465,0.363748181548215,0.364917163429283,0.397479265188537,0.379388734528921,0.396887493153138,0.417210329304854,0.371165378445289,0.395726332281402,0.376943656859029,0.373658430091115,0.368210327990642,0.35457743548954,0.340010143961432,0.344797331461409,0.321867929503625,0.319871409819344,0.332611637597143,0.31346775136459,0.294968716424113,0.295787368923325,0.290207169320756,0.294123780948694,0.281760743907949,0.282343013776345,0.2700071958611,0.26816863567908,0.245116516744554,0.265835514091173,0.248371686127682,0.228167850761392,0.23913077825314,0.252397826146185,0.217176020370902,0.199159073113392,0.21865526123876,0.193401614274892,0.212985291972684,0.217918544005685,0.228787524969046,0.25787770123362,0.241969350477142,0.240147841898294,0.256523571990514,0.251599272278896,0.242534395551333,0.276467355827565,0.293427957767579,0.284377660028466,0.280057858731346,0.279055883296464,0.286731436211433,0.279105683339845
762,"TJK","Tajikistan",NA,NA,NA,NA,NA,NA,NA,NA,NA,NA,NA,NA,NA,NA,NA,NA,NA,NA,NA,NA,NA,NA,NA,NA,NA,NA,NA,NA,NA,NA,NA,0.37563793970232,0.478021539884609,0.517680203593413,0.436563054356748,0.437676686445406,0.47171965294169,0.585453923316585,0.728514463827691,0.778703258204874,0.911976134439903,0.891095268352889,0.916400524991797,0.920718369051659,0.975040700200491,0.870251416486482,0.877217832948109,0.760040829071713,0.852273020996976,0.85559337768838,0.845757129475869,0.890383091831424,0.897150802918723,0.760419498108493,0.670564283193147,0.741400643405098,0.607864693792996,0.5522631859035,0.505563741764776,0.461978235828385,0.530956679626191,0.496529480348251,0.430287888091356
834,"TZA","Tanzania",0.936304278343455,0.961741630633442,0.949146185412346,0.996504780749043,0.99579711965646,0.949930576008752,0.998221658329607,0.872420059924358,0.943330306738778,0.848734959860247,0.831008754572744,0.879689747676995,0.911386888973096,0.880014793583283,0.92580402975172,0.946703006142456,0.980441700158709,0.983200350132983,0.974876636570573,0.910516017648187,0.878005570110576,0.880793934698075,0.942829069196176,0.887779323892936,0.876636841765385,0.930683884916258,0.872730844793713,0.8332777047416,0.868877615726062,0.828545547048531,0.841094690355756,0.842612797350376,0.821565361185755,0.750469122394184,0.918705031625114,0.901712936291091,0.748281479068252,0.758228419365381,0.832915834555046,0.801965690584072,0.8253285168829,0.850167532249958,0.635150117876856,0.850597325947114,0.791880435295076,0.789055783584557,0.801864388906464,0.84861622334106,0.74680096871779,0.763315099137202,0.781066127424134,0.786622659563463,0.734070274570041,0.775728536599999,0.78252101306555,0.795389554459322,0.783472515513068,0.794974922531387,0.92947250247426,0.739971951092186,0.853060533775054,0.727017373513195,0.722652679232142
764,"THA","Thailand",0.518733133968692,0.539386497100269,0.566682527744094,0.549578670054745,0.553325684478467,0.570211666802369,0.498081567214228,0.517219486770022,0.549827259617903,0.576108809336264,0.586946562294971,0.525106987512277,0.619500393011697,0.61255272258049,0.637346540178571,0.616039786451434,0.576110916857964,0.634258004200669,0.629593752387605,0.637173672611462,0.65901362312812,0.657864485577241,0.613091719647506,0.628316283073171,0.631160649382118,0.544113021380857,0.512581019965287,0.547512835150368,0.542573419568765,0.456157465760572,0.52311592556641,0.502470637424456,0.411400766702874,0.442521888448411,0.486659240629705,0.487893434153737,0.497339651222157,0.429126414176548,0.416656319544599,0.494564818600166,0.491828622749775,0.486610599712529,0.492654086957317,0.484909757219185,0.462410411257306,0.476878425741406,0.491340849346514,0.53522567056081,0.450626147728944,0.439426698664205,0.496117768546367,0.509521506558218,0.485990746457452,0.501331333659483,0.511129950236226,0.485783212235493,0.453707063066659,0.551122873586408,0.578163461411892,0.459618954261998,0.47885458952595,0.483523719599536,0.392177868469158
626,"TLS","Timor-Leste",NA,NA,NA,NA,NA,NA,NA,NA,NA,NA,NA,NA,NA,NA,NA,NA,NA,NA,NA,NA,NA,NA,NA,NA,NA,NA,NA,NA,NA,NA,NA,NA,NA,NA,NA,NA,NA,NA,NA,NA,NA,NA,NA,NA,NA,NA,NA,NA,NA,NA,NA,NA,NA,NA,NA,NA,NA,NA,NA,NA,NA,NA,NA
768,"TGO","Togo",0.658592932697896,0.608504990305664,0.663502338205125,0.656351140041456,0.665181435802381,0.712397527765724,0.662740235585865,0.639273149571336,0.689791328251906,0.737820422036539,0.748248519753927,0.740192877593048,0.709480122324159,0.639425680736567,0.664367790270586,0.617801515117656,0.623059995367153,0.56028842302043,0.553311700706242,0.593715739818754,0.594791697422422,0.613637982075097,0.597106132637314,0.616367387759147,0.595459471344882,0.621921409279251,0.63538076687758,0.57276376999384,0.620310264426898,0.657595687331536,0.59436525285823,0.601438781393727,0.628463789775204,0.605423548646135,0.613766647989311,0.615728710003769,0.732177088087631,0.656455505613002,0.638623191176712,0.596886345455664,0.665922785092613,0.734965771761847,0.672188124346252,0.751202142552803,0.610831664507009,0.619917530616913,0.643207906970947,0.630654045160829,0.659208131509016,0.555526478564971,0.575617458974202,0.596435859926676,0.514181812122752,0.641184352712341,0.606062546970007,0.527282145332111,0.598713734036718,0.509596774193548,0.601074244765304,0.566618943224017,0.581066758685284,0.473001183020678,0.467406262853078
776,"TON","Tonga",0,0,0,0,0,0,0,0,0,0,0,0,0,0,0,0,0,0.339713421360831,0.353208357166141,0,0.285639787911386,0.878407073276069,0.717487886349533,0.466179044299544,0.776147203425753,0.569347285318883,0.947812764412747,0.696526768529793,0.804599677532106,0.762437112402528,0.711806178341313,0.773091060985798,0.961350436989005,0.930255963375943,0.886510725805897,0.83460541978853,0.736810633499624,0.587495641331798,0.574906867224292,0.536933400251631,0.630559659144946,0.60139878038636,0.62345763098455,0.594833091813281,0.597463066372211,0.294203736434365,0,0,0,0,0,0,0,0.281138700461874,0.31935281857913,0.699566898636719,0.733876631267824,0.733442554490114,0.755319316879418,0.737959564032011,0.738295280826259,0.654502011096597,0.64759155541916
780,"TTO","Trinidad and Tobago",0,0.704724424523052,0.939583097719205,0.871085868133728,0.893127197927927,0.513363461926883,0.809474720516404,0.671768880837063,0.684822971854391,0.772492743036198,0.932624396488691,0.971113855191851,0.83727723399251,0.895515466549672,0.960066272370873,0.833709011336152,0.972844060469271,0.770751069515414,0.821349724086224,0.864216737384862,0.809912023391233,0.715628749306099,0.603294281968422,0.473147632111665,0.492392321867684,0.70534501303142,0.683882172868333,0.981484637315365,0.822357300388295,0.61012919707934,0.530227123318948,0.491092544012616,0.658989513394173,0.749517942889412,0.651636785822831,0.515356362914433,0.527724254599281,0.451487254167739,0.505771104637448,0.457918199999718,0.434093607278278,0.481465826680327,0.357524264669894,0.202383500830727,0.170706013754976,0.291724191752854,0.277457668232022,0.0564942140527433,0.0489015256085285,0.0494616062444926,0.05197677396734,0.0500209785623923,0.0447467396158652,0.0502149569856194,0.0502768368673593,0.0487879400830298,0.0617503333439299,0.061042060051664,0.0598402611812313,0.0574097381436706,0.0580739837190835,0.0584737567067469,0.0586009658115807
788,"TUN","Tunisia",0.877722213260203,0.962305183037332,0.685541863910671,0.964470205053671,0.803254121173196,0.83420260782347,0.806095284193058,0.795361198357091,0.525903014145388,0.594726524964446,0.666421018546433,0.80776638921373,0.712169814239889,0.653297004823476,0.713180331433645,0.597603359640866,0.586110246029274,0.545228839017494,0.537769235979409,0.662023490288453,0.592378735432381,0.501370328810908,0.493678435114504,0.439609502115197,0.680721294086449,0.347078230721915,0.614828597203428,0.248893549055707,0.323052228243985,0.688366320026837,0.780664554134939,0.642634524058497,0.635296524838734,0.326481487895265,0.333210555559024,0.870576096486539,0.398929643649654,0.495767044292667,0.520545436679857,0.379971002981047,0.409706630187501,0.244328813973372,0.65290424225574,0.535184025663239,0.516657522919002,0.461061258406279,0.496979294973312,0.392058033052045,0.566107563283835,0.352640973728032,0.51256140512596,0.524749175027499,0.473366138078704,0.585076510358776,0.467280255549083,0.342340998281063,0.42216811730862,0.438251518262655,0.555119688776671,0.592080236694727,0.425409017431504,0.468730097618371,0.373439370234055
792,"TUR","Turkiye",0.620412799502932,0.448697204161886,0.325287062543189,0.482680194303791,0.606998956023571,0.586808104247074,0.722955506949254,0.894625676165214,0.993389674978192,0.975739883229313,0.913572005061727,0.890389361720815,0.71105368911423,0.953701840243861,0.841621756743841,0.764762988244217,0.716670453254572,0.640792491963618,0.722927489099622,0.636820863564244,0.656818047097088,0.636914996507442,0.55009837125588,0.59150810123331,0.616387852772417,0.643440565263712,0.564904894181542,0.624104337067588,0.502359649361363,0.566164309269808,0.614089272609069,0.556984705521681,0.538397009523989,0.599293451642155,0.621203557723771,0.600837988826816,0.609293005566313,0.589918266466189,0.501993533701593,0.59954580101684,0.626868359445345,0.637627709690323,0.568709637593795,0.606103271214268,0.618547584498857,0.600502129918502,0.543330799411119,0.624712360914561,0.552842455194971,0.591575620995557,0.689529985999331,0.591825899503226,0.584043927569172,0.565227481632626,0.623398333771997,0.486873495778697,0.543335769110319,0.590035979218521,0.540684711224021,0.475595771264912,0.499923869351106,0.636005439901605,0.547727641766748
795,"TKM","Turkmenistan",NA,NA,NA,NA,NA,NA,NA,NA,NA,NA,NA,NA,NA,NA,NA,NA,NA,NA,NA,NA,NA,NA,NA,NA,NA,NA,NA,NA,NA,NA,NA,0.658472139983737,0.608152952963048,0.663927909503419,0.648366799288698,0.241315335359711,0.271086500550197,0.686109351345403,0.906791773301412,0.698339438733519,0.663561092673598,0.569666390048287,0.532202097051384,0.576024486026549,0.484565462306215,0.355181164581729,0.249170566868129,0.245146620650746,0.266784850231967,0.325057435686707,0.273283701000126,0.192015258825953,0.151268802878533,0.155519928222107,0.145536705946198,0.204992896434984,0.21458993653356,0.189303789844122,0.225419642171543,0.2086486896737,0.226826023891093,0.196751718833603,0.126491703408583
796,"TCA","Turks and Caicos Islands",NA,NA,NA,NA,NA,NA,NA,NA,NA,NA,NA,NA,NA,NA,NA,NA,NA,NA,NA,NA,NA,NA,NA,NA,NA,NA,NA,NA,NA,NA,NA,NA,NA,NA,NA,NA,NA,NA,NA,NA,NA,NA,NA,NA,NA,NA,NA,NA,NA,NA,NA,NA,NA,NA,NA,NA,NA,NA,NA,NA,NA,NA,NA
798,"TUV","Tuvalu",0.733020269771031,0.733124418065702,0.732902321233837,0.706081413260791,0.706403501230261,0.706789833046281,0.864621440906152,0.959618893334315,0.914585737553302,0.844054604827027,0.83057846176467,0.432756248566842,0.371933713407003,0.61103435945779,0.472579575325303,0.366341006588176,0.556671437595452,0.536241841291652,0.561886910576158,0.683941895252856,0.622884587482933,0.636249979912902,0.722223175818329,0.643533046659626,0.563898532929695,0.535516193457702,0.50696202345998,0.393300318119261,0.329565829290238,0.304918140287219,0.493952279056595,0.317746638445974,0.313133142196067,0.263145495665285,0.306829960923596,0.301398878283366,0.276200686269656,0.291526991759418,0.248796354384177,0.295989907516488,0.25872121155393,0.277720094746291,0.281737272395151,0.268103893563502,0.284109646784612,0.280714241978937,0.283610027747368,0.261978864261015,0.263870531507386,0.257594609895545,0.259705817809991,0.274998549263104,0.28527991999838,0.264331735814626,0.260719096308088,0.259759003128544,0.255985027138312,0.259205414629423,0.354599641039656,0.355555061113089,0.371283376479433,0.370351750269492,0.341813740589031
800,"UGA","Uganda",0.829231362184782,0.918834366892801,0.814729948681097,0.879759533244954,0.900282020653242,0.888891999328145,0.856303086803398,0.845923099611545,0.738933604637863,0.613125042481365,0.772756388199235,0.776942117791113,0.671244967294974,0.768874310111423,0.661826594294732,0.814297620365891,0.871041347716168,0.916000909142565,0.949869101451784,0.949412429116284,0.96953783724963,0.970889191773298,0.994341410406769,0.855314779220095,0.898817504156165,0.833233920503579,0.885993876828096,0.880771720682837,0.872242445036535,0.851247452602977,0.79419848339349,0.785917562161013,0.806653159224185,0.803629720181083,0.81171615369578,0.751187532245726,0.701758632147648,0.78403995189206,0.880762693636207,0.849842451545051,0.905347201207152,0.867955255670776,0.859617799177542,0.827758184049842,0.789535032428976,0.834937544901386,0.797661368956608,0.710994594343781,0.731703065564499,0.717121634100121,0.723690720449353,0.692807681181179,0.709345801125271,0.756890707702219,0.717936197368554,0.644085877659666,0.690785741612908,0.738614568718061,0.661764755324693,0.767948933951738,0.766137051549412,0.799514186115766,0.720942188016715
804,"UKR","Ukraine",NA,NA,NA,NA,NA,NA,NA,NA,NA,NA,NA,NA,NA,NA,NA,NA,NA,NA,NA,NA,NA,NA,NA,NA,NA,NA,NA,NA,NA,NA,NA,0.350325887050552,0.500311472365812,0.42160428461536,0.477195933401655,0.459030373533985,0.617009474144651,0.539993386878287,0.561872608467007,0.585947313431084,0.829913764860058,0.791234841212311,0.655359458333578,0.890196321847234,0.879504441629959,0.803223140043464,0.66173278126059,0.991757716519264,0.946660747453718,0.815927828604962,0.89625998605123,0.740338356704911,0.962651852282753,0.958207874235756,0.94529169602789,0.892411266198203,0.76913255619004,0.889253171585747,0.903330274414612,0.752309473799145,0.923026058980339,0.981844632198785,0.972533724317782
784,"ARE","United Arab Emirates",0.0566374837710768,0.0610819228120144,0.0657090804614881,0.0701159675900754,0.0708307066334168,0.158477073673364,0.166741724148471,0.207720221957891,0.24293208687606,0.272576539548352,0.31325063899825,0.260391902200141,0.24622283353901,0.293952028414614,0.277980885249028,0.252509538367874,0.511755834304076,0.477925801645235,0.226699642978905,0.222669165825489,0.252622461275851,0.312042593089896,0.342283700284615,0.344878670055229,0.275745415335274,0.508464588471997,0.308535499372952,0.36233928878569,0.153669967087916,0.147147496611218,0.120931393246122,0.120292739700898,0.117224731875074,0.100812248394521,0.0959754775236734,0.0985423071378357,0.119509492539752,0.121913156875384,0.214203309918226,0.389642659144974,0.154605785412631,0.111499729525717,0.0982095606072506,0.112299778669482,0.108906669267952,0.0993716676794959,0.0914410653572611,0.0934465055879642,0.128315070997918,0.12079320958603,0.0530985056930419,0.0663951449157319,0.067882228268836,0.117137669450445,0.106931029481466,0.124383689906125,0.147590323133588,0.148589700259284,0.17032102367572,0.155124671395139,0.15978244963959,0.147602064161109,0.146823518546311
826,"GBR","United Kingdom",0.252686124417314,0.292940334956026,0.27439685874797,0.301318257665171,0.300481501628424,0.273739046836194,0.277012579522958,0.256374099921386,0.272436060153914,0.252301776537603,0.266244288872914,0.274988017437059,0.251635470948191,0.272919557988575,0.219066095589181,0.205599808759447,0.251954035747447,0.255677163438465,0.246610703886605,0.28414773380229,0.266881505184344,0.279872630326116,0.262943044873488,0.336622415234013,0.289543011254943,0.3018488436735,0.294062492167402,0.288160528418971,0.295740818241269,0.309961878338376,0.335772287538391,0.359342271332927,0.323415891884547,0.308623715697219,0.330504176999447,0.348385139492853,0.356016397340836,0.362057346486273,0.367690044300275,0.401869837509341,0.325056950688818,0.397950688137227,0.39123916235692,0.402616999486904,0.409284374885933,0.410122694155123,0.391241538541531,0.480975832663582,0.440128945042375,0.428524519437093,0.456658123865605,0.409921757414408,0.404761653381196,0.47505812115238,0.477825417285923,0.417525648989034,0.446007990754028,0.408371966123301,0.481360140832021,0.363414199351075,0.432461817191709,0.490277463235935,0.453478826109848
840,"USA","United States of America",0.629418430855252,0.593491043413019,0.590935801380931,0.548222271399681,0.56197362705119,0.517152972774997,0.515653554527533,0.520228427085314,0.502055033682794,0.456995165223377,0.516488963264005,0.505968923844236,0.501329842902714,0.455241962177549,0.483974984569774,0.469249484317977,0.522042666207752,0.505739668534607,0.53819054673267,0.466345140877844,0.564153949592564,0.613732696759332,0.430903008695565,0.5294221863163,0.596549390489407,0.555743281522645,0.533691891505328,0.434369150036899,0.508952349149369,0.542878172289937,0.525883087907184,0.597827416917109,0.479092401540685,0.608284740229825,0.5119789729857,0.565337604333834,0.584471583164103,0.583242809953399,0.573054905548853,0.599828727630391,0.588163026838643,0.547946213324518,0.559904791484757,0.642564978919834,0.634375741070814,0.582335042054536,0.639480505623918,0.654035330595604,0.660035181023005,0.641357538721917,0.602864082236533,0.590989521261142,0.651014812512248,0.68815127294257,0.680687304508579,0.750111292717719,0.702530821236429,0.702770852941925,0.670521083076695,0.691562522931828,0.723867840751855,0.672134190560538,0.714313798177917
858,"URY","Uruguay",0.379515991730512,0.421474015630676,0.357714254134487,0.448468675623963,0.461333226254055,0.42962914026039,0.304345126064069,0.375688294960554,0.421050181908449,0.429280823720569,0.355370911195524,0.310850065224115,0.435620496980864,0.531399893409131,0.496845829668238,0.532002255868423,0.356689115500939,0.40568133788739,0.394607715442726,0.370071371642981,0.433736367426653,0.379624760788235,0.424454020174322,0.415367793049867,0.40662404273135,0.423725073573711,0.439654257905392,0.419477141784011,0.492684339023614,0.395394028121822,0.341051352288356,0.436576465263959,0.373303326414373,0.430597408070804,0.518117096167936,0.45581878727998,0.407959802663407,0.35976174100018,0.419233827217978,0.37638225232865,0.319727748219632,0.418708814614085,0.378277122573219,0.426250933172323,0.463064458587423,0.464229765013055,0.48645963497983,0.491954076704988,0.572618553744193,0.582493328433994,0.5317041441484,0.523318735549778,0.513995819646981,0.591386739046878,0.594162093849569,0.514842382361385,0.61628324074882,0.372209432590105,0.555759583968605,0.457524287755824,0.399799311016653,0.531361549748743,0.334473403612403
860,"UZB","Uzbekistan",NA,NA,NA,NA,NA,NA,NA,NA,NA,NA,NA,NA,NA,NA,NA,NA,NA,NA,NA,NA,NA,NA,NA,NA,NA,NA,NA,NA,NA,NA,NA,0.34724942730985,0.390427875226191,0.456019913377403,0.448953789790205,0.41597319842159,0.373934974594973,0.368408292652618,0.405877111639216,0.363243610607508,0.413535963496078,0.442599756017314,0.430902330223203,0.542019709294949,0.531450050596059,0.505745716166953,0.512575520755057,0.479740180653288,0.465266365523026,0.478609312332243,0.463383811881161,0.461513001623572,0.432350155562266,0.414367293658291,0.413338615860287,0.377876154998007,0.372066011232796,0.303437777987221,0.321706202981109,0.338548808861176,0.329210827018182,0.365605499537557,0.353053913718569
548,"VUT","Vanuatu",0,0,0,0,0,0,0,0,0,0,0,0,0,0,0,0,0,0,0,0,0,0,0,0,0,0,0,0,0,0,0,0,0,0,0,0,0,0,0,0,0,0,0,0,0,0,0,0,0,0,0,0,0,0,0,0,0,0,0,0,0,0,0
862,"VEN","Venezuela",0.426463931625596,0.450486284821933,0.40217354957365,0.421250790139064,0.448675572519084,0.462475857628989,0.471594162470086,0.411991323665981,0.446318977210158,0.452082378721428,0.415555657541476,0.389812753699096,0.383554806577648,0.345074377387859,0.342569600406797,0.301913924673833,0.330140360555007,0.278338625270424,0.283902548712671,0.259513887892169,0.295304017218541,0.3016204682173,0.275849337863135,0.222213528261093,0.210758123993698,0.223812919135687,0.200732746597766,0.199785486407857,0.218573985940706,0.231530068030719,0.243015752606086,0.250772483682398,0.268677747342031,0.276364755057365,0.25665777487982,0.256244076296765,0.270124963516857,0.315983872908894,0.360730636282679,0.327734148636554,0.325986383328148,0.282105202881681,0.319482967262447,0.314592773180593,0.302559144838981,0.349492782759234,0.316278101908244,0.267472715797427,0.261535676785527,0.254085715209835,0.244299582099948,0.232316557181118,0.242654709822644,0.228169948393493,0.195049518047851,0.192520938818393,0.188316942284702,0.223438542019701,0.210129548545587,0.244537407972016,0.24714904349329,0.233403863442015,0.236237907371122
704,"VNM","Viet Nam",0.542641735188929,0.548443241950185,0.506672872792448,0.52602063219828,0.518292477791169,0.466876042408341,0.437090578963144,0.389707254657007,0.323118339544942,0.369296934976597,0.437252889748057,0.413668672532991,0.418052762435742,0.424640005207239,0.362566984533782,0.398351911102156,0.327444328148121,0.37225535849929,0.509456404805205,0.52067456793338,0.466280845378098,0.468763830608038,0.404459354440668,0.435114397293617,0.407681887432448,0.389514277397344,0.421380644280997,0.388856196040541,0.417750537601019,0.418795125621696,0.349005107737747,0.402739931673866,0.406711944333927,0.322902309922417,0.362759701178056,0.336065113563205,0.364077925213394,0.320047341611129,0.338923132784167,0.323834391143785,0.372373005147444,0.370954633566844,0.359284395438165,0.359087985068129,0.40771068399593,0.435271060111055,0.425988049144235,0.528348685500435,0.388755957104122,0.431171962775316,0.469656412382425,0.463344775429798,0.40750397382538,0.461846389257429,0.391615392794402,0.406890620860643,0.402695329067519,0.409019485531435,0.419713090712875,0.444072798376758,0.411831216111106,0.406423711759934,0.389982676536945
876,"WLF","Wallis and Futuna Islands",NA,NA,NA,NA,NA,NA,NA,NA,NA,NA,NA,NA,NA,NA,NA,NA,NA,NA,NA,NA,NA,NA,NA,NA,NA,NA,NA,NA,NA,NA,NA,NA,NA,NA,NA,NA,NA,NA,NA,NA,NA,NA,NA,NA,NA,NA,NA,NA,NA,NA,NA,NA,NA,NA,NA,NA,NA,NA,NA,NA,NA,NA,NA
732,"ESH","Western Sahara",NA,NA,NA,NA,NA,NA,NA,NA,NA,NA,NA,NA,NA,NA,NA,NA,NA,NA,NA,NA,NA,NA,NA,NA,NA,NA,NA,NA,NA,NA,NA,NA,NA,NA,NA,NA,NA,NA,NA,NA,NA,NA,NA,NA,NA,NA,NA,NA,NA,NA,NA,NA,NA,NA,NA,NA,NA,NA,NA,NA,NA,NA,NA
887,"YEM","Yemen",0,0,0,0,0,0.041185509037051,0.0384119454305227,0,0.0714195999623199,0.225168918918919,0.0758115597783056,0.276141293121256,0.0955614147734256,0.266791730571787,0.427494049837984,0.416776187822649,0.532587985370447,0.869966109136812,0.916174180709781,0.949455008302482,0.962857965086732,0.934763478378595,0.614514259216323,0.605879205969309,0.521667230229511,0.766796381577084,0.945169833400056,0.75973118907689,0.803763003700911,0.665824530299673,0.558703593089506,0.876906569825025,0.973226208980056,0.946610605921651,0.94378607077574,0.925124804355728,0.628022133870495,0.808879579011904,0.802819905602074,0.800475443504698,0.793272404535919,0.858366989849115,0.946481606535236,0.531963756502431,0.889099922519422,0.849314538419016,0.619194573972022,0.642238670483905,0.787307145381764,0.721047986249826,0.826895030698007,0.861914251231942,0.730116764262422,0.602085113059851,0.730766249203259,0.505614681707169,0.61948089342273,0.885479023168441,0.837068037107714,0.985291398655158,0.676073264890789,0.988357704398376,0.885300459122847
894,"ZMB","Zambia",0.577357057610936,0.564907244296557,0.536753151133529,0.57023293988056,0.593756727664155,0.576309751796583,0.550966736919271,0.45605356174946,0.504892657316803,0.343282743465042,0.35339615799226,0.493076350401191,0.402657136994734,0.358603789146376,0.455431696040928,0.429678472939038,0.408694094650687,0.436128241818024,0.325300974071989,0.273793633458723,0.260697722506129,0.237499487393023,0.329146013419573,0.386316073719031,0.336061989003028,0.347093943792057,0.276231742775042,0.454702177592379,0.450208332628173,0.39505571283026,0.39735495927099,0.222953039609228,0.4047490381509,0.4035266915099,0.355355852242493,0.561057182478179,0.435049991001237,0.491136469116371,0.696328479094591,0.697026985473741,0.614565665527229,0.474691846701622,0.587433154005938,0.563102981621338,0.588822646190555,0.607964175931512,0.574841890548284,0.512727118991327,0.592304908432358,0.514827808134472,0.47260333860379,0.536996205781294,0.40248312925192,0.440950905008841,0.381684664805332,0.382582679688149,0.413675480755936,0.406579681942163,0.328500313527763,0.382302475692459,0.394425954071195,0.382832754975869,0.374757824858129
716,"ZWE","Zimbabwe",0.673717335196672,0.729469762779007,0.560107456150032,0.506613163110158,0.499267307756843,0.569179592381029,0.623931820148446,0.498700963716702,0.709410905807194,0.511917247619635,0.527982523383118,0.602234124867598,0.398318467520957,0.571360422623552,0.541550794540569,0.629678311017073,0.721157592717226,0.681351853153649,0.56463018851064,0.488223709995049,0.566796442113644,0.502368088422171,0.43265176653299,0.571117770396897,0.69570648446925,0.704505516915213,0.557682156194899,0.705668685080078,0.639645454248117,0.554859356861291,0.550916845196464,0.335051188013836,0.548333557210476,0.594216643985012,0.43657369099117,0.585933857791078,0.537952107067802,0.484801791390423,0.523029878320698,0.575008365245195,0.581742651311984,0.473590247713501,0.670918598800716,0.874927417347945,0.753477257116691,0.84175813040895,0.707651750709747,0.671570432063645,0.547471988450875,0.518527204502814,0.517463455658056,0.6879897397708,0.638079769850585,0.635721263980596,0.522806726214407,0.44075885296748,0.537713268503317,0.582237511646241,0.441160121181801,0.644339323970849,0.46675527879439,0.558666852524524,0.544781216175234
