"code","iso","country","NXA.raw.1990","NXA.raw.1991","NXA.raw.1992","NXA.raw.1993","NXA.raw.1994","NXA.raw.1995","NXA.raw.1996","NXA.raw.1997","NXA.raw.1998","NXA.raw.1999","NXA.raw.2000","NXA.raw.2001","NXA.raw.2002","NXA.raw.2003","NXA.raw.2004","NXA.raw.2005","NXA.raw.2006","NXA.raw.2007","NXA.raw.2008","NXA.raw.2009","NXA.raw.2010","NXA.raw.2011","NXA.raw.2012","NXA.raw.2013","NXA.raw.2014","NXA.raw.2015","NXA.raw.2016","NXA.raw.2017","NXA.raw.2018","NXA.raw.2019","NXA.raw.2020","NXA.raw.2021","NXA.raw.2022","NXA.raw.2023"
4,"AFG","Afghanistan",NA,NA,NA,NA,NA,NA,NA,NA,NA,NA,NA,NA,NA,NA,NA,NA,NA,NA,NA,0.200432265118946,0.222701917171365,0.227407663787903,0.217900371078726,0.190817749058141,0.145670154265384,0.105421943296536,0.0589375018848124,0.0201972879729722,-0.00586826363123394,-0.0152045232787995,-0.0151908035840166,-0.00295825781712877,0.00902041500204875,0.00864132225530962
8,"ALB","Albania",NA,NA,NA,NA,NA,NA,NA,NA,NA,-0.00854744231276822,0.0480960099863548,0.0945164507654392,0.115376433911087,0.126343793329759,0.138567097415538,0.131159789248015,0.106348292916753,0.0492956531189124,0.00664170986818657,-0.00358855553949444,-0.0148205250654183,-0.0200326516955199,-0.026120920666496,-0.0259044113647837,-0.0151643485857291,-0.00979158779258038,-0.00818336548320997,-0.00875434028823829,-0.00881790665566651,-0.0131571078543524,-0.0304934290722113,-0.0343503281513593,-0.045675003283377,-0.0535908684701892
12,"DZA","Algeria",NA,NA,NA,NA,NA,NA,NA,NA,NA,-0.00987101787870337,-0.0112848366253031,-0.00905473914136801,0.00104614606539366,0.0148191672495155,0.0247001609619588,0.0333580757347318,0.0438451059548595,0.0526456688640329,0.0569730673854989,0.061870331930439,0.0632369982183105,0.0599258532744933,0.0632018611133918,0.0631666479482986,0.0620078995658506,0.0593602996687148,0.0548251962040829,0.0491121383247468,0.0411195276084559,0.0345624266239919,0.0214677712036473,0.0124145009187062,0.00883075933919075,0.0033296031748018
20,"AND","Andorra",NA,NA,NA,NA,NA,NA,NA,NA,NA,NA,NA,NA,NA,NA,NA,NA,NA,NA,NA,NA,NA,NA,NA,NA,NA,NA,NA,NA,NA,NA,NA,NA,NA,NA
24,"AGO","Angola",NA,NA,NA,NA,NA,NA,NA,NA,NA,0.0105733522166554,0.0108185776716443,0.0149959678128559,0.0186673860476994,0.0344815664066975,0.0497074935143789,0.0488003326326392,0.0546261487251885,0.0631947137415485,0.0695989886122688,0.0864354481393788,0.0927490752585924,0.0951959932715531,0.0973045440352409,0.108152366507995,0.119411389026512,0.108340351565082,0.091839968014807,0.0641201009850609,0.0365602515905368,0.0228465966496574,-0.00694157756295223,-0.0118916697549619,-0.0104700873780388,-0.0107946765181623
660,"AIA","Anguilla",NA,NA,NA,NA,NA,NA,NA,NA,NA,NA,NA,NA,NA,NA,NA,NA,NA,NA,NA,NA,NA,NA,NA,NA,NA,NA,NA,NA,NA,NA,NA,NA,NA,NA
28,"ATG","Antigua and Barbuda",NA,NA,NA,NA,NA,NA,NA,NA,NA,0.0347599560885685,0.0124913782572136,-0.007555923209426,-0.0194657613087516,-0.0260126561821847,-0.0256123419688626,-0.0155380107431163,-0.000844326293243058,0.0226780526967179,0.0508471963753818,0.0854526331395418,0.0933207279916073,0.0755780676020474,0.060827808720594,0.0532615922361663,0.0323344560697378,0.0173048657997002,0.0147250104667576,0.0176515189338537,0.0150639831612089,0.0179625325524908,0.0188044031138537,0.00524714355362166,-0.00154053000985997,-0.00134896590138165
32,"ARG","Argentina",NA,NA,NA,NA,NA,NA,NA,NA,NA,0.044878727811422,0.0365107372200768,0.0279102993638027,0.0151645071785678,0.00839816651900605,0.00718661705360968,0.00533295238888476,0.0122983082341541,0.0224169072917715,0.031517720237852,0.033589120733267,0.0374785417627104,0.0411739617464533,0.0366024259846198,0.0329835395595088,0.0279963837412518,0.0233432027931368,0.0193053780469035,0.0171807874526284,0.0124272940995864,0.00121347668300542,-0.000809606647494226,-0.00080328497456553,-0.000405247111304135,0.00146612700653637
51,"ARM","Armenia",NA,NA,NA,NA,NA,NA,NA,NA,NA,-0.0550408163389473,-0.0955452208618921,-0.107906832967003,-0.0231037124047648,0.0492944570847529,0.0599812365507659,0.0696223166021892,0.0564054112293997,0.061984918844298,0.0611358482913889,0.0403319884075728,0.038311404076429,0.0355882484287433,0.0270642943219845,0.0215867882166951,0.0258022209813704,0.0295799085109245,0.0232452496633853,0.0331056100482732,0.0588766686093012,0.07158441861672,0.076463452211124,0.0803331855031348,0.0716294717582489,0.0573194246656445
533,"ABW","Aruba",NA,NA,NA,NA,NA,NA,NA,NA,NA,0.0268221774098902,0.0160405917025399,0.0125275148287494,0.00502753417995661,0.00376080782927679,0.00662566017058563,0.0181588217787454,0.00866164959923177,0.0237689916852721,0.0407035173771364,0.06127918615356,0.060130058046894,0.0280080466392898,0.0144549315855851,0.00940283068704666,0.00503635360032018,0.00358533074619816,0.00454623990674285,0.00806965811484783,0.0122425885299504,0.0228280490681156,0.0279425144419518,0.00476896919216263,-0.000258390850541313,-0.000321546444439811
36,"AUS","Australia",NA,NA,NA,NA,NA,NA,NA,NA,NA,-0.000926890675508774,0.000190854204129343,-0.000208485965346616,-0.00151381984438959,-0.00463202140672625,-0.00737511379472466,-0.00918057171803244,-0.0101896753195678,-0.0104995127122625,-0.00991898240698119,-0.0112207220103966,-0.0127716894549808,-0.0132892699575364,-0.0138695176679992,-0.0147975944946118,-0.0146222827335807,-0.0141036948257496,-0.0145389427280507,-0.0127948048714694,-0.00970848348329922,-0.010356528457112,-0.0138977287399551,-0.0172232155873187,-0.0197486704055749,-0.0204304445465395
40,"AUT","Austria",NA,NA,NA,NA,NA,NA,NA,NA,NA,-0.00327935182424144,-0.00103548851059324,0.007558522084127,0.0134697517704174,0.0194674672904822,0.0212605627564633,0.0214113776257865,0.0226644571431858,0.0162515871113518,0.00933847336746552,-0.00368667325718763,-0.014615327617416,-0.0232948438227163,-0.0307292920604748,-0.0324887081114205,-0.0330936913161409,-0.0298793390158569,-0.0279068850155115,-0.0271936369171383,-0.0302947211760288,-0.0367432571680463,-0.0470958845868994,-0.0547019685638825,-0.0642718983380953,-0.0717546550571624
31,"AZE","Azerbaijan",NA,NA,NA,NA,NA,NA,NA,NA,NA,-0.0122098725645924,-0.020781808313037,-0.0533606191367541,-0.0768835752439951,-0.0593727703067018,-0.0446388023990227,-0.0253211246504249,-0.0132951840859115,-0.00916172356311484,0.00210093776811715,-0.00801529956450298,-0.00671164188967577,-0.00748625147599202,-0.00661005259682734,-0.00220939876454995,0.00183714450673663,0.00361175433025635,0.00489067245794805,0.00441590261030966,0.0148738285830241,0.0144495449037307,0.00538846621074018,0.00484955001477827,0.0134889543944796,0.0240363218634299
44,"BHS","Bahamas",NA,NA,NA,NA,NA,NA,NA,NA,NA,0.0620663318150199,0.046931158543017,0.0282583707559096,0.0120554443693217,-0.0186143537767951,-0.0387868453825251,-0.0496639389752304,-0.0418650078435252,-0.022023327958568,0.00745025781785436,0.0245519071611779,0.0366156876498016,0.0255985527886429,0.0294548461376323,0.0208311808397157,0.0130732260171083,0.00238820515315163,-0.000248529138519714,0.00763657029422249,0.0166595276052957,0.016197801457984,0.0196026170570929,0.00119466490130304,-0.00150124883774625,-0.00107803945929756
48,"BHR","Bahrain",NA,NA,NA,NA,NA,NA,NA,NA,NA,0.0090964718644353,-0.00734399690203613,-0.0240547956431375,-0.0252753446607775,-0.0184700199447956,-0.0077159932778319,0.0149742625809104,0.0358297785058153,0.0498560765959453,0.0619617779526254,0.0633237837670801,0.0572827271740957,0.0456614501853339,0.0361742047623872,0.0278030551323205,0.0183389970413561,0.0169451399586269,0.0185009330092165,0.0198456861130685,0.0227746009496026,0.0230485526840349,0.0186604925992147,0.0117435777005594,0.0074359224738525,0.00543814668581399
50,"BGD","Bangladesh",NA,NA,NA,NA,NA,NA,NA,NA,NA,0.0543496636303302,0.052530270080533,0.0557858430827183,0.0587629159898337,0.0586578638790771,0.0599410847774118,0.0640904132543991,0.06536447432413,0.0668917138812972,0.0666810279978003,0.0636013126491,0.0584194908985969,0.0613197334330509,0.0623446333674766,0.0579829181920506,0.0567785510828691,0.0540901165679974,0.0518435515107916,0.0494899093442529,0.048375971775924,0.0462504135525741,0.0398481068789207,0.0453500268205143,0.052770168686803,0.0562246178851491
52,"BRB","Barbados",NA,NA,NA,NA,NA,NA,NA,NA,NA,-0.000283806352609268,-0.0106186587733881,-0.00810189090607583,-0.0140993979533607,-0.0188866406142295,-0.0259465242865347,-0.0260331380587215,-0.0234935438502822,-0.0124922555900222,0.00994332752114935,0.03650881561438,0.0491095215381099,0.0375889862668388,0.0229130959793078,0.0153404981040774,-0.000361062449196156,-0.007606742323146,-0.01096826061265,-0.00892039775697618,-0.00695594070442741,-0.00668269919793532,-0.00202327585824258,-0.00264532591999655,-0.00281384778299197,-0.000177311697433079
112,"BLR","Belarus",NA,NA,NA,NA,NA,NA,NA,NA,NA,-0.0171154185912145,-0.0382815473879113,-0.0769830265020695,-0.0635697417980464,-0.0510061534333848,-0.0443327606818845,-0.036592915539607,-0.0223934546592157,-0.00987362919608714,0.0103290546723704,0.0190989880541388,0.0239462578125225,0.0218123264397738,0.0185945570681743,0.011958163342612,0.00181778165253554,-0.0130622634692372,-0.0237773031608866,-0.0336392513366077,-0.033021779250706,-0.0372598686694231,-0.039978847792199,-0.0409121938933047,-0.0386315718912651,-0.032769731301808
56,"BEL","Belgium",NA,NA,NA,NA,NA,NA,NA,NA,NA,-0.00902899087767672,-0.0147848782021861,-0.0196631015530201,-0.0249042986450176,-0.0272346499053727,-0.0255993208609382,-0.0250372733149268,-0.0264604099582361,-0.0283238613542043,-0.0312857488077394,-0.0411014110779994,-0.046592866382561,-0.05249305112142,-0.059122010695132,-0.0622508256318486,-0.0609045505392383,-0.0557186407338247,-0.0518540186479002,-0.0475008822955448,-0.0446574235652737,-0.047470639748331,-0.0514190023871881,-0.0526695776283492,-0.0552845469920636,-0.0581941392769335
84,"BLZ","Belize",NA,NA,NA,NA,NA,NA,NA,NA,NA,0.0312044269193026,0.0185749522601268,0.0103871391177135,0.000280983310971418,-0.00876190474762728,-0.0212753213269923,-0.026860946635793,-0.0261201010551134,-0.0181402711954942,-0.0170096536973958,-0.0042134796837594,0.0105893090732037,0.0348067599461979,0.054650806089751,0.0532705012790322,0.0448446562428835,0.037174736599298,0.0370261548791151,0.0343130413143462,0.0175626601332537,0.000827657681015785,-0.0128402723831175,-0.00542280322102306,0.00861303351564713,0.00911193460007542
204,"BEN","Benin",NA,NA,NA,NA,NA,NA,NA,NA,NA,0.0720081264997685,0.0619796780183606,0.051974628028244,0.0455253349121874,0.0401590312589126,0.0316937213601014,0.021270124998124,0.0384382956100278,0.0636266295365071,0.0843224161274703,0.0987551434364482,0.0984654995819332,0.0934620268858817,0.0867502610940556,0.0817827764832453,0.0747213188685218,0.070205951935268,0.0741191258834468,0.0778777488860347,0.0812585598308506,0.0785929027999845,0.0772155682262536,0.0479365481551992,0.018293939064699,-0.00909732246125927
60,"BMU","Bermuda",NA,NA,NA,NA,NA,NA,NA,NA,NA,-0.003411494707493,-0.0117471327840408,-0.0204660762119467,-0.0331729340673887,-0.034414130887982,-0.0336717213293954,-0.027135497938739,-0.00789170941226702,0.0224992752940736,0.0523565505716128,0.0728309257655646,0.0817770526092194,0.0405896956580116,0.013481584426547,-0.00211177601315965,-0.00565114144412426,-0.00859368826989767,-0.00593516139214693,0.00606477804285377,0.0216834112112387,0.028539430901448,0.0168757561550229,0.016337146514284,0.00612698808466448,-0.0100822955232919
64,"BTN","Bhutan",NA,NA,NA,NA,NA,NA,NA,NA,NA,0.041356099845401,0.0497751157859787,0.0630055970767045,0.0803845711823974,0.07170765378232,0.054736641201534,0.0469206172439347,0.0440769311792935,0.0448104882089559,0.0466713490574977,0.046446780641838,0.0522713915135902,0.0668042442931251,0.0788942460590782,0.0837271569960298,0.0736941712152053,0.072983350576715,0.064637616797147,0.049387004796698,0.0369390716637692,0.0229837778785453,0.0139558598054661,0.0120392457246115,0.00883263360237141,0.00866166501439869
68,"BOL","Bolivia",NA,NA,NA,NA,NA,NA,NA,NA,NA,0.0329310713318844,0.0291879559622148,0.0258648425749601,0.0210838289449859,0.0205699789960696,0.0241494675478329,0.0314026168968304,0.0355906285528471,0.0382036281883902,0.0387702064858841,0.0383177041240688,0.0438470893581433,0.0478976388012613,0.0528783171088378,0.0553027398188735,0.0571608764858904,0.0538740079024196,0.0485452715995902,0.0448261259836877,0.0384761529942841,0.0321480775450675,0.0165822130113398,0.0118888182066617,0.0133429584959941,0.0148558332626612
70,"BIH","Bosnia and Herzegovina",NA,NA,NA,NA,NA,NA,NA,NA,NA,-0.11540679343885,-0.0577051006686444,0.00679202136001145,0.0699225734271613,0.132308410597843,0.115461717724943,0.0927177262964114,0.0598608909407952,0.0483535222695251,0.0423864816679724,0.0145497546259814,0.00213132651858894,-0.00471612835223376,-0.0168173808938635,-0.0266340159388776,-0.0410182441203949,-0.0502716149386888,-0.0475962849463545,-0.041790511660759,-0.031998614549397,-0.0369801428868518,-0.0457912114654468,-0.0423283778219076,-0.0419685856067911,-0.0407449445515675
72,"BWA","Botswana",NA,NA,NA,NA,NA,NA,NA,NA,NA,0.0363526586156617,0.0432879839136073,0.0430067175887383,0.0475321663266037,0.0465718554572143,0.0394234059642644,0.0371696284567182,0.0272463564469774,0.01439890690957,0.0168708082632183,0.016484703158685,0.00908789540303667,0.00886660811828355,0.0049448396540388,0.00805609685487219,0.0090455827367093,0.0105952692950422,0.00819948813437144,0.00628363092631634,0.015620127626494,0.0153839026987366,-0.00137773999351656,-0.0106202243728436,-0.0211512282511495,-0.022645723827261
76,"BRA","Brazil",NA,NA,NA,NA,NA,NA,NA,NA,NA,0.0414431666333537,0.0347757097512116,0.0290286636475152,0.0228236061103555,0.0155775294232015,0.0134033929112689,0.0100182428234239,0.0111933642151856,0.0153117407469545,0.0214263010990632,0.0237879014547562,0.0246776107053894,0.0251353071908869,0.0254513632573981,0.0251775460922512,0.0270539775261269,0.0224928424682296,0.0132700265611303,0.00598298299397437,-0.000267915051245817,-0.00584280927224607,-0.00592567171914948,-0.00784837264441476,-0.0123520229869839,-0.0155494263331565
92,"VGB","British Virgin Islands",NA,NA,NA,NA,NA,NA,NA,NA,NA,NA,NA,NA,NA,NA,NA,NA,NA,NA,NA,NA,NA,NA,NA,NA,NA,NA,NA,NA,NA,NA,NA,NA,NA,NA
96,"BRN","Brunei Darussalam",NA,NA,NA,NA,NA,NA,NA,NA,NA,0.0370339524328414,0.0259429992375642,0.0150222578022468,0.00780435570841687,0.00806647321088882,0.0082899036863453,0.0088850632429891,0.017353775346556,0.0285430281558017,0.0357710048045627,0.0426260144895825,0.044322799474332,0.03403010620749,0.0293632610970642,0.0284961119467575,0.0226233054703066,0.0126019516048473,0.0109550010104802,0.0017501562903024,-0.00113111876928866,-4.86278244096747e-05,0.0147442000442841,0.0293521032295343,0.0399593503025302,0.0470624612621475
100,"BGR","Bulgaria",NA,NA,NA,NA,NA,NA,NA,NA,NA,-0.00557801119081957,-0.00186289362838421,-0.00321790259020897,-0.00407866914135709,-0.00297594197411044,-0.0027393965007917,0.00028663101657278,0.000923408809250903,-0.000491399456776898,-0.00240465840875304,-0.0145553519529956,-0.0261020830394931,-0.0289890966193697,-0.0371899405104054,-0.0482991260858303,-0.0503822452919671,-0.047593808034823,-0.0507611292764903,-0.0535737803762346,-0.0528865945792466,-0.0549189154123344,-0.0590483936214367,-0.0433477038487972,-0.0344894885141172,-0.0396984364749335
854,"BFA","Burkina Faso",NA,NA,NA,NA,NA,NA,NA,NA,NA,0.0324909837395964,0.0319503345870227,0.035282979153898,0.0367310816264359,0.0400308234585092,0.039226531368314,0.0381515659547766,0.0356144489190202,0.0438985623002432,0.0502489133329467,0.0502187901031201,0.0488453469939034,0.0505685387097996,0.0539500001980044,0.061828399430311,0.0606812101676037,0.0595963526722587,0.0561634287578547,0.0587001459111482,0.0599773849712626,0.0558254487679435,0.0483116074344117,0.0398288196943251,0.0335493529165101,0.0288220186644741
108,"BDI","Burundi",NA,NA,NA,NA,NA,NA,NA,NA,NA,0.0034666903016546,0.00137470217287383,0.00136450810208217,0.00173402605487208,0.00192390748401935,0.00567426758317957,0.00691522506486586,0.0112205183695049,0.0191881257513125,0.0229392463825955,0.0256545311247673,0.0325883742119935,0.0377867950410391,0.039107168159249,0.03949922985737,0.038886789207361,0.036345607484801,0.0346658849116541,0.0386191745213014,0.0350474618191978,0.028618508554286,0.0248930851489853,0.0229464183652133,0.0195872517850364,0.0175472224430366
132,"CPV","Cabo Verde",NA,NA,NA,NA,NA,NA,NA,NA,NA,0.047092151549085,0.0871608064040093,0.124451315305924,0.159217984546904,0.174384521978734,0.182396830329359,0.201231224422868,0.209060386198855,0.199792360066987,0.16801293845675,0.116402736858945,0.105479211576121,0.10125913325118,0.085006435666221,0.0566904926349583,0.0300947420524103,0.0299097625197251,0.0347809432674553,0.0482841150272264,0.0570304548701817,0.0609119107752518,0.0611214331857171,0.0661130902621585,0.0603072834733933,0.0444880908303209
116,"KHM","Cambodia",NA,NA,NA,NA,NA,NA,NA,NA,NA,0.0901477732805665,0.10437264928115,0.106959470353893,0.104249465105775,0.0946357400950348,0.0803829985056679,0.071128196639727,0.0630413087212165,0.0593240114592024,0.0578793956048118,0.0631546924270532,0.0712179657932699,0.0780712159371046,0.0805987468279328,0.0776265585528657,0.0751114853381141,0.0739378905124568,0.0750742837484673,0.0774378329144711,0.0743285064993431,0.0838622777905558,0.0965412987316703,0.100278747997143,0.0951621187123217,0.0841551536563514
120,"CMR","Cameroon",NA,NA,NA,NA,NA,NA,NA,NA,NA,0.00949300428251743,0.0113784885348311,0.0102816204492251,0.0106086626857305,0.0129928865850493,0.0179541914199464,0.0221501537923647,0.0259405966604631,0.0300792245501362,0.0352662960867736,0.0402951201466566,0.0459898730371446,0.0474229096974854,0.048848783491825,0.0493576072048814,0.0500382709792528,0.0444351948723172,0.0366235770152401,0.0287971301845902,0.0217752219727196,0.0183444294028838,0.014682208587236,0.00930921072574131,0.00494040397977202,0.00148240468238336
124,"CAN","Canada",NA,NA,NA,NA,NA,NA,NA,NA,NA,0.0336757926388294,0.0300383564953837,0.0193579698177604,0.00920573880055064,-0.000279099239432701,-0.0097659240388891,-0.0196332819181912,-0.0294101087163483,-0.0343957690164035,-0.038078007956818,-0.0415740432649253,-0.0420319541832482,-0.0448659529196158,-0.0458729281729142,-0.0437907636126291,-0.0425109709975372,-0.0417591641061008,-0.0435821223910211,-0.041289090994292,-0.0376383951208861,-0.0349698133648805,-0.034619134637107,-0.0337249644792145,-0.0323246732989334,-0.0306168070729917
136,"CYM","Cayman Islands",NA,NA,NA,NA,NA,NA,NA,NA,NA,NA,NA,NA,NA,NA,NA,NA,NA,NA,NA,NA,NA,NA,NA,NA,NA,0.0170658357809196,0.006035541620794,0.00316617430039967,0.00492719403254993,0.00809424105671597,0.0125542604665527,0.00493867457690089,-0.00325101690674134,-0.00297417273750331
140,"CAF","Central African Republic",NA,NA,NA,NA,NA,NA,NA,NA,NA,0.00803884423530343,0.00469755401095506,0.00488504877189588,0.00614394196522339,0.00746042804054614,0.00815658460489344,0.0106736396285541,0.0132154872121801,0.0172987719696187,0.0177719609922422,0.0141095247090191,0.0130577705184449,0.0149685421641412,0.0171509571970911,0.0132350961509597,0.0103732976658688,0.00905570768482145,0.00939211834179565,0.0120759852396649,0.0118614529147325,0.0134208041498893,0.0139049272602807,0.0160260761077073,0.018686118288761,0.0156320388281896
148,"TCD","Chad",NA,NA,NA,NA,NA,NA,NA,NA,NA,0.0306818063105243,0.0299700658458459,0.0334254387888786,0.0385056504267374,0.0404466811135236,0.0426509861522297,0.0458691596365401,0.0478549017921857,0.0492658754424746,0.0493317295072024,0.048617917688228,0.0497048262334412,0.0501923718792698,0.0547025391375497,0.0577937778175883,0.0598448191903003,0.0633451296200775,0.0652083112817705,0.0661424701471323,0.0647085281037008,0.0612349673847556,0.056171762810254,0.0495353103768623,0.0471175038649634,0.0424230889711186
152,"CHL","Chile",NA,NA,NA,NA,NA,NA,NA,NA,NA,0.0627968492465998,0.0546874634475525,0.0372241791448886,0.0211168063746399,0.00518817254757842,-0.00349749453980741,-0.00835173929566935,-0.0059355015276642,0.0107670318680271,0.0274448158020129,0.0402356593884845,0.0430907287986355,0.0377530369126,0.0336350645371932,0.0251594211108621,0.0147679122673381,0.004175206952997,-0.00327172932226361,0.0032782994015168,0.0108123209768354,0.0145479980553678,0.00947630004587396,0.00570388483259321,0.00568667556793279,0.00372507558169111
156,"CHN","China",NA,NA,NA,NA,NA,NA,NA,NA,NA,0.0545861811882336,0.0497706967749338,0.0437840761940249,0.0404363873822171,0.0443027581637645,0.0517107351299537,0.0630531224818713,0.0772312108452105,0.0845094419577195,0.0850984484736137,0.0777980740525415,0.0687046206079962,0.0579939682120048,0.0446639679268261,0.0306521875325936,0.0158322335609449,0.00129483255965179,-0.0111770045071393,-0.0204974911193251,-0.0290946790256612,-0.0386924412487291,-0.0476242710751329,-0.0479193695935684,-0.0438013226157646,-0.0346905008350035
170,"COL","Colombia",NA,NA,NA,NA,NA,NA,NA,NA,NA,0.00590623239173782,-0.00361860106174757,-0.0104977998043361,-0.0192861770289654,-0.0233456612701042,-0.028149896727573,-0.0265753911145626,-0.0245553479161187,-0.0192012509794994,-0.0153838301596172,-0.0138680871320511,-0.00793760315690217,0.00598024210767423,0.0157668093319647,0.0312776327044306,0.0400223143062139,0.0455703082726984,0.0431885923540647,0.0357479598933137,0.024348521744622,0.0146851705982907,0.00117206295234507,-3.98310308881519e-05,-0.00381321846231031,0.00107473014284043
174,"COM","Comoros",NA,NA,NA,NA,NA,NA,NA,NA,NA,0.0168200405640113,0.0272450111193865,0.0376090673342686,0.0458370715050482,0.057330253833791,0.0668371350761292,0.0717633306699255,0.0763660005514972,0.0611224573106997,0.0461158125219685,0.0330685683852068,0.0306344876708569,0.0234055574707055,0.0159785768130554,0.018308128136681,0.0189867459453092,0.0225440458316795,0.0339688924317356,0.0350589425963959,0.0336133584153311,0.0354358423072256,0.0386276169391671,0.0356323834782575,0.0317059157024686,0.0286174061060374
184,"COK","Cook Islands",NA,NA,NA,NA,NA,NA,NA,NA,NA,NA,NA,NA,NA,NA,NA,NA,NA,NA,NA,NA,NA,NA,NA,NA,NA,NA,NA,NA,NA,NA,NA,NA,NA,NA
188,"CRI","Costa Rica",NA,NA,NA,NA,NA,NA,NA,NA,NA,0.0431317835389715,0.0273076984658434,0.0129668765091278,0.0115388230959172,0.00998726569247377,0.0186754715317563,0.0236901739440212,0.024383033453071,0.0257807353854977,0.0265236903244466,0.0252445571296047,0.0237957616202096,0.0217473228634595,0.0170636290517934,0.0148805422121046,0.0167893279979552,0.0129835839526762,0.0126324922979857,0.0162598615971141,0.0163652091898678,0.0152819864561955,0.00987859406305458,0.0085390232587137,0.004378705064773,0.00295882602184072
384,"CIV","Cote d'Ivoire",NA,NA,NA,NA,NA,NA,NA,NA,NA,0.0300195916179671,0.02717683531264,0.0230694892600072,0.0181744756268443,0.00351918159069964,-0.00117571219542311,-0.00133188711404481,-0.00281196592459871,-0.00334533058249966,-0.00176293672385286,0.00247622726877239,0.0089577673060095,0.0177493534350657,0.0406576391789628,0.0470415466616494,0.0551993239806372,0.0625062356137922,0.0625587642260628,0.059469692156821,0.0564748173249603,0.049733822627309,0.0348078102209552,0.0402316044544579,0.0559884880132722,0.0653447639652129
191,"HRV","Croatia",NA,NA,NA,NA,NA,NA,NA,NA,NA,0.00219347390034152,0.0192004210511689,0.0193553198408205,0.0181750685117887,0.0146147590065204,0.00793619809233004,-0.000374789608919235,-0.00490086643180621,-0.00613200093594457,-0.00882163854346119,-0.0124702835310476,-0.0237767226525446,-0.0349767442714513,-0.044336373938638,-0.0377500030977565,-0.020730146849647,-0.00877120195902186,-0.00963735051778669,-0.0220326228891283,-0.0361905567928166,-0.0294247119904991,-0.0295685474092499,-0.0275157737786115,-0.0281612239021874,-0.0296786925878914
192,"CUB","Cuba",NA,NA,NA,NA,NA,NA,NA,NA,NA,NA,NA,NA,NA,NA,NA,NA,NA,NA,NA,NA,NA,NA,NA,NA,NA,NA,NA,NA,NA,NA,NA,NA,NA,NA
531,"CUW","Curacao",NA,NA,NA,NA,NA,NA,NA,NA,NA,NA,NA,NA,NA,NA,NA,NA,NA,NA,NA,-0.00501519936332684,-0.00687278334741459,-0.00923385097593821,-0.0126633424043944,-0.0162123417413239,-0.0188627307560321,-0.0203646560811611,-0.0135518374721215,-0.00477029241451545,-0.00501771023571231,-0.00404461911390984,-0.00151345300993603,-0.000520228900036091,-0.000254107829480794,-0.000257813854434811
196,"CYP","Cyprus",NA,NA,NA,NA,NA,NA,NA,NA,NA,0.0296264204585297,0.0247669555060881,0.0169372544405118,0.0131468898605231,0.0107451033328441,0.00744216836681399,-0.000786801601791787,-0.00955917558900199,-0.0169981348820971,-0.024882058801507,-0.0292063020708651,-0.0341692271924661,-0.0280485482556587,-0.0225837941950194,-0.0315057807099024,-0.0256060902311485,-0.0176888607047923,-0.0226044306607629,-0.0430288338518078,-0.0617364829512478,-0.0558560925647721,-0.059720909903162,-0.0468036372382409,-0.0310534794718308,-0.0328785117349086
203,"CZE","Czechia",NA,NA,NA,NA,NA,NA,NA,NA,NA,-0.108310544097079,-0.0981526948080784,-0.0820937112375763,-0.0608849094622178,-0.0414348461046516,-0.0269370285595867,-0.0187471057085873,-0.012984340768293,-0.00925348879592935,-0.00929689721917626,-0.0168264332848364,-0.0208531206180326,-0.0261848808123544,-0.0335377499051324,-0.0397726256076174,-0.0430780195332821,-0.0442243109277414,-0.0456356919650759,-0.0432194478608456,-0.0417800547316761,-0.0436976835441166,-0.0458265191679929,-0.0440719070698165,-0.0428782006004662,-0.0453608018270724
180,"COD","Dem. Rep. Congo",NA,NA,NA,NA,NA,NA,NA,NA,NA,0.00326467392340325,0.00178166051132514,0.00171143853239931,0.00195655741309573,0.00444429369180471,0.0114038979276021,0.0198626589216544,0.0249798639479204,0.0307703683470526,0.0373038741669045,0.0426306213674741,0.0438229300606001,0.0445627766588932,0.0372919551160562,0.0327314452392988,0.0317669758763321,0.0311250586186647,0.0270414389389189,0.0135505202521282,0.00497967656466858,-0.00139468024187417,-0.0022509095175558,0.00275949751963633,0.0102449896812657,0.0180131218497983
208,"DNK","Denmark",NA,NA,NA,NA,NA,NA,NA,NA,NA,-0.0297431782576032,-0.0422165601618344,-0.0414340752073109,-0.0448030329025793,-0.0418254518334212,-0.0387303358752478,-0.0378363602943624,-0.0257114310461763,-0.0228634272485262,-0.0269100632167559,-0.0375470546278419,-0.0479219472695475,-0.0577044391308092,-0.0671965981458473,-0.0696777678326043,-0.0731483420340762,-0.0726299389305455,-0.0666243204260399,-0.0591847651757803,-0.0534698405596786,-0.050984739617601,-0.0496259658987355,-0.045091151686784,-0.0443415520637346,-0.0449651286427269
262,"DJI","Djibouti",NA,NA,NA,NA,NA,NA,NA,NA,NA,0.00390216544927063,-0.00804094068225392,-0.0250329445353807,-0.0355976608037941,-0.0411476819593317,-0.045070791261016,-0.0471265874937687,-0.0443578910767829,-0.0384456856485501,-0.0189122212625294,0.002422499199354,0.00454815168217348,-0.00543329573681273,0.000569099062704304,0.00895976940493415,0.0158853442587858,0.0255036538069322,0.0345214088708348,0.0470972347607546,0.0619152800721057,0.0681204246586031,0.0742308240802085,0.059740435048369,0.0545168746284632,0.0432966536314354
212,"DMA","Dominica",NA,NA,NA,NA,NA,NA,NA,NA,NA,0.0560596653477654,0.0398779334499217,0.027281558313361,0.00817886028595316,-0.00557246088386976,-0.00452712766038521,0.00373681999099484,0.013499025952679,0.0368477662121776,0.052192926877517,0.0685435797476748,0.0771176214927962,0.0666853821293005,0.0479157642131987,0.0368555964839798,0.0312675150473267,0.0227637693518385,0.0118170103462203,0.00988764789403713,0.00782611304331779,0.00908752143854446,0.0153243879707344,0.00741970367109612,0.000988219854847205,-0.000187164084076546
214,"DOM","Dominican Republic",NA,NA,NA,NA,NA,NA,NA,NA,NA,0.0858111709260558,0.0868339949299854,0.0769437786039346,0.0718595572305654,0.0520423777890431,0.0355836716186884,0.0208250707074686,0.00739573135752214,-0.00144100580271189,-0.00752834938601132,-0.0116262841152953,-0.00921552453291252,-0.00868465306298916,-0.00109262272845001,-0.0012936456145406,-0.0033919843087018,0.00360377880578144,0.0117580625142621,0.0152593216511459,0.0209908245084764,0.0286492866969292,0.0269700451831314,0.027700035099204,0.0300194411140495,0.029026103526643
218,"ECU","Ecuador",NA,NA,NA,NA,NA,NA,NA,NA,NA,0.0322218819304212,0.0118189660896215,-0.00114899742731014,-0.0105805855169695,-0.0228256820032757,-0.0271007747243127,-0.0281184135694629,-0.0184687321499124,-0.00379182167369223,0.0072973259897815,0.0199819242950268,0.024272457696229,0.029645566728163,0.0340489416874059,0.0379735113820876,0.0453043876296428,0.0497675248711966,0.0486010435285646,0.04129149994307,0.0305265497359852,0.0225640453977165,0.0112474079139537,0.00519375465260286,0.00337487548509285,0.0045247093022982
818,"EGY","Egypt",NA,NA,NA,NA,NA,NA,NA,NA,NA,0.0421649864543003,0.0462149319965486,0.0452541331479659,0.0442782658269547,0.0396658214800008,0.0307907907889058,0.0231021436376484,0.0178531150693373,0.0241310039431095,0.0298989664311395,0.0338291799208366,0.0378342811304839,0.0369313539802569,0.0356979092681793,0.0313027896452993,0.0292247085856194,0.0258421293129556,0.0233246466239965,0.0216944730640587,0.0167990609037338,0.00658293767338303,0.000110843963138703,-0.00290445752758373,-0.0046969727863968,-0.00722245686027656
222,"SLV","El Salvador",NA,NA,NA,NA,NA,NA,NA,NA,NA,0.0651341895581086,0.0467397735174584,0.0360576489978739,0.0262475256231713,0.0195625150387904,0.0154475170271722,0.0162346528827615,0.0104097969585173,0.0131297134410926,0.0110459979416502,0.00983321465287701,0.000452551293139258,-0.004953518405859,-0.014443958234393,-0.0205956862808662,-0.023446772810775,-0.0189116007200035,-0.0121157235326931,-0.00956731108530717,-0.0105775885615359,-0.0029732667742739,-0.00803577247465048,-0.00329267200881508,-0.00105358720229918,-0.00312424247369675
226,"GNQ","Equatorial Guinea",NA,NA,NA,NA,NA,NA,NA,NA,NA,0.100318850352315,0.116809487974326,0.143627761619598,0.172319054898058,0.198197521575362,0.25801732507301,0.27876096031727,0.277636510509553,0.273466026355705,0.239637454732167,0.201060561347127,0.153892432073078,0.100682436664461,0.0357675994233584,-0.01502895344066,-0.012669750122741,-0.0122086293899969,-0.01241356545882,-0.00466365328335394,-0.000127480766856203,0.00380235048947123,0.00543827154466965,0.00447866587886218,0.00560766834014326,0.00567301932647531
232,"ERI","Eritrea",NA,NA,NA,NA,NA,NA,NA,NA,NA,NA,NA,NA,NA,NA,NA,NA,NA,NA,NA,NA,NA,NA,NA,NA,NA,NA,NA,NA,NA,NA,NA,NA,NA,NA
233,"EST","Estonia",NA,NA,NA,NA,NA,NA,NA,NA,NA,-0.00872595888070501,-0.0138897926916418,0.00170814769663141,0.00241896547552112,-0.00114536665723406,-0.00465843401946919,-0.0113151626541129,-0.0137667985879214,-0.0086604975773138,-0.00863919282123737,-0.0208272299785903,-0.0238093552359057,-0.0224051723968766,-0.022234417944915,-0.0188791379082636,-0.019949378676057,-0.0284710271292573,-0.0364919328999747,-0.0337984790429722,-0.0345632656679374,-0.048824005999354,-0.0541325281129844,-0.056663733992866,-0.0529501306046519,-0.0468106155326997
748,"SWZ","Eswatini",NA,NA,NA,NA,NA,NA,NA,NA,NA,-0.00624219227812584,-0.00264965144219764,0.000309403690037474,-0.00291507954931747,-0.0135072768556035,-0.00660136805588951,0.00346635537873818,0.0170799733862046,0.022291364711615,0.0289199548983003,0.0377721736212546,0.0384579106199634,0.0411532866758912,0.0437094386896932,0.0458466552206198,0.0396608140285146,0.0317830357821152,0.028280254352298,0.0280271148348543,0.0255669303043058,0.0243916348061339,0.0182442208549529,0.0125071755806623,0.00986568083647232,0.0122521306956149
231,"ETH","Ethiopia",NA,NA,NA,NA,NA,NA,NA,NA,NA,-0.0431407583159539,-0.0192329254139538,0.0194302723900635,0.0352040176326816,0.0359369655213442,0.0362293197470722,0.0361456346699451,0.0378807814892594,0.0393981094512479,0.0428420432416945,0.0438832147742592,0.0403315043419854,0.0407178582322303,0.0422643255707089,0.0420822775501772,0.0444878046300914,0.0434836719366147,0.0451059147226858,0.0457392167996367,0.0488951625954448,0.0528231504301082,0.0491056322302124,0.0457676727227956,0.0406482039359179,0.0342605305118857
234,"FRO","Faeroe Islands",NA,NA,NA,NA,NA,NA,NA,NA,NA,NA,NA,NA,NA,NA,NA,NA,NA,NA,NA,NA,NA,NA,NA,NA,NA,NA,NA,0.00146036928758031,0.00135602839524407,0.00128875506009307,0.000820507981802221,0.000351551833493779,-0.000181359857279739,-0.000730979388547381
238,"FLK","Falkland Islands",NA,NA,NA,NA,NA,NA,NA,NA,NA,NA,NA,NA,NA,NA,NA,NA,NA,NA,NA,NA,NA,NA,NA,NA,NA,NA,NA,NA,NA,NA,NA,NA,NA,NA
242,"FJI","Fiji",NA,NA,NA,NA,NA,NA,NA,NA,NA,-0.00384070745064793,0.0132667455755549,0.0198985155716322,0.0211975582305481,0.0286802001305386,0.0467379531351371,0.050622176778744,0.0566713906794756,0.0379325102861461,-0.000690554020274433,-0.0394920937699049,-0.0471390392942447,-0.0628612640178431,-0.079010460372807,-0.0813610507293813,-0.058040998372218,-0.0366203854321115,-0.0039169285785991,0.0170699470577329,0.0290313417660213,0.0251196514848195,0.0285834663888886,0.0178917820410529,0.00247345782834607,-0.00340846242666701
246,"FIN","Finland",NA,NA,NA,NA,NA,NA,NA,NA,NA,-0.0178010902599812,-0.0191826640447614,-0.0173378908518133,-0.0172860731730705,-0.0126008113591161,-0.00966207033679012,-0.01693115059233,-0.0169682879600612,-0.0191874264593421,-0.026375809306501,-0.0350923893539646,-0.0397968509461588,-0.0446413523184476,-0.0488945711907531,-0.0467679641407748,-0.0435076560811025,-0.0336641274122844,-0.027960050251012,-0.047195373732088,-0.0461293675464352,-0.0487890471224419,-0.0497698753314506,-0.0494109546367841,-0.0512879334624491,-0.0520052079394127
250,"FRA","France",NA,NA,NA,NA,NA,NA,NA,NA,NA,-0.0190766189229093,-0.021552806205243,-0.0210972113116857,-0.0196776328807342,-0.019237071010883,-0.0199201080728648,-0.0213473162535445,-0.0239938017628647,-0.0283715967197474,-0.0323741554068673,-0.0365500403656872,-0.0405989568215129,-0.0442983946809835,-0.0457323854280367,-0.0448380783269884,-0.0445030134871238,-0.0421724873777297,-0.040955693573862,-0.0390349969381624,-0.039623591518677,-0.0414996293368985,-0.048671789616064,-0.0503674731346678,-0.0510983612687758,-0.0517934649095793
258,"PYF","French Polynesia",NA,NA,NA,NA,NA,NA,NA,NA,NA,NA,NA,NA,NA,NA,NA,NA,NA,NA,NA,NA,NA,NA,NA,NA,NA,NA,NA,NA,NA,NA,NA,NA,NA,NA
266,"GAB","Gabon",NA,NA,NA,NA,NA,NA,NA,NA,NA,0.0364758335626136,0.0209925066346881,0.0134175663371152,0.0124179413535961,0.0212890554491618,0.0332814673122022,0.0553351725002997,0.0775160540307489,0.10001179452986,0.120846078037161,0.130447664967047,0.129626731329781,0.103362697393195,0.0688660047195941,0.0593547602580646,0.0459036726036579,0.0364684138545694,0.0284511870485769,0.0126754262226971,0.000509915616348611,-0.00653276462549701,-0.00426128673854887,-0.0135974355819303,-0.0286326251916734,-0.0225351125758148
270,"GMB","Gambia",NA,NA,NA,NA,NA,NA,NA,NA,NA,0.0195884203533554,0.0327758459561067,0.0479043603922764,0.0586869971463611,0.0657014962787807,0.0730419696448892,0.0738698124893602,0.0734722670021277,0.0661355172330791,0.0558926929487318,0.0445020280042205,0.0443207782842188,0.0453428009790036,0.0432539354664605,0.0378466731418123,0.0360420276134303,0.0370192630879411,0.0415469298572466,0.0487287835217574,0.0530697428099709,0.0586271359194586,0.0594885387498958,0.0570737461623267,0.050337123440795,0.0367200371544845
268,"GEO","Georgia",NA,NA,NA,NA,NA,NA,NA,NA,NA,-0.0127484838882273,-0.0321949690574337,-0.101981080499391,-0.0952883170875544,-0.0742695615081831,-0.0687592877760203,-0.0588582735702806,-0.0310253259035994,0.0047813623092734,0.017668213491395,0.0353138991458128,0.045315528590635,0.047363490362367,0.0462001215401691,0.0592668391212052,0.0640397492340437,0.0714248646950835,0.0741612738477748,0.0797388488653161,0.0649776580774277,0.057534025345493,0.0401046766360609,0.0205123784994523,0.000505393835796175,-0.00285234963885617
276,"DEU","Germany",NA,NA,NA,NA,NA,NA,NA,NA,NA,-0.0406530301618924,-0.0366185882273232,-0.0341004408365529,-0.0326844808756042,-0.0221491106253356,-0.0172025855892325,-0.0150239191973531,-0.0126201444498493,-0.0153731802630082,-0.0178727046960112,-0.0237865375971681,-0.0289984839194811,-0.0346194901074284,-0.0398923615738075,-0.033619080740614,-0.029747847291408,-0.0269689876095331,-0.0222195111579755,-0.0217405808182215,-0.0239254414348461,-0.031925951864373,-0.0430532951440107,-0.0508081768618126,-0.0563672429402102,-0.0620737095735613
288,"GHA","Ghana",NA,NA,NA,NA,NA,NA,NA,NA,NA,0.0651722917348927,0.0683817539075331,0.0643000715694162,0.0689421404748241,0.0625603457723851,0.0524187439742418,0.0422578713208344,0.0363486847249359,0.0260065023965879,0.0270999918555206,0.0365390761008515,0.0428330094839875,0.0475157898650367,0.0668098937276136,0.0767016591895846,0.0748444346217259,0.0673802326249751,0.0617647461964237,0.0499358093469986,0.0392821494415314,0.0334799049053336,0.0277123423088705,0.0216383853415658,0.0196730558362337,0.0186242528335001
300,"GRC","Greece",NA,NA,NA,NA,NA,NA,NA,NA,NA,0.0111391054323358,0.0110049308000726,0.0135056232923108,0.0152782685200057,0.0158344057969282,0.0168489943563492,0.0154818065581708,0.0128282598978908,0.0100528141594225,0.00774031014705234,0.00358843738426495,-0.0111323194140051,-0.0165620883152504,-0.0114064478703951,-0.00641669033722665,-0.00446567287109287,-0.00155659438406276,-0.000655413674842529,-0.000461470665115666,-0.000739409641570021,-0.00204234836587445,-0.00472548181902686,-0.0173719716884635,-0.0192423021623042,-0.0250944461191894
304,"GRL","Greenland",NA,NA,NA,NA,NA,NA,NA,NA,NA,0.0112086133130604,0.0105765464418959,0.0093275926866021,0.00767005229604822,0.00700177988140971,0.00670409611825407,0.00696465273554447,0.00757098852617544,0.00881128128421604,0.0103714447008987,0.0121178936284214,0.013294273028789,0.0139310767875687,0.0135207943848039,0.0126418516447706,0.0107103100075863,0.00838128932753079,0.0057152105598115,0.00371175068608687,0.00207327652348699,0.000930148098466921,0.000377248554204845,0.000513147176968598,0.00140728710417748,0.00228553878488524
308,"GRD","Grenada",NA,NA,NA,NA,NA,NA,NA,NA,NA,0.0579491979615467,0.03315798416392,0.0117174133927962,-0.0049351948691766,-0.0116907183207091,-0.0145621790457982,-0.0180463260684077,-0.0146080318229489,0.00884745347070726,0.0299991641405541,0.0533294720034434,0.0631309083217979,0.0537272354623026,0.0443875418240383,0.0487464828980577,0.0344261757049507,0.0268529739743095,0.0164145081004337,0.00945252529927987,0.00590773226938257,0.00545684066697527,0.00756750804743711,-0.00237388393968401,-0.00959306286092221,-0.000761682677454437
320,"GTM","Guatemala",NA,NA,NA,NA,NA,NA,NA,NA,NA,0.0727105606158303,0.0652665128365635,0.0596357656130617,0.0569349371472181,0.0531445740669274,0.044028790545463,0.036839221033331,0.0160762255409928,-0.000591570316039958,-0.0107044255906342,-0.00290058984476194,-0.0112157832459266,-0.00456902142154492,-0.00343850606574192,0.000304980650349363,0.00751929814791397,0.016972563978809,0.0184518267319207,0.0189241671784335,0.0144605022658135,0.0284292714559418,0.0242251724256861,0.0386675775220424,0.0355227810380054,0.0306517884338835
831,"GGY","Guernsey",NA,NA,NA,NA,NA,NA,NA,NA,NA,NA,NA,NA,NA,NA,NA,NA,NA,NA,NA,NA,NA,NA,NA,NA,NA,NA,NA,NA,NA,NA,NA,NA,NA,NA
324,"GIN","Guinea",NA,NA,NA,NA,NA,NA,NA,NA,NA,0.0202002259269407,0.0252678615759612,0.0311952776708793,0.0361998692780383,0.0408407429941633,0.0443042227075292,0.0479134586040477,0.0508992640193837,0.0485262172681828,0.0423208350291768,0.0359485289897998,0.0396778472381487,0.0423019561363862,0.0423139483085329,0.0370466217516969,0.0330592792634072,0.032437497100829,0.0333901904188807,0.0360006190465547,0.0363951385791612,0.0369579881618158,0.0396793526859469,0.0414752257350928,0.0411169040458184,0.0326478372883299
624,"GNB","Guinea-Bissau",NA,NA,NA,NA,NA,NA,NA,NA,NA,0.0122508615186414,0.00927833332851113,0.008174890181883,0.00792395453008976,0.0129237641883517,0.0172977418302833,0.0224962280234051,0.0271224851593324,0.0308902780221558,0.0326361176465588,0.0361649340415078,0.0349876342550834,0.0323557891023649,0.0291292828770024,0.0285787737118894,0.029123997381046,0.0315544795481899,0.0349597547771643,0.0403671195096289,0.0420885542959002,0.0431104821351882,0.0416622082057452,0.0378068202965429,0.0329059912543954,0.0249939745614591
328,"GUY","Guyana",NA,NA,NA,NA,NA,NA,NA,NA,NA,0.0522157810307655,0.0521443735735547,0.0467340486370997,0.036778186357129,0.0223699569984348,0.0194425780204408,0.00912167022128685,-0.00387367841711428,-0.00776314184872273,-0.0140995844376678,-0.013207521971912,-0.0125211251468064,-0.00592760807598491,-6.56307093198257e-05,0.00480361106145577,0.0131677437827977,0.0123933223671184,0.00979133205716276,0.0101598773354252,0.00598603987991408,0.00576938582092446,0.00582838669288877,0.012892710190872,0.020563474830978,0.0253936031006581
332,"HTI","Haiti",NA,NA,NA,NA,NA,NA,NA,NA,NA,0.0366140031269608,0.0476260169387328,0.0567491243390368,0.0613063280687212,0.0544333104119485,0.025501302494003,0.0148810944858444,0.00572629792877333,0.00686954455882227,0.0051049323584984,0.00437871450495164,0.0113782212051643,0.0243939922226928,0.034933588821098,0.0411800518424024,0.0471431631080459,0.0512822204154137,0.0500427868182607,0.0497265378749572,0.039860158560459,0.0275493404876797,0.0193565190154945,0.0159525527237014,0.00789193490193152,0.000259274618535921
336,"VAT","Holy See",NA,NA,NA,NA,NA,NA,NA,NA,NA,NA,NA,NA,NA,NA,NA,NA,NA,NA,NA,NA,NA,NA,NA,NA,NA,NA,NA,NA,NA,NA,NA,NA,NA,NA
340,"HND","Honduras",NA,NA,NA,NA,NA,NA,NA,NA,NA,0.0778587919326545,0.0734174858231054,0.0667060426939039,0.0609987182326748,0.0556243601458863,0.0588844345170447,0.061788383876543,0.0602979307261593,0.0614966222892577,0.0599662875571554,0.04811635466485,0.0342765612288949,0.02889475342986,0.0249989208781654,0.0217946723991183,0.0253318298748946,0.0326970501924451,0.0359482148810788,0.0350383138715999,0.0273620404978856,0.0198863542368957,0.00425147714232943,-0.00151372768330802,-0.00541806206086581,-0.00667684788857814
344,"HKG","Hong Kong",NA,NA,NA,NA,NA,NA,NA,NA,NA,0.0380678202887348,0.0331884194436292,0.0244699439713125,0.0121413975677074,0.00545825457944906,-0.0176735448753848,-0.0348996740033481,-0.0599735593886658,-0.0834334746395197,-0.0835297262924565,-0.0595611418020439,-0.0455822018690817,-0.030508390940406,-0.0204243362577011,-0.00838020584280186,-0.00928745898367467,-0.0102948992053848,-0.0149704723130233,-0.017377749567915,-0.0253563590658776,-0.0245933475961057,-0.0308445826270661,-0.0393951035101611,-0.0565418897172841,-0.0692243685707513
348,"HUN","Hungary",NA,NA,NA,NA,NA,NA,NA,NA,NA,-0.00802521945484459,-0.00871578001867168,-0.00388052252577364,-0.00810758303244852,-0.0100255168740061,-0.0121618825129762,-0.0150775342361944,-0.0182021821767844,-0.0207442582999233,-0.0231187942033193,-0.02520293252269,-0.0295587049761409,-0.0344142900712695,-0.0414089437022799,-0.0448520123279215,-0.0441359700260838,-0.0412603357386677,-0.0400660666785182,-0.0361075772674225,-0.0303758229649675,-0.0276543125441898,-0.0270117978735951,-0.0255809397273566,-0.0265608173545274,-0.031582147070894
352,"ISL","Iceland",NA,NA,NA,NA,NA,NA,NA,NA,NA,0.0116106864745218,0.00801583731231226,-0.00497934532794442,-0.0097435577724484,-0.0126913886148561,-0.0126904271180182,-0.0159499070295323,-0.016756457335611,-0.0125888519314465,-0.0146706419494337,-0.01608116694921,-0.0189355895513611,-0.0318504634150897,-0.037723747659364,-0.0431322352744874,-0.0423287789277965,-0.0406386340452538,-0.0420781488874051,-0.0355348256031578,-0.0295185994197359,-0.0237025147894462,-0.0229445036836023,-0.0208165531807213,-0.0221729018560256,-0.0285938930737895
356,"IND","India",NA,NA,NA,NA,NA,NA,NA,NA,NA,0.0506747713457409,0.0458499184242862,0.0400050818884807,0.0332001290626167,0.026424461564396,0.0230183018617267,0.0232310721324569,0.0252270500716931,0.029903111805897,0.0359696879013358,0.0430327224830309,0.0488810905336723,0.0520616090680848,0.0530421967832364,0.049271499586528,0.0469021382186845,0.0424402843953979,0.034176087832857,0.0287914997840144,0.0248231424252747,0.0189026644696872,0.0080503749300922,0.000935386524254289,-0.00232441158453546,-0.00516496022108714
360,"IDN","Indonesia",NA,NA,NA,NA,NA,NA,NA,NA,NA,0.0646326545185094,0.0606138624170096,0.0577929415628877,0.0536547501101059,0.054810169039532,0.0562937508274881,0.0592790600403399,0.0614716422088109,0.067334772275004,0.0669335157993092,0.0644480036997415,0.0572936995054167,0.0520111271320134,0.0450032698292329,0.0362557913851225,0.0304327007084475,0.0212621816098693,0.0123475533670299,0.0105320701370128,0.0163030567814579,0.0211317218288272,0.0206208050184713,0.0255765433660691,0.039014568809602,0.0482303484603237
364,"IRN","Iran",NA,NA,NA,NA,NA,NA,NA,NA,NA,0.0260524658528869,0.0217229566236337,0.0215014975658432,0.0222729097206653,0.0206057532548518,0.0213144589926002,0.0215690273638303,0.0223774928836709,0.0237626929445305,0.0218911508151696,0.0270116276120753,0.0271130235112707,0.0281178077722302,0.0270732644796492,0.027036720234171,0.0274530745433674,0.0237321451768497,0.0137335276406316,0.00498637698209296,-0.002251472093591,-0.00275288590689682,-0.00614561866352836,-0.0048152404092664,-0.00379262371148426,0.00203751187532863
368,"IRQ","Iraq",NA,NA,NA,NA,NA,NA,NA,NA,NA,0.0248185411275948,0.0102431707927736,-0.0116507543781634,-0.0183532771907337,-0.0292446728739774,-0.0298841987946601,-0.0286248562626668,-0.0329499574306575,-0.028710116639852,-0.0291891910122713,-0.0286239102475499,-0.0136006942402936,0.00464008409412675,0.0339365639803111,0.0491888244776357,0.0630783392402707,0.0711359030459835,0.0702040447074961,0.0639429768933357,0.0532767415183761,0.0467407247075726,0.0376413249960541,0.033058271374673,0.0412874795722795,0.0491511301872283
372,"IRL","Ireland",NA,NA,NA,NA,NA,NA,NA,NA,NA,0.000414464897414923,0.00143733086320319,0.00278733153849853,0.00485939498399168,0.0032574368527718,0.00244352344962495,0.000886470775235848,-0.000821786688091186,-0.00556306766901637,-0.0127376190268959,-0.0276673970436981,-0.0417172182524275,-0.0562877398527223,-0.0655790273277631,-0.070599736315867,-0.0696618068061327,-0.0612093459279204,-0.0480842423597138,-0.0322940087943864,-0.0178433327365342,-0.0148468234460554,-0.0194135364508403,-0.0263207522936987,-0.0308896155295899,-0.037541981872234
833,"IMN","Isle of Man",NA,NA,NA,NA,NA,NA,NA,NA,NA,NA,NA,NA,NA,NA,NA,NA,NA,NA,NA,NA,NA,NA,NA,NA,NA,NA,NA,NA,NA,NA,NA,NA,NA,NA
376,"ISR","Israel",NA,NA,NA,NA,NA,NA,NA,NA,NA,0.0320324336858011,0.0300250343437729,0.018157982487284,0.00943546083092484,-0.000502475785686656,-0.0121307583952522,-0.0231146343733776,-0.0317234265437947,-0.0344102275129403,-0.0363494055119288,-0.0376261144410169,-0.0277170609683641,-0.0212166742805845,0.00512638303194923,0.00513633334323393,-0.00296970767373461,-0.00224742381008214,-0.00474080381839626,-0.00478879906183238,-0.00989950770949199,-0.0213037287371785,-0.0327166636969691,-0.0414975232982809,-0.0211809169607922,-0.0211099688120986
380,"ITA","Italy",NA,NA,NA,NA,NA,NA,NA,NA,NA,-0.0302374955637446,-0.0383398289917846,-0.0422273374076807,-0.0425955382640364,-0.0416813398935227,-0.0412469349212523,-0.0399014893300121,-0.0373682948436418,-0.0356597910509511,-0.0391397008104877,-0.0452584996226345,-0.0517338245643759,-0.0543624969176295,-0.0369051109519149,-0.0185725731517691,-0.00950880923611661,-0.00451296563592699,-0.00497939285133694,-0.0158624607543389,-0.0401366871216974,-0.0468984949384804,-0.0361526195387827,-0.0483568212363821,-0.0453006614369411,-0.0471430921045795
388,"JAM","Jamaica",NA,NA,NA,NA,NA,NA,NA,NA,NA,0.0663219045280374,0.0553667931131963,0.0373106995718981,0.0309198854258095,0.025420145358807,0.0103351679735004,0.000168364076900343,-0.00602794385224226,-0.0128916236572575,-0.0267011143219651,-0.0387974995627104,-0.0521176508852201,-0.0604159931789672,-0.0505131346970837,-0.0303949891870695,-0.0184089354141283,-0.0127475089769907,-0.0188614418930668,-0.0256140396684114,-0.0065189340473069,0.00825288513803257,-0.00276331122645053,-0.00545455310846808,-0.0103433581687912,-0.0107986149716735
392,"JPN","Japan",NA,NA,NA,NA,NA,NA,NA,NA,NA,-0.0132280585981227,-0.013233980498083,-0.0130687363238684,-0.0137949031906075,-0.0162138223850444,-0.0186232270979968,-0.0204482919660449,-0.0231364330353825,-0.0255916511329233,-0.032493291233362,-0.039141079039913,-0.04248725556652,-0.0457494465342295,-0.0484773735350544,-0.050507525089746,-0.0525272896935242,-0.0537664957153517,-0.055652708831588,-0.0562319489851266,-0.0584617358032087,-0.0615271330289865,-0.0636262748852732,-0.0616696573656266,-0.0572126613981987,-0.0535131028917828
832,"JEY","Jersey",NA,NA,NA,NA,NA,NA,NA,NA,NA,NA,NA,NA,NA,NA,NA,NA,NA,NA,NA,NA,NA,NA,NA,NA,NA,NA,NA,NA,NA,NA,NA,NA,NA,NA
400,"JOR","Jordan",NA,NA,NA,NA,NA,NA,NA,NA,NA,0.028931161157622,0.0259071068435468,0.0225830494256889,0.0212580857757354,0.0179211690464736,0.0115354759151467,0.0130386041815802,0.00563902935936422,-0.000263722950566647,-0.0104613611083268,-0.0173768931116267,-0.0161965356164788,-0.00151439010751109,0.0265727212588927,0.0473694721977325,0.0680319174635633,0.0823458474735665,0.0772519847466104,0.0688613674930216,0.0420822089674089,0.0071496506049098,-0.0315698687832514,-0.0529337253761366,-0.0531417130404902,-0.0486796650587012
398,"KAZ","Kazakhstan",NA,NA,NA,NA,NA,NA,NA,NA,NA,-0.0125861085659007,-0.016417222792761,-0.0457764433047728,-0.0713684027539867,-0.0494135426774358,-0.025080678106009,-0.000451681779245162,0.0229237002526548,0.0390595861274057,0.0619808816055805,0.0593110790193463,0.0568238477332454,0.0503218262105141,0.0403452482567563,0.034797757864953,0.0220642020634587,0.00951953407370465,0.00335886088014159,-0.0029428746902791,0.00283936276295571,-0.0044959057701689,-0.00314292223096591,0.00385110609334172,0.00831135954296269,0.014850933570858
404,"KEN","Kenya",NA,NA,NA,NA,NA,NA,NA,NA,NA,0.0153508267052038,0.0216659181502492,0.0236166195291363,0.0243235241465323,0.0191982819558787,0.0164268582377469,0.018467222432172,0.0251815768996384,0.0290569206270002,0.0363080839959311,0.0492252602822361,0.063343446302808,0.0705355552796445,0.06961426886674,0.062653480989791,0.0597945248877241,0.055805249609586,0.054829342958044,0.0502258957392341,0.0432012675862308,0.0413980630978641,0.0369563366288326,0.0358706210644208,0.0270387190617469,0.0185774941058607
296,"KIR","Kiribati",NA,NA,NA,NA,NA,NA,NA,NA,NA,0.0345352877187199,0.0590567184835806,0.0691468619051978,0.0976449735552825,0.117435849568357,0.12331191334295,0.130967149273882,0.140680900967509,0.118252825158123,0.095039704852782,0.0476298705112506,0.0278624274794372,-0.00907598974867196,-0.0245358291259523,-0.0363246680166168,-0.0434262525066519,-0.0356661733238616,-0.0212198604344722,-0.0186003762502647,-0.00619489448118482,-0.00425212773358563,-0.00683046793090358,-0.0132218853236136,-0.0195652665787507,-0.0215251548204107
689,"XKX","Kosovo",NA,NA,NA,NA,NA,NA,NA,NA,NA,NA,NA,NA,NA,NA,NA,NA,NA,NA,NA,0.013709983982759,0.00956364726787928,0.0130339614550963,0.00999548837967223,0.00855801532036859,-0.00118972337712908,-0.00688959099763542,-0.0138079338837865,-0.0277705620008964,-0.0395735194643886,-0.0462486405839498,-0.0536226540258122,-0.0565782497562022,-0.0618650405416511,-0.0642300940081628
414,"KWT","Kuwait",NA,NA,NA,NA,NA,NA,NA,NA,NA,0.067959704724373,0.0903197759700236,0.0554925436540734,0.0612592406359744,0.060861198675028,0.0620605174141089,0.0633159275759589,0.0607357599861582,0.0475883303680218,0.0487208254880764,0.0461070095381328,0.0397265146254595,0.0310621962445345,0.0248461831464071,0.0193781812191975,0.00911799344998387,0.00775725077334433,0.0136182636514877,0.0141758937930616,0.0217218531663381,0.0199191522532061,0.0170527011753687,0.0151544171982381,0.0108986362030599,0.00767903867944231
417,"KGZ","Kyrgyzstan",NA,NA,NA,NA,NA,NA,NA,NA,NA,-0.00156724659101322,-0.00617267621578011,-0.0204347579575221,-0.0305009991706233,-0.0118144302708232,-0.0108909728136248,-0.0116587609246166,-0.00109188940043858,0.0264785556987825,0.0574063012700576,0.0804270023957994,0.0840450224727016,0.0871404472069144,0.0984745733302974,0.102264941732818,0.0917326853729694,0.0671835926807152,0.0402394726894244,0.00653907065769577,-0.0213242545576707,-0.0495999910560182,-0.0727192073107964,-0.0775968815665306,-0.0662160568328756,-0.0490003908735001
418,"LAO","Laos",NA,NA,NA,NA,NA,NA,NA,NA,NA,0.057412326349161,0.0696799331315734,0.0893310923978188,0.104985398468218,0.112121392479924,0.111768516813554,0.106150662608982,0.0996333042034789,0.0937534960875586,0.0866842296969323,0.0785669771212623,0.0731984792548621,0.07325747544935,0.0753417992651619,0.0722725655594045,0.0714317208612523,0.0852140020604257,0.124882138906131,0.159828753092978,0.180517800061419,0.178788480043065,0.162092984298524,0.142056585034126,0.116115784687302,0.0809998468996966
428,"LVA","Latvia",NA,NA,NA,NA,NA,NA,NA,NA,NA,-0.0249682960814155,-0.0501114020947137,-0.0522998277517428,-0.0383911948645324,-0.0230869288367745,-0.0139297085180667,-0.00816220405352108,-9.87102181985331e-06,0.00681244351828791,0.00320515067918947,-0.00590100506107083,-0.0152454827827271,-0.0211980177334905,-0.0274408603983366,-0.0263209238333596,-0.0221217658238688,-0.0202325479594024,-0.0241864026376471,-0.0251480561701427,-0.0190942030713854,-0.0184823254069831,-0.0190336533974744,-0.0199800749462254,-0.0220738651785947,-0.0242693903211397
422,"LBN","Lebanon",NA,NA,NA,NA,NA,NA,NA,NA,NA,0.0928194631298525,0.0618029651202316,0.0369592493401298,0.0178401141080768,0.00951239615478827,-0.00792352737849589,-0.0206654859194251,-0.0305086059959997,-0.0425700364106096,-0.0329749082516829,-0.0160082995710112,-0.00385549654466223,0.00959236349325532,0.033255062405618,0.0531079334562972,0.0726181803162396,0.0875482081757171,0.0932562797953012,0.0850241758887298,0.0742369557943048,0.0612388634262877,0.0311616408885471,-0.00271185466300749,-0.0105100871968715,-0.0110458003499734
426,"LSO","Lesotho",NA,NA,NA,NA,NA,NA,NA,NA,NA,0.00863573839079246,0.0175321402563302,0.024354993081257,0.0323995957583583,0.0370934649253294,0.0395633857124931,0.0429589936402233,0.0417230660269048,0.0475220588187484,0.05509293370597,0.0639147425718147,0.077625789360996,0.0862997165417134,0.0900860095152392,0.085031157843493,0.074915620298494,0.0654672205474542,0.0511044256662645,0.0458838600228648,0.0461250036523586,0.0475422243053727,0.0452665718361835,0.0378485309675951,0.0259231288693897,0.014391177312262
430,"LBR","Liberia",NA,NA,NA,NA,NA,NA,NA,NA,NA,0.0076921758745756,0.0374530826704871,0.0547667188588585,0.0666951143953334,0.07490938360376,0.0773657084235519,0.0792126390104064,0.0786057735031394,0.0699481170986651,0.0568617276215644,0.0369707703591552,0.046525632833843,0.0510927040896907,0.0552552681779277,0.0547403518632725,0.0612938793151974,0.0718478202260917,0.0815185681650272,0.0863575114397988,0.081065936757144,0.0678307984970614,0.060310563972642,0.0514852024016119,0.0435355399183472,0.0280094364480903
434,"LBY","Libya",NA,NA,NA,NA,NA,NA,NA,NA,NA,0.06101933406336,0.0592778027936076,0.0537202015852762,0.0451099423362142,0.0375224317719585,0.0354516779164404,0.035715024451769,0.034634078167487,0.0266078688337141,0.0209649734411534,0.0215884618467272,0.0222387087270171,-0.000165164530651762,-0.000769752840302372,0.0011903902522028,0.00683706083262936,0.00485621101613676,0.00305132651913609,-0.00126195881634275,-0.00232863264174506,0.000128045720620751,-0.000133412484954478,-0.0156997265268986,-0.015705991815034,-0.0134476542705174
438,"LIE","Liechtenstein",NA,NA,NA,NA,NA,NA,NA,NA,NA,NA,NA,NA,NA,NA,NA,NA,NA,NA,NA,0.00222767588401229,-0.00168988793868132,-0.00551716856740925,-0.0085925556260008,-0.0109050478528112,-0.0125651365661123,-0.0118838910945158,-0.013058663044401,-0.0119746145885529,-0.00979762745736057,-0.00739137921270827,-0.00492897449143082,-0.002707328468605,-0.000980891510093951,NA
440,"LTU","Lithuania",NA,NA,NA,NA,NA,NA,NA,NA,NA,-0.00457854238264464,-0.012293194059685,-0.0398087709865432,-0.0297027027822795,-0.0323953528692407,-0.0389309259328432,-0.0382065700783788,-0.0340056036162483,-0.0224784724406286,-0.00501605761021906,-0.00468465247509644,-0.00896757262835801,-0.0120292925172294,-0.0105958957548609,-0.0182187843874841,-0.0190110129104789,-0.0132445056800673,-0.00795921411178699,-0.00441493627961495,-0.00070699749607217,-0.00573946345992549,-0.00641196022929147,-0.00773979948411563,-0.0128619944403626,-0.0216717224349494
442,"LUX","Luxembourg",NA,NA,NA,NA,NA,NA,NA,NA,NA,-0.0299988350878917,-0.0263901853172462,-0.011050938527023,0.00663475048681583,0.025333252775994,0.0480214264141368,0.0576971574204133,0.0555755600080918,0.0432023741869745,0.0222489553838643,-0.00136637536673934,-0.018058252212982,-0.0292580745821258,-0.0421828522278341,-0.054291588866673,-0.0549547126848998,-0.0533626690526791,-0.0561774790945039,-0.0648230405174904,-0.0752132112217208,-0.0902934734853144,-0.10826030215101,-0.11503522977055,-0.123997106588874,-0.12915114339456
446,"MAC","Macao",NA,NA,NA,NA,NA,NA,NA,NA,NA,0.0781565400498994,0.0801495691747931,0.080847510989537,0.081544969904414,0.0799718971404357,0.0760811196306859,0.0641610328854245,0.0537489547297352,0.0294719235644594,0.00141572268115886,-0.022849598624429,-0.0481800340983977,-0.066573873333259,-0.0753007953309649,-0.0815685299531969,-0.0697614236170524,-0.0504229548954989,-0.025803028282682,-0.00871345279786806,0.000113918962658106,0.00874500214177021,0.00839201279616745,0.0026592044869338,-0.00354757346310023,-0.00557824764046652
450,"MDG","Madagascar",NA,NA,NA,NA,NA,NA,NA,NA,NA,0.0310692530532775,0.0304831882223697,0.0272240296179327,0.0151648768624673,0.0106969306149476,0.0070080117308815,0.0106936524599999,0.0112904143138608,0.0121778159474084,0.0181884430602841,0.0225021390024629,0.0284030740167607,0.033903842291471,0.0308733843565294,0.0316134993942616,0.0323298783067874,0.0318792265614958,0.0355155261733715,0.0400935784397753,0.0416879338961653,0.043391053542323,0.039274338126055,0.0395254592152443,0.0399123283598986,0.0368374657369823
454,"MWI","Malawi",NA,NA,NA,NA,NA,NA,NA,NA,NA,0.013147820157581,0.0206660441189617,0.0243678645451908,0.0284844508227418,0.0264630683248033,0.0261916917688563,0.0290369880075916,0.0307749137488915,0.0341225622075871,0.0386118138351776,0.0366694039884909,0.040435403471339,0.0468689129117841,0.0503632318274969,0.0471119610695516,0.0412588414979709,0.0399374923001266,0.0363103751568066,0.0373925136461672,0.0402079602565646,0.0384356497558849,0.035677699229185,0.037595534046337,0.037917549903749,0.0305746335726027
458,"MYS","Malaysia",NA,NA,NA,NA,NA,NA,NA,NA,NA,0.0509824790499696,0.0429555467747362,0.0394645674999774,0.0396862079157396,0.0320543412106375,0.0264870061206879,0.0236465180014396,0.0276205844743012,0.0358203234402112,0.0397719469002857,0.037793647114938,0.0435460681412259,0.044989302731349,0.0457440898494441,0.043079925959818,0.0424190954235213,0.0366100987514346,0.0271680068439808,0.022863473448971,0.0168544191146933,0.00989073516307259,0.00587850888246311,-0.000157464741839729,-0.00139202333089803,-0.00129230555459435
462,"MDV","Maldives",NA,NA,NA,NA,NA,NA,NA,NA,NA,0.0924939262027962,0.0925660527460754,0.0888927103541421,0.0934065647251385,0.0781654142966306,0.0734324937305408,0.0626939471499468,0.063441114005657,0.064744426777225,0.0602628179881315,0.0615396275219109,0.0541609035387025,0.049203857405488,0.0444831644966448,0.0285321862154504,0.0239024938707428,0.0125877814732736,0.0120915855625863,0.0102036581736145,0.01809169686972,0.0224918474536109,0.0167929852758029,0.0141492632044202,0.00669029158501178,0.00128407278110676
466,"MLI","Mali",NA,NA,NA,NA,NA,NA,NA,NA,NA,0.0176080783003614,0.0280176343024852,0.0371572111364238,0.0452736386101573,0.0509051017014508,0.0543389737019808,0.0564596248749514,0.0589184603187083,0.060097395443423,0.0609040092525679,0.0627738011115302,0.0685566959696271,0.0718655531276597,0.0735573622549786,0.0734562468150266,0.0709695901805245,0.0675632808847308,0.065423493584428,0.066607761046809,0.065386709877493,0.0669463709901301,0.0620389438546232,0.0551622373335958,0.0473902146556069,0.0380048254683902
470,"MLT","Malta",NA,NA,NA,NA,NA,NA,NA,NA,NA,0.00209202568830635,-0.0169024683675199,-0.0292994545696024,-0.0402552879924704,-0.0332925485094479,-0.031771881730048,-0.0220054814165384,-0.0184284896355658,-0.00559759491276046,0.0031183869303401,0.010351370982846,0.00333696381015613,-0.00363224523847216,-0.00519958611382532,-0.0124196821935604,-0.0228602285501496,-0.0373515481511324,-0.0550675262164889,-0.0691035218231639,-0.0758115012298642,-0.0723096530942574,-0.0638318939114765,-0.0548508387405681,-0.0311804724521275,-0.0145349704408958
584,"MHL","Marshall Islands",NA,NA,NA,NA,NA,NA,NA,NA,NA,0.00691677753114983,-0.00138414079879136,-0.00491715494717557,-0.00515621693855452,-0.00387613686041016,-0.00015232150776225,-0.00395064853075153,-0.00253749787987493,-0.00682473978495879,-0.00581640207024203,-0.00549072590868338,-0.00182750134327303,-0.00155346812732104,0.000667067504017763,-0.0061414364960809,-0.0121537908350344,-0.0225158831391026,-0.026697798221429,-0.0340671922451377,-0.0336427464204511,-0.0291716849970844,-0.027755522022574,-0.025400318361441,-0.0223446335114668,-0.0223919931287736
478,"MRT","Mauritania",NA,NA,NA,NA,NA,NA,NA,NA,NA,0.012748178851637,-0.0249067215257497,-0.0497902989414644,-0.0616408928755864,-0.0671494748372331,-0.06613180079592,-0.057736109708499,-0.0418779427140619,-0.0189122394511737,0.0143964336106759,0.0542312939095009,0.0514484252813576,0.0503564323945971,0.0537952182376025,0.0480968073909682,0.0490651883380484,0.0528368737288871,0.0543629258572973,0.0590924173292049,0.0666716451233988,0.0708835234670162,0.0664515974596731,0.0599595064677048,0.0550671908533089,0.0378782786968286
480,"MUS","Mauritius",NA,NA,NA,NA,NA,NA,NA,NA,NA,0.0142405760888638,-0.00179013973725084,-0.0143081243114872,-0.022972265594731,-0.0234765771930253,-0.0211501879758786,-0.0131437984356658,-0.0049350543020491,0.00302120700088504,0.00937131436467986,0.0180277559110305,0.0178376175896158,0.0178010751619224,0.0145798404708255,0.0127481273307795,0.012210308961156,0.0125289923809317,0.0140840059898983,0.0135413432339435,0.00815306238954183,0.00417764039615798,-0.00564213512611348,-0.0107613687325313,-0.0106734153390395,-0.0118266076567717
484,"MEX","Mexico",NA,NA,NA,NA,NA,NA,NA,NA,NA,0.00150459076880627,0.00106151194186732,0.00259469594169581,0.00286654196355896,0.00424317078313785,0.00895645774273013,0.0082337626974831,0.00838114342166496,0.00880876079923842,0.0102710634158025,0.0062249260679843,0.00501369451996525,0.0028456376299526,-0.00252296672355233,-0.00797975388175953,-0.015008913116316,-0.0206386561895625,-0.023687429128697,-0.0271225635716322,-0.0326826470896476,-0.0391363572436721,-0.0572321379797137,-0.0700433543982392,-0.0755996748753912,-0.0756453537504096
583,"FSM","Micronesia",NA,NA,NA,NA,NA,NA,NA,NA,NA,0.0131674921147019,0.0260162629728215,0.0433351557055091,0.0468446314574853,0.0414380980428646,0.0301451198665463,0.00183828186001118,-0.036566427054622,-0.0520074365943057,-0.0668072581288773,-0.0467630596165768,-0.0398048662639276,-0.0469346631919984,-0.0415465529014216,-0.0390813363088148,-0.0279230030821529,-0.0310954540418835,-0.0349785520432609,-0.0378842148351999,-0.0386669291402425,-0.0252201979859459,-0.0247674661724345,-0.0226421028564995,-0.0198259027161788,-0.0198929812370207
498,"MDA","Moldova",NA,NA,NA,NA,NA,NA,NA,NA,NA,-0.00191519253585634,-0.00455464235678573,-0.0117262944885593,-0.0222410386905956,-0.0546605160943668,-0.059206305532622,-0.0420040776046495,-0.0206913833805165,0.00222086255961784,0.0261448189128017,0.0265879517529524,0.0253939394871325,0.0221915946341107,0.0172854341685216,0.0163317467259336,0.0136522256576292,0.0121124867606255,0.00975391767189415,0.00653457049866102,0.00954972497250228,0.00568814416532115,0.00476459621443248,0.010566382761406,0.00758372482007275,0.0057338006683223
492,"MCO","Monaco",NA,NA,NA,NA,NA,NA,NA,NA,NA,NA,NA,NA,NA,NA,NA,NA,NA,NA,NA,NA,NA,NA,NA,NA,NA,NA,NA,NA,NA,NA,NA,NA,NA,NA
496,"MNG","Mongolia",NA,NA,NA,NA,NA,NA,NA,NA,NA,-0.0353144104776737,-0.0262577827734293,-0.0105541714992261,0.0043556173430197,0.0175294184677295,0.0229708180919008,0.0302763273591851,0.0373844481321972,0.0445284780616524,0.0507755358662918,0.0538004721381562,0.0590484726296723,0.0668224802025126,0.075954232880989,0.077632648468039,0.0728584974823383,0.0635773932617338,0.0502880334254669,0.0435987834976725,0.0382132353235056,0.0358010482044289,0.0302065975741259,0.0291173216507095,0.0333125067253943,0.0402338451134905
499,"MNE","Montenegro",NA,NA,NA,NA,NA,NA,NA,NA,NA,NA,NA,NA,NA,NA,NA,NA,0.251717040082511,0.348654069743405,0.423612454155229,0.43247548831236,0.426831128555924,0.374794458426316,0.279306842427446,0.149577718681504,-0.000929305090636383,-0.0115524562744755,-0.0226508139438975,-0.0350734308342151,-0.0341383884593057,-0.0525229875925642,-0.0570886642193312,-0.0528706100245138,-0.047966984568688,-0.0440760396456803
504,"MAR","Morocco",NA,NA,NA,NA,NA,NA,NA,NA,NA,0.0323704106615152,0.0281557677381656,0.0261782359472573,0.0256666096238503,0.0242296285497892,0.0283172240233251,0.0321459763726355,0.033846190887596,0.0334673396236853,0.0322244469546218,0.0308057103121941,0.0299009505074568,0.032883750318532,0.0335238453620363,0.0291224974598951,0.0278095420942508,0.0263545813013177,0.0242006810981894,0.0231226883412476,0.0213102884322098,0.021676356698682,0.0171553054709488,0.0197125911956817,0.0193295681207479,0.0144380231650092
508,"MOZ","Mozambique",NA,NA,NA,NA,NA,NA,NA,NA,NA,0.0233542853173287,0.0180914368578562,0.0071320557988368,0.00717212532969524,0.0170620380739219,0.0221500508526367,0.0274582319331576,0.0293407821710798,0.0240842072434957,0.0253382518356853,0.0281663946296815,0.0249202566654068,0.0285465631883053,0.0382233543890353,0.0509302325297831,0.0659005108550592,0.0737229452267449,0.085069494788907,0.0809810213357613,0.0678444126997613,0.0527167998513258,0.0307775258383634,0.0275487271429704,0.0280133857404601,0.0248499678855387
104,"MMR","Myanmar",NA,NA,NA,NA,NA,NA,NA,NA,NA,0.0558715440319841,0.0540454783993092,0.0469620332498326,0.042232403822708,0.0379398158209197,0.0341865540970854,0.030290760161815,0.0218688629391595,0.0153681188284955,0.0118663540199486,0.0129330261820562,0.0120426362699639,0.0109813193492103,0.0161029873218781,0.032894087304236,0.0516209917357295,0.070159678752632,0.093932792949138,0.126358696594945,0.144708826012983,0.148507404271353,0.135792600702792,0.104164901630948,0.0998579361174752,0.0406735432962593
516,"NAM","Namibia",NA,NA,NA,NA,NA,NA,NA,NA,NA,0.16453724760035,0.0800966629415112,0.0784305492300956,0.0645377290249027,0.0501122845995703,0.0370417542993606,0.0282253180608578,0.0277307220724388,0.0224575590580263,0.0229021113894834,0.0238383894878007,0.0212145401691326,0.0303675559737424,0.0316989245063697,0.0310958422894332,0.0320263394217759,0.0412487500415102,0.04669921745036,0.0423976220168132,0.0393313894144491,0.0376186884168026,0.0291955275627156,0.0229856299472309,0.0157961051092421,0.00553817085337638
520,"NRU","Nauru",NA,NA,NA,NA,NA,NA,NA,NA,NA,NA,NA,NA,NA,NA,NA,NA,NA,NA,NA,NA,NA,NA,NA,NA,NA,NA,NA,NA,NA,NA,NA,NA,NA,NA
524,"NPL","Nepal",NA,NA,NA,NA,NA,NA,NA,NA,NA,0.0445990611323868,0.0456267003351531,0.0463949212853871,0.0430263013914574,0.0395248344245183,0.0363698840956153,0.0343380942304916,0.0284747166562458,0.0231271912711477,0.0221654823581534,0.0277293748653828,0.0344693733878692,0.042958093621859,0.0466487808824716,0.0518732520289826,0.0557322233142732,0.0509051106840088,0.0559949727284683,0.0606035022186211,0.0650297113355183,0.0552912167807083,0.0556318808024125,0.0518970109121146,0.0448366152607031,0.0386050217145328
528,"NLD","Netherlands",NA,NA,NA,NA,NA,NA,NA,NA,NA,-0.0347528572235141,-0.0352169432219893,-0.0344797635050939,-0.0330295137772385,-0.0301338533787591,-0.0277174407536737,-0.0272162565730397,-0.025937161618899,-0.0281461312319163,-0.030949638837806,-0.0354735585499473,-0.0382244070862633,-0.0410668736956097,-0.0449649516949251,-0.0474730358734478,-0.0503285410470334,-0.0509954025228784,-0.0507221989174054,-0.0503813438711905,-0.0468741699952275,-0.0469630020673455,-0.0499427622984281,-0.0505011513307507,-0.0540699596540802,-0.0579259460729871
540,"NCL","New Caledonia",NA,NA,NA,NA,NA,NA,NA,NA,NA,NA,NA,NA,NA,NA,NA,NA,NA,NA,NA,NA,NA,NA,NA,NA,NA,NA,NA,NA,NA,NA,NA,NA,NA,NA
554,"NZL","New Zealand",NA,NA,NA,NA,NA,NA,NA,NA,NA,0.0204681679488765,0.0222304423128852,0.0237620918040484,0.0266692018435546,0.0288686898034176,0.0284804042856113,0.0271952797467496,0.0236368714845243,0.0191890252731854,0.0109710063823936,0.000532042377798136,-0.00937604386352697,-0.0169469686381738,-0.0199450013294462,-0.0202067018675078,-0.0200420768002824,-0.0177265833142253,-0.0175030681488048,-0.0142952878092019,-0.0112625534153727,-0.0115379693844861,-0.0168548833455899,-0.0215615184470965,-0.0271296034436282,-0.0297652449509042
558,"NIC","Nicaragua",NA,NA,NA,NA,NA,NA,NA,NA,NA,0.0666803066855239,0.0730375141274056,0.0708028746290228,0.0625408086652635,0.050245837432231,0.0379559682173338,0.0230305670208777,0.00998064144071442,0.00226898302063305,-0.00317212020964097,-0.00152817424706753,0.00447030655327874,0.0117741913484539,0.0148981502558589,0.014359607620791,0.0162123617535059,0.018247180225148,0.0200705623363664,0.0225001674064134,0.016198434735023,0.0116442345552092,0.0040858733246536,0.00410255682635219,0.00531973864915614,0.00230442491421456
562,"NER","Niger",NA,NA,NA,NA,NA,NA,NA,NA,NA,0.0248311323582004,0.0227907735694228,0.0208818894708418,0.0185730385355036,0.0203710534982666,0.0224570294559414,0.0245015379307572,0.0252050502871017,0.0291619711386624,0.035246030052154,0.0427179118800278,0.0484246370773649,0.0498640907272603,0.0572677473649976,0.064080745218055,0.0686914707006943,0.0704651336773607,0.065790668331325,0.0570077445667647,0.0456732859876161,0.0388066236427718,0.0331252125956412,0.0233161055378497,0.0270907816321564,0.0312455279794035
566,"NGA","Nigeria",NA,NA,NA,NA,NA,NA,NA,NA,NA,0.0236941927084227,0.0190655250855827,0.0253698447976827,0.0388558193859241,0.0466360305510483,0.0438753697250949,0.0427102283390375,0.037898033103291,0.0314613015287257,0.0232797339547259,0.0127010361057784,0.0119975624660769,0.0195514848144771,0.0285849200968613,0.0442745375857219,0.0572923307386011,0.0626866184238786,0.064469781026649,0.0562128679294698,0.0518139039188223,0.0419096375531705,0.0288938584783078,0.021458959315042,0.0153626928965098,0.0137886612803209
570,"NIU","Niue",NA,NA,NA,NA,NA,NA,NA,NA,NA,NA,NA,NA,NA,NA,NA,NA,NA,NA,NA,NA,NA,NA,NA,NA,NA,NA,NA,NA,NA,NA,NA,NA,NA,NA
408,"PRK","North Korea",NA,NA,NA,NA,NA,NA,NA,NA,NA,NA,NA,NA,NA,NA,NA,NA,NA,NA,NA,NA,NA,NA,NA,NA,NA,NA,NA,NA,NA,NA,NA,NA,NA,NA
807,"MKD","North Macedonia",NA,NA,NA,NA,NA,NA,NA,NA,NA,-0.00942755251441685,-0.0180358615308337,-0.0290649570902444,-0.0368654823507367,-0.0444148857244088,-0.0519095956685161,-0.0580069398439268,-0.04914862205347,-0.0386284539985389,-0.0309641085511887,-0.0243492599049545,-0.0154333137931276,-0.00563445862198997,0.00205843957014507,-0.010234305644505,-0.0227017524541976,-0.0451377674327931,-0.0547521572988672,-0.0581298120224859,-0.0647245510049623,-0.0643454591888097,-0.0628083705559958,-0.0501629308444573,-0.0347812207252129,-0.0317181526076616
578,"NOR","Norway",NA,NA,NA,NA,NA,NA,NA,NA,NA,0.0180881046491872,0.0175345299958205,0.0117868700670747,0.00434047583298236,-6.3474027361132e-05,-0.00438392462979342,-0.00757051276178045,-0.00875563384598688,-0.00648493867525535,-0.00409409675472716,-0.00299488295808026,0.00128680260152203,0.00356565234450001,0.00235148840412802,0.000659103792369775,-0.00171563809842312,-0.00289904601274094,-0.00575414052219847,-0.00742639314800453,-0.0103811741909309,-0.0174531407198001,-0.0187200689743415,-0.0190060930483222,-0.020016607548118,-0.022745471351985
512,"OMN","Oman",NA,NA,NA,NA,NA,NA,NA,NA,NA,0.0228917321529842,0.0158585124035717,0.0232616719279057,0.0337682612688091,0.0409994719296842,0.0426431284579782,0.0284599882669323,0.0292813647533565,0.0343179239561138,0.0334956171303931,0.0342800476854588,0.0364729981456411,0.0450783859141479,0.060264176028068,0.0741484365327307,0.0841665578383526,0.0711606491353101,0.0663217465603321,0.0622182969336176,0.0524144124923374,0.0374360921018606,0.017508701410806,0.00388226583415374,0.000591686386599122,0.00089686600562211
586,"PAK","Pakistan",NA,NA,NA,NA,NA,NA,NA,NA,NA,0.0581106564722376,0.0521157153244844,0.0431560566341411,0.0406695815741895,0.0378452160835667,0.0377787695753302,0.0423973584175017,0.0492247289261529,0.0560325935138306,0.0584948809649757,0.0639531116744338,0.0617446591067665,0.0559202948011535,0.0418520886409435,0.0264239171592116,0.0142383952854879,0.00541852740762239,0.00405503174110167,0.00661096715902487,0.0029594191395006,0.00177293083973162,0.00538177583237776,0.0135585889033558,0.0142626446550507,0.0151597443127547
585,"PLW","Palau",NA,NA,NA,NA,NA,NA,NA,NA,NA,-0.0624633507636324,-0.0399393821604817,0.0139400864523227,0.0105439802545584,0.0160678779011134,0.0210673145093847,0.0243962674992058,0.019465791531408,0.00317192226228968,-0.0159852724323484,-0.0271972748950758,-0.0411990464014611,-0.0207573152231209,-0.0200144281808105,-0.0164758156050549,-0.0221664625039507,-0.0268342147879526,-0.0200988130718575,-0.0204059767710606,-0.0193063760310588,-0.0135415506423237,-0.0144977870090358,-0.010655019959207,-0.00149373909195088,-0.00251736871783222
591,"PAN","Panama",NA,NA,NA,NA,NA,NA,NA,NA,NA,0.0545419951190049,0.0464674225105048,0.0480568113859945,0.045330001200302,0.0415855796993267,0.0361115441489002,0.0346300631270771,0.0300844328835188,0.0225559490555114,0.0239357406003344,0.0289858008087247,0.0326702832186279,0.0435820504209024,0.0436173861530498,0.0393762160097459,0.0327491998193505,0.0316247184886942,0.0299043003428114,0.0194108706989888,0.00122839683904608,0.0085839437837556,-0.000322604988971301,-0.000940777811373149,0.00495710481450473,0.00760713474090924
598,"PNG","Papua New Guinea",NA,NA,NA,NA,NA,NA,NA,NA,NA,0.0405164309217252,0.0498169898047138,0.0623230827222585,0.0441495752900117,0.0426043052486832,0.0752581856982264,0.0956375035755754,0.0864123472429952,0.0728088915630567,0.0486779896022536,0.0191464852432157,-0.00459229387705862,-0.0199780170560211,-0.0302129877558587,-0.0336890365594645,-0.0258255450901749,-0.0148712470448279,-0.00191985649851952,0.00927822611213625,0.0162906032425545,0.0251071318522929,0.0216774291372257,0.0182997586807097,0.0108107335550183,0.0044217472862198
600,"PRY","Paraguay",NA,NA,NA,NA,NA,NA,NA,NA,NA,0.0669834145219776,0.0493710167352457,0.0281135663566798,0.0102933557115044,-0.000404918717356585,-0.00774574304562521,-0.0176529665827625,-0.0229307549591092,-0.02388654730399,-0.0162743964026314,-0.00362643218131642,0.00451852384981866,0.0145085732071104,0.0209064398290277,0.0306865499537994,0.039012660674858,0.0432847040433351,0.0504926934367613,0.0527662625940564,0.054861108822811,0.0554232600314706,0.0532746047026984,0.0484138697597418,0.032370212125874,0.0160558826364439
604,"PER","Peru",NA,NA,NA,NA,NA,NA,NA,NA,NA,0.0432182986003922,0.0431755794660185,0.029412707967627,0.0172140729330836,0.00487843513967978,0.00260265023883388,-0.00074392057284354,-0.00455319833280221,-0.00562690168167745,-0.000582998444970563,0.0124691699489863,0.0252811126587669,0.0315822367078356,0.0351892792206885,0.0374074197769982,0.0423132542523441,0.0421097802354709,0.0373070506158264,0.0285823680779584,0.0228886520588711,0.0222899595233281,0.0117673406729173,0.0164419693725557,0.018327107509829,0.0184240935151261
608,"PHL","Philippines",NA,NA,NA,NA,NA,NA,NA,NA,NA,0.0840524537704652,0.0759597759597839,0.0617691956036941,0.0509593926156591,0.0385356734431428,0.0244587549667055,0.0130316465573994,0.00448840117051019,-0.0012248791504279,-0.00638938270226219,-0.0168533805063352,-0.0206117397070393,-0.0201429478505771,-0.012101627008875,-0.00198422617514022,0.0115782259475294,0.0284873943068102,0.044393327508834,0.0604011772814241,0.0697492048562642,0.0693318237864722,0.0552306570014849,0.0449100911230511,0.0351699191832431,0.0268678888624154
616,"POL","Poland",NA,NA,NA,NA,NA,NA,NA,NA,NA,-0.0169499363293494,-0.0268231093647266,-0.0347520726631069,-0.0409895773323137,-0.0420675838679292,-0.0396116570421322,-0.0332425429218167,-0.0212975577108551,-0.0102008256920133,-0.00516524042244071,-0.00137286942696435,0.00101885510437505,3.05849518754515e-05,-0.00591505035467743,-0.0136663703043268,-0.0228232113127923,-0.0286091893602991,-0.03055627417052,-0.0281283835087505,-0.0280190109277337,-0.0299050301317891,-0.0299159174688199,-0.0289355861086397,-0.0299624787284991,-0.0352805841836287
620,"PRT","Portugal",NA,NA,NA,NA,NA,NA,NA,NA,NA,0.01505996044101,0.0125270998279661,0.00947120378789013,0.0115754984150489,0.00616095914220227,0.00111205441288531,-0.000850569475983865,-0.0126809354449512,-0.0221210136853788,-0.0298290961185441,-0.0339429173372625,-0.0409635933262633,-0.0499063091594668,-0.0561390683833919,-0.0375932329800861,-0.0226244245995505,-0.00960455385029126,-0.00931238166186101,-0.0196802669698343,-0.0350661207963388,-0.0292046651941182,-0.0292316011470719,-0.0289323147386658,-0.0304276049078002,-0.0346775147564469
634,"QAT","Qatar",NA,NA,NA,NA,NA,NA,NA,NA,NA,0.0466823687757267,0.0427691238331966,0.0384202894459451,0.0517645641096791,0.0562329761659612,0.0594336669762976,0.0640729951333872,0.0690467945201396,0.0870370076906015,0.103660355905722,0.105458914125985,0.102620471058721,0.0881336280153964,0.0927514116200059,0.0856247171883266,0.0808973759219724,0.0749538105748586,0.0644903083088033,0.0640744355485241,0.060063735207315,0.0506910136342209,0.0397386014142664,0.0248106125001955,0.0155725128551887,0.00812607456068903
178,"COG","Republic of Congo",NA,NA,NA,NA,NA,NA,NA,NA,NA,-0.0326588635639375,-0.0259550209630092,-0.00477177003834106,-0.0018052697929987,0.0177962935892841,0.0260254176596491,0.0497505645936687,0.0711846569010628,0.0727129311718691,0.0855625373200068,0.098861506410356,0.112022388714482,0.129356158668026,0.128863964950896,0.131450620982947,0.128700667585252,0.117404974385707,0.0991954530224186,0.0627022777019948,0.0340567475208096,0.0117754374720835,-0.000900666907429078,-0.00197535638907956,-0.00240108469447281,-0.00207873104729801
642,"ROU","Romania",NA,NA,NA,NA,NA,NA,NA,NA,NA,-0.0124174423502119,-0.0265978676196413,-0.0249910053361355,-0.0207842377109441,-0.0222115657225003,-0.0212262067723631,-0.0213186130333405,-0.0115135032747701,-0.00300627058858305,-0.00108167804415638,-0.0176485516964103,-0.0330836223994128,-0.0386879232838263,-0.0422718706937125,-0.0470906843515421,-0.048039721058778,-0.0467104105886837,-0.0427231974432976,-0.0341847604205552,-0.0227549748887393,-0.0202568334557059,-0.0223231017095752,-0.0159722028441865,-0.0101187322041588,-0.0132580362709489
643,"RUS","Russia",NA,NA,NA,NA,NA,NA,NA,NA,NA,-0.00306595150682043,-0.00616447172109717,-0.0147688430565607,-0.0350441684668817,-0.0305035199481201,-0.0236527014786783,-0.0192450047936064,-0.0134131155280028,-0.013391924669481,-0.0105348905238479,-0.0127349351813757,-0.0145577496251202,-0.0138285374912004,-0.0141795432896987,-0.0143438405932057,-0.0140144966766333,-0.0155772862878694,-0.0160913267750932,-0.0148380924793179,-0.00923955464121773,-0.00554931958421245,-0.00421254020041562,0.00224947165004763,0.00831820286628004,0.012308657017241
646,"RWA","Rwanda",NA,NA,NA,NA,NA,NA,NA,NA,NA,0.0145755749150918,0.0177014528412138,0.0179948181288034,0.0204735608208422,0.0149537150166417,0.00642153355902164,0.00707903318774106,0.00962759290536219,0.0156059953938135,0.0130276432579628,0.0130248341055479,0.0125483432219298,0.0124143183523935,0.0190630791326358,0.02189501186712,0.0226344562956358,0.0267990038479546,0.0282949528816514,0.0280627335388104,0.0260553554754279,0.0258049835635239,0.0214120015576311,0.0204322524841611,0.0274512949145629,0.0341308713390034
652,"BLM","Saint Barthelemy",NA,NA,NA,NA,NA,NA,NA,NA,NA,NA,NA,NA,NA,NA,NA,NA,NA,NA,NA,NA,NA,NA,NA,NA,NA,NA,NA,NA,NA,NA,NA,NA,NA,NA
659,"KNA","Saint Kitts and Nevis",NA,NA,NA,NA,NA,NA,NA,NA,NA,0.031851947188364,0.0215368601528392,0.0169794522215649,0.0101137835650142,0.0147001893448488,0.0273742432714656,0.0276141243096633,0.0083885513765336,0.000729118566667791,-0.00337737057034615,-0.00665318028511963,-0.00131822563513406,-0.00780052170504952,-0.00851638371519436,0.00165423575308834,0.0155254937550722,0.0282211608183749,0.0214829651233432,0.0168085206380408,0.0128126201486629,0.0135933732585691,0.0151947343095882,0.00493757151122032,-0.000388551866380873,-0.000420149432117847
662,"LCA","Saint Lucia",NA,NA,NA,NA,NA,NA,NA,NA,NA,0.0358775539180396,0.0295318911619937,0.0250196177992641,0.0200247952762658,0.0182306476572345,0.0191972493317987,0.0204699028039708,0.0224782042889935,0.026500417542821,0.0308784107795022,0.0347317450004694,0.0447408200718313,0.0424092529302555,0.034843795120947,0.035767435190355,0.0328704820373118,0.0287706379401,0.0229938886814651,0.018086616776303,0.0147194590589967,0.0135366145958042,0.0146217837846001,0.00539145831080701,-0.000191203032492343,-0.000149018979983345
882,"WSM","Samoa",NA,NA,NA,NA,NA,NA,NA,NA,NA,0.0261619178203465,0.0430487825565049,0.0560934850101298,0.0702240521928423,0.085026403835514,0.0848291536041637,0.0799412104689081,0.0691419973936456,0.0489126030057907,0.0274232090140696,-0.00201142064922661,-0.00936521901813514,-0.0167125134187582,-0.018411710524935,-0.0173654954258442,-0.0132064012091972,-0.00768694121555136,-0.00221115718806553,-0.00252733197171195,0.000900743247167141,0.00106085108427688,-0.00621172495869937,-0.0138210053269801,-0.0206079789628684,-0.0240634815748555
674,"SMR","San Marino",NA,NA,NA,NA,NA,NA,NA,NA,NA,NA,NA,NA,NA,NA,NA,NA,NA,NA,NA,NA,NA,NA,NA,NA,NA,NA,NA,NA,NA,NA,NA,NA,NA,NA
678,"STP","Sao Tome and Principe",NA,NA,NA,NA,NA,NA,NA,NA,NA,0.0244723547358054,0.0202585142227085,0.0165126293029758,0.0169362529726684,0.0176741001269112,0.0295914511579716,0.0427177562241168,0.0562851780883051,0.063093886455839,0.0699886082236829,0.0770495163265756,0.076332144079063,0.0692515837593433,0.0643103129107572,0.0568353293286776,0.0511879870107201,0.0515137378267141,0.0540394803617754,0.0570834413310004,0.058857934780413,0.0610610071730593,0.0608207562983851,0.0568767411492803,0.052851589296119,0.0415861890050031
682,"SAU","Saudi Arabia",NA,NA,NA,NA,NA,NA,NA,NA,NA,0.0310538054624021,0.0239623704253749,0.0165620826295143,0.0130472699202966,0.0132717133907534,0.0147225051372348,0.0135083681948518,0.0141042564287204,0.0157093963894914,0.0230119190119478,0.0324631741808268,0.0422859480331379,0.0496553779538376,0.0556057873231248,0.0569681624791143,0.0586620909082196,0.0612534571845378,0.0571719600598091,0.0484198329424521,0.0373441577205091,0.0274020891142022,0.0198355402931027,0.012878932004275,0.00912742667827815,0.0036086833305542
686,"SEN","Senegal",NA,NA,NA,NA,NA,NA,NA,NA,NA,0.0351662115043954,0.0400811488055886,0.0441858731357874,0.0473134287142019,0.0430501377349737,0.0419677914684895,0.0416669476004106,0.0385006836765001,0.0378520755875995,0.0419809744365214,0.0487257271777823,0.0530482538848014,0.0593225328796081,0.0608570116862097,0.0544540816885286,0.0524456508993625,0.0544547694459945,0.0532854589282927,0.0438559754766408,0.0357303890638312,0.0310263948206759,0.0255284426191476,0.0289735943778593,0.0345723176134585,0.0328374860342708
688,"SRB","Serbia",NA,NA,NA,NA,NA,NA,NA,NA,NA,NA,NA,NA,NA,NA,-0.0369210321134525,-0.035164021669888,-0.0255730224885296,-0.00834484696891546,0.00936412494765149,0.00217865837574571,-0.00698847223361987,-0.0104092934024728,-0.0166150962808209,-0.0185158443565957,-0.0280696500969907,-0.0333251673544237,-0.0368596253538628,-0.040715425005894,-0.0448926185909055,-0.050569741249016,-0.0578055771844943,-0.057045610959764,-0.0560610258622934,-0.0522251485334014
690,"SYC","Seychelles",NA,NA,NA,NA,NA,NA,NA,NA,NA,0.0483172249209527,0.0665419547943029,0.0930447781301973,0.109607851178517,0.115364257682392,0.130203153559831,0.128285558767421,0.121157528155904,0.0925795180646802,0.0619914355855049,0.0307884282069142,0.0228379984908851,0.0101343886157819,0.000174608810613877,-0.0191777733551558,-0.00903017512986914,0.00301988985356205,0.024296739811851,0.0376049622799537,0.0528555310886536,0.0730527005912867,0.081068901439947,0.0723771710843604,0.0677470571311456,0.0471117086077966
694,"SLE","Sierra Leone",NA,NA,NA,NA,NA,NA,NA,NA,NA,-0.00242535702763844,-0.00401471512003506,0.00122320097311734,0.00202483758847189,0.00238385285898635,0.00162358072057422,0.00280858958586716,0.00922453463931872,0.0137583943363708,0.019007907788807,0.0271992554758202,0.0241533268848835,0.0299407239073575,0.0376776584344856,0.0478623740650259,0.0576010976418606,0.0644631518892751,0.0742859198699461,0.0794919584185014,0.0779367863397922,0.0710633077259557,0.0593227648516514,0.0483975051904133,0.0381358740007487,0.0279843522264316
702,"SGP","Singapore",NA,NA,NA,NA,NA,NA,NA,NA,NA,0.0200952208679719,0.0170345559255143,0.00911779288969239,0.00294407580396805,-0.00595214710062031,-0.0115821404516262,-0.016119763015161,-0.0197099450002236,-0.022925959530511,-0.0268836645271503,-0.02533775797255,-0.0187598622911016,-0.010952157483725,-0.00408900489221564,-0.00798360028497314,-0.0128226517142662,-0.0132236535906486,-0.0138743671482383,-0.0162557796383199,-0.0213819722059361,-0.0227844535660808,-0.0219073301611451,-0.0147596031358969,-0.00865082369944215,-0.00897533660976857
534,"SXM","Sint Maarten",NA,NA,NA,NA,NA,NA,NA,NA,NA,NA,NA,NA,NA,NA,NA,NA,NA,NA,NA,NA,NA,NA,NA,NA,NA,NA,NA,NA,-0.0215361276274767,0.000658842358962257,0.0013321620844744,-0.00217183292725305,-0.002699632646305,-0.00278827962231781
703,"SVK","Slovakia",NA,NA,NA,NA,NA,NA,NA,NA,NA,-0.00883015383869226,-0.00232404111554829,0.00062357164054605,-0.00365805990668833,-0.00810859646983142,-0.0107922330276587,-0.00989619521650043,-0.0125352279549956,-0.0142031087403821,-0.0136505715477896,-0.0192759379752201,-0.0226831907989555,-0.0276800215119233,-0.0349128052257681,-0.0458642314952905,-0.0537937143448256,-0.0527388262203442,-0.0541705116165878,-0.0522207201684816,-0.044476287295193,-0.0417133915999258,-0.0375201598419169,-0.0311212823557423,-0.0252712180079523,-0.0261469294963643
705,"SVN","Slovenia",NA,NA,NA,NA,NA,NA,NA,NA,NA,-0.00662497323302536,-0.0128072560483684,-0.0215127225036675,-0.0319836979076897,-0.0381372923929131,-0.0401280195088919,-0.0378369734982467,-0.0306337590875417,-0.0208475198105914,-0.0105810284986905,-0.0159548029720679,-0.020829533894635,-0.0235722622433302,-0.0262401046562613,-0.0323043893840896,-0.0365113253990506,-0.0352575505073724,-0.0422199091786287,-0.0578926548182409,-0.052009840367936,-0.0565697646204478,-0.0638268406179443,-0.0643393945494376,-0.0620473385472562,-0.0602615644398586
90,"SLB","Solomon Islands",NA,NA,NA,NA,NA,NA,NA,NA,NA,0.0106218289063753,0.0312505933125388,0.0261515834623619,0.0175624535591582,0.00998225724385518,0.00785357433415665,0.018947850635544,0.0311803237646178,0.0324305679007597,0.0267781202248815,0.00157228741672375,-0.00766019019634834,-0.0164632509335514,-0.0189570621435706,-0.0174499980894887,-0.0146690687528251,-0.0103520403737831,-0.00631409783712267,-0.00820539234382023,-0.00621567888883845,-0.00759834436694895,-0.0154533457495794,-0.0225760769862988,-0.0277744880417119,-0.027505463065842
706,"SOM","Somalia",NA,NA,NA,NA,NA,NA,NA,NA,NA,NA,0.0319804148759004,0.0404736194175874,0.0439395197156449,0.0472550780255541,0.0498654718621501,0.0508896816017754,0.0485376954072627,0.041937589328997,0.0326889300218376,0.0219433381460705,0.0203247829998523,0.0188073137831091,0.0182488159718313,0.018475259627128,0.0190701538850004,0.0211373378190445,0.0227384127436265,0.0227785407627807,0.0220903283322604,0.0214809342841995,0.0206715957473851,0.0193620283332967,0.0176543778369522,0.0151525469244145
710,"ZAF","South Africa",NA,NA,NA,NA,NA,NA,NA,NA,NA,0.0237881560303901,0.0242946525381775,0.0317653201974784,0.0357820058176905,0.0382637965316606,0.0409536265041659,0.041701064127549,0.0397336831908288,0.0387948853070694,0.0384583203922118,0.0250670731847238,0.0167448352583053,0.0140199215917649,0.0117268269793684,0.0108385424365562,0.0121723566024194,0.00810345135146884,0.00201108994332988,-0.000281326439480752,-0.000458168357969499,-0.00703415153239273,-0.00972106746593804,-0.0146552845078174,-0.0194740295492372,-0.0219582335137348
410,"KOR","South Korea",NA,NA,NA,NA,NA,NA,NA,NA,NA,0.0284060142499338,0.00977595997114555,-0.000199143585797236,-0.00570588822666751,-0.00142577731129331,0.0025462100201572,0.00562499424233387,0.00686880765450804,0.00541246846911347,-0.0135301828357486,-0.0306457937026221,-0.0428005501563632,-0.0514358329456309,-0.0531703470998649,-0.0471719517901896,-0.0335055440232253,-0.0209444549476587,-0.00832509287342265,-0.000995020279035308,-0.000822802772845965,-0.00822195361410694,-0.0220559670510757,-0.0380886711186436,-0.0546092229923711,-0.0651985815800995
728,"SSD","South Sudan",NA,NA,NA,NA,NA,NA,NA,NA,NA,NA,NA,NA,NA,NA,NA,NA,NA,NA,NA,NA,NA,NA,NA,NA,NA,NA,NA,NA,NA,NA,0.00627236752196394,0.00955391296866467,0.00606254077691194,0.00537716180433107
724,"ESP","Spain",NA,NA,NA,NA,NA,NA,NA,NA,NA,0.000510494231381609,-0.000498683974202485,-0.00182367600158884,4.86454832765586e-05,-0.000607994843651261,0.000117467509095581,0.000559254855856395,-0.00138697653317443,-0.00250542264266351,-0.0112943222002772,-0.0248774661209719,-0.0374434520371035,-0.0486681469385639,-0.0556788906165698,-0.0649861354978629,-0.0391548546464889,-0.0214516839135184,-0.0264864783443393,-0.0368723097843581,-0.0331853380517068,-0.0302315304151898,-0.0373992707459518,-0.0370304392336558,-0.0343570140020785,-0.0395483909514154
144,"LKA","Sri Lanka",NA,NA,NA,NA,NA,NA,NA,NA,NA,0.06889910385161,0.065573318162196,0.0599736371726518,0.057106754806868,0.0512744283722015,0.0457160501469456,0.0380065335811364,0.0331062866551697,0.0306811123204318,0.0248140561791959,0.0189676407796138,0.0174052402410396,0.017299468043964,0.0196628575970701,0.0188224587417305,0.0199375147401235,0.0216862286892145,0.0288455014485238,0.0322482961892427,0.029673945873617,0.0257187417477636,0.0157840775624323,0.00907290296453289,-0.00102705166180762,-0.00749425235489874
670,"VCT","St. Vincent and the Grenadines",NA,NA,NA,NA,NA,NA,NA,NA,NA,0.0776374831116573,0.0529152757710791,0.0330374528017612,0.0186384885455384,-0.00404912706234151,-0.00199890867371872,0.00431214483834719,0.00699734203870128,0.0198164164545278,0.0378446912702299,0.0759595652409593,0.0709137221720719,0.0487994337328703,0.040370144519682,0.0282826669350529,0.0206836851143726,0.0126867801737292,0.00430424505710869,-0.0017868887069399,-0.00628629897481352,0.0104168513343825,0.0133947621000428,-3.3909653323906e-05,0.000334309567422642,-0.00131840599826902
275,"PSE","State of Palestine",NA,NA,NA,NA,NA,NA,NA,NA,NA,NA,NA,NA,NA,NA,NA,NA,NA,NA,NA,NA,NA,NA,NA,NA,NA,NA,NA,NA,NA,NA,NA,NA,NA,NA
729,"SDN","Sudan",NA,NA,NA,NA,NA,NA,NA,NA,NA,0.0167776316044521,0.0235594742326006,0.0290089407722318,0.036642570013067,0.0351640921214529,0.0426748383708591,0.0493528234517069,0.058465511880597,0.0640030124976922,0.0666886319166748,0.0655611087602768,0.0572132118240651,0.0494229938379258,0.0463836979526269,0.0367724067170536,0.0239925484109913,0.0148028538968543,0.0235531689043529,0.0297039542355393,0.0336738380487209,0.03503510474149,0.0314098667792875,0.0280789596079367,0.020004233883461,0.00738027963326693
740,"SUR","Suriname",NA,NA,NA,NA,NA,NA,NA,NA,NA,0.0184889298720408,0.0430122531297632,0.0690646434396429,0.0886027502197644,0.105257340165926,0.117130757074247,0.132489894270746,0.125472935306163,0.103945319230247,0.0722571630563897,0.0293869656032935,0.0323091128248056,0.0367986224181527,0.0507365621798106,0.0561993067298698,0.0698203918493241,0.0904957213521052,0.0990156778376248,0.081436064838968,0.0519335141370894,0.0295839252295718,0.0127544967706596,0.00322097232427431,0.00545128959786433,0.00634015891161458
752,"SWE","Sweden",NA,NA,NA,NA,NA,NA,NA,NA,NA,-0.028716572535427,-0.0277970312636843,-0.0270050433049948,-0.0275649465101413,-0.0286668500512055,-0.028101358046255,-0.0268283702230242,-0.0248642246733186,-0.0238387571224675,-0.0246445270057422,-0.0275244752368091,-0.0263614815555061,-0.0282095258613406,-0.0316336884419799,-0.0329623236109228,-0.0340177641258189,-0.03427833586455,-0.0330597187392115,-0.0316630363276863,-0.0306191495982998,-0.0342153051199612,-0.037954316286012,-0.040225512668674,-0.0428046333704236,-0.0454666373309947
756,"CHE","Switzerland",NA,NA,NA,NA,NA,NA,NA,NA,NA,-0.0403437442120004,-0.0380448214862564,-0.0316405379940661,-0.0263642138227979,-0.0235583744536255,-0.0212113895015457,-0.0182063755623727,-0.0179159575418772,-0.0195711449496435,-0.0190302591188821,-0.0187737131647842,-0.0207974225855039,-0.0235715132703564,-0.0272793869684544,-0.0268367290172928,-0.0267514391498072,-0.0276744086931259,-0.0300894026791797,-0.0326742407539613,-0.0340161964390797,-0.0368820539101363,-0.0437493416817196,-0.0528297720596029,-0.0582542571671031,-0.0600116157030587
760,"SYR","Syria",NA,NA,NA,NA,NA,NA,NA,NA,NA,0.0257420489459697,0.0193646150216018,0.0154837030853177,0.0114969054909166,0.00776159998404524,0.00735584947780987,0.0186493153912197,0.0308740287939899,0.0426809325314135,0.0543353088592775,0.0491687054080703,0.0369465356371685,0.0208426238319768,-0.0064800170557359,-0.0219050990983774,-0.023487017905966,-0.0172518727348159,-0.0127848431780178,-0.00753479928533374,-0.002049910964029,-0.00121829591842124,-0.00117785172763014,-0.00184324190265907,0.000942159261054565,NA
158,"TWN","Taiwan",NA,NA,NA,NA,NA,NA,NA,NA,NA,0.0196422102511926,0.00724995181173704,-0.00667975092384754,-0.0153421195600441,-0.022258850191719,-0.0266535357966534,-0.0294813160337292,-0.0342159919018331,-0.0408932485488865,-0.049493886694617,-0.0576937672152518,-0.0599891937616706,-0.0596477740864491,-0.057499742504875,-0.0540084588537939,-0.0477227180557374,-0.0411713126098017,-0.0335589029879388,-0.0297157077471627,-0.0332222484926116,-0.0418559298707909,-0.0507088557895121,-0.0592205062022659,-0.0669306950076124,-0.0706866394964731
762,"TJK","Tajikistan",NA,NA,NA,NA,NA,NA,NA,NA,NA,-0.00235734878762571,-0.00228141083217781,-0.00520457272057862,-0.00953029739472492,-0.00592866307019519,0.00432207500323889,0.0114511850674952,0.0200576581419392,0.0355083899982322,0.0527552758187106,0.0583069568002534,0.0571108975115786,0.0539774064967102,0.0512851886274959,0.0465292635672712,0.0431242810691448,0.0411736261746034,0.036511304850791,0.0390130820381636,0.0485761682901122,0.0487362673925937,0.0472219070812159,0.0485446347501524,0.046872345687927,0.0424954116800633
834,"TZA","Tanzania",NA,NA,NA,NA,NA,NA,NA,NA,NA,0.0381729672176658,0.039230772381829,0.036926647983947,0.0359433981118549,0.0348697547055228,0.0437399942214569,0.0541397047124501,0.0621385976262849,0.0611336084633762,0.0561842936838097,0.0464858128132639,0.0421857167558182,0.0398161854749137,0.0433785005011416,0.0470184476391873,0.0506258055638329,0.0552733140524633,0.0565457475287423,0.0487389463730232,0.0409981657516778,0.0299475767619133,0.0189293852832295,0.0155268324524316,0.0186162189843118,0.0243883877039524
764,"THA","Thailand",NA,NA,NA,NA,NA,NA,NA,NA,NA,0.0624129171581995,0.0520396177768483,0.0408002347086145,0.0322890621039269,0.0276227797333437,0.0196904055324156,0.0156238552441215,0.015205959761261,0.0160019643048785,0.0151417279720574,0.0143147496269067,0.0142137578605128,0.0144170197124982,0.0174595861509834,0.0217296364420214,0.0217234545394505,0.0208789737573642,0.0217473097091019,0.0241635688114614,0.0264820227494449,0.0274017493479826,0.0253031686084826,0.0191158896596524,0.0187592134716168,0.0201486411493828
626,"TLS","Timor-Leste",NA,NA,NA,NA,NA,NA,NA,NA,NA,0.0605540153390833,0.0572270006810867,0.0502898118043291,0.0820140486606791,0.133934434994807,0.178626054864825,0.206092501756632,0.215849611326544,0.202496675445391,0.175163986008846,0.135176694365628,0.0886648527963272,0.0261583894223827,0.00660414427245226,0.0271797560682572,0.0551483283645153,0.0784923513084597,0.0940433630890019,0.0943761088817587,0.0927000456309044,0.0839549899749878,0.0629413245882267,0.0343869153698366,0.00871022887195649,-0.000399967118763889
768,"TGO","Togo",NA,NA,NA,NA,NA,NA,NA,NA,NA,0.0431344010255028,0.0505851551615444,0.0519781229324412,0.0395854813292489,0.0221687428901212,0.0215302752377478,0.0169757310458656,0.0262029692748358,0.0206850666670051,0.0319375349402029,0.0736115061240643,0.0905734511456362,0.0929244927385771,0.0841647528872091,0.0651648320813913,0.0344323062440686,0.0153969106926715,-0.00756312256775948,-0.0347622707653855,-0.038900929698007,-0.0165211946753018,0.00999590859225763,0.0342413039817995,0.0540114618145469,0.0563208961869111
776,"TON","Tonga",NA,NA,NA,NA,NA,NA,NA,NA,NA,0.0410927012418623,0.034178688738322,0.0335835542645542,0.0264690313581488,0.0258826113795605,0.0225082124504079,0.0165232096236836,0.0161356304867446,0.00534758105919275,0.00178958888983183,-0.000257713305708201,-0.00464300282511187,-0.0241349545187863,-0.0413885988134681,-0.0413525938262355,-0.0383516464852419,-0.0309688030463706,-0.0167028226159591,-0.0159899826927753,-0.00826939923501158,0.000202241964778727,-0.0019664775691971,-0.0084685815181027,-0.0150480988437242,-0.02040056717143
780,"TTO","Trinidad and Tobago",NA,NA,NA,NA,NA,NA,NA,NA,NA,0.02311029895366,0.0227765006055338,0.0254789824661159,0.0272641425030609,0.0259689319220366,0.0249225200393248,0.0307042281974801,0.0357784584011573,0.0426742831086557,0.0461238768225325,0.0466326993630051,0.0457731359248068,0.0423011361205194,0.0317379229815693,0.0206129541266757,0.00946677395595175,0.00406539558224317,-0.00747485545958515,-0.0142011240075095,-0.022078515685345,-0.0222473596972245,-0.0117593377398636,-0.00225230008141759,-0.00118071785732451,-0.00107619735647602
788,"TUN","Tunisia",NA,NA,NA,NA,NA,NA,NA,NA,NA,0.0145219361604128,0.0166393109193104,0.0201523070100769,0.0227075789999078,0.0248491813659288,0.0232726964722065,0.0184067955558678,0.0167100048296192,0.0168787519174927,0.013470912322038,0.0131431126911195,0.0203377513456211,0.0220763503908277,0.0219316957583231,0.0170404962172355,0.0149300594966164,0.0119347464447093,0.0110028717792734,0.0137422903758517,0.0110381395719239,0.00783730441818054,0.00817165390783159,0.00823547152889148,0.00748987093634201,0.00385168836013849
792,"TUR","Turkiye",NA,NA,NA,NA,NA,NA,NA,NA,NA,0.0282619878301835,0.0256893836789842,0.0170424730506633,0.00843993744585991,0.0021845440270567,-0.00407857365161735,-0.00304024131897707,0.002045086013444,0.0083020025429128,0.0101328315820666,0.00766529870149313,0.00411389805250995,-0.000677479631630471,-0.00770326531400289,-0.014990225760066,-0.0195595211074556,-0.0191201792163693,-0.0140515638505219,-0.00116936823551629,0.00852191696067894,0.0116175842090067,0.00680487158460519,0.00429073820590253,-0.00250914612913289,-0.0151631996506094
795,"TKM","Turkmenistan",NA,NA,NA,NA,NA,NA,NA,NA,NA,0.0260302118305213,0.0713999340860745,0.101066983017708,0.107323852805164,0.131167148262356,0.14782070389022,0.111783004205373,0.0743939764971928,0.0422481329195172,0.0120511682510768,-0.024721243321196,-0.0327546213402565,-0.0185331239371782,0.0025058613811566,0.0311283008931176,0.0615664924387271,0.0651451049239682,0.0689980971068926,0.0619802260850157,0.053160653553129,0.0222682912330712,0.00140730513931331,-0.00560659940431718,0.00526790967195145,0.00730157722490166
796,"TCA","Turks and Caicos Islands",NA,NA,NA,NA,NA,NA,NA,NA,NA,NA,NA,NA,NA,NA,NA,NA,NA,NA,NA,NA,NA,NA,NA,NA,NA,NA,0.03391349260028,0.0263482881326376,0.0227047480799056,0.0231923009255666,0.0254447818415691,0.0114085264980763,0.000216418514685346,-0.00215530981272564
798,"TUV","Tuvalu",NA,NA,NA,NA,NA,NA,NA,NA,NA,NA,NA,NA,NA,NA,NA,NA,NA,NA,NA,NA,NA,NA,NA,NA,NA,NA,NA,NA,NA,NA,NA,NA,NA,NA
800,"UGA","Uganda",NA,NA,NA,NA,NA,NA,NA,NA,NA,0.0381356224834617,0.0361763375557962,0.0349508735228836,0.0362109457996029,0.0377098844238166,0.0359380604034716,0.0385381445545927,0.0456227708399088,0.0525815514098322,0.0622996709080899,0.0719693377040624,0.0738150534427082,0.0740475175465147,0.0703665734793617,0.0657405391795696,0.0598232997006087,0.0548104495271913,0.0483910548551276,0.0409324965958757,0.0419493240246909,0.042479296117252,0.0382097702008231,0.0380001229401328,0.0335670731696247,0.0273541831929351
804,"UKR","Ukraine",NA,NA,NA,NA,NA,NA,NA,NA,NA,-0.00444548166004021,-0.00259143159366004,-0.00410075920741812,-0.0109288999252124,-0.0251250541539397,-0.0283219608649639,-0.0162748747574333,-0.0125881652010249,-0.000416687417982943,0.00649000498938967,-0.00183418916326402,-0.00961558663652136,-0.0156798923655251,-0.020778825923036,-0.0140673558193456,-0.0100804677517929,-0.00372441785451202,-0.0024548721893602,-0.00423439928304278,-0.00948432819295693,-0.0145075471027407,-0.0190265073067256,-0.0282224924511785,-0.0264668835313748,-0.0305333945245147
784,"ARE","United Arab Emirates",NA,NA,NA,NA,NA,NA,NA,NA,NA,0.038411892901792,0.0298013719043018,0.0328427126968991,0.0315832833199003,0.0291758175076116,0.0262446258721403,0.0261826862982408,0.0252398453401548,0.0288448939833243,0.0376236069482641,0.0456072402361503,0.0487013047392248,0.0554232486404356,0.0623262118012005,0.0681079549431871,0.0660977314829694,0.0609120342224094,0.0509989316201114,0.0358861719421235,0.0174422695499727,0.00727677276363847,-0.000399316054968956,-0.0078898524740082,-0.0121109882165534,-0.0109111221424695
826,"GBR","United Kingdom",NA,NA,NA,NA,NA,NA,NA,NA,NA,-0.0383654427631469,-0.0400589477088638,-0.0395776945031947,-0.0395735183261463,-0.0375577690879074,-0.0343040947293519,-0.0290274941019146,-0.0233404818010355,-0.0215177088355185,-0.0250845422444532,-0.0354175952655847,-0.0439185455372851,-0.0523274426300001,-0.0570114939607546,-0.0587446879328629,-0.0604462614694213,-0.0577106795243818,-0.0543947795737606,-0.0486685920548282,-0.0464065647852401,-0.0494616839366601,-0.0579574452381344,-0.064331032974814,-0.0621378238380673,-0.0597546202690656
840,"USA","United States of America",NA,NA,NA,NA,NA,NA,NA,NA,NA,-0.0116652428160291,-0.0146122188803649,-0.0194144138357781,-0.0245182139547775,-0.0285367558839906,-0.0322913008067456,-0.0338249754893015,-0.0358862824125115,-0.0355944815226813,-0.0366271195324661,-0.0452011993049491,-0.0491913957841328,-0.0501873794646468,-0.0528699655095889,-0.0526806497410542,-0.0524675609977968,-0.0500728851439616,-0.04803187094353,-0.0450452662746824,-0.0412750657376852,-0.0445011325157607,-0.0516843141671718,-0.0504552495271203,-0.0477946150623505,-0.0438754144833519
858,"URY","Uruguay",NA,NA,NA,NA,NA,NA,NA,NA,NA,0.0269800872089876,0.0143657734608773,0.00775506741157983,-0.00126382680945942,-0.00400491465192119,-0.0052238520662624,-0.00641136907943347,-0.00308718712267168,-0.0029548149050108,0.0202026939438869,0.0543569302603795,0.0627178841704286,0.0724882748209907,0.0688206008193544,0.05346738054906,0.0412366627451144,0.0277916711634318,0.0141435671814294,-0.00473643297390614,-0.00135081861694697,0.0115073998934654,0.0036770774932775,0.0100126468603841,0.0138274969060113,0.0131743673502169
860,"UZB","Uzbekistan",NA,NA,NA,NA,NA,NA,NA,NA,NA,-0.000295994991178502,0.00986400857450143,0.0207453920742655,0.02330779685413,0.0185112019840519,0.0131829505718957,-0.00178213830382523,-0.00774855090715909,-0.0163960813793183,-0.0167350670832507,-0.0209714891277867,-0.0188587473933434,-0.0147741566279209,-0.0172311740717441,-0.0238248474627862,-0.0333300980500505,-0.0437837892346121,-0.0442704268419053,-0.0408845985381152,-0.0250067639497168,-0.0114929683148598,0.00927889193974418,0.0324975627786162,0.0470559963163428,0.0549123352055081
548,"VUT","Vanuatu",NA,NA,NA,NA,NA,NA,NA,NA,NA,0.0302450191879848,0.0509022954130114,0.068670000667165,0.0833090587407213,0.0968314629382478,0.0871596074686631,0.0715139592778793,0.0516060060563333,0.0435574410634145,0.0289647597333413,0.0125939581724155,0.0140545910610674,0.0213437408928581,0.021750839725839,0.0271802973544693,0.0267162459935681,0.0221778524456715,0.00815768434798048,0.00522923161032729,0.00290565036336021,0.00178855988368509,-0.00570620526551868,-0.00776797222105563,-0.0160409772315574,-0.022376300870335
862,"VEN","Venezuela",NA,NA,NA,NA,NA,NA,NA,NA,NA,NA,NA,NA,NA,NA,NA,NA,NA,NA,NA,NA,NA,NA,NA,NA,NA,NA,NA,NA,NA,NA,NA,NA,NA,NA
704,"VNM","Viet Nam",NA,NA,NA,NA,NA,NA,NA,NA,NA,0.0816638909520484,0.0806250349905124,0.0739931721916995,0.0650005028580636,0.0600690246765534,0.0595395587265748,0.0569513027737774,0.0533956081578659,0.0542257946423137,0.0561897787038839,0.0545509530731307,0.0548459137339805,0.0503768662424111,0.0431165446188888,0.033397809812161,0.0320205490047183,0.0466350877167372,0.0600829909523568,0.0694550512272702,0.0825678355460642,0.0971759204794391,0.103967953704858,0.0984238815197396,0.0841918065497775,0.0684176676367529
876,"WLF","Wallis and Futuna Islands",NA,NA,NA,NA,NA,NA,NA,NA,NA,NA,NA,NA,NA,NA,NA,NA,NA,NA,NA,NA,NA,NA,NA,NA,NA,NA,NA,NA,NA,NA,NA,NA,NA,NA
732,"ESH","Western Sahara",NA,NA,NA,NA,NA,NA,NA,NA,NA,NA,NA,NA,NA,NA,NA,NA,NA,NA,NA,NA,NA,NA,NA,NA,NA,NA,NA,NA,NA,NA,NA,NA,NA,NA
887,"YEM","Yemen",NA,NA,NA,NA,NA,NA,NA,NA,NA,0.0488993255294676,0.039693819774588,0.0470013878651792,0.0525143279874349,0.0529815388894517,0.0527163364170604,0.0564719626503438,0.0528519714132296,0.0491559051064026,0.0444765341500049,0.0409288389295519,0.0279646649609691,0.0105863711827281,-0.0117002351882685,-0.0137214619982305,-0.0171484488493974,-0.0136106392777709,-0.0100224934986418,-0.00632460896834718,-0.00379695632820958,-0.00174483446654446,-0.00177859361126098,-0.00176710717958568,-0.000817450521120602,-0.000712871116330499
894,"ZMB","Zambia",NA,NA,NA,NA,NA,NA,NA,NA,NA,-0.0129148595079452,0.000933914190767604,0.0198893511615621,0.0417861689025889,0.0571739901459474,0.0695774001280172,0.0731932179863961,0.0619332070363787,0.0500802613638915,0.0351325409086631,0.0170361735644062,0.0189510079083444,0.020281835205991,0.027178315930952,0.0356962859136125,0.0480796569004085,0.0550156513724502,0.0550852933412533,0.0467631784874649,0.0371876205021522,0.031643147064208,0.0286818475655621,0.0276031702405377,0.0262664257031324,0.0231168526562873
716,"ZWE","Zimbabwe",NA,NA,NA,NA,NA,NA,NA,NA,NA,0.00208603105861877,-0.00261225996309955,-0.00724573666340333,-0.0105023518945098,-0.0116103742805023,-0.00652096042943185,-0.00382696698936615,-0.00396219149424404,-0.00384446309866267,-0.00340280957684817,-0.00184350780020555,-0.00182563555085643,-0.00121072447140275,0.0142339712150523,0.0349252892532907,0.0491404910703761,0.061916019684636,0.0554852043433827,0.0445559559404649,0.0275586239481598,0.00202565707540292,-0.0207855541367471,-0.0260914177516336,-0.0163957064788908,-0.00501541874375463
