"code","iso","country","NXR.raw.1990","NXR.raw.1991","NXR.raw.1992","NXR.raw.1993","NXR.raw.1994","NXR.raw.1995","NXR.raw.1996","NXR.raw.1997","NXR.raw.1998","NXR.raw.1999","NXR.raw.2000","NXR.raw.2001","NXR.raw.2002","NXR.raw.2003","NXR.raw.2004","NXR.raw.2005","NXR.raw.2006","NXR.raw.2007","NXR.raw.2008","NXR.raw.2009","NXR.raw.2010","NXR.raw.2011","NXR.raw.2012","NXR.raw.2013","NXR.raw.2014","NXR.raw.2015","NXR.raw.2016","NXR.raw.2017","NXR.raw.2018","NXR.raw.2019","NXR.raw.2020","NXR.raw.2021","NXR.raw.2022","NXR.raw.2023"
4,"AFG","Afghanistan",NA,NA,NA,NA,NA,NA,NA,NA,NA,NA,NA,NA,NA,NA,NA,NA,NA,NA,NA,0.975898449181405,0.985589038577186,0.987939041627937,0.98749990029862,0.932359203041499,0.857459853548788,0.797130507221404,0.659432885330805,0.417067656891987,-0.124891089991076,-0.562973345648918,-0.65567487355239,-0.351006498697774,0.0518540976475219,-0.0503601760083196
8,"ALB","Albania",NA,NA,NA,NA,NA,NA,NA,NA,NA,0.540069118954857,0.633362319867738,0.820628084881709,0.888548711190848,0.91287989823271,0.931148094803707,0.903549886459331,0.848287782778066,0.633700071694583,0.208187248852027,-0.210960522266197,-0.613095196306746,-0.82225999278443,-0.88490807866273,-0.90630552331472,-0.733513626407443,-0.583879676137992,-0.473937797361427,-0.520701742506359,-0.54381808582037,-0.664864080004996,-0.656344460726766,-0.706633686578593,-0.827832162902379,-0.867904241616844
12,"DZA","Algeria",NA,NA,NA,NA,NA,NA,NA,NA,NA,-0.666983360768394,-0.578185266096056,-0.458663258519056,0.214358478822232,0.735706430271997,0.908773850680732,0.968719242681104,0.967459291505909,0.962576349466714,0.967358584603618,0.961136819648059,0.967891849419463,0.969430302222816,0.980984663313574,0.989540349733654,0.991538339469677,0.99334261490884,0.976044644244517,0.953421703604741,0.942886309373447,0.926575012868477,0.890953793892918,0.860481522545059,0.807878012875973,0.570036452074979
20,"AND","Andorra",NA,NA,NA,NA,NA,NA,NA,NA,NA,NA,NA,NA,NA,NA,NA,NA,NA,NA,NA,NA,NA,NA,NA,NA,NA,NA,NA,NA,NA,NA,NA,NA,NA,NA
24,"AGO","Angola",NA,NA,NA,NA,NA,NA,NA,NA,NA,-0.0384320359015865,0.252889383776247,0.488553020106413,0.710025236430317,0.782657840854573,0.916711367777488,0.829327134243074,0.853091443501269,0.892716486891811,0.928462517942154,0.911734430960369,0.920622145865367,0.924716434695507,0.930120998400811,0.954283239770598,0.982169926194769,0.985960470398792,0.989486008755711,0.966285196930022,0.880814646779112,0.845530442006227,0.624074317419539,0.667138872081982,0.745014662437861,0.7284614159301
660,"AIA","Anguilla",NA,NA,NA,NA,NA,NA,NA,NA,NA,NA,NA,NA,NA,NA,NA,NA,NA,NA,NA,NA,NA,NA,NA,NA,NA,NA,NA,NA,NA,NA,NA,NA,NA,NA
28,"ATG","Antigua and Barbuda",NA,NA,NA,NA,NA,NA,NA,NA,NA,0.955493012057574,0.232497254725208,-0.121451993753579,-0.34399024935689,-0.506608841135158,-0.481312968427683,-0.206375966104751,0.233049945809622,0.639523637704792,0.860153420205275,0.843892168945583,0.651351631278353,0.544193045663633,0.373896363196478,0.0888462525309967,-0.245416738446281,-0.499596591474461,-0.434855524329396,-0.091072084409571,0.528095214087228,0.530314242244696,0.613110699740228,0.540809683254805,0.536123851734851,0.549745105409346
32,"ARG","Argentina",NA,NA,NA,NA,NA,NA,NA,NA,NA,0.967077014421283,0.960860992196319,0.93577367711718,0.826191575992071,0.754261956488588,0.779521621860123,0.848295971834636,0.931100559579839,0.968318528508217,0.980294137176243,0.978387627860747,0.989248078563456,0.990725335892517,0.987986990432034,0.981587577634104,0.982916767559462,0.980406330646574,0.959400582397364,0.958190582551668,0.943353381233424,0.766897328043463,0.916204944291246,0.916161808111208,0.916760945843602,0.889088869430087
51,"ARM","Armenia",NA,NA,NA,NA,NA,NA,NA,NA,NA,0.788484023159976,0.495575046603956,-0.375139833811368,-0.231972602386363,0.718394701014,0.760994964848981,0.786610973992617,0.71025900056671,0.802971972563591,0.843954088434331,0.841933249440721,0.862156704567334,0.888978760453879,0.854822432570941,0.831610900181132,0.833760723901536,0.883758893321933,0.866406475589408,0.892731979136689,0.90846893795026,0.952767807512769,0.922922718127928,0.918681575258636,0.840572727800988,0.738694555266454
533,"ABW","Aruba",NA,NA,NA,NA,NA,NA,NA,NA,NA,0.607190471001211,0.368389342724973,0.265419870769373,0.0968492885502452,0.0282203523196804,0.081424700806625,0.290257205587577,0.0834805342328743,0.39243397970549,0.673791856969161,0.58993168868708,0.191817045677083,0.163332083430323,0.0182024716009387,-0.0743632543819216,0.0182257971771665,0.135799784469732,0.216393476610519,0.287999972537429,0.335562719232316,0.488450240977735,0.620405032476529,0.82626386780368,0.875416419993852,0.875405164879688
36,"AUS","Australia",NA,NA,NA,NA,NA,NA,NA,NA,NA,-0.0561088175063344,0.0159000205200298,-0.103744218779391,-0.384491964645459,-0.685459677788207,-0.894720880412619,-0.967474497967243,-0.971443009128783,-0.97622672978765,-0.960323551723892,-0.953654965823804,-0.951234149163526,-0.946222376776836,-0.948080838371713,-0.963790217835933,-0.958402082553592,-0.952153212748272,-0.955142452649934,-0.935490434451386,-0.961870571220051,-0.956738934141958,-0.862459107120018,-0.868479094553574,-0.903807722203114,-0.900884251302079
40,"AUT","Austria",NA,NA,NA,NA,NA,NA,NA,NA,NA,-0.166701074425973,0.0149892407209692,0.584488253520562,0.775553963646606,0.840356985524842,0.854204291443704,0.855721353682311,0.886995755162231,0.686222559782075,0.324390414638013,-0.1288986418897,-0.483996995651976,-0.687658706953573,-0.812288759762186,-0.844644551506768,-0.853890320752249,-0.806648832167299,-0.770486567695454,-0.878982006127306,-0.985041193275501,-0.995446667645737,-0.739448597204378,-0.749333739686639,-0.804632488090023,-0.813350988300404
31,"AZE","Azerbaijan",NA,NA,NA,NA,NA,NA,NA,NA,NA,0.885651622677472,0.786864727257813,0.399226174903849,-0.332689540071991,-0.730923751114135,-0.756786549893178,-0.513365583726164,-0.169960999097517,-0.2511844613004,0.0658354003195233,-0.320418568042321,-0.339078498919149,-0.375419377242934,-0.395116621095417,-0.304124588593669,-0.233343442423353,-0.09298994195866,0.207285814148448,0.113435494693578,0.505554480702312,0.45057186624351,0.273868224850331,0.227088306091326,0.650560331275186,0.814782304414608
44,"BHS","Bahamas",NA,NA,NA,NA,NA,NA,NA,NA,NA,0.846341502637755,0.610003307537193,0.398564486720538,0.164973840009351,-0.310679651126851,-0.628479739839597,-0.787830437631754,-0.730631307512741,-0.442377330438241,0.0974744985060986,0.52418039242433,0.539519534430576,0.546011106616149,0.528508914340991,0.393964440265833,0.247169725274345,0.23975164415049,0.317755754374585,0.278686766784957,0.348000003317787,0.325398411869142,0.39040911135577,0.511611355218093,0.731798539202236,0.747295948919704
48,"BHR","Bahrain",NA,NA,NA,NA,NA,NA,NA,NA,NA,0.329337009298081,-0.16072630831867,-0.763071246983666,-0.839385885410248,-0.606093886810006,-0.214013427720322,0.599701844072896,0.868335657007885,0.948242368459935,0.980529461161386,0.97523286100001,0.957061591037948,0.92196121298811,0.889624736819146,0.862895625150411,0.901861090958726,0.889539348795257,0.911760918421262,0.926561013215353,0.965353607972919,0.969893039133427,0.958082020936858,0.927590044386095,0.888056673428015,0.8858862942346
50,"BGD","Bangladesh",NA,NA,NA,NA,NA,NA,NA,NA,NA,0.990006060103133,0.980518030871007,0.975931920542276,0.975449207802964,0.977781747447278,0.976938973832934,0.983781154559813,0.984395521937978,0.980572468219334,0.979414246952638,0.980755330446006,0.993299631937857,0.991099343010813,0.992296733891265,0.987334803093467,0.984979557095847,0.97757281532734,0.975885329468566,0.981457080750899,0.987482112414168,0.993340341479151,0.969031425210196,0.963990514816592,0.964842951766822,0.96991397713184
52,"BRB","Barbados",NA,NA,NA,NA,NA,NA,NA,NA,NA,0.357844354391064,-0.0309173984207983,-0.121412174417592,-0.208011734614113,-0.297623081220916,-0.47776487430061,-0.538306286414412,-0.418930003388159,-0.121057162699319,0.41068411386362,0.740392612364896,0.615753814781916,0.566197509729877,0.508179990474371,0.35145613237073,0.284931916856372,0.314993796629977,0.449166414573118,0.667637328829383,0.693559942047491,0.521193801934334,0.505619269760889,0.653312888237835,0.713147256157874,0.930103012430317
112,"BLR","Belarus",NA,NA,NA,NA,NA,NA,NA,NA,NA,0.844474918549418,0.612813998149133,0.0225669428209711,-0.535514719885991,-0.912977382479086,-0.894191594712435,-0.769062757040797,-0.461793209606276,-0.165836938646986,0.58520647188606,0.858457585796054,0.928039912405339,0.882479048485023,0.841361105850074,0.71756594046462,0.299311654919154,-0.228463615016756,-0.278169688479684,-0.422775116152027,-0.301611336908389,-0.316816704896987,-0.168452938552262,-0.266693571646397,-0.15851652038702,-0.326660327434622
56,"BEL","Belgium",NA,NA,NA,NA,NA,NA,NA,NA,NA,-0.81718448184575,-0.928011772868971,-0.964744443854315,-0.965548108967905,-0.98391775994781,-0.962850113448786,-0.957986844770609,-0.958367504391658,-0.961285099932424,-0.948549444245489,-0.874193913292879,-0.87476648953381,-0.881350693797764,-0.903855193056993,-0.926549719106855,-0.916066530321275,-0.880697759203697,-0.846065892328306,-0.90957339460212,-0.965788157863585,-0.962473098322248,-0.844604811884006,-0.858854511254738,-0.86123792785591,-0.864884557448822
84,"BLZ","Belize",NA,NA,NA,NA,NA,NA,NA,NA,NA,0.77457827756336,0.407034818837123,0.0493447031714209,-0.240063315919023,-0.439164025067942,-0.667293794286322,-0.756736914109889,-0.741142549786296,-0.649113943775738,-0.585073309425345,-0.197722401910845,0.289580736259848,0.374225648172713,0.576736626184639,0.553316626694131,0.395316849564645,0.268124394307515,0.245297372386775,0.262690850661539,0.10163165372042,-0.249969784712437,-0.433724193814338,-0.218098897649015,0.378368576451162,0.435410369167603
204,"BEN","Benin",NA,NA,NA,NA,NA,NA,NA,NA,NA,0.897794100559345,0.762433681319106,0.657564827232068,0.622272264764242,0.623083957408324,0.593700696519547,0.565665086569426,0.689630763795712,0.841415255651469,0.943629935196985,0.986870189630316,0.990099994880102,0.99143647428197,0.984733912840924,0.973808062143362,0.978082057158108,0.975648669525944,0.960740729686255,0.968434509445987,0.974721848960842,0.954859870953341,0.95259854345408,0.588783361465827,0.17164436644651,-0.271575355598128
60,"BMU","Bermuda",NA,NA,NA,NA,NA,NA,NA,NA,NA,0.122267901856421,-0.454915129385906,-0.641868388685769,-0.818436848144198,-0.824009752337183,-0.826480504148956,-0.755854953457642,-0.316393621674523,0.271390614916527,0.598136480310341,0.906000249391083,0.678725209494747,0.675606785011621,0.637497448191081,0.599054331745771,0.393528045382181,0.312016416714598,0.291660380886561,0.175716355712699,-0.0141500463659459,-0.0541587346015492,-0.656941808952373,-0.321228817324252,-0.0408362538699783,-0.0865455053430807
64,"BTN","Bhutan",NA,NA,NA,NA,NA,NA,NA,NA,NA,0.813313307820092,0.851412771859921,0.908732991827112,0.965469993908415,0.935613781055591,0.884456327521605,0.924058407470312,0.939913586711496,0.926737312172748,0.938250049844336,0.9453890730262,0.947787803736722,0.955276670668281,0.969129596473666,0.97278045960462,0.962649702075587,0.967633943380332,0.924801392190686,0.869728490841492,0.82550315635748,0.815358012769339,0.782972191634757,0.722744263818551,0.60246476544176,0.621760548603625
68,"BOL","Bolivia",NA,NA,NA,NA,NA,NA,NA,NA,NA,0.813397123579299,0.80827595429075,0.797552094255315,0.764959411125311,0.74545250286152,0.793379739781356,0.927578655376466,0.96052463534888,0.968941189090971,0.97616704481794,0.992631283102098,0.990114330651223,0.990980573541828,0.989240478544584,0.991345640154836,0.991450520972294,0.978313599128614,0.969705770517476,0.964958501107151,0.971169951377512,0.977502942730689,0.932584211739952,0.90016952109578,0.878125205540852,0.903371671028607
70,"BIH","Bosnia and Herzegovina",NA,NA,NA,NA,NA,NA,NA,NA,NA,-0.409071898048544,-0.246245465588296,0.026381619217719,0.430025848435967,0.956658156283169,0.957644805469095,0.964335540171113,0.935615785598078,0.901155004210558,0.888632475554898,0.665281374937975,0.319904587292153,0.123858009283884,-0.120302843057506,-0.351059336962793,-0.5084535961451,-0.673038335997162,-0.616721828896967,-0.54225928743276,-0.768818444623456,-0.820026763758386,-0.820068189619573,-0.837176208859862,-0.832357665658166,-0.83644797375612
72,"BWA","Botswana",NA,NA,NA,NA,NA,NA,NA,NA,NA,0.850548844607328,0.886436093108262,0.888892594723705,0.915057298983515,0.909621380633714,0.863112428110664,0.849000854484932,0.785385500375392,0.882798589477231,0.863881475013569,0.806388959372749,0.573727958057999,0.569693835695041,0.430228136125492,0.571114483885405,0.628269289562068,0.662779249510131,0.543123608706803,0.48960867560045,0.686102392135107,0.704060954951044,0.304842047230705,-0.0343284937016988,-0.508708052499515,-0.551556573272143
76,"BRA","Brazil",NA,NA,NA,NA,NA,NA,NA,NA,NA,0.987895330012494,0.940652404998061,0.912958930313348,0.863449596699928,0.79077446441091,0.793644076157717,0.815927407485192,0.848068443116487,0.905246286461425,0.954545127302934,0.977360208772815,0.986689817931418,0.986867494094601,0.987675638630663,0.987424872707394,0.983426488879393,0.978681439642354,0.94716794410831,0.886415812775399,0.747860162915589,0.456507409853432,0.625433333353136,0.546771388209207,0.301022189993765,-0.02647943922311
92,"VGB","British Virgin Islands",NA,NA,NA,NA,NA,NA,NA,NA,NA,NA,NA,NA,NA,NA,NA,NA,NA,NA,NA,NA,NA,NA,NA,NA,NA,NA,NA,NA,NA,NA,NA,NA,NA,NA
96,"BRN","Brunei Darussalam",NA,NA,NA,NA,NA,NA,NA,NA,NA,0.569411824609085,0.485225231345638,0.518131337044447,0.402316914226565,0.565109663402114,0.60947613373533,0.622082339144626,0.75613380552404,0.828636094883033,0.713220697873296,0.281740155985742,0.0107217476943477,-0.203900777267518,-0.254302059778075,-0.237290696286336,-0.268630448567215,-0.212778536366609,0.0732467922442084,0.507144274850224,0.492602593556423,0.563502936587479,0.459488845150493,0.464192305930916,0.518197930272559,0.651455103003227
100,"BGR","Bulgaria",NA,NA,NA,NA,NA,NA,NA,NA,NA,0.861654732392762,0.907805018261168,0.823330081794957,0.77495419493705,0.768648016311223,0.680562329419422,0.734189213586967,0.14990031728555,-0.0571319069133966,-0.219480967919953,-0.534299293552646,-0.673179349237246,-0.801022326326332,-0.829651646860787,-0.773367074748178,-0.753652291026066,-0.670051468499095,-0.731950302213519,-0.736588002736508,-0.821793766442138,-0.814035207899335,-0.81587491472675,-0.857281773632053,-0.823020091653979,-0.852778969152414
854,"BFA","Burkina Faso",NA,NA,NA,NA,NA,NA,NA,NA,NA,0.961161176311843,0.962586179435569,0.968789299742859,0.970815985750668,0.969208082523608,0.969265742199608,0.965154908326638,0.962083297094933,0.95513754412273,0.960411677590226,0.963358925093913,0.963474776581698,0.96880732586405,0.974921484045383,0.982161310131149,0.982435939137611,0.983490698232416,0.987820781621121,0.991112456250973,0.991562028705569,0.982372347975374,0.976334780303734,0.960844445565814,0.961264363812555,0.941846372995774
108,"BDI","Burundi",NA,NA,NA,NA,NA,NA,NA,NA,NA,-0.847310978555374,-0.925000054644207,-0.900873707106363,-0.813047671020452,-0.64637069364235,0.311157279688441,0.748325730266071,0.862675717824894,0.888071970117872,0.878321454523304,0.875567502956613,0.925753924072889,0.943027284749461,0.950684665557089,0.957217944518087,0.95495894903482,0.952269903702578,0.95031699512122,0.983173627349099,0.9772572771788,0.976312598704572,0.974169259113176,0.965127468693097,0.963519702123305,0.94213973496965
132,"CPV","Cabo Verde",NA,NA,NA,NA,NA,NA,NA,NA,NA,0.957467701770053,0.761273376000648,0.812658746337147,0.863475043671337,0.90296757923047,0.929835337395618,0.943213759085911,0.967508550276021,0.975039383918943,0.956851419994148,0.959480634963297,0.958042977010001,0.95370199916747,0.938890056219172,0.89470771425756,0.875275368802641,0.750446002774641,0.797456710223237,0.928934084212125,0.948399030754468,0.932708675285402,0.642567149956546,0.54670263876878,0.580364250858299,0.56808173254433
116,"KHM","Cambodia",NA,NA,NA,NA,NA,NA,NA,NA,NA,-0.0864663944162317,0.215556110969189,0.499537427560005,0.747227757699003,0.969386550814496,0.950243862129402,0.940555924656584,0.950454950675339,0.976671728794911,0.982244804859327,0.962282241297259,0.955441092012447,0.965771494386636,0.97735464067241,0.975432845116675,0.978121827413547,0.980421003564912,0.978880730788566,0.982437234733481,0.984062170666189,0.979009775984088,0.935835884775253,0.938614640685069,0.942696379774199,0.937001562239325
120,"CMR","Cameroon",NA,NA,NA,NA,NA,NA,NA,NA,NA,0.0108541195737855,0.318737771302477,0.567201155668092,0.771025394809124,0.818885338306957,0.899969080242389,0.943613826786789,0.971167983780756,0.973052640438912,0.98026451306948,0.928382414094124,0.929223092334286,0.942588753804729,0.960980809139934,0.965365930203852,0.9643542266615,0.922422904682259,0.897450172006948,0.887781290029346,0.937648364200551,0.916063167182989,0.87423751938161,0.792780871836057,0.688499860396424,0.33787483279188
124,"CAN","Canada",NA,NA,NA,NA,NA,NA,NA,NA,NA,0.931900430405191,0.854588701029664,0.677672419978857,0.411938583483861,-0.0661070345972008,-0.592421717080689,-0.838686205013441,-0.928483743885778,-0.962596914682369,-0.982679640080128,-0.946444494977873,-0.939036287874839,-0.953913639648781,-0.952821508510544,-0.937903882534735,-0.921010122940607,-0.924707115918191,-0.933145330271076,-0.953612166892308,-0.971523350810071,-0.951688553415756,-0.860839336590915,-0.849296078495742,-0.824619115046151,-0.813575218292658
136,"CYM","Cayman Islands",NA,NA,NA,NA,NA,NA,NA,NA,NA,NA,NA,NA,NA,NA,NA,NA,NA,NA,NA,NA,NA,NA,NA,NA,NA,-0.168900494836096,0.0663435480052387,0.235621150579473,0.277424217534512,0.319686550902739,0.564574402012655,0.321438749114032,-0.0901255097411437,0.0100665511452834
140,"CAF","Central African Republic",NA,NA,NA,NA,NA,NA,NA,NA,NA,0.27471991199891,0.419662409432813,0.576051057021307,0.635928620702112,0.641675377580787,0.665186390583872,0.737191096420995,0.843206066085087,0.914059007466325,0.876252316653359,0.830392567398973,0.817671664690351,0.870800846779297,0.904883043358128,0.693267922803643,0.446236794466964,0.160531644315603,-0.0522842676319221,-0.130902078512124,-0.151898141027729,-0.0294869526641169,0.184399555253915,0.393219510618788,0.983532635992216,0.991087696788621
148,"TCD","Chad",NA,NA,NA,NA,NA,NA,NA,NA,NA,0.881069608346235,0.838915200733009,0.897392170469207,0.956191184864402,0.943311082913018,0.89301729715313,0.918711801075945,0.945132315945699,0.959612402074853,0.965738061726616,0.943479317368903,0.937962121495695,0.931579785638445,0.936556907065105,0.980873564330626,0.985344631517208,0.982399920973285,0.945269679609338,0.879828025186635,0.852826540643263,0.878284065496254,0.866977203032718,0.839176433280833,0.844620659616447,0.851733374729317
152,"CHL","Chile",NA,NA,NA,NA,NA,NA,NA,NA,NA,0.986930980236948,0.960004180660354,0.815413059327412,0.620390519618255,0.269823637202217,-0.0570000401556212,-0.275084476912381,-0.10044051944994,0.487433607432759,0.731474312666293,0.898423870238678,0.917668210690262,0.859120104652585,0.818068860639443,0.744030211098867,0.523832435562381,0.218024581713018,-0.205419406897991,0.219532056297829,0.609767730838943,0.761620745768046,0.701110977540312,0.474036534819603,0.440361928339154,0.290885320389195
156,"CHN","China",NA,NA,NA,NA,NA,NA,NA,NA,NA,0.958158983473357,0.962342632209684,0.962162323156588,0.967699763913549,0.960063413745029,0.951509453296766,0.969068495738697,0.990095169531768,0.987993473652448,0.976482887683758,0.953054960573715,0.915306424080049,0.912081919131998,0.925329550120169,0.902639282924256,0.654285273978085,0.0609203242561809,-0.463528219318024,-0.697760488065656,-0.831287389169385,-0.928531599703943,-0.986485911960391,-0.976975798479598,-0.97291841122423,-0.940921338609216
170,"COL","Colombia",NA,NA,NA,NA,NA,NA,NA,NA,NA,0.558399263662739,0.206834127597834,-0.00613566683907432,-0.340385635331312,-0.524530570118669,-0.667623221253944,-0.65064118007781,-0.702511599625646,-0.739106425085199,-0.918631536337344,-0.86199765131127,-0.545846056983282,0.316442366830362,0.607283074506925,0.823200476352037,0.915986298130682,0.963171792010791,0.950339877174448,0.882236379411756,0.804923671681109,0.695913898201405,0.356280220874217,0.266746676865394,-0.0411583436228346,0.372176468252842
174,"COM","Comoros",NA,NA,NA,NA,NA,NA,NA,NA,NA,0.816005290869255,0.671700653749501,0.821200497052639,0.87712968222218,0.912654430576075,0.950252565514895,0.946294354897324,0.946165329401608,0.914161286726008,0.837444397294099,0.817614425038712,0.809242811507771,0.722353193630777,0.675762345035272,0.740220671382719,0.741318447738377,0.78238246178567,0.937161611668291,0.934445275244897,0.937041573938837,0.948312704529135,0.984003944916854,0.982951651272806,0.976710057835551,0.942099400004602
184,"COK","Cook Islands",NA,NA,NA,NA,NA,NA,NA,NA,NA,NA,NA,NA,NA,NA,NA,NA,NA,NA,NA,NA,NA,NA,NA,NA,NA,NA,NA,NA,NA,NA,NA,NA,NA,NA
188,"CRI","Costa Rica",NA,NA,NA,NA,NA,NA,NA,NA,NA,0.825333923320845,0.757666239335862,0.754953959750586,0.7371383253726,0.751971108728156,0.869149107045649,0.943417624057253,0.943156768456021,0.955194268145504,0.933569468062133,0.931101056399815,0.934930200519887,0.929436612872416,0.895102177479054,0.900887520414641,0.928119092803423,0.840964838142518,0.840839269223617,0.90656867067327,0.916461898895397,0.90530719729925,0.762303397575817,0.718050718039036,0.526712541323323,0.408003898108044
384,"CIV","Cote d'Ivoire",NA,NA,NA,NA,NA,NA,NA,NA,NA,0.737961567047258,0.751183808430267,0.728798320321269,0.661452265848574,0.490134258263654,0.508325778578006,0.694190650899406,0.70425297083491,0.68039759347458,0.803276670217905,0.759283070581271,0.684455848500379,0.748513825410264,0.851419284982169,0.903030746807384,0.925569983229278,0.936786864967438,0.909150065696306,0.90071292089348,0.875080912473892,0.870658932923821,0.883417562288752,0.745958181730517,0.808274173797822,0.866897762473948
191,"HRV","Croatia",NA,NA,NA,NA,NA,NA,NA,NA,NA,0.948573562854535,0.871172079947154,0.894298676919019,0.880508635236028,0.787137201823844,0.498323793089206,-0.149347850082776,-0.605508887875497,-0.64987714361966,-0.742761436152688,-0.549193643857509,-0.444977892834458,-0.374942855369054,-0.107375779472977,0.236073848987704,0.62238113735143,0.843707032570763,0.817225789830455,0.493679282754757,-0.314124754877714,-0.646272860352272,-0.620068021396089,-0.750837302706488,-0.770332794956147,-0.821717600594201
192,"CUB","Cuba",NA,NA,NA,NA,NA,NA,NA,NA,NA,NA,NA,NA,NA,NA,NA,NA,NA,NA,NA,NA,NA,NA,NA,NA,NA,NA,NA,NA,NA,NA,NA,NA,NA,NA
531,"CUW","Curacao",NA,NA,NA,NA,NA,NA,NA,NA,NA,NA,NA,NA,NA,NA,NA,NA,NA,NA,NA,-0.827651383947517,-0.812065914923018,-0.846891820232007,-0.795338430170778,-0.690089974222775,-0.534734172417632,-0.286244946002499,0.317867165573171,0.736023400663994,0.67890247213245,0.706461752567941,0.927828961313366,0.976710673464562,0.987812053288513,0.986236036451245
196,"CYP","Cyprus",NA,NA,NA,NA,NA,NA,NA,NA,NA,0.936218438626343,0.930769142083357,0.963079947892924,0.914198590433283,0.883711094899723,0.704289027288831,-0.0774642436723918,-0.596986226407663,-0.846697702334204,-0.936515548678212,-0.969225186765862,-0.965518392426738,-0.925850803458029,-0.915556451110698,-0.3487163762829,0.241280575290359,0.604805393442505,0.578459363427679,0.258854289320894,-0.108138220730562,-0.22491749074626,-0.355856556517032,-0.510603914186633,-0.785767709305711,-0.814243579037122
203,"CZE","Czechia",NA,NA,NA,NA,NA,NA,NA,NA,NA,-0.562343702349124,-0.905352011456278,-0.889772329597972,-0.900405075922888,-0.842445950600016,-0.701971822448599,-0.599429770328374,-0.673832717508572,-0.727660801641128,-0.835725482429899,-0.771421072837563,-0.756658939490307,-0.746696855567051,-0.741030482026934,-0.703743892860054,-0.700522304474777,-0.715837581406624,-0.712533514551361,-0.770355272325299,-0.885498870776923,-0.902015270970021,-0.890830356569265,-0.913513767707356,-0.911428036181471,-0.89362241720315
180,"COD","Dem. Rep. Congo",NA,NA,NA,NA,NA,NA,NA,NA,NA,-0.777881618658113,-0.883175329579691,-0.864655046733103,-0.827391495314858,-0.644632128604121,-0.249650132610677,0.338415959342958,0.794551681343161,0.937466427839026,0.985133945636138,0.994374237801379,0.993976519820646,0.996008446101333,0.92493571383762,0.894303304967785,0.917872771304564,0.930374469385757,0.916731905214566,0.577806251107769,0.301100349664509,0.0528974235981255,-0.0393805334179887,0.171099837251727,0.457648891196339,0.650842834074551
208,"DNK","Denmark",NA,NA,NA,NA,NA,NA,NA,NA,NA,-0.777856029649982,-0.88792388562638,-0.893124386172136,-0.912692295725841,-0.925243396582753,-0.911769088460962,-0.912141184527076,-0.922033106938998,-0.951721531548076,-0.893727085643536,-0.63094614938853,-0.539377052407835,-0.488009531572401,-0.392187026562707,-0.191356653867447,-0.0689704014626966,-0.100169216684736,-0.402928447032165,-0.689857427160986,-0.895481820622739,-0.901180602197505,-0.921060235256249,-0.93825171158097,-0.943655626613231,-0.941052142610681
262,"DJI","Djibouti",NA,NA,NA,NA,NA,NA,NA,NA,NA,-0.748427808125603,-0.1437124860709,-0.0963938774240691,-0.35178591422022,-0.553795214936016,-0.675900292021701,-0.69966129633401,-0.670207542668855,-0.578603983590792,-0.308439796542103,0.238734083399506,0.397749465605277,-0.266197806524311,0.0713579819662064,0.406359459178657,0.608993071617271,0.764023912733647,0.840581676656605,0.892586174843309,0.942542512251313,0.959075623991416,0.986041852421443,0.985937088905675,0.977562122800959,0.920805546802668
212,"DMA","Dominica",NA,NA,NA,NA,NA,NA,NA,NA,NA,0.876739645737279,0.691412337637402,0.553636021884271,0.314534156478648,-0.0257455224986014,0.0383702847383297,0.383117936725674,0.672847307821816,0.900988839917737,0.927766754489479,0.960341840420596,0.939903941487882,0.910058576516777,0.865457271498499,0.825349364641331,0.78898387983398,0.608819797539536,0.0847671025758815,-0.266392196593544,-0.273002667127369,-0.243190278052015,-0.0654467059196538,0.100362286194848,0.425089333206518,0.825038945670398
214,"DOM","Dominican Republic",NA,NA,NA,NA,NA,NA,NA,NA,NA,0.992366996251427,0.993228672409799,0.986180167764936,0.98490469033501,0.96079373336917,0.879387105135908,0.724423950714886,0.379529101577964,-0.0304152196995481,-0.374462760914401,-0.559377355968954,-0.497249625451032,-0.473732122299166,-0.141373680963241,-0.175686727671224,-0.656645592307638,0.448835614079584,0.772198857275408,0.84470433781107,0.908328079090266,0.929542620104447,0.929700234744451,0.934127742346731,0.952650654891248,0.952822885954576
218,"ECU","Ecuador",NA,NA,NA,NA,NA,NA,NA,NA,NA,0.871280079368959,0.571389254074507,0.303259825488974,0.0388322063761994,-0.277931655689073,-0.34796026671064,-0.319241861854749,-0.142756664991457,0.098801451206243,0.386814760581421,0.831649447879786,0.784866107017308,0.848411524624629,0.886870679197325,0.914514797792557,0.941923224995941,0.955945532252884,0.956800401943708,0.924958948920553,0.945946525778791,0.932732245876777,0.890609977667384,0.81629498100821,0.77817868960179,0.807633427948335
818,"EGY","Egypt",NA,NA,NA,NA,NA,NA,NA,NA,NA,0.93179957580661,0.933158685114543,0.915570455704028,0.905719305542682,0.874740082016301,0.851621388162846,0.849482917759067,0.911991950813269,0.937806738233026,0.97624697519532,0.985460210257422,0.989634109016586,0.984800045220173,0.984474330691406,0.986946183705999,0.976266471940117,0.972064098207607,0.96604898553247,0.945408720466869,0.808851371406092,0.201507692039159,-0.147228150568064,-0.275457024169582,-0.342718008112641,-0.489193793516877
222,"SLV","El Salvador",NA,NA,NA,NA,NA,NA,NA,NA,NA,0.980188339365275,0.95561225128175,0.931506606730266,0.881131225315324,0.834674663786897,0.781383843450358,0.797621631973053,0.701985738687022,0.792949230126348,0.57681909337871,0.5302375215859,0.0877821192425296,-0.262067383063458,-0.716793731117574,-0.850126930608593,-0.913206740664564,-0.781300998087308,-0.506878855776842,-0.522816885671224,-0.567257196351978,-0.178991773077385,-0.092896006301148,0.123625344156384,0.241655856923705,0.114007764374159
226,"GNQ","Equatorial Guinea",NA,NA,NA,NA,NA,NA,NA,NA,NA,0.989312842836419,0.992618249998436,0.982642743928612,0.989563828024049,0.968126433330873,0.884984665793945,0.921103070766948,0.937431844970379,0.934983950925147,0.874122832403075,0.845899438793083,0.807066912298521,0.744882359042144,0.478765329673465,-0.535080546276476,-0.352815681118433,-0.517039582044745,-0.43395198513413,-0.385553458387087,-0.5489713024444,-0.76866405350465,-0.840935510439272,-0.915429857574093,-0.903111865519003,-0.89607928045323
232,"ERI","Eritrea",NA,NA,NA,NA,NA,NA,NA,NA,NA,NA,NA,NA,NA,NA,NA,NA,NA,NA,NA,NA,NA,NA,NA,NA,NA,NA,NA,NA,NA,NA,NA,NA,NA,NA
233,"EST","Estonia",NA,NA,NA,NA,NA,NA,NA,NA,NA,0.783960089201291,0.36640324994029,0.0108063995540529,0.0784948103760388,0.0172029212748192,-0.173902129404644,-0.479478441117151,-0.575150814952031,-0.422455791513218,-0.41774007187567,-0.44409462344435,-0.56230958255985,-0.510587528764515,-0.399596459269981,-0.132689548610265,-0.00394663297415659,-0.157659599077896,-0.345883503081051,-0.723053216467251,-0.836683206480585,-0.947137606656106,-0.918316044389832,-0.922163720848522,-0.909838259566563,-0.885201183995706
748,"SWZ","Eswatini",NA,NA,NA,NA,NA,NA,NA,NA,NA,-0.209558285623684,-0.127094120870796,-0.0438452687064894,-0.161440720125035,-0.5757382253319,-0.366932592928122,0.266012567099499,0.721020012978511,0.801833667362205,0.852944212575433,0.913771532996191,0.913967215263665,0.926039266705204,0.952581811862497,0.957002986444094,0.949118245253142,0.942063787653984,0.880335993976033,0.874660073819713,0.857198611950344,0.845969671411638,0.842158848151064,0.710076726924605,0.649294197729687,0.749419780568289
231,"ETH","Ethiopia",NA,NA,NA,NA,NA,NA,NA,NA,NA,-0.324322613939704,-0.246937399976901,0.591207380113463,0.971774448324929,0.963413210994009,0.966542105438108,0.938321522799345,0.936593172715268,0.960469009819374,0.972266975362396,0.980677912367949,0.975832939493497,0.977311398798988,0.981045154836392,0.983674740133235,0.985805374153083,0.98727455761184,0.988720040536261,0.988914344947074,0.991940269061214,0.99487367440629,0.988886012780934,0.987995517852605,0.98173424066502,0.966882459103553
234,"FRO","Faeroe Islands",NA,NA,NA,NA,NA,NA,NA,NA,NA,NA,NA,NA,NA,NA,NA,NA,NA,NA,NA,NA,NA,NA,NA,NA,NA,NA,NA,0.702918382178916,0.636836339909977,0.598476726602413,0.454769550563886,0.216525025097024,-0.12475301260976,-0.522755747329087
238,"FLK","Falkland Islands",NA,NA,NA,NA,NA,NA,NA,NA,NA,NA,NA,NA,NA,NA,NA,NA,NA,NA,NA,NA,NA,NA,NA,NA,NA,NA,NA,NA,NA,NA,NA,NA,NA,NA
242,"FJI","Fiji",NA,NA,NA,NA,NA,NA,NA,NA,NA,0.0704278024516089,0.468136659690424,0.530870025953292,0.549614797685608,0.677065775599216,0.835290162057692,0.855975901561063,0.874814753570441,0.722963170475916,0.161507194283216,-0.175623879161106,-0.273717806050419,-0.437683948455403,-0.623745291016008,-0.631214855798811,-0.40959260880885,-0.213499581326831,0.131429593715689,0.57810407273764,0.748636748122885,0.716313502911369,0.909742609554931,0.81583968414553,0.715833223813616,0.525482017355016
246,"FIN","Finland",NA,NA,NA,NA,NA,NA,NA,NA,NA,-0.78754684858615,-0.91631361586166,-0.937721296848078,-0.93094891859843,-0.844196328382529,-0.862353126218704,-0.803738172274092,-0.801148569836593,-0.832399366362415,-0.878861545763623,-0.739837757524818,-0.741156346180483,-0.717454352223736,-0.629622589926141,-0.364288789157099,0.0478798713707653,0.346144457752528,0.438860536251951,-0.123677170793399,-0.684070118140054,-0.703651457153869,-0.721689505090261,-0.850785926102761,-0.885118103492572,-0.854137097670317
250,"FRA","France",NA,NA,NA,NA,NA,NA,NA,NA,NA,-0.894465106538652,-0.904017598429148,-0.923995338982641,-0.968858719798786,-0.97423116586491,-0.973915956631569,-0.971700966069159,-0.968374254747788,-0.993713461990441,-0.983639195117764,-0.913516803943907,-0.893358550193952,-0.895230647123431,-0.890895449116039,-0.891077303151646,-0.876175402388975,-0.846891800811441,-0.846152818771587,-0.926109467483857,-0.984728145588407,-0.980437662316554,-0.617524214260909,-0.634122066861215,-0.652239486535713,-0.673605118138103
258,"PYF","French Polynesia",NA,NA,NA,NA,NA,NA,NA,NA,NA,NA,NA,NA,NA,NA,NA,NA,NA,NA,NA,NA,NA,NA,NA,NA,NA,NA,NA,NA,NA,NA,NA,NA,NA,NA
266,"GAB","Gabon",NA,NA,NA,NA,NA,NA,NA,NA,NA,0.948472261551152,0.958118459076751,0.949859735368425,0.811531436291258,0.518042555574938,0.295533917570333,0.371388057429389,0.245883962638794,0.558902973215567,0.877011238840321,0.847058504073132,0.865583661806516,0.663709130546925,0.412710004251057,0.581054507564214,0.61852046853985,0.63633095279636,0.602467159879379,0.363950249737464,0.125700633647264,-0.048760084845926,0.082590919242955,-0.167654740300509,-0.831009489526631,-0.718441050245519
270,"GMB","Gambia",NA,NA,NA,NA,NA,NA,NA,NA,NA,0.874427398109011,0.849055135966199,0.912765224118498,0.911803459036047,0.927775322232514,0.939231879359046,0.94690453759865,0.943942186855372,0.930880065949382,0.91410659207666,0.933305116007937,0.931159553041379,0.9056226127905,0.904075833208355,0.88732124899735,0.887179408858427,0.838969796735903,0.81277952309081,0.880786300966842,0.904389084603623,0.90055027565046,0.927356648257109,0.904623855812877,0.888836362749845,0.873805455066741
268,"GEO","Georgia",NA,NA,NA,NA,NA,NA,NA,NA,NA,0.918476252170852,0.75925646619428,0.112341308448037,-0.729671838396796,-0.845341901247853,-0.789355921320182,-0.657485966731319,-0.40768771131987,0.40441595237676,0.643164349371963,0.79613849360008,0.876484012866105,0.895333643774329,0.897018655666552,0.872304425674023,0.886387656375215,0.915426330590388,0.929427413322783,0.927721100208357,0.871069415471445,0.810702898106358,0.710360758863722,0.48359411008386,0.0630309459934466,-0.101866583199959
276,"DEU","Germany",NA,NA,NA,NA,NA,NA,NA,NA,NA,-0.961801502100346,-0.935093075963911,-0.953093457968777,-0.982513942149967,-0.902181841370094,-0.864685234343815,-0.834367018053385,-0.775275187055912,-0.821074691326239,-0.848692542576657,-0.664622584542687,-0.696729014671021,-0.756068702859887,-0.80594310800949,-0.767862727627363,-0.724100348260552,-0.667809141398169,-0.706230712475611,-0.827826122400425,-0.936726380988896,-0.955966788279448,-0.786669568275645,-0.794421581662224,-0.80891366370448,-0.783266801928127
288,"GHA","Ghana",NA,NA,NA,NA,NA,NA,NA,NA,NA,0.953980660322074,0.96631575809572,0.963721991749233,0.972789604588092,0.939087525587787,0.866849361640155,0.788158618876901,0.795835323013596,0.863501398847925,0.886749799288085,0.901953711086608,0.92633459717672,0.937590658966221,0.975102208167203,0.983871479725646,0.979726398581256,0.975951278325537,0.971969965922855,0.928504448949142,0.918846189801245,0.898170031690578,0.879107091890354,0.907248670330311,0.861008361251056,0.811616948456814
300,"GRC","Greece",NA,NA,NA,NA,NA,NA,NA,NA,NA,0.857208600079595,0.763466843306972,0.817828782289104,0.821420820701011,0.827160122166165,0.818999211346422,0.837597997564885,0.856598981297613,0.841724146398494,0.680109220424702,0.494460253073223,0.107447705535402,0.451858247026591,0.768986119003308,0.900071779092263,0.939709741653163,0.979755674041043,0.990945987969383,0.992164346344835,0.983354622536586,0.925477640134361,0.783732272821585,0.125713953064872,-0.219422696054801,-0.483615125732165
304,"GRL","Greenland",NA,NA,NA,NA,NA,NA,NA,NA,NA,0.669728236753067,0.804344456327531,0.921415584779434,0.954038211903073,0.950512678110638,0.962975848070838,0.976301788446771,0.981331150073427,0.976171086148519,0.982710687931225,0.99349553567338,0.990863098184929,0.978295344354235,0.961581034642967,0.946534118410469,0.929660632739118,0.901857750798324,0.749950280679382,0.513903817841137,0.356129100053398,0.197438146122112,0.156591733699678,0.250976766036601,0.581149151195261,0.912315120555894
308,"GRD","Grenada",NA,NA,NA,NA,NA,NA,NA,NA,NA,0.678416512715855,0.34852013361148,0.1135057056021,-0.141689823522553,-0.282714451000818,-0.357374731140884,-0.435857513393111,-0.405283871626026,0.297646271760797,0.679595821029765,0.783826183097,0.631100708960866,0.553231617315148,0.387670203816897,0.218892763642385,-0.0848897685484869,0.175375086016603,0.129680489323129,0.170602865919655,0.190196993759836,0.174479636885505,0.357143815572758,0.120351876833189,-0.346225377049444,0.549700017020461
320,"GTM","Guatemala",NA,NA,NA,NA,NA,NA,NA,NA,NA,0.983156247556972,0.964602351609314,0.960286764516293,0.961159030152559,0.958051054182338,0.941408459917058,0.883025775679389,0.43047874573886,-0.124016775703787,-0.472625879224489,-0.16538870187681,-0.402716772897881,-0.169430488445071,-0.152249719959397,-0.0580019344597711,0.157449376572481,0.441107131280237,0.487136253941985,0.502983914239291,0.50399591765435,0.816088757177862,0.7805083062353,0.984654754221677,0.964282239671092,0.937529608626825
831,"GGY","Guernsey",NA,NA,NA,NA,NA,NA,NA,NA,NA,NA,NA,NA,NA,NA,NA,NA,NA,NA,NA,NA,NA,NA,NA,NA,NA,NA,NA,NA,NA,NA,NA,NA,NA,NA
324,"GIN","Guinea",NA,NA,NA,NA,NA,NA,NA,NA,NA,0.914414717168275,0.839896278542376,0.853589835665631,0.884487747300304,0.907020573306459,0.929399262277452,0.956345629350221,0.980868861572514,0.973225323537605,0.960100604855368,0.976974901184498,0.966536441891697,0.973599545951708,0.961984282927056,0.896658563011203,0.875325615244892,0.889074099644606,0.909159164177367,0.939268739253545,0.962480146301798,0.96814804979775,0.972752196313442,0.971806120975994,0.96817697648681,0.954762794581592
624,"GNB","Guinea-Bissau",NA,NA,NA,NA,NA,NA,NA,NA,NA,0.595355424617022,0.500258611740001,0.467143658841532,0.462379445599049,0.463223205918927,0.472730926886474,0.595393424215332,0.713958231552134,0.869672302235947,0.942531346665812,0.958725383193229,0.952369376535021,0.943785222865972,0.977149604707698,0.978489279163536,0.962437623109111,0.954512845055782,0.960672734930395,0.977264481191902,0.981096685772491,0.980048532264574,0.969217137327377,0.956401709647456,0.935741752449393,0.895719562014959
328,"GUY","Guyana",NA,NA,NA,NA,NA,NA,NA,NA,NA,0.948045557760538,0.970777410780352,0.980832141670599,0.974277033135297,0.979224226285889,0.930962987177976,0.792794423461706,-0.200125766309819,-0.359044662323138,-0.584039250970042,-0.481758526914338,-0.398041040095425,-0.035545496413992,0.156257293239284,0.28754253785877,0.670418781535436,0.659379380283119,0.601391852436236,0.615291181581936,0.494773587881319,0.493417487003315,0.528702509717496,0.827895836453322,0.91686185020958,0.941537647341715
332,"HTI","Haiti",NA,NA,NA,NA,NA,NA,NA,NA,NA,0.586182201020983,0.683762915823714,0.847308371881117,0.941259442067825,0.963581508066785,0.919909826854048,0.791734892389319,0.425787237758651,0.573217204582826,0.423344422716889,0.444398005879397,0.432165313068689,0.589979096534179,0.708237983065481,0.767056081468319,0.824473376114722,0.855573777934596,0.859376784103868,0.859577953668468,0.827382189845601,0.948709275896684,0.91547922708966,0.89840486255529,0.790506744027422,0.676918300069705
336,"VAT","Holy See",NA,NA,NA,NA,NA,NA,NA,NA,NA,NA,NA,NA,NA,NA,NA,NA,NA,NA,NA,NA,NA,NA,NA,NA,NA,NA,NA,NA,NA,NA,NA,NA,NA,NA
340,"HND","Honduras",NA,NA,NA,NA,NA,NA,NA,NA,NA,0.954289324169659,0.948496170650543,0.957023732370808,0.948660646453384,0.926826824316397,0.887916856961202,0.9354492839532,0.949630313239223,0.958472880800343,0.954274930330329,0.920157092337993,0.883378372250776,0.8738584489415,0.860333030644026,0.838825238176214,0.895310108661596,0.86385707001143,0.892404638821176,0.778997733159136,0.589679068427692,0.476108990082793,0.216811820561529,0.0185650383414118,-0.127324440633392,-0.169578157401578
344,"HKG","Hong Kong",NA,NA,NA,NA,NA,NA,NA,NA,NA,0.389792997084754,0.320426788625845,0.165477210429528,-0.032926677927226,-0.152597827265531,-0.498607370673959,-0.646471663597066,-0.782069817496108,-0.850571224757711,-0.833520067622015,-0.826081836198143,-0.848518655825191,-0.826296976682164,-0.726192589076921,-0.618468617001788,-0.694651028672945,-0.674479977627987,-0.794821239799035,-0.830273825820961,-0.933057211678204,-0.90106478545727,-0.794140315487032,-0.736036412791453,-0.423634635040929,-0.348201942515024
348,"HUN","Hungary",NA,NA,NA,NA,NA,NA,NA,NA,NA,0.55325518377098,-0.286809701992699,-0.58918577060835,-0.766614088625439,-0.816980245999531,-0.854826763601777,-0.906160938662059,-0.933110934663654,-0.930890123825426,-0.918162694894645,-0.733089869586023,-0.616108706256234,-0.482679024497214,-0.32124587735824,-0.0612970396920893,0.0176163049595572,-0.123549894625407,-0.435748185672819,-0.635270938868965,-0.813419166832947,-0.835968704448954,-0.874470360991475,-0.907483432693478,-0.912404938813261,-0.900497493815802
352,"ISL","Iceland",NA,NA,NA,NA,NA,NA,NA,NA,NA,0.338411947444661,0.22976994514351,-0.472239892494408,-0.710847106164258,-0.806610952302333,-0.774060329853688,-0.848115196709717,-0.855829253766528,-0.691114887199391,-0.741379269905571,-0.694771323059916,-0.536556106183273,-0.498593642448962,-0.391156382314959,-0.315494994092308,-0.0909333171527862,-0.0127472279961116,-0.193424560440995,-0.513644124128225,-0.728745355562086,-0.85411328984822,-0.80341181600067,-0.776266283598158,-0.791374051797498,-0.85433189887769
356,"IND","India",NA,NA,NA,NA,NA,NA,NA,NA,NA,0.975860615247397,0.97863464653413,0.97029127777122,0.964679792564411,0.953261645541094,0.982075978360764,0.988459219132659,0.991075955073314,0.983458009088478,0.96528328695031,0.973704554709556,0.984226778178604,0.988844295738925,0.991637629791019,0.984013664137082,0.97854778771601,0.969059344045241,0.944660295490198,0.950430089376474,0.943502369026462,0.897483262470963,0.619577729829255,0.283278825512248,0.0406371683242343,-0.188815010204547
360,"IDN","Indonesia",NA,NA,NA,NA,NA,NA,NA,NA,NA,0.852187608071852,0.790833917157602,0.730183177320262,0.682459987396616,0.700066896319999,0.751507437269937,0.829590236817648,0.919549092845907,0.995537645147861,0.990430786605386,0.976880397758274,0.951598259880231,0.947393301192133,0.956076459314651,0.952671772144989,0.951469681679518,0.851939092982512,0.68222366670792,0.620037063681006,0.687348945267384,0.744141748017517,0.733963262487074,0.786935855606346,0.86120587296617,0.926396429048498
364,"IRN","Iran",NA,NA,NA,NA,NA,NA,NA,NA,NA,0.917466402609925,0.886393057902675,0.927183961175933,0.944481965282488,0.903122129449751,0.896613000277839,0.912920690367259,0.930951044465016,0.946639685189335,0.961949045690327,0.902798020848559,0.907610420750078,0.932640818578404,0.942733325443482,0.852617608892101,0.80012441611733,0.75184155762694,0.260492931698778,-0.109147726107904,-0.478690334020845,-0.559349176435833,-0.664264829667357,-0.452350595848179,-0.294169404704649,0.106874081929474
368,"IRQ","Iraq",NA,NA,NA,NA,NA,NA,NA,NA,NA,-0.0213342489294986,-0.038833871301422,-0.542963124428217,-0.772962105307895,-0.47518749955869,-0.429786584444398,-0.34084758862644,-0.257615501269998,0.0729094342283654,0.0844303760257223,0.0719164056217463,0.195673325953337,0.380725444119991,0.725253529539635,0.905322617265668,0.948377416999473,0.97173053611512,0.952588946357477,0.952126701785953,0.961496573192364,0.957270004816442,0.92583527462808,0.762404014651228,0.681090359541062,0.675994888751783
372,"IRL","Ireland",NA,NA,NA,NA,NA,NA,NA,NA,NA,0.097298077712985,0.293186831712733,0.42387814988149,0.614747873617524,0.419759065307702,0.328667135837905,0.166905687798223,-0.0457804819702005,-0.672942346702227,-0.6524069472435,-0.463231055696004,-0.38740209342304,-0.310085144646357,-0.219673877171988,-0.0950696588160608,-0.0989375134673399,-0.203388976159271,-0.259681677479639,-0.398996347009984,-0.556409728915244,-0.717782625443762,-0.776481102560637,-0.864371623803921,-0.897487210340218,-0.919061576006655
833,"IMN","Isle of Man",NA,NA,NA,NA,NA,NA,NA,NA,NA,NA,NA,NA,NA,NA,NA,NA,NA,NA,NA,NA,NA,NA,NA,NA,NA,NA,NA,NA,NA,NA,NA,NA,NA,NA
376,"ISR","Israel",NA,NA,NA,NA,NA,NA,NA,NA,NA,0.961034150046942,0.954260734028039,0.790952177728652,0.624947916603482,0.137447351508267,-0.417611632723652,-0.658023611390593,-0.807946696199399,-0.821288649921723,-0.824802469987095,-0.828561160432575,-0.795960909409625,-0.67632073767723,0.187481565281953,0.186434992954472,-0.00789233194448558,-0.014025518166149,-0.0892631207463751,-0.110582475192964,-0.23031170930857,-0.474360281819849,-0.607836820226211,-0.701837437587738,-0.572077443632799,-0.564317831737354
380,"ITA","Italy",NA,NA,NA,NA,NA,NA,NA,NA,NA,-0.957057880869487,-0.978636791012623,-0.977704331050789,-0.98986068080413,-0.98859073105983,-0.989860786226967,-0.988364989421514,-0.988578503610439,-0.989332613250834,-0.947429716988832,-0.458176256582923,-0.152010766661208,0.034793791119835,0.391536720739517,0.707764101790131,0.848473986935318,0.925539277964363,0.910801221621474,0.691143789962695,0.158388903881473,-0.0518259147643568,0.297256438662827,-0.0396635555756346,-0.296094372231341,-0.420616637316722
388,"JAM","Jamaica",NA,NA,NA,NA,NA,NA,NA,NA,NA,0.836807554810218,0.766101604272755,0.570470952679828,0.336870907011674,0.30715422387571,0.0142196872490848,-0.342557949011449,-0.557961481063109,-0.780346168780887,-0.718970231089123,-0.536663915478845,-0.301001049051017,-0.129777221963401,0.257923396676532,0.542076378817146,0.704397583441087,0.778101904157709,0.571017884299404,0.0181376496563931,0.147124004197471,0.590791492372167,0.570933491527136,0.483587071638138,0.29266092666469,0.232280775560534
392,"JPN","Japan",NA,NA,NA,NA,NA,NA,NA,NA,NA,-0.804994955153159,-0.793409697134628,-0.790540931095133,-0.763472050888403,-0.821666513428351,-0.888465604450947,-0.904397025086956,-0.945960016997795,-0.986668856396707,-0.938942850084734,-0.571941622366494,-0.484952265573752,-0.359138332533193,-0.224605808498095,-0.174758451564435,-0.198955071267594,-0.363227801801973,-0.572282994370455,-0.857935187718681,-0.971047006900589,-0.98758680182914,-0.774670760374946,-0.658464538229755,-0.524818308168769,-0.464162819656185
832,"JEY","Jersey",NA,NA,NA,NA,NA,NA,NA,NA,NA,NA,NA,NA,NA,NA,NA,NA,NA,NA,NA,NA,NA,NA,NA,NA,NA,NA,NA,NA,NA,NA,NA,NA,NA,NA
400,"JOR","Jordan",NA,NA,NA,NA,NA,NA,NA,NA,NA,0.975982725059645,0.97642421376355,0.966016413897273,0.959179027008273,0.898604297541488,0.735266806938388,0.782754295071159,0.288180399101457,-0.161243336349336,-0.628176788937327,-0.832481696390355,-0.788768438543199,-0.0984780197600654,0.3667184334407,0.548233726455016,0.68586674675216,0.819234563878984,0.822737699316326,0.778696344435432,0.550775422355127,0.10636505692573,-0.493989263187009,-0.84887536894557,-0.862733438695888,-0.807021280616234
398,"KAZ","Kazakhstan",NA,NA,NA,NA,NA,NA,NA,NA,NA,0.860025677592179,0.824446983421252,0.481036073895188,-0.0837887276570849,-0.337790360379318,-0.214448539266646,0.235156429995497,0.76771760618664,0.884492190231943,0.954236355491132,0.950716668386817,0.950194344311929,0.942270321528483,0.892703666463347,0.869250684228523,0.687360477277025,0.421322297006553,0.211382259728304,-0.105129455737127,0.254898737513649,-0.319443573034782,-0.32186670281961,0.1615799266876,0.387314790344058,0.713181049581103
404,"KEN","Kenya",NA,NA,NA,NA,NA,NA,NA,NA,NA,0.946164057883619,0.921833328967135,0.928510919031639,0.937713697385817,0.835314432767343,0.802624049079669,0.853832819608348,0.91550979608942,0.946159646836233,0.942983516786949,0.920628638716718,0.959843349085965,0.970816220894574,0.95668333846686,0.948321930118015,0.950908799211657,0.953221408953183,0.957686401715307,0.966658170244726,0.952133468368524,0.94215200086828,0.916503129673874,0.913464817955278,0.896123221830543,0.880532483117418
296,"KIR","Kiribati",NA,NA,NA,NA,NA,NA,NA,NA,NA,0.787560092259272,0.631906618598795,0.837730750038994,0.784421090530936,0.738451216074059,0.640801158035529,0.547053921963422,0.650611815867357,0.522651078583444,0.584238517607037,0.341920354891127,0.308766753304229,-0.176356101294549,-0.454515273244385,-0.606976330034915,-0.68944730674963,-0.533299104617872,-0.474578883260651,-0.484697321697483,-0.363861657740018,-0.299544998049611,-0.261662751070982,-0.545613716777007,-0.743414529689412,-0.807808017970039
689,"XKX","Kosovo",NA,NA,NA,NA,NA,NA,NA,NA,NA,NA,NA,NA,NA,NA,NA,NA,NA,NA,NA,0.514098872570831,0.537893234489879,0.619850154331791,0.43919629631366,0.317807004159444,-0.136254976557877,-0.352139180317535,-0.596564953009235,-0.811801487085321,-0.911530781593553,-0.92485551544648,-0.874735706749919,-0.878497255263764,-0.892373542423268,-0.88877645580686
414,"KWT","Kuwait",NA,NA,NA,NA,NA,NA,NA,NA,NA,0.82905341244935,0.882316278927265,0.711172528496429,0.879499608873019,0.82179719631602,0.771602307676619,0.805661554218975,0.884638207220689,0.926862034705919,0.945481271146258,0.938151537200025,0.919894812326632,0.885315442931474,0.845805858368089,0.784952702864447,0.541703677337657,0.436907586629286,0.59697692664584,0.553038381571509,0.607349211308541,0.575065057168414,0.583863714784334,0.334096040008074,0.237776618443905,0.174939531205819
417,"KGZ","Kyrgyzstan",NA,NA,NA,NA,NA,NA,NA,NA,NA,0.984234475663585,0.920014318132041,0.619079544588238,-0.0326542397206,-0.354840305156997,-0.24840766579016,-0.315184114545692,-0.00576430354940967,0.600665910839957,0.884428973687694,0.972898559203705,0.983345018083424,0.982734768757436,0.920011560167361,0.937227994946614,0.883154658655801,0.73740728975077,0.548485847137677,0.0050158792536409,-0.358092938769978,-0.620783837335727,-0.860372937552777,-0.94946330981867,-0.881052124172395,-0.720485200651555
418,"LAO","Laos",NA,NA,NA,NA,NA,NA,NA,NA,NA,0.894354325364605,0.900126112266418,0.944838332298472,0.976279877440609,0.992128973946678,0.99524678526619,0.99185729394992,0.994439692915415,0.995362515696326,0.9914736865824,0.988299909431434,0.980517652607581,0.985247012513241,0.986741262525502,0.98455658079024,0.987000412436623,0.92395987751768,0.848752191940389,0.893715495865506,0.931968945950257,0.935378156723673,0.927192801318462,0.912897558156932,0.881889505245044,0.829026194451567
428,"LVA","Latvia",NA,NA,NA,NA,NA,NA,NA,NA,NA,0.694447094424079,0.306432974547823,-0.67964494875159,-0.740249232323412,-0.688708034680035,-0.562285381288204,-0.370547904294343,0.106325036749971,0.7313702830007,0.320561033684817,0.0546464454280341,-0.0650940526018225,0.0447118816209982,0.0532457011342539,0.198844864347571,0.372832903818975,0.426589015528366,0.261575937890924,-0.371265044597787,-0.907468895851465,-0.924488919895081,-0.822482887068586,-0.829469021884974,-0.832331327665165,-0.822147392370119
422,"LBN","Lebanon",NA,NA,NA,NA,NA,NA,NA,NA,NA,0.979462616992036,0.950155899509251,0.854076643247141,0.656023130197795,0.456741423398048,-0.271800575980701,-0.736640452313176,-0.858287674811846,-0.927547131801604,-0.749084213871792,-0.292109067103664,0.128304201074725,0.446965568278051,0.688123141948105,0.853556052241565,0.886946104902926,0.892046993146163,0.920811254175114,0.903517711078734,0.935345518483176,0.840910220185435,0.602491126293366,0.820033526574782,0.870294017167688,0.916833281723524
426,"LSO","Lesotho",NA,NA,NA,NA,NA,NA,NA,NA,NA,0.669824036159174,0.562759360815383,0.642636503266832,0.750522436447231,0.830696162679142,0.86789435656856,0.907148231015218,0.887683488131798,0.910282565013139,0.91616399507275,0.888291686916834,0.931448787837296,0.949660515317309,0.95133731255597,0.936770310909597,0.925435283253496,0.921341023036697,0.942268083423555,0.884543834540733,0.810154146582148,0.745459524866454,0.34442131851249,-0.0858946853129368,-0.304685948086108,-0.48515399016461
430,"LBR","Liberia",NA,NA,NA,NA,NA,NA,NA,NA,NA,0.870196169640635,0.901465273552733,0.963918356360424,0.972476117117549,0.873943137658773,0.764826628389536,0.605063898248816,0.425721566081917,0.222679860335705,-0.00318030139103778,-0.145054000350653,0.299288028222187,0.65889980724183,0.922647645362627,0.924581723956916,0.917300439852361,0.91367398299423,0.90768794608499,0.895938635855121,0.870760606906825,0.785270927750577,0.644522405278996,0.498419852320316,0.318181268935999,0.400572994608578
434,"LBY","Libya",NA,NA,NA,NA,NA,NA,NA,NA,NA,0.319417602141991,0.177449419453314,0.532911991306405,0.699424297059259,0.737309616294377,0.783941587696481,0.7871925607532,0.808974102618147,0.767634626822269,0.783827651255975,0.740746262306358,0.723327850026155,0.834631135530765,0.828535769434475,0.66339891010242,0.311068706675559,0.320714218887273,0.348498053076396,0.440589229204522,0.48955588134538,0.43126449271778,0.378454631476035,0.144329203734002,0.280751872656826,0.119040047280155
438,"LIE","Liechtenstein",NA,NA,NA,NA,NA,NA,NA,NA,NA,NA,NA,NA,NA,NA,NA,NA,NA,NA,NA,0.265628205944166,0.0348148672489677,-0.018819567934266,0.0397291420503988,0.0763759156381781,0.10162211857359,0.177715610730193,0.0391879165159824,-0.435986933492898,-0.749257386605024,-0.722998233390081,-0.793132508290103,-0.637301678441797,-0.457049991043042,NA
440,"LTU","Lithuania",NA,NA,NA,NA,NA,NA,NA,NA,NA,0.942743239149926,0.819133731244596,-0.0115858323144296,-0.593228851923336,-0.671148427246269,-0.746789815984145,-0.703649481381892,-0.6223230185353,-0.46327750714831,-0.233758648483943,0.0497330010836316,-0.0126881785176925,-0.00723572482587222,0.131297903698093,-0.0584576451228809,-0.073943909949038,0.107706883131266,0.235204971684326,0.173837738483067,-0.139336087314477,-0.531711549241723,-0.557691607593035,-0.631297281824983,-0.733800052251861,-0.910487193412241
442,"LUX","Luxembourg",NA,NA,NA,NA,NA,NA,NA,NA,NA,-0.610206008175321,-0.45070916784124,-0.0917098309808468,0.365752748271698,0.793635802225539,0.90808561634157,0.917254383777045,0.911554851617111,0.719913419964622,0.391449394538355,-0.00554324679686381,-0.31035804787543,-0.521885456527799,-0.741998433660746,-0.915524583137181,-0.915220835077616,-0.889490704943366,-0.89188040113383,-0.956722918466742,-0.973422217627303,-0.995337056877549,-0.98596540100162,-0.974118181841274,-0.971503288926919,-0.966023165513817
446,"MAC","Macao",NA,NA,NA,NA,NA,NA,NA,NA,NA,0.645036823002313,0.503432606890056,0.414630241799195,0.516562836460372,0.567272064098801,0.703001289290894,0.79456499146709,0.779198791388009,0.446370682911971,-0.0682180719782892,-0.458661977029622,-0.736824997650274,-0.853561846746561,-0.874316585897531,-0.877246657316335,-0.842864936668702,-0.809975736931002,-0.827383412660081,-0.81641593327784,-0.717681876346845,-0.337498241055842,-0.104902028748111,0.127371629296816,0.448282524289115,0.677186406371867
450,"MDG","Madagascar",NA,NA,NA,NA,NA,NA,NA,NA,NA,0.838281101610569,0.908115350290328,0.843412293978979,0.759088752561858,0.73512029130127,0.721028964711059,0.809642637272421,0.824324777550673,0.835738056162152,0.916382457678376,0.951289189099156,0.958366679488954,0.93563661326255,0.873019888265753,0.865824558238245,0.884517671291789,0.901128231125363,0.92987994346718,0.949846515024077,0.966620229581383,0.977085268408269,0.967785433841059,0.952461829590145,0.95951540408855,0.945809248685939
454,"MWI","Malawi",NA,NA,NA,NA,NA,NA,NA,NA,NA,0.781020503881019,0.831884366502294,0.802829508473193,0.789941611400527,0.783591159319378,0.829324570244986,0.880864186692163,0.89788133254146,0.933733193512811,0.961486831087457,0.961484056280592,0.973037262444639,0.967393453758615,0.968064148017589,0.95534375486061,0.940269873794246,0.938140523927813,0.929644339648952,0.928461114466601,0.943466539232257,0.946097520360882,0.944054940136697,0.954712643995049,0.969568841790069,0.943849671972238
458,"MYS","Malaysia",NA,NA,NA,NA,NA,NA,NA,NA,NA,0.965795171224308,0.955880046148813,0.953308592550333,0.972405706085692,0.961148137399993,0.961606029276887,0.977157848380245,0.983474374546801,0.977882672686724,0.988626664110635,0.987933888978481,0.958027004427015,0.965780260681382,0.971636396091884,0.960071915089876,0.96067064714992,0.927968443772529,0.841832268650719,0.790976393887335,0.73922391202604,0.770088744998568,0.589027551751713,0.208760286793782,0.0885812704361212,0.0925010615871002
462,"MDV","Maldives",NA,NA,NA,NA,NA,NA,NA,NA,NA,0.974761062593772,0.977281208996719,0.951305554890121,0.944414363868623,0.894634665567474,0.901620836587736,0.878657899020037,0.901398195254102,0.914915129090021,0.950980146972223,0.942442747484593,0.934761820695961,0.914802093780572,0.882325786195754,0.816384091863109,0.761902303519882,0.690452439162509,0.734018405370226,0.727518465264769,0.863544700997929,0.935377400273053,0.897130979432184,0.855825954670882,0.557740211113165,0.387274738211846
466,"MLI","Mali",NA,NA,NA,NA,NA,NA,NA,NA,NA,0.976970742928775,0.802253799092386,0.883913148376491,0.92210077009728,0.937403171798596,0.9463800532164,0.953088133366465,0.954841042342871,0.934322616637377,0.914440830508483,0.892011879058643,0.957458231177992,0.971061759470026,0.983356791988976,0.982596339403169,0.982255317317029,0.982906110417623,0.988339823586022,0.990652832738284,0.989732609011539,0.985615449327519,0.988014804047717,0.99077059717756,0.988507045189899,0.966164995659132
470,"MLT","Malta",NA,NA,NA,NA,NA,NA,NA,NA,NA,0.0326135165604055,-0.573814750271911,-0.775535984905239,-0.923728572903865,-0.892722428597857,-0.883881975583115,-0.783417312125875,-0.769724330347092,-0.524385517304288,-0.137898273257387,0.543640588304828,0.2481662818138,-0.241746143664404,-0.333705301746216,-0.622945437392407,-0.910767731517227,-0.948651434891986,-0.959925199468283,-0.9644515272782,-0.948225788064252,-0.905382761068825,-0.885649333199684,-0.812644250752202,-0.648256798991764,-0.412944013964019
584,"MHL","Marshall Islands",NA,NA,NA,NA,NA,NA,NA,NA,NA,0.755316396769449,0.69006689820863,0.579934500656563,0.571026612279553,0.595584513735501,0.799694763204995,0.164405796322282,0.110296770454783,-0.105602569925717,-0.153611299448641,-0.38253331026758,-0.189670762102653,-0.199760448526697,-0.241278480207867,-0.49114415773786,-0.544378096653817,-0.712026610619577,-0.759586768035791,-0.802157185197673,-0.745672843724959,-0.604420574503237,-0.765752082174734,-0.796470306830104,-0.833822597282789,-0.794809478011317
478,"MRT","Mauritania",NA,NA,NA,NA,NA,NA,NA,NA,NA,0.866027341442426,-0.0713407062091056,-0.185200106706558,-0.202211603807445,-0.282462747436621,-0.293137900895506,-0.231125551967553,-0.170327693504042,0.0162153193480893,0.359156956935548,0.856345675287478,0.852826566635339,0.84070309420149,0.84682165375627,0.819693136646774,0.844495400987636,0.883678466279478,0.93891072562396,0.956768598259734,0.968237814722467,0.977463853390685,0.97725327644966,0.975552526089375,0.961131161833705,0.894875089699073
480,"MUS","Mauritius",NA,NA,NA,NA,NA,NA,NA,NA,NA,0.721861198094316,-0.148964251055233,-0.630461707053959,-0.820020199193201,-0.824398133064795,-0.760975546141888,-0.556758717849201,-0.2317162617213,0.0913223278129115,0.349152615905409,0.795075478103189,0.809804132121051,0.821953689060559,0.819777404945218,0.802104207106909,0.801912704346524,0.811910977611685,0.883047702670749,0.860022881833627,0.74083024764956,0.736500456517368,0.208379391242824,0.191437750866487,0.216878498034661,0.180744075149078
484,"MEX","Mexico",NA,NA,NA,NA,NA,NA,NA,NA,NA,0.381770182307658,0.397976932957828,0.509630650129647,0.532666264132371,0.608990944448154,0.943972649747792,0.912175385121724,0.897729778778964,0.919428597439353,0.959331431754674,0.876000948144323,0.803403524345116,0.673026217289297,0.0925538719755444,-0.37442632028987,-0.681501532173173,-0.803902684942315,-0.844152193447515,-0.880918235813149,-0.905282669220017,-0.96206866865028,-0.507503781013281,-0.383699461036693,-0.376955481996789,-0.359250233160786
583,"FSM","Micronesia",NA,NA,NA,NA,NA,NA,NA,NA,NA,-0.208248185276663,-0.0820566701404195,0.127480263042708,0.141537808540897,0.0843772278675493,-0.0181956773443581,-0.0600325544141171,-0.296103046054876,-0.307164148774108,-0.168041096976147,0.205326697012545,0.320235972383371,0.0501148191560231,-0.0756694707661948,-0.185025260130564,0.191934670107692,0.0556066986682058,-0.0844289500937353,-0.220872181338541,-0.226409469913702,-0.120678255301708,-0.240465968679323,-0.533747748170676,-0.737771162350037,-0.715043540497637
498,"MDA","Moldova",NA,NA,NA,NA,NA,NA,NA,NA,NA,0.988406041598716,0.970206949359887,0.911877182815245,0.793891591322145,0.336696952544093,0.0419469283667899,-0.0864371338563494,-0.0211752441243311,0.193790940756103,0.855756625312154,0.874728982991706,0.846704399919265,0.828036401108965,0.748592561453505,0.709503479434142,0.576373616969661,0.533967980264744,0.506246519970909,0.451122005412752,0.564590579262672,0.421089239412432,0.496739878219328,0.851588468671204,0.791644733167626,0.741996465299118
492,"MCO","Monaco",NA,NA,NA,NA,NA,NA,NA,NA,NA,NA,NA,NA,NA,NA,NA,NA,NA,NA,NA,NA,NA,NA,NA,NA,NA,NA,NA,NA,NA,NA,NA,NA,NA,NA
496,"MNG","Mongolia",NA,NA,NA,NA,NA,NA,NA,NA,NA,-0.0483455418204747,-0.302339639125062,-0.350759521058018,0.145083782354754,0.798471334414248,0.891025251611835,0.942697174084368,0.962315283815398,0.975516283416513,0.983529533223886,0.982849904938197,0.98182836149839,0.988437478908953,0.996587771317526,0.992051794731919,0.978070583656378,0.963203787314016,0.922402136613891,0.918423540919753,0.923238364163148,0.906643192737834,0.860746763955609,0.840067542185461,0.890933062078325,0.960221972732597
499,"MNE","Montenegro",NA,NA,NA,NA,NA,NA,NA,NA,NA,NA,NA,NA,NA,NA,NA,NA,0.85804793111293,0.879412691470454,0.907804002575099,0.899938709380868,0.903289278268916,0.889330497848089,0.855618843567053,0.73868899553779,0.261053017582473,-0.0756273692549159,-0.396155564249017,-0.611774380843067,-0.701441680034676,-0.908904009517669,-0.676614694890424,-0.691369977949111,-0.652962328729103,-0.626595736583397
504,"MAR","Morocco",NA,NA,NA,NA,NA,NA,NA,NA,NA,0.835479331694888,0.839463846084932,0.925641073859927,0.946222920627022,0.932895147772895,0.949379245200717,0.978422345017427,0.983906832684434,0.984884499708073,0.988350690138262,0.986086683373319,0.985786891909275,0.984108987338286,0.987532975208334,0.980237499074437,0.979508547854084,0.978115462325535,0.97323952526669,0.972000178766168,0.970664131760252,0.954297072505506,0.938804750193288,0.956121672476446,0.967818050236208,0.864899273845327
508,"MOZ","Mozambique",NA,NA,NA,NA,NA,NA,NA,NA,NA,0.872862138329249,0.708937303119803,0.385530983350733,0.441375302322504,0.664615868419211,0.743050388032052,0.811033116130657,0.827627014776427,0.711105427763166,0.710896505474941,0.740487658838314,0.725852135725291,0.724138126636872,0.783356603418093,0.868021549501528,0.929594389267533,0.955593100082242,0.973764069953989,0.97261823631429,0.944585500229164,0.928554003637609,0.883570569652503,0.843157191518261,0.827439493263344,0.804544022828098
104,"MMR","Myanmar",NA,NA,NA,NA,NA,NA,NA,NA,NA,0.983110887831274,0.956477075293951,0.916846384327007,0.838079948126589,0.837146320872587,0.812685536848294,0.804117397537368,0.81100234144812,0.853198524911232,0.84757135305588,0.852639831739552,0.832900185914688,0.826499020957657,0.705230176704378,0.744032430121997,0.823914121887728,0.898304880391615,0.926051641757716,0.920282397004163,0.956883105728628,0.970223981849632,0.969700636614353,0.93855851969854,0.664523136312427,0.514150188237948
516,"NAM","Namibia",NA,NA,NA,NA,NA,NA,NA,NA,NA,0.937760398520072,0.900812636950874,0.904117076555638,0.874812235342802,0.833910967267052,0.757990407351252,0.81771981901381,0.75987618413389,0.654272029276487,0.692151254887894,0.701134973940781,0.70760173059182,0.869988681676499,0.882855440582464,0.883241339541278,0.891404850203981,0.942994836379728,0.913521579560582,0.907946968952287,0.899457466069947,0.896086766465249,0.845802547984942,0.759426689306688,0.655706082748063,0.316900623228934
520,"NRU","Nauru",NA,NA,NA,NA,NA,NA,NA,NA,NA,NA,NA,NA,NA,NA,NA,NA,NA,NA,NA,NA,NA,NA,NA,NA,NA,NA,NA,NA,NA,NA,NA,NA,NA,NA
524,"NPL","Nepal",NA,NA,NA,NA,NA,NA,NA,NA,NA,0.992505859286536,0.99280705064343,0.993766939949801,0.992420846132206,0.990786221070791,0.983030019383197,0.981339454551297,0.962146268464139,0.952916671222566,0.964433841634063,0.941210788139533,0.95734817454472,0.966606965857513,0.976860651851101,0.985464541129796,0.990327280421317,0.940649117220382,0.901245006749608,0.91101994742473,0.932112811787098,0.796471160394618,0.805791022109703,0.7894736399198,0.752903057853205,0.711029042698864
528,"NLD","Netherlands",NA,NA,NA,NA,NA,NA,NA,NA,NA,-0.961250302080012,-0.951063533007028,-0.956122532932341,-0.969213313655826,-0.978003846102104,-0.974798581657355,-0.96403013673711,-0.955497042656,-0.967393844214788,-0.983415835220467,-0.917433041118425,-0.895309514157835,-0.888199689380057,-0.843704245053092,-0.779789899893236,-0.702233715138905,-0.679534947686662,-0.645506498191813,-0.728243738152488,-0.873327168667825,-0.871974701514017,-0.847045890001786,-0.898449131214377,-0.917551970802354,-0.919987837237817
540,"NCL","New Caledonia",NA,NA,NA,NA,NA,NA,NA,NA,NA,NA,NA,NA,NA,NA,NA,NA,NA,NA,NA,NA,NA,NA,NA,NA,NA,NA,NA,NA,NA,NA,NA,NA,NA,NA
554,"NZL","New Zealand",NA,NA,NA,NA,NA,NA,NA,NA,NA,0.979529484082796,0.979254497879777,0.965039628937315,0.980135405425268,0.98743261873854,0.973861735463462,0.953891844330669,0.906642050812961,0.814955812452824,0.689059660621271,0.236351409933176,-0.358960074086713,-0.675128307351925,-0.827153886562088,-0.84678721346816,-0.817887727043891,-0.742677554845667,-0.78367514950121,-0.78354388210913,-0.906253235539404,-0.927036552523739,-0.841375619577967,-0.894673148996171,-0.909680264248567,-0.931077861138202
558,"NIC","Nicaragua",NA,NA,NA,NA,NA,NA,NA,NA,NA,0.989429893535018,0.991779106767759,0.988127110239819,0.971210703418214,0.949797567270803,0.889352282408997,0.70734931127175,0.502230681088197,0.239143265851304,-0.333654567444028,-0.171379139252895,0.38105058346614,0.721966295311892,0.812167140989636,0.737831978944896,0.778668295902136,0.825198250946737,0.855527912563325,0.882140800918449,0.822611515790585,0.760036204018814,0.604848303940898,0.656596207168648,0.732050685677949,0.640179213704374
562,"NER","Niger",NA,NA,NA,NA,NA,NA,NA,NA,NA,0.939947413617256,0.941745079161281,0.918112713962227,0.950451227464392,0.958045812377289,0.94190097527563,0.953250012725932,0.959424216021428,0.974324227320205,0.983173243978061,0.97309858883139,0.98023546701274,0.982343325524769,0.983807295523568,0.987524012608961,0.993561583836213,0.994547921489642,0.983392796351086,0.955753468766953,0.919339414056378,0.904371168592751,0.902318926566437,0.937326217228349,0.924420996443075,0.928378156272084
566,"NGA","Nigeria",NA,NA,NA,NA,NA,NA,NA,NA,NA,0.760767638116823,0.830682333783066,0.908708646113178,0.912520504091286,0.923222473523528,0.928271590911098,0.928164399202783,0.847978846327267,0.709772383399374,0.6906992403492,0.569970349283526,0.618786249417592,0.723245581609315,0.795044798556762,0.864338952738736,0.926419479071715,0.957149209007826,0.963612167010876,0.957348957200244,0.957684456832555,0.937431302835757,0.900786051896333,0.780899764296033,0.58553831373135,0.524408752740561
570,"NIU","Niue",NA,NA,NA,NA,NA,NA,NA,NA,NA,NA,NA,NA,NA,NA,NA,NA,NA,NA,NA,NA,NA,NA,NA,NA,NA,NA,NA,NA,NA,NA,NA,NA,NA,NA
408,"PRK","North Korea",NA,NA,NA,NA,NA,NA,NA,NA,NA,NA,NA,NA,NA,NA,NA,NA,NA,NA,NA,NA,NA,NA,NA,NA,NA,NA,NA,NA,NA,NA,NA,NA,NA,NA
807,"MKD","North Macedonia",NA,NA,NA,NA,NA,NA,NA,NA,NA,-0.0741675721718501,-0.447316961317494,-0.712767560622044,-0.841510922488909,-0.874159171598609,-0.899121133938859,-0.909348363495733,-0.87328384308025,-0.707864071280135,-0.705260259294215,-0.700856381553921,-0.657839268233825,-0.319269278513764,0.0919735316951009,-0.295157951439415,-0.471369930717132,-0.722932763939332,-0.857344981068534,-0.869942236953233,-0.888152916782805,-0.863773732800264,-0.845752012232751,-0.837350459461379,-0.824275693740525,-0.790393316698789
578,"NOR","Norway",NA,NA,NA,NA,NA,NA,NA,NA,NA,0.928318772576861,0.887195434735435,0.735494962479293,0.408861381190295,0.126403652892848,-0.252850456184836,-0.606118244948868,-0.724338683961702,-0.539275285558093,-0.409475473985733,-0.189387614868505,0.154653127353021,0.314853591140879,0.194703610576445,0.0441596908562139,-0.222524619670362,-0.341640361458419,-0.533573219260536,-0.634433335116719,-0.71825432996259,-0.979729231006412,-0.92282496457034,-0.921434963266592,-0.925037572595888,-0.938286407318044
512,"OMN","Oman",NA,NA,NA,NA,NA,NA,NA,NA,NA,0.743315388155977,0.704830157917714,0.792294074053934,0.848400917122582,0.871530911770152,0.894554973547613,0.675312331107025,0.700433347419425,0.791483389488402,0.791320728320023,0.781520650888837,0.823315735391323,0.866335544927562,0.912279602229736,0.945025444333471,0.961170815451167,0.965657879914201,0.956553856875177,0.955349693164129,0.934612958864323,0.916972169977968,0.841800419402304,0.613922755982291,0.475546041001739,0.499507434234757
586,"PAK","Pakistan",NA,NA,NA,NA,NA,NA,NA,NA,NA,0.991704652955307,0.985048763619662,0.979924670244648,0.983494721936935,0.978849890958447,0.983219892587737,0.988206969727303,0.989642296631133,0.987729490035582,0.987755052838566,0.993064149826725,0.993582533898364,0.991856136451724,0.916081729184228,0.767552934775139,0.548089477028329,0.294121283265796,0.35886691171508,0.523979531485243,0.255876100678995,0.13289100902163,0.291522239910199,0.606205551037337,0.632040500358369,0.633300319436784
585,"PLW","Palau",NA,NA,NA,NA,NA,NA,NA,NA,NA,-0.178523705095472,-0.129584961539454,0.098216697740219,0.0488493747233595,0.0451442102642827,0.243857837734894,0.312579546907424,0.239432790748168,0.00530678312138732,-0.0641137353714653,-0.0915121175735789,-0.0606484469565894,0.339529327429994,0.344305870431792,0.555080049479991,0.457402483959081,0.141625702927602,-0.14408815051194,-0.334692602691238,-0.343344244646513,-0.239136392061164,0.130642242141005,0.425619538412679,0.870501992027575,0.872313011269987
591,"PAN","Panama",NA,NA,NA,NA,NA,NA,NA,NA,NA,0.961300493530976,0.943949421341404,0.928719208864888,0.919729358637834,0.911217218586656,0.856108543648151,0.858332947895527,0.841936297278507,0.767474216715014,0.727522787466449,0.779337095264345,0.817915223006406,0.893741894457537,0.889804892746781,0.832759126860034,0.786928678850855,0.778739730995858,0.766640768088111,0.635967040468963,0.110944194402823,0.364450481385416,0.32322974834164,0.356907968592579,0.558012600317433,0.619898092247488
598,"PNG","Papua New Guinea",NA,NA,NA,NA,NA,NA,NA,NA,NA,0.747112628787445,0.446184682740977,0.101667549612419,-0.438220443014704,-0.53810836136338,-0.2333851675981,0.0717772039424065,0.444961218059916,0.48940193367812,0.355491021512487,0.226429796575671,-0.349030625010048,-0.73769133902847,-0.917808737296869,-0.951977801405273,-0.765285811851797,-0.410452810508355,0.08665559531935,0.538403127051769,0.713971911930222,0.965277993533692,0.944341102873116,0.944116504380398,0.838394482577953,0.620359812578569
600,"PRY","Paraguay",NA,NA,NA,NA,NA,NA,NA,NA,NA,0.994150196807636,0.969183599559651,0.947914330568596,0.898513517695874,0.76172777100479,0.294754676418986,-0.127309638610693,-0.391031079779489,-0.598874087217749,-0.58520969057443,-0.213343580164452,0.32950045802241,0.599146943547501,0.715164311229883,0.869519722016909,0.940772677962581,0.959986687413858,0.945522478945129,0.93943338946078,0.941665795028446,0.957383032654648,0.965144414533693,0.953206976419326,0.863067162211757,0.593016697329256
604,"PER","Peru",NA,NA,NA,NA,NA,NA,NA,NA,NA,0.978415518270393,0.981371201812165,0.911595898188792,0.743066675978572,0.333320449004652,0.27495414245583,0.0646653191663171,-0.238438767907939,-0.320185940992041,0.089505759160139,0.551783374533309,0.765516412446604,0.824854306585085,0.85446210493278,0.871705367625738,0.928498976032236,0.935697246618407,0.929653463822415,0.942333671586554,0.958778229880623,0.944182409591881,0.847178453055502,0.889783757198819,0.925420018228707,0.939312541801174
608,"PHL","Philippines",NA,NA,NA,NA,NA,NA,NA,NA,NA,0.973215423560531,0.96786442081665,0.956341237922552,0.9518954462439,0.905831181046084,0.840398664195564,0.644064210529847,0.17156905584225,-0.222346453797909,-0.529317409788333,-0.799404152174279,-0.876336842258644,-0.848536572957996,-0.530752777040089,0.0254702075105447,0.592902822409765,0.838439429548679,0.930735256140813,0.980960241873632,0.993470202464281,0.991419018941462,0.974300443199097,0.962400901488599,0.936872117795239,0.921167683589459
616,"POL","Poland",NA,NA,NA,NA,NA,NA,NA,NA,NA,-0.842630223960278,-0.884818251882389,-0.915764464304058,-0.936010628655638,-0.950177483589823,-0.940070282171765,-0.86749677198023,-0.677104885213838,-0.423028883359201,-0.265443784226944,-0.111616761664704,0.0937483977774991,-0.0374779551990019,-0.524928244551726,-0.740251698999498,-0.841968635661148,-0.90313587118,-0.923934926020807,-0.865608807142871,-0.830581837128064,-0.838014563427068,-0.840494218709994,-0.876051649661465,-0.904740899001949,-0.892310543964405
620,"PRT","Portugal",NA,NA,NA,NA,NA,NA,NA,NA,NA,0.771585937317485,0.788433072134083,0.730936284297671,0.781916239604534,0.548545229405132,0.310103308397009,0.249708958819898,-0.322910371019124,-0.771945883987524,-0.91285344963629,-0.835253911883586,-0.780733206941947,-0.604355389707871,-0.0496643902560038,0.39759481361743,0.648461676379123,0.837005191896845,0.832274484919623,0.573525045302665,0.0746968336505276,-0.251016278979894,-0.373573811385092,-0.570919688775927,-0.644391323786592,-0.715134184422372
634,"QAT","Qatar",NA,NA,NA,NA,NA,NA,NA,NA,NA,0.916514486244746,0.916230879060442,0.929652782255686,0.828223635547279,0.845998893837475,0.868159867825353,0.896731325214593,0.909910991579796,0.952212991731157,0.97061883607428,0.961665630279797,0.963067688675624,0.945956342781177,0.952495989613085,0.954055927016372,0.943582218346129,0.926339159172998,0.910650287786104,0.904153867064097,0.931268813456317,0.946025894708605,0.975751292612894,0.958061417658612,0.920838287124262,0.857411003392749
178,"COG","Republic of Congo",NA,NA,NA,NA,NA,NA,NA,NA,NA,-0.316760639050566,-0.148810879673917,0.253646354023077,0.111440607425136,0.469118227153325,0.599676332390889,0.872503477815914,0.930329283025349,0.91494111272635,0.905382451561521,0.949711899137604,0.965655755414186,0.977728474592819,0.98529721784058,0.980306524241963,0.9831455331231,0.983573543839397,0.981822907843827,0.974285057302921,0.9629915310665,0.915082119250365,0.895632201316848,0.907820219836175,0.881935353753681,0.86266071929658
642,"ROU","Romania",NA,NA,NA,NA,NA,NA,NA,NA,NA,0.624601454922734,0.0667057131323777,-0.116635356735451,-0.0216506352316941,-0.0952948571084802,-0.110876451526665,-0.18841604803361,-0.212791564710836,-0.198604513837224,-0.255060270337934,-0.588115837951172,-0.666912640709378,-0.705259004407894,-0.717073470561367,-0.702995603377483,-0.66813424414718,-0.629597703106289,-0.539393571775573,-0.449354827448743,-0.712692867518475,-0.704773580774423,-0.716631542823846,-0.682171598362843,-0.702853166817427,-0.699989892506342
643,"RUS","Russia",NA,NA,NA,NA,NA,NA,NA,NA,NA,0.95377026285129,0.901685461326267,0.722612412477693,0.146036630963884,-0.528654020282122,-0.675449661932784,-0.792114180433731,-0.903439523147958,-0.905826031243133,-0.906367492161683,-0.760921211926113,-0.754997532377363,-0.732267121340857,-0.749117942206283,-0.737378845860553,-0.684962616473404,-0.662834619499099,-0.536342889125765,-0.488350972990749,-0.474014902573319,-0.200433572326109,-0.0461669737244874,0.603868364043245,0.880251408622005,0.93098219064271
646,"RWA","Rwanda",NA,NA,NA,NA,NA,NA,NA,NA,NA,-0.0624307955524803,0.0332853809899765,0.183602941600497,0.526389176649552,0.670837028690026,0.440804863392442,0.475666846420874,0.587461912691899,0.860577921064967,0.846469332709816,0.860747703070151,0.869604538710593,0.885075059122505,0.971526839050532,0.964675458866088,0.967401985730205,0.972663337965786,0.9797161795617,0.980432573298887,0.964917043249325,0.962029252093083,0.948966244689759,0.958875745230672,0.905391949186775,0.935813489746808
652,"BLM","Saint Barthelemy",NA,NA,NA,NA,NA,NA,NA,NA,NA,NA,NA,NA,NA,NA,NA,NA,NA,NA,NA,NA,NA,NA,NA,NA,NA,NA,NA,NA,NA,NA,NA,NA,NA,NA
659,"KNA","Saint Kitts and Nevis",NA,NA,NA,NA,NA,NA,NA,NA,NA,0.659221141778381,0.618490112564063,0.564267082776876,0.494995307926021,0.505915557862062,0.839763196741162,0.839857492120143,0.176537153096294,-0.0434143849648016,-0.19579237032997,-0.35683448240725,-0.219195189514512,-0.350689469889771,-0.374507523210649,-0.0927368964188289,0.447155525676506,0.752074436806353,0.704390229037171,0.628960683713966,0.640343946334359,0.641812184296055,0.867240424046543,0.851557198194897,0.841458350427061,0.827446582493241
662,"LCA","Saint Lucia",NA,NA,NA,NA,NA,NA,NA,NA,NA,0.892678646077166,0.89268221318571,0.781374571260979,0.733847664893888,0.698149594827195,0.710533372514743,0.741214143314801,0.800380122091438,0.845512266904928,0.898363790907933,0.885887638898841,0.813851299241571,0.79625649042856,0.740559218221353,0.732692407973527,0.667062662983967,0.520811769225086,0.391080502997718,0.272136463389516,0.355491599301343,0.331156727213857,0.340340227745601,0.46025912711597,0.825891870817139,0.891446948167419
882,"WSM","Samoa",NA,NA,NA,NA,NA,NA,NA,NA,NA,0.779392388912824,0.761541256660084,0.846567891744985,0.901178050705191,0.930709977577763,0.926541066858699,0.880451652113295,0.831740990474624,0.736898720149311,0.576813336195621,0.0205023481134743,-0.590486927216368,-0.898408812894865,-0.955499360714122,-0.94131989212428,-0.907808062528825,-0.706018256843376,-0.247718624199934,-0.30216569574866,-0.0346339385211907,-0.0424392346918581,-0.261864693413555,-0.267885981484439,-0.274244182505195,-0.41912448912741
674,"SMR","San Marino",NA,NA,NA,NA,NA,NA,NA,NA,NA,NA,NA,NA,NA,NA,NA,NA,NA,NA,NA,NA,NA,NA,NA,NA,NA,NA,NA,NA,NA,NA,NA,NA,NA,NA
678,"STP","Sao Tome and Principe",NA,NA,NA,NA,NA,NA,NA,NA,NA,0.892471770743675,0.813993315021338,0.721001857950745,0.769324948772224,0.883406097649922,0.929207053641727,0.965969579692069,0.983823460539213,0.985660744841728,0.987624163551404,0.98895313620057,0.984839289739529,0.981437372430043,0.975716030888022,0.970553245609959,0.962146507554443,0.96095656314423,0.963911877192515,0.964368813835454,0.970863156971318,0.974461620469964,0.97553500593853,0.972088754131,0.974947732785596,0.9627012973552
682,"SAU","Saudi Arabia",NA,NA,NA,NA,NA,NA,NA,NA,NA,0.937214728456998,0.883879747689784,0.861097496245083,0.897504298090137,0.85261603408469,0.833897554636182,0.882755053033649,0.919724323130002,0.93105033211715,0.909831150050241,0.877338792299174,0.880486668274689,0.920695779612691,0.95758024911759,0.963681713486781,0.968322837908502,0.971131080949683,0.974654544359409,0.970592154025321,0.941066823944722,0.887348688987315,0.834567368292521,0.709869735085184,0.616639676475153,0.498685448358798
686,"SEN","Senegal",NA,NA,NA,NA,NA,NA,NA,NA,NA,0.987617730784558,0.990389217900029,0.994106037777343,0.995191226861962,0.971621866437582,0.971338090569626,0.97506958326643,0.976231979918177,0.970691054444838,0.959865650281068,0.947133197348607,0.959073409162968,0.969050081735761,0.989700733445469,0.982955314492771,0.978340384168247,0.981598219660656,0.986118019824864,0.908341204210336,0.835868224791756,0.78955520034302,0.77268124495306,0.796859251750819,0.801332526156286,0.798862866710264
688,"SRB","Serbia",NA,NA,NA,NA,NA,NA,NA,NA,NA,NA,NA,NA,NA,NA,-0.331298337613807,-0.323562925406748,-0.211494865191453,-0.0354408245727007,0.435087452284547,0.130200085412804,-0.401036630225656,-0.681137160176474,-0.683773957512614,-0.616799297314131,-0.234103544933803,-0.215072028278004,-0.141471062362802,-0.295051310586627,-0.651040314596857,-0.745011062013588,-0.817228132505927,-0.884739045034733,-0.889090426563447,-0.924669323519521
690,"SYC","Seychelles",NA,NA,NA,NA,NA,NA,NA,NA,NA,0.889476644968251,0.705116663247841,0.702146319019109,0.737366518279648,0.701038163000288,0.487765556914351,0.428113463832966,0.424709211057274,0.290109832442274,0.256558071182946,0.263821606395608,0.240193788425149,-0.0552040302936039,-0.182269651215481,-0.729335990012223,-0.422496032904953,0.124576573207952,0.65441447040613,0.796703024146232,0.868194967538752,0.963380044712617,0.964485306744976,0.942253611822036,0.938410756657326,0.911373245185349
694,"SLE","Sierra Leone",NA,NA,NA,NA,NA,NA,NA,NA,NA,0.610816022908055,0.560948786091395,-0.629065158466426,-0.341687426461002,0.0257314026175728,0.24710490131052,0.297567428533209,0.530073441193567,0.630832351168566,0.734523019742605,0.917402120070348,0.917952320099105,0.941255085497028,0.971615758335566,0.987209991538513,0.957503237115111,0.883040538702174,0.875081521076799,0.864857360159555,0.854714425730998,0.844271844758541,0.798966884696728,0.721908225079126,0.670287758414636,0.814985971709442
702,"SGP","Singapore",NA,NA,NA,NA,NA,NA,NA,NA,NA,0.86579144112905,0.824421512184943,0.69431639976263,0.564810473642149,-0.38344594622215,-0.658428108887159,-0.79446079552128,-0.844615836718562,-0.865443170717094,-0.902232092240289,-0.882030690102738,-0.750679944898579,-0.495731431953285,-0.350557627987373,-0.498489707261936,-0.604911224855677,-0.613754336653695,-0.637807299218897,-0.70206180044747,-0.828647197195036,-0.884710809552746,-0.852249098428679,-0.788059428574134,-0.557724567452892,-0.572813774566114
534,"SXM","Sint Maarten",NA,NA,NA,NA,NA,NA,NA,NA,NA,NA,NA,NA,NA,NA,NA,NA,NA,NA,NA,NA,NA,NA,NA,NA,NA,NA,NA,NA,-0.543899281992657,-0.377866531196741,0.428320552246784,0.597172200532509,0.515903930677357,0.479096854906092
703,"SVK","Slovakia",NA,NA,NA,NA,NA,NA,NA,NA,NA,0.206260787130031,-0.0875669100337966,0.311948882925783,-0.350947944363495,-0.695892555299089,-0.85283531241261,-0.739247778817112,-0.82144647800229,-0.849783347943812,-0.844867101026872,-0.812743436319597,-0.817722804813067,-0.789779384623547,-0.814870138450743,-0.826788369925334,-0.863122241694659,-0.860600275209432,-0.879939694063011,-0.861076363388564,-0.900364197102185,-0.878708787469778,-0.891295759289182,-0.873852246771908,-0.901964622055864,-0.897018795894692
705,"SVN","Slovenia",NA,NA,NA,NA,NA,NA,NA,NA,NA,-0.238333410077622,-0.512028378173592,-0.658109978857424,-0.86723455439255,-0.935783067137295,-0.940444116734351,-0.907159389382931,-0.822160365130069,-0.834783520611831,-0.667601376411722,-0.550156444475331,-0.505801045812536,-0.422513170959405,-0.240211344461445,-0.0270193166146074,0.131140538325052,0.315803484948292,0.249016639042232,-0.184707514351804,-0.755336613997648,-0.818671663611222,-0.848998586741797,-0.901399845262335,-0.920874464881498,-0.92497632490424
90,"SLB","Solomon Islands",NA,NA,NA,NA,NA,NA,NA,NA,NA,0.584083193207786,-0.0734970179381985,-0.52510076232749,-0.775553164332714,-0.8967504076074,-0.921168930930234,-0.80367129115895,-0.634890496505828,-0.480677338974285,-0.27561279528957,-0.197450268728647,-0.537758228149882,-0.859804342257116,-0.926591431802679,-0.885821731523473,-0.850580247912394,-0.812658359375158,-0.825238148540848,-0.808537467875449,-0.721399273308121,-0.751508715531951,-0.546204185832866,-0.617782130146711,-0.518888957723696,-0.451764992099502
706,"SOM","Somalia",NA,NA,NA,NA,NA,NA,NA,NA,NA,NA,0.527732169039006,0.804900022409708,0.908065037677712,0.970358355213482,0.968758333726913,0.964579592123116,0.950980909286917,0.91500308523242,0.88987023340923,0.955698187882757,0.963150906070864,0.977480832145269,0.983040389970694,0.983622956859794,0.982977873799722,0.98426831571278,0.985053458144905,0.982927462873476,0.989944549287438,0.994823749919483,0.986811545998826,0.982119007202916,0.976187740831534,0.969535710396822
710,"ZAF","South Africa",NA,NA,NA,NA,NA,NA,NA,NA,NA,0.951647595268737,0.923189797162133,0.90698499544336,0.922966148457768,0.935908475362466,0.948464650881936,0.932640508525358,0.882513558632388,0.862871998973779,0.863974063320879,0.778580907401614,0.831122323777444,0.795156023401201,0.755789523391483,0.72908899530958,0.812646672644908,0.637348577019926,0.26630759578374,0.104210297780817,0.0852337756024207,-0.688069663302115,-0.273262162742713,-0.355035829204302,-0.447302000590058,-0.479631607447074
410,"KOR","South Korea",NA,NA,NA,NA,NA,NA,NA,NA,NA,0.662815530618984,0.367608011742597,0.11505000542367,-0.111572736193462,0.0885619643975735,0.258293873610735,0.368671284704153,0.379923440212699,0.241164219790065,-0.40497699079077,-0.694540190903835,-0.866427546103991,-0.938071467245488,-0.948541715075582,-0.91028902085251,-0.80301214275206,-0.6396178185971,-0.384512746553715,-0.097737645148166,-0.0953880544062179,-0.477970579734135,-0.57534644690742,-0.778956751864768,-0.876740937913059,-0.941956113160465
728,"SSD","South Sudan",NA,NA,NA,NA,NA,NA,NA,NA,NA,NA,NA,NA,NA,NA,NA,NA,NA,NA,NA,NA,NA,NA,NA,NA,NA,NA,NA,NA,NA,NA,-0.885018396281965,-0.117379163403378,-0.29876301814782,-0.179615551706089
724,"ESP","Spain",NA,NA,NA,NA,NA,NA,NA,NA,NA,0.158282494137522,0.0581027625850773,-0.32727846281685,-0.0280342437095693,-0.196110229162657,0.0203469995555157,0.132983777692513,-0.329026624647561,-0.527446824598637,-0.593859853844035,-0.547700651162409,-0.53048157684126,-0.529604103753246,-0.362337382376875,-0.00181326238455184,0.422434530573541,0.663260234454472,0.537066127185485,0.137826380007682,-0.364362623466636,-0.562051430950572,-0.302067954423379,-0.328864239010388,-0.336277199579153,-0.419639648639459
144,"LKA","Sri Lanka",NA,NA,NA,NA,NA,NA,NA,NA,NA,0.988437125940448,0.990668942444858,0.988155881527262,0.989354088757227,0.983908009110135,0.976263775034273,0.953934477671816,0.905453379128766,0.895473121560319,0.907864316006644,0.951201548801333,0.95458259561515,0.974425655113265,0.974566540842485,0.965872914629737,0.970345201741303,0.970162880701667,0.898244982412218,0.923571862025243,0.895286725117438,0.871424508684002,0.765620773774836,0.637806132636159,0.513523591420249,0.437167507736302
670,"VCT","St. Vincent and the Grenadines",NA,NA,NA,NA,NA,NA,NA,NA,NA,0.905234344445979,0.674470163685825,0.474507311491426,0.278180135745596,-0.00703514890148339,0.0602810718653008,0.22177546592193,0.323550225127409,0.566781284564792,0.806770407820048,0.774522532322602,0.718621176708582,0.649232006677142,0.58387197813218,0.487952839923191,0.376492495155031,0.202033094826373,0.158858028354668,0.177009145995068,0.171284655730335,0.432780636916886,0.604186226311122,0.31676798334978,0.3581317471732,0.235896803463775
275,"PSE","State of Palestine",NA,NA,NA,NA,NA,NA,NA,NA,NA,NA,NA,NA,NA,NA,NA,NA,NA,NA,NA,NA,NA,NA,NA,NA,NA,NA,NA,NA,NA,NA,NA,NA,NA,NA
729,"SDN","Sudan",NA,NA,NA,NA,NA,NA,NA,NA,NA,0.752884473326501,0.8750539120774,0.90018112469812,0.907281390249857,0.923224624241039,0.9492484198933,0.968703636439678,0.984772488071688,0.9911994173837,0.990989229562928,0.985410140959994,0.981234103983653,0.97329206278069,0.610754527394815,0.239966222710639,-0.189658027704356,-0.511012211205979,-0.407717668117837,-0.307236429789508,-0.228236913639212,-0.15698562455294,0.181772696358311,0.583451961150708,0.391821786632983,0.143733426383437
740,"SUR","Suriname",NA,NA,NA,NA,NA,NA,NA,NA,NA,0.387787384632913,0.522421318798022,0.713823338172586,0.80044427342082,0.852897485095339,0.857394796152502,0.900484189139949,0.873048262883877,0.797637554438796,0.737221203139871,0.654820817356008,0.695603177276529,0.740849999832247,0.736234410145969,0.775983478041259,0.802204256394462,0.869475987843195,0.828719027808198,0.796876695188163,0.661686281495343,0.431402112345679,-0.183714154816223,-0.408707780141662,-0.509592385045766,-0.504608953325944
752,"SWE","Sweden",NA,NA,NA,NA,NA,NA,NA,NA,NA,-0.827489945962422,-0.867251341108386,-0.948069783421781,-0.975386396288338,-0.980531939285674,-0.978683460467456,-0.976779730021641,-0.961535031265755,-0.950214506628101,-0.942259092073835,-0.827843203900805,-0.813500885121228,-0.814464389037889,-0.815204480349729,-0.802722078743504,-0.804975624266092,-0.791142687121022,-0.816060962887693,-0.914121382027176,-0.95781798134565,-0.972364100277951,-0.932577175434937,-0.943312689805112,-0.945991120430519,-0.944656537590227
756,"CHE","Switzerland",NA,NA,NA,NA,NA,NA,NA,NA,NA,-0.728951554108164,-0.746247654244998,-0.763931546219598,-0.8689670580957,-0.884380848152223,-0.898206249547324,-0.901279018378486,-0.888806710448141,-0.898864684374795,-0.874680917936636,-0.871302256083239,-0.883469313311456,-0.886507745712189,-0.897303831572912,-0.901654378473837,-0.907687417859367,-0.913361901317281,-0.920857806223956,-0.929933415709432,-0.969144663440978,-0.970791129445556,-0.913018483343316,-0.943194598513518,-0.950225839237299,-0.947850012322274
760,"SYR","Syria",NA,NA,NA,NA,NA,NA,NA,NA,NA,0.964407041063044,0.926699414326997,0.907372764523504,0.871884135166195,0.781025480649279,0.777979481986399,0.797693340279925,0.900757294937081,0.942658068279367,0.959346854082929,0.855460475840534,0.678066766963126,0.427966489297788,0.355831868795519,0.621931764797279,0.754289478271345,0.85144365147946,0.901412663115472,0.93924578784687,0.979842728757679,0.984708753237069,0.97819432361789,0.913245593385119,0.314199779748304,NA
158,"TWN","Taiwan",NA,NA,NA,NA,NA,NA,NA,NA,NA,0.639021932657032,0.287645901301197,-0.36633282004741,-0.796575628092567,-0.947522135813184,-0.985101930833336,-0.986172303659593,-0.986870489237252,-0.990571083074235,-0.987436378209087,-0.966084318840511,-0.963865124929444,-0.954656514885619,-0.945012679277317,-0.930578004135526,-0.905817622395101,-0.892342738204819,-0.883957055372639,-0.940598633575181,-0.933782282304621,-0.978004570869331,-0.979047475978163,-0.981677126792268,-0.983469533964658,-0.983764702526109
762,"TJK","Tajikistan",NA,NA,NA,NA,NA,NA,NA,NA,NA,0.982937504456281,0.97840766896413,0.925832296866476,0.722312863685824,0.13878998716286,0.445436062230039,0.660291859453588,0.798358497124567,0.890740451025797,0.96288101398255,0.978280930589781,0.979078232553081,0.97272319758331,0.969540575749335,0.960642180203605,0.961537185026893,0.969528869110657,0.986780933445242,0.987288038652763,0.979967451602968,0.968058891393464,0.965804850927884,0.970785439318024,0.958484068321976,0.939782212707094
834,"TZA","Tanzania",NA,NA,NA,NA,NA,NA,NA,NA,NA,0.837829546604322,0.872264461532478,0.895366203779406,0.936419261143093,0.962689819427025,0.956876573549207,0.979334878653707,0.988217939749241,0.965278708910552,0.950993511680916,0.92600504924976,0.918869039290366,0.931672993702408,0.913333611857763,0.912593076976245,0.928802285734749,0.946612822123031,0.937854690056772,0.869426545722766,0.815958855513646,0.777303502273859,0.763945240324074,0.790771355128676,0.791148874863568,0.889934290333728
764,"THA","Thailand",NA,NA,NA,NA,NA,NA,NA,NA,NA,0.953299691433824,0.937820163074675,0.910704323449627,0.870610424937351,0.809038407010032,0.757484215792331,0.801744607637206,0.892037757688517,0.926537183941926,0.938147065719349,0.931843988541451,0.930470988171703,0.919614285503769,0.965064735001361,0.985435980985519,0.988258582445867,0.987731962233998,0.988520474855455,0.986475263013868,0.991007968513583,0.991751198849351,0.977486046495261,0.961791188991723,0.932155499737201,0.930179217887184
626,"TLS","Timor-Leste",NA,NA,NA,NA,NA,NA,NA,NA,NA,0.68303806563184,0.642985653662646,0.63810803817197,0.473958073784507,0.396512493528585,0.39244951085059,0.414727374398112,0.407501124319396,0.464844230318765,0.508201106972396,0.28299803276987,0.183538324812557,0.238196435809668,0.46186245937623,0.593790569201599,0.723094238456495,0.784336765964111,0.858634569260796,0.889779722422956,0.918949386649842,0.785529254540031,0.415697436926846,0.277409840704225,0.0437201955390876,-0.389112439877436
768,"TGO","Togo",NA,NA,NA,NA,NA,NA,NA,NA,NA,0.785435133055577,0.784883991230533,0.769248074105746,0.738874703267326,0.591650405681129,0.543231068763845,0.323099223254715,0.724175860267494,0.732316159480144,0.758094727719965,0.811514295701169,0.87151254049039,0.825280934861528,0.713363927873957,0.485955971903148,0.17510498700775,0.00357954294980058,-0.213474200705997,-0.568670710242702,-0.644519591542687,-0.342532130018381,0.161432385257105,0.618723728717021,0.895791373284563,0.890610292467641
776,"TON","Tonga",NA,NA,NA,NA,NA,NA,NA,NA,NA,0.862751565349359,0.808049019371686,0.787608176769034,0.71200947771676,0.680125135486776,0.626963108635797,0.57418175183139,0.417813410035232,0.387388637802783,0.422649858808308,0.530029450115926,0.588946114981701,0.225648395763138,-0.0291874949373767,-0.429007320456991,-0.52955336782522,-0.579244613630578,-0.535377824460991,-0.503432155397975,-0.408706911182072,-0.0869746611085153,-0.0727682367068077,-0.297086075237832,-0.385174986117307,-0.633189499274117
780,"TTO","Trinidad and Tobago",NA,NA,NA,NA,NA,NA,NA,NA,NA,0.941749304844587,0.895472266728652,0.915285526145063,0.915881127348676,0.94673531453269,0.955607796764631,0.921323101844977,0.9424491649341,0.958050900906293,0.969707566888411,0.974950821498728,0.956550154088874,0.944211837157059,0.896189595251508,0.74717247266012,0.474627682786716,0.0769091448933774,-0.153908790338933,0.0399515326632984,0.233146987886442,0.391821639573096,0.723361694242846,0.949694970090927,0.97208780283266,0.972164704447633
788,"TUN","Tunisia",NA,NA,NA,NA,NA,NA,NA,NA,NA,0.899684862492043,0.907251577941812,0.919565736728563,0.939240588612208,0.967492533820147,0.940077084706381,0.881259028431252,0.880408055188213,0.900747264219078,0.852676933774812,0.868413868429389,0.83636081869273,0.871821385042246,0.887701993552363,0.807301935632527,0.774201524989053,0.706498499348647,0.671961276580864,0.750659789858017,0.710674594589335,0.591627165925109,0.805716325836274,0.790987357991415,0.78954441758498,0.707756485989291
792,"TUR","Turkiye",NA,NA,NA,NA,NA,NA,NA,NA,NA,0.901634324069536,0.893468540346364,0.84687732120164,0.715675683683655,0.386526013213859,-0.418039286027849,-0.0885105279218861,0.480450952107977,0.722422803374533,0.759256430987401,0.680291842352011,0.447941322535546,0.154782075995065,-0.200600836441594,-0.537575822150424,-0.696474320920024,-0.648521428094189,-0.47806723314268,0.018083686688202,0.540564373278877,0.774448031777649,0.523948572352539,0.305768950764259,-0.155713262763519,-0.650116676099537
795,"TKM","Turkmenistan",NA,NA,NA,NA,NA,NA,NA,NA,NA,-0.035351586570006,-0.0148837602136961,0.395112956101397,0.662317588290646,0.901289447879996,0.928000197952567,0.727068315823401,0.50718956293742,0.208012800998013,-0.119479836580289,-0.562085253544819,-0.618096111764384,-0.237761967911253,0.201524920145568,0.507784111482779,0.820871951490242,0.820624486288641,0.837729691817253,0.775795824898167,0.715513096442814,0.458520638687872,0.0378199977586756,-0.337650187076384,0.355232053432712,0.46381329582609
796,"TCA","Turks and Caicos Islands",NA,NA,NA,NA,NA,NA,NA,NA,NA,NA,NA,NA,NA,NA,NA,NA,NA,NA,NA,NA,NA,NA,NA,NA,NA,NA,0.279063473776134,0.383797007498911,0.478478562329627,0.487356751317672,0.54697902634624,0.455000382077565,0.285950830482715,0.14791244638106
798,"TUV","Tuvalu",NA,NA,NA,NA,NA,NA,NA,NA,NA,NA,NA,NA,NA,NA,NA,NA,NA,NA,NA,NA,NA,NA,NA,NA,NA,NA,NA,NA,NA,NA,NA,NA,NA,NA
800,"UGA","Uganda",NA,NA,NA,NA,NA,NA,NA,NA,NA,0.982711605606265,0.980673868849229,0.980156644938222,0.982195560153739,0.98172023084462,0.984496418447593,0.986796807965331,0.991140587616574,0.996713930869131,0.995378325176739,0.988415619093889,0.989835976432758,0.98986929862883,0.983615512746794,0.980663691144611,0.979356950510736,0.977089242299779,0.974558137815255,0.977461427908829,0.970814568139203,0.968765871955031,0.948612812735891,0.949956855881777,0.945688978857977,0.926554709038636
804,"UKR","Ukraine",NA,NA,NA,NA,NA,NA,NA,NA,NA,0.963753743081196,0.974245239091756,0.948141776903155,0.81866304776685,0.35062260520175,-0.154307366286977,-0.38554658826642,-0.361953780382808,0.075211336417133,0.502495209998327,0.263405157416372,0.104354491932047,-0.0148284222358317,-0.100066744597474,0.266393745509711,0.607970783671065,0.904980119016093,0.950652270565543,0.924353783703173,0.837935776839677,0.78493481295614,0.753281412261543,0.619182424541709,0.722429322857781,0.72874587192586
784,"ARE","United Arab Emirates",NA,NA,NA,NA,NA,NA,NA,NA,NA,0.968927788153366,0.890961263239779,0.900372613186894,0.901319711445698,0.898504132592339,0.861771489907841,0.867513413261062,0.836029206478879,0.87027231032284,0.852346154941567,0.781452089292206,0.711803789962005,0.744133838815425,0.811400385390654,0.874993311509176,0.873570082193208,0.832932201247639,0.856757380540872,0.874466283419423,0.63999436431505,0.444130674645545,0.249219620487389,-0.0685261730698508,-0.342793621066111,-0.286181271889928
826,"GBR","United Kingdom",NA,NA,NA,NA,NA,NA,NA,NA,NA,-0.985770953076311,-0.991236786172707,-0.991486241902499,-0.991942161421376,-0.982926808758667,-0.975388870228375,-0.964650816376609,-0.952409221354119,-0.950051898601885,-0.889375576818877,-0.657990980756443,-0.590839039290525,-0.53817842264251,-0.552656455960124,-0.533713128862772,-0.534211468337392,-0.523564132393314,-0.603760543989732,-0.831905069735635,-0.989482265477139,-0.990101922196532,-0.68568316403608,-0.659826132996201,-0.626843069211727,-0.57539031634778
840,"USA","United States of America",NA,NA,NA,NA,NA,NA,NA,NA,NA,-0.925272927665357,-0.942069155124094,-0.952656444633599,-0.943810360192467,-0.954763870280702,-0.965914103621555,-0.974188389925396,-0.982473764876625,-0.980368486527892,-0.97085680270576,-0.866197237908141,-0.833584822681392,-0.813051486255256,-0.821257236542793,-0.81679034315648,-0.793671820806857,-0.770646460322206,-0.803963535405836,-0.905314070781769,-0.990006056193113,-0.990556363680991,-0.957402907121922,-0.946917793402361,-0.920592174141978,-0.893256115508696
858,"URY","Uruguay",NA,NA,NA,NA,NA,NA,NA,NA,NA,0.791257374896546,0.623157199472766,0.595015578757856,0.642385699060818,0.726995756297826,0.720234714442998,0.707768465377627,0.80069084673943,0.681665177538381,0.839217161576976,0.921281412103751,0.853844914101797,0.879172455767484,0.864750562479831,0.782942678650946,0.667391677813076,0.550271172144554,0.342348536421804,-0.355710827536525,-0.189093051518408,0.392910304000638,0.0398834604252219,0.351168680514463,0.614831343055941,0.589176909751853
860,"UZB","Uzbekistan",NA,NA,NA,NA,NA,NA,NA,NA,NA,0.883797953181764,0.873234229234166,0.867577756713296,0.835542409918317,0.615674662682452,0.36556307968179,-0.187218556383582,-0.446773319011002,-0.820405626060632,-0.798405405367483,-0.854594450851832,-0.807178230890036,-0.753849355032032,-0.803650444168449,-0.85917102782686,-0.897385229217281,-0.950635208977134,-0.942918135534173,-0.911503102381858,-0.619467587897867,-0.267015043125233,0.21116889317518,0.707118746194689,0.877278026521371,0.933824146572811
548,"VUT","Vanuatu",NA,NA,NA,NA,NA,NA,NA,NA,NA,0.925062842883622,0.79374680421963,0.74245721716429,0.641949861375052,0.650416239295838,0.601608730633919,0.447607885479562,0.148717415909518,0.26312126434681,0.292388191667434,0.350848082002752,0.433806640764279,0.547536061312244,0.562783104093491,0.779854831265401,0.786834374204614,0.732268215765085,0.57748122259413,0.346679892761647,0.234065957288031,0.110227579768515,-0.13821381263079,-0.089851160912844,-0.346965701394395,-0.635449833340633
862,"VEN","Venezuela",NA,NA,NA,NA,NA,NA,NA,NA,NA,NA,NA,NA,NA,NA,NA,NA,NA,NA,NA,NA,NA,NA,NA,NA,NA,NA,NA,NA,NA,NA,NA,NA,NA,NA
704,"VNM","Viet Nam",NA,NA,NA,NA,NA,NA,NA,NA,NA,0.993159369630227,0.993244405630036,0.991400218765607,0.994911844493833,0.991358654001809,0.989965731940063,0.991496149668503,0.98643365137207,0.986453365771176,0.988176194975033,0.989562944530334,0.989963574641297,0.983521130383152,0.951141235464816,0.922035806649457,0.921227905367329,0.841542835147614,0.872167338800765,0.908037245191233,0.939884155725663,0.964264387091991,0.976217187065462,0.965522048235216,0.930420409499024,0.926853991172041
876,"WLF","Wallis and Futuna Islands",NA,NA,NA,NA,NA,NA,NA,NA,NA,NA,NA,NA,NA,NA,NA,NA,NA,NA,NA,NA,NA,NA,NA,NA,NA,NA,NA,NA,NA,NA,NA,NA,NA,NA
732,"ESH","Western Sahara",NA,NA,NA,NA,NA,NA,NA,NA,NA,NA,NA,NA,NA,NA,NA,NA,NA,NA,NA,NA,NA,NA,NA,NA,NA,NA,NA,NA,NA,NA,NA,NA,NA,NA
887,"YEM","Yemen",NA,NA,NA,NA,NA,NA,NA,NA,NA,0.918582175332419,0.933142478818593,0.95767282716419,0.984752221712333,0.977806462267537,0.974211564398831,0.985861358139727,0.978719498812963,0.977588896571379,0.974301653263933,0.96425584695436,0.77259118375012,0.556833987475728,0.129846943159511,0.059854409742333,0.00953447235497183,0.738956249584369,0.886664098667446,0.945125540398758,0.968801435575436,0.985212598196893,0.984667823796138,0.984316748430107,0.992206639883991,0.989960316673616
894,"ZMB","Zambia",NA,NA,NA,NA,NA,NA,NA,NA,NA,-0.567139817005678,0.274289500504016,0.635001725309353,0.838880772571792,0.894433587953785,0.935459465498991,0.89995411822137,0.808259500632307,0.677271224787179,0.570957451613657,0.624525254976595,0.730122161331569,0.777111090026818,0.834875045544856,0.898418554412063,0.965357490860566,0.985081459726116,0.994194177524934,0.984191208030187,0.965337627198744,0.957763679622166,0.940818723074568,0.906574876082408,0.902919713691114,0.872407324654738
716,"ZWE","Zimbabwe",NA,NA,NA,NA,NA,NA,NA,NA,NA,-0.0613765107731999,-0.180632158700636,-0.273635526137178,-0.0382927667355903,0.535877602516884,0.800462276471538,0.892904524178873,0.918763195546777,0.934520982189418,0.951084270612634,0.971198032097702,0.962906318260342,0.932799263811569,0.950951171736427,0.960905750044579,0.951215941165547,0.950942143510617,0.905570653444589,0.83464624335351,0.735991637190397,0.382548865993394,-0.17465513589863,-0.198405011702283,0.0624838644089132,0.380978205237928
