"code","iso","country","OZD.raw.1990","OZD.raw.1991","OZD.raw.1992","OZD.raw.1993","OZD.raw.1994","OZD.raw.1995","OZD.raw.1996","OZD.raw.1997","OZD.raw.1998","OZD.raw.1999","OZD.raw.2000","OZD.raw.2001","OZD.raw.2002","OZD.raw.2003","OZD.raw.2004","OZD.raw.2005","OZD.raw.2006","OZD.raw.2007","OZD.raw.2008","OZD.raw.2009","OZD.raw.2010","OZD.raw.2011","OZD.raw.2012","OZD.raw.2013","OZD.raw.2014","OZD.raw.2015","OZD.raw.2016","OZD.raw.2017","OZD.raw.2018","OZD.raw.2019","OZD.raw.2020","OZD.raw.2021","OZD.raw.2022","OZD.raw.2023"
4,"AFG","Afghanistan",97.60018992095,92.3969338399,87.18955873189,84.96150322255,86.52511683184,88.78370488315,88.01031471463,88.59237974758,90.37592314376,95.9870090457,98.08443161994,92.54952031492,86.01419889266,90.63063865367,90.31190306519,90.31203267268,85.98239715613,98.62998355403,103.97502295646,96.92372590566,85.30534016159,81.09133103914,83.91129398111,86.52112124452,82.11170329556,87.32828765922,92.78145926056,98.76686528869,87.26713041751,86.67804515094,79.77497395552,76.49525420665,78.13805035688,81.89265965941
8,"ALB","Albania",82.3920497969,75.04135953691,70.98914823345,69.77389227504,67.89812006786,63.38186540812,58.65715931508,58.4454325517,50.44794050866,43.3067677602,35.81273347892,34.961427706,40.24086416262,44.38748715939,45.23889182568,42.04631665008,37.40542742617,35.71953973365,32.52211800262,29.30817912001,24.36724866153,22.92323411617,23.16472846955,23.47302222168,22.71836267541,18.73557059354,17.01412296943,15.15417080623,14.25874207068,13.18162851214,10.44392829029,9.69445423424,9.33069548721,8.80048431008
12,"DZA","Algeria",41.77610336639,42.13550986672,39.91675395582,40.55228889753,39.25081459559,40.99269960897,39.08042313137,38.41050807758,36.34552406393,45.42695357543,47.0891317818,46.20647633682,42.41074754308,42.13229794209,43.06061034484,38.50819570857,37.69907913783,37.32741953793,37.4831531747,40.4947877775,41.92877404806,42.06887783252,39.6032053393,42.42916543654,43.02299209744,43.22913274751,40.30238603682,39.95047920943,43.09277098101,44.32822932058,42.74985964999,44.39951638379,50.1730585071,48.25249495712
20,"AND","Andorra",31.83063747972,31.27670800613,29.53908148766,31.07173386317,33.99105588169,39.40761136489,38.87589548974,36.29533361168,34.90096991986,36.67035616486,38.4667540047,36.41423502224,38.10258973352,36.9503759359,38.52037026882,38.55409338805,38.92838694328,36.06040459373,35.68977448536,36.88792256679,38.50147670722,37.36375095226,36.63152206416,36.37739264793,34.5852830751,31.73618774127,28.59359064602,26.18365638173,27.6516931445,25.93952584186,22.06433531443,21.04768818481,20.75628798857,21.03988584677
24,"AGO","Angola",136.29621663949,138.73472065633,124.54349729587,122.29485935271,111.10620175945,107.81323437098,97.33747008023,97.31797430427,99.21252631079,101.82393786626,79.01293494562,74.79271151413,65.95558167303,74.41283136766,96.89383871742,119.58515415023,140.59336784314,124.15739015817,104.90461099326,91.93897051976,88.28453111716,84.94944003548,77.08119542978,75.39923524244,72.28587771225,66.40002701603,66.85611380004,66.37839906667,62.53352588475,60.51133008115,53.44687841864,49.3257350341,53.08466772603,57.78834153976
660,"AIA","Anguilla",NA,NA,NA,NA,NA,NA,NA,NA,NA,NA,NA,NA,NA,NA,NA,NA,NA,NA,NA,NA,NA,NA,NA,NA,NA,NA,NA,NA,NA,NA,NA,NA,NA,NA
28,"ATG","Antigua and Barbuda",2.51463399719,2.71972886619,2.84658127896,3.08743309189,2.96386918118,3.20095962108,3.11612492006,3.36580641071,2.57512946829,2.15466933465,1.13409743496,1.764909851,1.47324637033,1.49916543206,0.39484582166,0.15170606346,0.1536176716,0.35750010534,0.4606356787,0.48579686943,0.27963033778,0.1552307052,0.12860731386,0.13717719031,0.11307342192,0.06974272337,0.03870662238,0.00160305802,0.02344712574,0.01663950657,0.00902524834,0.00856923861,0.00508621674,0.0240183144
32,"ARG","Argentina",15.24064658636,14.9544438988,15.00199658712,15.10373583369,15.47001405917,16.46753792271,16.13638647868,15.0654747024,16.90405490262,16.6939497819,14.64844849975,13.90291164555,14.27368549509,14.92742233019,14.7012650405,17.33954535876,17.98562641541,20.19195680206,16.04079948064,15.84070529852,16.68727915039,18.6666912134,20.1720642027,17.61039640867,16.40386748004,14.6252961284,17.67801268167,13.94882130581,16.78693817799,16.28422628289,14.15781756813,15.19073914021,17.19167079345,16.39670736602
51,"ARM","Armenia",63.65790858926,65.1347582368,67.62105413512,68.66195445112,67.83274219818,69.01588110766,64.49493738944,59.6755391029,56.87246915762,60.19272990448,59.85832030438,55.75740187491,55.6682169858,55.16139986587,55.42512502576,56.38169554738,59.8517730688,67.52031837389,65.19521991072,62.11476448542,52.29391779469,55.67309969311,60.46271580939,64.63719697453,64.63031941555,64.07674740153,57.82668498569,43.65407595507,37.1231210608,36.74898423605,31.16311185245,22.90932803093,20.25996645634,18.58827634468
533,"ABW","Aruba",NA,NA,NA,NA,NA,NA,NA,NA,NA,NA,NA,NA,NA,NA,NA,NA,NA,NA,NA,NA,NA,NA,NA,NA,NA,NA,NA,NA,NA,NA,NA,NA,NA,NA
36,"AUS","Australia",5.63134717689,4.76634355798,4.03436375395,3.79091019428,3.60059071094,3.79542102724,4.11302854814,4.31999981542,4.30857749175,4.04964486503,3.74541340511,4.84961469869,4.67649669934,4.35202355491,3.04716541705,3.05964202827,3.20482834559,3.168194918,2.9546605491,2.36319417036,2.20054564416,2.23347969396,2.84357529784,3.3475421934,3.53427701329,3.57510541833,3.86826949996,2.72514839044,4.12912245577,4.34004093172,4.14821202555,4.46113730301,5.05141345637,4.99176629549
40,"AUT","Austria",26.06282225269,27.20501747347,27.24825308661,29.27073979354,26.46498880398,26.202524277,24.48624869845,24.74041298915,24.69651949788,27.37228070883,27.88298717896,29.92591916119,36.03028144999,39.06162565489,36.35783759899,31.04890393531,31.39218109496,30.277226685,27.23136799246,25.45411162956,25.72907989996,25.91608635417,27.26126671762,28.14869039094,28.41569957724,28.80838226881,28.72006637291,28.04885869082,31.08086240868,30.72338581194,29.113601446,27.83248849813,28.74617651639,28.8230095272
31,"AZE","Azerbaijan",30.22328734378,29.97828248149,29.5514878489,29.32989805418,29.97520359215,30.89183060543,28.60354246466,27.07062362864,26.24713993832,26.90706477731,26.12807486058,23.8487345527,23.97253794368,23.83643272182,23.51253421764,21.11934412415,21.7814682103,23.10156513969,25.14353065218,23.92545027145,21.51208326315,22.85913787363,24.1610101132,26.08458251365,25.98893340437,25.91946353413,28.1027251473,27.82226742737,28.40601455565,30.30207300127,29.9567600182,28.26899089256,29.95772985049,29.96739779596
44,"BHS","Bahamas",7.49360998169,9.66239942862,10.92616151267,11.29230788371,10.50538445916,9.59060460378,10.69771651928,12.8044486053,15.05819399649,15.65828856216,13.12803498264,11.56535177655,10.27425773225,10.82827457631,11.92520448544,12.77507252344,13.39036340734,12.89044342483,11.09458921739,11.66581484165,12.21350904104,12.21785904558,11.04773163311,11.05270401076,8.85181782342,8.53898601667,7.67315578304,7.74255411274,7.87156588374,7.41667014718,6.94407225285,5.82513529436,5.79892934918,5.83966014017
48,"BHR","Bahrain",128.02825893594,121.76236241541,118.51381886389,117.77661062535,119.30653426584,123.96744673853,125.64698361944,129.92443852627,137.87446331942,142.24666251955,144.54934915316,135.45001252476,130.43580571537,136.45258319209,133.94479996022,128.25198490153,124.46263635092,135.18475928862,134.71732324501,117.66937974853,99.3240942325,93.57573858554,97.84283133724,95.48242291728,90.56390483285,94.80879249792,101.34368767921,104.86313311863,100.14645421872,105.8710649227,98.45094856251,95.70272143826,106.19982394205,103.50629279912
50,"BGD","Bangladesh",291.41644737146,301.99521162087,301.74403187532,327.06156872274,329.24892580448,348.4218728058,353.99768217773,370.87441276388,375.91636420019,390.01203591911,374.76899217409,360.20924389608,346.86924351429,364.85857836898,358.06257139805,353.00054578653,349.41038513433,375.40035202089,378.96519964294,352.369559706,367.01368662963,382.09569980635,403.01927385657,404.19168707352,398.25827866689,399.48691679382,416.08968136307,436.45435546941,465.32473001745,477.98350180348,438.7129454951,417.10331719611,456.81020834075,482.02318125977
52,"BRB","Barbados",2.73448323685,2.86124097761,3.19234719509,3.4718025498,2.59361050428,2.07632479332,1.44724799868,1.4637674145,1.29744221755,1.22852506719,0.7563735111,1.11382290781,0.94628100817,1.14999537428,0.49691947226,0.26409413263,0.28736287705,0.33272069851,0.3945558943,0.34771145792,0.16333821813,0.12477237209,0.14154125834,0.18199838202,0.16096478218,0.08103059281,0.04123245529,0.00695190098,0.03777093929,0.03594598,0.0258596339,0.01889449108,0.01725548279,0.03883548945
112,"BLR","Belarus",34.89314664117,39.35648969319,38.60411002454,41.23793939912,37.63081297029,43.77331131391,43.67065189885,38.68287239818,37.83197258898,38.56525565756,41.17760581886,43.58709386898,44.80193013486,38.25684715698,34.52339817255,31.11993260333,27.77032952698,25.66294676532,21.18480936779,18.90539252105,16.89188157466,16.42476634307,12.56478165736,10.61267585442,8.94656352649,8.71476095546,7.35761308685,5.72145569285,7.02291158852,6.85650271177,6.96600059612,6.28414304167,5.12545073806,5.17792780229
56,"BEL","Belgium",25.18672825794,25.07008777,16.97079969561,25.80337187774,27.70481254622,33.69477181598,30.72640124991,27.85694953198,29.81647866532,25.95245807246,26.21611748965,21.94226452282,34.58261692784,35.20969214863,34.5239040549,30.26582010614,25.56760089066,24.53225519824,20.80963508329,21.6859824047,21.41538251458,19.5534437587,21.85876315478,24.3339230148,24.78139124846,22.72714172894,20.2232566912,18.31815894537,21.66082063162,21.48891040748,19.91547697969,20.59335562745,21.81446045288,21.46689364739
84,"BLZ","Belize",16.83607552237,16.53186165588,16.58954642488,16.14611236084,18.05875465254,21.36652765883,20.32851993638,19.86459445946,24.65614649181,32.18411214031,31.55280441774,33.16424100068,29.82141281257,31.7363444262,24.74314431153,21.72408466276,20.82012180179,18.95025409385,16.36895726473,14.13345200238,16.14788995396,17.54528501964,22.54805397021,19.72830906407,18.00252163216,15.34970458636,17.68145162453,17.78887977691,20.43523500166,20.79443661426,18.63476033606,16.36581502937,18.5036938174,20.53372902439
204,"BEN","Benin",37.81478579411,37.69556805933,36.00997476587,34.73096090775,30.85194304452,30.73063460741,31.66474207022,33.20828946249,33.39771194852,31.97412729362,26.5132781475,23.89505246926,18.77516443891,17.53720225199,18.02168255591,24.98131850238,36.47736301072,37.66613690059,33.44933454278,27.68249697702,32.82787406917,39.18419568582,44.20265621535,49.4473034852,50.36211737325,53.31350448746,45.52772668077,44.63869478377,53.92074430606,57.21406212025,56.91727678607,59.69285546719,67.5803047594,69.18820064518
60,"BMU","Bermuda",32.24005108511,30.10717008572,30.57692405835,30.24838090924,32.52199641819,32.90443818527,33.28980981034,35.04284432227,36.72042838616,33.97649147594,30.05374528413,29.84890182096,29.32905934353,27.19501899742,23.82601802488,23.05272675506,20.84914459097,20.50527872138,18.89581309268,18.72658988986,16.68597365931,16.14581206095,13.01647559076,12.65631851845,12.24043887371,13.851665519,15.06589245248,14.6826875368,12.42683962098,11.94195128574,10.58849468051,10.15777125423,10.22172868761,10.4343938971
64,"BTN","Bhutan",234.21056919905,238.7254256948,231.51476978448,239.79326047592,243.20323780524,261.75771405567,263.38449500452,269.79799282525,268.66604322754,273.94469647265,264.01479586018,240.10068070569,233.4802564231,243.96840223578,254.92029799802,250.23803661043,253.96515033241,277.80185624043,281.40977225491,259.09193379405,240.56835350495,250.99121966668,269.38982911724,263.90105652377,236.53085794487,229.90793489834,253.68146175844,273.26535266728,252.38836853297,251.95752275465,237.03912846418,242.54754996974,255.94174189267,277.00380783176
68,"BOL","Bolivia",16.78570657156,15.18488156661,13.94112784867,11.86155277524,13.16815549496,11.94545140806,9.88519833963,7.0767148162,7.42342578922,7.53242136367,6.32628358883,5.53421466735,6.30817973689,7.16114993921,8.52139383997,10.63770495751,11.76016178389,11.55302456321,7.14733447046,6.70938871554,7.87821710662,12.84575771016,16.5372588099,11.83118374322,10.79589627128,11.01218143888,16.73464221542,16.61296029886,18.36737250515,19.98021565383,17.28915234473,19.01889627363,22.57553229057,22.52912825581
70,"BIH","Bosnia and Herzegovina",78.25246213234,78.78086184631,74.23739912994,80.4712445773,78.97644403814,77.23003393498,69.26836136492,67.97207444392,61.59431535775,57.2366071706,50.70978246622,47.64796051214,51.20114346753,48.17145968267,45.37220599145,38.24652862374,36.45884201737,34.77111849489,32.16676205983,30.32148071434,30.97425655523,33.24605072111,35.07000780066,35.08344631391,33.97760163537,28.77250710989,27.55026900009,24.43374727994,28.59170189215,28.99218132637,26.93026384042,26.02624961817,27.20231920835,27.41481562539
72,"BWA","Botswana",45.11096463149,46.53231010523,41.24825470003,39.02023014084,34.71936538164,35.13170766878,35.76257181992,37.39559006132,38.51531289955,41.90681715314,36.31457975403,35.33645147289,27.78479926307,27.24985522443,39.84443228127,51.84523802235,70.47969055334,61.57392981411,52.36340487483,41.61965183966,37.4629211807,40.51091025494,44.63652306562,44.78962189234,39.40893022426,34.20826040601,38.97237750799,43.05211177992,40.47741759272,40.80417645734,37.34844659306,35.31587176573,38.41838673276,38.63129786801
76,"BRA","Brazil",21.91735217039,20.36822322457,21.21863717837,22.41171868341,24.32734807236,24.74524106336,26.344227557,25.89224440725,28.08182794929,26.35497649024,22.51095703527,24.07628180814,25.30087064373,24.85267950541,19.10403996839,16.75526032621,18.44495810535,17.31276159881,14.45044462257,13.60240215791,15.74661584842,20.53386896806,21.92906467202,23.11528226448,22.41704269095,22.18618625676,24.06596114121,21.52475872994,28.14469460547,30.2677552179,31.11920942771,31.44298655281,35.42783472298,34.57246723449
92,"VGB","British Virgin Islands",NA,NA,NA,NA,NA,NA,NA,NA,NA,NA,NA,NA,NA,NA,NA,NA,NA,NA,NA,NA,NA,NA,NA,NA,NA,NA,NA,NA,NA,NA,NA,NA,NA,NA
96,"BRN","Brunei Darussalam",4.90793278581,5.54060208557,5.677853099,8.15093600696,5.45741583266,4.9629121358,8.97649816061,22.5342589508,23.41086763679,10.54621204085,2.89528685272,4.46260109685,4.39426118625,7.33712665121,5.59303726119,8.65089636405,8.39548191322,7.88082871431,6.22014080859,4.95667599325,4.66163125173,5.20217427734,5.4001999329,6.17083574744,6.41741488893,6.7119645528,5.81331328265,1.79886433579,5.4088242463,5.24717721461,5.10832777096,5.19603842785,6.27934768965,5.89048978693
100,"BGR","Bulgaria",57.34436227537,54.41378007105,55.00484908548,53.68989776217,52.38352645365,51.56297184874,46.33387992996,44.82695966905,32.71154439337,22.55039820612,13.88837201162,14.33981411557,22.33593486751,27.76606965131,27.3751298642,21.19759023974,22.80639790679,25.83529063645,27.31293099422,25.0983941746,22.73877512132,22.23218531423,23.36459000253,24.4417866978,22.42762804488,19.49747804023,16.29484742642,14.9387746872,16.01621116023,15.49834602317,15.19982306419,14.23120304674,13.51159891092,13.1717967478
854,"BFA","Burkina Faso",21.25197585642,20.87613214701,19.04767024739,18.0014085597,15.78299164283,15.17481577108,15.9312407224,17.19494540304,17.2809608405,16.72524304835,12.73650386642,11.06883596847,9.3007306587,10.67399400585,12.95663751319,17.01350659642,22.10573291349,21.67110012327,17.69420747477,14.57066185483,17.20430615366,20.04704442877,21.86913740283,25.77729207283,28.06805966822,31.33950278669,26.43252616098,24.99204667304,32.62530033216,34.67994222233,33.59331504693,34.75378840489,37.36099203567,39.29539788282
108,"BDI","Burundi",9.54435682789,9.61458374985,8.38674691591,6.78507782168,5.84589602781,6.6028145633,6.81002304773,7.54492165022,6.0222572938,7.68132715602,5.40313170222,5.46639276926,3.71141558521,3.72547142507,6.78716133581,10.71537820638,15.90202503474,12.97412622104,9.32202265856,8.08554197261,10.55388091568,13.70492442718,15.81965705418,18.57490886035,18.9135721981,19.70370221336,18.10278055579,19.18143937488,25.24489028993,27.68574092905,27.35755991397,28.3596008997,32.44854938291,33.0021453283
132,"CPV","Cabo Verde",16.42273707244,16.13895909755,14.33940020376,12.82818495003,11.09370290333,10.0565460892,8.71458453039,8.58121809923,8.65598981109,9.87807577771,7.68892323358,5.86677869935,5.04070582275,6.33967522439,5.99661426922,5.35722108328,5.02271683101,5.12099967517,4.97804029046,5.26886033851,6.98983673966,8.83298342758,9.00950464341,11.67255753674,12.62329711213,13.57238478709,8.79430282957,6.07721328613,12.88514257458,13.1820905679,10.8323134798,10.89507596368,12.82702711573,14.13365280503
116,"KHM","Cambodia",15.48549486207,17.23439631941,17.3478423287,19.48650888197,17.57012390829,17.39542478845,16.74848019672,21.26811695145,17.44124626397,16.55572908072,10.27533213106,16.02139580682,19.28843842815,31.2986102243,32.95223632744,29.70850003541,31.78958527026,33.86198753038,37.11886275494,30.63501780881,41.58318548173,56.82687200249,65.70464934093,56.79206121419,44.62480901601,43.01066870989,37.04209272258,30.68215834717,43.6196675805,43.96293849591,42.01831915055,38.42932948732,44.85910612211,47.3435598546
120,"CMR","Cameroon",53.64500290288,52.19831557921,48.31046857818,45.40500283793,40.67264118156,39.52681572628,35.38912446225,32.80516030371,29.89022879177,27.8846617884,20.42349857253,17.35433196968,14.81045850723,16.89995599834,20.96485654663,30.18707044845,41.76896027116,41.10126885984,32.34062139221,26.13045064629,28.95009926835,33.69776190241,35.17385971646,39.90493775317,42.19538082833,47.88217717631,45.92718804002,47.58677913729,54.94517815583,58.49074034327,56.99694746378,60.58694434741,67.28710638987,71.8189406778
124,"CAN","Canada",18.66194041296,16.61487638908,15.91588087921,15.56815746702,17.69590188368,19.2462555612,18.42495641808,20.38667381726,22.83684228505,21.65209787445,21.60538744495,20.47120359616,23.27118781055,20.15060979034,19.697024151,18.83936140382,19.220530041,18.68714413254,17.14013129065,16.45436225738,15.43738572318,17.05290845834,16.74378808129,16.93411608965,16.46660396752,16.12027319255,15.33933422149,12.81479879147,15.16246626508,14.74494294574,13.72149021293,13.21969994899,14.56139528134,14.99005366373
136,"CYM","Cayman Islands",NA,NA,NA,NA,NA,NA,NA,NA,NA,NA,NA,NA,NA,NA,NA,NA,NA,NA,NA,NA,NA,NA,NA,NA,NA,NA,NA,NA,NA,NA,NA,NA,NA,NA
140,"CAF","Central African Republic",181.2253746166,184.43254487371,176.20506921797,171.04273755839,163.04774739113,179.93338120144,173.32438840004,163.1304129248,139.92648006962,130.58155138994,100.71940544573,86.75533549069,76.707050521,86.43302678064,92.83065940459,126.19965767063,153.03621928226,158.97081292696,130.60501062925,112.14637522094,111.12647843545,112.73255906769,103.5737054152,108.072148975,102.90691148069,123.02869670649,141.98528678867,171.63166247404,149.02145616238,154.99193133805,157.42434139376,160.90556287111,168.38065614168,170.6297615042
148,"TCD","Chad",56.41468729833,52.62930814597,46.51974459685,43.65461334277,40.04105383214,39.53360322566,39.70094428524,41.85926185026,39.38072015441,37.92503249262,27.53904513695,24.32146098227,22.17824912755,26.63982625269,34.16383747209,44.51307312976,56.24761970624,56.76467353302,45.49997941694,39.09595076002,38.36912268389,43.62080077117,43.3648253999,50.24200972723,52.84170105398,55.48501179479,53.15619569139,54.3818418755,59.69712590781,62.39317599433,60.3553226476,64.58490987245,64.65550115984,65.22059830286
152,"CHL","Chile",19.7585657348,19.07106332683,18.25369468309,18.75236518642,17.81502123823,15.87318397469,14.16415741018,14.09465473715,17.02471940401,18.53019588504,17.2192631241,18.82365240131,18.13354908884,17.1904581183,15.35001646589,14.37860716312,14.00405186718,14.34756129036,12.68275510633,11.6425030621,11.23159206864,10.90925308794,8.85578863796,7.66357045128,7.86345298792,8.74939716788,10.01351898889,8.39010249715,8.36946458207,8.10217731266,6.53746454476,6.59157419453,7.67149918679,8.17475154338
156,"CHN","China",182.53609849034,178.38389543253,183.9414888106,184.37352524825,191.45281651771,193.31821052595,196.88656399811,206.08920035323,203.23112615864,215.38115228482,214.30460357653,220.38264779599,220.00069971928,230.30509793401,242.38843082258,235.47974237179,235.36249793281,228.08968833199,226.3519787922,199.92325123772,182.31506363712,157.47748754876,131.72227148197,108.58287415206,95.46790955569,95.4833372784,102.36203669465,102.54828626248,79.72021851397,72.91342832425,63.01270382793,61.68109203646,63.56199733002,63.28964171403
170,"COL","Colombia",13.72253079869,13.86088691638,14.16547211758,13.8956384938,14.75661085541,16.39762230024,16.73687733369,16.02111492793,15.39430809861,15.88993080829,12.70374817176,16.69655031236,16.61996319116,18.22937936943,12.21311748235,9.41953733811,9.39266090739,8.67829061972,8.21342587241,6.68382853769,6.33576409298,7.46473664241,10.87516906093,10.18152640369,9.5256901291,7.3076052807,7.75083558494,4.76658195099,8.55997809098,9.03716821138,7.85160513818,7.96990343542,8.95397195042,9.47218889955
174,"COM","Comoros",0.51601621418,0.43801203437,0.47187442837,0.47628799679,0.44735954542,0.35572482569,0.36283829311,0.34330205329,0.42857613168,0.35670770515,0.24664908121,0.16653553462,0.10532089434,0.11552247948,0.16638545543,0.44898097462,1.05761617375,1.05860937076,0.72013747519,0.36220710882,0.53854413701,1.00936782737,1.27623183805,2.22135315321,2.17736135427,2.0845307875,1.09777762088,0.5471782954,2.24675776111,2.56215798541,2.64707745364,2.74929867077,3.36361133517,3.61524411522
184,"COK","Cook Islands",19.96878937247,23.29671235033,27.75353821041,31.73150868551,28.30543552517,22.48009157077,21.62730499505,24.73139561141,29.99677557426,28.29721629822,23.59561492225,21.61158637853,21.98093402937,19.63089955782,19.04741326716,18.34600355146,20.69049529806,19.40705124927,18.68513026155,16.35396133579,14.93528425334,13.62991008414,12.68188632382,14.65697536168,14.03826339878,14.42733057615,12.64520951311,8.35525314119,12.25341608671,11.94987228398,10.64454869022,8.15708070036,8.70991800113,8.69464047861
188,"CRI","Costa Rica",12.08703469543,11.83980118175,12.4405089286,11.83450085229,12.39692875296,13.05915086793,14.03422087715,16.96285450461,18.38448556205,20.09250840475,17.18129316922,21.13902280887,18.10014502793,19.73230155267,12.73937593032,9.39903841382,8.94607995406,7.78324247768,7.45295489622,5.56065182329,6.71194154614,8.09772871143,11.51519127795,9.93687523839,8.73462761746,6.75196360273,7.64349518375,5.22122737192,8.81431917499,8.99185460482,8.57686851677,8.66291955086,9.667670683,9.89064789297
384,"CIV","Cote d'Ivoire",15.16114717677,15.72973190461,14.10637003047,13.8748098961,11.86682784441,10.37964915248,10.75163427465,11.64101645659,12.49333755175,10.98099524591,6.66917070672,5.97109047258,4.19482772689,4.15573225575,5.24921554784,9.24357138107,16.86663177098,16.03142992384,11.49028700873,7.66534285394,10.21010127169,14.3340637258,19.02682045588,23.31868233258,25.41908341831,27.50551892994,21.48092712456,18.57695940356,30.86616235493,33.9238214738,35.21173449436,37.17387402289,39.43322509231,40.56637925046
191,"HRV","Croatia",36.21428380169,35.76523105541,34.65203738392,37.60235155838,38.71879093399,37.82480367898,33.77951694874,33.3097193432,31.49529315678,34.39725910986,30.83724388165,29.09755646199,32.03535359841,35.40718260987,36.30344113595,32.63413024767,31.47137950956,33.24776639923,32.14287343645,32.64671644567,31.46300287905,34.6706663252,36.102960447,35.86472287037,35.13466207537,34.57109523885,33.33126448571,32.51439513775,34.48317147452,34.17448848645,31.32775963333,30.52982412357,30.56768106994,31.36692948567
192,"CUB","Cuba",9.12215888161,11.04058605386,13.35731487708,13.91154976897,12.28551742061,11.99550943508,14.47902698831,18.17852079681,21.7203195513,24.61662082379,20.45931066104,18.70388322511,16.57151045013,18.48085679502,19.96250849413,20.07007752528,19.66461325468,19.47692134647,17.74084926924,17.38458862148,18.77110532315,20.18004162362,19.41869769045,20.56506326661,16.3990883398,15.61855570267,13.27864252049,12.76693211785,14.01329390302,13.24874501928,11.38070229714,13.50049784804,15.70715083854,16.04566054248
531,"CUW","Curacao",NA,NA,NA,NA,NA,NA,NA,NA,NA,NA,NA,NA,NA,NA,NA,NA,NA,NA,NA,NA,NA,NA,NA,NA,NA,NA,NA,NA,NA,NA,NA,NA,NA,NA
196,"CYP","Cyprus",71.83542682357,70.82603942323,66.4098792775,66.15341029725,61.2254496694,61.1683571467,58.55223854055,57.21659559884,52.48014932069,49.42578287601,52.90525316493,55.27168988807,58.07039840405,56.09589151271,56.51145082461,50.59859397893,50.4588138129,44.55477575535,47.98969279976,45.00004077473,49.76761290013,48.1494998086,51.17652284014,52.98694867025,51.4044073292,52.76261052976,50.2317503231,50.94301863753,53.66641248689,54.41224307111,50.18468652793,49.158656582,53.90538327617,54.9345342632
203,"CZE","Czechia",35.06888519484,31.35125906339,28.89321777902,28.48354825102,25.75469303602,22.37989921863,18.60032089711,18.3184143319,19.58551336754,21.38365325106,21.12737533883,21.77371622486,25.49987160913,27.74428927334,27.1928144176,27.12213206725,25.88492766756,25.6234060678,24.05010520847,23.46724808075,22.52514416676,25.00449023198,27.24102264101,31.34101528991,32.31151873045,33.7817822993,31.6053686795,29.19164935445,31.07148305167,30.62594370667,29.54274212196,28.32259796647,29.17412251622,27.94639111609
180,"COD","Dem. Rep. Congo",88.24695689974,92.42406032572,83.4011416448,78.63663011989,67.52334516137,69.05562697422,64.68319749121,63.91105720179,56.76352630926,56.27960179414,38.2399170629,37.38811908683,27.27775289888,31.76210944109,48.57430515545,83.15381893003,113.06432027375,101.65103662764,77.81015936477,64.75505926157,72.32434261595,82.74588655212,93.7761989617,101.68531832511,103.8104121131,93.06081705183,91.15767233021,91.11672980765,110.66553132205,116.51888774361,115.41074876373,121.13765671816,123.6109189128,127.06130383737
208,"DNK","Denmark",26.36547485379,30.00357528524,29.45062283757,36.6897357214,38.60752488871,45.92080464624,47.83647313409,47.50353318999,50.58016912446,46.21084615791,41.17806094069,36.0797833005,40.26439037545,40.77124654855,34.53448371642,33.551849631,32.71773505586,36.14791632186,31.9000535963,33.08605492642,31.70775988085,32.10478142549,35.61017243436,36.84758224733,35.00409548671,31.46889742253,26.99587571632,24.36044813731,29.28266903685,27.55835905686,25.8713458528,26.41868191508,26.21295786951,25.91091017989
262,"DJI","Djibouti",5.01110878124,4.74201036554,4.28719570494,4.52624087426,4.22720230248,4.38030066922,3.69109227969,3.86941306817,3.80047522729,4.82642975413,4.17300351122,3.52228466572,2.97073383441,3.20494874359,3.51624838623,4.15946050003,5.64885249867,5.9511316131,5.03757642259,4.0480762993,4.47868917561,5.63560800505,6.03888511558,6.89191361485,7.03989565951,7.78042686992,7.86069112688,8.09696147081,9.50496642272,10.22538771508,9.84352985567,10.2031321501,11.89682451992,11.56839451194
212,"DMA","Dominica",6.25824183412,6.7509474973,7.35153950546,7.61211015828,6.58019404267,6.59848834264,5.73454674733,6.18133497385,5.78555943938,5.58403152859,3.78226322661,5.38308705348,5.18962138324,5.50820218923,2.39282744196,1.63963064483,1.45963466954,2.34001841089,3.00405989948,2.94414070427,1.73657513654,1.235508983,1.25988550324,1.32383884547,1.15690474886,0.76227620443,0.55018524166,0.06078658384,0.37962918917,0.19493795227,0.17996290075,0.16050288315,0.09062005454,0.12383268553
214,"DOM","Dominican Republic",16.63333391047,16.44213605431,16.78339141179,14.84832787473,15.01692090892,15.99423617905,16.26551493313,15.38969913269,14.56747923058,15.07383219746,13.29816736907,16.62369699216,17.41773719212,19.4055937951,13.22155287889,10.2591931494,10.31640658524,11.09029664701,11.1131146838,10.40111896135,11.02749520167,13.17139524686,13.39612926285,12.48718408621,9.74199036862,8.79355191549,9.16090066017,7.75447027944,9.49618094363,9.26819938927,8.06507698768,7.76250667192,7.73422327979,7.74227353139
218,"ECU","Ecuador",6.26299679508,6.67147689827,6.47067849849,6.30333535226,5.9936076788,5.68443382138,6.28400548427,6.17417307646,6.13741509114,6.50917441324,4.75584144781,6.96328355642,6.55463511545,7.71845180533,5.41623474068,5.36214577152,5.79989482619,4.77410288335,3.4122454997,2.66850785819,2.86400573109,4.27078845685,5.95287499208,4.92913518379,4.1767970404,3.60848010458,4.37980075077,3.03386349487,5.04419969185,5.4539497145,5.6946470349,5.71217790064,6.18710135127,6.50479825698
818,"EGY","Egypt",111.84788041662,111.74673967373,110.74992776416,115.42144796951,112.67769225493,108.76873655906,103.85869753302,107.41823364356,104.08290080063,105.9057735346,95.97057705026,102.03363601566,105.94358909377,99.79124850229,88.85447175877,77.69423528171,81.80877784815,80.66256655746,79.08151398257,75.68757468046,73.66513966537,78.10286825891,73.18328205857,71.39296847904,65.35785242784,69.47081670871,66.28421809868,66.20167925435,63.77846027472,62.98932709074,58.88988211155,60.60581296615,52.090911721,51.287137769
222,"SLV","El Salvador",35.68147223841,35.14239303344,37.12926174412,35.10003077902,38.35875220671,38.17904337611,37.13837531511,33.31763052608,34.66056405466,36.51924808145,30.72212654801,36.67294445844,34.70671657621,40.18472395692,28.62868953178,20.94661725014,21.77408202113,18.89312150716,18.11395287635,13.72588198265,15.68202343756,18.30815245043,25.25157470066,26.49126671865,25.24725313435,20.45037101153,18.94460760903,18.21589711396,23.56683128957,25.33618733599,23.484802639,22.27996200832,25.42678333881,25.94857522904
226,"GNQ","Equatorial Guinea",20.87893185997,21.00088055482,19.25390782876,18.7309538662,17.1740808692,17.5848398822,15.29424953521,14.05049262915,13.78034646305,15.04249832224,9.24075399008,6.52721226711,4.95379819366,7.13838683409,9.90908940171,16.68175970123,25.10965518902,23.73715570292,15.38204421765,12.86975044759,17.26267944547,23.33748521838,25.59321603249,33.18422000051,37.88052785431,43.01110197105,33.29646221797,26.99487082878,49.57636371835,55.21267119486,58.15480079367,60.48651377673,65.84657056238,71.9324627795
232,"ERI","Eritrea",14.24864352719,13.69345153881,12.94178553083,12.58513324324,12.20285568232,12.25488830828,11.32364123882,11.72554103873,12.05732917913,13.92855523715,12.90874183451,11.92117590984,11.14555231068,11.75102677655,11.99852082689,13.00875134901,15.33262830541,17.92250525703,17.4935104172,14.89841307017,13.91771374325,14.25849579433,14.50764552292,14.8386868846,15.32415439789,17.11031174611,17.94489108274,17.97195148113,17.65590158616,18.02083597689,16.30780389719,17.05211030975,16.62719877861,18.11282670348
233,"EST","Estonia",6.63626857115,8.1186376243,9.06366981939,8.98220595445,7.77821568058,7.85280196863,7.95632249658,7.28427744471,6.82379263243,6.00222643167,7.2864786157,7.9466390131,9.09487614446,8.58018111042,7.86909919536,8.07262236232,7.8124826447,7.26981296044,5.43344294843,5.92721567583,6.31564756242,6.84160942275,6.31347754396,5.88247739306,5.64453968807,5.19283644905,4.32916642292,3.4068271156,4.25504671223,3.82939134182,3.62449409192,3.63425184316,3.87651803553,3.96525311274
748,"SWZ","Eswatini",25.32962697661,27.86608716181,25.80029092667,25.63763996919,22.55446964121,21.35169239462,19.66424758186,19.75558926587,20.67149834227,22.45499695629,16.90856139109,16.01013463264,12.84316972211,16.00614234722,30.33777155028,44.9767014342,63.73314740663,49.32471050134,38.86281073832,26.35798887209,19.48046160545,33.70221333842,47.12089365794,69.13164907667,40.44493014895,28.15192832943,22.91890683221,29.48869193214,37.02688718276,38.33366357815,32.90046334302,33.45560858068,37.68701185987,41.02566628953
231,"ETH","Ethiopia",10.74441601169,10.14662306614,9.95299865811,9.85473858344,9.70586877761,9.48796637766,8.12763462809,8.27752553363,8.2282953943,8.92432090263,6.69968394023,5.73003182135,4.85426739355,5.37294579845,6.15984444146,8.23419280506,11.63248482923,12.59326985226,10.40026314945,7.45874087404,7.72974827266,9.36365541913,10.46624054037,11.35436188899,11.55775887187,13.0022186039,13.03176529072,13.21872141941,15.32099082861,16.45342408195,14.95963551843,14.66451906877,17.36088516865,18.25100726121
234,"FRO","Faeroe Islands",NA,NA,NA,NA,NA,NA,NA,NA,NA,NA,NA,NA,NA,NA,NA,NA,NA,NA,NA,NA,NA,NA,NA,NA,NA,NA,NA,NA,NA,NA,NA,NA,NA,NA
238,"FLK","Falkland Islands",NA,NA,NA,NA,NA,NA,NA,NA,NA,NA,NA,NA,NA,NA,NA,NA,NA,NA,NA,NA,NA,NA,NA,NA,NA,NA,NA,NA,NA,NA,NA,NA,NA,NA
242,"FJI","Fiji",4.43051081591,4.21578960376,4.63638306855,4.66228487569,4.62592796148,4.49904161503,4.43983022353,4.61437382179,4.31441183881,3.36293076999,2.0046625499,1.57880698073,1.93408171663,2.4853060518,3.30435067735,3.28157538799,4.37063364133,4.36738977786,4.3583802381,4.11394920851,3.26189700541,3.12399409069,3.60971549698,4.47144631387,4.96424189193,4.52881211825,4.87653176119,1.71728563645,5.08094400862,5.50092996822,5.33081783394,5.61817857132,6.1893906796,6.28472344974
246,"FIN","Finland",5.38230931908,6.78348334844,7.9934338652,9.37161541214,8.0540655971,10.02142678748,10.95175734011,12.1339846178,12.48638999317,12.0113564001,11.51101959334,11.34284720197,11.74907600889,11.75710120109,10.33717024514,11.27255192765,10.0039955051,9.22716722606,7.4622597575,7.94728669311,7.97930342774,7.92673702475,8.47483746905,8.05051498416,7.27145077757,5.96349831122,4.30739146955,3.03823024692,4.1874485274,3.77453257759,3.342796767,3.00137191323,2.81532404436,3.02313824286
250,"FRA","France",22.85194571047,20.75851389945,17.93000576876,18.51758299561,19.45762109611,21.96326164916,22.34903484689,21.55717272472,21.59248157181,17.92206983179,13.96209993845,12.06198794868,15.85115418759,16.116318026,15.29634394731,13.6345185,12.38907615133,11.70515958975,10.83530861686,11.25004633397,11.64469286838,11.17332173212,11.32280947395,11.74723341051,12.13551246092,12.11626605151,11.21890889303,10.1497897277,11.82140505494,11.5546245296,10.33504742825,9.9715012825,10.97808293655,11.16326378549
258,"PYF","French Polynesia",NA,NA,NA,NA,NA,NA,NA,NA,NA,NA,NA,NA,NA,NA,NA,NA,NA,NA,NA,NA,NA,NA,NA,NA,NA,NA,NA,NA,NA,NA,NA,NA,NA,NA
266,"GAB","Gabon",5.49539432656,5.99471423216,5.10064733585,5.40034051806,4.81610378188,4.81049070352,3.92528942679,3.79251976225,3.77586052539,4.35884478868,2.10305889704,1.50742353412,0.93132556729,1.83526761277,3.88597899414,7.54755695641,13.07822694227,12.73567352637,7.86769858448,6.40613452411,6.94048654382,9.75277336856,11.10895950294,14.97218055818,17.98571391326,19.13264607889,14.98483114142,10.42342585756,22.42541589208,25.34025555588,25.86567826343,27.72820187636,32.02340671899,31.99944316669
270,"GMB","Gambia",18.80955585917,18.54954458623,18.39887372653,16.8092045306,14.45680146595,14.57535429876,14.52141385732,16.90859418551,19.4423983622,21.2328894006,15.55025697407,12.35253771235,10.33827897889,11.91999290422,14.33620758675,18.10978287182,22.6248125413,22.53338003394,17.18508134682,16.70560387237,19.35470385351,21.22452619926,20.97880811784,25.82218626735,29.2085325328,29.69958605652,25.14848498019,23.98002853341,32.80708627004,35.7758614602,31.36351987175,30.72043059016,34.536703563,36.07560443349
268,"GEO","Georgia",10.62067703187,10.43641836967,10.098852071,10.04730370572,10.48019943216,10.68823925914,9.73015969139,9.39187846278,9.4377095064,9.60908748983,11.11836770482,10.12822158454,12.16803167609,17.93471882383,19.90679765137,14.55728425427,15.13866412102,17.84680668021,19.77711758069,18.7244507813,18.09310962245,21.43070170643,23.13785116354,25.49822471627,24.21938306961,24.1692310146,25.92447819974,26.35729708387,26.23604973168,27.95190635321,27.10261538991,25.96076472087,28.28565731565,28.24596090889
276,"DEU","Germany",20.12013873328,21.14146174831,20.58913561649,23.90088427997,23.6478293014,23.45273233145,21.91105329053,19.74306559228,20.71670980342,19.54108176917,19.53252686584,18.09415376704,24.58540790473,25.44568209018,24.17957013547,20.89957934262,20.40672741214,21.23338604545,19.38768680205,20.6100460071,20.16880626844,19.98505020404,20.02489852533,20.96835322716,22.70072531222,24.65303637048,24.30298921087,22.51353975779,24.38439174729,23.87792185374,22.63082894844,22.23043143038,24.23868547469,24.53425108119
288,"GHA","Ghana",11.29257235568,11.51170948536,10.76210208636,10.45373194463,9.50074151383,8.81508515577,9.38816653317,10.07138545477,10.46749155046,9.60103048288,6.80225111693,6.61335068543,4.95744279844,5.07035038618,6.48857428193,10.91492966345,18.25810878762,18.13966268376,13.9400734255,10.17262817067,12.768914519,16.39598823142,19.7769318894,22.65059269855,24.15716392632,25.45698050699,21.70921919555,20.7509867037,28.85601720682,31.27601927716,32.30056144957,33.6066826761,36.3812672365,39.24331666609
300,"GRC","Greece",26.19930703212,25.61486934598,29.04788226661,30.44176935519,30.50533172132,28.70013152946,25.96810701007,29.46545131396,30.34232536868,33.29581323436,33.56085759051,35.05632675518,39.44106906541,35.02697554006,30.97711688909,26.29270851767,32.50571309459,43.70258502467,40.17695296787,46.8182218431,46.46331389189,44.70965519375,42.12728852886,37.89874559579,29.09845896479,27.40077741787,24.1088605042,23.17818512662,21.83006945118,21.16032154665,19.59301240123,18.66348605263,18.57670827999,19.63415744876
304,"GRL","Greenland",72.15358317126,69.26502078754,71.98471022441,80.11627706898,91.02211264058,101.63100236957,99.23006460581,98.38366631359,86.49842664471,74.97480178889,68.79925859246,75.02721375721,91.69192619053,100.54627510536,96.78597200298,93.93649043173,82.12630915069,83.31858661233,83.6352339801,94.04474441274,95.33873632361,90.74368998491,90.13069257299,89.55720624192,83.20685347535,65.21752972861,53.54561037101,40.85243431237,54.47540870222,51.10418863421,45.47529088727,41.56897000724,40.96700820846,41.93728840889
308,"GRD","Grenada",5.98538363961,6.0478880368,6.73293696174,7.08560420912,6.72374325457,7.21662986447,7.22268056183,7.200383022,7.27469762817,8.2361465966,6.67214646103,8.90406309377,8.68798726884,9.12267802847,5.26964913399,3.4835519154,3.62891358217,3.72476668619,4.01415853757,3.19098898908,2.9905646011,3.00210689082,3.16473110445,3.46695850924,3.18467195368,2.87240607139,2.15693380202,1.01945444558,2.46924188344,2.66488392185,2.26291831504,2.15857296612,2.31823002048,2.47202760457
320,"GTM","Guatemala",19.64901297131,24.79409736501,30.68538244604,30.90884123369,26.66848104141,21.47530249039,17.1870251625,20.24146562656,21.65111236814,28.26554697994,17.50907420351,17.14192157632,12.98848495353,13.57461324547,12.95155230117,10.72078005741,12.79349122717,9.48967143789,9.13744466236,7.83289987735,9.41284463532,9.83213744132,14.92010918787,12.75117530761,11.43729234928,8.30318607836,8.65198748611,7.18777634616,10.14163098382,10.0483352118,8.90263069352,8.80173659902,8.62150136246,9.18896465498
831,"GGY","Guernsey",NA,NA,NA,NA,NA,NA,NA,NA,NA,NA,NA,NA,NA,NA,NA,NA,NA,NA,NA,NA,NA,NA,NA,NA,NA,NA,NA,NA,NA,NA,NA,NA,NA,NA
324,"GIN","Guinea",22.2233986171,23.88101570769,22.274623675,21.4066401074,18.46148081169,17.27029227821,19.21282844347,23.2144100907,27.6335915318,25.8390815266,16.65722302676,14.00928330818,10.94461853754,13.83974679228,16.42534300383,25.40546030699,34.94422858445,35.36774161947,26.8089265834,20.71286036715,24.50288391558,30.02120641762,33.89233324091,38.35221611159,39.63550412589,39.02321092887,35.2847453112,34.6211898762,44.50983322884,47.50856395961,47.81005575823,50.15070628628,51.66640345368,52.77815862064
624,"GNB","Guinea-Bissau",18.9217650147,19.22496391035,18.64457101944,17.31481023442,15.92278269346,14.9225896976,16.71482433351,19.41707932202,22.020440153,21.25884089886,14.05331175529,10.95198983913,9.07004047794,11.36580764229,15.33124026966,24.1897685854,33.12333399516,33.87796921603,24.88602207982,20.39721888476,23.13610342684,27.34507495055,27.73237262865,33.45259667331,36.98176337045,39.08628307114,34.38001137534,32.31695655826,42.36073431871,45.98862557238,43.91015877119,44.8158383294,47.56879958811,50.10929698065
328,"GUY","Guyana",0.53635130825,0.5538365587,0.53318886602,0.63283553135,0.68379875369,0.85268730062,0.88846229274,0.96510857571,0.97752216184,1.02887331575,0.78652320792,1.48070322974,1.58001534775,1.58566221647,1.0330058712,0.79258887089,0.89351492842,0.95827286379,0.84331254828,0.91231241463,0.95746278522,1.14746682048,1.44934245461,1.46347978371,1.38755186281,1.10076378984,1.03134368223,0.16004122849,1.05535490883,0.87501824205,0.64546579828,0.70638526199,0.76738335022,1.13705669737
332,"HTI","Haiti",40.44318693183,40.6452619545,42.19293499708,40.3887200857,41.3104385181,45.05649173329,45.43270322427,44.78571648953,43.13411445305,47.29610261346,43.29772445678,53.66492911092,55.57513992972,60.24777442603,42.8454879745,32.98041254424,32.61623737649,33.59649280932,32.91888771885,27.93046276462,29.75530573809,34.82406660155,38.41886789949,36.57303154251,30.51875876159,26.4946066888,26.06816863631,24.90224973006,28.62375537699,28.73893513707,29.06474385292,28.50770936136,27.91349039253,27.50362610355
336,"VAT","Holy See",NA,NA,NA,NA,NA,NA,NA,NA,NA,NA,NA,NA,NA,NA,NA,NA,NA,NA,NA,NA,NA,NA,NA,NA,NA,NA,NA,NA,NA,NA,NA,NA,NA,NA
340,"HND","Honduras",32.85641863127,31.22590433833,33.00452151522,29.45608979485,33.88266165379,38.64432362664,39.91064665778,33.97523293389,35.46504770015,42.18289004124,38.40807468344,45.36203274007,43.16180282582,47.59468657095,35.46967906873,28.77067985506,30.01376934867,27.38892361614,24.94380378658,20.51598650884,23.37714738313,29.24246556952,44.56712026978,40.15644761081,35.33407121463,25.8105397824,27.04725521551,24.09895476482,32.86249597006,33.53737354479,26.67424856167,24.27814597779,30.36515685413,31.33089071886
344,"HKG","Hong Kong",NA,NA,NA,NA,NA,NA,NA,NA,NA,NA,NA,NA,NA,NA,NA,NA,NA,NA,NA,NA,NA,NA,NA,NA,NA,NA,NA,NA,NA,NA,NA,NA,NA,NA
348,"HUN","Hungary",69.05713083068,72.76100962047,71.5683856529,78.26555735689,70.92596536391,70.28656125909,61.90157806042,59.05994820912,56.29770464364,57.10349782769,46.16498622362,43.40951747016,49.73005093169,54.85743384544,53.73716942376,53.09547681338,60.6436924532,63.50619264852,63.95654860614,57.16008050824,55.12472810014,53.82320528644,60.29801363486,60.60297526563,58.94012572796,54.90994460151,51.33452965774,49.1768108244,51.77637729355,49.51036404764,42.6361468553,38.63834020102,37.72484441092,37.8907565726
352,"ISL","Iceland",7.73789207763,8.05675219294,10.01513077553,9.3458600319,9.1675131755,9.09586357121,8.32626353623,8.19111303675,7.70256297368,9.01881203349,10.46946334763,11.61869602987,12.85213881918,12.74612620966,10.81126517972,10.18603127952,9.91045334414,11.84982661911,12.17594470369,13.94055450787,14.44843907048,13.53039535776,14.22133257487,14.30242400184,13.59706998782,11.32148931059,10.6843481587,8.33416793422,11.82521936726,10.7629860328,9.69966678734,9.96975123618,11.53505578808,11.31217091651
356,"IND","India",238.02648681766,238.5093883803,235.88207047332,237.34585565938,239.88106129702,252.9657446428,255.45280233277,269.02533533173,280.17871425897,294.52543624983,285.21716700755,285.61182703712,279.75388806936,297.00930722682,295.40069980079,300.50221916845,309.72706760478,336.4313458567,335.10540555191,308.96464355731,300.71343655439,313.08900425545,317.86397088463,326.61475839364,324.14923796149,331.36263733344,342.81830234379,348.1483485711,350.87428178725,351.44032504125,311.8121651618,317.96900605399,372.94547932209,389.93711891929
360,"IDN","Indonesia",10.05529585279,10.76731143838,10.92058241605,16.04542482854,14.78200989878,13.74244236809,17.08264745901,20.80750540882,22.00969799962,14.64633788814,11.94682250014,11.12844702316,9.58672482503,13.86620743601,15.07214393975,27.48370114822,31.46173959401,32.49597749481,28.04401883138,21.2710736286,26.25747941899,33.15698379858,37.99680035184,43.67569406264,43.19897402437,40.29708548128,29.38139621201,18.2320407364,35.94114497699,37.51571442112,34.80273129245,33.38404215178,39.41565202538,40.20547645273
364,"IRN","Iran",56.29186990783,53.70448533563,51.14749102273,48.97761056809,48.96279493713,49.62303124799,48.40390010746,48.09943698218,48.48947471007,51.21153328366,51.51499200047,48.94447356788,47.05276850514,47.93062043678,46.43012864287,45.53247227492,45.20676988892,49.56301432621,50.74393664563,46.36360890056,41.6437814525,41.43329219286,44.50122065091,47.13852522856,48.13302038982,50.71072641962,54.50202254076,56.01532365255,55.12173645905,57.24650365312,43.2950030793,46.93920470549,59.13172055538,60.10967856994
368,"IRQ","Iraq",63.40872098787,61.9873639821,60.94424565077,62.01467648913,62.52318575163,64.0286719895,61.66387465607,61.98745442816,62.57656595314,66.05588406809,67.28312775005,65.50677306741,66.17396107974,69.2193414576,69.104240718,68.35143457383,69.2123850257,78.0312361483,82.5242426313,79.6625562999,74.35351698971,74.02126179312,75.74828909896,77.06725750455,75.16214717061,75.91383870544,80.57592742645,83.01278791369,77.21656617024,78.6153801202,70.54773507017,73.36445609276,77.31909812765,75.83287692648
372,"IRL","Ireland",33.06864418589,32.2450120879,29.11070577469,29.41735298224,29.12991380868,29.07104585254,27.13545311399,23.54766803002,27.55776739954,28.69743116997,26.74219261954,23.08651254212,21.94562194081,20.41603299928,17.16796876783,15.54905112788,14.6248622669,15.64958398073,13.41386964232,13.16779179766,10.31823982971,10.97659113503,11.64594134173,11.35649338659,5.78244539748,4.85871554356,4.27801156641,4.99132739399,4.03492874121,3.36488378961,2.59949059043,2.11116125795,2.08742204911,2.16318509203
833,"IMN","Isle of Man",NA,NA,NA,NA,NA,NA,NA,NA,NA,NA,NA,NA,NA,NA,NA,NA,NA,NA,NA,NA,NA,NA,NA,NA,NA,NA,NA,NA,NA,NA,NA,NA,NA,NA
376,"ISR","Israel",53.35466361881,53.30020782043,52.41768652732,50.75617294942,44.9025566127,39.44641932285,33.33526770673,33.37656746726,33.28604144034,37.93100809684,36.04165934962,36.55185519723,37.48060963684,39.72850001171,36.91527271669,36.11243539196,35.58673437287,36.45285456856,35.04133092008,34.10223187468,33.91950351722,34.73646921216,33.73340830221,32.57614534866,31.18399934628,30.78543316131,29.36227292425,29.84822597267,28.882583576,28.20383320783,25.74098881555,24.59184722147,25.33526246139,26.52228374771
380,"ITA","Italy",54.71620498092,50.6605208845,45.42219650126,43.76539740905,43.15048467506,41.33351903517,37.79841237675,40.27027304584,39.45318792262,36.38876111457,29.53282622868,25.12071289768,28.59460295114,30.83739686509,29.75961453947,29.05385026547,27.67799370354,25.38067364986,23.19945932863,22.08727085134,22.78614279307,23.41303863054,24.88716014852,24.773841746,24.96853074092,25.46928501034,25.66967641778,25.64272677076,28.44003954729,29.45504803882,28.65548247283,27.36072895458,29.64421847045,29.90869072575
388,"JAM","Jamaica",19.07941141368,18.99879377338,19.73705703274,19.65873718039,20.34508043144,24.25795890223,29.16499360823,31.01632817328,30.93561236602,35.06033536583,30.31876335038,37.09998207162,38.72049352185,40.76152865811,30.07061198534,24.40428228961,22.50438088033,21.42022979419,15.52942959976,16.09585541755,14.40402278386,18.56812228617,19.28176450814,19.33790869035,16.75042712681,15.22969118377,15.01964583328,14.99737879784,16.19741719355,15.94950566844,14.39057199934,13.1953889751,13.47394590668,13.3309996485
392,"JPN","Japan",9.8952494645,10.39739839227,10.6468023049,12.63603788522,11.93905058244,12.08276947772,10.42770386388,10.13070428217,10.41988600399,11.52137406619,11.95774543047,11.75672914283,11.33945299984,11.61145337569,11.6860169166,11.69884211654,11.28091734265,11.25451875157,11.44678996518,10.73115015835,9.73174332033,8.83623830681,8.5380105383,9.25458327228,9.34420258647,8.7973719928,8.07263667352,8.08326829114,8.28043681459,8.1168258852,7.41665807714,7.47157656571,7.95557179247,9.31205258752
832,"JEY","Jersey",NA,NA,NA,NA,NA,NA,NA,NA,NA,NA,NA,NA,NA,NA,NA,NA,NA,NA,NA,NA,NA,NA,NA,NA,NA,NA,NA,NA,NA,NA,NA,NA,NA,NA
400,"JOR","Jordan",57.02466368537,56.83073353752,56.59369272848,59.84450238802,59.12145883491,58.64199162456,56.38091457049,56.8804783101,56.3945219102,56.93415631116,54.44463498329,57.36710610925,58.48401075769,62.73613699176,57.989083708,54.69667401248,52.25218193127,55.34170570804,55.40579422139,52.11949223852,47.53415994755,45.42437193709,43.24919762812,40.24615410527,37.1071634538,34.45597066485,33.58492461265,33.26713137592,30.5449223562,30.06207640552,24.4827147837,21.83012123003,24.43331633954,25.16053005124
398,"KAZ","Kazakhstan",90.74340225318,91.54241424022,93.91992269419,101.98614652868,111.49479409634,120.6188294431,113.8053811166,104.71790584859,92.42551316667,80.56920071148,90.94646347034,83.88778079636,79.79714768583,81.02910731347,70.85321707032,66.72532769421,56.53738995052,60.26699808312,57.05275643543,59.46810726566,57.02367522643,70.26179723374,78.90608733535,78.37811922566,79.10200261895,110.64674703808,138.50072854158,140.67014760836,115.42650731589,113.86978313551,108.6067384011,96.7162056918,91.45281598548,86.23948105032
404,"KEN","Kenya",2.19566456559,2.14522917574,1.9315064882,1.76616569841,1.70661733991,1.78877906189,1.72838029158,1.80697314813,1.72973914168,2.02696860432,1.31547246006,1.16515459937,0.72647513786,0.74783174644,1.20417765246,2.15353341193,4.08854128754,3.89283949841,2.75395976867,2.27523310816,2.79767013389,4.14359552219,4.56058849092,6.5821104088,7.07668571119,8.18915908346,6.24409608063,5.43758073354,9.69073116354,10.811293223,11.18063152342,12.25753835857,13.88205728392,14.31331031651
296,"KIR","Kiribati",47.36115227536,48.86716287167,46.53972809491,48.01567878361,43.92022291304,43.48391662967,45.60535011984,49.45631106864,48.74854978346,43.40334133589,32.12574696431,31.28303276482,25.50316110036,29.79694096482,35.17860325407,54.32960051938,71.60886443771,66.89945840303,51.2453691184,40.32143195135,45.35931257275,55.92188393776,61.81796450332,69.3391581806,69.59009665343,68.37787049281,58.48439601336,51.15406370878,73.40780195351,76.7411099274,77.36441483917,74.63236314088,83.38176151145,85.60533045945
689,"XKX","Kosovo",NA,NA,NA,NA,NA,NA,NA,NA,NA,NA,NA,NA,NA,NA,NA,NA,NA,NA,NA,NA,NA,NA,NA,NA,NA,NA,NA,NA,NA,NA,NA,NA,NA,NA
414,"KWT","Kuwait",26.68590765166,26.67127771654,25.04704164526,26.46772384935,24.87667023123,22.41262000532,21.78954508399,20.54540217164,27.18337470975,23.93280974864,23.6362891979,18.38088017139,17.70531762137,17.59982539793,17.19781822142,18.36752441011,18.72196140695,20.36093010903,20.57805933466,18.32948752996,15.44737279859,14.89207703945,14.42513709913,12.97849111304,12.49635466397,11.87738935731,11.82883696751,12.15360268874,12.0700475682,12.25773987024,10.58920659063,9.985972887,10.79435928836,10.55649662019
417,"KGZ","Kyrgyzstan",226.38569236796,221.33516619161,215.47656669412,222.61426739252,235.66834135535,242.89934368551,234.60795522747,226.98945416599,220.13951165873,222.78625928502,231.92815883368,205.27143854955,210.8703104927,226.44928673134,214.11621917041,198.71069235606,183.69755691208,202.4556960459,193.84304529876,159.12600026861,127.00424206666,116.26499663233,116.58133117101,109.54137474169,96.78220970776,99.58473981882,107.36244912694,112.56085032396,90.22099948618,87.27661616125,67.48743691629,62.44722784106,64.12292142244,65.87397047331
418,"LAO","Laos",28.98868589767,31.75252625133,33.27679847526,34.03597520188,33.45328513832,34.28171638676,37.43530166723,47.35517425793,48.07044908527,38.79744130015,24.13009096788,24.5485054185,32.6075732987,51.26901691138,55.30634807332,50.33632386973,42.849255624,47.81543816523,51.46952949985,50.67172616826,61.89968786338,74.94391639229,83.48114121056,78.30076697768,68.39032151486,71.8288402465,60.81353867433,59.01689723501,68.03456746059,68.80008202191,68.62552249612,69.35539948478,69.97103475132,70.41691275675
428,"LVA","Latvia",6.45435682845,7.6031954868,8.02267390016,9.08006006228,8.63402590327,9.68546538785,9.63825674401,7.97145143287,6.8094346437,6.08468985557,7.03743357143,7.08496946009,7.10451958072,6.68483115854,5.93942698261,5.81736699636,5.29149754756,5.85854093517,5.51901939401,5.36653303496,5.3544440754,6.76907121401,7.27766301196,7.43515238944,6.21001330701,6.18658794215,5.04677960405,4.11759227915,5.22153472141,4.75517838356,4.46537846877,4.50596597145,4.72606824637,4.68700631674
422,"LBN","Lebanon",73.03997188284,69.52865675201,68.14182749089,70.02754043651,67.28779059541,64.62953405671,60.69402402285,59.18665072311,55.73986651589,54.88138763188,52.89645882651,54.23643695298,52.76903050108,57.46837071576,53.74088469754,49.83630917058,45.44125108411,47.75294863652,53.38808823825,52.76094917339,50.777696467,47.98911993995,47.77477494068,47.84090493775,46.23424405715,44.88176335505,43.00811832793,42.0792782364,39.57969293071,41.59136561918,39.52253287048,32.28889755919,35.52948072015,36.74714690191
426,"LSO","Lesotho",39.636228281,41.76447870603,42.03268446666,44.18602468777,41.13426849355,38.81593022562,35.63541859797,36.17306309854,39.80103154396,45.16332156999,39.80310216322,41.27984001963,37.07563163462,43.89365105154,63.94457450867,81.64667465925,94.38240278474,79.28012750521,63.9912412725,52.57489419967,44.34305321676,58.3937437096,68.25735117758,86.32230482867,69.32144883376,61.77908911991,63.94923804351,73.36704635903,76.21631005926,79.29262626448,74.43683452682,71.24975257625,81.16401056878,86.39960021759
430,"LBR","Liberia",7.43851718145,8.00017899467,7.01908169096,7.05959709021,6.5240078477,5.52885217679,6.60819916339,7.62361529937,10.25251935967,9.14519156728,4.75129991657,3.7445068538,2.87073072622,3.44849603393,3.68432963447,6.1915327913,12.65620207135,14.54398842241,10.45588396363,6.62185812922,9.54164410344,17.75926191266,26.01335111275,31.71143431362,31.78918394349,31.17301960107,19.43733009193,12.37737385702,30.70451741094,34.26149739321,31.04554297023,30.33444650847,39.91614861972,41.88236893688
434,"LBY","Libya",31.92754579712,31.67604222203,31.75208708207,31.23420890458,29.25318702187,27.22166461792,25.2668159822,27.34490066754,27.76702363306,32.35788707395,31.32813820382,31.47017407803,30.66378175505,28.78509775993,29.27750366493,26.54682846068,29.20093640025,28.69900160433,28.04784449029,27.31103872139,31.27772915412,36.22082159319,36.89475059187,38.53463701734,37.4672850876,36.83038259794,32.26329860333,30.85721328052,37.14291042818,38.39941115718,35.32659816889,34.64086219407,36.9958405072,35.99026138962
438,"LIE","Liechtenstein",NA,NA,NA,NA,NA,NA,NA,NA,NA,NA,NA,NA,NA,NA,NA,NA,NA,NA,NA,NA,NA,NA,NA,NA,NA,NA,NA,NA,NA,NA,NA,NA,NA,NA
440,"LTU","Lithuania",23.18938958179,27.3851007455,26.64306246217,28.63129946546,24.94325845805,26.80967089047,24.26090814302,15.85246947706,13.55441496045,12.81815650046,16.17433676655,18.69114320768,20.20142389807,19.32506181774,16.01997407941,15.92352557656,14.0528317,14.58814653033,10.69741233483,10.78361744891,10.11287824989,10.94316712247,10.75785580766,10.48984109916,8.77424960118,8.6233753528,6.09982654334,4.35136005371,5.43144683507,4.80978455768,4.4309110717,3.72189906247,3.71072502733,3.82298869041
442,"LUX","Luxembourg",24.5438052005,23.60157270984,20.22220800074,21.85215251462,25.16683815734,24.96317999985,24.51069541206,23.01232988525,25.41874062682,21.76890922175,22.90313247014,20.50036624941,31.70401036626,30.91901968056,30.62003300393,27.15052767671,23.16614884584,22.15519004017,19.04586916095,21.82965139667,23.51383994029,23.23997294392,22.18180629996,21.14405038461,22.07753989516,21.14198057207,20.79145907211,19.35663637024,22.39277956082,22.30441275564,19.51186879829,18.94100880015,20.71556108554,20.93496847328
446,"MAC","Macao",NA,NA,NA,NA,NA,NA,NA,NA,NA,NA,NA,NA,NA,NA,NA,NA,NA,NA,NA,NA,NA,NA,NA,NA,NA,NA,NA,NA,NA,NA,NA,NA,NA,NA
450,"MDG","Madagascar",1.15947691351,1.20949686578,1.10220439163,1.03231498584,0.94884413296,0.97766759594,0.93644034697,0.95183112603,0.97915292128,1.16182451284,0.76371999955,0.67189933972,0.39826691301,0.42751203272,0.72344655668,1.72232752101,4.25632642885,4.15801335493,2.49465145142,1.46513497127,2.02212820567,3.84248688661,5.63828047652,7.67822300183,6.81350812202,6.5440386062,4.5001810213,3.34619749259,8.62620024217,9.8141918845,10.07262806512,10.76032481013,12.21450781689,12.88625791821
454,"MWI","Malawi",4.55530123184,5.20742123178,4.68508761321,4.29777704688,3.63110778417,3.95477494077,3.94408332174,4.76983841299,4.84038696005,5.45556904016,3.95230166884,4.03300266042,3.04012226386,2.72243049707,4.92673330998,9.32353022091,17.8017509623,17.55940727769,13.70199298616,8.97326823647,8.52822359777,10.467369315,11.71399237181,12.74330054544,10.79236726727,10.1238307566,10.89733308844,12.54274142044,12.88859227507,13.3528972887,12.49736650807,11.19108566688,12.69025705835,13.42791866649
458,"MYS","Malaysia",14.44115726503,12.49026342248,14.03050498616,16.11919729244,17.58859216634,16.40041323365,23.19537138138,28.64042699015,32.22565973085,22.13516600985,17.34300370613,17.20287935624,16.82468357402,24.75694510717,27.94916491826,33.77604941109,29.46673165257,23.89695144097,17.69884721821,13.26168914845,15.96204180477,20.3841971629,24.43262363724,27.27455061636,28.98790362138,26.96235374984,19.7747529689,12.05689521492,24.56281114477,24.97909384564,23.77310335805,25.58958273103,30.96087567927,26.53019845393
462,"MDV","Maldives",43.88444363836,45.96306698733,45.63352045573,44.64561529868,44.5347304673,51.73157483362,55.02826616514,56.97493023833,50.88108738648,58.81625780342,54.01690015668,61.39622831973,52.15364543523,60.71262925869,55.73288271386,58.12929267627,57.92833731097,66.82169071951,61.78026888984,49.10757575089,55.75393631159,70.05166481439,86.4499171113,91.63907736996,85.60967574202,104.42213181875,97.35620941063,106.29031404219,118.05029230099,126.40430172947,129.48596109272,131.37005458767,146.1226763419,148.71221744472
466,"MLI","Mali",21.69852911178,22.38858841665,20.86096833981,19.85959763147,16.07954100045,15.62315911256,15.61995421115,17.53486052897,17.9477345522,17.62588318811,12.50966145525,10.00364157789,8.03565858229,9.98701545211,12.78048333342,18.69063275166,24.33746525582,24.30374438758,17.70622140197,13.65534842921,16.67387956476,21.32068662742,24.29705733084,30.09021939983,33.77812466371,34.62932017631,30.78452545738,27.28457283391,41.42220610893,44.73570511464,41.94213270344,42.43268196304,48.17399932063,49.82685528435
470,"MLT","Malta",62.00373922315,59.52036871104,58.36001514695,55.76445209333,52.86120832908,51.19439874419,46.49453493269,51.11964901272,51.07069786239,53.7464999223,43.35108513867,36.62519987792,38.57593495021,38.98349102779,36.66520815231,30.24981090604,27.26288522705,24.15727638728,21.73565621616,20.59777327093,22.14708548409,22.17936766303,22.97085574049,24.65427838432,24.43881089182,23.38770040599,21.35684269757,20.29536644979,24.12719347779,23.51760764929,21.90903667745,22.18098462697,23.69327440916,24.42080073991
584,"MHL","Marshall Islands",0.77050498529,1.03068664112,0.78560072116,0.81457210035,0.73674032842,0.75343547286,1.22502927861,0.79817353078,0.84984070039,0.55079726092,0.13955594477,0.15360600207,0.25819457817,0.51385274317,0.33403262184,0.43843116401,1.10058599921,1.01065404743,1.24747226826,1.15515895581,0.79910512648,0.29231793627,0.20373841839,0.26153080041,0.34185539603,0.22790057505,0.14168356774,0.00189280362,0.09718808345,0.09010260677,0.0478216108,0.05980516615,0.04771229642,0.41947038699
478,"MRT","Mauritania",13.67785835069,13.07804334583,12.74393323625,11.46102174741,9.56382142634,9.48264067538,9.22065454593,10.15579230043,10.98223700937,11.30379728718,8.78835098285,6.90851994563,5.88439302206,6.48752632042,7.31032797862,9.04737662169,11.65100273225,11.44030976803,8.53017828958,7.33460911867,9.44602016301,12.17664486086,14.95786142565,18.74276130742,19.64853461658,19.56747641354,15.00595205639,11.52642618615,21.87960940573,24.24692779319,22.69473763986,23.78891899445,25.65893511384,27.69769059997
480,"MUS","Mauritius",2.0379837356,2.01312045932,2.02100017164,1.6687628822,1.6393098279,1.72446684145,1.56468706608,1.65334610319,1.54220447569,1.54134589397,0.91690878626,0.82276301793,0.39455826575,0.42261274552,0.28282967065,0.65622699704,1.33873220569,1.63913016653,0.99288299997,0.45681422915,0.24995197144,0.37412478113,0.36058115161,1.05307609794,0.49538462936,0.23219089525,0.02538651226,0.00162956269,0.06514827672,0.05823915524,0.03794945295,0.02709325936,0.01594171438,0.07027325757
484,"MEX","Mexico",106.36940438284,105.18382188874,106.62903932106,101.97063218527,100.47434932218,97.04164578995,88.21772059809,87.05513889175,90.75214376152,93.50902630864,75.29056836613,67.13923720094,61.55228384421,58.51050186003,56.94320761002,56.86818097778,59.16471284872,54.22563487728,51.80624363964,47.63878878174,49.51792890206,44.84810227324,47.0703602299,43.31904124835,41.3471820926,35.15338211767,35.29813779684,33.50749216936,33.25596306077,31.94804799045,28.36951800763,24.48944628777,23.15376515492,24.19240263135
583,"FSM","Micronesia",2.48521809204,2.61306686725,2.0883741085,1.83422913688,1.24549825708,1.26182972427,5.39476699878,5.73685404627,4.89377879206,1.17998581101,0.36966453283,0.42196345542,0.42998124738,1.16906162236,1.09446041069,1.14897661289,2.28901529105,2.40765994235,3.48127969298,3.4614193918,1.78492832026,0.89834057798,0.70654873009,1.13543885329,1.85425813612,1.11410349566,0.76137263644,0.00694731832,0.51569437289,0.38823596809,0.38401846599,0.26163808044,0.24806883191,0.47278328507
498,"MDA","Moldova",95.60950283283,102.58167796319,93.79404387455,100.11474631867,104.2823134436,107.63884029002,88.7823861354,79.12241016565,67.64200677183,66.49697848356,54.09138531367,53.80682443773,69.67637138885,70.35760953753,66.53065124592,50.76087125698,53.72460574831,44.22451714761,45.07747094028,37.38304656009,35.07309363411,29.75130333385,27.17248730452,25.70148754064,20.54525893876,18.4206632355,14.96729133075,12.38156166681,12.60107711493,12.36147174091,9.3691234939,8.17960780368,8.91334813533,8.89239526553
492,"MCO","Monaco",39.26583113088,35.37649313788,32.0207682643,31.79730007193,35.34807327964,39.70000642583,39.70065490305,41.61074765461,35.16313209677,29.40431713721,23.78857278772,20.67905299744,24.83063529568,29.16729545304,37.82643021368,38.14168306202,37.37903535059,34.39863962914,36.68669443779,36.54929362237,38.77462081058,37.5627735038,36.12004437885,33.00857251777,33.91815023737,31.51443662027,33.4969123349,32.17181697083,31.38590751793,30.86181887061,26.71207355687,24.83809468984,26.21059914511,27.87509558609
496,"MNG","Mongolia",64.7812238072,71.44070692654,73.43888039359,71.19161570863,64.95691733417,68.50111173445,69.42768731993,67.95624580829,67.5285760088,68.94744177866,64.28407645867,62.05469223869,55.62856920392,55.04163069102,53.59247281105,52.22907999608,50.70081654214,46.47151971789,43.33459614583,46.20324531946,45.61921420909,46.28044991304,36.42028013887,31.39110273004,29.64433494305,35.27360203473,39.11803270557,37.86627363775,33.14293708426,30.7691549107,26.9632497734,25.94375380121,24.52758940784,22.53316079695
499,"MNE","Montenegro",19.88362408701,18.52513757661,17.60324763398,19.14032723682,19.67544294453,19.35151208349,18.80359796142,18.96693886197,17.8971535711,15.56484445354,13.40579947234,13.47875539193,16.19439442685,16.6002725089,16.26528001043,14.56097649866,14.38270069452,13.73675857162,13.87220543064,13.55033090307,13.39056703382,13.77979078957,16.171348853,18.16122644062,19.54547410524,18.09792099142,18.32786287135,17.76737232225,19.55550501059,20.16811541175,17.50442265216,17.406419796,18.94677001806,18.60321092272
504,"MAR","Morocco",23.18790597258,25.00583917735,24.52095278072,23.51549920868,18.53379921918,21.01541780719,20.8803597437,22.72911929558,22.50974035162,26.61603991971,27.63849154705,26.1281801277,24.77610426729,26.14843501775,27.93606794774,28.81844144097,31.49730412399,31.91387691477,30.18723503116,30.47860298901,31.34183912473,34.07133255646,36.48339417796,40.26203743085,41.04266615968,39.09108187467,36.57743337934,35.54544057745,41.12660553825,41.32913079029,39.12035851559,39.38311203545,39.71118644588,38.23024253177
508,"MOZ","Mozambique",1.48193456962,1.6318358808,1.44912103173,1.36638111869,1.18500179331,1.28484459031,1.28839543274,1.50326801124,1.52610732325,1.71666206995,1.21880035078,1.25006380173,0.90335484249,0.87213481803,1.7022812164,3.66795625649,7.52536644972,7.17122383982,5.5537763275,3.38194929829,3.23886069382,4.61806912634,6.09891249746,7.77851072356,6.0211155072,5.35788845197,5.27454125666,5.76984935158,7.31470874395,7.96596968955,7.89298574744,8.98283755021,8.87805178808,9.25866382542
104,"MMR","Myanmar",87.46109135762,98.91990731785,107.15295530733,112.8292869602,112.72689515851,112.76711040881,113.73750864459,114.88568050889,118.49869310708,114.82451901034,100.90027635966,91.71119311201,97.80699752337,112.96973137264,116.63927435127,111.14342603531,124.76757439482,143.22472892128,148.24601587662,115.03837511168,114.58939833373,136.88874240702,157.4705147731,164.08552880176,138.7670091401,123.88403634754,103.77923146283,97.81368162602,118.95911205593,118.6683022718,112.52094787929,109.34727904963,124.01396221645,126.52158462477
516,"NAM","Namibia",68.2358229196,71.76026808178,64.35111682443,61.59550716548,53.27181866013,51.22083796655,48.91704666953,52.25393410703,55.31961329417,59.6136789376,46.61414389678,43.14968150743,35.86876596269,40.57822074567,55.89269777185,74.32326890199,94.88939964951,89.74670951085,76.69363129114,63.852284066,58.45017228053,59.93000734934,58.91013339445,59.96051294587,57.78316295147,52.94513531949,60.36356362574,64.27981803937,59.54404901827,59.89821670879,51.57951488589,41.14717042162,52.99817689375,58.49459671685
520,"NRU","Nauru",0.70811792104,1.41952498872,0.77470289596,0.94635154142,1.0058013461,0.77184254572,1.34637775861,0.71931345484,0.93246701193,0.56160518329,0.74195486217,0.01727016377,0.23599895073,0.35759896271,0.36641948244,0.37966251628,0.86529477375,1.46731911805,1.83113511387,1.15096096751,0.66728925521,0.31114567833,0.49829735956,0.33406719631,0.47717246455,0.2952630216,0.20290365158,0.01599539789,0.49329691437,0.06101263147,0.21550597539,0.1324477097,0.19294168246,0.42990093545
524,"NPL","Nepal",381.38024010861,380.08566139145,366.40561111987,368.80552716478,374.20251534846,385.34896504322,392.25888150134,397.89041845164,411.93901859469,430.70029473942,425.82841603123,400.4542081979,383.85486971753,399.49572157883,402.20883820301,402.89508595749,399.34776547886,423.65074410821,416.69799081052,401.13902637836,378.8108755584,391.63397852947,394.57793062009,408.49122201152,397.6404921464,400.49200511545,428.09005550064,441.35185115382,429.93005573134,431.80198668642,393.35065081811,365.88679797625,416.48523522034,420.44522899245
528,"NLD","Netherlands",23.66564304083,23.27482234589,17.67676080172,23.23631696292,25.91328048459,29.77696311372,26.31841676325,21.20802864803,24.41838097752,22.88175132108,24.82351597016,21.48194169382,30.40761449395,31.00846330882,28.36062399855,24.14727834323,20.76650792324,20.14775168766,16.9608637255,16.60767364737,15.8155435286,15.12884004695,17.79329348782,20.66876613598,21.70760881817,21.4845735761,18.8199552876,16.72846892972,20.38871280073,19.84121098633,17.92142852268,18.29682398268,20.55191006602,20.5537895422
540,"NCL","New Caledonia",NA,NA,NA,NA,NA,NA,NA,NA,NA,NA,NA,NA,NA,NA,NA,NA,NA,NA,NA,NA,NA,NA,NA,NA,NA,NA,NA,NA,NA,NA,NA,NA,NA,NA
554,"NZL","New Zealand",4.05963496967,4.31064794837,4.1387027657,4.8916199529,4.14113184048,4.3253897888,3.55625265138,4.28654146132,4.25224835221,3.63511167345,2.13379411214,1.68116662144,1.89387472172,2.2408441812,2.86822186257,2.96871374461,3.66901154033,3.19739214342,2.84661590405,3.62845472424,4.02027538555,5.18935568114,4.2828990627,4.07646882052,4.18463643802,4.41289761489,4.78449758023,2.79908506349,5.67621462769,5.95054340463,6.09071264342,6.48385249533,6.92308508244,7.46387729656
558,"NIC","Nicaragua",10.01496403553,10.14462010071,10.20308021821,9.52557927228,10.76855193514,11.75042735317,11.62862511757,9.41772300837,9.9814881415,11.89739811516,11.1984229537,13.98735766475,13.6507269591,15.49825470203,11.82448339972,11.07705208341,11.31366712621,11.23850391141,9.70238603359,8.39526153616,9.82662580856,13.79525521293,19.69607171657,16.29214094096,13.41876994287,10.66550403129,13.02107524627,10.37551574283,14.9720774948,16.32818801349,16.86337851654,16.85083554986,16.93465467935,16.96890124741
562,"NER","Niger",50.0972017881,47.0775035171,44.04943294445,41.38260158042,38.18122545447,35.38020466233,33.72213861672,34.00071188612,33.04164529766,32.84942663107,26.29965813748,22.18262588831,19.26933327197,21.66744203705,25.16800190182,30.5831425331,37.64023560226,39.52590563066,34.80846487792,31.29724138434,33.98575990557,37.75044725417,41.7703687586,50.20892162364,53.98624590798,55.43369346843,50.27239436208,48.85919281091,60.41908724836,63.98930480945,61.16686059486,63.54604263031,69.69893100073,70.55124551524
566,"NGA","Nigeria",48.96294876845,47.11579818709,44.47629965022,41.91652738656,39.33613226317,37.45302120008,36.55627508779,36.06406716351,35.69138921422,35.65973159076,30.39341193791,27.33430239719,23.60340651302,24.51779533714,27.13406772012,32.98766559988,41.27922189059,40.90485038068,37.13879636541,33.45250981623,36.70018213824,38.64512391674,39.68628280606,44.81079336493,45.85045616767,48.2526865789,45.86727143538,46.90191696559,51.01424818929,52.84760189974,50.40407748636,52.4005262068,52.93572553635,54.41039959679
570,"NIU","Niue",24.72697577843,30.99897490107,38.71646796617,45.28497659817,37.71534088096,29.58470736134,29.51107018765,36.38578570069,42.4099469596,42.90448580359,35.92881405723,31.70976611104,31.69775863193,28.20531686421,28.05600174981,26.68295336651,30.9700444277,29.77275055328,29.28696719861,25.65985904452,24.01575785288,22.11475292118,20.72391992901,23.32024508078,22.56391395489,22.44927286962,19.34157258584,13.56328235388,18.93083944423,18.12938046604,15.80003196809,13.89571439261,13.8037418723,13.32692694234
408,"PRK","North Korea",114.55637667445,116.19994595738,121.02782688627,121.43662567988,117.68710048429,117.6201881254,122.15876468404,134.20771675641,144.78902833329,149.85984586541,135.96361729264,121.83994187156,113.11441980689,117.91905602612,124.9936662449,125.47291901401,128.92558780289,132.0461318025,144.90039768014,146.52259973671,150.80869406724,150.14606607011,146.7112120472,155.83015986809,157.34159733206,168.66467795733,164.04842931137,161.85840989224,169.00253100394,172.26430399508,163.27954906595,162.72728345479,161.52691259682,164.32218571592
807,"MKD","North Macedonia",60.55405422537,58.22785860857,60.00304119677,60.35094497168,61.15911395132,59.19367832351,53.88237042788,52.85267375493,45.50429096801,39.8105578793,32.18977408097,32.63549230186,42.31729690472,53.07937880914,56.20545104437,53.59543933013,48.69869046407,51.45280369886,47.40024500924,41.08658982292,33.11543889046,25.30739231692,25.23046681794,24.16926728597,26.89749969117,24.03393748786,23.32324105281,21.78304896195,17.86954971647,16.77301211371,14.63259345127,12.57254709405,11.66582089653,12.00356573567
578,"NOR","Norway",11.00729458976,12.33341754131,12.69984300218,15.25670946672,14.86060083321,18.55836052467,20.36737238168,19.94139331901,20.70128210562,20.37085733637,21.91519223965,22.19123814995,24.36504780953,25.85576052129,23.00418058031,22.09715395227,19.63386758945,20.29843619796,17.55058305996,17.66822750527,17.8409779059,19.15812630157,21.27256053295,20.07843958955,17.97895179739,14.68160822924,12.49313279076,9.3550009794,12.52190163069,11.42011394602,10.02078904142,9.73002168747,9.71575003044,9.91852034847
512,"OMN","Oman",42.73611122099,40.1498793443,38.88241077292,37.62318930654,38.03750796186,37.28354491586,35.58081723688,34.68787697084,36.85203509397,40.70551349169,43.71954863567,39.19934385916,35.94875813288,35.83252493025,35.32729041269,35.75936851765,35.05440376614,42.77487303138,46.62812066171,43.9700727939,38.26771533084,36.10049130998,38.26418239762,39.4222642045,39.28060352957,41.98151525811,43.6045683153,43.23463072688,39.79984444308,41.95454468468,35.37174988773,32.81124897402,38.61866689798,38.30935375567
586,"PAK","Pakistan",215.93328096928,212.83172683501,205.65106242543,199.525587739,199.9333735856,207.63379126514,203.42130970574,207.23656040143,217.74306343802,238.97226071861,240.42785757122,231.56655261491,220.55187444629,231.21096879559,230.58580260943,235.336572158,228.72605161422,249.26966480177,255.70558409856,247.24132473046,233.88652260826,237.91542172986,246.36095461503,259.46975544181,255.46698281458,267.43574722994,286.80125861914,297.85490233644,285.95992057795,290.08613710286,264.03067302696,257.90017345064,272.31904276857,272.67382392434
585,"PLW","Palau",3.27040153223,3.58901540768,3.32275738181,2.79814861613,2.15024531533,1.92349252595,5.46932988432,5.93381903173,5.68424300658,1.48998926589,0.732520133,0.73429038692,0.65941213971,1.98957546373,1.6559514665,1.75643769795,2.70069336218,3.44381669672,4.82216006339,3.63518224567,2.24729493324,1.80153169722,1.89554129886,3.499132835,5.52923642972,3.0574037763,2.22696759803,0.06573142182,1.71875060262,1.85509378639,1.70427249886,1.3810444911,1.39372763638,1.29931202659
591,"PAN","Panama",13.66820890837,13.76241966843,14.99627610397,15.88123598423,16.02295623142,16.20173694833,16.61453576878,17.63666878196,19.70946603975,20.53747487717,15.31858498875,20.40739073771,19.712814389,20.67898512347,13.31224785556,8.52434528132,7.90134602868,7.15431142886,6.87970723711,4.93547725043,5.45061283459,7.10002482408,9.83956351976,9.66788564909,8.48018276984,6.68934689364,6.9416272977,5.03031494019,8.48232508025,8.48512995803,7.73382293818,7.53115240903,8.12381841567,8.22669531307
598,"PNG","Papua New Guinea",2.20754923968,2.26728470326,2.31368782411,2.31555410062,1.92053372484,1.83584283394,4.74873151584,4.44949209793,4.02337420373,1.28505578919,0.65265600002,0.65687669472,0.65593349688,1.11823070517,1.11532764752,1.17094073057,1.97481392407,2.33912779078,2.58393301399,2.18714798685,1.53089737486,1.10095055604,0.95876425164,1.02233378507,1.87822271045,1.45334777816,1.57436719225,0.04862542089,1.01852649681,0.97147572461,0.91850126339,0.87770370713,0.9183569791,0.97458073528
600,"PRY","Paraguay",12.99996195926,10.81523115174,10.88424844296,10.00153417502,12.07419027414,11.2590635495,11.85617263973,9.84242031877,12.65775026453,10.12129843692,10.10901692789,6.4243603601,8.91557388822,8.51269317824,10.82891781248,11.93511367965,13.30780065116,13.6860522801,10.34193456366,10.39003837573,11.24457951097,16.30071349103,20.86496485211,20.44250965156,18.18693246801,17.271122736,24.61794232312,24.70164583911,29.63969900873,32.54173015686,31.13584916707,31.76982059653,37.7178564536,38.86776077839
604,"PER","Peru",1.88964469127,1.79530966465,1.74362108919,1.68792099545,1.71696195373,1.71630380701,1.60872081091,1.5717079822,1.71094367685,1.9017746187,1.60627146328,2.15367879619,2.32890367283,2.7979412664,2.2669732097,2.46301712844,2.84405727488,2.4456816362,1.55037843395,1.4146391512,1.7662494801,3.05036082102,4.27474634619,3.43240699049,2.79322180946,2.33467293516,3.22981987381,2.74742168951,4.52477517236,5.17958424342,4.58988175408,5.37749883953,6.74761858777,8.56208562102
608,"PHL","Philippines",5.06120928177,5.23222486861,5.33871598176,6.71974856663,6.42884014663,7.59302241629,7.23547202182,7.22519778553,6.02598194749,6.3556715405,6.91836326739,9.25784634941,8.48885744997,10.16588570265,9.98525063208,9.45694178773,10.64347868189,10.48914352228,13.89531189602,12.52020690231,12.80035728679,10.74058327287,9.6271298427,10.40057381546,9.6238484758,7.83916930894,4.86385710107,1.67379133842,4.27494436959,3.78296882873,2.90708329763,2.65577418646,2.38810545767,2.77237682801
616,"POL","Poland",35.66626101355,38.32403951746,34.01229302552,33.10835634963,29.39857861755,30.40308922066,27.44455666463,25.6381510161,26.46107375199,29.47630544046,28.25762440507,27.3990612904,28.98503493148,30.1435176711,28.33463517102,27.22766584015,26.9412209029,27.20349560899,23.9854772451,21.75057282093,19.15439192832,19.3737351568,21.38631958305,21.84636702334,20.80294576165,19.82903827014,16.97422545979,14.83748684958,17.08694982946,16.14843282133,14.79764086935,12.92607721542,13.4751710466,13.03396211377
620,"PRT","Portugal",19.41401646377,21.42352975056,20.34851629844,20.67892143298,13.89779053627,14.66481199566,14.01388612243,15.23736841339,12.44829637005,14.58742216143,19.0628778901,19.50712825785,23.66112134935,25.68873874539,29.99632784725,34.92819422524,35.57093934922,29.84447226577,26.0139218548,25.9608911559,24.22055655532,22.17189340523,22.99327794153,22.45764297337,20.721422858,17.42943210217,15.39058037464,14.530838597,15.49001272662,14.76561186117,13.21414038716,12.13465179085,12.87237808648,13.65876480109
634,"QAT","Qatar",74.31109629153,68.47776424993,67.0897168831,64.85683265253,57.72683999311,50.0201453958,55.89638339176,62.97527012142,64.92518161262,68.14298396677,69.77053464738,65.71077297869,63.09130497301,64.19121289307,61.20388916916,57.39769674209,54.52354001359,60.2876419652,60.06434264253,53.31416492455,45.25034322217,41.60420898023,42.66054580539,41.19226912525,39.41759556826,38.35253283241,38.95951122646,38.70214563353,35.02069080743,33.87196949828,27.8025881326,27.48807656448,31.77176523669,35.81368208616
178,"COG","Republic of Congo",29.89334639626,30.8959694528,27.08895750345,28.9823303309,26.47032984267,25.07355507782,19.1631645674,19.14548340183,17.90187841985,19.56873680035,10.47011632654,10.74518103433,7.98656007535,10.26766704368,20.25686911518,45.06454181928,66.63240649284,55.80868158289,41.41006301973,30.32643659473,37.841557242,41.91801429556,47.3540294343,52.0866004474,52.85786009385,48.75632048736,48.7071866353,48.52322502765,63.71277925903,69.5523742047,70.5763456557,75.03984469516,81.67603164334,85.32583405929
642,"ROU","Romania",110.30452152042,109.91834448958,99.92271473731,90.30310568666,78.38282834295,78.85476594512,71.84180584005,66.50407329381,55.39443828261,54.76812362422,39.35832823842,39.84093511472,52.95947490994,54.54770084087,49.51062577342,35.59639837601,35.40576893161,32.1350033367,32.27034018642,26.37022899351,21.59814150149,18.14170763204,19.03323388112,18.46653084719,15.65920960903,12.68606542276,11.40808982108,11.75106232828,9.49676102032,7.86042493783,6.03507905725,5.25091722492,5.23913419508,5.05769068843
643,"RUS","Russia",50.36559483063,48.14932481237,49.30709010201,55.9983213529,58.70901929521,54.37178811788,48.92586517025,45.62821155489,42.03273436629,49.78651148538,49.70299105207,44.95970373934,40.29093765166,38.1821797605,34.83639487443,32.94731026389,27.18748505978,24.0508437416,23.41912718754,25.06963107609,23.80523018364,23.04297970981,18.39709228874,16.54535430274,15.49285034783,16.79105349573,16.68333266677,13.86467749443,12.20141123706,11.16859811815,10.28361621967,9.19844302268,8.44619986279,8.58087078452
646,"RWA","Rwanda",13.09495965935,12.80696277887,11.45332652753,9.07583133642,8.4818643182,8.9273104207,8.9373461336,9.57181478306,7.58598138199,8.89671978707,6.13981321205,5.98555540614,3.94691308305,3.89307779014,6.79243574865,10.76719435209,16.59669110481,13.36288054864,9.33507608523,7.95086464539,10.78240471255,14.03169874658,15.9979757687,19.40329002913,20.26143175926,22.15302440589,20.18180441756,21.79034834041,28.51978391026,31.67107192526,32.62923348485,33.96507514418,38.30990384368,38.97068411215
652,"BLM","Saint Barthelemy",NA,NA,NA,NA,NA,NA,NA,NA,NA,NA,NA,NA,NA,NA,NA,NA,NA,NA,NA,NA,NA,NA,NA,NA,NA,NA,NA,NA,NA,NA,NA,NA,NA,NA
659,"KNA","Saint Kitts and Nevis",6.4837918303,7.218251646,7.68902032971,7.6249101672,7.57225948874,8.53708341221,8.26143524031,9.03979835039,6.81393535487,5.99803439031,2.85038377807,4.61499490972,4.00368782965,4.1458180826,1.10490078668,0.36482105353,0.47049774152,0.8497253265,0.66867706934,0.09141296074,0.00644232314,0.0019528325,0.00809345182,0.02856885385,0.06902728067,0.02302908021,0.00835611499,0,0.00733207467,0.00465820587,0.00437950572,0.00151764005,0.00121196344,0.04066742106
662,"LCA","Saint Lucia",9.07056496972,9.47022738743,10.28532685142,10.99775551688,9.19571541713,8.21926204045,7.11460408779,8.18888894534,7.83896692641,8.04349287898,6.09717043123,8.74943429173,7.91207172671,7.63759475697,3.93997530518,2.45948376075,2.76704607735,3.06261828063,3.33516574828,3.27042944442,2.04234771388,1.64595495363,1.2686033875,2.0954261201,2.15288812968,1.06350200832,0.79180213869,0.16552708937,0.61880126511,0.60740377235,0.46025689127,0.31803021755,0.18213492122,0.27379237105
882,"WSM","Samoa",35.57709771413,44.29132086282,54.37720364177,62.5644242098,53.93154982724,40.91020829299,41.15401023688,49.58075956404,60.49051991083,59.41631146796,50.73137013492,45.46233918987,46.02839019571,41.21752999042,39.71683686616,38.9237854059,44.72713864788,43.49643807565,41.92429923391,36.84775179605,34.30345798497,30.72078600923,28.81267915254,33.12817592313,31.99267033579,32.42019352605,27.48589295022,18.69919221313,26.55005972298,25.90724837381,23.48684512402,20.54233084259,22.14945967061,22.98775751937
674,"SMR","San Marino",42.48030904048,41.2664493594,38.44658276859,37.79834174319,37.31096645876,36.56419367006,34.6272251631,35.22603207265,33.76552653629,28.41631175577,24.02688323063,20.35295669881,24.54847601846,22.80111639284,26.19443568862,22.5270796757,22.96772930112,20.6558919302,20.82291320464,19.49468077773,20.56196322352,20.96699772982,22.16811028882,22.14720121001,21.68410966033,19.52114604323,18.67450701957,17.93482048419,20.11943035936,18.88352583521,15.27931751354,17.6277746493,19.36952616722,21.4442929363
678,"STP","Sao Tome and Principe",24.91843483408,25.06031917612,24.12442758297,23.78141716723,21.77246382892,20.81292760715,21.79209366401,23.53099596199,24.44067125431,27.93916953378,18.84685465037,13.55207113156,10.57542666125,16.30552955205,24.86321084663,36.7176225423,49.00321196449,47.15122593419,32.61806524728,30.58953970073,37.20855065073,44.92423102576,42.25931620186,52.56559552537,59.93234136651,66.48386199919,53.04986558757,45.05934970661,68.03299750152,73.92356410469,66.11782178943,68.58897104704,75.79530319414,83.80155440212
682,"SAU","Saudi Arabia",59.11608316363,57.37433586434,56.31611908681,55.15076627748,54.25657488436,53.96195010037,52.78348006115,53.65279041845,55.50941702271,60.28545010161,61.97737965581,59.80372061111,57.62727045219,60.71998274,59.83659868439,59.93471582706,60.95721659243,69.00607414654,71.64157086841,66.19366705582,62.36769409449,62.13147188515,64.18585183872,64.16312360146,62.28385664559,62.5738107533,63.05093610237,61.70286384375,56.00084950592,53.78932017449,43.34731889421,42.16891245722,46.56545668454,45.65995634171
686,"SEN","Senegal",16.07978253539,15.57768091543,15.16085738906,13.75749734812,12.25299995497,11.49961250497,11.36921370729,12.51220805777,13.58248142093,14.663426917,10.68080653875,9.40955704422,8.09403386312,9.10616380238,10.80687450323,12.89789925174,16.01429535504,16.34619663862,13.10290449905,13.07304912826,15.92645568118,19.3203521916,19.90086236165,25.17148984199,28.42701608312,28.81613310739,23.83258493801,20.23219085398,30.32056122222,33.61167342463,29.8811784745,29.3758963978,35.63563807528,34.86515863331
688,"SRB","Serbia",69.74095688953,69.8294265399,67.26391426862,70.93721154829,69.59023784647,70.27207514034,65.27260778706,66.24680509166,56.54411335371,49.51616438656,41.44788559078,41.71618249137,50.59987532003,53.54226554768,50.22238757396,43.12772613333,43.82521888237,46.35119340231,49.0604194166,41.73400026603,35.93966971525,27.95853043627,29.91997386044,27.34223723455,25.1567519968,21.25910766027,19.82430217104,19.19335229077,16.14768498254,15.04175766944,12.98812764502,11.51224470724,11.07930623715,10.90182290579
690,"SYC","Seychelles",1.80062076811,2.10822891077,1.79066373417,1.67791742715,1.45549941877,1.5644193399,1.36161376812,1.16453126862,1.72284503987,1.59365863178,0.94473469457,1.10615956413,0.35019933694,0.41843701497,0.61481388318,2.31304535113,5.02603222031,4.26161251893,2.54052700729,1.73645531454,1.65859524764,2.71834784102,4.27087898104,7.10872844535,6.74573983637,7.12598645829,3.09463707783,1.24964276346,7.27341438412,7.51177626058,7.54827262286,8.88869592512,11.70852462328,12.34677771187
694,"SLE","Sierra Leone",13.77700268795,14.30498315789,13.6590174216,13.39626420442,12.89895385152,11.75617876075,13.15973574453,14.79763120088,18.70250257392,17.31162232003,11.12214841875,9.73648295286,8.38438727543,10.88811723317,11.0739875382,14.1273122958,21.03065383857,25.42056541232,21.72757677056,16.69284606764,19.31334725305,26.10836211092,32.11826912322,36.89294833906,37.02656385743,36.0914907069,25.40623756022,20.79412910012,33.68460534814,35.67486531351,35.01152693704,35.49886814564,38.15050281726,39.58744895203
702,"SGP","Singapore",22.07388005457,17.12208089197,18.47212335447,16.38485810268,14.79662835611,11.931299326,21.58988449862,23.2924230433,24.39403222246,8.50214928906,7.08701519496,6.29317641429,6.26792428945,8.05030100895,8.33884954337,14.34714295305,11.35555725506,8.59577653157,5.10677268109,3.76750105541,4.71820387223,6.83591599203,10.51139934918,11.50102588762,12.38630620058,9.93099649594,6.66540556633,2.99912897876,8.14454338839,8.09524948768,7.64598356689,8.10340633222,8.97986331133,9.62759793241
534,"SXM","Sint Maarten",NA,NA,NA,NA,NA,NA,NA,NA,NA,NA,NA,NA,NA,NA,NA,NA,NA,NA,NA,NA,NA,NA,NA,NA,NA,NA,NA,NA,NA,NA,NA,NA,NA,NA
703,"SVK","Slovakia",26.29315642416,27.2961280131,25.04856338338,25.71669759103,23.64043661666,24.02499375829,21.63019961519,20.41174717274,22.31929791438,23.13445476883,21.73823016006,21.33141001667,25.11300895776,27.32443421563,27.47416042514,25.84443223812,26.84913234717,26.21763750703,26.08939112159,23.97395984318,24.06737750936,23.20645164674,25.50652922668,23.99490369964,22.6065442263,19.97954782787,18.8931304208,18.03831829656,18.38502760638,17.38888228348,15.56268745664,14.90957528336,15.58936995937,15.17709656845
705,"SVN","Slovenia",63.65801443829,64.68774773747,62.92243720237,61.19841578763,55.95813781993,55.12167454697,50.22393223316,46.137625248,41.52053855377,44.61103766496,39.3428791414,38.5434716169,40.82231783111,40.3449037149,37.15293334542,30.90577695806,28.88127093108,25.67802099038,22.96213032688,21.49907545386,22.06875738478,23.98344377232,23.64403608704,22.65807324872,21.92070597138,21.53827868295,21.21515277967,20.68159488836,22.05667409829,23.56030522381,20.56912985064,21.14133146324,22.67128535166,23.33758963664
90,"SLB","Solomon Islands",2.15254375732,2.21824570517,2.37623960661,2.35124740962,2.26440971543,2.04259433932,2.31038100143,2.46016853134,1.89642620148,1.5871799158,0.57197403112,0.3658965362,0.52411636035,0.81761179825,1.24896927331,1.20632318547,2.18606050877,2.72162881525,2.59066250449,2.95550670931,1.5838386117,1.34148157889,0.95145555758,0.91562557407,1.32823398751,1.31810492139,1.23177747569,0.07403430647,0.79959871657,0.77529776574,0.73717343421,0.61344592765,0.55152493872,0.66281752003
706,"SOM","Somalia",2.36865936936,2.37745162153,2.43778120819,2.3743314998,2.29751279351,2.34557219947,2.05115510495,2.32213507556,2.61948746175,3.55621674966,3.06009898522,2.55063523421,2.21327119594,2.18138488811,2.41072631387,2.96728536994,4.87584412196,5.33054216703,3.82077874592,2.49641784187,2.90881870045,4.11000315951,4.83309762499,6.08789568238,6.3670445768,7.40046872861,5.99970369267,5.24049248298,8.74444478012,9.9917765335,10.40789242028,11.02865995862,13.64644577337,13.80799457024
710,"ZAF","South Africa",21.11092434885,22.36799093789,22.69375346915,23.50532797484,22.74818670176,21.49352615897,22.17358376678,23.16480140357,24.5395083518,25.8553586276,22.53828077345,21.17989202732,17.3816580196,19.10974291663,27.73417728794,36.80652233338,48.08291973488,40.86883704387,34.48989054185,27.65813467296,25.73046716207,30.85974090419,36.07795332123,42.17224585168,34.24263202656,30.14502204931,31.70789992278,34.38951151292,36.64417416178,37.12834568923,29.80358955299,30.59826450808,35.11027463395,36.60752099507
410,"KOR","South Korea",38.58195745733,37.90376349264,38.89368512265,41.16535254644,41.92189201244,41.49620068792,42.3686030272,47.44845664075,47.97402721682,46.07633049737,35.03390572924,23.54742353147,16.28629177627,16.40220303041,18.29835011805,18.14493843169,17.78660577303,18.28906859927,20.79885719924,20.48578151967,19.5141911461,18.96016436844,20.31627675878,22.09281545824,22.0727554839,23.03043490158,22.7899419731,22.43468630049,23.63103017621,23.89263367974,22.24642757195,23.01292254514,26.62377397954,29.6917406441
728,"SSD","South Sudan",24.93151385506,24.34893207345,23.2538491264,22.73867378776,22.24368444811,22.1846456646,21.06279512984,20.9047035643,20.57024711897,19.79010647514,14.71053409215,13.23886478202,12.19326548656,14.32278544271,16.24072832653,19.08378663348,23.65628091162,24.02479170611,21.49215655627,18.5029951647,17.13307143627,17.34952459571,16.81649022786,19.53383627552,19.24054977967,20.68551328204,18.41352420665,19.16932417612,19.68219042572,19.88343439074,19.22115664778,19.54917861743,19.57931019465,19.43075710682
724,"ESP","Spain",34.33674916821,33.36749712071,29.28476329738,31.21269133373,32.03016496865,39.53023271299,38.87219812106,38.57750190346,36.59678382806,37.79491930325,34.62234163082,33.45394977974,40.69288517476,43.70196381637,44.05360117546,43.16065147603,38.1563364966,35.87878173753,33.43775807744,33.52403676921,33.4510905737,33.88551476324,35.0172241521,33.65982961226,34.76299439575,35.56417933072,32.64526370678,31.50716152413,34.17205177448,32.22034332117,27.49934925559,25.75328458525,27.82505842253,27.91111754159
144,"LKA","Sri Lanka",7.22730380205,8.00415059194,8.16089305045,7.83915130951,7.87534791981,9.99001007221,11.25227590439,12.82137266404,11.805851626,15.71407582203,13.87515802525,14.67558070844,11.34342736997,13.54532187276,12.2238621073,13.88375106733,13.41131248454,16.21636623924,12.75632949423,7.89482606446,10.29249577119,15.41801780828,21.89177130451,22.63783172406,18.50900139481,24.1166053928,20.79692116515,22.80135579339,28.39766440977,31.03373135972,28.39015879987,27.7589720966,39.57217539796,41.37229060729
670,"VCT","St. Vincent and the Grenadines",1.99882074151,2.15110626473,2.52602765073,2.84725331903,2.5343060639,2.99631655318,2.87171562433,2.98201606812,3.03425876953,3.17790037589,2.19629485139,3.0168237208,2.94618521989,3.23289159816,1.56113910889,1.01058981857,0.98919329212,1.23017205939,1.30224969592,1.20612695261,0.78250657492,0.73436846713,0.67135376626,0.92858917906,0.82384157875,0.51716549327,0.35127632384,0.06502407841,0.27729804487,0.25452840837,0.17590541899,0.13159120392,0.12712292144,0.16253880051
275,"PSE","State of Palestine",55.0712854673,55.17943063381,55.10867510936,57.05785881874,55.57638213294,53.40400138223,49.90185175742,49.44243100778,47.96331045368,48.71024611054,45.69987011084,48.69394950016,49.95026678131,53.03225750271,49.70834515919,46.42216979775,46.01187229384,48.131882886,47.59374571253,47.18595385482,46.57027040119,47.74299056943,44.87765069567,41.87850480743,39.36985088034,38.48718385721,37.00503674893,35.93499652536,34.83786174708,34.7652700821,31.33123460692,28.02475939904,32.08134878925,32.07619217408
729,"SDN","Sudan",38.93907780171,38.01342841813,35.28659997095,34.48154883755,32.81610591729,32.59317134044,30.39092698892,31.2141284555,31.06646705001,34.19805999782,29.09158435654,27.48851045906,24.71250025058,25.79204615274,27.65573763582,31.5927631662,38.18049826039,38.91247739244,33.66536584371,28.9949679621,29.54227429997,32.30037060708,33.15233344862,36.40548641528,37.91898770225,39.5857988396,38.09887190767,36.6907244639,40.79019318295,42.14979263986,42.10257407848,43.06227587869,44.21156765221,50.97957119865
740,"SUR","Suriname",0.82010376999,0.92693062143,0.90193980546,1.07287440068,0.93502051942,0.90437196913,0.90238775433,0.99334017639,1.03901744102,1.26140069737,1.07628895111,1.97999213687,1.9316630747,2.07596076548,1.11228014397,0.90548457794,0.94424003287,0.95513461658,0.88895285944,0.94736076271,1.03753570082,1.4257282015,2.1903457604,2.02599126,1.91785227721,1.27177008925,1.113684645,0.18813066729,1.31340300375,1.32051667341,1.20797977316,1.06460722908,1.31235344747,1.34751458776
752,"SWE","Sweden",7.69812565629,8.80774743056,8.65341040934,10.8525796607,10.26917160054,12.57599589028,13.38518940822,12.97828307843,12.52231050512,11.39962506014,11.77068108308,12.47007212289,14.55316594353,15.33710809806,14.01237205038,14.31120835843,12.84139224027,12.99402826761,11.15723592807,11.25516387086,11.45342092531,11.94828079484,13.78525712641,13.1817055844,12.11852710925,9.83928941468,7.97612264353,6.33770763412,8.23497297285,7.3526474269,6.47721021276,5.87989300196,5.86195314801,5.92152969944
756,"CHE","Switzerland",37.53719401658,33.34179269533,30.21161204707,26.94316861086,27.98164118568,28.61187417755,29.35131826757,30.73156101236,30.50447003338,29.81294127767,26.37832737579,24.61629295852,29.4885540817,30.73751331165,29.53869438019,26.38585363145,23.64805451456,22.5972493628,21.56907627661,22.42480946896,22.62315086103,21.739833498,22.76707755159,23.60331339046,24.01662232263,23.08355784822,21.83741881245,20.17616486248,21.93213234837,21.77919279123,18.82701872668,18.24087262632,19.76132730866,18.85849751406
760,"SYR","Syria",80.57188825749,79.6718559044,79.95208256174,80.43996911094,80.17015977344,81.05078418611,77.1164599438,76.3551718615,76.61740123539,78.55862517826,78.35284142387,78.25270575534,79.70728708015,81.77088447007,77.96412348368,74.50732186037,71.57580434871,77.6836403684,86.17504882582,84.06121003119,79.28711910788,77.1470342812,76.81169770862,74.1376712337,69.83293534013,68.17371314654,71.013136888,74.01688658662,69.97396197428,69.62337422307,59.55551004016,55.38119693375,58.90198539547,57.56331492525
158,"TWN","Taiwan",28.24342407187,27.90086258988,31.5035479859,32.35667261626,35.23852677904,37.6155881612,38.56140083226,40.64229015488,41.2417164658,44.2683279281,44.96092577522,47.51490542212,46.62063866904,44.11436862865,42.14800724978,39.12248025027,38.10143330417,37.65286939188,40.47889107477,36.88172124443,36.88183477551,35.10879799394,34.83077699223,33.75038256684,31.29188918008,26.31912157081,22.058938921,19.13986918185,19.48602446321,17.84023854161,15.38978172545,14.57313699437,13.79419928561,15.77591914859
762,"TJK","Tajikistan",98.52093953274,96.98748198476,94.39851915277,92.41321134619,96.89313821088,99.87572591819,91.89083860282,86.26874471542,84.70613613637,86.80208791254,86.1447213911,79.4755170095,75.88759788198,77.67909560707,77.16122888184,77.56544087871,73.30215502222,86.35696433344,89.21622824348,81.41180053722,67.48552679447,61.98446097154,61.00660156619,58.93131466261,54.43533544438,57.74356355586,62.24526845821,66.81822807651,55.11494986219,53.861997431,63.38486463226,63.14126927758,72.20139304603,71.31308643586
834,"TZA","Tanzania",2.78216835935,2.97118606289,2.69922209407,2.30721770653,1.95582226935,2.10044377057,2.05167214028,2.47113303262,2.18313210393,2.70063209737,1.70581725448,1.61085740262,1.10116886922,1.071386415,2.10766194414,3.62196176715,6.71233527903,5.75423821371,4.11503229345,3.14831244757,3.59975716996,4.71074538116,5.16056729586,6.76742997318,6.8873416054,7.33503597201,6.15581631976,5.8145047263,8.98680944265,9.80713059362,10.06050960357,10.75835489473,12.2577101118,12.43868296018
764,"THA","Thailand",18.04277558491,20.06442765852,20.65737843808,22.76311087426,22.0634318827,22.72924870434,22.70206796363,24.84761235716,23.41128290089,20.94014719297,14.06693586457,17.3624211829,19.86282038089,33.54728317517,34.59701412281,33.85183738311,31.0152755908,31.62940024764,30.93008177385,24.01244293435,30.32013908226,35.33731893854,37.0457636782,32.76165237036,28.3875567949,29.36170836902,23.93265508397,21.91692255683,25.73841435007,27.27086029472,27.08085574877,27.64527337462,32.20557346227,32.45771123246
626,"TLS","Timor-Leste",16.42844413776,16.71320348269,14.99784582607,18.2740011781,16.44714368149,15.68228845614,19.12878675662,17.57358868631,19.86277947739,13.12874493719,10.79663974375,9.52573655989,8.40136970648,12.56299774837,12.85706596157,15.66443640322,16.2667141145,14.76769506479,14.63341280188,11.04943766636,16.12414133517,24.79331803203,32.8604974538,34.05909246373,29.78015065258,24.35261678472,19.05876663035,7.80659245008,26.81363459133,28.11898354426,28.17334292333,28.6338406538,33.1216496346,32.82273320031
768,"TGO","Togo",33.51158136937,33.45093384968,31.31714024655,29.58844876944,25.64288862589,25.62846025629,26.89824524831,28.43705179875,28.25896926925,25.8534375629,20.58862065823,18.65210028353,14.23215330105,13.66000673382,15.07122887344,22.48338240306,33.30695510277,33.39081808827,28.1785139756,22.43382874167,27.48887481536,33.62730103208,38.05591667037,42.42423151773,43.43376794579,47.9040467216,41.81675920305,41.81207843153,52.55392616483,56.22360471643,56.41898860776,59.2423153272,61.90869354417,62.84477901906
776,"TON","Tonga",28.28371617942,35.60784441525,43.51597694775,51.65396576022,43.29597788242,32.80233818233,31.74070592051,41.28728455531,48.8562154241,50.83759992618,41.65658081291,36.37077744333,35.90300638502,32.26578756418,31.45631289605,29.36105511727,34.67134113634,33.29656188934,31.95199600349,29.72225307553,26.96237149265,24.81754303483,22.91179679739,26.90854384433,25.62297395279,24.983793962,21.64374971953,14.56834764057,21.10230316216,20.26378473476,17.98877364033,16.57198538283,16.42207217235,16.3727924127
780,"TTO","Trinidad and Tobago",4.43241908497,4.56092285026,4.67965287014,4.80161098327,4.77369572595,5.02359492893,5.20452442596,5.08141321311,5.02367282522,5.80712501561,4.06865863214,5.38526338412,4.94284132195,5.74342851355,3.18874840123,2.10402922759,2.30325095009,2.32229505777,2.50996680933,1.99299684871,1.97544561897,2.16536496721,2.36020682331,2.4313596796,2.24032045619,1.85398724624,1.54084172691,0.51359360064,1.65826839984,1.56676306931,1.37156484572,1.29577809473,1.25308433039,1.39840034685
788,"TUN","Tunisia",80.48700950664,79.93982555927,74.44924489494,72.773476095,70.1017884328,71.0773726542,68.08694904366,68.12756924894,67.73102839632,76.13401291991,73.58200757903,71.07441417469,67.24026919119,65.10571936868,64.39171277898,55.09889729535,55.25660703253,49.90452845801,48.66746813457,46.71526381875,51.63102338979,51.30188603861,50.72535384707,51.35303948003,49.95955136117,49.58211882004,44.48668988572,44.64123428931,47.69775775861,47.01390214924,35.9651128732,33.27587634822,44.54944844082,47.93557831603
792,"TUR","Turkiye",116.92008508394,116.01033018544,116.41644449472,121.5267022935,122.9228712709,124.68340889725,113.11042456175,110.73446542974,102.50894856081,96.51628219306,86.88835159911,85.05257789641,92.5424725451,91.38207827508,86.10991475109,76.56490866881,83.67386628113,86.68075598495,90.64231961526,83.49903617854,78.48036826138,82.45228030309,87.55185740928,92.03257796885,86.78805694502,85.87797876276,85.47049104305,85.76616362763,82.43811660748,82.15875422541,74.62333678848,70.93688718312,79.86807041157,77.43612433136
795,"TKM","Turkmenistan",78.83597288418,79.47395347945,73.08849824778,69.82388901069,71.7277993975,70.08854028892,60.90915506891,51.06841166344,48.05433954623,46.08991766328,41.57245144825,34.19230314693,31.99929496569,32.98509584711,32.60013459434,32.90942690372,29.24518308111,32.0539056136,30.47951315993,24.21991750875,18.13649272894,18.09188525131,19.65216338425,23.44228665612,23.17044746345,24.37365110016,25.36204447149,25.97809216278,24.47770205137,24.39471266915,23.93154612993,22.32430527988,23.1218333216,22.45856038384
796,"TCA","Turks and Caicos Islands",NA,NA,NA,NA,NA,NA,NA,NA,NA,NA,NA,NA,NA,NA,NA,NA,NA,NA,NA,NA,NA,NA,NA,NA,NA,NA,NA,NA,NA,NA,NA,NA,NA,NA
798,"TUV","Tuvalu",3.84600604732,3.71829107641,4.01316373905,3.89497989857,3.890363803,3.745660527,3.74246793815,4.03619818392,3.66088950747,3.09769903814,1.50770506987,1.2260039126,1.73545368586,2.01686780658,2.83031960048,2.82240205961,4.63431266113,4.60929552519,5.14158205139,4.65076044133,3.35442978066,3.19097855343,3.68787893495,4.64639774743,5.28465046713,4.65730203882,5.04573725177,1.27548695687,5.20138107449,5.48040509869,5.23043521019,4.95378282249,5.72020412549,6.57551887377
800,"UGA","Uganda",12.13141098665,11.86628990446,11.13132466345,9.58828283344,9.09798651242,9.32518823108,8.86218878167,8.47236894972,7.29608416179,7.45980202032,5.06519925201,4.64619812642,2.70724122913,2.62225386849,3.37553622083,5.93442767812,10.18727311651,10.01164766487,7.12434604988,5.7814770456,6.69020252033,9.40289339436,10.08006748573,13.26477347205,14.23023954418,16.17967400407,12.06375256105,11.00036104059,16.2112386031,17.59937522061,17.29058676978,16.95629068186,20.50910701205,21.17104372785
804,"UKR","Ukraine",45.28227633731,47.90769964433,47.11987663727,48.69582436094,48.41248276517,53.99586361696,49.25849057457,45.52225300215,42.08671230784,43.65076032945,42.87753478195,42.78977593227,47.35178616163,46.54338639273,46.72672182068,42.63085812842,41.96968122554,37.35449272118,35.80084857484,29.9231999501,26.51316829334,23.69642316954,20.77790901002,18.9530773823,15.59154091723,13.32713891179,11.4938209063,10.13982144532,11.1922536246,10.71959893779,9.88884264273,8.82213462137,8.39524149057,9.08537983737
784,"ARE","United Arab Emirates",87.51249894432,80.5120458608,78.68430782507,75.96036236121,76.09337050274,75.23649851872,76.14713307456,76.94338354304,81.24728684271,85.47323391684,92.40402527046,86.30073111081,77.70574322327,77.03611002359,75.39506625114,72.13892562158,71.39655795938,89.46305312247,93.30043726443,82.94831317749,65.76089858618,59.22237453902,59.73515780117,58.38656168377,54.7343378834,54.46592422545,51.86049102297,51.11468093966,43.52596383882,40.42566420153,34.61677858799,34.20090265677,41.19282551943,42.32671680066
826,"GBR","United Kingdom",16.92167116868,16.17824223744,12.90077968412,12.58460090431,11.27776363232,11.22074373903,9.63168379326,7.86313454289,9.1156769893,9.23261802309,10.24535453745,9.43818233762,13.71669798266,14.60010887457,14.09348809701,14.31298628244,13.32539840762,15.10529638619,12.09633816292,11.15159275103,9.46004264499,8.66330402746,10.34132610219,10.96001629563,10.95519650774,9.55317792498,8.14789172145,5.40639319102,7.68018869531,7.13188954108,6.28031021578,5.74812176709,6.05537797302,6.01751043619
840,"USA","United States of America",56.8013381621987,55.274999659998,54.8902764635468,57.0801925626202,60.7985640600244,61.4665726411348,61.4858094540567,64.5813135971721,69.5297028166057,74.1818571551366,71.3958628896238,69.9103231284606,69.3765055278709,65.2300308250281,62.5252752020047,65.1003083646756,66.8952151975393,63.9688103193319,60.5576486971953,56.5719439204996,55.4687460889162,60.0269573559144,56.9070553291223,53.8532388266688,48.2419511246388,47.8202978917242,46.8694651906058,45.5440869897566,43.5648024451204,41.4045903361827,38.2189971343362,35.9769044909234,34.7996837816925,34.0944237812478
858,"URY","Uruguay",10.01898244258,9.86110513181,9.64107244611,9.49024809118,9.72315002367,10.51295014107,10.07360205984,10.17633191563,11.86177599513,11.72405912741,9.93292012468,10.3169755539,10.43639175773,11.31763152707,10.82849379594,12.5366977884,12.87420971197,13.99132926728,10.07451234834,10.67037450263,10.26288334108,12.23257904207,13.590458909,13.20893395863,11.79725227414,10.269434298,12.16715796933,7.81242867726,12.76315386454,12.69612044466,11.00423839261,10.88910188192,12.76728523727,12.46909151626
860,"UZB","Uzbekistan",50.55347730911,50.0582851654,48.0907276309,48.97208358062,51.58579190911,52.2632620579,51.95304095219,48.04991141728,46.91402965222,46.26206795781,46.87215611801,42.7577181725,41.51520107548,43.06930774965,42.93503286588,45.54986405098,41.15014456751,38.18367417785,30.87559029335,26.89956114032,20.84771582273,19.5268227101,19.78641022387,22.47455762222,20.76700904148,20.88273170661,22.55762935228,25.16720528789,22.02146628502,21.94311680475,22.45937745901,23.31613587067,21.49107501261,20.63724936562
548,"VUT","Vanuatu",9.42477315208,10.03580677943,10.95087631099,11.83798627933,11.1219841088,10.58985630899,9.38546734558,9.02530860003,7.63444906232,6.07561189845,3.44507407836,3.06196093321,3.47779542545,4.36187058315,6.0595965918,6.51375654232,8.43814727926,8.20846365874,8.36679878979,8.08888889557,6.68070690478,6.24880464857,7.82551555471,8.65653663082,9.05440689746,8.27479499256,8.91762569407,2.84186618429,8.87666932658,8.73577581599,8.68197409291,8.33030160315,9.07308275616,9.07155652919
862,"VEN","Venezuela",14.95940287362,14.41795627419,13.71249215993,13.58917749153,14.61774408623,17.30512442675,18.62792452447,17.30326973716,18.63624717963,18.90698209292,15.00803106492,18.50650785198,18.88010786061,20.32442208736,13.25443367052,9.55722797214,9.48316960383,9.43175951415,9.69062661979,8.24100515453,8.77715718098,10.45248678531,13.26967409174,13.24015302276,12.5899270083,11.05850774955,10.78209354272,8.48380846294,10.75256347057,9.22744898868,9.67704876267,10.4724093276,10.95088612647,10.5623429552
704,"VNM","Viet Nam",20.88378765447,22.25597615003,23.86451467674,24.75385133763,25.69113654473,26.66430356598,25.92988398549,28.89262594019,27.72448609741,26.73695794015,21.39729208914,23.08999790689,27.55045033605,39.02545095083,40.52245116057,39.89554726121,35.25040183521,39.14321954458,41.05378210537,39.8187779897,45.24140562961,50.36338483088,49.99635910198,41.94934879431,35.90907300148,36.44971181747,34.97448136296,31.63196933684,34.58126535361,33.92767179877,30.9685331006,26.50475006612,29.77373230171,31.70350663913
876,"WLF","Wallis and Futuna Islands",NA,NA,NA,NA,NA,NA,NA,NA,NA,NA,NA,NA,NA,NA,NA,NA,NA,NA,NA,NA,NA,NA,NA,NA,NA,NA,NA,NA,NA,NA,NA,NA,NA,NA
732,"ESH","Western Sahara",NA,NA,NA,NA,NA,NA,NA,NA,NA,NA,NA,NA,NA,NA,NA,NA,NA,NA,NA,NA,NA,NA,NA,NA,NA,NA,NA,NA,NA,NA,NA,NA,NA,NA
887,"YEM","Yemen",42.98982845563,39.39352317762,36.5067855155,35.29287877442,34.81385733528,34.79252088801,31.95683715364,32.31126754153,32.84869517255,39.9359123468,38.95839797834,37.88879963777,33.73531729184,35.37692157677,35.23690828666,37.05553534684,40.45545322356,43.72889173874,41.35190040829,36.07685485196,35.96248789706,38.98381963311,40.52591134808,43.1705034838,43.63421022018,46.79786092152,46.57756124325,46.6700836804,48.30568933463,49.63712840029,47.31392864542,51.1455567509,50.77007246426,49.45143515185
894,"ZMB","Zambia",16.7027005126,18.39547976781,16.13341312798,14.92682673881,12.71583701584,14.33595630905,15.09828010544,17.79317320576,17.26119323506,17.74646365239,13.34128236929,13.45893953476,11.4205660892,11.12357880097,16.87683583214,24.59142339286,35.23655776362,33.6292067652,28.34460429882,22.10829112949,20.99140098611,22.60771663949,23.68680315496,23.83789335738,21.48017999557,19.7899255862,22.42205421923,25.79729606111,23.39813273474,23.44981480468,21.02135553784,19.88401229422,21.00390192395,21.82150814896
716,"ZWE","Zimbabwe",12.75201153613,13.3372359054,11.23751738929,10.10247043507,9.12995706221,10.45703125319,10.54358602718,11.40370178124,10.74006847941,11.68845970576,9.42110171228,9.83598291118,8.09300336704,7.90538855501,13.27783168774,20.97701258832,32.60121772114,30.72035730583,26.19760954666,19.04684767218,18.09282984519,21.48944240542,25.42215511948,26.72674767209,21.92727353316,18.97006231958,21.31835041415,24.87436203789,24.29914178645,24.57481362504,21.65211432969,21.44005530705,23.85247488971,24.23428083427
