"code","iso","country","PBD.raw.1990","PBD.raw.1991","PBD.raw.1992","PBD.raw.1993","PBD.raw.1994","PBD.raw.1995","PBD.raw.1996","PBD.raw.1997","PBD.raw.1998","PBD.raw.1999","PBD.raw.2000","PBD.raw.2001","PBD.raw.2002","PBD.raw.2003","PBD.raw.2004","PBD.raw.2005","PBD.raw.2006","PBD.raw.2007","PBD.raw.2008","PBD.raw.2009","PBD.raw.2010","PBD.raw.2011","PBD.raw.2012","PBD.raw.2013","PBD.raw.2014","PBD.raw.2015","PBD.raw.2016","PBD.raw.2017","PBD.raw.2018","PBD.raw.2019","PBD.raw.2020","PBD.raw.2021","PBD.raw.2022","PBD.raw.2023"
4,"AFG","Afghanistan",2943.47370795138,2923.26329870487,2926.5315532015,2954.84275300884,2920.49987992692,2914.2633079869,2900.96801937309,2890.4250061673,2850.70724067585,2868.41107076367,2858.85473763363,2843.16686997741,2761.44070338834,2744.74242757164,2757.76007640653,2744.64311222669,2716.97560542679,2683.33844568444,2645.71759312617,2618.58958583617,2585.40034220214,2642.56395996479,2680.17496145946,2663.22110262194,2673.30653847273,2642.95107951315,2601.03740970901,2533.11511166622,2515.26841599133,2438.06816939756,2391.55085661853,2606.034288227,2435.73989764065,2421.78635959833
8,"ALB","Albania",1045.49412137152,1024.9238466368,1006.78093738402,992.10503073556,985.01007368965,994.05081510799,1016.33004826607,1012.63690796485,1000.23723313248,1002.16626314948,1021.88297292212,1032.07616844459,1060.68490971453,1091.82625599582,1097.49504810218,1095.47022061305,1066.86408137994,1037.44797780589,1030.06977474644,1010.8567086398,994.30987264899,981.91352958444,965.30054107632,949.95394157248,937.74626326423,928.19464036867,905.88783143871,891.66128847185,877.97731271675,860.36245970505,818.79060449042,806.07001086667,803.80673667257,776.27321864139
12,"DZA","Algeria",1601.43105200777,1596.43905294937,1590.09351946059,1585.96202774926,1579.96433174185,1574.92967261863,1572.78722123383,1565.45174592323,1562.82491092754,1553.45061920218,1539.13893368038,1518.16931708975,1497.25306057911,1471.60074607565,1445.92747398849,1416.49533709607,1397.69241272522,1387.61683298821,1375.31558158332,1364.73892097152,1359.84768865286,1353.48558272496,1356.82671371454,1345.32544103114,1353.14686430581,1365.13143549965,1359.97772410129,1362.81687608574,1362.32445602418,1354.12164946917,1302.56970209432,1271.80906401039,1282.21672905368,1287.32917126131
20,"AND","Andorra",306.66300778879,305.46454217815,303.20937801483,302.0768030642,296.95979348589,291.6384815365,286.86172607194,281.67862687516,278.52791447215,275.08386756574,272.03881038901,263.60664795681,258.50681304013,249.90208301265,241.69955304925,234.74164892323,225.83660782586,218.19929839991,210.64382133752,204.30183450459,201.03761067538,195.2468698348,189.70544307115,184.765609988,179.76177132779,177.47424599214,173.34092847386,170.14499225579,166.64359045156,162.40486266567,160.15689586989,158.79337664088,159.02214723216,156.68083577551
24,"AGO","Angola",768.17773717095,763.08235759496,760.399477918,767.28198297999,774.26815095251,761.37030545768,716.39897340316,708.00713894825,746.82384037986,767.48691607234,773.0656070692,782.73021341981,798.26612455267,804.28480801413,803.82272265099,807.84603041801,838.71285520946,846.76782417572,863.78159619807,870.5145827258,872.12332790732,868.71606832803,855.18338458018,848.72764131248,844.99646210516,835.10748989309,811.30797990582,795.14630702099,781.93757329877,771.63518485519,770.41514710442,785.23693638212,808.46007632656,829.86781954759
660,"AIA","Anguilla",NA,NA,NA,NA,NA,NA,NA,NA,NA,NA,NA,NA,NA,NA,NA,NA,NA,NA,NA,NA,NA,NA,NA,NA,NA,NA,NA,NA,NA,NA,NA,NA,NA,NA
28,"ATG","Antigua and Barbuda",778.78635399408,762.08637266516,758.95026815658,753.06261440356,740.33061239294,765.25588673737,755.88021165187,733.32058058453,706.56304135093,680.2542570234,627.12841988709,619.61074242077,600.76323188998,598.47615789158,570.89003137339,573.00526096645,539.37231732552,523.28437432484,504.9795312631,490.10114328103,473.65932483744,465.17986605506,453.12348456871,452.24946651312,442.45521541222,437.97568873249,427.93060603422,431.11362356623,414.72770554875,400.03191871393,390.9358652603,360.84929435513,359.54827263941,363.67040169813
32,"ARG","Argentina",1193.72248578303,1142.54108269711,1142.52849573342,1117.04908379138,1048.76258931425,1053.04363328853,1015.59939400057,977.50916108693,974.02958126391,965.11145986945,885.95431219319,861.10390466054,851.87114790091,829.35743183323,782.17426390919,756.45610653839,737.61999018608,750.68685723427,706.8631007255,690.65820282359,692.01100178186,673.15723399248,654.76220906243,631.00228962977,597.13119012546,591.32807862342,599.03006229091,567.74344890442,552.62899157258,538.89339537503,521.17579234052,531.94499588046,560.1346264044,507.99684601055
51,"ARM","Armenia",1769.09971900678,1917.74177248909,2061.27234427224,2110.89890211571,2098.06039316567,2100.43579183816,2044.20628468969,1989.35680578422,1927.43685477353,1895.84728731206,1862.70619642695,1822.19237089536,1804.47423227566,1799.68930181573,1813.22630392684,1823.37915152541,1806.16552839236,1774.43384775649,1718.42278901002,1665.23229260496,1617.23970196454,1565.78530214782,1531.63716239339,1484.69414428947,1433.16057539869,1365.90681755497,1357.69382231131,1375.92858803005,1322.63877639764,1271.98232820784,1216.33414896755,1163.58408108425,1140.96738702859,1015.80177503182
533,"ABW","Aruba",NA,NA,NA,NA,NA,NA,NA,NA,NA,NA,NA,NA,NA,NA,NA,NA,NA,NA,NA,NA,NA,NA,NA,NA,NA,NA,NA,NA,NA,NA,NA,NA,NA,NA
36,"AUS","Australia",805.70562603891,773.14519178483,766.38292733237,739.83063169097,728.38533631968,700.32908292733,683.86653213949,655.58186685751,634.3449480498,607.38419316616,573.02653706241,550.62404297407,528.77900258073,502.96934339431,478.3562294675,449.85247281259,428.5951829484,416.46276283047,406.60277212257,381.76813404804,361.75509769216,344.6745153611,323.39630118628,311.13116699889,303.9412187473,294.42266766312,279.16306924702,266.28633585043,254.91267912666,250.21036321571,231.92372013264,227.10740845644,225.99694030226,216.35512390887
40,"AUT","Austria",642.56487603363,666.02828044887,672.15423109337,673.08066730778,670.80492981564,675.60835308374,680.35912795019,677.81637972364,673.18358410767,660.68925759787,623.67751191802,589.18621328773,557.29190748197,520.75059449753,486.85312357706,469.4091945115,454.89880660785,438.88714143904,420.92425872389,417.76274682835,405.48430482742,387.21359698266,376.83467369426,364.7950461065,348.13662264059,346.60832769197,331.3578710262,319.85478271377,311.02096548308,298.8923146403,293.99457753626,280.78334383802,283.63790550819,273.81922242229
31,"AZE","Azerbaijan",1934.4430611322,2011.02410782876,2128.40954194332,2264.51441742797,2322.96103052313,2354.60961074697,2314.99878985451,2265.52352803628,2249.00298629337,2257.94534417413,2259.66987011151,2250.21721412132,2283.7795352006,2322.68897550925,2337.36628828705,2367.39502555569,2359.72647473072,2304.34866298865,2264.38273850303,2232.88325580477,2204.20286642558,2195.07982001764,2164.31423469055,2111.61371184486,2061.58342166545,2015.51788021982,1992.39885065367,1955.03731516723,1915.6271321649,1932.88420436492,2010.3851711301,1932.51687523533,1681.89567107168,1647.48515289914
44,"BHS","Bahamas",678.37840258143,672.35930745808,670.51972464055,667.04146290117,655.36349959311,666.90002610746,659.52190425962,653.79147025684,652.66075806077,673.82393061703,677.71715064283,670.41479567015,666.58698326566,622.09509770936,627.2696628705,621.42191130104,609.65786590287,578.00775628857,581.2913074602,577.89702775875,582.5938654339,568.28527458367,544.01310303042,537.72596667492,535.17422989018,544.76986748427,543.35522545602,541.24067138676,537.90682026284,555.07730181138,565.64014743422,670.93944124545,558.91510579613,528.25892536688
48,"BHR","Bahrain",1604.44053582626,1567.53515152875,1564.36074879319,1544.73001340961,1519.75702696173,1531.62849082369,1544.00371881153,1556.53845991985,1528.36117936817,1486.31454465253,1461.93058489747,1419.06959400433,1389.68722143556,1358.7886535294,1299.23872777865,1231.00065427356,1163.09318574846,1081.53100776545,997.15250604669,923.28040337723,870.1060174814,827.16299273861,788.05168508421,737.2254179599,691.86960206919,702.13475813432,659.71593192545,628.43582178295,629.66820060379,575.5313611973,555.34600870785,565.62637167849,561.4789587949,576.57080791826
50,"BGD","Bangladesh",1084.89174984155,1185.95202363211,1145.17387867688,1152.77788272036,1165.67965843213,1175.27297462173,1208.22432711517,1235.66117719929,1276.64166652082,1323.47438278844,1348.92393198579,1412.39820508764,1481.961320313,1567.90104687442,1644.2556005736,1725.91341128066,1777.50052891997,1779.72989488589,1761.13687416069,1782.52093132537,1801.04946451868,1861.66421878802,1975.36558970494,1987.5443601944,1988.1011873312,1932.81371991468,1916.43843608709,1859.62312521094,1854.20641719596,1779.20754427105,1693.97336700388,1801.52216489755,1776.855272117,1763.97201431187
52,"BRB","Barbados",607.14047137295,597.44214539834,600.04795575371,595.74282047296,606.47666111543,599.16535316309,594.22482775542,575.75040440955,527.18274627189,500.5635018531,488.65362303887,472.73016113971,448.6506085157,449.47412705076,420.86349522323,394.92130676046,403.05672185363,396.92612162416,397.63875926637,381.93914993068,362.90151670574,352.45778111679,343.98951875419,350.34132267484,353.21562162454,356.16771267165,357.8236590286,358.79031796164,359.03280258248,358.30108684413,364.13555240905,371.91602559851,378.90908641483,374.27752773039
112,"BLR","Belarus",2224.4667568184,2302.68896941424,2395.903216137,2573.0986236006,2686.55170292561,2755.97768484868,2800.21248253549,2870.69139965121,2949.82487932458,3003.23105727162,3004.18758239745,3035.37450812697,3091.73440272034,3102.60982324572,2992.71699795256,2895.67193371983,2885.14309131655,2837.62715868735,2815.54537770704,2840.85878900427,2853.13783635536,2738.88394622213,2640.65869150798,2544.63970667404,2447.39236016971,2369.53823771738,2304.33225830502,2250.24512017121,2219.86797896135,2186.67650563678,2104.48162116576,2076.6503429027,2137.24957665833,2124.1900616418
56,"BEL","Belgium",920.56770156182,887.55075647954,850.0234613117,840.9631724441,808.98994423478,803.06010108285,798.12493879521,761.61528200798,758.80399379328,739.46458194767,703.60813284557,665.51155785826,651.7201457256,630.13195523466,590.04639802453,558.76196460252,523.46620136234,501.71426629418,483.42187881623,459.49922671306,438.1451225517,411.43034463795,398.03107506278,380.70791287068,356.60076211662,349.68738468087,332.41076420063,319.33005715997,305.05857213755,289.08354100194,279.22347253853,271.77162652688,274.4315933498,262.26698564213
84,"BLZ","Belize",764.90976945444,768.65341626749,780.9555362332,806.34601384903,837.62699615809,858.74825778204,898.9138978896,885.26212568962,867.45716969195,892.95367540696,939.40129007152,847.91595103886,823.57108635851,805.83364156919,761.38774684683,736.04297329537,680.4275627798,659.56580768681,639.67046671835,641.42293555093,620.58277311329,616.90969570138,598.73494375689,585.141129463,584.68845870408,586.62394792892,585.20181347872,580.46048709537,574.05400784771,562.68378568208,554.23187728219,546.46967616695,518.40634034874,515.88268682914
204,"BEN","Benin",812.45877844472,813.8422721827,808.57787418018,811.36862602471,809.07588451518,806.91924502801,816.28907556716,825.97933568491,847.01686901844,855.24764327446,871.16128857394,839.1911384068,815.19701778178,775.27109703615,734.0604694068,716.86804595612,722.25541765464,709.17018462676,734.10140326974,753.68914621622,763.98260156308,787.1738409056,803.72867788148,784.56435757982,780.58372363569,861.1593676119,815.4738143851,800.57847174968,771.57446889048,753.17308159274,748.26157691028,704.38191784435,695.43795150764,703.3404043395
60,"BMU","Bermuda",737.58033463813,715.43331487987,693.58636448514,668.06405449306,668.38339915054,668.73729919353,638.37929732251,589.26600738854,566.00176898565,560.11715444572,528.73198999785,493.7868115559,434.49263344039,410.44633935821,415.2196908823,404.76181400436,398.24688448367,377.85248168278,338.64519479169,309.21188902531,292.85318993737,305.38526451623,298.11887647845,294.99860664861,285.90011026298,282.39153052654,273.28700105012,263.78070881899,261.18266378066,258.62776309895,260.00283813322,261.62354932179,261.62354951169,260.24278771476
64,"BTN","Bhutan",1127.29974247479,1164.83028309213,1196.32538788293,1226.98534042761,1233.21944305401,1263.34020269863,1285.5012675089,1325.77427264202,1307.36152434648,1306.98571772286,1307.05117750953,1320.30558074277,1315.45608634668,1327.23357683343,1322.80957084026,1302.04454854054,1269.97636440773,1229.37023381698,1175.54014936227,1115.75297086163,1080.78236677275,1079.96172219701,1095.94085846823,1069.80915688834,1064.88424388689,1033.03350313778,1009.03679295688,971.67597549607,946.40118536987,903.96616100634,864.0007122329,875.21805213251,865.46341791289,848.90960452468
68,"BOL","Bolivia",1186.9238317318,1197.64121068189,1203.62240918538,1197.33522988238,1188.42043135505,1182.44032773149,1179.1310462011,1156.96773016969,1139.24438358754,1125.81883477012,1114.26455638059,1110.78784356763,1101.63680143694,1105.99104035136,1112.45971582355,1113.18726923603,1105.22184809685,1077.93398813133,1046.10090455994,1011.40676630071,986.34809527776,975.2603695686,977.85350050589,972.30926256159,971.4213796259,971.66468558018,971.33033764679,958.09651877501,951.35857719159,941.81474709304,1163.59389661255,1065.65737785761,923.45444676825,881.06934687624
70,"BIH","Bosnia and Herzegovina",1520.64816549316,1501.72035990984,1466.98978893513,1449.76206097738,1428.46752676784,1428.7931169232,1435.78792601074,1427.91264612406,1414.76376412137,1407.54180170557,1393.39039082426,1376.59776348051,1337.46085143566,1312.6491860074,1292.71176654095,1282.01583421888,1256.70557434302,1226.18100551735,1192.19765598643,1163.95729140973,1139.7037168894,1133.4703896124,1104.16719217189,1082.31712540649,1071.45865688903,1078.23601979875,1048.40880769437,1043.12061132642,1039.01939635166,1017.60818354798,995.94858537577,971.22525529804,954.99517924138,943.63018514718
72,"BWA","Botswana",503.40815630175,500.20813152923,501.17189619025,501.80983333346,517.54127348771,539.18127176947,563.95561512564,597.38217513373,636.03411296363,669.21881796208,699.72273623175,713.55516844663,689.25693802187,634.11742413557,577.34820851718,546.3792439865,583.97731685844,515.5340327391,502.13054224301,493.58397642326,482.83926094625,478.94068381452,477.12329742797,471.30174643614,468.0653884281,474.71635119656,479.14111299683,469.11566806807,466.1343289329,463.46707741262,461.30747710453,518.91058476114,485.7710199293,493.75430070887
76,"BRA","Brazil",888.05806529767,849.93535484567,845.47434182228,857.93165368039,838.62842596345,818.4459478997,809.65143733976,784.23426252326,774.4989829652,756.54953979288,734.70809104708,716.70145339123,700.95133442454,691.98316459035,681.43836003204,646.49372594829,634.4819840599,622.41821259461,611.76376944008,596.32284157,588.47670256215,577.31438514221,554.70091452706,539.12164830435,520.54699698207,514.17687993341,509.4076975257,487.87166158291,469.57065258655,458.25033742317,440.52663634089,439.24157980135,441.02065156026,419.6589384214
92,"VGB","British Virgin Islands",NA,NA,NA,NA,NA,NA,NA,NA,NA,NA,NA,NA,NA,NA,NA,NA,NA,NA,NA,NA,NA,NA,NA,NA,NA,NA,NA,NA,NA,NA,NA,NA,NA,NA
96,"BRN","Brunei Darussalam",339.1668373345,344.76931581466,347.63043533702,348.69373459433,348.98859595158,349.99242698031,345.37161122899,341.24144581571,337.01978172438,329.47307777637,323.86724916068,318.66260515199,314.40359741788,307.48887743478,296.6594045507,290.93626318639,280.61006533033,267.17566804353,256.78150353841,249.37321923783,242.88130289828,236.00210082525,228.871553669,222.32952736865,218.12508319539,216.42276746233,212.6229064367,209.87174127608,208.39722960195,208.12310672931,205.45098059674,201.62174494392,196.21032088108,191.59699522421
100,"BGR","Bulgaria",1552.6114316161,1590.21291226751,1593.28444725773,1680.70258421867,1700.15006615694,1740.14173984101,1764.63010714924,1819.05600328105,1794.05472450661,1723.16972741009,1657.98272661023,1636.5652637917,1611.28327330781,1573.26745423142,1524.90851095799,1514.26200388628,1479.03101708736,1405.55803779394,1337.17775398288,1326.39721895331,1308.19661713989,1270.69571907015,1206.99850885418,1168.23811200405,1151.60103947618,1140.22141705854,1127.25984985656,1115.63723734031,1081.78429299387,1069.82231207442,1081.97491635048,1090.79854663619,1035.10358186305,976.85957003931
854,"BFA","Burkina Faso",580.04534833538,566.50049350764,558.04885725022,556.66632738916,549.1868386059,548.32702034721,551.78758069831,553.27456187582,561.53398364117,575.39913395061,594.38562834968,578.21339334055,580.7060819733,563.159749743,564.5893898664,571.97341530535,583.87978456995,571.88809422657,565.18389933649,554.75478913246,543.89872327544,531.37476482753,548.53359233625,526.9658920698,529.63276388835,606.94721051836,590.22695972671,575.9021473975,561.66996393663,534.67376285841,527.16260790547,494.97218416675,568.14745010705,613.23099430548
108,"BDI","Burundi",467.05440224507,470.15349583918,475.45285306485,482.82433112445,485.1000970566,487.84389564582,493.76826700889,499.94072200874,502.06326685574,509.01077168953,519.20753909587,524.04437199631,528.08595110452,531.3056685077,550.12016895551,573.13361996117,594.35906526162,619.75883973543,646.89189523909,654.94505161861,661.43102585363,673.67229495737,682.80205968199,680.26244902619,692.40883275311,698.93507416024,700.47881313026,695.60439588142,682.86345590589,682.31170597177,696.02554957903,773.51756656012,730.27159440924,754.47605380592
132,"CPV","Cabo Verde",578.19271239905,583.69400708239,593.08655512311,607.25602527471,644.84221053269,766.07627223288,683.34093099795,705.16756394535,726.5235345151,745.06207714697,751.04209613241,754.08329889802,748.27552274803,739.70957315081,732.19065012249,727.31605053867,724.06867658885,718.39573619412,691.29000319635,673.80659103248,659.52878287633,707.27795433484,731.45144299151,686.24196820308,666.23714930109,720.98237009016,689.2299234544,714.15665766326,657.25637748423,669.44888477643,649.39522503581,630.21296104673,672.25974340062,681.33735030631
116,"KHM","Cambodia",921.03560472998,927.16709471685,934.7436935327,934.79005627924,933.60448420217,935.6969281634,932.45813619188,932.9684356872,948.04736696699,942.58151796071,934.91718505914,945.1800292988,950.07359711751,951.55715625992,959.79750658971,970.01940968728,962.10471593121,971.7028627493,969.29282138271,961.64501247955,956.78848526904,937.70724783622,950.21330045675,968.7809587147,953.44932297559,959.94264022259,970.14823180796,951.72933642863,959.7317001996,965.67587215642,980.63269431793,930.76802716589,959.31296863073,1001.60564454394
120,"CMR","Cameroon",918.43599110397,895.89910254944,871.15199617063,856.56600639812,844.54728255373,842.41005673057,856.34817572815,874.00303796697,908.09645373056,939.76521446843,985.46486099956,978.03050335464,991.72829877387,970.77295048842,956.11063912873,957.66120545858,989.08078814458,983.40486067896,1019.36474512421,1047.63748199406,1068.38520870095,1078.20925356969,1097.86865841813,1084.94891018539,1074.15584047586,1164.1882231347,1101.05718968925,1075.97138286963,1068.31668547511,1055.0627922328,1047.19151410251,1040.43123784997,1049.46712829966,1077.4361122223
124,"CAN","Canada",683.47587773425,659.59302808666,637.72309087297,630.28495974692,610.47017339213,588.93871702972,570.02746787275,550.73561648605,527.36610444658,505.15445561094,479.22984227956,453.13899806613,435.00839784092,417.49299623143,395.46204619301,376.84429108657,356.12376009322,344.34198336364,332.18991026188,314.27787655853,299.62674861213,284.15229941898,275.23462339631,268.18131564791,261.20541951152,256.04985373318,248.455550603,242.66496620952,236.57342588195,226.65574143048,229.45905097871,221.91152470818,216.57241529918,217.16777421387
136,"CYM","Cayman Islands",NA,NA,NA,NA,NA,NA,NA,NA,NA,NA,NA,NA,NA,NA,NA,NA,NA,NA,NA,NA,NA,NA,NA,NA,NA,NA,NA,NA,NA,NA,NA,NA,NA,NA
140,"CAF","Central African Republic",922.67116533016,949.13870506368,964.04121835979,1002.35602802459,1014.33877716596,1001.60253131978,1024.43111998169,1008.61433840365,1024.93841556046,1029.91339986638,1007.79300794265,997.38678866997,998.72846143064,976.54038606559,960.83827131074,947.94171918165,942.69143073877,928.75693476309,913.10845387368,920.88293177249,960.36111306168,990.38807400637,990.04361516138,985.75405296221,971.60873572461,1005.26242229699,988.93520399658,993.79229895847,978.05389309232,1000.62397188067,1005.44357708247,988.22938826786,1094.83521687135,1124.10645135998
148,"TCD","Chad",1043.96768870883,1035.31274254906,1020.02804207063,1027.13803863328,1002.05302563519,986.85577407681,1005.72177749235,1023.67236102096,1040.49112238258,1058.97906744018,1088.33893528116,1109.29299234304,1130.2657240732,1132.51957309347,1140.31674152302,1151.34675993006,1148.45939635135,1147.92242929661,1144.31165629531,1147.81133836322,1162.5336412861,1181.26904654184,1198.1613054807,1170.26076439386,1154.63835774491,1255.78960095328,1213.80685878152,1191.63038988767,1180.87942121344,1163.74998699973,1174.37274525799,1120.64109842824,1256.05364239861,1294.13466029188
152,"CHL","Chile",506.56131573448,485.15925156436,473.93451963696,470.11704334394,461.78472518418,454.37486988087,438.75170609649,417.58417793999,411.20267367894,402.85163878546,394.05506287984,391.15339042972,383.39431578531,377.85070187071,366.16486252365,354.30411153699,342.68071596264,335.62460589237,317.78802910363,307.42500175036,305.36797760645,294.11147282411,287.99444520347,284.15827682534,280.27623634659,273.17194059272,261.07129704116,253.27896830593,244.41176317624,239.16203962871,228.96181280958,228.5170515249,229.69013781718,221.3313465165
156,"CHN","China",1365.85407564383,1369.11451293969,1359.09789495887,1340.79725951044,1319.36779188928,1297.39943600105,1277.38106224236,1261.17325198735,1248.78145487951,1239.04825649334,1225.85510281799,1203.82556123483,1169.92280308058,1141.00432961045,1094.70368179199,1063.62323678496,1044.11045172332,1032.74006705306,1015.96630998601,1000.96291917394,981.88629870522,971.15417306857,941.27312840406,950.91957222387,929.52792308865,927.9910528265,945.06665749071,949.54375760549,887.66405575667,811.8068333804,759.75773860929,808.08976151602,819.77747811584,788.07890292531
170,"COL","Colombia",823.21270710452,805.24220269626,800.0480348368,800.71955568599,791.04394007365,783.34540088322,767.54261589131,707.13139457155,663.08024410903,660.69697791673,650.5917369996,628.77738755231,614.56435477895,605.65284892824,603.52585073885,601.85941335781,592.26171197696,575.11142061145,560.48168914627,536.04030688238,526.80146377989,514.03610374321,505.42673374292,497.63257246303,496.84836519535,495.92973817453,487.80929722406,481.57212440099,477.08321720906,457.30104967862,458.8703672862,451.26888294986,445.46635545063,427.33049853699
174,"COM","Comoros",223.56554742777,228.05465724474,231.22060114895,233.75080355518,236.03504290917,234.71974289598,242.56471185705,236.58536513277,243.28572203993,239.99230120267,251.70315890997,246.61185264764,255.08790301393,251.99696014032,239.98344391316,249.73008707204,236.39807300814,252.47111949207,246.56076149517,236.5785847653,227.12881218132,232.35118486859,229.39024838838,233.855313555,249.54794296234,249.92698750159,249.71950064167,244.2730678294,236.45675496327,237.29853000367,255.8632945695,291.92492249274,247.0437573067,250.59865039006
184,"COK","Cook Islands",587.67565486835,605.45470610044,607.85516714884,611.26083062604,613.12284698428,613.77984938512,614.9603558437,633.39515274965,629.37320404911,630.25760488204,632.15462211902,638.2685181537,641.90081248225,630.71661871023,619.80342239686,612.13690016462,604.56507440095,596.84885854988,590.55038846752,586.35726687569,585.48024483991,577.90357517252,577.73987437386,576.34872131462,571.58763975615,569.44906277876,554.52747602629,551.51962994662,539.66037255682,522.95657049235,526.4879421018,586.62134950395,548.03596299412,539.78092211723
188,"CRI","Costa Rica",975.61260074081,981.77590491531,975.61080006806,994.08557905824,1000.89520900901,989.1547207949,979.75830849815,905.42753643515,872.63576275259,876.49183407166,876.99388567731,851.93555203255,823.87105033115,771.96358647145,755.77275517502,744.14735095399,720.41538150698,692.3026304285,674.72326298649,672.97177831185,676.57400688265,675.99290643129,674.1719696322,648.33772833342,643.38797077924,614.20538330387,594.00054360277,582.2599373774,557.97857587579,517.13343209563,511.38653139011,544.22064084577,567.92696775552,580.75806432853
384,"CIV","Cote d'Ivoire",624.63073705519,609.94695529142,605.75743258141,610.40267948418,616.97891049586,622.73543461844,640.25769729603,661.95022034762,684.06912098743,699.49475632522,722.25587556594,698.88171098101,700.42694335989,673.92507236762,668.00668444652,663.44063988441,663.64697559845,642.69327882663,640.95469357939,630.24910917872,620.71082414371,656.03527915227,705.26603797923,716.72472303698,734.23963134738,848.72140177828,832.94313538728,812.45729892295,806.63628597827,759.99412174321,779.03871021063,744.50977122604,836.94543716295,869.74879454165
191,"HRV","Croatia",1020.23878864532,1019.11696688902,999.5161746126,995.94700284625,993.17684146891,996.46523244913,971.66640602269,979.11008359775,969.54845774897,944.17931936507,932.36145813545,915.32730267954,912.68420377261,935.04857262955,881.77952750507,874.99934414658,858.73497759906,837.77995915035,826.10373312982,811.62758581428,797.56372517263,759.919492826,736.12644555505,705.9777351968,682.71021582862,673.57408524453,643.35740364041,627.16666052079,592.38735481713,571.11970792453,569.53061296411,564.00361205406,554.50418030606,525.94968085861
192,"CUB","Cuba",1282.43402136965,1268.19478036776,1280.55638951651,1295.7216948234,1291.3048405992,1293.27634684326,1284.69404594795,1230.3655656503,1196.90960432962,1156.06738605686,1101.42134981919,1061.09406219381,1018.66678711043,1003.02591727346,997.81428326578,1004.75525537086,974.18378877828,952.217062734,948.96876256507,937.54358309096,934.46029623732,888.56377369224,865.09627907917,867.84875169034,877.80218193934,882.18586969126,879.27471525656,896.81920984598,882.16787617144,868.31147335499,873.45123941116,932.6047293982,771.92915260506,786.87932583204
531,"CUW","Curacao",NA,NA,NA,NA,NA,NA,NA,NA,NA,NA,NA,NA,NA,NA,NA,NA,NA,NA,NA,NA,NA,NA,NA,NA,NA,NA,NA,NA,NA,NA,NA,NA,NA,NA
196,"CYP","Cyprus",1022.10823534034,1012.75164026538,992.43658102206,984.22571303237,960.10772387286,958.65474690373,948.48138088957,945.92070299815,931.15524764484,895.75694739204,879.56380989369,847.61202461054,827.01571898758,799.32596985639,783.22581388684,752.80876194061,724.67704081219,704.17230693847,673.27842693691,644.57168895806,619.08923196241,585.44223034249,560.39079300956,533.80161340001,513.44235003578,497.43292573086,479.83541375562,465.18011732028,448.92566723638,435.43735001897,421.99592276835,409.44799833837,387.9712399848,373.85150380451
203,"CZE","Czechia",1121.37750365517,1111.769375257,1086.22484822853,1070.36432980418,1056.13335865787,1051.14413487587,1021.52220392271,994.05479630325,946.1958983906,916.87174016743,876.4612115893,856.55712487088,839.82752735939,818.28049225341,793.09515342502,769.83260510487,744.0563627488,740.95392280836,723.51229498119,709.0869092325,695.76335311713,686.54665147538,667.49428809185,640.90861268998,603.50665430779,587.50297162079,559.92995539134,547.37068520811,529.29169666931,514.63602803887,522.10141962818,502.26811092412,486.49772119444,459.71667864418
180,"COD","Dem. Rep. Congo",888.67795562049,897.96843211254,894.04759665839,887.3854943977,871.22344018001,862.70379242342,856.83543794064,852.02758708988,865.69399541945,888.36265126362,904.79507787453,912.52982559952,935.86647343748,942.47681449344,951.98539401032,960.59255087869,974.31512294505,981.26340902586,995.95433881664,1003.64146738115,1009.26096520864,1019.11336689926,1022.98749434457,1026.74538897107,1043.75537795319,1052.59845139866,1052.19601116039,1062.7500253219,1081.10326887853,1092.11618433897,1155.36206508747,1131.33752898062,1234.1638462127,1235.26944264434
208,"DNK","Denmark",882.15505080451,858.39798842597,844.13157346898,840.81377999612,796.19432525022,772.74067551592,726.7470894339,678.69073814855,644.24682147968,621.32694022319,575.73742858392,560.09323333408,529.96657114256,503.27856935803,468.64182962997,435.78475313013,411.74330907227,390.26317820109,365.69272777201,347.22884957123,325.45099794871,297.40474701178,280.4872822031,264.02980952898,248.06359318162,242.13556058213,234.53778739442,227.49738962788,218.42124560218,209.51957660107,203.07834229138,205.67415522116,204.1777858844,198.08657070342
262,"DJI","Djibouti",324.76743007599,315.32680596455,318.36747116112,358.52451711809,328.92701393985,344.48554928543,345.50628487204,345.13181447257,355.27736914009,359.39979614281,363.69495959512,365.46976909161,365.69238299931,352.0803266986,366.82260097069,368.28124073823,373.649226142,380.65239128699,388.97763120156,386.95322695381,392.0651899047,400.37080576637,412.4162362408,410.69535179873,394.29553931137,408.06715072415,403.86631722393,408.8960455413,394.48635776087,392.84787187856,378.16662460198,409.93013670217,396.67697744131,408.986261031
212,"DMA","Dominica",729.70583575835,740.36504306802,748.74834833663,757.81526726782,761.62484204701,760.73375603411,756.68510525628,740.02534945153,735.71086550621,714.98378444073,700.88500249153,686.12359270341,673.52423676929,668.63297348441,659.39743409159,652.06883093116,645.00041109099,636.73268944464,630.36266361943,624.67836098174,624.91467126417,622.36687854415,622.76808030825,621.61316044577,619.56774599645,619.20469635242,614.65338590549,608.91659220516,602.61399717186,598.89779809148,607.47730084246,583.1049857855,557.71860852594,550.84981230765
214,"DOM","Dominican Republic",1509.41210129764,1462.91201104419,1415.96907008915,1369.29062914409,1327.06606563097,1292.46482192132,1271.26121034555,1244.46079008707,1221.49306704676,1209.09564316509,1207.19221292573,1201.219460058,1180.24969277498,1172.67171560824,1173.49552141233,1183.70062611152,1198.89116621284,1216.62503048843,1233.09203935694,1252.2746038299,1276.56036048183,1316.34274526255,1343.72822878338,1355.88213489587,1367.7799385396,1412.22464071518,1435.3277682616,1455.71627345565,1482.07092893484,1497.22067043876,1587.6594035488,1597.89447817366,1615.19737879834,1585.37468052545
218,"ECU","Ecuador",982.55073432436,1040.52662399063,1046.16634629037,1047.54640799005,1067.49991245411,959.88522245156,923.16417697814,929.26275697722,954.75149631851,979.1851362459,965.21073986154,945.2335032377,935.35329481471,899.338379719,866.71994628214,880.04995010171,863.26638086494,826.69491509157,780.82739029716,721.83030612601,669.59995871001,648.62519564467,632.0069724482,614.16813496794,612.555379435,616.52814626401,645.44420946418,662.96248435212,667.68632120657,697.0756076184,733.76420268799,746.12693840993,760.46544664802,749.03752682337
818,"EGY","Egypt",3147.23022178743,3154.75977614769,3179.0654910468,3277.6301117908,3309.87136333529,3292.4129688827,3234.45590511173,3238.88864049133,3284.89938477833,3285.56309945957,3321.90064825896,3456.7884667683,3619.58181946522,3800.78852979999,3837.17584969704,3825.48812618312,3888.04043222524,3943.96996696697,4003.44597586222,4032.99219751333,4017.64049303856,3861.96749111267,3898.44540808241,3825.77536779381,3817.02314639969,3945.40010990312,3718.75892612723,3566.62098511497,3596.55233665741,3539.16250486842,3327.18303730374,3613.97677608722,4068.69190390334,3886.52326862936
222,"SLV","El Salvador",1225.91465820609,1239.03134093114,1226.77946347274,1205.06596783716,1168.73246641577,1135.59906062371,1111.54286873338,1081.03978366959,1055.24526299493,1053.88892588938,1028.68511200247,1012.40270296528,1000.40860525796,992.66434516108,989.97904547026,992.23634807914,991.21300173639,991.90564745323,990.86328186093,972.40703325629,961.30867728624,946.38560604647,985.85340100863,1007.51219043308,1031.30926078189,1048.36762331261,1026.62748557193,1028.92217964412,1025.85097123875,1030.5598361669,1064.31486111013,1108.35934358129,1074.86760826411,1065.30449684578
226,"GNQ","Equatorial Guinea",1084.1147696206,1092.50040479794,1097.56820055713,1104.46807846972,1087.00106542759,1100.68731502364,1116.35945056166,1162.69956088052,1183.61920705235,1218.08488975446,1242.70922559718,1229.28705748698,1195.46949347032,1147.08169749633,1119.49492088401,1114.28426427426,1080.9211600358,1048.66827153456,1029.05013540754,1033.23496262491,1015.02828282542,974.46498752322,934.6828922554,904.21946509709,902.3447530886,921.79484484066,916.12734479081,926.32752408151,924.58549224409,918.07142137711,944.08589461892,970.91888450406,1040.593743001,1064.97137868312
232,"ERI","Eritrea",537.90817271083,539.47399319196,547.72107370554,550.44158681553,548.60377037264,547.35037971867,554.89966755872,565.22403229795,573.32058901921,583.22707933434,588.05902668506,582.04416621784,590.73596728697,585.29515903385,585.57753443499,585.19024145981,590.00596218369,596.21881138501,602.40047548288,606.32541239337,606.22637769629,609.38327919645,621.28577919051,625.82896627143,604.44659115629,626.67560075525,623.82065681095,628.75397203539,629.00863222378,610.6780035088,602.55522135567,601.43061374628,698.70085282206,679.94319172428
233,"EST","Estonia",1888.26305849622,1911.28779429269,1977.39688591975,2046.10791287342,2110.83764220263,2070.14738508211,1996.94597313793,1908.4974871658,1889.26461940212,1861.690649055,1821.07434306513,1784.523214416,1773.9057092795,1735.36653469614,1663.75512718892,1599.06478512956,1534.91736145536,1463.51270858593,1394.15781634796,1301.57931399112,1237.60260550146,1135.54255245506,1074.3266593842,997.08744601017,935.48274965358,879.67101206559,842.4084073577,793.09992500188,737.17275998667,670.7903789563,635.26176042825,638.37396938812,617.41367726413,607.30353694189
748,"SWZ","Eswatini",854.74648154588,864.8505311559,877.29957970843,875.11496648817,862.48511042784,831.58371767105,797.76608441052,775.99470667421,752.85696904035,746.91572016957,751.76787089724,781.89188307296,793.30102564574,826.44637595712,861.94785845128,858.88259268025,819.79857895507,774.1994098562,757.47660470633,745.64966476172,720.03636198771,691.7732977503,670.46352878204,644.28040307415,610.9971563991,578.57536202693,552.54676659135,550.27432589413,553.22074618343,555.09893488256,592.06501747483,637.54194496159,608.20155738856,594.33337280009
231,"ETH","Ethiopia",424.08248913448,429.67293238329,438.42309126248,447.63243765924,456.42917354083,466.26137139108,480.34842525191,493.56023824131,505.53985003777,516.108826295,523.1094929378,529.39409528452,534.39299088799,534.98507061912,539.81734145208,552.05668237465,568.79458775638,588.69670205127,609.12206114774,620.53205057361,633.80905318462,643.93315576009,644.29505023624,640.63397821232,629.38311378991,624.46417000088,619.95407830177,619.90231407508,620.20870689615,615.82787700943,604.36247689179,649.64724960874,664.06220078818,684.52829953059
234,"FRO","Faeroe Islands",NA,NA,NA,NA,NA,NA,NA,NA,NA,NA,NA,NA,NA,NA,NA,NA,NA,NA,NA,NA,NA,NA,NA,NA,NA,NA,NA,NA,NA,NA,NA,NA,NA,NA
238,"FLK","Falkland Islands",NA,NA,NA,NA,NA,NA,NA,NA,NA,NA,NA,NA,NA,NA,NA,NA,NA,NA,NA,NA,NA,NA,NA,NA,NA,NA,NA,NA,NA,NA,NA,NA,NA,NA
242,"FJI","Fiji",959.12869493427,976.60218034748,996.57353098472,1013.86613020053,1032.87430500435,1049.02835590912,1061.05375207782,1077.97665510127,1106.93443687655,1121.20431985315,1124.21085190099,1139.95742228117,1164.35498943419,1160.66022389034,1167.01886223233,1165.40982145275,1172.30455038502,1174.85389955641,1178.52688545628,1193.59261712769,1173.23321182227,1152.32188344099,1141.38935005517,1129.08767895161,1115.38969076515,1103.83075691947,1089.88000887771,1070.54391303362,1058.49304156447,1034.05160769863,1017.83492128883,1018.91769176644,1048.26035967406,1070.98104479007
246,"FIN","Finland",625.55686280244,611.69730773669,602.35380461497,585.0550965712,558.31086036362,548.43643482299,529.54117057812,513.05819061289,507.11669904101,497.43017968511,481.10530138573,460.6684397612,450.66776425941,432.81749596531,409.97172668386,395.18036311002,384.66954754791,373.1130427454,360.42018723301,348.48984578177,337.82844173086,320.7884056051,307.46335771164,291.6182123224,280.9991794769,272.04503311046,262.79680735433,252.09451573247,239.64170970086,226.90291237372,221.49744621031,218.84184803443,213.31326553077,218.83777839172
250,"FRA","France",417.01206680193,411.86044397117,401.4012518181,396.62616992726,384.19720958585,384.32258816709,382.63081595967,371.81320107531,369.76204326442,364.01402312279,356.83157682816,349.05563696443,340.56387388786,332.95890855988,306.84422213455,300.01855102316,286.03131898671,276.16512023177,267.36154541923,255.72953300859,245.68489368077,233.23951152998,227.59144300922,218.12318088533,207.25323875365,206.11072337392,198.44923422495,192.74864737493,188.46547158356,183.19710015308,178.976134815,169.39300954109,176.14566760789,176.47305217381
258,"PYF","French Polynesia",NA,NA,NA,NA,NA,NA,NA,NA,NA,NA,NA,NA,NA,NA,NA,NA,NA,NA,NA,NA,NA,NA,NA,NA,NA,NA,NA,NA,NA,NA,NA,NA,NA,NA
266,"GAB","Gabon",465.1427137686,476.86595047898,479.96351631495,466.47581245311,469.87191917558,482.75966125466,480.89301137823,492.43912507092,494.97674249909,485.86637171738,493.5030336515,500.7198460581,517.4070812346,521.10679157884,527.03141347984,540.84668221032,548.46166959956,554.20003063268,551.00559597568,545.96669767965,535.89898317094,531.27250148037,532.82972795092,547.57215158369,551.29301787066,571.60445946366,566.63205013081,557.45745619057,552.42355665971,550.55695507603,557.95345773367,547.56110603653,589.91551489993,592.51778149492
270,"GMB","Gambia",547.21545231432,559.47107709436,588.79744242475,579.16821823726,564.58541247041,631.52809734789,591.09903415682,586.23457082232,631.44867147612,684.9398557676,640.0613056469,602.56301414272,605.04537760354,609.64262130753,661.74422505473,683.30971722575,667.75166303897,665.17574712292,630.6720738314,639.47827359116,619.44631370795,561.81755444645,582.71789244748,552.25515218367,607.77421320135,632.27078159295,662.11090181355,757.05982445115,730.33639428887,763.09753161475,771.65769085238,767.08962199757,812.50634642312,862.70131031366
268,"GEO","Georgia",2535.37321165,2607.7235181851,2679.5698547658,2653.1949036662,2633.13669693992,2602.56369069265,2681.60310145211,2722.14065286776,2666.3062906119,2702.59663822012,2763.8359656598,2775.19726378444,2657.42135721124,2494.32977131996,2392.67202766641,2276.75643687332,2205.24083830704,2236.71024122422,2297.44414319451,2268.67187918249,2196.75000986648,1952.88145984343,1871.46166602475,1792.4973644228,1740.16534124181,1632.1366733927,1515.31770670599,1511.01298055451,1477.06226119996,1400.66537804045,1376.09169839163,1375.89806369031,1332.86199961023,1270.53856216409
276,"DEU","Germany",719.53147527936,712.60747290747,696.07715813983,698.37047340615,678.18570180232,657.11629422734,644.54372908991,631.41238979029,620.95534732041,600.59717691665,565.84411674832,543.86005204907,528.69690033442,513.95661893055,480.83548941994,459.52802462532,438.86600440931,421.41285603924,401.65013659064,388.32293157732,374.31364423945,354.18543858941,345.25175677415,338.83886061633,321.91574253989,323.78048287301,309.9246679425,300.92139907776,294.14715508103,283.70050293825,282.21332604413,279.71897785267,279.20450822068,278.93675837986
288,"GHA","Ghana",947.90956915416,931.03174047832,923.97170161757,921.9439120103,923.00258578315,909.62772111172,906.30999172938,911.79098496606,929.40042637711,931.67487440013,948.94999086084,898.65825546159,850.9428320162,775.28688192859,724.48398321699,692.51854349395,674.37795360375,635.09638313307,645.96588237304,648.24303839709,652.75801850616,689.26938881488,712.30718262204,685.40697625427,682.80622739819,781.78856151982,778.27037756087,779.58749270026,773.69619309325,760.14793676522,768.57026726209,758.67507073667,801.89106442472,779.83175932553
300,"GRC","Greece",921.8123626316,921.76026374084,920.32153412054,909.88498976215,909.24456982701,920.49878447942,923.11731974638,910.96030702043,902.28674228217,894.16363125616,875.80506411932,848.55461707427,841.03619052933,843.25884302982,818.71714173987,782.34374263491,769.76942237999,802.16642716135,732.71534536823,755.25415640199,738.41901343836,725.98837775791,703.46466340844,639.2638851562,579.21600062725,561.302005526,537.94030110142,534.94614464135,513.0676685816,504.63793636617,498.86230554397,498.66118990206,484.84229740945,474.74680471274
304,"GRL","Greenland",860.28080817983,861.13769242286,865.18236828263,864.1016202383,860.01786745257,858.19929335717,849.70258987078,844.90161334868,837.2390807953,823.28846316697,808.15942530445,793.80447087183,774.38134658681,755.30802910373,734.02581148839,711.81142750394,686.65744859766,659.23629158457,627.25230760531,604.74061780256,587.28414297542,569.63240198226,555.21863470723,534.21444861202,520.89898275018,514.10874910885,496.04427506103,480.09917958393,462.33674190836,443.46078221704,465.56595305427,446.7600445052,409.71925440786,388.2330526226
308,"GRD","Grenada",1051.39102247543,1086.13993081968,1099.76206694267,1103.35783574612,1059.32622011516,1012.08648932139,954.51000090428,960.10260132624,936.16803178159,856.31671529324,821.73834806697,812.74374897535,794.60383631646,795.68318612742,801.93090948846,786.7477686999,736.84872904031,690.95571779554,718.58517165082,690.11965240293,678.14144973619,663.92093000924,647.06338488083,647.76947222931,643.13942138608,612.20739516292,629.54667850514,604.87276234164,604.45601068122,566.25694008843,581.47791961609,607.42852900765,574.41095327661,560.43731711187
320,"GTM","Guatemala",1153.03410005068,1208.50151862793,1254.36858767862,1266.31914185063,1189.99327323845,1114.25952758839,1064.0148795143,1004.89769821708,1017.0925761178,978.87442746166,858.68033108418,816.48775908983,764.64609512866,762.41085168709,761.70597978101,761.41681174832,773.87517677968,789.7539219668,780.65357439803,784.99483373972,815.44790694229,859.14631608068,867.72755814114,850.28844135591,859.95359174557,866.59820106527,868.39804625781,872.11015718042,870.42847116116,878.77021349867,941.03785268682,981.80006726196,930.54808652901,863.50884943877
831,"GGY","Guernsey",NA,NA,NA,NA,NA,NA,NA,NA,NA,NA,NA,NA,NA,NA,NA,NA,NA,NA,NA,NA,NA,NA,NA,NA,NA,NA,NA,NA,NA,NA,NA,NA,NA,NA
324,"GIN","Guinea",909.29754086434,917.21435995039,929.84985135704,933.37961739696,943.22512865966,953.50961278037,951.25817396417,949.99767551766,958.77520892506,959.38390166427,952.74722607585,938.21973889354,926.96807085994,907.92471085895,892.82774758932,891.43078200125,914.79960056979,917.89768933426,928.24586327111,940.7693223126,943.87300816435,955.17503795346,973.28407978019,936.20352457156,954.61704967729,1027.69047216553,1004.94993589732,999.58973240719,990.68237947677,977.1994979868,964.6155569493,957.95212004506,1074.90359868867,1083.36256895556
624,"GNB","Guinea-Bissau",818.16169504601,826.94096175241,835.02616326246,845.38095486439,868.43448256287,861.0712411592,975.14762117349,973.64309315462,917.5403497865,923.69965707184,937.67598775478,963.67528454641,990.55408064403,1007.09210295666,1022.58955985909,1092.69051918338,1060.83380896629,1060.01439094252,1099.12380593385,1086.93009292766,1097.05674666317,1110.85488236424,1148.58468323403,1084.37061378055,1102.49671115708,1197.20390293918,1197.04724159246,1237.17624067674,1228.41277296944,1223.25327792155,1219.78202224995,1153.6459894279,1305.13903037972,1322.46721877945
328,"GUY","Guyana",1646.45816720755,1583.53653333381,1618.01021461475,1667.57637105052,1703.27276325043,1666.08024129614,1683.06274236278,1670.54554545615,1552.84701888142,1468.94026838103,1327.46654829181,1444.2542915386,1464.89376717357,1529.07466144461,1539.00825776443,1522.21012831334,1502.52289267343,1501.18517470865,1485.93247023684,1495.17977148367,1424.80148951991,1410.64260303489,1406.51216518749,1352.43325163471,1331.67180338508,1297.29151521568,1237.25612133977,1143.32836998441,1079.16404655399,952.73911138166,1001.53591383375,1050.08821969888,993.39107794383,988.83013752577
332,"HTI","Haiti",1644.14322575222,1616.68649756713,1665.94605229995,1697.20877102233,1666.58439429351,1692.22104181937,1705.86659978468,1764.08189860701,1713.12472082037,1758.6233232364,1769.14380175691,1793.00511303709,1792.93368779999,1802.21242726781,1823.18232585887,1805.61961005547,1801.55223796406,1816.22680145796,1817.05179907996,1810.22414869863,1796.25999385771,1846.13340055984,1868.16453539311,1909.69708824568,1934.67329022367,1956.26600426627,1974.02261320629,1980.92283447973,2006.37112836567,2015.58084318015,1974.52974796081,2003.93185437534,2078.98890327608,2130.94600453298
336,"VAT","Holy See",NA,NA,NA,NA,NA,NA,NA,NA,NA,NA,NA,NA,NA,NA,NA,NA,NA,NA,NA,NA,NA,NA,NA,NA,NA,NA,NA,NA,NA,NA,NA,NA,NA,NA
340,"HND","Honduras",1182.23596841168,1186.96506444555,1187.68810054775,1202.45208771687,1214.05083574652,1214.41904563545,1230.9633317585,1243.492041257,1244.58437638207,1267.52514723074,1273.42697063125,1277.94481445077,1283.11265539326,1287.83673982106,1288.84905588176,1280.17357552609,1268.57689001301,1254.47067679991,1239.76196459212,1224.50861983799,1219.64060844462,1240.0683460803,1271.01593060261,1281.05107899859,1273.21707227402,1275.34346786506,1240.67347973594,1226.59025437179,1216.44566592092,1201.32495425465,1170.23323422896,1229.4248439143,1232.3843585391,1244.11178470767
344,"HKG","Hong Kong",NA,NA,NA,NA,NA,NA,NA,NA,NA,NA,NA,NA,NA,NA,NA,NA,NA,NA,NA,NA,NA,NA,NA,NA,NA,NA,NA,NA,NA,NA,NA,NA,NA,NA
348,"HUN","Hungary",1539.28577580986,1573.78441415472,1595.92986615938,1618.08439289283,1582.62496068812,1565.7097890228,1546.9838215884,1520.27466969694,1520.53986941318,1498.47779727244,1432.34129585686,1380.68630087893,1359.56532695206,1361.41146109775,1365.05871103936,1408.16219608678,1351.57464002256,1296.26594435569,1248.06803819097,1213.78074053507,1191.10079022469,1146.79050594831,1106.89535547555,1065.85706200947,1041.55133542112,1030.24664894037,1011.63308463012,1008.80500007447,986.22720561856,963.97653674705,968.17928302561,955.6870858608,928.46280781759,897.37594640607
352,"ISL","Iceland",764.01263193407,762.12496436415,749.38834903749,734.93198740218,746.40950101828,709.04849619461,695.08551108612,677.29443197439,659.09436377184,642.56654289197,602.27223111011,582.79499099194,567.69152644428,549.73404677817,528.63115597928,488.53995264651,481.30677864507,464.09796517561,444.49944419325,425.59976101559,409.16244796789,388.78509098256,371.48039341757,358.4084471531,347.84509020381,341.85698686349,321.10662514069,312.77701161223,302.62481517011,290.79180705956,280.99880971243,265.2922389827,274.53208899768,276.99592096617
356,"IND","India",1475.40307352834,1476.33061812801,1452.08554298694,1425.62302069032,1400.66453898648,1396.59060723485,1445.39510065464,1505.60040904615,1531.03994342151,1518.96801865526,1497.96921230292,1485.39323279025,1477.44625963745,1449.80965731702,1405.77284137682,1399.64272064472,1461.55279106774,1507.15989674756,1496.77023519326,1476.42297978938,1480.32099065387,1549.26469410869,1627.04765713151,1607.982698109,1597.22062942636,1567.51128491345,1593.22019812001,1538.83465001656,1492.64720304515,1361.66396850571,1286.05261948195,1426.63107885225,1303.75779465869,1293.77149811361
360,"IDN","Indonesia",1070.51677761231,1067.65664498757,1066.58803708522,1064.60029575773,1063.3523046814,1063.14970046797,1067.87911112914,1076.87260679098,1078.39871478311,1082.02171227065,1086.47310799191,1090.6987708907,1100.80969802498,1121.97795585864,1215.07878618111,1165.02665602719,1184.49565882368,1195.86753417459,1213.53936166273,1222.40217042568,1223.89498201435,1217.84169333046,1238.75301687708,1244.73422344265,1238.14821126552,1242.08194084082,1225.53384577917,1193.64043904504,1177.57598119064,1155.68508895053,1156.48204679404,1237.92554839422,1120.33445822331,1103.157244182
364,"IRN","Iran",2198.37989701848,2113.4291637304,2079.15282902958,2044.47225978228,2010.63157231857,1980.32428882764,1955.23183247746,1933.21463443983,1915.65226771177,1893.97001985696,1871.232629206,1840.21647766425,1801.33623760925,1814.06168077417,1678.91114182412,1617.90582851227,1565.34031169646,1520.19451135899,1476.53267293229,1438.13054159534,1396.93267118321,1360.58208483382,1318.02564552236,1293.51235838346,1268.29341334844,1262.94097045685,1235.82389230285,1193.1027048839,1166.45098012137,1119.95310818478,1089.95364898912,1004.53399133924,974.25772071261,974.78791874418
368,"IRQ","Iraq",1387.30952946262,1397.54793420096,1430.42810386749,1458.27091159273,1479.68522732186,1507.45426815837,1540.85446919653,1579.00919139971,1619.73817568656,1655.01773533466,1685.26454087924,1702.62004624007,1720.80931773986,1730.08161507727,1733.85312650633,1738.90419291992,1750.10914602295,1766.5429796205,1776.10135781032,1744.39835588701,1717.24323155198,1663.78744810847,1628.4478302486,1576.17248586794,1533.95877798657,1546.04659790922,1497.94688420891,1470.96257727187,1485.1330586852,1477.14531896517,1494.42700328028,1456.10074237998,1487.44837124924,1510.80886344052
372,"IRL","Ireland",1133.26050265866,1103.69358321364,1082.55122598413,1083.40792997977,1066.00474204904,1045.59215416972,1015.93828159841,968.03568630731,949.47934412151,908.452252825,850.51226471802,789.91819131104,750.38377957245,699.20692676829,659.38565198793,617.31594930804,587.17704336886,559.79062530135,527.62484878319,494.60376323795,462.95843093765,438.76528228997,428.79557903308,410.05142403074,383.53786173871,376.39479712028,363.00237268436,344.11669984661,331.82958027646,318.75974146701,305.11789848229,279.64624822449,287.97146802406,286.1956185737
833,"IMN","Isle of Man",NA,NA,NA,NA,NA,NA,NA,NA,NA,NA,NA,NA,NA,NA,NA,NA,NA,NA,NA,NA,NA,NA,NA,NA,NA,NA,NA,NA,NA,NA,NA,NA,NA,NA
376,"ISR","Israel",832.73774856933,852.14838158958,858.22469630725,842.71139469957,819.64808208731,740.58742887094,640.50581811267,612.85986843345,610.8067262148,555.06167519654,520.16291221416,488.66187655251,460.57011839638,438.38553112781,414.42499049558,393.02640397508,379.45992781535,364.87702785135,336.27284587818,312.12191852647,295.10375945023,284.80448862797,267.60537471243,255.19285857687,243.82727922339,239.36471776295,231.42470020329,223.912919376,214.33177716549,209.13073006036,203.93709822008,196.05619990973,192.91816012366,185.92719667235
380,"ITA","Italy",626.35751407209,624.4840404121,607.07679707888,602.99724245513,593.2412943076,579.30910179872,561.85085555358,553.43755399449,554.22043939,532.05612351087,505.84907145993,486.4225924459,482.66333135531,490.73968299608,453.74350912464,445.37035427863,420.55219331613,405.82666546813,392.30460600307,375.9108950488,357.98091862566,348.06521839995,339.8105967411,321.44065731771,307.71901709177,309.78421626764,287.52353391797,281.4048028573,263.66164858564,256.00539929783,252.40022879906,242.7593228846,240.81226617703,231.75159993481
388,"JAM","Jamaica",568.36324491826,537.44026353931,532.46861093243,536.49721847539,540.6288069292,525.86470634949,470.58040567103,455.28991611966,466.39976954229,474.25892315259,486.12492090616,485.44332120993,481.33285279853,475.56465117847,454.77032275679,423.76702284372,422.68992030735,420.50010408782,434.91393845619,417.00935798693,437.66816390992,433.52416612993,458.61449947849,484.95557980387,514.22788035425,532.66100569223,542.48451706886,542.76156000418,536.47498790127,525.60975354856,522.89114503058,532.65416037999,513.8000460481,498.30156982816
392,"JPN","Japan",290.47991311798,281.08887104595,275.97634835321,268.82275564585,251.78755912184,243.75254221135,229.60186266044,221.60359502491,215.71804974142,213.72433708138,201.45816154872,195.03795914142,190.2142031064,186.75854208087,180.31008864024,180.14066661613,173.84559733255,168.40860406776,164.80637629254,158.50960982881,156.75289352262,153.66003382715,149.24894397527,143.45435812073,138.228657949,133.22445295046,129.67407991229,128.47037602583,126.35767231537,124.08771729167,121.35040979994,120.39340123588,121.07303680057,124.84569845323
832,"JEY","Jersey",NA,NA,NA,NA,NA,NA,NA,NA,NA,NA,NA,NA,NA,NA,NA,NA,NA,NA,NA,NA,NA,NA,NA,NA,NA,NA,NA,NA,NA,NA,NA,NA,NA,NA
400,"JOR","Jordan",467.87306506715,473.55917762576,481.49390358504,485.35599386747,489.6180860545,491.75899436615,492.36510414888,493.16227913989,492.81982067125,493.63775383126,496.19688112352,498.78846309537,498.94610764577,492.11226479235,491.60263069898,491.46257391178,485.65749969337,464.76100061302,448.30433165589,434.52768342665,418.85798304427,401.63264573556,388.40709169903,380.23325438712,368.30877368447,361.36490727308,350.53108218331,345.73231822046,344.24950629409,339.54321272999,337.7784799453,354.39302729153,331.43177784509,319.30569971122
398,"KAZ","Kazakhstan",1499.84524951999,1620.84115058109,1763.94815968947,1986.62586065494,2200.31360221921,2323.99393569952,2373.13279890697,2322.52378152837,2290.15090372405,2327.05567519808,2317.22880016758,2356.2243876542,2424.07613790763,2479.83037201415,2425.15392490173,2457.88563832563,2477.74724023462,2430.10712747114,2257.48439616495,1945.51236840506,1757.4119443677,1671.81628515568,1559.97545345154,1516.90374779725,1410.77767497018,1250.71225852302,1152.06179563704,1100.03828721336,1092.29232007052,1061.49309488671,1073.58069270299,1067.75547783895,908.09776076142,920.59789313758
404,"KEN","Kenya",281.12485387083,283.10241439279,286.53117240969,291.11450155057,296.66921959267,302.44519139718,310.16661681685,318.88518710899,327.9276366693,336.07405050962,345.96420919285,346.05854473683,348.9934689213,344.62288408122,349.65225224461,349.39977879557,346.80895345168,348.10450861322,351.8250842518,352.25088701568,354.12439244171,357.30464150622,355.60936758221,349.41212603266,344.17871555607,343.26246445804,337.23977880822,325.65919505568,323.00701289292,316.82171638541,347.20456530154,372.3067211809,321.99251447391,325.98982000756
296,"KIR","Kiribati",530.76901780937,541.70120811329,549.77863116531,564.6750028882,580.49023425039,595.7015051219,604.48692595956,616.01023200294,627.85363602669,635.53294671217,643.92308667382,651.17521765317,661.12975404548,668.58707505789,674.89823423499,677.75100141737,680.66431324997,680.0351482848,680.09530206215,678.93015259716,676.2933250442,675.38142215805,674.69875063215,672.58172092017,666.80316795537,662.36292767125,657.70712028172,652.94414085926,673.85873938922,645.99865948897,642.91606744068,667.84368262435,670.19379528551,681.24414007573
689,"XKX","Kosovo",NA,NA,NA,NA,NA,NA,NA,NA,NA,NA,NA,NA,NA,NA,NA,NA,NA,NA,NA,NA,NA,NA,NA,NA,NA,NA,NA,NA,NA,NA,NA,NA,NA,NA
414,"KWT","Kuwait",2410.2838929747,2338.7621035763,2254.03845254022,2254.66086157988,2260.29683337136,2340.65467279411,2290.90334760376,2353.70843381581,2280.7471656908,2175.57067142428,2037.94410151523,2085.18062922996,2110.89000139085,2090.75715952981,1968.0251292095,1887.18406665666,1876.54703567209,1811.97494777111,1778.20271286035,1660.12875210337,1600.40993975625,1552.90115144152,1450.88159928282,1364.87036698885,1292.72540117364,1281.86367205449,1296.49580526057,1292.62004740935,1277.57145630485,1272.12060618704,1162.03813353461,1143.64515081553,1203.36511092704,1146.75994429609
417,"KGZ","Kyrgyzstan",1811.83533044515,1836.8142234175,1925.82014328429,2099.65341283441,2261.56622122347,2302.7891890241,2303.49760299067,2264.20770492167,2241.87328626934,2213.3747976595,2281.26069946079,2333.05426387564,2410.90311333456,2475.00570466268,2494.0293572435,2581.25639412773,2669.50089764328,2694.04991260477,2677.35007618649,2630.57613437064,2626.21952793299,2630.26449168917,2630.69425974785,2542.93026804729,2474.99062212656,2410.29551468521,2332.58074858865,2237.77278071741,2123.61952320179,1978.12880956462,1818.34803833252,1877.19816579094,1787.02732499127,1807.25805214809
418,"LAO","Laos",1173.04940356665,1186.85266624374,1205.58345402449,1229.00490276331,1250.06376286658,1251.82201026941,1262.79999380298,1274.75431150288,1295.99176788817,1306.27566755817,1305.52242382177,1312.40440861033,1318.03087723156,1326.36919692887,1329.81315960612,1334.40012709944,1336.00355000917,1344.46195101298,1340.06422290844,1338.3266798348,1332.12780697262,1319.9699221213,1317.11617171297,1340.38908756473,1335.92885781587,1347.04629402972,1369.14274071141,1353.67848194837,1360.49606078334,1365.59505139312,1364.28428246913,1319.71902072254,1392.11401806836,1408.14113517164
428,"LVA","Latvia",1808.27198471369,1859.47643440087,1977.75530244154,2113.21243347762,2177.71504174729,2120.49835920931,2026.0157913086,1927.56065494965,1890.22568076953,1839.64845477975,1842.10766414477,1837.0236548651,1838.55803784866,1839.48403697053,1869.25386899229,1878.18130914551,1876.88890818735,1864.95744594974,1768.1375862225,1682.70484776838,1601.99622361223,1543.56381736026,1460.99271768792,1376.84746421856,1309.70166428243,1248.66326028836,1184.48367251358,1116.78306618608,1069.62165868434,1013.14448700273,1016.57467477751,1023.62374680483,1023.45568368093,981.31932005942
422,"LBN","Lebanon",440.47405649989,442.4253626495,445.35397197491,444.6823839543,444.60919470711,446.29065104418,443.93377025509,443.04915320519,440.83294299939,436.01839388708,431.2155473665,422.05635831413,411.86676069605,405.00601853347,404.50513123261,409.73968499883,420.58466080474,432.61404584084,441.89009844498,445.49072438513,446.26672171154,466.58128369426,495.56505223404,525.70688698349,535.88579804385,509.52082185529,450.67035999592,421.60722118681,446.69144702994,543.76714011412,638.89213802229,410.39762164912,443.81251042382,447.86638061525
426,"LSO","Lesotho",757.47516413786,758.89211435117,756.93203292289,760.36614358193,765.65051217442,777.97833144425,806.74087617969,840.09463865105,866.43865679241,899.13338164247,935.07846470906,1071.32674812483,1176.36191181351,1123.96441830448,1076.19010392362,966.95671725787,839.33298548704,763.35445659574,744.62271019236,761.8680400535,777.61937971817,794.0388101337,806.23555531815,825.83376822531,867.11233062439,886.57040957071,861.62904775566,822.07351821615,806.00177866733,786.13630901118,758.90824994586,794.61545501104,867.225165601,904.04275851389
430,"LBR","Liberia",890.56953784992,889.37655790261,849.47977567218,829.51634248079,831.43638096908,812.02950161955,875.70144119958,843.4956017431,880.948108628,911.39491407896,941.03291128771,934.70338865951,948.29812040414,939.72595647507,948.28563678679,932.29011421895,957.59822563484,942.30233719262,963.72984799004,993.99244760727,1023.29825401884,1084.8122292151,1133.57782713816,1129.6046643925,1103.03530397337,1188.93877164757,1150.88674165928,1103.75387482798,1107.0134415146,1107.34852646666,1184.29290036037,1267.63127235469,1236.61597965146,1273.02779998914
434,"LBY","Libya",1016.78942340704,1019.36271934571,1018.75159941882,1020.02714456369,1018.71674975297,1020.12366280309,1026.4913098947,1032.46476693799,1052.81343112211,1069.46872282842,1076.11279507697,1090.98015133292,1110.47031401844,1117.77829040931,1129.28970374898,1135.09994409833,1136.5853578211,1127.21077701072,1112.06163128765,1106.45355211793,1083.29417845339,1043.20614112919,1017.16863361222,1027.86195611097,1013.89448299192,1013.17520386236,1005.39603228772,986.82120967366,1005.57200752296,986.65026277792,1019.37201604606,1103.17084798629,1008.66560076461,1008.33222122182
438,"LIE","Liechtenstein",NA,NA,NA,NA,NA,NA,NA,NA,NA,NA,NA,NA,NA,NA,NA,NA,NA,NA,NA,NA,NA,NA,NA,NA,NA,NA,NA,NA,NA,NA,NA,NA,NA,NA
440,"LTU","Lithuania",1867.35947531559,1915.95125689131,1990.92715672399,2087.14100863906,2112.14307054174,2061.74076140361,1989.4426586893,1905.53424007104,1826.50056472811,1787.30413474512,1764.85631299751,1802.03887957421,1822.18600493385,1839.57052871327,1872.92035314872,1923.52120135718,1934.34856736769,1882.99929637056,1809.26764948937,1743.81708445298,1695.57718901316,1645.53139309959,1585.58998551516,1512.50278156601,1465.8254972053,1437.83327946448,1378.20014590651,1305.63866716359,1241.0267260074,1217.33889614473,1208.98969086755,1181.78051369156,1122.83476135355,1070.49229081776
442,"LUX","Luxembourg",637.30595003697,618.63188348252,607.25441666936,598.29062394341,586.63006074543,569.1468201241,571.23141495674,548.00478178228,515.70360678408,486.21173048251,464.24839265959,446.59737928959,437.80277175264,431.92194239953,409.53389631108,390.87585412938,376.75381691784,345.58453453994,325.53876142,297.0160104234,282.33248834743,274.20515307091,261.22718270514,251.74896435848,238.0271870723,227.92736454333,226.39458649819,218.1712838107,206.26353542852,189.74829359878,178.52620783741,164.65573635255,158.17201794419,162.47734979616
446,"MAC","Macao",NA,NA,NA,NA,NA,NA,NA,NA,NA,NA,NA,NA,NA,NA,NA,NA,NA,NA,NA,NA,NA,NA,NA,NA,NA,NA,NA,NA,NA,NA,NA,NA,NA,NA
450,"MDG","Madagascar",561.04514721451,580.76627071764,603.79487487121,610.58541368974,629.38242824512,615.47658245194,616.09039230268,617.18560058493,617.00024163507,628.81334560676,633.90126902936,635.49368558803,634.48160341958,624.56523525324,619.88080290386,614.5411690628,620.34414252645,631.91454460687,648.50723087456,655.76094590459,662.30010242441,666.80999123861,660.59773562614,659.1234108746,649.90421884485,653.21282379925,654.82086423619,643.20350742309,648.23178338187,642.74444578322,628.71024710294,664.48179902658,716.70694073871,718.49328503245
454,"MWI","Malawi",620.21952153319,620.93198482949,624.36451463592,632.05720771958,629.92073131437,642.33134179198,652.09522901037,664.49558300405,674.23731669473,679.69677152061,707.69689579407,716.82667773952,736.73716692049,732.60942604918,749.14588522916,733.43657299146,710.11663148998,683.89797589407,674.21393359578,677.68508485394,691.87459974319,694.50188371833,681.91284082863,660.10072343946,651.82809464679,646.82047408609,638.75871601804,621.79196130543,617.42065934596,615.85190091708,610.71541422353,843.83654648972,674.60509859223,676.70971523251
458,"MYS","Malaysia",761.02931142839,760.38719362417,753.996301932,750.57734782041,756.73595255489,757.53892183962,756.28449829239,751.73086959342,772.28212334053,785.82245007765,786.90006971145,776.61967585404,773.24156934684,760.6216044641,738.32102203478,711.18670100272,682.49427472045,662.45049410857,645.24674788305,625.46410062143,608.07417354275,585.36296908529,563.43076783087,550.14964582909,535.06333981181,530.58603240664,527.02929558564,520.03469731458,517.39236368605,499.88464698733,478.28149733545,487.64000313206,521.70250774064,476.58952329421
462,"MDV","Maldives",988.30362555196,1007.97383166016,1018.9721805521,1018.53848916348,1017.30353846717,1020.65402012036,1015.61991370784,1011.64286294683,997.75127723419,975.83160389076,962.77899580911,957.98385625052,952.62085924937,942.33614951609,947.81207593802,925.38346654262,911.74991084636,896.33126154577,877.27325324918,863.04020168858,850.87093090551,836.83456252683,825.49388565363,817.6895430738,802.59248804734,790.6152502437,791.97070214665,788.18489064724,780.72932081853,769.91777565186,759.81123851246,769.03441210425,796.81783818412,826.39931764484
466,"MLI","Mali",761.62649699758,759.50562841467,757.16353536699,759.36494755057,756.15939573548,761.57533417619,776.08139976687,779.32066571817,796.74723571566,807.70008268676,817.17691740354,805.35519572905,800.14064463584,785.82053975161,780.93513915099,774.43657165691,787.41570092743,798.57772302492,808.76291655695,821.22410067654,825.21779399466,803.42079796974,808.10961898767,753.64795987595,769.68930156713,862.3639041144,843.47598860174,868.02101521917,864.18039851899,837.31024278093,806.27144961577,832.87852682928,896.45432091997,928.20675146348
470,"MLT","Malta",1463.49602269992,1428.4488113756,1378.71470702873,1310.37622413673,1240.78277071739,1204.39190736966,1213.80988444642,1224.66892456938,1182.22904215496,1197.16237681352,1152.22600688133,1083.20902216103,1038.2409594623,1005.42081582234,953.38697757776,965.2712702721,927.6017428101,872.31054825522,821.10750294378,777.50850916012,767.47092622422,807.99286844489,802.66596049576,713.77944328276,659.34866822138,634.80346716371,595.78722454143,586.57111985416,568.61812424647,575.9326736124,550.82185501994,532.48183575341,520.36110216626,495.466671283
584,"MHL","Marshall Islands",1361.57726397184,1380.07931083993,1396.95290514367,1416.01295347991,1449.08055131477,1461.81590316009,1480.30980993616,1500.77521598719,1530.07579702274,1547.83190356859,1595.48312577717,1583.3747140709,1603.33694124748,1627.64979997434,1646.00653161555,1658.83323402607,1671.84396735454,1691.51720688553,1708.1154994485,1718.58130261813,1725.78504767655,1731.82324047735,1737.09365143473,1744.07589167927,1742.5382978274,1735.23765236036,1733.02497450538,1727.0821625223,1718.54800553007,1706.38512988537,1727.8425686101,1845.47419231022,1790.78873192526,1802.49568056982
478,"MRT","Mauritania",774.37996213636,780.29135056759,799.35679783688,826.91946375148,788.51313251147,786.34595487624,808.2248859585,828.68486474927,877.03515549224,868.04649005609,905.63312829707,929.45896948214,953.02959029668,939.19412478947,967.04521317846,968.14959508739,1009.17778335079,969.54696971705,952.16150544525,992.40034626761,975.33650745646,961.34142776155,1020.92360461749,941.26605594957,890.22101388058,944.43975983192,879.75368158234,929.35595828921,899.21364815589,927.41112313759,915.87729326146,959.47312357424,1034.75753137572,1022.22627043578
480,"MUS","Mauritius",1123.93553342898,995.88450210754,966.1091820529,995.80729874512,986.45298533004,978.21954772076,977.64036610396,984.17515974286,969.40763520659,922.07654699436,875.60664112517,859.22976994217,842.06813131149,832.22302286305,829.10272826784,841.92632197497,800.36928826319,774.35994855204,724.29533582813,694.5719072875,661.31903935813,631.5094158441,620.37081367218,615.35698717692,612.07839515756,608.39888067107,597.63561848843,590.91295853173,611.32522456334,594.63450381553,615.93959319735,681.32874300155,693.2203594677,716.5467889869
484,"MEX","Mexico",708.28932989671,717.09382014433,730.6761907299,748.55966935282,761.84574177843,773.75919951949,781.86650225062,784.57005487332,771.21850839982,755.23281616671,729.56648667858,719.0234565811,721.42911078567,719.53721930281,708.56391393071,703.93407449553,698.07249764404,705.97958403387,718.6580318218,711.21619675347,739.65066659534,726.81760045518,716.94622445993,713.53968940484,719.80619483217,732.31029167998,749.40041569961,762.15165159502,768.41571339003,774.40329528041,791.36543658152,816.57424884843,784.64136399943,747.65866433861
583,"FSM","Micronesia",1511.36662826301,1510.98748013752,1501.41880716266,1497.94535204989,1495.73803378857,1491.82347762473,1495.0677153766,1501.50952979527,1513.02708455096,1519.56342440084,1576.03686682194,1520.70144245264,1533.24204997062,1528.6806983238,1525.22135239678,1510.32529209149,1494.83133752683,1482.49885144202,1464.24005742421,1442.23771511039,1415.14337242405,1391.33459085079,1371.81254387675,1358.31326268009,1339.93626993649,1317.5821079057,1291.4907712213,1277.78636933238,1256.06334495935,1237.39513997315,1256.53458068628,1387.66147473347,1244.41522836391,1219.10075454766
498,"MDA","Moldova",2104.68101061566,2227.46998522474,2327.8373491582,2538.40687364092,2759.97653464859,2912.77608696809,2880.7509470171,2738.16053988672,2598.06501004254,2602.52802164733,2579.46658800762,2534.67012668755,2561.34035156497,2581.25461395193,2558.47737290803,2574.53993460739,2534.75606059146,2495.63631357882,2449.47752446091,2443.0765622791,2430.91673896978,2312.9855979815,2216.22549373164,2150.53737582925,2106.94749910537,2058.99552032686,1956.01328275342,1873.90884465011,1794.08696985426,1669.31784934207,1529.30369493026,1457.93545244593,1519.62557221744,1505.73079126977
492,"MCO","Monaco",571.27128278606,572.51038103007,570.69709701836,569.51916616903,565.23481580094,559.67066956879,558.87911640081,558.06971601654,559.40985889846,554.97043015144,545.94257087197,531.66730531465,515.93559909964,502.38456074915,486.31201156545,472.10704939194,448.50436494217,421.43582565854,394.51823658743,372.18982189516,356.68223811857,336.88227616457,316.40401231987,294.88707582439,270.65561683933,250.04574315232,225.28515688482,205.85121628133,190.29536289655,172.80056599072,168.40606850765,153.67616690761,135.71771937152,124.30238164646
496,"MNG","Mongolia",2191.28194796133,2330.15267037444,2429.78300996395,2479.48401308343,2489.71245443512,2587.46989845359,2671.88801423158,2700.14593473477,2681.68363838541,2654.37677475481,2648.73851926534,2650.11219216471,2611.74462812877,2529.20679107558,2452.96537290166,2393.9707115283,2307.52857113331,2206.26801117525,2155.97596093344,2134.25189918371,2125.27353469454,2104.06230829122,2048.51602869017,1945.50147433956,1820.0185621004,1730.49265549711,1630.06090624042,1517.28518600294,1428.23468800124,1330.10639961057,1279.31329512545,1387.13029255889,1369.32084888829,1281.86673505746
499,"MNE","Montenegro",1034.61037442903,1047.53304763609,1053.78472005304,1069.02552447645,1089.76207163029,1104.46049542143,1135.13567515219,1135.72577518023,1144.46118764405,1133.18732015513,1137.7135499102,1141.86181557421,1150.14501946374,1148.94169628693,1157.49522736436,1153.03926943404,1125.68543207151,1106.10099611031,1090.46929236259,1067.18308025696,1050.04521687454,1034.31508088403,1002.8341589147,971.9493383997,950.26809451429,935.78907162544,899.30637160228,868.29807946186,846.36830181765,812.05219454202,805.19231100014,783.48694018075,781.79725634534,777.98465207714
504,"MAR","Morocco",2318.79059789091,2325.78212288648,2322.74764816286,2326.3401761251,2324.50846971451,2310.52171165228,2319.05783146905,2317.78958686166,2333.42736108235,2343.35675286719,2345.76487771851,2325.98277557363,2308.77921953089,2285.69356158805,2258.88274144569,2223.2780778966,2188.68129357279,2156.24788679602,2112.5358760327,2058.76599675119,2014.43652352379,1966.22955093447,1925.51467449283,1899.73528196952,1863.65332835911,1851.69458917707,1819.23556007006,1812.22802914361,1777.65092807185,1760.84483683473,1761.62113743886,1764.96345673194,1760.58784499141,1724.11518367239
508,"MOZ","Mozambique",398.54407832858,399.88516365409,402.93753022106,404.73188285996,407.1016838831,411.28085622191,416.55578257221,423.1025375311,432.5952072503,441.09960609065,451.74149293618,451.94019873329,465.78685427972,471.35983925898,485.22305692235,496.70905343526,499.58642752792,489.50486510135,504.39549973247,502.28779111629,501.77283908663,510.59058096577,523.45538669092,531.04394721224,520.67852251677,521.25409479947,518.91098374901,517.05965823809,521.3392357858,536.27751898743,540.54738416051,570.83417064587,560.68550177014,562.74205036532
104,"MMR","Myanmar",1647.70965990486,1668.0550377123,1677.18818251916,1682.83318276744,1686.51428152596,1696.74735565356,1697.27129136496,1708.38441442917,1725.45790062893,1724.86454314994,1727.10093196925,1725.23778786119,1722.67183214897,1723.99429429959,1732.15315950607,1742.9129387766,1734.62336083549,1727.1751942959,1881.17206990002,1690.22848253732,1671.49220508667,1634.07025949112,1640.37260468075,1662.53774267708,1652.03932956194,1639.78340764001,1654.58900726157,1624.57293926524,1632.97408906269,1636.31188643022,1638.42861152523,1722.3675894702,1606.63619590229,1631.91298526548
516,"NAM","Namibia",693.00693886322,701.50748336666,704.40852530707,699.59698499208,694.10770043355,680.32115977697,672.7798475115,673.76731755033,674.58158258269,681.98785067276,690.74660371711,690.09217627485,703.18922234017,709.98174791733,693.72623107145,680.78234978317,663.14715850833,668.28737988846,674.37537908443,672.97326977577,669.55983911883,674.48930980211,670.49062313312,655.58833585866,637.90837703409,636.15673652926,626.40645476682,607.11699639762,597.96821812663,595.26766919488,582.36815605143,663.134834843,603.27738547278,603.47613383979
520,"NRU","Nauru",932.81399901622,964.94680903676,996.04212472505,1029.82088627727,1062.00689894817,1094.52177733233,1127.68925803756,1162.72770816866,1201.11948090874,1235.63911474534,1270.19005340728,1305.84061710704,1341.19337108599,1381.56584182543,1414.60130887911,1431.90948061734,1441.92896347583,1451.58859031611,1450.87615867122,1450.98254977764,1448.94382246994,1442.14080281319,1432.85904085544,1425.1615859369,1410.09361544176,1397.26267398397,1399.37651916545,1396.44232553203,1384.90197737947,1374.44992072549,1411.45018377655,1551.2635127342,1448.48021607942,1449.61056819582
524,"NPL","Nepal",1124.25424953062,1161.87647909346,1191.67322202987,1200.94822897453,1227.1794338247,1250.1202034703,1276.36875946978,1302.84783697817,1326.69323664461,1346.78638738319,1358.81581352455,1366.45738815825,1367.86864962053,1376.43780901816,1362.04739137031,1334.38325427836,1283.05118843851,1238.88067424746,1188.83654091866,1152.53865219528,1113.16709434204,1125.66726736624,1161.74994741677,1121.92700845523,1111.227024615,1049.74941014209,1038.65543136582,995.89862824542,987.884366971,957.03639145213,902.8521573906,1012.1183326021,1002.97625653668,986.36432542878
528,"NLD","Netherlands",668.79805990331,653.84086040224,640.81669045691,646.11739196436,621.62688920834,613.90952863329,601.96235152324,575.98649289301,560.7982582794,540.93077098083,509.22990987673,479.97076654684,459.85707292018,436.25483785142,398.7737074056,371.88987847242,344.651975344,321.94831518915,301.65345272439,283.14267606413,268.73692190879,253.13738057098,244.78441740539,235.52792171244,222.71281359848,219.29889343777,210.78362475048,202.1403896993,197.21455122211,188.76613730952,182.44128617584,180.70810343577,180.34160178699,177.11339590872
540,"NCL","New Caledonia",NA,NA,NA,NA,NA,NA,NA,NA,NA,NA,NA,NA,NA,NA,NA,NA,NA,NA,NA,NA,NA,NA,NA,NA,NA,NA,NA,NA,NA,NA,NA,NA,NA,NA
554,"NZL","New Zealand",1215.47502503288,1188.38510768169,1187.12660264523,1149.57470137176,1102.22890818376,1065.38984086709,1037.63159547568,986.58878014873,945.26701440015,918.17931931355,877.96865122036,855.56823054344,825.54214252621,789.41521604647,758.0028917141,706.91890566585,676.04852692781,645.29255922738,611.24787708758,587.70566305038,562.49616453143,542.61756090614,518.75966214946,490.74512212432,477.8993736858,462.93511743551,445.46247758754,441.42213702658,432.73118860045,416.76268276096,398.22379926986,399.73501386011,402.38143021791,405.51760100237
558,"NIC","Nicaragua",618.90603585907,612.52305093444,626.28111889115,641.04989955325,647.49413477327,651.14947395563,648.66856121392,640.68850462205,678.52095576393,631.39227616032,639.87778983592,650.3891223106,669.26248747048,686.10106032013,698.27186630525,704.73462930654,709.41084179895,716.43826728287,725.70442495515,737.11298216588,749.86732592727,769.05593176248,778.35306917179,802.43288536071,822.65532344736,840.41061537785,839.98941134338,852.52726641649,874.47725787411,922.054838933,946.89510270796,953.02153778612,851.2637750196,740.66753621912
562,"NER","Niger",806.63651184825,817.74111103758,822.71419063372,836.57097348874,843.2603111917,855.69943982512,869.54918658284,889.00651350625,916.3288813668,928.19429748464,967.36103933845,963.6613098563,995.88418104718,987.70592040939,980.20680259073,953.89504807686,960.83196562276,939.51923346977,941.80936928765,932.13308750371,923.29004631629,932.51406047547,925.14365554911,884.69464434401,868.48199157963,1039.00681346301,1032.2849225427,982.54459439109,990.20783697795,937.67931443972,980.87696465374,909.61739074444,967.87438018843,1064.45623335351
566,"NGA","Nigeria",685.88255767353,698.33615805263,682.33735137601,682.19971195774,681.84030671858,683.61142919351,702.92963167667,722.04570540332,750.88418145773,775.70508456397,809.3621777969,815.04495134614,826.21022322594,812.04660037612,809.4165691646,806.15750845436,803.71147177729,788.42866798966,796.06665690819,809.40580611216,831.77982926367,859.867514222,892.99230263994,876.13255470676,879.215073943,991.43212930587,926.66548292157,908.89751643445,863.18983826046,824.59287686156,830.09354511389,807.03166156253,850.33416761296,867.23089622944
570,"NIU","Niue",688.16560810566,698.912060761,707.25148108401,718.45697736026,727.11281512378,732.32128016949,739.86110674617,749.03914583749,757.69144205836,765.76064345392,769.5144774448,773.16440564725,775.2666954103,777.55660633818,774.30623557754,770.27459136829,764.74979616,756.10528716998,747.13900618165,740.14958917818,729.92050341793,721.42210579999,717.48746135968,713.38098848002,709.2217643354,701.50038507084,692.70195008132,686.06606190727,680.52147766374,678.10427375737,625.21380713105,661.33655375574,696.708512436,688.40769660479
408,"PRK","North Korea",919.68048547906,941.6632145168,962.28139746199,980.31734837733,997.14519803781,1014.51636703845,1034.20865395495,1054.00011190102,1074.93981697662,1096.74590193809,1115.91012097335,1134.29918888929,1150.23594895006,1169.42451098176,1188.39115524572,1201.09746053807,1203.12336807761,1201.36447624571,1196.112070271,1191.29298227917,1193.76706622129,1213.58945088858,1216.38287368217,1257.57196568373,1253.44605319941,1249.46657410541,1233.53252489746,1238.93972743056,1220.81816697155,1206.32725752216,1195.14777010224,1211.23882061233,1251.61504981171,1285.59279188038
807,"MKD","North Macedonia",1225.0711165719,1238.56958425583,1259.7591389205,1283.48999672637,1300.64671659341,1327.85497064344,1338.01422724737,1341.31970263832,1333.45338608997,1332.36941152747,1327.50915948566,1313.31678981287,1296.50629390815,1267.12675821149,1242.68594758713,1236.21796598783,1221.24999603197,1196.46545468625,1164.93539368179,1129.55855000313,1105.03058634303,1098.17555504527,1059.20271196804,1025.26579348647,1001.27612632706,979.57014280839,946.4990536415,929.76388213953,910.61337158737,891.13228811776,844.02402623661,815.31578235764,822.97288945133,804.5138787527
578,"NOR","Norway",633.9123065947,619.06247431694,608.06208020942,589.29492261566,570.34834418888,561.42012148816,537.33230754027,519.77573564399,511.99472626796,494.04199212779,462.74259823844,447.90051344094,432.4084022308,405.12217329993,377.09841332461,352.43454213319,334.8621400374,323.47370239524,309.95255987861,292.95019127699,279.26056321049,265.78346843097,255.59695516765,240.30608055275,224.33945389205,213.64763956142,200.72679393528,187.41803058681,176.43827269445,165.33067468817,159.35850075054,161.43289695377,157.74151495407,158.50135338759
512,"OMN","Oman",1437.27623206625,1377.1506524581,1365.38010714822,1344.48529540265,1328.03336466543,1309.75139176805,1299.13496086972,1295.85087511697,1294.91774137627,1277.21516556632,1270.50259396198,1241.55183738015,1242.56844176447,1226.3687047372,1217.23121437324,1220.91159505375,1233.2331995061,1226.96693774976,1167.19701642494,1103.06409476584,1077.50496339464,1068.89522042675,1046.99180597,988.72378778816,944.45405843562,945.36146536885,901.6210826155,882.94399421707,832.16004608141,758.70280002294,745.03737480829,766.58698866311,681.00927476915,642.70827137527
586,"PAK","Pakistan",1381.65802584668,1384.19283138032,1381.82484535112,1387.11265973651,1376.42620375397,1374.96595139003,1377.82449148511,1383.38629100078,1401.47437044231,1414.0749808883,1434.06739596233,1442.89257762841,1456.84471407614,1472.74021151782,1488.74147852268,1538.42106562082,1491.30471387812,1483.56302792411,1456.72427241403,1433.18267127898,1413.73019431734,1452.20937310523,1514.06525018678,1532.88439648739,1551.69170581712,1516.84388668359,1504.2814800761,1449.99383746497,1431.07973911043,1369.76869450638,1358.09559225716,1471.11455932925,1419.36943376284,1515.94689806308
585,"PLW","Palau",718.3518466915,726.71826633535,734.02713697971,742.57894731752,764.44324538848,776.76999044385,790.19342862478,800.44341476737,815.01225223325,824.007712409,831.99235867834,835.95609041994,837.88202622365,838.82204509424,833.07323438196,814.0967737135,807.13085426492,797.32162882199,785.80400721094,777.88854226533,770.93116856327,767.3590653649,763.06371930848,761.79730129218,759.45779546779,753.88627520658,737.96979165345,725.67776547866,718.26120905345,674.48057699153,686.95418185627,738.43250391048,698.0632478507,685.0999013169
591,"PAN","Panama",898.52247132072,898.06792650364,892.59203866317,862.44362670574,849.86957825516,842.06492395254,846.89204370642,824.56824266453,730.59909127452,684.09997464404,680.02854135868,670.42715866634,661.13143130805,665.54054850029,678.60855718965,683.08800361782,674.34626584083,673.16886537821,655.04040374315,676.70339149092,675.97246816738,664.23048656061,635.20011929842,632.78822037677,611.47712970225,593.11267304244,590.99367290833,590.34635566222,598.31868211982,606.94610802754,629.88789142635,648.13468081285,640.83175979563,633.82306758285
598,"PNG","Papua New Guinea",888.00572801039,907.79893207917,920.96368501434,935.46664648161,950.17305274444,962.25626497905,988.27457958218,998.05680041859,1005.13447244466,1033.93384346833,1050.34349933999,1050.83337005298,1061.8528446124,1067.98277302294,1069.69642920941,1072.30462802086,1076.12271200383,1108.07827661534,1110.69811495747,1105.96078502843,1145.06775515187,1159.2132101427,1156.44062807247,1123.60892405091,1130.04592245994,1156.51340246099,1119.74846846646,1114.14040021304,1104.61403242874,1118.18944425236,1073.59477978949,1021.88811379525,1092.00643193519,1105.71385025777
600,"PRY","Paraguay",685.00514228483,687.57943236411,692.19454444504,701.11286097816,709.98940952846,708.0554804918,698.22587936392,683.41258707556,673.22772521924,655.96129337277,639.2035356319,626.12784088084,621.00798040274,621.58458725053,635.7538180445,648.92099831898,656.03278728911,667.75321396721,669.0682826275,673.98994240057,681.45136902478,681.23179110205,676.99221663482,666.2453007855,665.92984868938,666.68346813289,674.30649284118,680.74298294545,686.88211934724,692.97065313589,691.61249717708,703.28231603021,634.44418462298,636.95840546858
604,"PER","Peru",610.63567624448,635.51802587735,642.83135710099,657.36250733446,664.97769765,667.51658712952,668.80787267222,623.97296587303,585.76070091739,540.28548192148,505.31738393398,481.7143672066,470.72786926365,480.62968532029,485.52770538998,473.676166491,450.7740820003,435.86733754231,426.2169070135,415.64342796808,405.40656696719,393.32137842243,383.31372109347,367.95829981529,355.0184011538,342.3987724333,349.21854816578,370.71971060935,387.09306742324,393.5063563816,402.41794924966,457.79441769918,418.60629410028,417.93250800452
608,"PHL","Philippines",1106.46900599582,1110.52592723408,1132.03145287945,1162.88249523076,1191.901149897,1211.08641342962,1233.47346923005,1240.53573636608,1245.58211771055,1242.29021920067,1249.40720396949,1265.97341700548,1274.66507551672,1248.8941187055,1236.13317175967,1245.29365756791,1230.84221318064,1207.95010710025,1209.97769442596,1218.44599527182,1207.49603831404,1193.84273765564,1213.89877806779,1228.24564530999,1225.40959924732,1247.5753194105,1269.38810698696,1267.89530136743,1286.42782086119,1298.2231551706,1244.33653179678,1436.22140413133,1338.41782440656,1230.46793480907
616,"POL","Poland",1490.5187952069,1538.226585528,1508.59652669384,1471.69921611741,1428.22017961565,1408.59904723005,1393.94829414831,1365.38252655665,1315.27388542422,1284.4804904605,1199.31083840286,1143.61735023375,1092.6795775787,1076.70418010516,1040.86555703148,1012.3880554646,993.79658898462,976.30937889149,957.07225001789,933.06012705212,886.63565971114,843.06603261168,830.14205410018,797.63515490496,755.64569530543,745.74556420004,717.04319701934,708.37499074429,698.06216884961,678.47011945379,666.55771576905,622.63449859235,635.27566726155,601.87779112272
620,"PRT","Portugal",1092.39644135229,1096.49053324315,1066.44033559484,1070.51168747774,1005.38578475238,982.21432847074,986.54922148256,949.14550164804,936.57357605733,911.17610140036,864.33296799574,838.56569473702,822.49978217162,794.66235294934,727.05310935346,678.75282504653,634.05498397556,599.58065563251,566.82846167512,534.30234673965,510.08921110468,478.26210631816,466.20783459355,454.49140751582,454.28972927211,448.06857171129,442.34887543261,431.73797163237,423.70514178631,413.13047605385,405.93117261849,383.21402864867,391.64479310571,381.26646447158
634,"QAT","Qatar",880.57864605896,898.78153932705,921.45645083978,933.01760865674,952.30179878276,968.31411586268,962.71676614862,947.60949946564,946.10514281113,935.41819275566,918.05820520398,904.30690814549,891.26502799485,877.42803150649,856.90609716576,842.70316304576,812.5561106249,756.19636397877,694.19384806036,627.44169609712,559.87804124108,505.64315614871,462.12867694754,404.78454220943,358.46374358125,360.97048654517,324.80092691004,315.572954015,321.98842161,310.28799871789,296.82936204965,291.94394205724,282.40369176081,356.15974096612
178,"COG","Republic of Congo",703.85644735578,701.35491771182,711.65809323641,717.02631887378,767.72054653547,765.26582556901,770.67578003395,812.57759776273,776.08601776927,802.53194657663,815.18281747574,789.80319433055,807.34299565075,832.49320714232,841.60553350622,866.30832006816,882.26392775341,899.68410223154,920.77701968557,937.81231743282,939.0598004685,930.50557027661,934.54249272614,930.25959414674,928.73216401736,946.61262310436,941.15139320706,936.42207975695,927.65183683325,946.73736013738,955.60222097618,962.76906646495,1031.6698306096,1051.25576227137
642,"ROU","Romania",1028.30082604842,1094.06656434684,1155.80811081792,1178.88626535433,1188.40186244219,1234.82284706708,1286.13693184815,1272.80048774518,1232.96747560748,1185.95744857943,1141.65163058326,1136.95252142228,1148.10984180551,1127.29211533786,1084.15985021152,1067.813101504,1036.93835229309,997.92723505988,967.52678046346,948.64038772216,925.36603149493,882.75756180548,852.84494787476,822.48555150664,810.91118678644,810.88750462355,786.00218545086,774.99758605592,762.7296047079,746.07184506638,722.33791649024,710.39328542727,710.61654616727,662.38271805585
643,"RUS","Russia",1652.63128378207,1687.07404063116,1813.3979847946,2150.85428896499,2357.17240911659,2241.27124850663,2131.43248907362,2069.31171433526,2069.03446150061,2233.65491807802,2339.7374428556,2409.14416000041,2523.90037729498,2574.88586464479,2517.62330696462,2481.53380930722,2336.45452964709,2228.8070529917,2196.82956074594,2123.28816794175,2096.75740584887,1983.3587005733,1898.94604383494,1794.47801193108,1704.5328880127,1658.50647144785,1590.21944279315,1499.92456069754,1454.09682581377,1398.10244157841,1405.23659039915,1365.44984337779,1252.10440893578,1284.11358367162
646,"RWA","Rwanda",596.15048263127,608.65284294836,622.17895544607,630.42475526576,738.80684456632,628.6331184329,622.36925285707,616.17145249874,611.97698302809,613.47905282411,614.51144362985,608.64586370334,617.39635347391,623.71593255085,643.43949867231,652.46840762156,665.25325387863,662.20754970714,654.15185074032,647.7510722433,637.7699099994,637.04866414062,636.64439239993,641.91952203171,643.05507211454,637.61964507352,629.14182946655,623.7922071264,621.98193456845,625.4732703015,624.56178999042,647.84476854195,676.64494301923,690.4697528746
652,"BLM","Saint Barthelemy",NA,NA,NA,NA,NA,NA,NA,NA,NA,NA,NA,NA,NA,NA,NA,NA,NA,NA,NA,NA,NA,NA,NA,NA,NA,NA,NA,NA,NA,NA,NA,NA,NA,NA
659,"KNA","Saint Kitts and Nevis",1208.10194770387,1160.77434867859,1138.58115699519,1109.24051943923,1086.9284659998,1106.44526132328,1086.03982015419,1041.99455882751,1009.47437921428,988.09298939797,978.25091197542,947.69299589948,928.4989920123,872.39537418863,824.89017282346,798.72370039829,750.14416754349,697.26015324555,673.1709154164,649.03845511456,638.1676951062,641.37274513891,609.39804326244,586.82812287426,585.87022806434,577.8454799924,563.93505250438,550.1504520363,535.97618175623,524.42574230571,531.12064550975,536.45920399454,515.72250007481,512.60268614735
662,"LCA","Saint Lucia",865.80471764435,829.63832181878,797.44205066951,796.54518152459,787.75788526135,772.74495785831,731.65674715923,698.21123171212,662.88002529472,647.65267920872,583.6461888647,561.73603811703,553.51662133557,554.37879162749,549.0097945134,577.75096482475,532.79837056075,512.45811795882,490.14158325102,483.74629034713,487.12519869865,459.34781341019,449.80943104116,457.04743879255,431.67913326047,418.655311519,412.81509879952,398.79274657134,387.28532901595,368.75927028738,358.73022569794,367.42874384646,356.63795923935,361.13723184877
882,"WSM","Samoa",620.09394078032,630.3756774212,640.7997975942,651.17011812617,661.34661232115,672.08736905212,685.3778139918,700.80577087533,717.86078168793,732.56714811574,745.54716629693,757.65157827603,769.20028929288,782.46300415109,793.56330554652,801.68743568469,807.34260830104,809.34782689538,807.84780234877,809.49229841013,804.43102938432,804.23911007687,802.68916209262,803.14834906375,802.16112690195,798.69113235406,794.73615137108,789.8107190237,789.51556545162,809.12761739604,789.53241286491,833.42638332138,819.74836951409,845.22483784211
674,"SMR","San Marino",388.92478146446,377.04636570712,364.47172464059,351.80100435687,340.74429320375,331.85928616714,322.80821334637,314.94170491313,307.88432375587,296.47012479767,285.37056707058,274.93021322666,263.49163117297,250.73599824939,235.2169164601,222.55195654345,209.07471189895,195.50637299206,182.54724474582,169.69312989639,160.61279355843,152.38912360147,145.01448048858,138.31282714583,132.24061330974,128.88818651483,124.90829031879,119.55584052982,115.58379215894,113.07171160398,108.69618036544,102.73966268473,104.5060751972,112.03747437141
678,"STP","Sao Tome and Principe",476.31438823576,478.74879568816,491.73315210411,504.00286113834,515.94870567503,507.83579145255,525.51240679052,546.98790424177,573.18948668038,600.90300887671,586.40557201674,605.99202622669,623.69137446333,639.23466215481,662.79515266896,711.48616620946,741.88303778046,753.84643934708,747.41317165933,739.66054690547,760.84575243297,754.59239438807,730.89260847161,742.6060611031,752.9086877047,771.60057854182,758.20218433623,728.09581156431,709.50700075341,708.81020790392,796.62576399068,759.61135537897,725.5197516967,720.47554813123
682,"SAU","Saudi Arabia",1138.61326038023,1113.48754277227,1088.04175640335,1063.78752069466,1036.77025232843,1010.85512096263,988.25875957017,969.85380368998,962.19590303443,959.21758607959,974.99301678231,994.06581349325,1032.46586716178,1078.13874739875,1138.9271755392,1200.18545900257,1261.84358156144,1298.43776499354,1332.14336090172,1356.13354334922,1364.59504489093,1337.71573814217,1308.5404627559,1247.405423034,1163.33705095469,1195.37676730428,1119.94119040668,1114.46997804537,1106.33320760013,1099.97741017433,1137.01211757866,1137.91346167244,1095.80314183712,1044.62905370934
686,"SEN","Senegal",504.95136514061,516.42966355323,520.90316165972,521.65896899739,521.07627349493,508.33294325746,517.56401258374,504.05460436683,506.11684841734,506.49935744045,492.91092830781,620.62182165262,620.98849421599,560.70485742512,569.14153730157,564.26876648963,556.26183546923,565.63360930139,582.31079463138,605.34228246406,572.45871880334,582.80661902192,592.13494887622,545.17629178496,570.41370991701,584.81809314856,580.281552247,588.84395972955,546.8090660632,577.29610127957,557.9553812458,547.41264554985,608.94863086121,601.72247592874
688,"SRB","Serbia",1300.08178709417,1322.1903350878,1345.00661415882,1375.21831891921,1396.01668728896,1417.74040340713,1440.45768285761,1454.79197595916,1456.8195889077,1439.66865017046,1423.01398200721,1407.17317618375,1383.30553239842,1352.78577479007,1324.80913871915,1294.76931926828,1253.73684918413,1206.85025252333,1170.80386548476,1126.68083802108,1084.11321943716,1050.46762653508,1002.26517111367,965.26201741731,936.36684311104,915.66505813897,883.88897386685,862.9061667146,844.2106581381,819.44832105957,807.87001899241,804.49240413404,788.89478506062,780.8999628919
690,"SYC","Seychelles",636.48092097591,651.84260223669,660.09792316775,662.42901540365,654.02830170388,647.04621538195,638.63509311075,629.36147224509,619.77170341823,610.39075090083,605.37701859079,603.68806562778,603.99638608534,605.55748026776,605.38105393804,603.12425937923,588.33237553043,578.22351548947,565.1772203104,557.01665974352,546.41826458738,540.94301189314,530.05686742342,514.44470825204,496.99091975246,480.8867477912,473.43302243898,454.97368053323,433.21683195072,416.22427133698,391.68462668686,407.75432732195,384.49294087275,420.1594182811
694,"SLE","Sierra Leone",842.69597063704,828.50606705945,829.57594211375,822.96962151018,828.36015909371,821.13005098736,803.80685006595,778.37527374889,784.89247264741,783.63493054714,797.73371866799,782.74723877692,790.72868361352,799.41692073623,803.27712661452,819.54719830799,851.14740968614,852.57370187747,850.64789066838,862.63112892687,891.67638276699,938.82568068465,982.91970385354,967.60306885744,982.36621948471,1073.19676580716,1041.4317234754,1038.70422000856,1039.1767127536,1018.89268610287,1043.19080715766,1007.30108334406,1057.39196156512,1095.86846440424
702,"SGP","Singapore",964.92829319377,917.32243239967,906.42987669135,897.16744906481,890.90541257196,871.63451434308,881.31176630137,862.70423610952,828.93973909128,807.52322994743,765.09603143061,746.22268662866,691.97946730981,670.84445178306,631.46323279747,598.05057654933,585.20928424274,579.52565369656,554.10609044946,514.1687309663,480.38513300303,441.93272052126,418.91229339225,395.65234504769,387.90965075403,380.46282392897,371.84895958556,369.39585170915,358.04315818982,356.46378947188,355.37526805336,352.87943152601,348.10326348258,347.61703019535
534,"SXM","Sint Maarten",NA,NA,NA,NA,NA,NA,NA,NA,NA,NA,NA,NA,NA,NA,NA,NA,NA,NA,NA,NA,NA,NA,NA,NA,NA,NA,NA,NA,NA,NA,NA,NA,NA,NA
703,"SVK","Slovakia",1266.03473176242,1263.58895087868,1248.15029907949,1235.20289609856,1227.74043822624,1227.14732303973,1227.50854968113,1229.96984124485,1230.44438381187,1225.55437748543,1207.78219164427,1191.61010147952,1171.47474120121,1163.15880642142,1159.50136444369,1153.67985546641,1134.4847349673,1103.60571115746,1062.87553536362,1024.56308882854,984.88667443971,932.14638092898,876.56351422704,837.19192197248,798.93422782542,778.95999749794,753.27416369681,734.36018505598,709.96061815657,682.45626525128,674.0160218207,670.00365938013,655.48316019033,629.76840054918
705,"SVN","Slovenia",504.56045310498,516.99774185345,546.04259334856,550.15641201909,539.1031219138,510.64199244314,497.22163291825,492.86852297314,487.41799384272,463.25947295717,442.15581670185,427.88900872549,406.02724533308,400.01415803438,386.68592702045,371.62617460832,347.73201180604,331.24685184668,321.0705004191,307.81704817743,296.73152307622,284.62538970314,273.31079633684,263.72608187688,256.91038334968,251.8156630844,240.62811421851,235.0909647505,227.66425893007,215.71825392165,209.87290596904,201.32775307403,199.31316570923,190.72483205411
90,"SLB","Solomon Islands",1534.25624732208,1589.73544682625,1574.40051118443,1594.30295175042,1611.99395104902,1587.82311838025,1594.73158086244,1619.73685392709,1615.53242140691,1584.74012775502,1606.0178613451,1576.01953761767,1565.08037058587,1560.95365034025,1540.76462741789,1564.17658510356,1598.85875492517,1571.46917219952,1548.06101137297,1650.73798006836,1650.32382270012,1824.44536748617,1910.02721655226,1974.18180234864,2063.07351422313,2055.76806482673,1994.02758931174,1988.30144622879,1986.55147322572,2038.86247920251,2085.69368290644,2111.91693099996,2211.82281521929,2224.48310092966
706,"SOM","Somalia",291.46573992126,293.4121334189,301.21716978096,298.62141743734,305.10618751485,300.72349227783,304.44546161155,312.23772803898,321.80382155031,329.60589998648,342.50111871908,345.01264202925,349.71127608055,350.36593247313,357.535192663,364.71072176972,366.69972484257,371.6637403059,371.42022879894,374.04554543996,373.09444484613,379.77623201327,379.08888995749,376.07077434322,375.1900874673,376.62681302651,381.97212863076,386.3864957915,388.0267519314,385.50309785207,390.85192505459,475.18338843485,409.43690961354,420.66523637206
710,"ZAF","South Africa",581.82430956807,588.11742180905,593.77208032797,632.72050539803,663.6744855054,675.75508921158,727.99673349673,724.67368402701,742.93996315471,729.37421069095,709.73468260486,703.43115376003,695.86383887899,690.42211238181,659.72405192725,659.64299742735,678.96570585534,689.93262614123,701.37157111185,729.56497288976,742.57677426456,753.42715423024,742.14200936864,737.34755445608,744.9064252419,742.88908299878,726.08235830683,699.18591973502,678.58239709166,630.29819156964,592.54230067774,600.78468748423,595.28073783437,607.76844671992
410,"KOR","South Korea",492.4110940953,490.62041111022,472.33299948094,462.22359577715,463.60626592643,447.3286348736,432.59171159988,434.20018654046,426.72325708874,417.98534336426,402.98727412045,387.25042803586,378.88381497439,365.14153856098,351.2374820978,334.75947520988,318.32369039323,299.49692006176,281.39933349871,264.74277160505,255.59036766927,245.74152020468,237.12644489194,224.84722331897,212.94186266935,204.05581068226,195.28628231221,186.57922499158,181.64217325183,172.26833119442,169.10631214242,163.63601723306,168.37727970448,158.56895176865
728,"SSD","South Sudan",473.04501804273,473.75132774341,485.68745445022,493.6673784285,501.91955305953,518.73931278473,521.34242317304,508.07164540096,524.77706653076,531.42475537269,545.07422289975,533.65089339291,536.99752753029,553.37727661619,567.28865929529,570.92471176887,596.46701949386,597.5609413879,593.36545349473,595.16544079828,592.98475556437,596.67864095249,601.11697181198,603.76387399762,594.36292478941,619.9201601291,617.60578834396,615.93773100165,614.51989464937,609.30643386809,612.71400460564,593.09877680817,669.67417005904,689.14119940299
724,"ESP","Spain",560.3210807385,560.36140301496,547.47705932023,546.47399082842,531.66646194868,526.75846699488,524.69595283653,508.54744728322,508.31873493091,508.39466056787,482.22067236186,463.94709428441,456.73398448755,451.42731341018,428.60432429704,421.43574178831,395.47681754629,383.29094205668,362.56885846051,341.59705444078,323.8354698936,309.55835481293,302.15920488407,287.15230569543,276.91554174036,277.24220322593,264.18105257796,256.87515812344,251.37720522486,239.43400119955,236.21493704643,226.60900034061,231.91226441174,223.55936968302
144,"LKA","Sri Lanka",919.22403499292,891.06550697205,875.00298182846,884.31146510977,903.43492641419,916.24616980687,967.38800386088,959.71979270091,968.44521320556,959.13542409135,939.50073168103,937.46854903489,924.91397010827,910.12210578135,1004.4721738532,918.87602912237,917.57240221848,918.3907682631,898.57333143559,893.26892300042,873.24733212373,839.01423815768,823.39703932226,815.82135754732,803.35431349605,782.43993986859,769.10479310584,762.83548441288,757.52756337095,718.71382196912,699.48494556738,677.82579485364,774.06163260143,803.60361945602
670,"VCT","St. Vincent and the Grenadines",1055.07476012581,1073.2952201459,1102.23796900752,1139.3712131312,1157.59310730548,1149.2628436473,1103.52342539546,1133.72207617126,1100.56718530328,1048.54818372343,998.01312599782,961.27678636786,946.39725579659,924.90298878902,897.52518637384,913.40605765618,904.31022782219,918.4986335364,934.44331218224,885.5851926875,859.16960110022,856.71366550995,845.68714557935,831.76044752129,810.29712913954,763.42629122636,765.26289884459,743.79554915047,733.82101726465,716.29388252848,731.09113990555,728.60597935574,726.66318068426,724.18387778027
275,"PSE","State of Palestine",1192.20001320791,1204.51328946168,1222.59412872868,1235.88408640851,1248.79673552697,1261.01598952438,1268.04922352312,1270.5431516231,1268.89469207787,1261.91149832154,1257.73605498074,1249.92680714554,1247.53735019026,1243.82410144726,1233.9401193936,1222.53391522938,1211.9330536901,1196.2321847222,1176.6782904306,1152.57322314887,1122.22488118533,1076.31606278808,1025.80795872416,990.72930164144,947.29606124863,932.01920969258,898.98409079106,885.21755108086,871.06082619144,847.91361709845,786.23823649214,796.54356221411,794.41233189711,809.33533939617
729,"SDN","Sudan",3732.94859471615,3697.11810210301,3668.10036825615,3670.21381366452,3603.3200043079,3581.73857291409,3564.24240904197,3557.94101905476,3594.15340732978,3541.66654713059,3532.25945308491,3492.2466676239,3482.77496276879,3407.32500530685,3370.95168911008,3286.68032974571,3238.70601433096,3171.22753486413,3129.77949656285,3113.01732171271,3055.84952523386,3016.06284617434,2969.84384488865,2900.29198612474,2768.87726691371,2827.10523949839,2753.93326350039,2728.16309310318,2674.22210857894,2587.67956788094,2580.95072082543,2584.80062505763,2576.4036660712,2547.02902553239
740,"SUR","Suriname",938.21343417524,942.73598680166,946.91352704241,922.86653468208,927.72442330429,950.76082693529,948.44371928192,943.13695274057,932.68516540383,924.14843019588,887.28781136124,874.20687575981,875.02671375566,860.58136296421,848.58459722107,838.26667705436,825.21106008071,808.42395803054,791.55219586301,780.00460363649,768.54153584226,753.41265212402,757.20236807928,741.39973634653,738.39776073079,734.05596645485,730.84702796881,728.37058489712,726.23881390071,715.88683030618,694.42485808155,746.20669191954,661.15011021907,630.88376144235
752,"SWE","Sweden",672.56277763837,662.3635870588,646.62607223459,635.17164682946,606.37007688938,597.52093908997,582.13007168309,567.86066423347,557.82181920805,542.8820412215,517.39889561913,499.41684686219,484.50709915744,461.55241346854,434.88613221948,418.90484178113,403.94376225182,387.72598449275,371.1723473152,353.54610628175,340.5693230851,324.01637676348,311.35931631347,294.75875449294,280.2586625965,270.38279032576,259.66980987411,248.75213656622,238.00039915287,224.02389418221,218.82724828753,207.67346234473,204.37550492427,203.40176997093
756,"CHE","Switzerland",833.85361624294,825.55354669628,805.51047619702,784.71620742253,759.53471703923,727.86041558745,697.72405420303,681.80938742909,668.55263654714,646.71800981533,611.56171897629,583.31229435786,564.99657180691,546.25427058783,512.88856669882,497.77585853018,476.53218126499,454.0475418891,435.43139529555,419.30249977055,401.84713142172,378.45218115724,368.92015940624,352.45189135537,337.0870994086,325.76617264177,310.72915992575,301.28852377311,290.98275940536,283.33428572026,278.09175288932,263.74088649179,272.91116840918,252.44634532852
760,"SYR","Syria",2397.62214726271,2446.67803624394,2501.52851093427,2527.64930957372,2544.15183872777,2558.20561790546,2564.30663553269,2554.75587639337,2509.88793058144,2477.95245935861,2516.59405072597,2526.43481449105,2522.05078863587,2531.97320275425,2510.57066182575,2466.0260949773,2422.70746502454,2392.59230288988,2335.95083832814,2276.45473788058,2215.99200241153,2161.33288353511,2120.48207719336,2095.83794379079,2067.11128060357,2055.8176827372,2017.71577982343,1986.61090858933,1952.67242647744,1926.03289982935,1860.35888594948,1816.24006915605,1876.87707821894,1855.46630099971
158,"TWN","Taiwan",573.80038297077,569.2083281532,568.88373506394,546.80076888575,521.59015699556,504.78707971698,490.00708075757,467.41624344134,446.86681011585,430.28340173405,411.4044602299,404.14424132434,393.92400000731,392.43043827994,394.95412528526,382.36024947561,363.96084674323,355.89213169973,349.70470955387,337.84291215043,332.29882319981,331.56726871875,328.45263839394,325.94141157713,328.41849259471,324.41551418982,322.85421621189,311.72379934835,297.37819626718,283.62416845478,270.45114508243,269.38973891249,265.07742264169,259.64827824093
762,"TJK","Tajikistan",1842.83218707261,1943.97867223818,2079.07263575322,2264.22536356009,2322.32985293919,2254.76873281748,2134.87484558592,2026.34571496638,1991.67387862751,1987.67321771572,2029.6957508809,2106.28694310243,2177.3229022872,2243.84530886229,2263.45672584318,2249.72916738043,2193.71042348226,2137.74691662011,2094.08166981949,2082.76416377979,2088.07009210906,2136.03199945932,2086.01823445805,2043.00310372528,2051.47791858846,2114.60101926289,2173.05372435111,2128.83682455556,2055.82061601688,2073.62111102838,1961.8015807589,2104.92967830464,2375.99096659129,2382.95834393931
834,"TZA","Tanzania",362.86179491776,375.00711654149,391.28122386917,400.23104499075,412.11991878286,422.68894963817,432.91690934369,445.93778695605,454.29893324319,454.3831594081,459.34719383987,461.28776421111,471.53214457675,477.05440807173,483.98955042334,483.58863694713,486.13798127705,490.59321837101,490.90280426923,483.90209484649,490.23078576341,502.9232563451,513.88332005408,512.54814387921,504.23574752175,499.71080630914,492.27678235106,473.81393749819,462.79986311134,447.68187520084,460.47125398828,495.58328073888,423.69009213077,435.61627629815
764,"THA","Thailand",561.25921667373,573.94902925757,591.22381707857,600.66744347956,617.40932051669,625.76555650873,585.79062770748,525.54276420941,537.40140390645,593.17563764359,611.53571245391,613.93029887899,605.81367436073,595.6556184983,587.71844256749,571.20164733824,537.26517383283,511.11540019651,482.32458571359,453.13402355176,438.15560245193,412.22581608108,396.89239209721,391.50930316901,375.30271692803,366.64570786624,364.01638735817,336.77199141045,325.36840657139,328.51076682021,325.21024040231,327.72859775094,342.87736912819,326.77431183931
626,"TLS","Timor-Leste",1012.02371517051,1017.09937301478,1024.69873256912,1034.30350951311,1038.87280046984,1041.49203564671,1049.40061717107,1052.40246550846,1057.57007308729,1053.81126478873,1063.48689814115,1059.9444747028,1042.04238032169,1052.85439296045,1014.55588573758,1017.66131735804,1009.44122909552,1004.23451525825,981.05424428697,1000.10832753782,1004.85220925833,1060.47619990684,1097.31011299974,1100.26665498484,1099.67842664036,1106.92090793041,1117.37199546802,1126.67221576906,1144.6755787229,1154.07621252298,1178.05631974667,1145.36224390178,1136.22490802789,1152.69452656188
768,"TGO","Togo",942.55259874083,933.16807522217,926.72965457767,919.73794770767,917.2284610408,920.82061390798,929.54460893822,940.51059895474,969.26282332056,983.70280336873,1014.18166361592,994.80348394031,965.18276472746,909.1400572474,876.61062497735,860.06468279369,871.52802702517,852.0556847212,881.23009253185,905.59591804854,918.31496154958,919.16366967627,920.70158172593,862.32470318079,847.41673008677,970.77225351955,956.07317962683,980.5952173484,969.89514136156,947.51573317358,947.50672938814,950.79579874671,1027.57277196781,1049.9930465575
776,"TON","Tonga",933.2723161421,943.70702353647,953.33060956072,962.10738825767,968.94248217301,975.36676642214,985.25220944575,998.1217400296,1005.07803844196,1011.46192327181,1016.21072939762,1019.36780799,1022.08633741419,1026.28572512273,1033.67059541316,1040.3128431508,1044.99797316911,1047.49646020717,1047.03191326892,1107.04424073562,1046.26047538296,1038.35556126237,1033.93517689076,1029.33016101419,1022.32340683951,1010.35614828362,999.94952748004,985.98712239295,974.37630521585,960.3943540886,971.44280144235,1051.29024774601,1002.2058092321,1006.82365452566
780,"TTO","Trinidad and Tobago",947.95550350597,966.74105427462,973.45088535731,984.67260068355,998.31247839622,987.85921754552,999.9786330766,1007.50170017841,1004.66269951217,974.77701846193,919.29930245706,880.22406730521,858.04507188042,839.74392271078,792.43259133265,765.72479466883,735.48768012201,687.98340815729,663.45118910655,640.40529583489,617.90649365043,592.84549480596,568.22238268609,558.85856181128,558.16552501864,561.41131271127,558.70849198826,558.27560910381,555.82573842318,555.03140024851,565.3980745596,612.02741650641,601.37369363903,586.17502392851
788,"TUN","Tunisia",829.82756864755,832.03450113839,830.57811761864,830.80041771556,831.57204377005,822.79787123525,821.98985224435,824.18831913234,829.88696724628,830.63784044351,821.0620091759,808.04104995718,793.39544621573,782.94602386004,769.70457038995,758.7042210326,750.67707875745,744.20052718243,736.94523597672,728.37567407362,715.85840347774,696.70599180477,686.17160189384,672.35088981962,671.2255484863,658.75406133204,655.67912781916,640.08821929943,629.65133395183,615.9914085594,566.18393230414,506.52541778272,537.3865651478,591.17861014705
792,"TUR","Turkiye",1456.18377052925,1442.31704247774,1442.68768822958,1441.96641125127,1443.51428155987,1434.96380156517,1397.42166357028,1381.88394721765,1369.68151579395,1308.72507011721,1277.01137516158,1221.09016837678,1182.18296851496,1165.91656531869,1139.47632568551,1131.87785970887,1128.56133351579,1086.76820966892,996.9999259831,877.79670723527,836.41946002657,837.51583974097,839.6701266196,874.32533362523,899.3624366561,912.51471772627,912.72412367418,882.34973054081,848.94342391923,832.05624098847,825.47828255838,825.36805972006,776.47660910072,718.26757062143
795,"TKM","Turkmenistan",2089.57577182628,2187.54495153612,2339.92609109985,2515.85731871975,2545.07869578463,2653.87910670726,2767.57879060485,2800.26900629781,2790.11933452022,2815.03256233043,2749.69860238371,2744.00694744775,2799.82421309755,2845.75339169146,2780.7889712642,2714.99302248921,2643.63345823795,2621.78773468352,2447.68636597884,2300.09858533509,2226.17249366552,2205.76479011963,2182.43835521061,2162.9723858056,2177.37415567957,2161.97104919492,2123.98445282525,2100.44927949879,2061.84123192218,2026.9543807934,1998.17109397667,1994.91860787027,1948.03221456329,1913.18921417113
796,"TCA","Turks and Caicos Islands",NA,NA,NA,NA,NA,NA,NA,NA,NA,NA,NA,NA,NA,NA,NA,NA,NA,NA,NA,NA,NA,NA,NA,NA,NA,NA,NA,NA,NA,NA,NA,NA,NA,NA
798,"TUV","Tuvalu",1426.0929285638,1485.40447523858,1517.73266130029,1554.59164601423,1586.84551569004,1612.40930912426,1643.54687145329,1675.81782983984,1711.47252206702,1731.24676592285,1762.4334388384,1769.35367552116,1788.65973489564,1807.50630444344,1821.03291996441,1819.58838399122,1817.86871238197,1817.23998182159,1811.65752743832,1815.31548947249,1819.62477504688,1824.79104479746,1831.34409318984,1840.67328179941,1845.28026527589,1843.88332219093,1851.95291139791,1851.13280477642,1842.9950753005,1825.26850523131,1862.48009391053,2005.74969098116,1896.66791738523,1858.70697570533
800,"UGA","Uganda",572.86094347243,603.55912145076,616.48129973796,631.98343086754,649.25577472638,656.33177633865,665.16334879837,668.67596324867,677.61017725087,681.87665486772,697.48971037489,691.2461528702,693.93807315765,679.76167608539,675.17963673432,672.98412446388,685.10415637174,695.18738208841,705.87745748419,711.21291562926,704.42653844851,716.25242162477,732.44870246473,736.8511106992,735.48697604308,738.19891068984,720.01741525411,700.67251738919,692.50150131829,672.67676012325,658.97658806657,721.39280633221,678.91522764067,700.02915503581
804,"UKR","Ukraine",991.5056581119,1056.27467707176,1125.02264727299,1231.39796072166,1314.49957060552,1382.56903382892,1412.27753642395,1408.91040683988,1384.76186745053,1426.87079976125,1469.56307954068,1473.96134253586,1513.17200753714,1561.27664777144,1579.01185278835,1644.58285369322,1632.65182563767,1624.11251107398,1598.29256205873,1525.57790077842,1483.8769716042,1413.22711247057,1389.37086767023,1383.29131416691,1330.04871794149,1261.1727426245,1231.41582843822,1238.41942826287,1196.02128843809,1184.71878008548,1210.64101046978,1126.00919170546,1043.91786228887,1025.37669694927
784,"ARE","United Arab Emirates",549.83166481114,547.3481450361,537.40680065557,536.85136042845,537.25449337566,525.82610512937,518.00342715385,509.28809233437,524.5424647368,531.58524572642,534.55712680775,520.66425593499,499.72782778289,483.30308918819,471.31245279572,473.39071570398,459.93767700254,445.15019130845,439.39014228234,431.52609678465,428.09981251483,424.92593238476,422.47866008498,414.85890068036,413.95995081794,423.67893815389,407.29369690929,400.24812790309,393.32572714781,382.45343222179,352.23291277476,349.91040333938,345.21564697877,350.91077704663
826,"GBR","United Kingdom",685.98162081995,678.18017141861,663.63098222333,662.2028978703,622.04265379164,611.61701384276,591.62491718919,568.57876674111,554.72264941062,534.45232871489,500.951041954,482.92616608485,465.24027183054,444.49087846376,409.49744166465,386.48360898623,361.52126908917,344.79098823146,329.00547495375,307.45464563112,292.41833862041,270.66360648362,261.04939262526,252.72356598472,240.38699069483,238.14143872589,231.27276595094,226.72159644808,221.88614447937,215.790477115,219.91405526035,218.38023301953,219.39568273774,230.60913001784
840,"USA","United States of America",679.622320293063,660.287332161731,639.65947118318,637.646013389807,619.57122171937,606.005503208438,589.185898422146,567.884986152034,551.633810133673,545.136782320172,523.880250479668,506.272851824734,492.542584938271,473.362506357814,446.026628024468,433.49150461982,412.759482808945,392.766197899233,382.610701189501,364.328433065632,352.944119709461,343.558027284168,334.560621966341,328.870886529068,320.810653240946,317.60271370937,311.262475923025,306.98696185224,302.117871139376,287.025255863816,289.268226337784,283.327402905742,280.533228776653,269.809243299099
858,"URY","Uruguay",1164.35205305891,1147.76677494647,1128.53714325357,1132.70171647773,1091.83365899656,1074.4393317663,1029.35591973545,965.95897548914,965.84332259434,952.8807961397,892.81780612576,870.00655780641,850.09191303015,844.52517524829,816.13173464657,786.11446009448,760.14225873455,757.76515678679,720.72303830827,690.90139133037,683.39789111401,676.3115479068,657.95155830241,625.7232066324,603.82519109209,603.84975968439,603.84957020953,585.86008559234,570.79061382993,539.22108496039,516.64904208675,537.45423431276,583.64251788616,537.00671034621
860,"UZB","Uzbekistan",2025.25307855946,2076.09164394695,2172.01126878415,2262.33874036921,2303.29263540627,2366.36324857033,2379.51825688579,2411.49216106419,2452.16353501365,2450.51664028823,2437.78643784713,2413.1395882848,2432.94312235335,2454.50065321644,2520.02706546299,2563.43417057807,2624.60638177565,2650.79770456275,2658.98613287242,2633.20185074813,2690.16827789219,2712.41637967846,2705.72790384729,2631.79374869779,2560.49991060218,2486.17176588971,2407.92835112649,2343.78332745769,2299.09851721814,2221.89767684034,2133.88101989297,2054.07071714702,2103.09032903326,2071.18798896662
548,"VUT","Vanuatu",1180.41215541019,1240.01737687848,1279.77258732771,1305.96240584512,1367.90026974593,1340.66314841779,1369.39353310412,1375.59025432984,1383.66311206402,1400.38975779083,1338.01718326328,1360.03860678093,1266.28834146938,1202.96469594121,1208.80839849692,1279.23151719845,1307.31915106657,1350.63351782646,1372.40855747272,1355.81937321956,1355.2408461636,1399.19937059864,1410.62646176013,1430.4783102176,1441.61418022702,1435.24232297452,1428.16164834785,1413.20016561492,1409.13077457508,1396.78147305549,1392.24873489262,1374.90624755495,1397.54604897557,1409.32274046936
862,"VEN","Venezuela",1602.81861691585,1609.47781747222,1610.96891325577,1596.74701424528,1580.7731657848,1554.36569572213,1506.99635382866,1456.48301807385,1417.28325537967,1471.3752800433,1378.11833794679,1368.54630537741,1346.60237158213,1340.47165212536,1321.82620613894,1292.19566267951,1276.32508892534,1270.01962052271,1269.46002872724,1258.69890634276,1258.18504536117,1247.8280647943,1213.50577090489,1202.73108811775,1231.30518764037,1252.00805299885,1265.29976572502,1298.07208558672,1375.39530304023,1489.40178383825,1546.48146348369,1588.48650542795,1639.23741783255,1725.98743286398
704,"VNM","Viet Nam",727.57921717963,724.6105206098,721.46903254703,714.48590982889,704.26660550761,695.60114742346,686.67705295023,679.24269105121,675.53847867264,665.80128244682,660.06640798725,658.69671567976,662.27149221424,663.45726621958,664.5739938558,666.19572547702,666.97824921956,668.91200448508,668.47265460193,665.9641284273,657.87049407743,645.17621847327,641.45442418989,640.78958308836,630.15787673018,620.7181700516,619.63680594053,606.14595204081,603.92039637777,600.39817198541,591.80495197024,568.48683646923,574.27766669942,578.55043084011
876,"WLF","Wallis and Futuna Islands",NA,NA,NA,NA,NA,NA,NA,NA,NA,NA,NA,NA,NA,NA,NA,NA,NA,NA,NA,NA,NA,NA,NA,NA,NA,NA,NA,NA,NA,NA,NA,NA,NA,NA
732,"ESH","Western Sahara",NA,NA,NA,NA,NA,NA,NA,NA,NA,NA,NA,NA,NA,NA,NA,NA,NA,NA,NA,NA,NA,NA,NA,NA,NA,NA,NA,NA,NA,NA,NA,NA,NA,NA
887,"YEM","Yemen",3131.41945315365,3087.96309853315,3059.37963866936,3021.64886111224,3001.76996416688,2960.82725280898,2921.99152741951,2890.09063276591,2850.92343773583,2860.35786091152,2847.42425964853,2795.39018217745,2752.01851324145,2690.2744545484,2672.97824116526,2642.15611976303,2617.78190228619,2557.45639545231,2551.04484597509,2500.67043888158,2415.97820387759,2422.73632882621,2446.181751604,2404.46420302327,2289.26544211287,2310.82300880922,2222.99754062738,2185.84494884255,2151.12096995753,2161.06743546061,2149.3788123525,2118.0856221305,2136.16815114004,2096.47471027632
894,"ZMB","Zambia",513.25457818362,523.35803133538,536.23716467859,549.17300789278,563.95317720068,580.44297198451,599.98280315526,617.67258333168,636.55401700335,657.33894538954,681.09018583837,721.4496556721,724.91913169027,730.04478690111,742.87270051006,761.81930726834,786.68253484516,794.76952310387,816.50668482187,823.8254154516,822.57316687745,830.52586615953,819.75197547383,797.72150163801,787.16758369991,784.62660070708,780.7875260541,760.81058214803,744.95737746971,736.36968290156,759.50166129812,867.33617337342,762.42416323488,769.78397660956
716,"ZWE","Zimbabwe",512.10743714908,520.7976326624,568.91226364923,589.86696124171,635.52644684024,664.94533388784,697.90778374356,732.12859070596,753.41733683345,767.47129188482,778.20161624759,793.5965064683,803.78994019658,812.17009322489,795.03084898962,780.28648581122,756.2911048837,707.20767352547,721.10249069853,718.3304194083,700.53252824325,730.86014072947,740.41786330207,731.56153693273,720.15620272674,723.72943930192,731.69724592145,705.08308385123,709.15668230149,701.7967458306,694.90790920089,816.9543703546,682.78495771439,674.01475174332
