"code","iso","country","PMD.raw.1990","PMD.raw.1991","PMD.raw.1992","PMD.raw.1993","PMD.raw.1994","PMD.raw.1995","PMD.raw.1996","PMD.raw.1997","PMD.raw.1998","PMD.raw.1999","PMD.raw.2000","PMD.raw.2001","PMD.raw.2002","PMD.raw.2003","PMD.raw.2004","PMD.raw.2005","PMD.raw.2006","PMD.raw.2007","PMD.raw.2008","PMD.raw.2009","PMD.raw.2010","PMD.raw.2011","PMD.raw.2012","PMD.raw.2013","PMD.raw.2014","PMD.raw.2015","PMD.raw.2016","PMD.raw.2017","PMD.raw.2018","PMD.raw.2019","PMD.raw.2020","PMD.raw.2021","PMD.raw.2022","PMD.raw.2023"
4,"AFG","Afghanistan",1283.39685314956,1194.0171809244,1116.73435823089,1062.29266653055,1007.57093913701,969.81738773886,931.59736548594,898.85929159418,866.07418015176,855.04191988629,845.51225844239,840.45645186411,814.81078643696,824.55819638711,827.04390482134,811.70153291882,782.57568815933,746.64423193023,709.49627960027,677.62557857218,655.65141428832,650.40530753037,645.84614612839,640.814131672,640.0402297043,636.59602797023,633.64231667817,629.35462721902,632.20278271995,632.15482904444,626.58213711221,699.16068341275,744.92640371863,668.09795233228
8,"ALB","Albania",1056.78768875207,1002.16529742212,937.94288585359,881.35727262357,832.11696221776,802.68102464616,795.83581543809,784.0963397914,770.71132119272,769.19089876394,779.42828568646,789.87103126724,827.9570729571,875.72438374432,903.06943338218,913.28209932272,893.89411777423,874.19838966568,874.89671047787,872.2528853149,878.24722046577,896.37218280971,924.63199039728,954.57332297024,976.77285272897,982.72870407148,963.78841498257,937.70981415537,904.82128871441,879.10219902571,825.6125450158,836.95787239502,880.22742367886,857.23413339098
12,"DZA","Algeria",1868.97469489756,1836.45941351503,1813.04662007317,1799.28275155407,1787.07124038126,1781.59661768174,1792.41653948164,1819.92145196556,1848.92734865219,1863.5335131303,1844.88025327431,1799.74476333494,1749.61021363443,1702.89602731721,1658.62770507115,1618.35652706861,1612.42245172309,1643.45685641977,1682.87211592973,1714.24862592771,1720.08748863209,1698.06829271242,1670.84209646507,1630.31224012831,1602.62596309888,1582.90367018089,1550.02250493062,1522.83175632847,1498.40390081175,1475.28427208904,1419.58091734649,1489.72906448647,1701.62475220273,1477.08992304927
20,"AND","Andorra",783.63940760103,763.03823467703,746.25102680931,732.25624640615,717.28571613061,707.42250456961,700.80260015864,697.87660880592,698.49919062941,696.24703276604,690.47552776009,664.15167937612,638.90055206892,609.57435617373,580.93315995691,550.46350204601,519.78210558592,484.48876005037,452.19954135566,423.37642578556,402.81752118813,386.68544414102,374.35603218346,364.14623376019,353.49452576936,341.18641506362,323.01395707194,298.75690716834,274.09666065692,253.25216886443,238.73613971303,275.32678865263,349.95407685403,254.54108452535
24,"AGO","Angola",1255.77270880284,1211.21800067711,1172.04311497949,1151.61680421437,1134.70196804884,1100.91907432932,1043.94473694977,1021.55038321949,1047.05054175765,1055.96706400444,1054.00583952645,1050.02772208033,1050.22579390538,1046.91130130554,1063.06908371758,1065.43076280608,1112.22133954335,1164.79329289442,1234.93844915231,1286.53183583829,1320.31494265766,1331.12391979423,1333.96960145042,1337.54108471288,1326.93477394632,1314.68658717957,1273.70436653543,1239.7327892248,1206.36040480843,1185.07857673011,1121.3809084791,1136.62779978868,1281.68389506445,1290.00234959875
660,"AIA","Anguilla",NA,NA,NA,NA,NA,NA,NA,NA,NA,NA,NA,NA,NA,NA,NA,NA,NA,NA,NA,NA,NA,NA,NA,NA,NA,NA,NA,NA,NA,NA,NA,NA,NA,NA
28,"ATG","Antigua and Barbuda",915.61926670673,906.30549748161,899.78360809516,901.91895170728,890.59164311203,898.78105261541,888.76192695266,879.00454887291,862.87132556109,836.09803302558,794.4111693728,784.07332725613,752.26785496023,729.56006074448,704.51450443393,691.26743477735,670.55602153466,666.18510357632,670.70494194604,663.16755402253,651.53797709156,638.67538603547,623.61935372584,619.58250739845,610.65906725221,600.10938191812,585.13876525378,556.53556708483,524.13198261023,488.82727514001,455.26079334961,428.5283207726,408.66426069005,433.92060595382
32,"ARG","Argentina",1640.42416179826,1591.95543801288,1578.29765670951,1542.14440914464,1468.89546775566,1467.99471029614,1426.34120568655,1389.5765340631,1387.33520830872,1373.3370697725,1286.06418828219,1257.61941895995,1241.18133476448,1220.98685942473,1151.46567879121,1091.36623153265,1045.82528062465,1040.27953150187,969.40765087986,936.07428131848,916.54302168139,888.43332565751,858.9471428554,840.66953466637,811.25443598645,810.7760102937,841.49021365587,838.73088288534,857.13081003279,870.63827638555,834.86853819252,851.21244930333,894.68749941688,817.60031585742
51,"ARM","Armenia",2900.48429133164,2869.19666505272,2844.99952790992,2748.9594924995,2581.18965970686,2473.15574412236,2359.25637728036,2222.2186496854,2105.40470177933,2044.92538610092,1989.38583784258,1988.38754270213,2059.7755546155,2173.36965865892,2281.27682049978,2352.00635019663,2438.90287438938,2554.22508555547,2625.47821079866,2667.28597198085,2612.84295566909,2543.32657558459,2456.59651232659,2353.64020510197,2269.26660812675,2175.57040818309,2120.08373207481,2092.67131368516,2025.86260998748,1990.21700354406,1942.98829110712,1930.97668521394,1951.01846605172,1715.01261088931
533,"ABW","Aruba",NA,NA,NA,NA,NA,NA,NA,NA,NA,NA,NA,NA,NA,NA,NA,NA,NA,NA,NA,NA,NA,NA,NA,NA,NA,NA,NA,NA,NA,NA,NA,NA,NA,NA
36,"AUS","Australia",310.29976187258,285.02373654877,269.41738353876,251.0339991756,240.92727783459,230.5975702923,225.86379542174,218.18066224849,211.03294750584,204.10051078116,197.08276356918,187.71863630624,175.14698754593,159.74284934455,146.4217815619,135.37054083862,129.95048560256,127.3177267287,125.7600178302,122.74507011742,121.08034430248,121.68884037318,122.10682292812,124.77943019503,130.74368530802,135.63117150286,141.59708495253,150.3776612495,158.66885169146,166.32211442512,161.76409850728,141.78138940036,101.1001535642,149.94739397565
40,"AUT","Austria",1560.58486034196,1573.82336591586,1554.58097469096,1527.1555919222,1487.15906207189,1470.43255433096,1444.91502229647,1390.94927039246,1333.3001903796,1274.52354724789,1199.96901183371,1140.28046910563,1101.9884245477,1063.89590948463,1014.07244960093,977.60634235773,936.67180325832,880.91327880255,825.71657705043,787.78526618364,739.71396829602,691.90817622508,655.44884289912,620.88381029273,581.4593715275,557.19928079682,512.14286440994,468.93776189776,429.79213733961,394.35110194396,378.50092986323,373.75097500733,386.23905640936,309.46336232443
31,"AZE","Azerbaijan",3364.92330322732,3265.92475778499,3208.58958861911,3162.07761519479,3040.22750778948,2911.53069655278,2703.22028119517,2480.15953478168,2297.23955213741,2156.90428352097,2057.72622970935,2001.9126318089,2026.43488860453,2100.50071811628,2188.80028229376,2285.37137010788,2475.82653451311,2773.45233544817,3105.49467454332,3376.79875580065,3462.98553588897,3409.26314424175,3291.43972722587,3143.51371063368,3018.61603946498,2929.53501687415,2918.22600385502,2902.002168691,2866.13170842457,2890.15426843888,2912.92141395768,2757.36075255537,2618.464568747,2842.03793467052
44,"BHS","Bahamas",797.21764970448,798.00346461707,794.25916449246,782.66454619956,767.09026781058,762.17435766845,758.4178986978,740.45259010911,735.26837179385,740.80638856287,735.80702444836,723.81800842224,693.93865297601,678.08959745359,661.43099488847,639.12689609554,588.21956455267,502.95494188996,426.03983103099,361.77535669218,331.40530650968,319.94657814331,307.22936131371,300.10330693932,298.80465000968,293.21649827535,291.54093694038,288.06620409849,285.58010313172,291.03056978179,289.18197671867,306.04353346321,283.64084681964,255.57442579332
48,"BHR","Bahrain",5918.01873048218,5739.58885197857,5638.50956007654,5484.39637473213,5358.24997740159,5343.28107890763,5324.99230312641,5316.15972779125,5256.19735365045,5133.47076175658,5075.97424042126,4964.52521282551,4906.92740723358,4862.00289735377,4742.38907163509,4592.59210961006,4342.55341645409,3962.1565180439,3565.53991848074,3245.29411572014,3077.47855322144,2981.68053550247,2897.28856807441,2783.09135418481,2672.51461631987,2680.11999765956,2614.0105586806,2538.55867310543,2496.13993059033,2423.61529980299,2356.73514543826,2403.14227773759,2550.39872789195,2435.33928741082
50,"BGD","Bangladesh",1413.90143983615,1432.27341368223,1377.32653666127,1353.05777580176,1330.68609415991,1315.95894115196,1304.68903780519,1291.43643654497,1284.23468645338,1284.69529404312,1274.66967985545,1265.08522902151,1261.29535258918,1257.18454350507,1244.08199619965,1242.74810073436,1241.46355612902,1237.7796295385,1219.92556024485,1218.25317633026,1219.1821304474,1212.67338596516,1218.65747671564,1218.79285004895,1223.82461365015,1219.1821907773,1248.8390144316,1304.2532622704,1369.48163591764,1396.53756306524,1314.96861360092,1303.3257078788,1310.01049802547,1394.82735947373
52,"BRB","Barbados",1074.63312686413,1065.77881528725,1064.1020566487,1046.94255537826,1050.54075198521,1041.92185541411,1033.9939739674,1022.99108266667,982.12410982201,953.83541411258,947.61675098366,917.82360516182,895.10792564346,889.89133964454,855.76481611843,832.79418124936,843.90812016552,882.33710188996,914.60791184557,920.28544615888,911.25774177169,900.64213700918,868.55641911621,858.14480855364,850.27477078782,841.74790958322,830.87565157276,816.41808867533,801.35104741895,788.7060009208,773.73816143067,755.73573298181,738.78953259275,732.8121332616
112,"BLR","Belarus",3408.98894452164,3461.66725191484,3512.26982315718,3668.01555822796,3716.56567133315,3738.59427696626,3723.12027733176,3753.63800203092,3777.74201359415,3752.4574302193,3651.22478227145,3553.39884295344,3445.49743463698,3245.20998185655,2995.61784125696,2828.10567338197,2745.92126712916,2654.98456683486,2583.61275416464,2572.68188955013,2532.83455683974,2361.76727244676,2148.95684467729,1943.60947336511,1755.16727300473,1604.76755994453,1507.87089781361,1430.93836106346,1368.29518094737,1298.68245434877,1205.63793200124,1120.94366682201,1062.9228809325,991.33615622538
56,"BEL","Belgium",1499.9167675834,1455.81720717951,1414.12506693211,1399.28412274416,1344.77486608445,1325.93658731525,1296.17653461966,1244.81550915146,1215.5418171087,1176.75562349932,1112.46764305094,1056.61125305736,1030.53825574787,994.9027125864,938.30185335444,901.18151224298,861.45462597589,839.25022185915,823.72453747362,799.54410103604,764.81551912997,720.63251053887,674.02304672361,614.31941783396,546.53924825662,503.04845685968,455.02312821848,406.17282807782,361.65069673179,324.24991056672,301.02571890999,310.70738995136,345.80712355238,237.55576591135
84,"BLZ","Belize",1414.71798701594,1380.27656780066,1366.47102284406,1377.59378885495,1399.05882578124,1434.51919245274,1491.07965379917,1528.27642081945,1556.34343830017,1608.69162970812,1644.22241330063,1533.90938786542,1457.73804654616,1408.40177909716,1338.25425667235,1280.33651036666,1200.97112806728,1119.97915167145,1038.41345190429,1004.95325739301,977.19232297566,978.47006776462,972.07392088178,984.67841505947,1016.38075018299,1047.51003224813,1086.06433171373,1131.43658817107,1172.9677773582,1199.20125517619,1162.96531215831,1066.40639420043,959.13561325789,1118.05992607672
204,"BEN","Benin",1322.84167355023,1258.79477359205,1199.66028479099,1158.91903559119,1127.03187120068,1099.44326747035,1098.55444508928,1116.5214874773,1149.59852737601,1164.80979161732,1170.77106766328,1103.48391399583,1036.69407429788,948.17156451624,876.79917779318,834.25917823694,824.56385435802,808.60433723804,818.92946134565,833.20537362576,847.23552172962,879.71639567659,931.79881353478,970.88771814596,990.93686765916,1029.27887901544,985.17829414551,947.64718386241,898.50988400587,868.8497287063,821.3063578759,792.56897431337,825.16215685742,875.58948489216
60,"BMU","Bermuda",431.51818792799,409.85752242535,390.97912897004,370.74063789215,362.80098156321,357.59751195959,343.58463175378,327.44168413572,317.90781984027,312.03590672644,298.87724808584,276.50907644469,248.75430100047,226.47363446645,211.19806540528,196.46851086266,183.72332153769,169.57250031497,153.90613539943,142.36652333435,135.70529630972,137.35347625983,136.53565105412,136.53191056671,136.94614510727,137.10365875824,133.71089056011,127.43648881803,121.45847104975,115.78558155323,111.19181949228,108.55592900747,105.94766053542,114.7331170387
64,"BTN","Bhutan",1668.96956856408,1657.50825635248,1649.47133623358,1645.18548353878,1624.5772326868,1628.94109680062,1623.69534822173,1653.42346873047,1639.74451494028,1619.96498692219,1660.30397354814,1684.82318283026,1709.97596455628,1756.68850407265,1787.98185008055,1801.5223186074,1797.93041959901,1785.04166382632,1765.27774114136,1740.92695585913,1744.1612384181,1788.79082083589,1868.72128392205,1930.27583820176,1994.08615320895,2012.56855876223,2018.5934056612,2011.86744866409,2008.88483905214,1983.92646101491,1906.0276622548,1837.59375526371,1702.36264213529,2048.88330617123
68,"BOL","Bolivia",3602.27493007668,3605.02115971031,3576.37449492573,3514.89807339952,3417.1349840542,3323.67140629166,3216.03896829481,3085.60802905867,2958.78073817895,2855.81015279063,2774.01410587407,2723.85797700406,2680.58030621046,2648.67965864129,2616.58516017952,2568.5933581196,2468.85970582549,2300.26407512873,2109.74985201595,1934.87476336872,1814.13602604933,1737.14857627908,1673.26851885897,1612.16577922765,1561.03113394966,1526.22172589011,1531.55220529959,1571.19390046922,1631.5090026979,1674.41392938948,1768.32200857277,1671.17514789594,1578.01162016372,1492.34391987523
70,"BIH","Bosnia and Herzegovina",1222.83051160629,1138.66477278021,1065.55242949789,1025.70234956049,996.02706563373,984.83216715616,1004.47387307589,1059.64344949551,1135.43543553948,1226.70877924556,1308.35967936219,1394.06306096503,1482.40519061369,1570.1448382737,1643.92883769356,1700.61881173651,1709.4017295228,1717.47979845237,1698.87283888735,1690.68741730128,1683.9672112442,1698.11694489561,1696.78340586078,1703.38276303484,1714.91838669203,1734.25140508231,1698.44330640099,1680.56144104143,1661.90309911683,1644.46899009255,1605.41938918966,1589.53321235273,1620.44240577618,1612.23110124125
72,"BWA","Botswana",1046.54298473734,1053.98187148883,1068.59995785122,1083.06673859362,1108.28293213175,1137.78610745515,1177.15014958864,1229.13376563334,1291.4972858856,1323.46761483547,1375.48417060646,1444.48753739675,1452.54790956992,1419.52501790595,1384.28545442991,1380.00239730484,1484.68902659634,1417.87961519917,1451.52357657646,1479.62907544305,1472.36177111365,1446.82171475842,1405.52167599564,1345.75483744575,1283.3782757841,1240.9861720248,1180.99922263867,1104.69536236316,1047.97832914233,1003.42894992198,931.19780931417,937.30004815125,946.73452808494,897.57937291754
76,"BRA","Brazil",1462.73716834123,1406.78983992738,1420.53635326377,1465.00630337721,1450.6652611695,1415.79803103129,1384.59673012285,1336.74548962192,1320.53211000754,1292.84826490904,1256.07769044153,1226.40354124064,1206.46287077804,1196.17724668996,1180.70668852915,1127.5932204448,1102.35823890473,1063.37852193012,1026.24142732522,993.43905151448,971.03584346361,954.5756508054,922.60311940856,902.68910917416,876.41558884158,865.93606196411,861.10430766921,828.94449485279,806.95210514801,795.23987209771,765.70103400761,786.07319285698,843.37488580799,780.316232425
92,"VGB","British Virgin Islands",NA,NA,NA,NA,NA,NA,NA,NA,NA,NA,NA,NA,NA,NA,NA,NA,NA,NA,NA,NA,NA,NA,NA,NA,NA,NA,NA,NA,NA,NA,NA,NA,NA,NA
96,"BRN","Brunei Darussalam",776.34594640234,736.0592577081,696.97899606266,660.86890771617,627.87295387742,606.53485747833,584.43812885678,569.59820717746,556.81457542723,542.05487331196,531.65669731988,521.13175049032,514.0439724821,508.5982161579,501.56108211965,496.6140814255,488.5055728938,483.15983397716,478.69180578099,480.63244536077,485.94184798501,525.95787117003,610.91618084801,713.86483290456,792.40133979226,823.23761437428,772.9313060754,652.26489022407,511.95328382129,399.356951903,349.32609101046,370.34991696981,428.22784480009,495.5328073354
100,"BGR","Bulgaria",3323.68561191978,3280.29888563105,3213.82296156887,3268.57487278996,3211.44798826477,3204.92445974745,3192.18706127742,3216.05419598878,3115.85036695118,2980.93235028349,2872.00181782911,2799.5601529008,2761.77879773057,2737.32730992157,2690.70490099472,2700.38066272199,2640.93121982674,2516.06483972456,2388.12361049139,2315.2323176684,2228.73025626959,2134.92996208876,2018.22497421178,1921.77045629232,1873.08385587071,1823.51938166721,1771.43076746911,1743.76614031625,1702.79141556802,1679.44780111921,1694.64235972325,1761.8175744252,1797.89078336224,1551.1742690719
854,"BFA","Burkina Faso",991.31507914739,942.48998058159,906.5778647064,884.05736348192,863.68712627075,852.71819044041,859.92104865425,864.20973505638,877.59517802076,888.93944152819,905.79364668052,876.10819643988,865.07369756713,830.16484246582,806.94636584198,790.68892740833,773.7785402907,736.94213454422,712.68736891595,688.1320052689,672.84259359555,667.67072333362,688.02206952116,698.49914636867,705.58618655122,742.33490323765,725.87056673846,692.06409010401,651.49184204179,615.84044933679,568.51271303333,562.08978213165,614.15440586136,640.71804504176
108,"BDI","Burundi",784.22172107282,775.4754638738,766.1535838223,761.19271182783,737.45307599925,721.74646495187,711.31751650033,689.86126602399,658.7903234581,632.35892954058,615.54686080736,592.71676133835,579.16537956781,564.83701469482,562.62270735456,558.3636110926,558.76094094453,570.71247901137,586.12208689191,597.5053026099,605.42218591176,607.29479784852,601.92157686885,592.16377290688,588.6656993426,579.95428799932,566.54460487987,555.20794624693,541.74094704251,534.00253014215,501.07925421531,511.41235409603,510.99469255809,525.57189717762
132,"CPV","Cabo Verde",663.04615221071,659.00633730599,654.91400624488,653.03135057645,661.41788055335,721.72043996103,667.68250677391,691.01739034255,713.82242658937,729.82948972479,726.01069543263,714.80065281643,700.51598921586,685.93655470323,672.02879950817,661.91316016463,649.51935736971,640.5122919457,622.62345119593,612.0639655814,605.21986225729,656.01643797919,749.67562206834,835.06701786164,912.05250001548,975.19662296333,958.28788774743,958.09293184782,948.47744660262,929.32537295029,837.10100457433,787.02498061142,814.68245690028,989.17678895889
116,"KHM","Cambodia",959.40722841965,935.6603416404,914.65166249077,895.23754757011,881.57619648266,873.75787284845,863.35371267214,855.94752849668,857.30832278796,842.54495621435,820.55789376675,815.68873195268,807.35616267577,790.09148776446,778.90716782264,761.37629959929,718.53091313018,682.04624194419,636.76313406426,597.92742698866,572.93657191093,553.36348737824,544.46365030678,535.58753885939,520.26721613444,512.5449681599,523.7238372506,549.78408481444,591.86455147701,625.88610114639,625.22662363827,583.48428908475,623.42747304035,658.36068863166
120,"CMR","Cameroon",1733.01890924841,1630.8403385911,1538.40788496432,1468.98345104812,1416.6363260483,1390.05294796773,1393.1347230177,1407.10747590586,1435.5155163334,1452.63844211907,1475.29704079814,1431.02976873913,1411.33412708012,1350.79303485167,1301.86817424287,1278.82742719871,1298.66443699616,1302.5651726875,1350.25293895436,1399.90546561402,1446.89529442366,1483.51392611894,1532.93068348542,1567.64230598759,1585.34495097474,1635.79611001856,1580.29899270904,1533.38842842666,1497.92932639597,1452.89848413112,1358.43799644828,1358.36372726756,1440.2624536837,1499.62802776817
124,"CAN","Canada",548.27146835501,539.78417586839,530.83064051515,533.00301127647,524.09047846187,514.45021214747,498.8933203355,480.98950105947,460.26647918756,439.66372358515,419.26057049692,405.13407853766,396.78522674726,386.08459800265,373.0645289805,359.28651718988,338.03902920915,316.3581485971,292.06916507807,269.79204191894,254.57222700312,249.69260732462,248.97043416386,250.00665245322,251.39861298127,249.093912735,239.35748588775,221.72728690046,200.96524299586,181.69999516538,174.55418034873,175.75616321747,187.98752610251,179.25034098647
136,"CYM","Cayman Islands",NA,NA,NA,NA,NA,NA,NA,NA,NA,NA,NA,NA,NA,NA,NA,NA,NA,NA,NA,NA,NA,NA,NA,NA,NA,NA,NA,NA,NA,NA,NA,NA,NA,NA
140,"CAF","Central African Republic",999.93162994647,1005.3418273483,999.16673892446,1006.86478701294,996.45119993845,971.25539303898,968.15049351542,944.18901186269,937.48169845355,926.75093946034,903.09259983255,884.20834405018,865.85653131951,836.73334215551,813.49811616914,797.34802169838,805.11739418089,815.79912209276,825.5355737789,844.40286856635,869.15957164899,875.65378009262,869.0068842773,874.23378703899,872.01188630815,882.57969913113,873.5608676623,871.98263889401,850.42212288163,836.89008810822,798.89356248744,751.18071155552,768.58375920993,831.29897260289
148,"TCD","Chad",1357.43609912371,1300.57116932538,1250.45114065413,1228.23540950691,1191.17422277671,1168.15789293143,1180.77949057035,1202.65014772547,1230.23924015186,1249.48174601354,1270.8041266604,1278.28719306939,1279.58415136305,1267.07029047774,1257.03435757417,1246.00675698415,1240.76197496716,1242.79499257225,1236.45862018079,1234.72934431773,1246.79881305371,1276.93935621897,1327.53460158744,1381.83047640194,1417.666385398,1479.88933795388,1427.83698578769,1349.89358350374,1267.16730746601,1197.48701965407,1126.79305129183,1098.37491585305,1161.68554315153,1255.52284240809
152,"CHL","Chile",896.82023596242,875.74489332041,870.6596418442,887.37922390355,895.6803350517,920.32551875463,942.3601471951,951.03591391184,986.53778152467,1010.66567383527,983.39521858457,984.56316460941,962.11057652149,952.40356227594,941.28215921173,918.17885264061,892.63468470164,878.41531155278,835.45747032868,818.46162991175,817.94342331843,805.06411367978,802.74652478798,812.62229217399,810.79416610945,799.8816015606,771.64685855267,745.11856421382,713.89876386173,694.77909780921,644.54580342847,708.11985434827,876.96682104085,758.09016517084
156,"CHN","China",1708.29701366923,1706.68167295625,1708.81872906082,1707.93302236649,1709.51344691716,1707.72027484894,1709.33063233638,1726.59018718131,1755.75324534558,1789.82033940699,1829.14705470607,1858.94020099373,1874.45297642898,1895.77505297338,1892.86265887874,1881.1022155076,1866.9412658417,1888.28342728543,1913.11532389404,1935.0831214185,1930.85079931259,1937.18541102949,1942.8407893802,1983.38495265369,1983.68376523698,1980.74844538443,1969.57125142693,1908.1615288778,1754.70030368146,1591.62063905806,1467.0798711316,1521.59961765141,1563.22100907641,1655.83300383433
170,"COL","Colombia",1525.78953242544,1505.07142998432,1497.04416265448,1493.59905234754,1491.21012575336,1500.91000713468,1506.95721508542,1457.4711753277,1426.3644444196,1454.71366806732,1424.52506919818,1363.54917541849,1295.81295071881,1247.78988317087,1195.3460588227,1157.5040526815,1120.39493489231,1065.0324349519,1022.78240264988,972.15755003606,939.82338965063,910.04913653316,888.34353445654,875.88147532878,871.62566253426,872.66196686006,869.78359993141,862.63982199805,865.68020306786,851.68418463132,831.07791239789,838.04722855105,842.26708169134,826.47620158
174,"COM","Comoros",252.55415476191,247.07922872709,241.86569882767,237.25744376291,233.94511464096,229.13627427618,231.22867042685,229.05287376322,234.19126631129,231.71026957543,234.82515672714,225.83361599627,224.82617159069,218.09852311811,208.70777820311,210.06798667534,203.68263265178,213.28121750486,212.19404874216,207.06829975556,196.24213524907,194.40017492098,184.41086955109,175.76700971863,178.94740003348,174.93379371537,173.82305547033,174.0463965325,173.10690212068,177.0403687223,177.7148250043,187.48890760674,203.21965252499,179.69034001411
184,"COK","Cook Islands",432.27925279501,436.98428116101,439.13727214934,439.8841464546,438.56880313427,435.71508289277,429.89660973456,430.23378221044,420.11407460157,413.80445054552,408.22989035667,404.57761680929,404.05824053043,400.68394896196,395.17916287274,386.00079458967,366.04549029042,339.47660740543,311.57778076543,288.84449296945,277.81878470731,273.54368653212,270.62287151524,267.00648512227,264.02416725107,261.53201399784,256.80443840228,246.05287881349,236.73106399052,231.60037279978,226.5355429926,229.54048505924,239.26612134596,217.19770927958
188,"CRI","Costa Rica",917.93032551311,923.74706504747,926.1682994235,935.31982807784,952.04246524821,964.80830995789,975.23630818606,967.90860837945,971.91001832998,982.17240642817,973.04927988764,949.43254239797,912.21977203469,890.45246041878,869.0667716264,842.74835005589,824.21554415172,799.5889253109,791.19512889549,788.37373975764,803.95785986094,796.50774643531,794.59331532824,790.07495263915,790.11566877245,782.15331983142,779.27015801389,775.74548750193,760.5835234922,743.47148782617,730.40787901546,760.5432855652,795.58544924645,788.6117392331
384,"CIV","Cote d'Ivoire",1327.57341237536,1243.32577839589,1180.93077514719,1141.89536043526,1117.1259342425,1104.67313278078,1114.83651363848,1143.51697211525,1178.24238031413,1200.02884869986,1210.66382030661,1171.42020442147,1144.60161828086,1098.31473804396,1067.11400804519,1038.63823100962,1016.28214052093,968.56851629187,928.89807712138,888.61449378803,859.33696505015,878.63609386956,955.51447751456,1035.75807206243,1091.89420687346,1161.37716886482,1145.12950268788,1123.69618123266,1101.07574146449,1061.49121812718,1034.06454120252,1009.44414200544,1068.55288648715,1130.67334672069
191,"HRV","Croatia",2360.47934962136,2292.17186288907,2217.03861017509,2162.90762279678,2120.340029452,2113.2376627143,2052.57277322962,2029.52366056058,1973.24180547057,1912.8836904683,1864.48340140019,1835.82638718029,1855.98161640736,1915.11179785286,1877.63233174898,1868.04474373854,1803.46152298177,1713.54068735266,1609.10949415714,1516.0122211778,1438.24085383705,1384.64108092343,1337.5391855763,1296.50368944104,1271.01904687196,1254.4347514783,1184.35765084761,1114.56726262075,1014.75726089643,948.66387453211,930.93184362529,956.07393246591,1000.36115587155,900.43516508762
192,"CUB","Cuba",712.97952873238,688.74700655679,683.92444868659,678.82545201154,665.323658423,658.48185966673,656.9069145814,651.53209751397,655.0774199772,653.28981112826,634.85058232287,617.39445494497,587.56532780514,577.43276859742,569.62525350039,564.25745020972,540.48219318546,524.92800508133,514.94166806928,503.37826711334,495.69700567808,477.15973234953,468.2771743689,469.82085319146,473.8351078889,478.82055368692,485.95762519921,507.46009262937,521.7378250512,533.43740241022,540.44924106014,575.24408144198,496.32929367071,525.84313584315
531,"CUW","Curacao",NA,NA,NA,NA,NA,NA,NA,NA,NA,NA,NA,NA,NA,NA,NA,NA,NA,NA,NA,NA,NA,NA,NA,NA,NA,NA,NA,NA,NA,NA,NA,NA,NA,NA
196,"CYP","Cyprus",2005.99241362708,2026.25587814418,2022.40381045231,2022.17085724011,1984.69981321719,1982.79856070669,1951.90563331025,1935.60352831566,1895.66009371661,1815.69556714216,1757.33886818777,1688.67715439633,1636.82158098851,1579.28724337,1534.54000642428,1469.016007478,1413.13888933325,1349.98005391959,1280.5539517133,1215.67578191538,1150.42626113396,1085.20030004188,1022.71055271222,956.90051392036,905.52869994987,864.73089463354,835.32290718725,815.18443536807,794.67695965248,780.70249651905,759.21526556463,805.32786594853,907.35542672499,730.53480441992
203,"CZE","Czechia",2898.60803169071,2777.46026785896,2646.54637042322,2530.0456693062,2414.33907580823,2340.24792954552,2208.70535989792,2083.22587891405,1937.35274407174,1827.14427381277,1736.31779089299,1697.36870388475,1693.12558968926,1694.04694857174,1662.5323934705,1624.9273935411,1558.69569283321,1522.82768050372,1476.12890850531,1437.18355547931,1384.09093216046,1325.50720616316,1245.93413293057,1163.78940405922,1059.00848800949,996.70037993915,917.78927019097,847.14575394306,776.30533464178,722.4142460239,710.67234099061,696.07602355671,690.54178327178,567.28003226916
180,"COD","Dem. Rep. Congo",966.30556024941,957.86329024282,939.27329320489,919.20310433476,899.44416437039,882.09741238732,865.63775994533,840.20752325961,827.50352606312,817.82338170258,816.46902331673,812.67768363749,814.89734632921,817.4772859599,812.1631322963,807.25166111975,807.29822352126,803.7597423934,805.75074271497,807.36150833054,807.37426160097,811.74467306715,820.32279864363,829.39177065557,839.56306606021,833.97578253103,815.54660449643,794.36910415835,778.9507993742,759.14853776874,732.52949175854,717.0095062689,746.00531410208,749.85772959487
208,"DNK","Denmark",1377.18351300454,1331.19911304768,1301.03617478199,1287.2102933152,1201.03022613079,1165.22803909206,1111.9391703638,1056.7342599358,1013.40753931063,987.74224378,933.82160823399,904.8834170261,875.77370031923,834.93893030207,777.71825424319,725.58331768916,687.42622088785,647.26772703434,600.80020871751,563.43582048242,515.88757929706,468.03443024801,427.4770466714,391.49989651059,356.62047695987,331.21173275314,306.26450165985,281.96167163101,258.45485818341,237.44387048198,226.5229965058,240.18540644364,265.02918205442,184.47678796782
262,"DJI","Djibouti",1492.28288298072,1428.95962741761,1410.11896217247,1496.04901977909,1398.2437163451,1426.48168361974,1439.7371725609,1475.98928787867,1550.36477145547,1599.77607543789,1626.88057509147,1624.92453552787,1621.16020832431,1581.99451996499,1620.33749767474,1612.84850634879,1615.83736037495,1624.32518547776,1631.26280771922,1625.35210238169,1644.81805942101,1668.41942656685,1706.49414412438,1725.31287834049,1703.34123264938,1736.92319988596,1727.87021964128,1736.89221444253,1687.19889104715,1680.41704175781,1589.94490651975,1622.94380124628,1663.78635489964,1704.98769996232
212,"DMA","Dominica",511.85573358187,537.17877386545,560.4837757831,581.90397721397,599.16941232883,613.16569161154,625.52145634874,632.00834336066,647.30199628247,649.50698647332,651.60702385165,647.68860153178,644.07679015229,643.0169958006,640.08015034549,639.87305042664,653.086490127,681.34539414263,715.87865747297,742.81170024439,756.73400057059,753.62334056559,747.58441346377,738.65844936298,729.45341981736,722.3151925093,715.50448713575,708.63792872869,698.8335022489,691.82785468256,681.60403595495,668.14580828572,661.87217177284,662.92282359045
214,"DOM","Dominican Republic",767.42757614806,755.0242229872,747.08162380959,743.37529418687,741.74220810992,744.37767079322,765.04719849397,796.44261292645,830.26892730448,861.58316058767,881.23057264152,889.95162613859,892.47145322337,895.25170186036,901.77154735437,909.72449821242,925.21307138278,946.60983038975,968.19028401191,987.90300497772,1002.52637130933,1019.94812081013,1037.44789791083,1047.42438990221,1055.33975637763,1078.82322573268,1096.98375466663,1110.9684198512,1129.50231274649,1143.92491303682,1180.69177655862,1188.05348945638,1197.99821311293,1196.99827493753
218,"ECU","Ecuador",2026.67398645151,2071.92429408385,2039.57038489119,2006.29705548049,2002.67682272233,1928.96187386252,1906.95761948508,1841.1416246083,1855.96541178731,1883.99082399064,1853.21632676636,1843.84710356402,1857.41964442944,1810.82814509039,1797.92328542878,1786.50279777905,1691.82786343031,1526.31476750556,1345.38690633286,1174.99078186275,1077.87787427515,1023.92304537403,985.04152109305,948.77877265837,926.17942366838,909.93852338226,931.38875169782,943.80638467038,951.52430343117,972.79557447084,980.8927359573,1017.82583552948,1131.62803673532,1145.59350145266
818,"EGY","Egypt",4263.69625588153,4391.86477864166,4520.95553694273,4726.35564406305,4850.93441341204,4885.70673167684,4865.03959224432,4903.01297792473,4954.1262354373,4944.16021395659,4947.40311774098,5140.90542286231,5379.68895895468,5627.95684551524,5669.65523250226,5609.80067212409,5619.69899565753,5611.88738458345,5607.68085344554,5577.59827353141,5511.24161437903,5340.24974423018,5362.01324650998,5234.4186083113,5219.35559744238,5332.57085593428,5032.36886876258,4756.41723094352,4665.16904144148,4516.79827194023,4245.73321675217,4543.89946529823,4978.28119094723,4727.00925218952
222,"SLV","El Salvador",1164.20237789729,1157.6110153005,1148.08128401389,1142.11276090711,1130.61424753869,1107.36815663698,1098.94449955898,1099.06546978159,1105.34109794532,1097.95822544812,1077.23797912137,1056.09045869913,1030.49172946463,1021.24731728402,1018.77966502371,1015.26852494891,1019.47243915544,1034.44593381327,1053.90850004405,1081.31568312343,1087.00256000608,1099.32011051579,1148.88447130161,1201.02767309442,1261.70353780441,1323.17010233065,1336.46750410896,1392.27433152989,1431.75546426985,1487.71358471125,1486.71059954424,1487.85750289748,1485.74303909017,1553.28475663409
226,"GNQ","Equatorial Guinea",2453.92026205155,2393.2519684249,2333.78597564824,2290.61889295158,2241.22167399022,2216.5960152963,2241.54974053381,2323.64387750598,2475.08648666686,2655.4571139288,2814.66055870636,2928.09884909901,3082.7451991888,3224.20893852302,3346.67294966681,3417.00062943105,3379.91418870411,3316.14513524274,3273.06582289234,3298.17349563211,3269.89338878739,3204.15701534055,3157.54275655123,3120.71595776849,3128.12082154422,3135.19693252304,3119.2925505651,3137.42328267296,3118.75746785568,3089.40452492496,3042.75720292372,3057.5366166096,3236.00093072384,3408.31685503499
232,"ERI","Eritrea",908.59428707702,891.37177538347,875.38258781029,852.52114752908,831.84883859584,819.77110392647,821.72850183191,836.83618962119,855.91519543487,871.7221632795,873.00394049556,853.44784411009,847.22454278153,826.67442913143,821.24546670376,807.79952923479,788.98119433741,762.62401465234,737.1632712843,708.19075720443,697.43589941945,700.57549738125,717.8887034961,743.4168547226,746.40989267962,760.78947493672,752.5588262816,740.89326237782,723.35284574687,704.11413494579,652.55198014983,668.42730102098,749.34044578863,733.4135445685
233,"EST","Estonia",2013.13116514098,2016.63359705106,2043.47575309631,2059.59550448503,2060.23510372135,1986.41918634583,1869.94346198566,1756.55596569416,1688.92121295815,1616.27306485156,1541.82200365559,1458.62436693384,1387.88854709498,1299.07746245478,1182.20242707867,1082.34237499281,991.00449553162,891.63078317983,795.40162518996,701.2596541824,627.72397565675,542.91731813624,465.48498591739,393.09564585034,332.73830694576,291.15028016103,268.74502283794,243.31128309548,223.9887036226,207.65035539197,200.9090864778,207.36809777155,215.46346604627,129.92549126061
748,"SWZ","Eswatini",1285.00746765597,1304.12828610971,1323.00128804606,1327.14030950197,1331.14445638248,1320.85660299456,1309.2377964936,1305.08607299416,1297.61799570851,1301.77771085338,1312.54840979622,1339.63870070332,1339.18102156555,1356.23763976768,1375.38625423978,1381.26718314386,1402.8032207154,1448.60330176272,1529.13384869754,1605.11147886915,1566.02084485074,1480.42671034955,1422.77291750202,1358.81674864279,1302.33124698867,1262.03242179738,1216.21564390734,1204.99554839901,1211.82439596486,1216.9674945254,1150.36755768022,1183.28299580269,1269.93494477784,1195.64408187336
231,"ETH","Ethiopia",461.8825837693,438.76449682699,422.01070549156,407.12638979531,396.78552415477,390.2319965445,389.98609860446,395.91330892899,402.78896517791,409.06563201749,410.037728454,405.40305023478,401.02280476158,392.17830756695,384.38750149599,385.28025370714,387.14630695359,393.9818797072,401.42383616256,403.23589167106,404.72306991933,409.03475802948,410.55244766461,412.78011094709,418.18199248724,419.04720431696,418.19646879013,423.03972983964,427.84665573321,428.5788615625,406.01044062454,414.27578662836,423.47525528943,439.1176435432
234,"FRO","Faeroe Islands",NA,NA,NA,NA,NA,NA,NA,NA,NA,NA,NA,NA,NA,NA,NA,NA,NA,NA,NA,NA,NA,NA,NA,NA,NA,NA,NA,NA,NA,NA,NA,NA,NA,NA
238,"FLK","Falkland Islands",NA,NA,NA,NA,NA,NA,NA,NA,NA,NA,NA,NA,NA,NA,NA,NA,NA,NA,NA,NA,NA,NA,NA,NA,NA,NA,NA,NA,NA,NA,NA,NA,NA,NA
242,"FJI","Fiji",495.58697775094,500.00867724541,507.42309411795,517.17396593529,529.07753164452,541.78039444379,569.10607853807,618.33517427709,673.97398505738,723.93730278483,750.31023075053,757.5075746322,765.62785949606,770.13817038198,768.77001110748,770.54163934047,778.74634146073,791.47885002045,807.85362548387,823.72424495341,824.01592761848,815.89478746844,807.00300422782,798.46650345298,790.16738427397,784.62858206481,780.61661988137,779.24972563384,783.72165115956,792.65591898625,801.78563462439,876.57228815675,993.85065905734,877.55873829032
246,"FIN","Finland",791.69862065136,763.84921849188,743.67978487295,719.0081057152,677.11527127791,657.01990869654,626.94638774148,596.77660428254,573.26140626095,548.35555127989,522.39381501506,495.16283195325,478.33190771945,456.09604877015,428.89760215648,405.4688722846,385.43539771855,364.50416722021,340.72333192548,318.21248559759,294.25908559512,263.6731697623,229.09593292529,193.85872381044,164.77172159293,145.74832428527,133.01395453358,120.55726596012,109.85254339394,101.53373984829,98.31041434472,102.13590031884,110.58191489145,58.00332396607
250,"FRA","France",864.78724853325,849.65909647215,829.15437330363,817.36112138939,789.16838043152,786.55743800858,778.02677270645,757.26142545755,754.50280040785,741.8333642375,721.10180647408,702.61092394544,686.89443244126,672.39688706965,628.25814321471,615.25505953609,594.58282945375,581.19269768143,571.05920480254,557.91557856291,537.80184238866,512.2222573811,484.91410438516,446.58006581829,405.84750219634,381.1036312927,346.90302092244,309.83143953681,276.05157295727,249.61116310121,234.50466077415,244.74341390777,300.71862316259,206.89156648342
258,"PYF","French Polynesia",NA,NA,NA,NA,NA,NA,NA,NA,NA,NA,NA,NA,NA,NA,NA,NA,NA,NA,NA,NA,NA,NA,NA,NA,NA,NA,NA,NA,NA,NA,NA,NA,NA,NA
266,"GAB","Gabon",2517.5895985068,2502.76354657145,2467.4107759537,2392.06571418045,2377.1089816928,2394.26282530514,2375.05899415108,2393.23784841531,2394.62531578146,2361.72650685752,2379.3333167607,2389.25348145216,2418.85248361233,2420.71089325238,2427.55719396364,2458.8866266517,2469.40777732785,2481.33505103911,2483.16161940105,2477.28261619419,2440.56717782217,2427.50821193033,2439.33732191444,2487.44269472552,2514.27642823593,2558.98985023831,2533.18541120242,2494.05229957177,2466.20342953248,2446.4740989155,2353.95572834857,2302.52357019177,2403.64584380486,2430.69024660339
270,"GMB","Gambia",1301.20782284292,1284.84248613919,1288.65825426941,1242.82530690206,1197.45020595831,1253.75883124323,1183.64754801925,1159.05184857784,1181.22963619119,1211.025966377,1135.23767531933,1065.76284656458,1034.50382819024,1014.25081244649,1054.79397881046,1053.54353684321,1024.25764242907,1014.71325125437,977.93506932534,978.03571322104,955.26838773254,897.69602272458,912.44952392375,924.94966464601,984.2541292887,980.83811605239,1005.63251835176,1055.82077305128,1011.51765653142,1011.6275331143,920.44234442355,880.70693306241,905.7925711521,964.60728685932
268,"GEO","Georgia",2813.68537612615,2611.4175706796,2420.64177743697,2169.10712943712,1961.67319863069,1804.83518930123,1701.85389590581,1596.21691111925,1500.69795374189,1450.01104955751,1418.66735698826,1398.4389981067,1368.89341212271,1307.90293137801,1277.29418176814,1272.8563351765,1311.60680180891,1435.5306072907,1584.63332220407,1649.29327729833,1655.30017361627,1512.83813271808,1471.02755939588,1443.76996712601,1439.58667542292,1444.19313780248,1432.2193208394,1440.76609598899,1476.45133469345,1473.18835128333,1536.46294016335,1573.33041235439,1595.8678953421,1558.20477259264
276,"DEU","Germany",1636.70856564785,1598.01144833299,1541.2574572159,1521.87939443634,1464.77577237908,1411.9380228379,1361.88802706953,1300.187079418,1241.66834032395,1180.7604855274,1115.04616037151,1065.31763279066,1035.31854222407,1004.16883152069,946.85126860776,911.06613396078,873.98736009318,845.64267704317,816.53777663253,791.66424257601,756.47335438637,712.05588579952,669.5840914291,629.64378805475,574.98438727815,547.27032221806,503.16426574105,457.76992796677,416.91426344227,379.17697232274,365.0768810688,373.8598375775,404.43690409552,306.84001586328
288,"GHA","Ghana",1579.2739183614,1487.74779587187,1424.09154473378,1377.42452849987,1347.80835364688,1315.01347343467,1313.7072564753,1347.59442589918,1388.86206390025,1409.36626770596,1417.14929338439,1369.77503165371,1310.52300086295,1231.5652471723,1175.68975281482,1147.61568978151,1136.43334378371,1101.88015043162,1075.22031445063,1051.14587204609,1033.94827395713,1077.19721885704,1156.08262622796,1225.206240135,1291.58257460422,1394.03817192707,1394.65462281686,1394.2967602125,1389.25933937009,1376.25893693224,1351.74998552155,1341.24259279518,1418.28249046709,1510.75532920182
300,"GRC","Greece",1715.21977794448,1720.682749589,1717.23951648333,1697.26198002775,1687.8403565473,1694.06491751062,1682.07459489093,1664.19071934869,1665.09085893207,1652.65143764029,1618.25232802265,1554.83189762674,1519.70430726159,1492.62919504798,1436.85524886831,1369.85115934295,1311.21912396012,1264.04277161929,1143.35326644424,1074.75348819619,1002.73273331401,959.47108567904,912.10004092829,841.66238797082,789.27314182725,765.90507718718,734.44921646354,717.18138700327,687.35912562181,673.50071456029,665.0874355213,691.39626124913,728.85099397049,617.35359556291
304,"GRL","Greenland",79.03532316594,75.90684038442,72.84480296684,69.66397476427,66.2754678731,64.05777238392,61.74443658281,59.48652861192,56.76905269581,54.60261698001,52.44485740386,50.45872668619,47.62363845152,45.55320183827,43.82121072117,42.99154191492,43.24389029041,45.47813933587,48.24764911632,50.50746465141,50.19375816748,48.66082981319,46.89568936888,44.78594142628,43.04429667067,42.19355604012,41.52666013468,41.1138109769,40.63530119514,39.8640349944,38.96607205494,38.16535987042,37.36873988343,35.285178258
308,"GRD","Grenada",916.49502526322,941.26640055905,958.94403553712,973.01743526122,978.3625437845,980.20617635978,970.9224922533,990.04518322071,1003.0810479625,990.41139837358,983.56127822103,979.54885506642,960.80519205639,954.75226651679,948.65999464054,942.81900849798,941.05865272351,965.73194691602,1034.19194313526,1063.85090855515,1073.91348497241,1051.38008722555,1026.47107885452,1012.99340135347,1003.01853525129,974.66656380072,964.37615292476,937.70840236497,931.99432344821,904.67222518262,899.71759844432,903.48510379637,916.69932127308,869.22592656778
320,"GTM","Guatemala",1865.87228267726,1958.31847344109,2023.79480510417,2023.78649859933,1935.01793008811,1808.64310145091,1749.51054627764,1734.82992621579,1733.90449138893,1717.68788582083,1656.33907197211,1585.0646849312,1455.66279235929,1359.34127079073,1277.32757418595,1189.23401720871,1139.29554500267,1088.81538437591,1045.14407689472,1024.75683643704,1025.00335509003,1029.14913389697,1020.48730795884,1024.22686943949,1032.01690312905,1052.11114715452,1073.19697382547,1108.097760096,1132.23344151447,1148.37526611152,1125.19881104988,1146.53237758398,1121.90979979299,1156.13347900665
831,"GGY","Guernsey",NA,NA,NA,NA,NA,NA,NA,NA,NA,NA,NA,NA,NA,NA,NA,NA,NA,NA,NA,NA,NA,NA,NA,NA,NA,NA,NA,NA,NA,NA,NA,NA,NA,NA
324,"GIN","Guinea",1317.41650288453,1282.80386838802,1258.5869695124,1227.91580706712,1205.26621705966,1181.72926104606,1153.76074720212,1135.2587607589,1119.31309380667,1098.15095901919,1068.69872819639,1031.92233027764,992.08128637433,956.10477264439,935.90782729137,911.97723817087,907.33879809334,898.14954074429,893.04863877932,884.39315844519,886.24798633828,886.93240351802,889.20101164059,889.36220028357,900.57264445627,918.37938120051,899.60827524757,872.43138685532,839.69579316098,812.51910350189,763.24768954063,757.40031451318,797.70006612466,804.25206645796
624,"GNB","Guinea-Bissau",1411.68840059752,1375.04627781232,1340.14150249512,1310.18174657811,1294.67570086092,1257.68284076159,1314.03279970168,1288.51818677667,1230.24858845099,1217.58566500863,1203.13107296452,1190.88476406453,1165.02285675396,1129.09626050311,1094.26039048484,1092.80383804166,1048.51871787772,1045.71101811129,1052.37958245417,1030.60497387312,1026.73440503581,1023.76810621706,1033.20307329201,1026.21590334484,1039.05577076346,1064.92048812354,1059.56329430082,1050.77990659343,1019.90012004846,999.15368004138,947.34724111903,897.73909337121,939.44458862981,987.11340687223
328,"GUY","Guyana",2211.93992089489,2136.73759180331,2148.02219672916,2217.09208107213,2247.62965937899,2251.24825207961,2317.07348040756,2415.45733005306,2415.47135740239,2370.21366463471,2266.96081253347,2376.16578949431,2405.83191557659,2412.25593176387,2402.75410526423,2358.32455277587,2297.17361428766,2237.02484823096,2164.81893938783,2114.9182736894,2034.32682403206,2004.69749118604,1998.86748656921,1976.23917990196,2003.85219896565,1976.64140978245,1910.74196494975,1832.08839858582,1770.07824533071,1718.60337577271,1642.90040339664,1736.63160820144,1839.25824126399,1744.60266500467
332,"HTI","Haiti",694.26058018658,655.76630314315,647.93763800053,638.87789697866,615.79229382642,612.95753803505,609.84873827531,627.54342728968,613.39012604042,628.89866731471,628.69629026271,627.13978517722,614.23583906227,601.48192668847,593.48825954919,578.11969459282,577.98259589733,593.53363872663,608.42479263776,618.07085938051,621.08088909608,627.68118007784,622.57455533515,626.81634197088,625.67836338491,623.69178077099,622.76344354632,621.95994832437,626.78124357773,626.47952396541,607.81104455126,590.41916651927,575.71761328011,615.02546172033
336,"VAT","Holy See",NA,NA,NA,NA,NA,NA,NA,NA,NA,NA,NA,NA,NA,NA,NA,NA,NA,NA,NA,NA,NA,NA,NA,NA,NA,NA,NA,NA,NA,NA,NA,NA,NA,NA
340,"HND","Honduras",872.95342657395,856.21448055163,847.88258780026,842.37045298948,838.11021190853,841.3947028561,855.96128481624,869.3083618023,882.47498439444,896.56885016577,894.33552474251,883.07816080302,868.75789921386,853.36624402439,837.04059058675,818.10265149441,796.60824147375,772.14221544493,751.11500530103,734.93139081708,729.68683198488,746.34280682292,769.22942450952,785.16490094577,799.99609348804,820.72555153352,842.52526608462,894.15209666855,949.18319032196,988.28775324377,913.25752767717,880.87671084803,846.73847342664,960.51597188794
344,"HKG","Hong Kong",NA,NA,NA,NA,NA,NA,NA,NA,NA,NA,NA,NA,NA,NA,NA,NA,NA,NA,NA,NA,NA,NA,NA,NA,NA,NA,NA,NA,NA,NA,NA,NA,NA,NA
348,"HUN","Hungary",2746.09337620179,2731.93109943358,2712.78613904119,2679.08567220734,2571.78012708246,2490.71549822492,2395.47924449807,2280.82649968071,2207.987302812,2136.02016039118,2023.96757479761,1956.78246785575,1966.00621152424,2000.72468806209,2012.88124364916,2052.86110273252,1965.5235091399,1890.25678741356,1796.34311068398,1719.49918486476,1659.17979893179,1591.48758034939,1535.50785796207,1476.37033363815,1434.08106920657,1404.76688073817,1318.8976945281,1226.58403865785,1106.01539280211,1006.48923749491,966.63483433298,961.27643123851,968.57620907862,884.0708657175
352,"ISL","Iceland",251.39926808392,246.35229863345,240.83703961281,235.14299089704,234.09270784279,226.13636328835,222.24076288762,215.56383513726,209.20928968643,202.10776491668,191.14803723518,182.17002469856,172.69511906867,164.34145541955,155.88163479428,149.05552619379,146.96736094966,145.73843295784,143.9705953699,141.49305269258,138.33299384783,132.48765652936,126.24156921832,118.88936096409,111.95536893957,106.63317226768,98.70891239544,90.60617423047,81.92291727079,74.6742524362,71.15605385612,76.46682838231,93.25318748064,71.19334044817
356,"IND","India",1707.71715480838,1665.21892644592,1620.62266082381,1577.90658683306,1553.5789651489,1549.07726865104,1561.89033422901,1585.89147358019,1603.68544583904,1592.38578414188,1575.98704461651,1568.49518675551,1569.99870859343,1561.61984727976,1534.60702562682,1527.06408747025,1568.95932639319,1621.59328407672,1644.78559623933,1651.24357679912,1673.8609336953,1735.85930678876,1814.12658191367,1870.20404429354,1925.18214415053,1961.4853843679,2041.7169348296,2094.32526513733,2152.39830521769,2122.02961454263,2016.72488530144,2143.01975097015,2178.45314304258,2262.68246259685
360,"IDN","Indonesia",1282.20766254145,1295.12780721411,1305.92795085655,1312.44239466303,1314.29013319926,1313.26388847507,1316.78267204686,1326.85837498691,1331.79699572841,1336.19057591865,1336.12981882972,1330.64969768738,1325.38205097393,1327.41289610988,1389.94871345961,1336.26013947195,1334.71126428298,1325.95456326557,1316.05495556257,1306.27244276234,1305.88725757552,1355.53387943481,1481.14055509368,1623.06423732466,1736.26597029937,1796.72888740923,1769.36872594826,1700.39781510585,1636.33041150508,1579.53682419772,1541.26802968183,1631.86345381569,1629.96164102156,1730.70918533593
364,"IRN","Iran",3565.23624514269,3409.35875157324,3334.81093291819,3269.2921606767,3206.31695636674,3146.14572978842,3095.02741716503,3059.16355473046,3029.23732659068,2986.6457874339,2931.88989094007,2855.24289962551,2765.83661266937,2745.43701741728,2562.1407503535,2479.17308064717,2436.77931075019,2427.06897270713,2428.68176967759,2426.0835426662,2387.2041412976,2329.67862765402,2266.81563391623,2228.56565574813,2190.27080231078,2182.52394607591,2147.18395096331,2091.48735726327,2035.45317609641,1977.49360092207,1835.8990121616,1791.75001077173,1887.92835454272,1816.30514224666
368,"IRQ","Iraq",4641.00022248945,4373.4680026594,4193.10700422781,4044.2405497727,3935.10230926467,3903.6452001444,3941.48991021058,4014.75590303149,4098.52672247426,4174.44735352033,4230.44987733857,4256.38156969324,4292.63443364772,4353.18310522521,4383.91686357334,4438.11241392514,4550.05360170385,4741.10044830631,4914.93014290765,4994.60485279236,4976.4907161295,4845.5660192802,4735.4904133025,4592.24289437754,4490.69232982196,4455.53626922006,4326.70580792235,4213.31825207657,4174.527932455,4122.30276440559,4063.00410688672,4094.81441906039,4367.37898103781,4173.64828624027
372,"IRL","Ireland",1166.49192047148,1131.71325872717,1107.37996848491,1100.98204760906,1072.06966991414,1050.96201478436,1011.47135296577,959.99453802758,930.27075808437,896.37371495936,836.7145737712,777.23880460822,737.68357897415,695.86742808275,656.739920605,612.31025394846,573.4154034414,526.22042796415,478.7227573772,432.38605087523,385.95676711269,352.65558647973,320.47230036586,289.28200425091,262.51190416036,253.32811991672,249.69027456576,244.67398063149,240.78871721281,237.30908843572,230.31836460788,224.03472689231,243.02423286041,195.47990860335
833,"IMN","Isle of Man",NA,NA,NA,NA,NA,NA,NA,NA,NA,NA,NA,NA,NA,NA,NA,NA,NA,NA,NA,NA,NA,NA,NA,NA,NA,NA,NA,NA,NA,NA,NA,NA,NA,NA
376,"ISR","Israel",1564.14299897861,1624.91389792729,1671.23395184915,1652.38751799558,1607.90173601593,1534.87890591069,1440.091016225,1400.13347744215,1370.65449818303,1297.14859836373,1249.32154391811,1199.0847317167,1150.00741790852,1115.14623562968,1071.39916127631,1028.08903813575,995.62776466773,959.40136742526,899.37920105766,847.94948870437,811.08666674202,789.09785719669,758.58492582136,731.85081009058,712.76666110771,703.83764381105,681.88614951201,663.32092716018,646.21048876894,634.97872300194,616.36793938672,611.24097129914,632.26187435969,597.2074525856
380,"ITA","Italy",1552.13141962987,1523.83413588205,1471.7413871564,1436.52079923894,1402.53830655679,1365.43134771456,1321.83856881489,1300.83543437066,1294.49835382916,1253.6636958423,1196.22169147271,1147.59852025334,1124.11489382381,1117.60906582303,1035.57843057516,1007.92159025628,945.07252899477,886.14616838327,828.44110417451,775.76799977393,732.23202976894,717.32745434631,704.43123287582,679.34907262493,661.73338140391,666.95736148501,626.6019567994,604.41141958019,564.36035808015,539.94233088288,527.12024937497,521.27144117244,543.72363557825,501.76043005358
388,"JAM","Jamaica",864.57636278841,853.01266928476,869.85044997738,898.5456525438,921.75188976952,934.60114348666,929.34650566713,951.3238934118,988.40556915845,1026.37600066316,1055.30384102703,1066.14206659981,1059.35147478497,1064.67169102118,1062.63040427121,1037.27477647772,1023.98961426657,1031.08679364248,1017.91950592149,1055.9768205516,1064.37976816224,1080.14372297973,1082.31085598058,1110.57470146911,1159.06240755295,1187.87854601693,1206.43607641745,1222.11227093662,1229.61978895508,1231.08063114899,1219.58033468785,1190.33872605139,1131.00476701727,1130.02700363018
392,"JPN","Japan",625.54812921649,612.25393545385,605.9834779326,599.7827633571,581.79073984093,581.39333839925,558.14289236703,548.79090482338,544.6447365873,545.96426201602,525.36610069856,509.11289920564,494.90875920256,483.81511404737,469.34968857182,466.53230545466,456.5577972278,452.6353851254,451.81540605662,445.83538053603,447.42731142351,449.61595939116,449.55461306664,448.92976835098,446.65829617592,439.80669428647,424.67049236634,398.79533995605,370.85652733229,347.57911762548,332.36328425038,341.30256537588,370.51121178034,370.32693430161
832,"JEY","Jersey",NA,NA,NA,NA,NA,NA,NA,NA,NA,NA,NA,NA,NA,NA,NA,NA,NA,NA,NA,NA,NA,NA,NA,NA,NA,NA,NA,NA,NA,NA,NA,NA,NA,NA
400,"JOR","Jordan",2774.77109528246,2860.70261628784,2930.30612542979,2981.31792576082,3004.64526752729,3001.81888833514,2959.61508021243,2880.97281179839,2791.05172568142,2706.81079428117,2659.14938604713,2657.97017283589,2677.83355254029,2687.82615766383,2728.96939623932,2771.70926807859,2800.64301405524,2780.85862492993,2766.57679959518,2745.37864584,2675.56532827462,2571.07037615379,2469.70031311228,2377.62723578381,2281.28655817114,2207.13352684494,2143.70081742949,2108.58356834886,2079.44745673599,2058.34803898509,1984.4399778996,1979.70367135991,1877.86913680374,1847.34431517096
398,"KAZ","Kazakhstan",2447.12644942639,2526.55260522346,2616.0706032323,2814.62232709024,2974.30603699661,3026.51525934111,2939.85245164195,2740.16509761747,2556.87431388775,2431.77150726909,2375.13001762857,2357.13108527873,2404.47437578654,2485.48115354221,2492.50696432769,2563.09657919592,2660.8980199955,2783.68791207221,2791.72982430576,2684.75951069201,2615.44872925669,2531.69557413175,2401.09621664547,2300.42380723795,2176.61611417437,2050.52138646701,1961.49007611469,1896.38637652846,1859.14827916378,1831.85000376687,1850.13414921008,1773.84966938397,1533.88311996392,1617.69515390328
404,"KEN","Kenya",360.74824831867,357.48777933382,356.29315535485,355.77471811125,356.19154115872,357.42096592491,366.02481246455,384.3072636919,405.16878750931,421.39663662054,432.97068423904,424.74875517644,414.46246939129,401.17990611415,393.47836807017,388.72267949101,396.39924121651,419.94860612567,446.48001479606,467.48979671098,477.79559219696,471.02152761168,455.24978837151,436.40430141757,420.17726008258,411.10311569199,412.5967652239,425.83674127463,444.47049670893,456.6177259064,454.55182668755,450.12033922036,422.2919338936,436.25143769661
296,"KIR","Kiribati",146.32552272361,146.08110602609,144.18809114779,145.17378074554,144.31767635733,143.39902848436,143.47753767831,144.62533082426,145.74573773941,147.30860361513,147.74039593939,147.26110659734,146.94060988469,146.06149790797,144.69317355545,143.05046523004,140.33976553751,136.61475868753,132.77300955,129.62714088718,128.45075364668,132.09614157826,140.18266010299,149.40816909386,156.08696262888,157.44116551396,152.42255071585,143.82475012114,136.93466344523,124.56074513001,116.76592479194,112.18005177072,110.37100360514,126.64178855467
689,"XKX","Kosovo",NA,NA,NA,NA,NA,NA,NA,NA,NA,NA,NA,NA,NA,NA,NA,NA,NA,NA,NA,NA,NA,NA,NA,NA,NA,NA,NA,NA,NA,NA,NA,NA,NA,NA
414,"KWT","Kuwait",3746.93863990373,3562.33437488974,3376.44256316888,3346.11329379081,3329.61432871957,3454.81339981434,3449.23804961877,3560.25247358385,3577.83032530236,3455.15320273691,3380.91063726246,3403.17847201121,3458.28341853018,3450.81907266043,3355.9490208983,3310.12813383545,3298.70605506222,3171.28572785875,3010.02278641133,2787.96280651346,2674.20279719453,2576.98637059244,2488.01970609082,2419.27217951115,2349.78807103621,2366.9591558684,2336.94045458067,2286.31997466984,2236.70962954176,2181.96128950757,2010.7086728414,1997.39563626671,2135.97193578209,2025.77705417615
417,"KGZ","Kyrgyzstan",1665.80320396962,1629.22441567228,1638.2831270166,1690.01955337797,1707.52890661565,1662.70029071749,1571.35645939458,1462.81953690172,1371.29127517075,1289.90215124092,1250.48777891123,1214.45853893856,1203.43683259022,1189.51848293287,1150.61656093496,1134.09358242176,1120.17351723152,1084.20866903824,1034.52887386873,986.82589443546,954.31642870355,961.08611537907,998.4585565933,1029.02837514205,1055.76815302675,1052.32945766275,1034.60217917287,1010.89484255439,977.39241943835,931.9533164186,844.7256195419,866.95427977754,863.28780745327,949.01985082787
418,"LAO","Laos",1712.25964927947,1688.6702711466,1671.63119240711,1660.64379008962,1647.48387288239,1618.21842970984,1598.19405414847,1582.79096344364,1576.51279359044,1559.52541836896,1532.4402250108,1524.02094886421,1525.07631347152,1526.37800518069,1520.2597489693,1504.82120590733,1476.05160817308,1448.42594972062,1426.32697517715,1404.66797839912,1380.6885286694,1364.86844184631,1357.8239775356,1368.865244989,1372.05855744979,1391.8130261989,1439.94365404279,1508.75805066123,1598.04190463542,1667.9952471927,1665.74416901548,1590.21112873855,1600.82346979539,1708.08174308815
428,"LVA","Latvia",3170.14496313589,3176.1382687174,3257.34829903399,3372.52706653324,3385.75077065364,3209.06883938,2949.13979903585,2687.50677121554,2513.64391764954,2372.68050567892,2310.99159820452,2282.60583135768,2253.28121550663,2204.69207479644,2174.88319321411,2148.49574238731,2106.36903987197,2031.89392557037,1912.96212329715,1812.00075953791,1723.14563910317,1623.94173838007,1487.15265089976,1350.45642138181,1232.38670892992,1148.153191066,1095.91447384634,1036.19903480122,988.31987668273,937.74483231653,932.34481383903,949.46982795281,957.4320460777,827.94088736908
422,"LBN","Lebanon",1575.59288015106,1575.48801081647,1590.22786744389,1593.96133574389,1582.38363651518,1568.0878292342,1538.72220975801,1512.89611130398,1479.73781324161,1441.82915676358,1409.5581393352,1377.78800482204,1343.91153366512,1327.78009484704,1324.01056348104,1335.11385702856,1360.09327095429,1397.70957091045,1436.09423527821,1460.57942671673,1464.33428865731,1500.93054637565,1537.17974494663,1575.88660123718,1584.71757047587,1539.7956627452,1453.26478590298,1420.8031851385,1497.61173832752,1718.14611291071,1878.43173183434,1471.79421562228,1586.9257017271,1557.33124885207
426,"LSO","Lesotho",913.13173285102,914.56064504913,912.46182681423,912.45092525571,912.81363628227,916.33450232369,926.30040290848,936.74156030802,948.40814730903,964.23502652812,987.65547949437,1046.91149965504,1075.06118811153,1010.88302842352,949.27533911681,859.34732768032,797.69168819219,811.31962337563,862.05379591163,920.20953880457,952.05256689439,949.58987667301,926.27053018566,899.11793316554,885.46241727912,875.19333716655,859.11872985105,848.94654415627,854.02505214593,860.9375568627,820.55470655837,839.33025104384,990.92350092888,917.95462470401
430,"LBR","Liberia",1030.63121112348,943.09390316927,833.52535185226,784.16590054043,761.05107516693,728.96274245442,741.81123667177,718.41916405564,734.28942513736,736.60453357927,724.74183240719,697.690194049,681.34046292865,670.29903669858,676.68288606242,654.70130419501,641.71455237764,607.36848465588,585.27305657179,572.23302606562,568.83316921702,589.06757564981,637.98751639952,676.5134533626,687.14822427141,702.87237205056,673.81597838408,635.6761285518,606.15762977131,586.4280254953,551.89194151801,543.46831251739,545.92738479251,614.66283930043
434,"LBY","Libya",2516.77993349784,2471.75015717903,2419.85735457625,2380.34907044975,2340.63850351238,2308.28128023317,2285.93193382895,2275.16418278259,2290.48315587388,2296.09732428425,2289.57086502197,2323.34344140539,2393.12401822256,2451.02336538635,2505.89857070355,2539.26946738745,2543.57056434228,2556.13103477598,2557.10118524565,2569.43578530926,2536.82972947989,2438.89844495751,2268.1851249677,2119.00568873099,1972.70913889914,1894.13535261559,1854.04186428989,1805.89770122112,1795.27897177536,1760.54076764613,1778.44205365083,1981.86614830011,2054.87631599214,1655.97635474337
438,"LIE","Liechtenstein",NA,NA,NA,NA,NA,NA,NA,NA,NA,NA,NA,NA,NA,NA,NA,NA,NA,NA,NA,NA,NA,NA,NA,NA,NA,NA,NA,NA,NA,NA,NA,NA,NA,NA
440,"LTU","Lithuania",2923.01899910034,2944.99739975091,2990.71900438267,3082.20398800404,3060.54373002963,2923.37509454716,2745.31500712948,2566.66498964627,2412.69591539349,2293.76806040241,2196.98412987267,2149.78198441136,2086.34161162475,2016.44953310415,1970.40590652491,1971.13873945001,1966.74636295502,1910.48425616778,1826.48376111978,1748.65007618647,1678.01542849766,1595.05121967258,1473.77861428443,1336.67329615607,1212.58174321398,1124.27276080296,1028.96297502538,933.5131800612,857.99686770144,808.48449069285,777.27179650256,743.50327742502,704.21601367804,586.10849362151
442,"LUX","Luxembourg",1368.72519164273,1330.8759059601,1290.47215016897,1256.69643314934,1210.51005878073,1171.36868203165,1139.13359575793,1075.27145347403,1008.16524039244,946.44124331375,892.89524834936,853.7756405169,834.53429590381,811.04554628173,772.40500447394,740.67433388086,716.9094647631,683.95276843262,657.38993503313,634.01156726449,611.51239450286,583.59389622811,538.06140847097,488.25100530422,437.89752767652,396.95051563627,357.1385800696,310.72338833281,266.00406489049,229.40013403515,209.44067979316,212.68397579601,239.66825275221,166.59785124839
446,"MAC","Macao",NA,NA,NA,NA,NA,NA,NA,NA,NA,NA,NA,NA,NA,NA,NA,NA,NA,NA,NA,NA,NA,NA,NA,NA,NA,NA,NA,NA,NA,NA,NA,NA,NA,NA
450,"MDG","Madagascar",320.74194539485,307.62460962097,297.98270402468,289.57790310887,283.2332816668,275.35816146894,274.1771224244,279.16562667147,286.35718188988,295.07270582699,299.29868828013,298.52201961349,298.09775017443,296.10636641618,295.2533372386,300.05105656621,313.5423779967,339.13346221208,369.88634762331,392.56122034439,399.55287978361,395.07325177473,378.53474865625,358.93066200056,341.89075038755,331.01752424957,319.94111553224,309.44159010518,301.24165164344,291.03458329313,269.97056413297,274.78632098323,303.58574905353,274.68524922374
454,"MWI","Malawi",490.31712650677,468.63925497463,452.0667057308,440.49441518533,429.73008829044,425.50833893694,423.97984494121,429.57688034271,437.15714707578,445.50014391568,453.97733120802,448.9639910982,446.50966177666,437.27474951049,432.48375127972,418.50272971482,410.11468195893,407.44735705792,411.71086856103,420.97335956766,428.12697717833,420.44518724835,401.31679106844,376.87133230471,358.14407034286,345.46793470941,333.33074206507,321.50689549866,313.77011078702,306.17119869171,288.72636960452,331.96212026179,342.01248839756,298.30556868029
458,"MYS","Malaysia",2743.86245297127,2625.16913157059,2510.58187146287,2417.28435130451,2357.10480018114,2314.11448380506,2254.39121634479,2197.94902342603,2196.72381112048,2222.9475953054,2163.90038087471,2105.96687686633,2081.24780562397,2061.55595728094,2014.67841155468,1953.64386622732,1836.35245415747,1670.8114048477,1504.9158512513,1366.10156145599,1303.9222180493,1364.85396061567,1520.93816233082,1721.97816147561,1889.88464187975,1976.28453536909,1907.72648828148,1716.4130418697,1473.12276293276,1235.9733803672,1092.00738044316,1143.49994343952,1338.84364311768,1319.36795243328
462,"MDV","Maldives",1971.902101613,2006.38245433206,2023.69964212167,2021.2804015188,1993.00234727209,1958.01538811868,1933.66821099997,1884.45266466708,1820.99510844949,1753.78525675346,1719.00140091653,1712.4834974272,1714.3935124667,1727.69828953321,1744.94826139791,1703.41102342222,1606.91728498836,1440.48048625831,1254.09235235596,1101.28462218953,1018.09750488838,983.23659812195,954.99573070255,934.03974176991,910.97808386316,892.78698692845,883.71237067069,877.4800109114,868.01446613107,855.24668524166,834.51519246321,805.33683573834,792.8821287488,808.01851830988
466,"MLI","Mali",1349.30453066524,1307.47637493293,1271.18207111062,1240.67794309103,1211.31190557481,1190.23193324982,1176.72528394601,1159.73266428645,1148.24711893021,1133.93995580098,1118.82322002918,1082.03214748422,1068.06138498808,1035.91962567834,1009.57564057206,989.30461285664,989.60195753521,996.10285946838,1017.2934699126,1034.64394187331,1038.86201949041,1027.98443992649,1026.81272412181,1012.37630888206,1016.85278181744,1056.13480343884,1048.24620999188,1027.98272397423,984.70302177276,934.22150386199,870.97309961722,872.98650075179,924.538106658,924.86503545968
470,"MLT","Malta",1271.64689295192,1273.69245750908,1259.54618556292,1219.38849149506,1173.49879009101,1158.7957790516,1157.02543645956,1142.41883832884,1111.04188807484,1112.62733829651,1067.76845257677,1018.44211994206,984.67167017847,951.70742469138,913.48313879113,901.00851026058,856.96842541271,790.96625982164,731.57875863854,678.1690594357,648.29352956557,649.51077092913,642.4493788708,613.18757144631,592.67519523635,579.03685617833,546.27594769699,508.25469472514,467.15812523389,435.96371995634,407.69696817815,414.77398487557,437.19530932933,390.69670370851
584,"MHL","Marshall Islands",375.32574251837,374.19437189699,373.51553885313,372.88363553996,372.21890935787,372.13763634594,373.52869702453,377.11727177908,382.44872840957,385.76260098027,394.90754639957,390.35399994815,392.05398731735,393.59855011729,395.98652989245,397.72897770403,403.84880568968,414.96092883238,428.2551584901,439.5675193003,446.18543132062,449.36294318115,452.02902024284,454.1875266841,454.1235589844,451.37346098623,446.95564765841,440.40552486273,432.65851042452,425.36419572289,424.04588784011,465.4263260437,506.68268667499,459.82744568982
478,"MRT","Mauritania",2038.25203779947,2023.9883774337,2028.83753083061,2037.56696811327,1954.94029785706,1924.7940116198,1953.07800007232,1969.18292459412,2022.43680209792,1983.27551417385,2005.36808272834,1985.33736259659,1953.67196168733,1863.32222642583,1858.89055102595,1822.33561930836,1851.21008918495,1798.77641925135,1783.78509390979,1856.33186408373,1853.00389994035,1848.37420500303,1938.10634827015,1905.40278219439,1845.95365578416,1870.82234828648,1779.49176398464,1811.50668048307,1759.19378208711,1789.56026350491,1691.81409753089,1725.68528389974,1817.56915840566,1856.35624179199
480,"MUS","Mauritius",1457.10503213232,1449.12853058977,1452.91052955528,1483.6376133777,1469.66737465136,1487.45106287762,1507.76440959186,1523.88934591682,1515.95510839462,1512.08865868716,1507.49356304658,1533.84816343458,1586.55814654313,1666.11324152695,1735.57160358087,1796.98312500159,1741.90167521586,1700.48919805555,1664.42316999386,1624.88877177597,1589.92919689542,1543.35998174895,1492.27416097625,1424.02118421261,1373.97047381096,1346.90394428142,1332.27118524136,1315.21624682971,1327.82539600268,1324.60862624478,1332.70393643094,1417.84372069987,1489.54153598593,1403.11916426025
484,"MEX","Mexico",1803.42147721976,1764.45885082235,1748.04953777063,1745.03695134486,1745.60728317634,1752.65815904334,1745.86964076048,1718.13793790321,1639.31482927476,1589.68185186374,1511.23327676814,1453.84414551057,1417.30248500177,1364.14981183644,1302.39166348114,1256.74051519362,1187.81957651476,1123.61127558193,1086.89227848246,1055.35976064092,1052.9831574299,1035.02367275455,1035.48953989629,1056.2778030906,1087.20523194741,1092.00803909363,1109.80963880378,1113.96087748976,1122.60626750715,1119.93819791749,1112.36870901936,1132.0484052488,1124.00691151462,1133.68254007985
583,"FSM","Micronesia",303.47112732814,300.31942254504,297.62569517642,295.20402366953,293.62263226342,292.08950061768,292.70661173799,295.87608402872,300.28366886106,303.85597169708,315.68667871055,305.78423890852,307.11061459394,306.59758791565,305.79084466658,303.36475514499,300.18080668795,297.43855350117,294.66915976297,292.30190125106,290.22972360109,289.72883587984,290.32840500072,291.50714876225,291.13788651591,289.07693986016,279.95181107187,264.75758756552,247.96204474703,233.7366924707,228.56758684067,251.07617452706,265.55467102669,239.12913177049
498,"MDA","Moldova",2203.54668412869,2133.04801189266,2029.03601587409,2014.52293718557,2005.98193056577,1916.23713418461,1702.75782616461,1455.14347524495,1240.62246337291,1132.77176972835,1074.0837958236,1052.04442871171,1065.23366161233,1088.6056934064,1090.29158345653,1114.50633711372,1106.59488839705,1099.90409786259,1091.17419014043,1096.13444592683,1101.12964936913,1073.63674065661,1070.36909362009,1083.63652659371,1104.45916001316,1115.0440475655,1091.64182603718,1067.8311109402,1051.56765102263,1009.5146235173,923.09463611982,865.24588796267,882.6102851437,967.35688625231
492,"MCO","Monaco",844.97735360658,818.52869353631,799.84511341837,790.4971235642,783.42189179069,783.01585753447,838.03664424605,965.11593926709,1118.72407591436,1240.54177851248,1278.34995916538,1253.65792588121,1225.56130516131,1196.46701368589,1164.3820865615,1127.28928043054,1080.14087230003,1022.91196639675,965.62362670251,912.35059154557,864.53533282448,826.47228316887,790.3625747655,755.05268192038,716.79332313774,674.791354224,625.91575123847,572.95057119706,524.77810657826,487.17744661884,462.70641097057,472.81188304798,501.41693299621,430.59768630268
496,"MNG","Mongolia",1428.72566835597,1428.99509231308,1411.62661752353,1372.22904261699,1325.99072291263,1329.24909638541,1340.13991551744,1336.23544683727,1329.00230381152,1322.63011050426,1325.07454711224,1335.5598298198,1336.12574759809,1332.70346696054,1332.00740201913,1348.57020143166,1434.08722380527,1607.07437934234,1849.93717678379,2125.17131513403,2340.59142412724,2510.83480354792,2626.76617166109,2677.47915539034,2634.14401619807,2580.03008632878,2466.01466810296,2345.51212369364,2243.02011952594,2122.42228898662,2029.52351359977,2149.47817721568,2158.97309293264,2286.41746647939
499,"MNE","Montenegro",2239.75807066486,2115.22048333296,2007.05743849959,1935.88419791268,1888.54000549522,1861.54266266346,1846.80081528891,1806.23154367598,1774.31879016336,1724.91692826867,1713.01910624639,1723.7772841422,1771.36127525367,1817.6319897132,1859.17541193929,1854.66035244038,1806.5584252627,1759.16552142796,1718.40586752943,1687.42573731848,1660.91884681412,1654.28892042863,1648.69664108104,1648.30369988908,1652.52173789977,1637.18380181826,1589.44895100853,1531.87762350575,1474.18978516245,1411.78201570093,1363.13488927252,1322.4041871366,1326.34608614746,1381.76841739098
504,"MAR","Morocco",1541.8212728648,1541.90001665933,1555.65077178876,1582.82201222107,1608.52831904792,1633.92141743359,1693.03774623843,1779.9396059927,1885.30461643485,1980.55750661135,2045.8575111679,2069.38684033225,2082.68277108638,2093.93671452828,2105.48222308265,2121.74788994569,2161.95671772236,2225.9862659131,2279.45088972489,2308.57278799788,2302.2393741949,2269.03443919068,2238.7384630872,2219.39724639916,2187.52791229421,2166.52629346085,2118.35970502334,2071.43846428129,2009.57100940307,1958.13195778745,1925.28620463935,2034.81788948903,2246.48666639104,1996.19293734626
508,"MOZ","Mozambique",318.80120985748,311.42787657451,305.95228560342,299.47663545018,293.76220592659,291.37760266318,289.62879552387,288.96039706947,289.25933253515,288.88182745242,287.26810597499,278.19804895239,272.96054002835,266.85010181688,264.53737093772,260.89938232247,264.82085941338,269.02115755956,282.16586935628,288.47027679876,289.24325342399,284.7323905079,279.90617782121,270.81474226492,257.89108350214,249.03278012221,240.36965155127,231.90760322121,224.52416064649,223.43445171905,209.43180912957,219.6135145701,245.1144349822,217.45922588875
104,"MMR","Myanmar",2160.69456234706,2124.78583072266,2072.37724322078,2021.77385458054,1970.40850937459,1928.91805114288,1891.3458441098,1867.4486435315,1859.23090406001,1840.31841359583,1829.82644591961,1833.32231665428,1858.29008711118,1890.18961096333,1915.90317374612,1917.31216158329,1884.07970303896,1842.26146986216,1918.75130037063,1772.1355015049,1744.70409833619,1727.25834126327,1734.96738257193,1767.9611564196,1792.45033370556,1813.60391391216,1870.68689046482,1937.28081857568,2025.21157309811,2089.81420085938,2065.34419968407,2057.96997277051,1946.71022417489,2140.35786667466
516,"NAM","Namibia",1081.19830363626,1064.30591768802,1045.12640151254,1022.39521755871,1009.04457531005,980.96451956943,968.74939611001,971.26734607559,980.674135824,993.19947173055,1004.96087787361,999.34519949403,1008.62169194437,1009.85074745438,995.46384419172,995.98112937557,1023.87294632796,1114.81786428578,1210.38691758479,1279.07771780763,1300.51247996521,1281.42993529478,1245.65451277492,1201.9959841212,1154.00078624712,1124.54691653133,1090.14486346302,1045.55278425884,1014.55025665715,995.29178518978,910.38091861722,908.25892010458,1034.75247314454,982.81305302135
520,"NRU","Nauru",1067.0135893637,1133.00495577479,1185.93902067038,1228.89061836223,1261.61796016822,1285.8605133146,1288.90586172409,1273.13554776281,1248.04641313637,1210.85398976944,1177.40624789407,1139.18328704317,1083.47413835163,1021.01647158286,967.25625274852,931.100454148,905.72106656688,882.75337793785,854.40176211284,835.3245105827,825.61180521711,879.17960423022,1010.92881167465,1166.72914388933,1284.81705419751,1324.28842767414,1257.70027628048,1114.70268741247,942.29311957654,796.2808341078,734.52092919915,763.14566184196,722.84836826398,904.11049702679
524,"NPL","Nepal",1429.36470934405,1402.52104290217,1370.70310290104,1337.52318269504,1315.97095830599,1294.83798556801,1283.01539300648,1282.37831998334,1280.4934944486,1271.61912235657,1253.14342779117,1225.64093740817,1197.72165800794,1174.40292033667,1146.71244090605,1129.10043231086,1113.69837935725,1114.40388491522,1117.56064952179,1128.51612442249,1125.12806165748,1134.70417212804,1155.96109849873,1163.70658429964,1175.04397572375,1164.74682017496,1174.92293478028,1169.50402536037,1173.55717325597,1174.1331780299,1117.74651782425,1144.91924310415,1229.76592349696,1256.28518831854
528,"NLD","Netherlands",1425.85471484278,1399.91089203041,1375.51744992563,1388.86186353926,1338.99330969972,1317.63718039003,1288.43652735343,1236.96136569711,1199.84473175976,1163.78333935552,1112.91189209457,1065.75538851142,1026.69151589052,975.19458812945,910.10164267838,864.15230870104,815.821045707,776.59184134582,741.36779796361,708.74214594317,672.37057150381,632.25369458613,592.56718774469,544.57844791247,491.82824909451,460.98563737968,422.35885161558,380.15140742002,343.71746763761,312.33529428859,293.57685136796,302.48047664522,328.48386690777,239.7409646335
540,"NCL","New Caledonia",NA,NA,NA,NA,NA,NA,NA,NA,NA,NA,NA,NA,NA,NA,NA,NA,NA,NA,NA,NA,NA,NA,NA,NA,NA,NA,NA,NA,NA,NA,NA,NA,NA,NA
554,"NZL","New Zealand",544.57489086576,518.56664400373,503.59502396242,480.47306659268,459.04013395005,446.96015637633,438.68667340847,421.97072331455,406.30623210346,402.24449059353,389.23585972953,380.17325414143,363.52283386484,344.19335629787,325.78510448386,302.09718478481,288.03426259697,274.83149721218,262.8021206858,250.89791408304,239.51966871205,231.43475202851,219.35575498629,206.30318564885,201.55049539717,196.83138243674,197.01348259963,202.4339151554,206.43049161234,207.8325534738,203.7084036175,205.97490450412,204.91280322679,200.03713071585
558,"NIC","Nicaragua",682.23607338917,648.41000843614,618.78235069397,603.142687025,583.26777088933,570.50652670616,561.12300515574,552.4953970846,572.95756980011,544.90498554483,542.92931204716,544.33432609173,549.2850109707,552.76253623793,552.06017449946,551.22216949024,543.03493374603,540.77708939069,540.05334144373,538.53749319739,538.66504953069,547.46333891505,556.24874376145,570.54321014026,580.67894420067,588.41642945945,600.32198589497,610.91918314078,634.45892753891,672.40827673046,679.81887403726,671.39997227972,624.81399113671,597.79159194646
562,"NER","Niger",1765.51671516969,1711.60730961305,1659.35528730618,1624.90897133425,1590.14300544101,1567.52170311852,1544.66423215621,1541.48640845684,1547.33497794514,1538.74211562852,1551.93728948173,1522.67222098811,1512.96315466263,1473.91876104793,1426.37668629581,1423.30722433018,1409.66917581485,1373.38720664908,1350.14345838586,1354.07842187102,1338.48923336216,1370.12357646045,1393.94951591377,1434.05721871338,1447.88771480432,1528.47947603657,1491.97211229624,1398.24473316467,1295.3051004022,1201.40552934906,1127.76608030272,1114.93210595334,1260.843157467,1268.26377360833
566,"NGA","Nigeria",2110.9784741419,2096.73720571215,2036.32684878059,2010.80596989835,1992.06353418769,1980.49568874655,1998.97123393534,2015.67185858612,2050.29102107683,2068.2615013183,2084.37285029016,2037.22933713913,1978.73967039422,1888.84967031996,1826.88569432693,1771.31678107361,1747.65732834002,1725.39513825103,1728.54623998792,1760.18107855418,1815.14923761178,1889.01039597532,2020.0417521922,2122.87618458391,2208.69050042005,2335.27993501965,2243.86878210755,2159.88222544341,2042.77975815774,1934.54667670769,1831.18988716028,1818.68829992927,1936.71288700509,2021.27909021584
570,"NIU","Niue",371.7797859547,365.68842327804,368.38290392512,367.51569945943,366.36080656886,365.35657895928,366.52976413174,369.40231546043,372.78793174012,374.84815565869,375.73027337638,374.70224443874,372.80918507074,369.13245974442,365.34862444702,361.68997497999,360.20121448433,359.43871155332,359.6000990782,359.10016411947,355.31377845839,344.4453888448,326.68374327168,306.17393903727,288.95760937065,280.03948332659,277.78726379881,278.10328207185,280.67452076107,286.03734374979,273.72419685637,306.52677825069,368.3463961943,289.56780697539
408,"PRK","North Korea",779.48592207838,757.5645819612,738.13256615811,720.68531942506,706.81626732905,697.89623458485,693.94178487749,690.87618275504,688.6167506163,686.17576555187,684.56597833271,684.14121542699,684.25471175963,683.25444023863,680.66421261647,673.68942132248,657.06725695434,631.9873893779,604.48556477047,582.16379932791,572.179356924,586.49943570676,615.78944073376,658.19224119584,683.61072333828,689.12266416093,662.97017888438,623.35512638157,573.10751015858,528.98413830118,491.06351067176,481.11135914092,484.86363246245,541.43501941581
807,"MKD","North Macedonia",2898.71681872808,2783.68688587316,2712.65147789129,2648.8184061194,2580.99720052189,2548.62371729647,2495.10158843351,2443.83966446996,2384.09900914542,2342.27356272855,2311.30217896065,2284.5181127486,2277.25622813025,2259.24635161251,2244.83867786343,2243.40359668705,2225.34333533592,2197.1470300172,2153.06566472151,2111.76428466312,2081.97510798366,2088.5262835202,2087.58378248146,2087.52298104206,2091.47876157441,2075.3968196082,2013.46721243106,1942.73473758679,1866.62993880556,1813.59752951406,1716.20070822792,1648.34805469465,1661.70318709275,1670.12166017525
578,"NOR","Norway",810.1511944289,781.14584306514,759.43762153095,735.22725502863,700.66582022844,677.36037411409,648.41119036438,628.00037432617,614.81901913135,597.37968460951,568.03709146737,539.99302044088,501.19509558317,449.77698833268,401.48042157528,369.71258526146,346.47812711919,324.77955056194,302.40470939229,278.30480638238,256.85681711363,236.84897580641,214.26428891679,188.33178601906,164.50187429255,148.98223374618,135.18709695997,120.78050488052,108.80052865341,99.26308967635,94.37070244023,104.7175565568,125.96424038396,76.77193812068
512,"OMN","Oman",4639.85063073843,4311.3117970047,4127.43885016045,3955.68486151077,3822.75267411878,3704.17117692154,3633.65455308427,3608.594528855,3605.14234325614,3562.22110742309,3525.99076032832,3422.57891880557,3393.33537796678,3339.74093241663,3298.08517349158,3294.44740846477,3310.18365756179,3282.32245972969,3201.74089526795,3123.20421690321,3088.27014959469,3075.09621686988,3042.5724126857,2946.30322444157,2889.91781088589,2906.80029097072,2821.28055421862,2745.28632701006,2609.4064523765,2482.37157225731,2374.0766044074,2438.45951693712,2465.10102991592,2280.0499701976
586,"PAK","Pakistan",1921.81920147508,1924.26692473498,1924.91103244064,1932.85515315475,1929.18599627268,1933.63022501101,1940.07635531232,1955.51981425405,1978.08403113104,1994.51996063743,2010.71862768212,2013.11548564125,2015.37196749479,2016.26047695363,2018.4363889695,2044.3527395785,2019.80986824861,2038.46958057972,2061.181842356,2075.55329987083,2074.29004657712,2093.71774695082,2127.29843711815,2153.03394820088,2170.17126098849,2151.13379488937,2133.80107254363,2099.76327215816,2082.27974876875,2053.73255285716,1991.0017648728,2059.28009180268,2105.39896841251,2132.73599684725
585,"PLW","Palau",848.90099436173,807.90210964316,770.40232499325,740.14251451901,718.7854536842,705.53001584167,699.02700297875,692.65212772238,689.97622181919,686.09936149987,682.7747001265,677.00426481355,668.96306174604,658.95030783684,647.99925661726,632.8092247848,607.80943899973,567.59737845888,524.67600984065,491.4873163295,477.0108364795,530.08056746801,657.58517013297,809.47118965265,934.79405637003,982.12081149446,910.35185960806,757.09282969636,579.1564882674,431.90842445335,371.28696791713,414.81024554166,482.59281483787,554.7055535111
591,"PAN","Panama",886.71994566603,876.26662343138,882.96896091527,898.21622776864,901.40371368558,902.91371467102,919.33583309438,947.7492085951,928.35145723199,927.58508763818,910.14141067044,900.6841405638,881.17263279941,871.7049516619,868.24985628197,863.28325003826,845.50899930151,826.07116924727,803.29929464832,800.99120056661,806.97019587407,820.67973727835,840.29765409003,879.6484887109,893.08623068628,886.43445100601,871.71256657305,852.34544080678,829.12250807148,818.51688613518,807.38606903433,818.01036169575,825.82459327677,851.90584484123
598,"PNG","Papua New Guinea",712.46614957445,707.57044887983,700.98513123626,694.8278963146,690.45972014184,689.23108092114,696.18297160573,699.16748960984,706.80137346582,719.01125498539,721.94784351118,706.14699097907,682.32215751758,648.78817718992,619.1017864015,604.28883096696,615.96663334326,659.1154771862,700.73749707469,729.92172977604,756.48558290006,752.64516504666,736.881912021,705.97689977791,692.54263390631,691.81204114332,668.24488067468,657.54969845833,645.32136085456,646.58032814341,615.30367442348,629.11699250179,726.74229144496,655.73284432483
600,"PRY","Paraguay",921.60222162303,910.82259663589,920.66117006939,934.54779214664,948.20746404559,954.05961102638,956.55967758035,947.16775351358,949.41408166326,945.59487572328,936.67720100615,922.06889034453,918.20247372292,923.7310357423,941.78604659332,947.41683383803,940.73123472833,919.11444332784,888.86259024233,875.5163872974,873.2223191753,869.94396533263,871.85972822076,880.56244518047,891.56508662069,916.23034665742,980.13396767905,1060.83029374516,1167.70587609866,1260.45581382224,1264.33676493973,1182.37756166938,971.41710047208,1182.40911753817
604,"PER","Peru",2096.22033360521,2036.81123848036,2004.56926036707,1984.61368625627,1949.32797142376,1896.51442196826,1827.80656331558,1731.28970351333,1632.68854225739,1517.75133729264,1427.86853512653,1356.42428296592,1331.38381701617,1339.9916929647,1331.38277162981,1293.28942588136,1205.94294457847,1091.70101939644,988.17635804199,913.10250741582,861.52096487673,832.57295446817,811.09013100584,792.20361681567,778.17208293891,771.26194154868,797.19746289459,851.85868773705,892.02777030846,910.02927944886,840.03730525292,891.82472695166,930.46382768984,988.14569236533
608,"PHL","Philippines",1495.13736254917,1457.7180532729,1460.96548863007,1465.96122182917,1469.37026865329,1473.56573117342,1492.16542305936,1494.1141079858,1502.49323140775,1505.47761607627,1524.04790570751,1549.80441433134,1565.73506124369,1541.59651264174,1530.81092683908,1550.68546728915,1520.40850450121,1446.94277410923,1387.846259654,1345.14078672552,1313.4706022556,1307.34955252375,1334.56507504895,1362.38183439394,1380.05354779958,1415.00118243851,1444.47612334654,1452.91819287722,1471.69477502593,1484.96751568684,1413.17664789063,1598.63878367208,1637.47853950678,1526.09212372623
616,"POL","Poland",2763.05152492261,2779.29627016,2681.78960616773,2586.89842621225,2490.33079033917,2430.05968822464,2364.16456773124,2281.19612473199,2193.32454660073,2131.37807848738,2009.36492589411,1941.25041082146,1899.01028554634,1907.84129650101,1891.27008817672,1875.06148929183,1860.33896919182,1852.78931320879,1830.57427384067,1798.81967176905,1722.31741382717,1645.79423962506,1579.59880283022,1484.94871750477,1366.94688657941,1304.87698834275,1217.48928946506,1151.07421587356,1089.94201528304,1022.58383178266,981.04684006524,918.28540236017,919.70356458155,819.9400700319
620,"PRT","Portugal",1022.03931451136,1018.47342824849,988.79825332106,990.51764121279,941.70939911667,930.44678737672,938.96846673415,923.07509714241,923.25691984417,918.36633175737,878.30270865276,843.67954349831,815.94130178395,781.85062321824,718.26139776283,677.59073056958,621.55982453666,548.46250355315,477.33928129314,422.8376671972,393.51894989897,382.25196463106,382.26781397236,378.80176974569,374.74837415673,372.42498165584,362.86087532124,338.68948526991,316.77794625735,294.57190753889,280.85943895344,277.66491896426,306.24018852923,286.78877510981
634,"QAT","Qatar",5053.90249499352,5001.19874233936,4982.19901797655,4936.58383065105,4802.39634790077,4656.16658636647,4660.20470906991,4666.13043740491,4603.66902886819,4513.55487633794,4397.39019921586,4303.4772350884,4228.94855970303,4153.50366780958,4060.32159311186,3992.4488794412,3850.00061599287,3584.36494539016,3276.13230033606,2987.25682027265,2741.10803434883,2546.31818599132,2386.4476942325,2197.85369177479,2057.0349328318,2019.77949216165,1921.83515111276,1898.17272906573,1906.04051773424,1874.49419335104,1774.82397130996,1748.48804254689,1757.09249405647,1977.13670629328
178,"COG","Republic of Congo",1423.84504120142,1409.01086549554,1409.43129246896,1410.42086840916,1467.27752872563,1460.67634314349,1459.1575525331,1496.1494387696,1442.01829903868,1460.34920392696,1462.98786225068,1425.77061960634,1443.51583179354,1476.65083034786,1490.43973822431,1526.89115212366,1549.89903451371,1584.00161102655,1625.23107260269,1660.18477171638,1670.54572713046,1674.79585513281,1705.78071477928,1726.56965844233,1745.1972082116,1757.17785206098,1739.28735092866,1720.41429964521,1699.19649592431,1710.64217046691,1656.04660355758,1644.62983508031,1709.2510053272,1833.80389082666
642,"ROU","Romania",2569.34853301249,2572.76102331088,2591.25807636505,2561.21551465187,2515.50798590416,2535.59916945878,2572.54128727524,2505.95558293089,2399.50342016132,2319.00654828915,2223.3086764363,2218.7733052986,2287.73807939048,2313.64199961234,2286.49830363504,2254.54533906837,2138.59186436249,1985.87710530234,1846.09167949987,1747.85132116497,1665.00120368209,1593.40409267506,1540.73918367613,1489.4162727583,1474.36403794933,1461.24089361743,1409.43982678016,1361.77233656572,1311.79344290564,1250.67919708974,1189.06692634095,1175.31985241112,1219.12622581082,1122.09500227342
643,"RUS","Russia",3219.0901967175,3178.09838087329,3287.99834380949,3736.58843778223,3967.1220615136,3714.61636111478,3451.71313600998,3267.9273813661,3163.34434990229,3271.68834362907,3303.07438109688,3223.55124423964,3143.40255487597,2983.02714843908,2734.09674512706,2580.15368205996,2375.54049822851,2255.36549999865,2231.29861611428,2159.41880204986,2118.6759768255,1929.97444138864,1727.6741065776,1516.99407391001,1350.05874721722,1261.15438279914,1200.0933666202,1123.85451305301,1088.19704992038,1048.67941609215,1045.77956830345,988.36316183436,890.72113322291,798.12812653882
646,"RWA","Rwanda",1065.62074549167,1083.40176318365,1104.04789922291,1115.80410820207,1235.894675148,1105.61974929871,1047.80760700582,1009.65076313952,973.25559028206,923.55091316104,868.08966611362,811.01874838217,774.46672446463,739.6754944048,741.02065034448,719.80909928751,708.28152620784,702.49753326212,693.77307486422,678.76292749745,667.82498393884,655.63768415341,643.94542011512,638.8256937168,640.22525281048,631.62623616077,623.7412184092,627.95707126465,638.96024558379,653.47578626247,634.69227709112,630.24533212506,659.70364180694,666.33846904773
652,"BLM","Saint Barthelemy",NA,NA,NA,NA,NA,NA,NA,NA,NA,NA,NA,NA,NA,NA,NA,NA,NA,NA,NA,NA,NA,NA,NA,NA,NA,NA,NA,NA,NA,NA,NA,NA,NA,NA
659,"KNA","Saint Kitts and Nevis",1218.33959721274,1185.05916033712,1185.14956375077,1161.2475893998,1145.76884684053,1159.19545183787,1137.24558136905,1106.85517947667,1077.90476472695,1048.60714228284,1024.22932507513,978.33678219025,909.92485807701,836.7078909533,785.28048404308,751.49387098291,736.57039676538,729.82726645139,738.36842012152,747.47837713217,745.33919769644,739.04856139976,718.69926834425,703.73637459378,700.69578551715,699.28358753387,681.5338428869,653.48757414541,619.01657866899,585.03836628516,557.8563427782,525.42555897045,483.15075110514,534.46475770315
662,"LCA","Saint Lucia",930.92431844356,955.04624976774,963.34555423132,981.14881846381,997.19118037388,1007.25005037301,1003.81549319846,991.35629210996,983.23768394295,981.50574747847,954.43858573268,948.15014621386,929.98408037455,926.53522394409,909.67046725579,907.10255403495,896.97270172929,910.88845331698,931.99494956662,970.33881059067,973.68588262589,942.20868750104,899.01606211277,880.81552690542,849.59012500792,826.67456978099,801.88066388988,773.51186954181,741.97951922817,704.4815483047,677.13153112008,653.69550214499,633.26976455035,621.47441401945
882,"WSM","Samoa",221.14610614186,215.02372559364,210.35011177734,206.86548915572,204.75094158081,203.64688802827,204.86150414452,208.54441052493,213.64433131065,219.45794642038,223.58466250197,226.89200413161,231.42518718522,235.41203299704,238.93134788024,240.8925647802,240.77254778155,239.35348452197,237.51631645883,237.86276909063,238.83163401387,244.25408312151,253.71939572453,263.9105577255,271.40816169131,273.30345787691,270.05988774842,264.24342510719,258.81399520497,257.58659183163,248.01523757013,260.41654228772,288.58703839728,283.54523304742
674,"SMR","San Marino",1007.57106715094,969.15761169959,931.19285299546,894.5043922514,862.23450415865,836.71172347073,809.48515520749,782.42198385649,758.22132804194,729.77555572469,701.37324900616,672.55909164488,638.49275298082,603.56167229055,565.51979193622,540.75152337904,524.59732953991,512.76356209383,505.67885558472,497.99611935892,486.92973980241,475.60152201078,466.67132370722,458.45907692362,452.98459974251,447.01972627969,430.37203085376,401.95336430134,366.07209525844,335.27130332728,305.0336154568,341.8259086957,411.94034160016,379.31075331831
678,"STP","Sao Tome and Principe",510.63115105812,482.82918089842,465.34166344564,448.58858724832,439.07440145064,423.25416587026,428.32378724542,440.05642027683,456.71319138809,473.35107782197,466.27525180789,475.71042233973,481.95631787236,487.59120706524,496.88652878906,518.11337449072,532.71457603065,533.4161596779,530.24908410104,523.13548090783,530.48834959503,549.05404702735,597.80209928094,669.76877830551,734.59048828985,757.94292771693,742.65936123597,717.70746939266,699.54645005032,685.11248121902,658.83755353493,622.03160958051,601.84365375119,721.86294189666
682,"SAU","Saudi Arabia",4216.92663546494,4063.78640762779,3912.37444704075,3775.48453963459,3639.63779561087,3513.78761876411,3416.25638679123,3348.59350494549,3319.74028055757,3303.66766025847,3316.2035349586,3336.1862494999,3399.94039472003,3483.51886535232,3591.40913672886,3706.044185272,3832.8331030417,3921.99640349027,4000.67832448511,4054.13068935974,4070.30855649478,4010.50810939397,3941.86800727995,3811.39811805118,3649.43019823453,3674.73698310197,3503.96214929343,3452.47831961292,3398.47854593144,3367.53711512063,3331.99920978164,3375.99999805962,3425.68557486079,3285.78679113686
686,"SEN","Senegal",1413.81945383647,1393.65097898971,1359.21575753783,1317.34557850019,1273.91534803801,1206.33095907485,1163.80336606979,1081.31038381382,1017.09523515017,947.93166956093,859.27226910171,924.69001027408,848.1201538398,734.57745497066,701.49541479731,662.60715307754,633.06510766686,621.20438609826,615.30414954272,614.99171833417,587.4989211591,592.95755069006,597.58880441529,605.18776618241,639.76163387801,645.41067180954,654.90080506214,655.41753512145,635.6550270566,660.65641396095,627.7586539382,622.41184405775,687.07779422488,679.16312388736
688,"SRB","Serbia",3023.58061787223,2842.83000084983,2694.38268292889,2594.93822524608,2514.92289539031,2458.56838874854,2402.46119907477,2328.61509699016,2224.03323711752,2134.75911632711,2077.6136404558,2072.93636623572,2120.94518486332,2189.96440039491,2237.87906249567,2226.93928811715,2158.93951799944,2075.4583500689,2009.23565086724,1941.76936460622,1885.16335604918,1863.74661047016,1848.87621676267,1847.11694686649,1846.4860575419,1834.91094574161,1778.78847828596,1721.04297997713,1658.92448074876,1604.86037309354,1561.29106436416,1538.4905684239,1511.27283549381,1547.71822425679
690,"SYC","Seychelles",791.78650279472,828.31942828538,859.97015848788,886.23845549162,897.5884811025,901.92274956224,906.3023426337,907.6620522024,904.93199246583,900.19927860346,888.11973258888,875.568168882,870.12373928195,862.83189141205,850.70950515145,840.74130170822,816.81137679543,791.78430180228,762.71728487195,735.5417174909,702.10815791169,666.37929111429,626.96989926712,582.45914662903,545.27006557844,526.60382471201,520.414445568,513.93929757579,505.67530073732,492.40583428897,473.1202706501,507.84737940407,578.27817363359,494.63805601702
694,"SLE","Sierra Leone",899.16723605407,867.87494021178,845.76895082417,818.96292860794,803.16458528376,790.66733981003,776.29049602326,762.20585695385,762.25125139538,755.6077128135,753.58855652179,740.87208634609,736.52476753209,731.70346969026,733.5006361021,730.35063937696,729.9315578894,714.6769206247,690.43317929123,671.98885259923,675.17322029089,690.38118557849,728.01424284966,755.88623723026,778.61908975707,803.37044055551,779.89092810953,763.22434132651,737.5239662646,712.77318343372,668.76336823931,635.95004354882,657.72919258231,728.10299368852
702,"SGP","Singapore",2330.30297103348,2025.34174242929,1792.69531804042,1605.87089316476,1475.54981015829,1390.78802138228,1354.38775557197,1300.3939240686,1251.12392621118,1206.5336737971,1148.35542600141,1092.65388923631,1022.45115472574,970.0836168487,908.38919913643,849.98888313629,797.63379266518,751.88160498681,697.50213798721,643.78390615081,609.8405460902,628.48823225345,705.2611488343,790.33206673589,858.39850275705,864.92591433627,797.27682452067,690.951999827,563.40054085396,464.39571357164,413.23935949522,440.97306703055,520.19528549798,549.65990526592
534,"SXM","Sint Maarten",NA,NA,NA,NA,NA,NA,NA,NA,NA,NA,NA,NA,NA,NA,NA,NA,NA,NA,NA,NA,NA,NA,NA,NA,NA,NA,NA,NA,NA,NA,NA,NA,NA,NA
703,"SVK","Slovakia",3035.11810440131,2973.45755066123,2875.09513769636,2769.77786525133,2663.2629251701,2599.86362270405,2504.37341429864,2406.17505440499,2298.60493758047,2200.43760596481,2123.05417427752,2085.14941632811,2066.98878761567,2080.275019056,2092.49632319417,2088.2696464963,2042.15240488041,1974.46924494562,1881.49106732066,1794.30488261871,1698.67223397991,1601.10525781733,1501.09423939822,1419.49468252653,1339.25977783845,1276.2773934208,1190.77321406745,1098.91136417501,998.3370764956,911.35381340062,863.20125042472,852.37866426015,847.87155925592,757.35567880096
705,"SVN","Slovenia",1860.37789200561,1836.57743768108,1846.59995670237,1791.6196834707,1722.50639073181,1649.29084174532,1571.0724618229,1504.71749577702,1431.88169327842,1346.31188098106,1278.36301997943,1241.9546850783,1215.06975511146,1218.54272490756,1191.91945667133,1142.41429213193,1064.93219687527,989.96705348765,928.67641592782,867.52936807069,819.70171469198,786.00308985822,756.47801383137,730.67009229075,707.0382823158,688.34530287825,646.85676718498,600.22164115284,547.94070425045,503.99918600181,481.64703270993,477.65916467083,496.85136132357,452.24592189813
90,"SLB","Solomon Islands",491.75703025058,496.36042571731,484.29212230562,481.58178829348,478.95081153583,468.76870996362,466.85677785504,472.17657258452,473.04405608261,468.11740544806,470.93618462774,459.36596635705,449.95815712264,440.16174173585,426.75632435934,424.75928742959,423.54003816863,411.9217064572,402.57388957294,419.4425361412,419.27959248599,459.03693576634,486.04632328877,510.20515201826,536.46115698777,537.31794700758,517.08694230785,508.9918166654,498.86668188559,496.94432306412,495.5302722452,501.55523021139,538.59670678407,532.70882415612
706,"SOM","Somalia",272.92885681598,249.1866867512,234.79092395725,219.35878546705,217.4042988783,213.41553076975,222.86841230328,246.19381128571,273.31962154523,295.88991003416,308.8000951027,302.33729133379,290.66298034738,275.5843709719,265.88618710878,262.36854988034,258.99584390924,262.75773030951,267.54916362585,271.41616859083,271.24925113652,271.46991400067,268.90000550997,268.29336674927,266.63524169044,263.31232748315,261.71984219557,259.52003874471,259.91084272708,261.96784107539,258.83577805081,275.19507666984,280.84792157005,272.99490874928
710,"ZAF","South Africa",1876.92078625337,1847.3912426315,1830.89783357646,1851.86855553755,1896.97687580083,1898.32276318628,2014.76259061394,2060.13122471512,2108.62791538678,2051.74667221275,2004.84379790509,1992.87260422661,2013.86691391624,2040.49360712986,2040.05679395732,2106.44804208937,2224.64793602278,2331.8947770582,2438.90385479037,2524.12426485522,2495.06534427939,2406.95331265935,2288.57304722265,2190.37407717903,2126.4500817021,2057.21677307262,2009.64560265185,1941.69242896567,1901.33522080321,1826.0856621239,1613.95077190403,1608.2343090733,1683.71926283646,1660.50602848947
410,"KOR","South Korea",1697.82435256166,1665.49341189315,1593.21096000044,1544.66661700568,1530.18430948003,1473.02298402642,1419.87602540677,1415.50872171459,1394.36179677082,1369.0163953766,1330.29762682903,1280.86751775612,1244.68375494313,1192.64453244846,1141.58935376736,1089.69950126801,1046.2536216267,1010.44436141561,980.56295513205,955.38070266536,943.95018421857,928.86212464462,920.59788648717,898.4366549637,875.7199622898,859.82701506172,831.77123947623,791.29963693252,757.74938421899,715.35590288047,689.69619970644,691.72822126253,745.92928884301,727.03361192802
728,"SSD","South Sudan",928.56057288966,865.9730260517,830.37138834741,800.76091856023,778.43127803598,781.85246215184,776.82163691477,771.96562527972,801.1936931634,813.43977192151,817.7984838538,780.44855760624,759.03813275514,751.90728604912,744.72234858747,729.36402217828,741.08808315306,732.86400824498,721.09063848478,715.75287017272,705.08310812823,693.23068598554,686.65792245347,677.23151313536,659.16381761913,655.54860678833,637.07698475471,610.55150635529,584.87225825087,559.85508561403,540.13039927395,527.22245057009,572.69899826403,529.37954975285
724,"ESP","Spain",973.85628263572,945.91763525788,904.8453545061,886.67364442394,856.56549996389,847.1620929363,840.92610622364,830.29801532055,844.16566872421,855.76626144202,820.33186968613,789.6487450704,771.17160730533,750.52132948264,705.85125718197,680.19570863643,622.58494886441,572.44904555703,512.60103177432,462.56740393656,431.134768137,423.76771975343,421.33822314817,409.06626183899,404.88103657063,408.48350035158,390.48453938656,369.68307759054,347.81653551162,323.22698754858,308.33426901638,323.10825363255,377.54485315999,321.14758909157
144,"LKA","Sri Lanka",1061.9858997861,1012.54264769958,990.13741688328,984.67867174429,1000.079937767,1007.85693970159,1051.78720953835,1072.58466642044,1099.97656574093,1120.63654107725,1123.97347442599,1130.66152748818,1133.65402013418,1140.97794899914,1238.07212383572,1172.04981671093,1177.77987184834,1177.99128704188,1177.46328282895,1178.65618590496,1166.80847796998,1144.90828140305,1134.6123679496,1136.8330268648,1134.30311456125,1129.79923573375,1128.76128700674,1141.68486121068,1156.08613013954,1143.40706683955,1105.90165003369,1093.66553490771,1313.45089220743,1327.17365545339
670,"VCT","St. Vincent and the Grenadines",924.37268363068,948.36114427639,988.1427745704,1036.94130075349,1067.15188721986,1077.98725730405,1076.80697724938,1102.7552227326,1120.94335082293,1109.10189621139,1095.58693237896,1086.89562183863,1077.57882985972,1072.85159745922,1062.84342293201,1055.20065961111,1049.58445958003,1088.82748290786,1129.70596852955,1153.11228826134,1155.05349040769,1157.02738970764,1143.36300227974,1116.17341339733,1089.00984722651,1036.32087389184,1005.09635304807,945.00768998592,885.13032889735,827.15473092019,800.57759176011,792.79738345653,793.23649292196,775.3074513996
275,"PSE","State of Palestine",2063.90517535147,2166.89308604205,2258.8721820878,2326.30413994224,2365.19178382506,2373.85535707549,2355.60582823837,2323.66520000483,2284.75859926262,2243.94700170901,2219.6240591827,2208.05200171423,2222.35444573405,2240.02660958317,2255.92200842247,2265.29161151303,2279.2227803041,2293.62578429635,2298.09389244385,2289.50362744281,2260.56829967486,2191.64250236075,2089.22667008661,2001.25023796634,1926.66354327486,1895.32062684097,1841.42565846092,1805.13452494901,1774.52358812351,1751.41783599285,1661.76620898266,1662.25653917495,1773.20966324919,1712.55078986425
729,"SDN","Sudan",2067.97111094418,1932.27642586016,1827.90211127074,1767.01247895352,1699.46503977942,1661.05443789412,1660.90794826634,1701.51657773486,1781.00830613809,1830.43828236602,1881.87814118085,1900.36985330022,1929.09839962859,1934.86085850113,1961.45351075371,1981.26595752602,2013.94381403521,2043.92009522382,2087.51042140793,2132.84847724023,2137.4614469471,2137.02218540732,2138.14118333798,2127.51563623545,2080.65720518503,2103.99021276671,2063.67985161104,2047.45681830385,2020.25889312663,1987.89545081813,2002.87304884947,2135.93608325101,2372.90245507179,2178.62940240519
740,"SUR","Suriname",2054.94523079585,2061.67236767002,2080.607453808,2081.10445844485,2079.39266251781,2071.4160860974,2075.19130069062,2106.71688692416,2151.95823260719,2184.63490444961,2137.47854330545,2110.93180522957,2110.0511928543,2075.69982481107,2032.45880611705,1983.36543300844,1916.3231679724,1826.84149746317,1739.41769699737,1669.25984657987,1631.77627055512,1618.72952396488,1639.87473660674,1668.43719704241,1691.84587162427,1697.48064218539,1680.00019683606,1644.83043345593,1608.05229612793,1569.72715984354,1519.96501741216,1562.62706877655,1547.08917132076,1555.24828660466
752,"SWE","Sweden",734.72805987884,717.15530943007,694.77811051558,675.6182413708,640.72983386006,625.53930574771,608.86859369599,590.14936915067,575.71598164067,560.64263418518,535.43369901706,511.42714695041,487.68624220445,453.20921111764,417.15110734678,387.58288341567,358.36475399264,328.0084780987,298.48476456944,268.8937007065,243.537423102,220.35714397702,198.82337699376,177.43326721724,159.2859149878,146.54667693952,135.26721226694,124.36724735099,114.43836151679,105.57797743141,101.62073120206,104.56785125526,116.73852342639,73.81323911737
756,"CHE","Switzerland",1312.99704960225,1286.6437292652,1252.13013099794,1220.17948736847,1176.41050467048,1123.12087166789,1075.99070563412,1040.05252566239,1005.0118307516,963.97191166276,911.75635156783,863.57703139135,831.42859690528,801.99905321361,752.03637594889,718.00783998629,676.77481514747,640.31197754272,605.03308043747,572.49580389206,534.5249823678,498.21527731086,470.58755099673,441.84638670611,411.26624273092,386.88688466931,354.51133063326,323.23147779828,293.84431718271,271.37126254935,255.57879648009,260.68695673103,294.66439202211,210.72003341226
760,"SYR","Syria",4192.7850530297,4243.31989846422,4287.41814609593,4261.75973882043,4224.15389532101,4181.73464586377,4097.07588350038,3953.330541124,3766.38531959399,3609.42868081102,3560.24436548549,3520.32803876702,3504.78509582961,3497.15624249111,3482.46807320807,3456.3758265006,3470.18545203891,3540.39757373191,3596.21628229808,3610.74995971761,3568.80847249587,3482.93925439213,3386.70804283068,3304.67349815376,3224.75678446408,3164.75949955959,3090.19443841963,3021.95174628221,2949.04329878906,2893.58587776569,2741.65760146759,2713.94053968136,2937.90527254474,2742.17587955037
158,"TWN","Taiwan",1362.76893376618,1350.96866856831,1354.09144355646,1338.23161057139,1334.47263120962,1347.5316045311,1349.38472091178,1345.44580437005,1355.72559384547,1351.61168765973,1328.45714496771,1306.13995743714,1274.93602282907,1270.28594910634,1256.65708771104,1238.09346789136,1189.66642922571,1168.20761448066,1122.4568893855,1080.21223859247,1053.53707201682,1041.11436872867,997.46701794532,954.41547786841,919.80224391459,873.62355099683,834.16772554406,763.18765774378,693.00352285284,639.28661198965,600.23601314871,649.24258261658,730.05009425371,620.97938347083
762,"TJK","Tajikistan",1298.64700414576,1255.20101742462,1230.61148467722,1221.0021344568,1181.07434567246,1108.29439281569,1014.64570445816,931.43398505413,874.8979814023,834.34801995474,812.023087962,806.66845486095,800.65964468351,795.79333829152,785.65674627861,774.71173719898,804.60597534493,898.68642501946,1015.02132116352,1123.33631631159,1183.52923637571,1216.13478363066,1209.8993091393,1198.42951724481,1215.72251173852,1259.17639350877,1305.56954433619,1304.17282705463,1293.27703623708,1331.16014308978,1338.59434843437,1466.27616238608,1756.24960805901,1711.67630980305
834,"TZA","Tanzania",434.17323619753,425.68129225164,421.58450058159,414.64192165183,410.81680463484,405.98718822285,407.52367321794,419.8078174514,432.32604523696,437.37029414283,438.63343643879,435.94656598771,438.22980591299,440.25150657609,439.89572236043,434.73815740305,442.05985758012,456.15518100231,466.07072555711,472.1986254272,470.38447011084,467.52427709073,466.37613117658,454.84916120387,438.9606121297,431.76928962407,427.39535531026,426.60339719818,429.99605600352,428.52768634425,421.50283224212,424.54752163389,395.71928876191,399.85496486594
764,"THA","Thailand",1317.28903136693,1384.20260823433,1454.08714243759,1505.68405748395,1558.37499374992,1584.90591765478,1521.13441396527,1414.11113274214,1456.49683204934,1586.4492602811,1658.10328338572,1695.65476550586,1727.00806785019,1747.90439103365,1765.17963434172,1741.6919156771,1656.6586030243,1569.20187772779,1471.92209046996,1377.54292203123,1335.19362698965,1284.24921285397,1248.41878379605,1227.34002922376,1200.36238019731,1188.54575063685,1193.70404543621,1162.60425744823,1166.01789859077,1199.34410868443,1180.91955782304,1166.2727134581,1193.83127610794,1189.56078668085
626,"TLS","Timor-Leste",711.75040452527,694.05813212002,680.66101813136,666.38585401839,651.1478425944,635.72237754108,625.34930488087,613.20041889662,604.65154411899,593.84530741904,588.68083455359,570.9503899198,545.18309015866,533.58343232154,493.72924094782,482.86316865205,462.94718478215,444.52866512549,418.42727428798,410.98855529679,401.97345832038,412.64298391036,417.12152235628,413.27313798762,408.56531908667,404.47719608554,400.09900627094,395.93112081948,393.44680453221,388.74914613148,378.29000650421,382.2863201895,434.88928267324,390.47722448536
768,"TGO","Togo",1248.07661926739,1177.69289338675,1120.57605873754,1077.53636767527,1046.61125128892,1027.5897402144,1028.42922379398,1046.32061567677,1078.54138548687,1091.68067477807,1103.80563663672,1056.31710390666,988.94580354945,890.35918592346,815.49689172021,772.96279238284,759.3888871653,732.5620886847,735.96369271975,740.72472361795,742.02323418105,761.43908073331,800.55589371758,828.37117604329,860.28284671041,917.9252204216,905.12754370573,906.42907855898,885.05097697397,866.47328037778,824.55596882225,814.95613027935,840.95689213826,921.09744666331
776,"TON","Tonga",210.56408145739,210.80494222861,211.29706368848,212.99703176743,214.64808221295,215.52375292365,218.9236343802,225.35619970382,232.95928381324,241.177668759,244.77093342549,246.16744195328,249.11293944831,251.60631378973,252.40042062748,250.70256463475,250.27714248204,247.59634563579,243.86055920764,250.70496472355,240.03794180676,238.61946803326,238.10064868677,237.66612465426,236.74923290878,235.89615142914,235.83384162648,237.00029663885,240.28437202732,245.10499340602,251.51248392878,286.83325206747,316.77724537012,274.5745977129
780,"TTO","Trinidad and Tobago",1985.17309981404,2011.89320979231,2027.01597372731,2041.32381116235,2064.46984832804,2048.37335797818,2058.17099326637,2036.29128728026,2031.21982432664,1992.1703059975,1911.16138478397,1845.98398054366,1778.77031866201,1755.04401871799,1665.54447701658,1609.03109742733,1589.12153180865,1635.69520980921,1714.27178555534,1765.08972184264,1743.79773129367,1673.41604735017,1577.37850673236,1516.05776353942,1463.66714241281,1436.56403157953,1431.61767329478,1410.82845288581,1391.42459629928,1386.38301339341,1398.7884386137,1469.87378529262,1488.9851860263,1365.34278466553
788,"TUN","Tunisia",1889.96021156623,1873.44702213917,1848.12131987989,1835.13201575391,1826.42418302907,1831.06227804712,1869.75427641811,1952.45850799399,2060.6459666724,2141.28409283323,2152.97856019585,2116.79322816458,2067.85257477703,2023.57258510794,1971.41788952832,1933.97901303399,1913.08265326554,1904.50944998883,1897.94404301499,1888.30664747103,1865.04322413967,1826.50740807025,1789.89141306132,1743.50075527612,1706.33129573547,1665.72780719032,1625.54374414957,1587.7386195774,1548.24582935747,1505.74590733751,1360.68772196865,1357.29343156766,1644.20724901094,1554.71043562037
792,"TUR","Turkiye",3159.5407054549,3115.98073181009,3088.23373681666,3070.28560268951,3061.72918121002,3029.91810722547,2952.08290104172,2909.98996213928,2873.38137818343,2762.93002429898,2674.56387638349,2546.8479322559,2436.08227992164,2350.99028672298,2260.8949776658,2217.94225428053,2212.54485381978,2188.18553267198,2114.79205396177,1993.95057484399,1940.75563754147,1942.03423049982,1951.39251027235,2017.79663032436,2073.0028496436,2094.94106744751,2079.10902328591,1995.58350389468,1892.6746125255,1830.62723282186,1771.61563937196,1795.76996710828,1865.9712517783,1764.77157671579
795,"TKM","Turkmenistan",4592.64954434692,4701.5770385007,4952.84105901117,5311.67951805218,5464.55726557925,5515.18091996319,5507.55661454727,5399.01048642293,5179.23475678362,4896.13048334312,4720.46638527137,4611.19026083696,4515.08394763806,4458.37484674765,4319.00158217023,4202.32873414787,4178.35768557032,4331.20908198632,4391.36321545515,4337.83040207048,4222.02808563533,4193.85752504726,4140.30283173525,4088.4666819505,4082.15988927015,4040.75995060907,3966.80601575115,3909.00959316429,3838.18060617705,3754.28725948313,3638.11090169894,3732.71662550922,3938.01552773587,3573.16029810391
796,"TCA","Turks and Caicos Islands",NA,NA,NA,NA,NA,NA,NA,NA,NA,NA,NA,NA,NA,NA,NA,NA,NA,NA,NA,NA,NA,NA,NA,NA,NA,NA,NA,NA,NA,NA,NA,NA,NA,NA
798,"TUV","Tuvalu",230.47745877859,232.15355972565,234.92499758858,239.05524522392,244.23769838059,250.81213925436,261.97750572243,277.95655121665,294.54358001157,308.43714942052,316.18235146285,315.44820550415,315.91511197196,315.37982315562,313.93047013613,311.74167606165,308.3572863221,301.76930385648,294.28854268133,289.84789737372,288.71199842878,290.770516223,294.5749841122,299.18546205494,303.5052145928,306.50164010949,310.01448945686,313.76016825169,318.73490380918,323.39027992904,327.82877936592,350.88475428908,355.25719993226,348.6743651159
800,"UGA","Uganda",466.407309708,477.90707893094,482.47757060264,490.24633659654,499.73623691044,504.19156251212,511.19481553931,519.13495904917,529.7073168465,535.03869225553,539.59820983487,528.35601158309,516.51867755157,493.82061600433,483.35367533043,472.34335787192,473.42591261049,484.42277978025,499.7251238839,510.38353153276,511.40892174929,514.2966487565,519.03358593334,523.59407049707,521.78108271779,515.05137022589,508.36648779422,503.04344325707,502.11592718942,495.64498461353,470.0108989111,471.51277751376,463.35063082445,488.46310115478
804,"UKR","Ukraine",3488.66038685828,3630.64738226968,3752.97698015783,3942.76681330132,4056.76586246627,4134.28478493101,4023.39504897505,3811.98846300404,3552.93405406581,3478.20175673647,3421.51797069601,3264.22142521875,3168.36427622169,3092.768653208,2988.04661726461,2974.87438297854,2867.95778616406,2806.89286848648,2718.01260205589,2540.95897372172,2418.31168786658,2260.11752486634,2160.4723354736,2076.8783786634,1935.06161789042,1789.95520691658,1729.99503136297,1726.10888742228,1674.93550770275,1641.30375645134,1631.5227587811,1450.54635867831,1265.92197223946,1293.09063589683
784,"ARE","United Arab Emirates",4421.65077199028,4306.33399989512,4177.94339647309,4115.824573387,4056.09820043359,3952.63089076101,3878.88375297659,3804.126993316,3829.79402007642,3790.6266520655,3744.97346110193,3673.34207972309,3521.20864780046,3412.75767034257,3324.15934321185,3242.4866291704,3193.5435036985,3143.11403137476,3061.23771609693,2948.70204125532,2835.97781043111,2767.11573252253,2710.60837310487,2627.61387891688,2587.59062455275,2571.05219419988,2454.98267393674,2352.79690171629,2240.90019095172,2142.95948141578,1952.5538420105,2003.09412635251,2240.4896195454,2146.71909864785
826,"GBR","United Kingdom",1531.52883605849,1504.86343871677,1462.90392776861,1467.16402867894,1389.66056683699,1371.06652325542,1322.53799530124,1264.85267620576,1219.28435639787,1170.02793313402,1091.4130816796,1033.43506525391,994.61139152482,954.15370840431,884.18191643723,835.0715566529,779.17284482422,726.39353278217,677.55731081768,616.64706133429,572.2746937659,527.75801031085,496.68341163952,470.01101443368,441.21241746838,430.00475989792,413.59345745224,397.25655150379,382.98686813419,365.81985011281,358.21688062657,360.93514917452,384.83576939341,330.01305146688
840,"USA","United States of America",1200.91890322734,1187.01541481125,1168.76041395935,1178.00978274601,1160.50523653037,1147.30344996692,1122.70998506566,1088.69503951541,1059.95622301184,1039.71803699403,1006.74532224198,979.419021434111,955.732038869519,924.274652030295,875.846099452728,846.072960731477,786.338624776733,707.231852734841,634.791372163599,559.276726607906,507.384025085777,476.993859852889,448.214298014153,425.119940288165,403.718489269381,389.073175635598,375.310816099137,364.387313234444,353.377078319327,340.511503551265,338.800311927621,331.35417220285,324.327710516139,279.172466674278
858,"URY","Uruguay",1091.56766397715,1066.90980560648,1049.94034100309,1047.71238125982,1010.6284077426,1006.33563615174,976.84854843283,937.92956295246,946.2640817989,936.92467529031,890.3834235998,863.57445109813,823.05661166733,798.15860538965,752.1907163327,715.88495221574,695.16481201922,702.00213929776,677.78268256691,663.61947184219,659.44907922624,650.13523737482,625.59066589428,599.35479777522,576.93854529005,576.7299596654,583.11037832638,578.94470824845,584.67431744117,582.46355786553,563.85188108535,569.36684238073,615.22683952653,574.53965952633
860,"UZB","Uzbekistan",3330.07728783556,3421.42410515707,3566.45607789625,3696.03699565674,3784.25758769774,3805.80301971221,3738.38666783941,3612.23010231257,3492.06162709883,3343.70022735281,3261.37600395438,3211.24260755391,3197.25733120909,3186.9344898336,3179.47473656351,3227.62772650278,3271.84780681675,3296.81279681687,3323.1730292368,3329.70206170942,3374.25628889379,3428.83197087587,3446.38535451457,3430.81601587036,3440.37610797936,3435.11851344141,3418.53940805689,3407.73015835736,3422.12762039569,3474.67366817464,3484.9876082915,3469.70382837486,3527.63103386253,3513.15670507848
548,"VUT","Vanuatu",249.86786121541,243.5328542632,235.30549653275,226.68999083361,224.55853655789,214.07306732756,212.39777342978,209.03413975568,206.76382651533,206.89830196603,197.06460253669,195.07085981184,179.67042412254,166.6949756506,161.42467373629,164.55696347364,167.42925798262,177.64694361902,188.49755377964,196.57462028178,206.33938676505,226.23249134198,249.9500015892,276.44910018559,296.80926542638,302.46711630201,296.21103948586,281.8560347151,266.80781890325,253.27076476715,245.11851508273,253.12666755691,283.18062444553,289.97117845021
862,"VEN","Venezuela",2172.52942542334,2154.13082342347,2139.83517453534,2116.0904766328,2111.58360604933,2075.28285120823,2016.40972032722,1971.45425235323,1935.19594143808,2008.17780797897,1870.45111505559,1838.99015104827,1779.39838021394,1751.94730179849,1695.21816367003,1650.71227748099,1641.56218103057,1662.13084174213,1697.02466036333,1726.54327548017,1741.53125936368,1731.33132669419,1685.37491050698,1659.10666123603,1676.41864423854,1695.05802821242,1728.37014967104,1744.12977230378,1733.59879326084,1732.76123661111,1730.46026243575,1753.17852434001,1782.80337096477,1791.77792979644
704,"VNM","Viet Nam",735.24991679696,717.01167313191,700.11920305754,682.76557629974,665.29600284984,648.57734747275,637.26093454607,635.70550246847,641.8330579267,647.09151623964,654.7656288546,672.11001715047,702.7302101418,736.79685509437,769.31583043643,795.22520466524,813.61884192945,829.95395598624,843.84870338024,859.95099231871,874.57336859924,891.41340467204,920.7064743343,957.44476193705,987.24540219649,1019.42203708718,1053.2510678084,1083.60760078142,1124.71710307387,1163.80815099604,1172.90744602231,1145.32090862415,1226.38029395787,1282.50079658727
876,"WLF","Wallis and Futuna Islands",NA,NA,NA,NA,NA,NA,NA,NA,NA,NA,NA,NA,NA,NA,NA,NA,NA,NA,NA,NA,NA,NA,NA,NA,NA,NA,NA,NA,NA,NA,NA,NA,NA,NA
732,"ESH","Western Sahara",NA,NA,NA,NA,NA,NA,NA,NA,NA,NA,NA,NA,NA,NA,NA,NA,NA,NA,NA,NA,NA,NA,NA,NA,NA,NA,NA,NA,NA,NA,NA,NA,NA,NA
887,"YEM","Yemen",2705.04011177215,2609.47616128844,2535.11335221245,2468.68389487256,2419.12327894364,2356.52045763328,2342.35222278732,2393.87872916606,2455.25903946532,2528.70433067479,2528.52877963506,2458.92906516839,2412.89999953149,2358.43877045683,2334.21192010475,2302.80947587916,2295.47298520868,2308.37330536363,2354.23496413986,2351.45277216621,2293.95299228749,2286.68014320256,2275.51510274523,2251.03477159704,2170.70573773974,2167.06704602006,2029.16961251581,1833.89847942315,1609.83863992543,1438.94555186187,1312.36124391405,1249.55918766161,1218.64390382748,1242.56693262106
894,"ZMB","Zambia",741.43033189583,729.97527425957,720.19798589367,707.53101441302,701.02609534397,697.41944312403,694.16707527056,688.03181889281,681.94142302083,675.05794035006,669.06725287791,657.17222074627,600.76736988345,547.60321283987,510.57852947285,493.58664701678,495.40353445421,492.96086187272,499.46422357844,500.84049904423,501.58730206386,520.39800025252,550.58812847715,585.14943167574,617.65731036572,640.12393865319,646.53971393078,642.97906403513,635.36525411974,636.13797405009,631.51585959718,706.19341329042,730.37522085076,727.24921524824
716,"ZWE","Zimbabwe",404.07440168957,401.95973335987,413.56950900235,419.1379710492,436.70482424942,448.53572707451,458.65107117655,475.78784768112,492.57032530169,506.68404030352,513.96501550581,510.26144019852,498.18892557081,486.24776728157,468.88053761114,458.55180431095,454.57004300066,446.39343991346,470.40920720193,482.6492065029,480.3578279575,490.78518949624,487.35681811017,473.07398215116,457.25962493342,446.44643749207,434.76039193733,407.42962339236,389.36469270834,371.82799741612,341.25265511289,379.57109791403,417.2178433677,362.72250560996
