"code","iso","country","RCY.raw.1961","RCY.raw.1962","RCY.raw.1963","RCY.raw.1964","RCY.raw.1965","RCY.raw.1966","RCY.raw.1967","RCY.raw.1968","RCY.raw.1969","RCY.raw.1970","RCY.raw.1971","RCY.raw.1972","RCY.raw.1973","RCY.raw.1974","RCY.raw.1975","RCY.raw.1976","RCY.raw.1977","RCY.raw.1978","RCY.raw.1979","RCY.raw.1980","RCY.raw.1981","RCY.raw.1982","RCY.raw.1983","RCY.raw.1984","RCY.raw.1985","RCY.raw.1986","RCY.raw.1987","RCY.raw.1988","RCY.raw.1989","RCY.raw.1990","RCY.raw.1991","RCY.raw.1992","RCY.raw.1993","RCY.raw.1994","RCY.raw.1995","RCY.raw.1996","RCY.raw.1997","RCY.raw.1998","RCY.raw.1999","RCY.raw.2000","RCY.raw.2001","RCY.raw.2002","RCY.raw.2003","RCY.raw.2004","RCY.raw.2005","RCY.raw.2006","RCY.raw.2007","RCY.raw.2008","RCY.raw.2009","RCY.raw.2010","RCY.raw.2011","RCY.raw.2012","RCY.raw.2013","RCY.raw.2014","RCY.raw.2015","RCY.raw.2016","RCY.raw.2017","RCY.raw.2018","RCY.raw.2019","RCY.raw.2020","RCY.raw.2021","RCY.raw.2022","RCY.raw.2023","RCY.raw.2024"
4,"AFG","Afghanistan",0.0240148950842425,0.0234154450248497,0.0212162418467882,0.0230196435274927,0.0236611992784318,0.0218400415351957,0.0261943248314599,0.0275839729842372,0.0282746453157743,0.0240541327166447,0.0210353560587781,0.0218600026375987,0.0279621261219331,0.028325936196772,0.0289968847556882,0.0299614646701386,0.0265256691550757,0.02809955907394,0.0286697993372875,0.0291863074859371,0.0287658262031389,0.0285719957976851,0.029173940397246,0.0289208613678574,0.0286226956916291,0.0281537949503214,0.0299428625173562,0.0278865663131029,0.0267710672448963,0.0257866961953267,0.0254573161491732,0.0247257680372879,0.0251098263817139,0.0250139740086,0.0261797297144412,0.0272259435350161,0.0308454492521083,0.0314585882395825,0.0300659426037846,0.0189243999697362,0.0233980935459311,0.0382795860380406,0.0339862885299306,0.0295586769328431,0.0416348695513548,0.0350850668813616,0.0439737533699875,0.0318812450617604,0.0473945301692631,0.0460154107216095,0.0369301099380966,0.048239314036675,0.0488596524518354,0.0480884846478515,0.0505186868863562,0.0467791575537774,0.0480772330536195,0.0513477235843844,0.0502485053338983,0.0466749062359606,0.0466980380704492,0.048424230635945,0.0507977373742025,0.0530439828186665
8,"ALB","Albania",0.0126671245229921,0.0147071514750801,0.0145807707009667,0.0155520492282581,0.0160089666580136,0.0196863713095924,0.0213828379866102,0.0220676016408091,0.0234794070495622,0.0237321791769717,0.0259325653549384,0.0256849297831987,0.0276020795587255,0.0291521722802727,0.030655291919324,0.0374888992620168,0.0387149082706686,0.0395234775856296,0.0399857299052471,0.0354992986908622,0.0376109824868912,0.0405517462379197,0.0471168607561214,0.0463919136484331,0.0445555104206087,0.0452475806137735,0.0442071283627128,0.0423209023471168,0.0456876552963888,0.04252079480942,0.0311210191096959,0.0314398661996116,0.043328200948138,0.0385814984444224,0.0448264081710936,0.0375529053634983,0.0449126768182384,0.0456307224653672,0.0436067002106382,0.049904048457185,0.0474875451691415,0.0517219103855273,0.0487974062625481,0.0522708763123854,0.053525240579804,0.0546912837227458,0.0578367030993795,0.0643057388401178,0.0672620149235318,0.0715279557620551,0.0707439282114755,0.0728723265598298,0.0742232106884102,0.0732016171030389,0.0731332868023596,0.0707836454892991,0.0722891059287599,0.0726639480037019,0.0752524525059012,0.0773441210667214,0.0755642919951748,0.0771679927726573,0.0765899669743328,0.0747636287095354
12,"DZA","Algeria",0.00911673936539294,0.0223836094250961,0.0216016444558891,0.0134819949811808,0.0157634876045548,0.010423987172678,0.0162475915628403,0.0185649424194655,0.0161379099289362,0.0169810268983331,0.015272362688831,0.0178446316631133,0.0129079361681034,0.0129874087480919,0.0225148343900893,0.018246529074892,0.0110104944907926,0.0156142665512827,0.0154179084134328,0.0212683351936876,0.0180587442753917,0.0167945560508619,0.0169503320893562,0.0160311111417376,0.0270295503764136,0.0251351861049194,0.0226906463619222,0.01850366080753,0.0229458560210994,0.0214980237154429,0.0328134069095664,0.0274550506754855,0.0211688525413255,0.0210666436979249,0.0231898483550133,0.0374965513986613,0.0224810531743718,0.0228684534420458,0.0293790216240055,0.0251246312319302,0.0295242128256225,0.0290671789345549,0.0405133098993992,0.03728458811938,0.0417558300784453,0.0420370274276029,0.0351781274274008,0.0308342420440073,0.0482252605086617,0.0428692278960302,0.0468290967545431,0.0479419146447744,0.0520459180994773,0.0403357031676684,0.0407198533507717,0.0303704605966216,0.0296957033305984,0.0554527586778345,0.0502808432896718,0.0437053765784183,0.0415078830441454,0.0430259295023198,0.0397370359327768,0.0438914700803642
20,"AND","Andorra",NA,NA,NA,NA,NA,NA,NA,NA,NA,NA,NA,NA,NA,NA,NA,NA,NA,NA,NA,NA,NA,NA,NA,NA,NA,NA,NA,NA,NA,NA,NA,NA,NA,NA,NA,NA,NA,NA,NA,NA,NA,NA,NA,NA,NA,NA,NA,NA,NA,NA,NA,NA,NA,NA,NA,NA,NA,NA,NA,NA,NA,NA,NA,NA
24,"AGO","Angola",0.0206843703420384,0.0203782106699969,0.0199972823154672,0.0209925992399983,0.0213229074371146,0.0208053739270344,0.0211454392847035,0.0214004115808519,0.0221438342657964,0.023278806768717,0.0221005004901745,0.0215969848978926,0.0214487718962463,0.0209349548545133,0.020132031556554,0.0203088909177144,0.017532933305952,0.0182736736523795,0.0158117007913377,0.0173498389459123,0.0153093829490033,0.0154259428985641,0.0157847247256002,0.015739014220271,0.0157345152584201,0.0140843021267364,0.0140954047717101,0.0135591747890095,0.013486086274699,0.0155896885832275,0.0160060444851284,0.0158699082177202,0.0125248866429163,0.0173478916329339,0.0198264255136094,0.02247697769106,0.019682883643735,0.0240933400308809,0.0238414485072653,0.0279578913306831,0.0302229534609823,0.0326753541845022,0.0302664460171451,0.0297803339526088,0.0304157326091299,0.0298907725810585,0.0292438838358598,0.0376493233980354,0.0345402409052301,0.0365463530960671,0.0345032790812604,0.0342134777253279,0.0383878214792608,0.0287628499828478,0.0300406346670155,0.0238114011434666,0.0241757213427131,0.0267502658630712,0.0272158586125279,0.0280209534267779,0.0280860548900705,0.0293177952951695,0.0303166063612086,0.031528898555859
660,"AIA","Anguilla",NA,NA,NA,NA,NA,NA,NA,NA,NA,NA,NA,NA,NA,NA,NA,NA,NA,NA,NA,NA,NA,NA,NA,NA,NA,NA,NA,NA,NA,NA,NA,NA,NA,NA,NA,NA,NA,NA,NA,NA,NA,NA,NA,NA,NA,NA,NA,NA,NA,NA,NA,NA,NA,NA,NA,NA,NA,NA,NA,NA,NA,NA,NA,NA
28,"ATG","Antigua and Barbuda",NA,NA,NA,NA,NA,NA,NA,NA,NA,NA,NA,NA,NA,NA,NA,NA,NA,NA,NA,NA,NA,NA,NA,NA,NA,NA,NA,NA,NA,NA,NA,NA,NA,NA,NA,NA,NA,NA,NA,NA,NA,NA,NA,NA,NA,NA,NA,NA,NA,NA,NA,NA,NA,NA,NA,NA,NA,NA,NA,NA,NA,NA,NA,NA
32,"ARG","Argentina",0.0287189260765292,0.0315381506066374,0.0312087453375547,0.0336736315425111,0.0286850030424982,0.0306773927294555,0.0314871199968994,0.0270234222922187,0.0303882360848388,0.0332643982873747,0.0325624710580621,0.0316973634040672,0.0378014466399062,0.0379141746880522,0.0374420322096933,0.0389333987000533,0.0417027741356313,0.0471352617994252,0.0473633490634646,0.0413174695410004,0.0479572409656182,0.0514725749578064,0.0494130693789152,0.0571063506057988,0.0546087911582756,0.0576820558533878,0.0536381773744113,0.0623494592843098,0.0530171943025706,0.0617446588276915,0.0687295655216651,0.0686529063455544,0.0650291030623527,0.0668546663276662,0.0687042476263583,0.0659857215145454,0.0660295082906551,0.0797181034837708,0.0772445426424872,0.0767258106387138,0.0783252486397775,0.0826324943741639,0.0893862297066528,0.0785216418585318,0.0924534217773489,0.0893973760915941,0.0976399825988458,0.0932695637003189,0.0703924417229961,0.102099657507249,0.0934098542011314,0.0829568154582003,0.0914439110261709,0.0949097656583224,0.107379882590129,0.104305040946604,0.106519164307629,0.0857367117309024,0.107586650673784,0.0987228907642114,0.0986691487767398,0.0927488242408882,0.0703940649807834,0.0966162940064836
51,"ARM","Armenia",NA,NA,NA,NA,NA,NA,NA,NA,NA,NA,NA,NA,NA,NA,NA,NA,NA,NA,NA,NA,NA,NA,NA,NA,NA,NA,NA,NA,NA,NA,NA,0.0459770720887809,0.0417517531363847,0.036325723385949,0.0453629544019574,0.0459305374458958,0.0331216416453901,0.0427446714784812,0.0422951837145052,0.0318782987271784,0.0447590480823461,0.0516948765349282,0.0392076592770112,0.0549197085554327,0.0479705077234484,0.0352266669261051,0.0630457865634942,0.0591355085145533,0.0566216523689765,0.0517809431098259,0.0680936044374897,0.0652845445425798,0.0746756607900081,0.0772273635360468,0.0760007252381718,0.0745692846945753,0.0508592650630069,0.0645307645818085,0.0450152488908419,0.053308299812839,0.0351516464806703,0.0541046246767839,0.0586987160503141,0.0504838135858164
533,"ABW","Aruba",NA,NA,NA,NA,NA,NA,NA,NA,NA,NA,NA,NA,NA,NA,NA,NA,NA,NA,NA,NA,NA,NA,NA,NA,NA,NA,NA,NA,NA,NA,NA,NA,NA,NA,NA,NA,NA,NA,NA,NA,NA,NA,NA,NA,NA,NA,NA,NA,NA,NA,NA,NA,NA,NA,NA,NA,NA,NA,NA,NA,NA,NA,NA,NA
36,"AUS","Australia",0.0314485551518209,0.0348672401835512,0.0370712858759654,0.0385237832488083,0.028843043578207,0.0413310099970473,0.0243734596993312,0.0378607427803112,0.0319692785101396,0.0359418717814874,0.0369324934200035,0.0268519719405146,0.0376000321529637,0.0397592406553205,0.0407116534274211,0.0384575165252176,0.0282683432920185,0.0482909033601812,0.042703013364169,0.0301363454276266,0.0396639309208933,0.0250523564325256,0.0471307148826336,0.0459263527902909,0.0418505489983087,0.0429062157851761,0.0411314865327394,0.0462182568504249,0.0482032915646863,0.0490675496179741,0.0472496349801475,0.0544308490786256,0.0584819105263256,0.0371356791332163,0.0544200159848413,0.060354255944907,0.0561167797884084,0.0562927300049587,0.0586375135620285,0.0562144337703982,0.0628231909046858,0.032009538101122,0.0620565703423253,0.0500372699151966,0.0619915619887608,0.0319259768627307,0.0383983699315283,0.0492259131880262,0.0498567574238691,0.0598230758734171,0.0634773480029295,0.0566898280662812,0.0643298311704466,0.0593888397996871,0.0619377335067459,0.0788748179359709,0.0610307923285107,0.0558261668877557,0.0524684722133855,0.0778705729133814,0.0858520730769923,0.0953476073280139,0.0821189353411292,0.0806439893186793
40,"AUT","Austria",0.0385814362756261,0.03880528497341,0.0392999299351989,0.0406549596836635,0.0352895821205687,0.0441347407762004,0.0476273544854251,0.049473574688475,0.0506098546931718,0.0458895337266665,0.0514864343829157,0.0480731622192947,0.0529661158563917,0.0559070256563029,0.0517157362760607,0.0570699220924939,0.0550418643061687,0.0588009836013973,0.0501142259524342,0.0604827227433232,0.0554707989615911,0.06373796087812,0.0624319674193484,0.0669035914255469,0.0687466582540741,0.062257196967225,0.0647408922858921,0.0725086998674572,0.0707910272323445,0.072836117757316,0.0725595712670428,0.0682408777655874,0.0684811702254681,0.0719023833035043,0.0729184608458614,0.0680510902755152,0.0748705060462468,0.0742801771450241,0.0778600425492614,0.0688153889283501,0.0744811076337264,0.0743128916737773,0.0671556157381189,0.0832976116599328,0.0790268988210613,0.074591903338914,0.0747478506219928,0.0867135759613131,0.0797994475127111,0.0771534239945973,0.0897517266983645,0.0753125288305132,0.0761301565272243,0.0906661615224221,0.0784726420449094,0.0935770844950462,0.0805741011080977,0.0784550402803805,0.0881898759565251,0.0923056040180736,0.0904247632888035,0.0862456642041856,0.0895403475831787,0.0850942466032931
31,"AZE","Azerbaijan",NA,NA,NA,NA,NA,NA,NA,NA,NA,NA,NA,NA,NA,NA,NA,NA,NA,NA,NA,NA,NA,NA,NA,NA,NA,NA,NA,NA,NA,NA,NA,0.0492564082204626,0.0389209883234009,0.0395772270171973,0.0377454270061287,0.0383618744850007,0.0330021239675453,0.0319831370060958,0.041306864974901,0.046776608678256,0.0540209327751346,0.0554960900299282,0.055787257281122,0.0561926765637549,0.0567929824069464,0.0557197520885235,0.0582693428840104,0.0611527468735366,0.0591975302828357,0.0468467118846403,0.0569482128236574,0.0613462510463404,0.0622259740348444,0.0543014978536079,0.0726047824464979,0.069298159277619,0.0653275620460636,0.0682985841942872,0.0767646631898704,0.0780465162469291,0.0794533020306008,0.0778358674508083,0.0812672315281859,0.0820273643622014
44,"BHS","Bahamas",NA,NA,NA,NA,NA,NA,NA,NA,NA,NA,NA,NA,NA,NA,NA,NA,NA,NA,NA,NA,NA,NA,NA,NA,NA,NA,NA,NA,NA,NA,NA,NA,NA,NA,NA,NA,NA,NA,NA,NA,NA,NA,NA,NA,NA,NA,NA,NA,NA,NA,NA,NA,NA,NA,NA,NA,NA,NA,NA,NA,NA,NA,NA,NA
48,"BHR","Bahrain",NA,NA,NA,NA,NA,NA,NA,NA,NA,NA,NA,NA,NA,NA,NA,NA,NA,NA,NA,NA,NA,NA,NA,NA,NA,NA,NA,NA,NA,NA,NA,NA,NA,NA,NA,NA,NA,NA,NA,NA,NA,NA,NA,NA,NA,NA,NA,NA,NA,NA,NA,NA,NA,NA,NA,NA,NA,NA,NA,NA,NA,NA,NA,NA
50,"BGD","Bangladesh",0.0343373612116732,0.0311705538998537,0.0356705322907733,0.0345606213003572,0.0344094909570229,0.0327318115830527,0.0348558724081972,0.0359705642286627,0.035812356687576,0.0347145200954125,0.0332001647563414,0.0322759124055266,0.036658973876896,0.0351305955139501,0.0375876461212659,0.0361267223322862,0.0390911080383568,0.039129402541957,0.0380883842724112,0.0402574005057703,0.0382534914532797,0.0398070985635575,0.0439904192709079,0.0424557085850017,0.0424469756756005,0.042949262297279,0.0436687851766755,0.0444616336074024,0.0492404198827252,0.0493398683137406,0.050452701047786,0.0525181773678285,0.0522524898692524,0.0500097049848107,0.0496740796068253,0.0525093842975895,0.0513194497851655,0.0521606138655429,0.0596311220617471,0.0633999852680682,0.0646608450779423,0.0652844614493497,0.0674917375991066,0.0671732191980885,0.0719194618675204,0.0731452143226385,0.0749575598018068,0.0824698520713739,0.0810160336913071,0.084338242892984,0.0863630748764294,0.0872656160998617,0.0890039255929082,0.090376031098075,0.0913938722828121,0.0922748964684507,0.0937270768758017,0.0961153378325495,0.0977865315888308,0.0987292773010138,0.100445287865615,0.103073697189236,0.108345643040477,0.110026726082714
52,"BRB","Barbados",NA,NA,NA,NA,NA,NA,NA,NA,NA,NA,NA,NA,NA,NA,NA,NA,NA,NA,NA,NA,NA,NA,NA,NA,NA,NA,NA,NA,NA,NA,NA,NA,NA,NA,NA,NA,NA,NA,NA,NA,NA,NA,NA,NA,NA,NA,NA,NA,NA,NA,NA,NA,NA,NA,NA,NA,NA,NA,NA,NA,NA,NA,NA,NA
112,"BLR","Belarus",NA,NA,NA,NA,NA,NA,NA,NA,NA,NA,NA,NA,NA,NA,NA,NA,NA,NA,NA,NA,NA,NA,NA,NA,NA,NA,NA,NA,NA,NA,NA,0.0557575586804772,0.0595340800922795,0.0472674094129187,0.0457474310230397,0.0497625932664917,0.0461225943868134,0.0397091212111226,0.0341279517334122,0.0424532744913864,0.0420891604449623,0.0491414800171568,0.052589191516126,0.0625017330083928,0.0576930454269379,0.0561115939847532,0.0587381751850817,0.0678696983672824,0.0633061254461628,0.0555477516119631,0.0594411396758808,0.062550880051212,0.0555987316747048,0.0650021354838358,0.0643574043642055,0.0573696621398172,0.0626420110867816,0.0510019160350851,0.0579049951980181,0.0639902635739737,0.055585749486744,0.0626534941118715,0.0667644522492743,0.0629688012484317
56,"BEL","Belgium",NA,NA,NA,NA,NA,NA,NA,NA,NA,NA,NA,NA,NA,NA,NA,NA,NA,NA,NA,NA,NA,NA,NA,NA,NA,NA,NA,NA,NA,NA,NA,NA,NA,NA,NA,NA,NA,NA,NA,NA,NA,NA,NA,NA,NA,NA,NA,NA,NA,NA,NA,NA,NA,NA,NA,NA,NA,NA,NA,NA,NA,NA,NA,NA
84,"BLZ","Belize",0.0350259030770703,0.0368630335520931,0.0353683288849635,0.0388996581370775,0.039986476981451,0.0417044847055115,0.0483182654290281,0.044751601318355,0.0461129490179517,0.0570378467909181,0.0525614545028522,0.0490787720589091,0.0579500533427177,0.0486753502480437,0.0396836849810332,0.0363773675307171,0.0486702326086434,0.0559474109907024,0.0493354243168288,0.0522761573674177,0.0513731439054393,0.0549442048887352,0.0561445114536706,0.0490127309222097,0.0468738766880247,0.0466139367493258,0.0438314529258396,0.0435655963976964,0.0465592494632269,0.0559793984034067,0.060566206610932,0.0579354144668221,0.0522006248449343,0.0565335152506775,0.0510518755509092,0.0598771841351195,0.0593472971355974,0.061354545170887,0.0672492620326932,0.0603060609253955,0.0653257549174064,0.0609174217630634,0.0646045498598031,0.0594397877443081,0.0591890429050308,0.0651519763803013,0.0678956928726209,0.0539931733099012,0.0588457527540837,0.0709749995593115,0.0630219262722473,0.0723623134217486,0.0749067171421895,0.071928774299713,0.0605997168673276,0.066506085618343,0.0770146027776937,0.0718719552200162,0.0617167698259048,0.0641739697352755,0.076131760330268,0.0787715848734089,0.0719761461322961,0.0694611931506819
204,"BEN","Benin",0.0218097404755918,0.0199094587607027,0.0209945035581143,0.0214201874830708,0.022513354961897,0.0229621110386841,0.0250759220601498,0.0263696670847281,0.0260252181996035,0.0257663110357396,0.0276189764377735,0.0281860477815037,0.0343515935767959,0.0323547731408785,0.0316330910182089,0.0349761389365104,0.0342702497071345,0.0302513918076076,0.0306898530645516,0.0305936209990868,0.0273424890570646,0.0288586854810056,0.0279851971987869,0.0379987153797769,0.0375811913230361,0.040991595785704,0.0351930435256364,0.0388952930240113,0.0399050045506683,0.0416571098618878,0.0442683131621388,0.0440895025276046,0.0516887521568325,0.0500242852078572,0.0541041985106886,0.0544696170193559,0.0522675930202873,0.0504792831387161,0.0523319665161649,0.0515919772987472,0.0541456976618263,0.054864847876459,0.0559543985893671,0.0578878042041139,0.0490850761899211,0.0511183737282818,0.0543524184233003,0.04793291603447,0.0530009444935071,0.0471949425822926,0.0592496083790748,0.0500683369415015,0.0521906179551436,0.0538900483711494,0.048806485240424,0.0554287954401202,0.0566126747527697,0.0585812272965315,0.0540419484704562,0.0585000699206525,0.0575615135849556,0.0518539737867369,0.0462489442176817,0.0538569954360378
60,"BMU","Bermuda",NA,NA,NA,NA,NA,NA,NA,NA,NA,NA,NA,NA,NA,NA,NA,NA,NA,NA,NA,NA,NA,NA,NA,NA,NA,NA,NA,NA,NA,NA,NA,NA,NA,NA,NA,NA,NA,NA,NA,NA,NA,NA,NA,NA,NA,NA,NA,NA,NA,NA,NA,NA,NA,NA,NA,NA,NA,NA,NA,NA,NA,NA,NA,NA
64,"BTN","Bhutan",0.0220493370374345,0.0220025276354815,0.0219999064640919,0.0219742706203034,0.0219509069363005,0.0219442083703546,0.0219219291920673,0.0218387085341885,0.0217672244731065,0.0217923707660695,0.0217951381310669,0.0218285799551948,0.0218058097389866,0.0218362837482611,0.0219482429978799,0.0218511178147603,0.0219572794501459,0.0219964343408039,0.0221103658813252,0.0220971446361772,0.0227859958071578,0.0226474067634171,0.0224921407382013,0.0238221543718704,0.0221806611659018,0.0219090262807651,0.0201884553796512,0.0189616920335165,0.0188488653174841,0.0232935742698449,0.0178845835581854,0.0188660561555293,0.020119327084741,0.0212066092180101,0.0218968923025567,0.022678283518932,0.0234065206927219,0.0234536020175945,0.0230381978035385,0.0223813134593247,0.0221770091970863,0.0236714579827886,0.0277443210656006,0.0424860549282375,0.0366979421578985,0.0365038138339586,0.0330183821339838,0.0413248006406942,0.0333447150606967,0.0381616533367698,0.0427473445605888,0.0430721576305149,0.0465787894224279,0.0462845769689598,0.0476479327793945,0.0463563820276925,0.0465137999539974,0.0472927423185334,0.0435567612120487,0.0499247868682504,0.0490885832855087,0.0490258389338339,0.0497398528023204,0.0512316278157273
68,"BOL","Bolivia",NA,NA,NA,NA,NA,NA,NA,NA,NA,NA,NA,NA,NA,NA,NA,NA,NA,NA,NA,NA,NA,NA,NA,NA,NA,NA,NA,NA,NA,NA,NA,NA,NA,NA,NA,NA,NA,NA,NA,NA,NA,NA,NA,NA,NA,NA,NA,NA,NA,NA,NA,NA,NA,NA,NA,NA,NA,NA,NA,NA,NA,NA,NA,NA
70,"BIH","Bosnia and Herzegovina",NA,NA,NA,NA,NA,NA,NA,NA,NA,NA,NA,NA,NA,NA,NA,NA,NA,NA,NA,NA,NA,NA,NA,NA,NA,NA,NA,NA,NA,NA,NA,0.000356746789392135,0.000343686246508802,0.000275953235772575,0.00022905794026051,0.000291208934842017,0.000400970630947394,0.000430655236496153,0.000424364423241939,0.000292307754058768,0.000342454496446143,0.000368252836598446,0.000204090101479238,0.000337365307310287,0.000316516479231019,0.00032333286179909,0.000247044290499475,0.000306872185174745,0.000303132458473567,0.000239671218333859,0.00023495835327827,0.000187289194769005,0.000232848487246024,0.000192157088864793,0.000202654715204569,0.000295340640465615,0.000203729187637179,0.000299692474500578,0.000274590735748637,0.000314774519497756,0.000218399992355639,0.000215595863493005,0.000160173049842152,0.000174302690317067
72,"BWA","Botswana",NA,NA,NA,NA,NA,NA,NA,NA,NA,NA,NA,NA,NA,NA,NA,NA,NA,NA,NA,NA,NA,NA,NA,NA,NA,NA,NA,NA,NA,NA,NA,NA,NA,NA,NA,NA,NA,NA,NA,NA,NA,NA,NA,NA,NA,NA,NA,NA,NA,NA,NA,NA,NA,NA,NA,NA,NA,NA,NA,NA,NA,NA,NA,NA
76,"BRA","Brazil",1,1,1,1,1,1,1,1,1,1,1,1,1,1,1,1,1,1,1,1,1,1,1,1,1,1,1,1,1,NA,1,1,1,1,1,NA,NA,1,NA,NA,NA,NA,NA,NA,1,1,1,1,1,1,1,1,NA,NA,NA,NA,NA,NA,NA,NA,1,1,NA,NA
92,"VGB","British Virgin Islands",NA,NA,NA,NA,NA,NA,NA,NA,NA,NA,NA,NA,NA,NA,NA,NA,NA,NA,NA,NA,NA,NA,NA,NA,NA,NA,NA,NA,NA,NA,NA,NA,NA,NA,NA,NA,NA,NA,NA,NA,NA,NA,NA,NA,NA,NA,NA,NA,NA,NA,NA,NA,NA,NA,NA,NA,NA,NA,NA,NA,NA,NA,NA,NA
96,"BRN","Brunei Darussalam",3.7397658442938e-05,4.03077492404821e-05,3.0314261459865e-05,2.73321297805721e-05,2.50191303972983e-05,2.80468601169238e-05,4.62134188762446e-05,4.68698422455325e-05,5.73352032254934e-05,5.68683286293773e-05,3.8140707551872e-05,3.57690736690263e-05,5.30512630324116e-05,8.61343745376975e-05,7.94783937251209e-05,5.82010716573078e-05,3.48520178402374e-05,3.23651628261986e-05,3.72365494054281e-05,2.33637036695478e-05,2.11044760462751e-05,1.94865889809907e-05,2.23909985758026e-05,2.81673236162447e-05,1.12379277702243e-05,1.39689041740065e-05,1.08933761872652e-05,1.74792568388524e-05,1.41779281611024e-05,9.33973751330202e-06,1.15324157296533e-05,9.63737367675269e-06,1.04538810857653e-05,1.0371286063362e-05,7.65988804286128e-06,8.4127045042552e-06,7.72611474861605e-06,7.72972262739191e-06,5.05555317748319e-06,6.62865026459639e-06,6.14476005152955e-06,6.34273830120478e-06,9.29396958603358e-06,9.50222195067954e-06,1.19196060673546e-05,1.3385182992476e-05,1.68464766549229e-05,1.32544105886862e-05,1.22243363723553e-05,1.61124955784341e-05,2.01017650694843e-05,1.96052449620769e-05,1.6331120027875e-05,1.78556444110515e-05,2.60250380461656e-05,2.11754068328833e-05,2.06140815557707e-05,2.02478628915325e-05,1.74436373480083e-05,2.74092651457895e-05,2.86488910642412e-05,2.47920478797176e-05,2.63158533471211e-05,2.52999212562354e-05
100,"BGR","Bulgaria",0.0447137912529006,0.043487410893721,0.0414484834424328,0.046511315708812,0.0491196957549092,0.0594120177259273,0.0517688800173083,0.0549778080820892,0.0519916318518952,0.0565782116363549,0.0612147269032457,0.0740397590084617,0.0655453137576433,0.0517238977238293,0.0583625376133286,0.0691191691712169,0.061515801927794,0.0622861692238631,0.0679979606893387,0.0715042183384996,0.0670538622920852,0.0780169889169743,0.06072531935538,0.0833703564710206,0.0428837858548713,0.051955942782187,0.0475337510266523,0.0450012173801296,0.0547653223890333,0.0541334282425452,0.0509800864684231,0.0419143630580904,0.0383739934072402,0.0416103771116139,0.0462683523489975,0.025882478709371,0.0358344178976668,0.0319784757917528,0.0323524630059223,0.030492267415286,0.0316227361786541,0.0357226525165,0.0225444610209084,0.0435461005288071,0.0337062480797423,0.0375215397445159,0.0225856444619439,0.0367474415984305,0.0392482065661477,0.0398320822261189,0.0457965317073994,0.0377021285090797,0.0473590909841874,0.056027253296356,0.0503602265867158,0.0469446730815517,0.048894321706508,0.0488745347685364,0.0510206081812247,0.0412925739322223,0.05171717125425,0.0468508850273281,0.0452345596438032,0.0429269477760407
854,"BFA","Burkina Faso",0.291059940517696,0.384415889300329,0.358932155146653,0.377931970338203,0.356561484009872,0.367349546897137,0.366663735160872,0.386341933460131,0.395705565511233,0.405489751731824,0.332187828719253,0.345350307314023,0.308050325532935,0.433960732462115,0.465916715624062,0.372677427065603,0.393970772862525,0.422387538762401,0.392150982995892,0.32647347284645,0.376530547659467,0.369714143038857,0.355668466579953,0.346017504858707,0.459811727181358,0.559493696753276,0.469500090178449,0.546248102167018,0.53505300252401,0.43263586176424,0.675035089382416,0.662511025474904,0.684245574849365,0.737693881146248,0.689672155341656,0.749347160269386,0.584768561113659,0.805159867027499,0.795571319856524,0.651640953274009,0.870172170610069,0.874218835662387,0.998479559855137,0.846072830574001,1,1,0.86280779775343,1,0.752485064136989,0.913695934515322,0.698318701616085,0.678038156239377,0.669995527276858,0.7093283761911,0.585795745249668,0.674742932393577,0.517300795057829,0.58760139677377,0.472070873240195,0.45190370481635,0.333659550352203,0.338726147091996,0.377345379670123,0.39302351404242
108,"BDI","Burundi",0.00235668000207631,0.00219867708778473,0.0022620188017015,0.00231914656728403,0.00233812866840355,0.00257803897445848,0.00285734967240789,0.0025945927699494,0.00300571127070556,0.00249241678495216,0.00321143270698516,0.00387549783997219,0.0071868852786759,0.0091022726528512,0.00667639131939439,0.00610590453484182,0.00624366794407223,0.00670968974702876,0.00836737392249738,0.00472124623666636,0.00565167965647019,0.00460847224597964,0.00472908105789537,0.00803670173686137,0.00592479390529858,0.00603670527613506,0.00690005780046229,0.00533284342078388,0.00527664884349205,0.0052573382888032,0.00578573842863241,0.00598207890132402,0.00551930792955115,0.00532419067182992,0.00465610470934604,0.00479253684896785,0.00522614704048559,0.00469056513481727,0.00433514550087254,0.00462043171254034,0.00490255928831106,0.00503723177712156,0.00434568197137176,0.00457328641233813,0.00393836197028766,0.00359955237429952,0.00351168035348113,0.00337318367028878,0.00329427518204917,0.0032316944476213,0.00288426224816292,0.00372505258246271,0.0055552712193332,0.00534015804691475,0.00628942657066674,0.00615701716480845,0.00550924395581081,0.00601514394341194,0.00636543372266807,0.00720327035619782,0.00770962852263335,0.00862853190048763,0.00719544268583127,0.00678863190846722
132,"CPV","Cabo Verde",NA,NA,NA,NA,NA,NA,NA,NA,NA,NA,NA,NA,NA,NA,NA,NA,NA,NA,NA,NA,NA,NA,NA,NA,NA,NA,NA,NA,NA,NA,NA,NA,NA,NA,NA,NA,NA,NA,NA,NA,NA,NA,NA,NA,NA,NA,NA,NA,NA,NA,NA,NA,NA,NA,NA,NA,NA,NA,NA,NA,NA,NA,NA,NA
116,"KHM","Cambodia",0.0494259953607307,0.0376987076419996,0.0458774789542604,0.0501073924333013,0.0431266851908774,0.0400037833755034,0.0419019975344467,0.0534667178069032,0.0393049080880933,0.0566759404625074,0.0393818203432162,0.0279930953933343,0.0155986558020139,0.0101592254036881,0.0141999370369837,0.0158462220217276,0.0143674204653723,0.0131853992197152,0.00766586936512991,0.0222825359968054,0.0207961404615175,0.0232823199808418,0.0271575101253095,0.020678767747748,0.0274206628585101,0.0292270405021572,0.0299939127848014,0.0362441869010857,0.0397019490307334,0.0400872400194238,0.0339214170756498,0.0298371663350163,0.0301079092872932,0.0278914073852696,0.0408651812025959,0.0414890096033155,0.0434514916886751,0.0409603328792364,0.0693138201351716,0.0631963662440592,0.0579146517089262,0.0471448803128462,0.0578859378631677,0.0499769138668819,0.0709830839931195,0.0741047790892655,0.07467151428827,0.0805235544364847,0.0794175834420534,0.0775972024575417,0.0859465399149433,0.0819372575653936,0.0857170706248108,0.0854184430094732,0.0795337045547427,0.0816864035695637,0.0941960236860264,0.0908203175531845,0.0897693485091946,0.089353886557344,0.092985826531926,0.0908639624830029,0.101946938728768,0.108623549020561
120,"CMR","Cameroon",0.00260631182240661,0.00259824002499684,0.00261950991000787,0.00251198172154324,0.00257847767481247,0.00253588022525707,0.00236126485477921,0.00245038245199319,0.00300027012458916,0.003679826413246,0.00267990178844825,0.00285011523219246,0.00271994239534382,0.00301891341128221,0.0033943846814609,0.00287573894395381,0.0028412610563138,0.00241196885007783,0.00254746737621312,0.00250453191572109,0.00219639953364936,0.00239402371038453,0.0021021564548818,0.00174587960023233,0.0020915908857425,0.00255830409093781,0.00187656865379902,0.00233346055043139,0.00209553753575006,0.00220661651064607,0.00237998407052304,0.00250808645348957,0.00249134904296219,0.00251109035549003,0.00291896429442101,0.00321918352524451,0.00290316336465473,0.00326374794276746,0.00304453694007354,0.00324498722042361,0.00363561821442109,0.00446843562602718,0.00394443823289185,0.00427478953648554,0.0052005263529275,0.00563404445098557,0.00591027448241286,0.00577376766629243,0.00644853898324339,0.00777185564032273,0.00746048951035552,0.00707540202199404,0.007070546276867,0.00743785993213533,0.00783005007997281,0.00837285380579162,0.00789649766750131,0.00838730201181334,0.00878193747488843,0.00863826596169272,0.00811978940369074,0.00834473063443132,0.00813258343117374,0.008308092894232
124,"CAN","Canada",0.350027386188112,0.631577164997442,0.809827104692239,0.667893985313445,0.774163905518697,0.938298798594743,0.755761538670911,0.845898349268616,0.933797873474065,0.68404084370886,1,0.911693921817257,1,0.917615739356769,1,1,1,1,1,1,1,1,1,1,1,1,1,1,1,1,1,1,1,1,1,1,1,1,1,1,1,1,1,1,1,1,1,1,1,1,1,1,1,1,1,1,1,1,1,1,1,1,1,1
136,"CYM","Cayman Islands",NA,NA,NA,NA,NA,NA,NA,NA,NA,NA,NA,NA,NA,NA,NA,NA,NA,NA,NA,NA,NA,NA,NA,NA,NA,NA,NA,NA,NA,NA,NA,NA,NA,NA,NA,NA,NA,NA,NA,NA,NA,NA,NA,NA,NA,NA,NA,NA,NA,NA,NA,NA,NA,NA,NA,NA,NA,NA,NA,NA,NA,NA,NA,NA
140,"CAF","Central African Republic",NA,NA,NA,NA,NA,NA,NA,NA,NA,NA,NA,NA,NA,NA,NA,NA,NA,NA,NA,NA,NA,NA,NA,NA,NA,NA,NA,NA,NA,NA,NA,NA,NA,NA,NA,NA,NA,NA,NA,NA,NA,NA,NA,NA,NA,NA,NA,NA,NA,NA,NA,NA,NA,NA,NA,NA,NA,NA,NA,NA,NA,NA,NA,NA
148,"TCD","Chad",NA,NA,NA,NA,NA,NA,NA,NA,NA,NA,NA,NA,NA,NA,NA,NA,NA,NA,NA,NA,NA,NA,NA,NA,NA,NA,NA,NA,NA,NA,NA,NA,NA,NA,NA,NA,NA,NA,NA,NA,NA,NA,NA,NA,NA,NA,NA,NA,NA,NA,NA,NA,NA,NA,NA,NA,NA,NA,NA,NA,NA,NA,NA,NA
152,"CHL","Chile",0.000262646946855293,0.000256873988467965,0.000289809200286949,0.000293653224431545,0.000295861903606607,0.000342862378566145,0.000319566635004465,0.000336144350132364,0.000293410476384416,0.000330400397283161,0.00033390887501486,0.000307282059339065,0.000209217457814127,0.000257975261801499,0.000273171542586419,0.000261271475943976,0.000337730176775669,0.000251957274232501,0.000290565443296769,0.000274673419960022,0.00022761178228002,0.0002066460654166,0.000195136233378118,0.000294270572235453,0.000347852969656381,0.000436082189613541,0.00045457261203327,0.000460339414823939,0.000477340962423213,0.000418842072642081,0.000399881670303858,0.000427434183984745,0.000374407305612396,0.000370106106350835,0.000382831865561369,0.000343226763792887,0.000401012800379945,0.000413200328116085,0.000321966545255208,0.000376950937805918,0.000449788013937905,0.00046429316402195,0.000477798155456539,0.00049276240082392,0.00050605582096366,0.000438123428104492,0.000335230910553913,0.000376108780592421,0.00035196361165036,0.000402162078674973,0.000445458688440934,0.000386610168669811,0.000438332303915979,0.000385428760409618,0.000423212417733302,0.000446970163455441,0.000379808731770372,0.000434782539579043,0.0004021394428934,0.000338515358644078,0.000344798002452311,0.000283595434860027,0.000300088658850129,0.000300784155198453
156,"CHN","China",1,1,1,1,1,1,1,1,1,1,1,1,1,1,1,1,1,1,1,1,1,1,1,1,1,1,1,1,1,1,1,1,1,1,1,1,1,1,1,1,1,1,1,1,1,1,1,1,1,1,1,1,1,1,1,1,1,1,1,1,1,1,1,1
170,"COL","Colombia",0.362906090182555,0.389239605411221,0.374432626604631,0.425188348916672,0.415515395001655,0.442107386150195,0.44320445989094,0.47779552913006,0.477682593563787,0.504768157430317,0.525314397171075,0.577522067239083,0.560809871817618,0.592783234058163,0.644200892453517,0.72154830439772,0.629202267810526,0.75784923505101,0.795512122623348,0.905959684833437,0.885559770207857,0.828416457469245,0.790854407100508,0.735809055016928,0.698034147185673,0.723788845326428,0.760464435307883,0.755684131048096,0.797693893649949,0.971639693766208,1,1,0.916044114337987,0.927359221806628,0.90201020262578,0.899043848003071,0.859378100245818,0.855913884393143,0.851103712171626,0.822264410883008,0.777714555753467,0.789549269272055,0.842015406120472,0.84104549037059,0.769360081135117,0.693208714555454,0.699854086713722,0.68049326500019,0.66921831408096,0.621518012455837,0.653692092885641,0.652560342053269,0.65037254797988,0.599141437769292,0.602922958224926,0.621450809546555,0.591243208179185,0.623362995897469,0.642820759261633,0.647242634244073,0.658785357110005,0.675206310436695,0.679512079572814,0.624791546870507
174,"COM","Comoros",NA,NA,NA,NA,NA,NA,NA,NA,NA,NA,NA,NA,NA,NA,NA,NA,NA,NA,NA,NA,NA,NA,NA,NA,NA,NA,NA,NA,NA,NA,NA,NA,NA,NA,NA,NA,NA,NA,NA,NA,NA,NA,NA,NA,NA,NA,NA,NA,NA,NA,NA,NA,NA,NA,NA,NA,NA,NA,NA,NA,NA,NA,NA,NA
184,"COK","Cook Islands",NA,NA,NA,NA,NA,NA,NA,NA,NA,NA,NA,NA,NA,NA,NA,NA,NA,NA,NA,NA,NA,NA,NA,NA,NA,NA,NA,NA,NA,NA,NA,NA,NA,NA,NA,NA,NA,NA,NA,NA,NA,NA,NA,NA,NA,NA,NA,NA,NA,NA,NA,NA,NA,NA,NA,NA,NA,NA,NA,NA,NA,NA,NA,NA
188,"CRI","Costa Rica",NA,NA,NA,NA,NA,NA,NA,NA,NA,NA,NA,NA,NA,NA,NA,NA,NA,NA,NA,NA,NA,NA,NA,NA,NA,NA,NA,NA,NA,NA,NA,0.0155565466637951,0.0138375961792653,0.0159340304166475,0.015613311570147,0.0164902898342533,0.0177960029504081,0.0153793747555442,0.0168602453083929,0.0195913378002355,0.0187157599108673,0.0165128587646856,0.0178898273944824,0.0198993812720428,0.0194199531580065,0.0212479264197236,0.0218728069527719,0.0218887733964993,0.0241012269575757,0.0244399513402609,0.0256690685069989,0.0236987123774888,0.0255282544667116,0.02631129628995,0.0231323785073206,0.0240545895343819,0.0237431574309142,0.0240844202284621,0.0226896341632125,0.0209136985785501,0.0216870281770464,0.0208512171143523,0.0186403039784114,0.0197867722791721
384,"CIV","Cote d'Ivoire",NA,NA,NA,NA,NA,NA,NA,NA,NA,NA,NA,NA,NA,NA,NA,NA,NA,NA,NA,NA,NA,NA,NA,NA,NA,NA,NA,NA,NA,NA,NA,NA,NA,NA,NA,NA,NA,NA,NA,NA,NA,NA,NA,NA,NA,NA,NA,NA,NA,NA,NA,NA,NA,NA,NA,NA,NA,NA,NA,NA,NA,NA,NA,NA
191,"HRV","Croatia",NA,NA,NA,NA,NA,NA,NA,NA,NA,NA,NA,NA,NA,NA,NA,NA,NA,NA,NA,NA,NA,NA,NA,NA,NA,NA,NA,NA,NA,NA,NA,0.00596807734289719,0.00676393416046162,0.00615025593844658,0.00765745209313983,0.00738426701152206,0.00864973569897115,0.00920373504425682,0.00864466091711251,0.00718252705122749,0.00867603533337428,0.00993423185877269,0.00671577386333905,0.00942474438491568,0.00954543830789266,0.00998261134255876,0.00834406520838626,0.011708842748996,0.0109863129331253,0.00547549885319154,0.00522647524408499,0.00480316547750427,0.00549680329945384,0.00489220260162501,0.00475577530999118,0.00602962647842538,0.00474569064577281,0.00540670845537735,0.00545185722936902,0.00574853553184243,0.00541306911545625,0.00453679269582464,0.00453771100943664,0.00468686117667002
192,"CUB","Cuba",0.0698593137215019,0.046808802195893,0.0396392218574064,0.0429067262730544,0.0530447273160966,0.0413835409784307,0.0527735894734754,0.0457245260050868,0.0442444167019251,0.0764966453263629,0.0521705909058025,0.0437415697911641,0.0452678884537406,0.0491649054447944,0.0478376767753964,0.0472850698526165,0.0508220377535919,0.0559561119356181,0.0592704499513505,0.0508586462544739,0.0526473446644545,0.0575679687063898,0.0567891461729767,0.0626620067326789,0.0570079380396198,0.0584108610304653,0.0602768162968598,0.0621512202636991,0.0670420946451802,0.0644361873959243,0.0622405332836375,0.0544351718250749,0.0399103911532219,0.0438215826309896,0.0358395901907461,0.0448132014585026,0.0444127181263165,0.0369834100529877,0.041573306853876,0.0459046089737064,0.0437978052223066,0.0471528349386857,0.0396266509664289,0.0381916369880218,0.0253422064601143,0.0240539751732456,0.024918636566174,0.0267738781277374,0.0281074286473287,0.0237816649012246,0.0263506764653924,0.0301156450568185,0.0332823338845657,0.0325370127036191,0.0314520872966686,0.0331518628078663,0.0328104214550657,0.0283587497061824,0.0303932174958401,0.0242776410201565,0.0200427668196457,0.0149930231389218,0.0121945338087978,0.0177407788751407
531,"CUW","Curacao",NA,NA,NA,NA,NA,NA,NA,NA,NA,NA,NA,NA,NA,NA,NA,NA,NA,NA,NA,NA,NA,NA,NA,NA,NA,NA,NA,NA,NA,NA,NA,NA,NA,NA,NA,NA,NA,NA,NA,NA,NA,NA,NA,NA,NA,NA,NA,NA,NA,NA,NA,NA,NA,NA,NA,NA,NA,NA,NA,NA,NA,NA,NA,NA
196,"CYP","Cyprus",NA,NA,NA,NA,NA,NA,NA,NA,NA,NA,NA,NA,NA,NA,NA,NA,NA,NA,NA,NA,NA,NA,NA,NA,NA,NA,NA,NA,NA,NA,NA,NA,NA,NA,NA,NA,NA,NA,NA,NA,NA,NA,NA,NA,NA,NA,NA,NA,NA,NA,NA,NA,NA,NA,NA,NA,NA,NA,NA,NA,NA,NA,NA,NA
203,"CZE","Czechia",NA,NA,NA,NA,NA,NA,NA,NA,NA,NA,NA,NA,NA,NA,NA,NA,NA,NA,NA,NA,NA,NA,NA,NA,NA,NA,NA,NA,NA,NA,NA,NA,NA,NA,NA,NA,NA,NA,NA,NA,NA,NA,NA,NA,NA,NA,NA,NA,NA,NA,NA,NA,NA,NA,NA,NA,NA,NA,NA,NA,NA,NA,NA,NA
180,"COD","Dem. Rep. Congo",0.0336267326602452,0.0318004561131416,0.0321757323356392,0.0330780100147989,0.035331888263793,0.0334289103462866,0.0349391950007187,0.0355670743707865,0.0374745237414668,0.0389796458364085,0.0393324606733417,0.040313106891572,0.0413953096306066,0.041616138332901,0.042672950205261,0.042623541040097,0.0446223222725671,0.0425571439306894,0.0448017918506509,0.0472627546121985,0.0477729956119301,0.0514364060031267,0.0539054610972015,0.0572658694850189,0.0596853797267908,0.0626625818224361,0.0634962195768387,0.0646819663986904,0.0647666043384007,0.0634287181213918,0.061480869167659,0.0634227790748521,0.0613749437103898,0.062539433799821,0.0510375306026161,0.0531129748361706,0.0498608268036654,0.0532926334810548,0.0514402598654854,0.0502255685561595,0.0494095472139146,0.0467313554577798,0.0473426830094137,0.0458817859049587,0.0432047135678352,0.0439843577866933,0.0443939507442332,0.0422989559371665,0.0424511976914692,0.0797902195340666,0.0796886853742927,0.0774205449540744,0.0799310538771271,0.0818433421236805,0.0833270559486746,0.0894623205579181,0.0942365118985504,0.110470781078263,0.086299410760615,0.101465115017286,0.100603510726266,0.102901522461607,0.101562048521312,0.106152619975009
208,"DNK","Denmark",0.183107657676031,0.198742086498454,0.201702434451375,0.218313495883272,0.195902134439509,0.191895921191126,0.222344680205685,0.24665200912121,0.258087055038844,0.229009495105617,0.244745636665496,0.246298412206266,0.247894161844881,0.254331956747453,0.20602720346277,0.209417559288161,0.252907267815594,0.236572768892015,0.239628477090467,0.233671599988679,0.270507250743462,0.323536818515088,0.259673842736863,0.372823864441293,0.322013877102975,0.328884321615847,0.285865771550534,0.319699419692698,0.356836562891982,0.379915082471786,0.337712428537082,0.227343379853855,0.278504812350157,0.2661713434464,0.311254463866975,0.325061349662009,0.303599363891761,0.313270082299475,0.317466591061144,0.350004895142074,0.32566566633169,0.365916191731739,0.376295838256401,0.371733613507836,0.371834903704331,0.351515486577392,0.350963563054503,0.354885349490051,0.384106023371479,0.344043062883387,0.331060768717271,0.335125786650274,0.339297678364877,0.346316606642197,0.382604862656641,0.327948933201161,0.399420618601906,0.288423596929433,0.406522516835832,0.393421828974338,0.376404595687267,0.422152463345068,0.338211905736297,0.352864364007589
262,"DJI","Djibouti",NA,NA,NA,NA,NA,NA,NA,NA,NA,NA,NA,NA,NA,NA,NA,NA,NA,NA,NA,NA,NA,NA,NA,NA,NA,NA,NA,NA,NA,NA,NA,NA,NA,NA,NA,NA,NA,NA,NA,NA,NA,NA,NA,NA,NA,NA,NA,NA,NA,NA,NA,NA,NA,NA,NA,NA,NA,NA,NA,NA,NA,NA,NA,NA
212,"DMA","Dominica",NA,NA,NA,NA,NA,NA,NA,NA,NA,NA,NA,NA,NA,NA,NA,NA,NA,NA,NA,NA,NA,NA,NA,NA,NA,NA,NA,NA,NA,NA,NA,NA,NA,NA,NA,NA,NA,NA,NA,NA,NA,NA,NA,NA,NA,NA,NA,NA,NA,NA,NA,NA,NA,NA,NA,NA,NA,NA,NA,NA,NA,NA,NA,NA
214,"DOM","Dominican Republic",NA,NA,NA,NA,NA,NA,NA,NA,NA,NA,NA,NA,NA,NA,NA,NA,NA,NA,NA,NA,NA,NA,NA,NA,NA,NA,NA,NA,NA,NA,NA,NA,NA,NA,NA,NA,NA,NA,NA,NA,NA,NA,NA,NA,NA,NA,NA,NA,NA,NA,NA,NA,NA,NA,NA,NA,NA,NA,NA,NA,NA,NA,NA,NA
218,"ECU","Ecuador",NA,NA,NA,NA,NA,NA,NA,NA,NA,NA,NA,NA,NA,NA,NA,NA,NA,NA,NA,NA,NA,NA,NA,NA,NA,NA,NA,NA,NA,NA,NA,NA,0.156718185140114,0.182732382823314,0.178681424230518,0.170710266032216,0.142976401315125,0.0971779014387352,0.122843474415762,0.168498524349987,0.154468502812001,0.164130175334087,0.142969433725939,0.178244913883821,0.146317269806116,0.132541258229587,0.149774475299579,0.168716619978087,0.164606283443889,0.172283499156132,0.144122385167081,0.17921925011343,0.165584427076208,0.197302722900278,0.21658407932646,0.164742624794413,0.184946376873299,0.158766469937256,0.157967557503738,0.163886422089104,0.185604151548656,0.175260888255452,0.158984444002265,0.166699080069639
818,"EGY","Egypt",NA,NA,NA,NA,NA,NA,NA,NA,NA,NA,NA,NA,NA,NA,NA,NA,NA,NA,NA,NA,NA,NA,NA,NA,NA,NA,NA,NA,NA,NA,NA,0.305640585300103,0.357334672173194,0.369818486204232,0.493504759766062,0.551867777170921,0.509622821907319,0.459936793411764,0.509517911568233,0.480453896292673,0.58944746381301,0.619601845504611,0.584326915793861,0.624408755210589,0.630731304196642,0.607549856294147,0.521229422301262,0.506003673896619,0.517444225224309,0.472736898247946,0.538225768798482,0.553566377731249,0.562825500380922,0.501695031418668,0.518005722888578,0.508562424994191,0.500309390062101,0.487656432465556,0.470667801842532,0.491865692525805,0.533193730200838,0.523728681326629,0.512558831797915,0.566897364859818
222,"SLV","El Salvador",NA,NA,NA,NA,NA,NA,NA,NA,NA,NA,NA,NA,NA,NA,NA,NA,NA,NA,NA,NA,NA,NA,NA,NA,NA,NA,NA,NA,NA,NA,NA,NA,0.0111128997454258,0.0062001950119811,0.00635690554389347,0.00534180173405382,0.005274170054257,0.00623309143455035,0.00552950629641524,0.00543419339358092,0.00459656002323484,0.00574954633122578,0.00470123278648138,0.00493448331771405,0.00472613933705083,0.00523202881664967,0.00408368277125789,0.00469991648728067,0.00436710377069781,0.00396250189234338,0.00387806018507081,0.00443396760627999,0.0044883102056572,0.00427491674992666,0.00354888310200864,0.00418812411105693,0.00391671894061909,0.00328212518084025,0.00368995369439105,0.00358865092544228,0.00353961482052147,0.0036615153294013,0.0034997622737657,0.00349199263185834
226,"GNQ","Equatorial Guinea",NA,NA,NA,NA,NA,NA,NA,NA,NA,NA,NA,NA,NA,NA,NA,NA,NA,NA,NA,NA,NA,NA,NA,NA,NA,NA,NA,NA,NA,NA,NA,NA,NA,NA,NA,NA,NA,NA,NA,NA,NA,NA,NA,NA,NA,NA,NA,NA,NA,NA,NA,NA,NA,NA,NA,NA,NA,NA,NA,NA,NA,NA,NA,NA
232,"ERI","Eritrea",NA,NA,NA,NA,NA,NA,NA,NA,NA,NA,NA,NA,NA,NA,NA,NA,NA,NA,NA,NA,NA,NA,NA,NA,NA,NA,NA,NA,NA,NA,NA,NA,0.0055794044484896,0.0143613835242645,0.00630015957541439,0.00422061710123486,0.00462706171615666,0.0203402126112463,0.014492139345543,0.00524424347935538,0.00942131237188397,0.00255450954396406,0.00483913601374568,0.00443568327951875,0.0136522550485264,0.0152697395151893,0.020879624335225,0.00426098774036058,0.00781360268410888,0.00921662535814942,0.0132439041342971,0.0137905667952567,0.0129494430462449,0.0122897992964246,0.0134071219110592,0.0141701367509755,0.0163074407906004,0.0159717653427258,0.0156774954741561,0.0164107806993376,0.0159631346707495,0.0161485893736768,0.0167024957866238,0.0175900440685198
233,"EST","Estonia",NA,NA,NA,NA,NA,NA,NA,NA,NA,NA,NA,NA,NA,NA,NA,NA,NA,NA,NA,NA,NA,NA,NA,NA,NA,NA,NA,NA,NA,NA,NA,0.00163463298591057,0.00209142556581026,0.00141103450552378,0.00132610968939234,0.00139464668323285,0.00134073161511372,0.00116902324878104,0.000969167017744503,0.00155618494401819,0.00127235463705209,0.00122616211894969,0.00124013865954329,0.00132608622072347,0.00167846271760653,0.00142103362769617,0.00203551655081353,0.00184857826001933,0.00191052916435827,0.00161677249252154,0.00179965389016716,0.0021846920299567,0.00219133345092827,0.00260326015920495,0.00321125398710922,0.00189957761099425,0.00273899067694575,0.00192069458247886,0.00350105225193568,0.00357456538522513,0.00292841219247911,0.00333056657265326,0.00255332380421045,0.00257916749427305
748,"SWZ","Eswatini",NA,NA,NA,NA,NA,NA,NA,NA,NA,NA,NA,NA,NA,NA,NA,NA,NA,NA,NA,NA,NA,NA,NA,NA,NA,NA,NA,NA,NA,NA,NA,NA,NA,NA,NA,NA,NA,NA,NA,NA,NA,NA,NA,NA,NA,NA,NA,NA,NA,NA,NA,NA,NA,NA,NA,NA,NA,NA,NA,NA,NA,NA,NA,NA
231,"ETH","Ethiopia",NA,NA,NA,NA,NA,NA,NA,NA,NA,NA,NA,NA,NA,NA,NA,NA,NA,NA,NA,NA,NA,NA,NA,NA,NA,NA,NA,NA,NA,NA,NA,NA,1,1,1,1,1,1,1,1,1,1,1,1,1,1,1,1,1,1,1,1,1,1,1,1,1,1,1,1,1,1,1,1
234,"FRO","Faeroe Islands",NA,NA,NA,NA,NA,NA,NA,NA,NA,NA,NA,NA,NA,NA,NA,NA,NA,NA,NA,NA,NA,NA,NA,NA,NA,NA,NA,NA,NA,NA,NA,NA,NA,NA,NA,NA,NA,NA,NA,NA,NA,NA,NA,NA,NA,NA,NA,NA,NA,NA,NA,NA,NA,NA,NA,NA,NA,NA,NA,NA,NA,NA,NA,NA
238,"FLK","Falkland Islands",NA,NA,NA,NA,NA,NA,NA,NA,NA,NA,NA,NA,NA,NA,NA,NA,NA,NA,NA,NA,NA,NA,NA,NA,NA,NA,NA,NA,NA,NA,NA,NA,NA,NA,NA,NA,NA,NA,NA,NA,NA,NA,NA,NA,NA,NA,NA,NA,NA,NA,NA,NA,NA,NA,NA,NA,NA,NA,NA,NA,NA,NA,NA,NA
242,"FJI","Fiji",NA,NA,NA,NA,NA,NA,NA,NA,NA,NA,NA,NA,NA,NA,NA,NA,NA,NA,NA,NA,NA,NA,NA,NA,NA,NA,NA,NA,NA,NA,NA,NA,NA,NA,NA,NA,NA,NA,NA,NA,NA,NA,NA,NA,NA,NA,NA,NA,NA,NA,NA,NA,NA,NA,NA,NA,NA,NA,NA,NA,NA,NA,NA,NA
246,"FIN","Finland",0.188840338578575,0.152712680604608,0.202669422341369,0.185398795187183,0.226803568012488,0.207014012731989,0.276756584588288,0.25596729318361,0.276774517052489,0.290318837070334,0.291826069870241,0.333276436925725,0.279988507261141,0.311246312018002,0.37834845465252,0.466476297025623,0.372744882780048,0.366256779673449,0.55569771725179,0.527343396712966,0.302216172701933,0.378559344632934,0.501082316701177,0.462123318862155,0.481987293596775,0.45348280465896,0.264012175387576,0.36222360470371,0.431426009011211,0.452829785362802,0.389606604103205,0.374902317629176,0.466031501931834,0.444784454742128,0.409182504546673,0.468291995510343,0.443203880645116,0.316838365150694,0.28624515635776,0.324047275324438,0.255047513919465,0.301530610620387,0.270529717514994,0.2526270401074,0.298855032129113,0.267109654683806,0.287139188654309,0.239930277350285,0.21484068266181,0.151545290480829,0.240354904404104,0.204604010898098,0.245986086422723,0.276357671770412,0.235344108836054,0.236936287816566,0.256327907032233,0.281379553025003,0.334288744911895,0.288957839874113,0.290253707704479,0.368062634820638,0.329373945718064,0.325271371779908
250,"FRA","France",NA,NA,NA,NA,NA,NA,NA,NA,NA,NA,NA,NA,NA,NA,NA,NA,NA,NA,NA,NA,NA,NA,NA,NA,NA,NA,NA,NA,NA,NA,NA,1,1,1,1,1,1,1,1,1,1,1,1,1,1,1,1,1,1,1,1,1,1,1,1,1,1,1,1,1,1,1,1,1
258,"PYF","French Polynesia",NA,NA,NA,NA,NA,NA,NA,NA,NA,NA,NA,NA,NA,NA,NA,NA,NA,NA,NA,NA,NA,NA,NA,NA,NA,NA,NA,NA,NA,NA,NA,NA,NA,NA,NA,NA,NA,NA,NA,NA,NA,NA,NA,NA,NA,NA,NA,NA,NA,NA,NA,NA,NA,NA,NA,NA,NA,NA,NA,NA,NA,NA,NA,NA
266,"GAB","Gabon",0.000161726488489464,0.000163243288353618,0.000158182981251118,0.000155460453289558,0.000162373583203438,0.000159686680240687,0.000155302442853458,0.000163051093927828,0.000147934967647463,0.000143439424454287,0.000157714662446455,0.000159011946727009,0.000166283158218459,0.000174413664849723,0.000186921788574228,0.000192319161117562,0.000225845322042661,0.000241076497922302,0.000259953422757557,0.000276715422009206,0.000269539302234792,0.000251422790817577,0.000249041551789982,0.000237995532093542,0.000256129318368931,0.000294323416595903,0.000324577923938139,0.000357833114148652,0.000343844425576394,0.00036467448053695,0.000402005222631611,0.000399075197509092,0.000417457628281373,0.000408919768162852,0.00040932070109707,0.000415419005255994,0.000388138869457051,0.000420497602794571,0.000426141767952431,0.000438825998166173,0.000418928959678614,0.000417379326769983,0.000454928128108019,0.000443563474308512,0.000465024088830736,0.000469746398903119,0.000484312769189889,0.000501859735600904,0.000509620461870673,0.000562013973390021,0.000610062412758707,0.000651565699953379,0.000669290089422452,0.000700306135401476,0.000720510748655321,0.000727043377754063,0.000766704744910179,0.000776780102905458,0.000815371935572428,0.000886245353390762,0.00098687335126737,0.00106433615114634,0.00106082840400275,0.00110760576275801
270,"GMB","Gambia",0.0149886595580598,0.0157944602598904,0.0147088192574417,0.0141052424824262,0.0167303332863042,0.0145449673576303,0.0128052713275616,0.0140219472240502,0.0118728553560402,0.00903257090661166,0.00986580124831381,0.00960293506115341,0.0108624777546406,0.00875811646637456,0.00868260404270367,0.00843555056504154,0.00686382164569613,0.0105767210185566,0.00454384611353632,0.00492110229092505,0.0087942973464665,0.01126886855969,0.00862080664989347,0.00663395609402276,0.00778247823564221,0.00871287122530065,0.00762109806587012,0.00708543790397377,0.00769620256645271,0.00727177023867202,0.00637247974702105,0.00469457841038389,0.00546066862890257,0.00554227797629297,0.00507457174145207,0.00444389509122041,0.00545786789592217,0.00493788319722226,0.00744656566441566,0.00834582160761234,0.00874466971179274,0.00464607050171335,0.00655165237343093,0.00809286361613822,0.007186452593951,0.00700370523462884,0.00539025965605082,0.00714128477096518,0.00790365853389013,0.00881565439392562,0.00476649604792194,0.00631833390560841,0.00572414173690598,0.00457726314513897,0.00570212034774397,0.00438792283848951,0.003260387003188,0.00201836909422426,0.00197997656020239,0.00207397519124378,0.00212343875208763,0.00218016622105017,0.00216908462387539,0.0021295502419131
268,"GEO","Georgia",NA,NA,NA,NA,NA,NA,NA,NA,NA,NA,NA,NA,NA,NA,NA,NA,NA,NA,NA,NA,NA,NA,NA,NA,NA,NA,NA,NA,NA,NA,NA,0.00431169260022289,0.00332009724731124,0.00374835176363222,0.003975121640705,0.0045731789363715,0.00754059684253804,0.00505232747487425,0.00718010270624343,0.0034562328028164,0.00734073605756726,0.00608571062512635,0.00684728486890401,0.00629318266855793,0.00651949834178399,0.00313515052069894,0.00411356341485025,0.00455056337590186,0.00328587921888715,0.00233347416630914,0.00404157273730803,0.00374250886052926,0.00482580537922994,0.00375742135468772,0.00427150260143811,0.00523929228748571,0.00400968942531314,0.00530483179872124,0.00522003990229089,0.00560959451648991,0.00615607947688223,0.00563567545353069,0.00569469969432375,0.00844712517043861
276,"DEU","Germany",0.367807666635694,0.417718567528343,0.394244027013343,0.397622263965457,0.376987081688042,0.391723489791761,0.445391659925868,0.458108695303958,0.417649403058218,0.434093671704461,0.487805327384574,0.502595221809171,0.625187424607608,0.591868201379106,0.523327203685994,0.466294006556154,0.514601950814827,0.578870859118466,0.591106587344454,0.529611394758636,0.518137780045321,0.575459336234369,0.626256417455282,0.686757779136545,0.637375355655757,0.625607242663771,0.575106640021,0.664134829612751,0.717702232366713,0.68888420017674,0.677697116665278,0.568304224139655,0.606045186346157,0.698357759453345,0.821376001970946,0.743978589286186,0.837621528455196,0.776656644945713,0.840299911552106,0.822734973952764,0.928357781997239,0.790310332962231,0.713572002822614,0.94890609591055,0.877784597495017,0.83274355048638,0.696972970837942,0.689471513314146,0.727258908217151,0.638434076636769,0.56129274029787,0.597440629276434,0.619354332933897,0.662239921900582,0.585636879759818,0.549530758867203,0.539520401661652,0.438449644863282,0.499891513246652,0.470305807701358,0.444996631283303,0.432348086213911,0.431377653708546,0.44426430945485
288,"GHA","Ghana",0.0486100365782028,0.0463727307585992,0.0468405471502754,0.0471027202572001,0.0448708664522093,0.0613020606138937,0.0581266356440592,0.0540907040766182,0.0545844736307812,0.0797708597166013,0.0759231559228434,0.0679954899910785,0.0716591966071605,0.0819094540494428,0.0686931942251391,0.0712807142322355,0.0605564147571536,0.0555011364507275,0.0697248524800636,0.0611015054950355,0.064079180887303,0.0587564444147008,0.0476318809575107,0.0756377128925348,0.0657675667632519,0.0695168768816659,0.0810769322070277,0.0854826621946751,0.0860699916748222,0.05670863437595,0.0866011910685029,0.0798395386409651,0.0927474091705875,0.0882601764945218,0.0934116267035494,0.0909278594317491,0.0822220954034251,0.0858770438833954,0.0795406225271581,0.0788965478111253,0.0827895301876319,0.0997014373359308,0.0944989772027724,0.0830499161544743,0.0822368175175848,0.0804561934531442,0.0656714003177708,0.0810524999352418,0.0965445370813928,0.078833078333594,0.0753349771441422,0.0696884334875994,0.0680261134226466,0.0658434251468659,0.0626553420959066,0.06253389253561,0.0637559278893547,0.0694040201266395,0.0846146284248036,0.0885764100399911,0.0826973435069055,0.0813291070842582,0.0793538063936918,0.08237694045399
300,"GRC","Greece",0.320467623245726,0.368096232194443,0.389754116086521,0.31796080720134,0.376116966542716,0.372526115542802,0.440311892847004,0.352194019454273,0.380891182573884,0.484422642211885,0.489555945623235,0.575262780067268,0.536578710218207,0.500337744171075,0.486497302334929,0.597155208585723,0.389300279150873,0.563156106126211,0.623502498886991,0.750286232761572,0.693160659084565,0.679942563025945,0.754082786816242,0.745841291148327,0.801959017983421,0.871816363394631,0.918675136088842,0.948149937113429,1,0.971114260318478,1,0.85425931083052,0.737659784011244,0.815797348226001,0.669468847390701,0.620769264151705,0.608538328827989,0.648819539822465,0.571701077263716,0.716112523553778,0.686072008412103,0.746696541613835,0.575992723787851,0.653902508838732,0.70872450015398,0.673700404634955,0.641955424394107,0.625889009486904,0.597167432384871,0.559362658646889,0.530332418598687,0.516919209645183,0.497014888753374,0.403952671536745,0.395188918577466,0.452932091679294,0.410126979261547,0.419864381905197,0.423600720952121,0.403118484672406,0.472968922775743,0.474082539793944,0.446735010579019,0.310017770767542
304,"GRL","Greenland",NA,NA,NA,NA,NA,NA,NA,NA,NA,NA,NA,NA,NA,NA,NA,NA,NA,NA,NA,NA,NA,NA,NA,NA,NA,NA,NA,NA,NA,NA,NA,NA,NA,NA,NA,NA,NA,NA,NA,NA,NA,NA,NA,NA,NA,NA,NA,NA,NA,NA,NA,NA,NA,NA,NA,NA,NA,NA,NA,NA,NA,NA,NA,NA
308,"GRD","Grenada",NA,NA,NA,NA,NA,NA,NA,NA,NA,NA,NA,NA,NA,NA,NA,NA,NA,NA,NA,NA,NA,NA,NA,NA,NA,NA,NA,NA,NA,NA,NA,NA,NA,NA,NA,NA,NA,NA,NA,NA,NA,NA,NA,NA,NA,NA,NA,NA,NA,NA,NA,NA,NA,NA,NA,NA,NA,NA,NA,NA,NA,NA,NA,NA
320,"GTM","Guatemala",0.0421373446019658,0.046744126562299,0.0555675415674945,0.0559083290752045,0.0584822163333915,0.0605177275494021,0.0564455372407524,0.0645334568356454,0.0663183293741862,0.066482375983827,0.0625060875865986,0.0708720614808591,0.0736330318844172,0.0830759383262326,0.0755271507272983,0.0665552875255651,0.0602486508769812,0.0612782511561305,0.0799460581590627,0.0784068349479738,0.079003736036432,0.0894298425365794,0.0792941680028408,0.067768163680072,0.0891930259114833,0.0844776077140569,0.0829349529497081,0.0854456971327177,0.080708214232344,0.0817145457298429,0.0728357348854512,0.0797955595911163,0.0757884409841847,0.0684454643281295,0.0710924903057756,0.0718895788847718,0.0707477274475687,0.0703776444786568,0.0749038716756106,0.0802872641073331,0.0886388678502793,0.0844519380659266,0.0890134008047318,0.095538249562347,0.0971129129089577,0.0977420914227086,0.0965414720945704,0.108218733461432,0.105923116870074,0.111216048608831,0.113175260597346,0.121350365480642,0.119301386925572,0.143246063624741,0.136971741989847,0.141282923069057,0.123032914168786,0.120421605081573,0.134298040904804,0.130193508602964,0.13195818485353,0.136937249264234,0.123768843099949,0.134932611272621
831,"GGY","Guernsey",NA,NA,NA,NA,NA,NA,NA,NA,NA,NA,NA,NA,NA,NA,NA,NA,NA,NA,NA,NA,NA,NA,NA,NA,NA,NA,NA,NA,NA,NA,NA,NA,NA,NA,NA,NA,NA,NA,NA,NA,NA,NA,NA,NA,NA,NA,NA,NA,NA,NA,NA,NA,NA,NA,NA,NA,NA,NA,NA,NA,NA,NA,NA,NA
324,"GIN","Guinea",0.00539092501443588,0.00554979870794732,0.00537785236769058,0.00568804362031196,0.00553960431428202,0.00594359204580131,0.00616041850589034,0.00593620082582448,0.00612292906708587,0.00667275754557799,0.00659716423010876,0.0065906951843577,0.00667527609131524,0.00669365775352051,0.00690828239869815,0.0071723059757935,0.00744936530665301,0.00746108220747951,0.0077447892958206,0.00784738442038345,0.00823990076052551,0.00804663068584998,0.00822503685744081,0.00855628777194091,0.00886065393999484,0.00905532139461579,0.00920527102877079,0.00932529206854283,0.010069484660641,0.010909503741657,0.0113106977411594,0.0129143956887844,0.0136111780970191,0.0132596205995784,0.0141794988329058,0.0147255939044756,0.0153105166869595,0.0170896072146232,0.0192696915336347,0.0200131917619017,0.0178456127481031,0.0193077182503514,0.021293148918053,0.0224747304460341,0.0243332667684772,0.0263609684431194,0.0281723416497079,0.0271011010682522,0.0247430883166849,0.0289063695996001,0.0274522387184506,0.0294517508629798,0.0300838969730135,0.0310513317987317,0.0334435743319074,0.0358565273130702,0.0395808049570394,0.0425340324882046,0.0422998675581424,0.0453770903694942,0.0493297236575439,0.0557682393519485,0.0571860824026729,0.0597546824321386
624,"GNB","Guinea-Bissau",NA,NA,NA,NA,NA,NA,NA,NA,NA,NA,NA,NA,NA,NA,NA,NA,NA,NA,NA,NA,NA,NA,NA,NA,NA,NA,NA,NA,NA,NA,NA,NA,NA,NA,NA,NA,NA,NA,NA,NA,NA,NA,NA,NA,NA,NA,NA,NA,NA,NA,NA,NA,NA,NA,NA,NA,NA,NA,NA,NA,NA,NA,NA,NA
328,"GUY","Guyana",7.26188824762281e-05,7.24563411778445e-05,6.11404367001015e-05,7.93965476987692e-05,7.49160361556288e-05,8.04302289220629e-05,7.2663639654375e-05,6.14998419218464e-05,6.84157464744687e-05,6.75080058147659e-05,6.88783709536797e-05,5.96193105764381e-05,5.59123768907735e-05,8.24607992927011e-05,7.93664696167919e-05,6.40894265417137e-05,8.4434112453041e-05,8.36851310219171e-05,7.15198186570021e-05,7.72131130609612e-05,7.73648764897124e-05,8.0498278587497e-05,6.57845127372297e-05,7.2798491239952e-05,6.70121650891383e-05,7.1364808135696e-05,6.80259312086393e-05,6.06570101101406e-05,5.7932927680912e-05,4.75126100418639e-05,6.34955233778489e-05,7.03944506598368e-05,7.70965743536301e-05,8.41411297248917e-05,0.000105320778324993,0.000107414190274055,0.000110482540398191,0.000100374083725572,0.000108787129596114,8.88113993444177e-05,0.000101291768954396,0.0001012852271658,0.00011231100316816,0.000106667853912245,8.63548637707719e-05,9.23493279799634e-05,9.03441525731224e-05,9.37201474020273e-05,0.000101819496159928,0.00010170720487935,0.000110210515242378,0.000113683974005897,0.000134198382468522,0.000157464387199501,0.000171205217302424,0.000136849625180806,0.000152959529479824,0.000148261661287493,0.000159861749724328,0.000153175565829928,0.000124990845572659,0.00013360798380413,0.000138352758563239,0.000146995033830882
332,"HTI","Haiti",NA,NA,NA,NA,NA,NA,NA,NA,NA,NA,NA,NA,NA,NA,NA,NA,NA,NA,NA,NA,NA,NA,NA,NA,NA,NA,NA,NA,NA,NA,NA,NA,NA,NA,NA,NA,NA,NA,NA,NA,NA,NA,NA,NA,NA,NA,NA,NA,NA,NA,NA,NA,NA,NA,NA,NA,NA,NA,NA,NA,NA,NA,NA,NA
336,"VAT","Holy See",NA,NA,NA,NA,NA,NA,NA,NA,NA,NA,NA,NA,NA,NA,NA,NA,NA,NA,NA,NA,NA,NA,NA,NA,NA,NA,NA,NA,NA,NA,NA,NA,NA,NA,NA,NA,NA,NA,NA,NA,NA,NA,NA,NA,NA,NA,NA,NA,NA,NA,NA,NA,NA,NA,NA,NA,NA,NA,NA,NA,NA,NA,NA,NA
340,"HND","Honduras",0.000738673488363399,0.000740678464604109,0.000827453884053325,0.000843311667094421,0.000924164966488921,0.000825499702580535,0.000906823809199894,0.000832152246760163,0.000907396115669922,0.000846977008729833,0.000855282491448999,0.000927736835705876,0.0008042143481381,0.000872191176838266,0.000931397141409337,0.000992839747757202,0.00110102555453597,0.00108311721902477,0.00095682793997444,0.00104390369491355,0.00114441564942064,0.00110636643693529,0.00116586852746942,0.00119434109048634,0.00107651347519547,0.00106542853305863,0.00115557613488004,0.000971864993261621,0.00110017222671576,0.00118011578972368,0.00119438239841594,0.00109564126791513,0.00115214863091614,0.00115206377104529,0.00119805919629829,0.00123167722180781,0.00128833795947684,0.001056831058248,0.00100633191358818,0.00108330969951323,0.0011261918497312,0.00108979493702319,0.00120301085456616,0.00109677726120836,0.0011122917390616,0.00124907685582284,0.0014000943351327,0.00126516897169695,0.00135046801499185,0.00116894103134353,0.00119331543888197,0.00121126062581476,0.00123852508446849,0.00118996423632605,0.0012326427598368,0.00120043773548563,0.00125546818805221,0.00126574481227207,0.00117129444126034,0.00125446815413291,0.00119365635968567,0.0011898845525046,0.00119795843847594,0.00120294385250932
344,"HKG","Hong Kong",NA,NA,NA,NA,NA,NA,NA,NA,NA,NA,NA,NA,NA,NA,NA,NA,NA,NA,NA,NA,NA,NA,NA,NA,NA,NA,NA,NA,NA,NA,NA,NA,NA,NA,NA,NA,NA,NA,NA,NA,NA,NA,NA,NA,NA,NA,NA,NA,NA,NA,NA,NA,NA,NA,NA,NA,NA,NA,NA,NA,NA,NA,NA,NA
348,"HUN","Hungary",0.0190208970257444,0.021213224932376,0.0204847656897668,0.0207988777728414,0.0178451757804067,0.015900502418822,0.0181878754689588,0.0170189091690299,0.0198747748865655,0.015155999808218,0.0208140272902513,0.0208301673929753,0.0223015054416664,0.0230934999400692,0.0212346041660372,0.0224594683570162,0.0253645616099513,0.0279423255390394,0.0254747256604584,0.0275128679348747,0.0228533049784353,0.027209691735111,0.0261047978760733,0.0303838864562613,0.0276418254262801,0.0272121960496641,0.0252039010005086,0.0271262258151869,0.0272499259054049,0.0234258882404372,0.0291349872676657,0.0190247746454364,0.0158969728746971,0.0214587045862654,0.021764425885811,0.0221537625114138,0.025189641235703,0.0235998477223391,0.0264856716057686,0.0221849710464896,0.0291497326831153,0.0218727693309802,0.0183262491939542,0.0304786789924852,0.0273524609147248,0.0257990374982032,0.0196481825004621,0.0412550855334005,0.02760424191879,0.0238832590010196,0.0283216880822865,0.0230954451630515,0.0291847764442844,0.0354838885692439,0.0335524778851573,0.0387610371640994,0.0398746413510087,0.040088513420206,0.0367443754455121,0.0356589674433627,0.0427456883739914,0.0269970735088182,0.0358414378506919,0.0308480924412081
352,"ISL","Iceland",NA,NA,NA,NA,NA,NA,NA,NA,NA,NA,NA,NA,NA,NA,NA,NA,NA,NA,NA,NA,NA,NA,NA,NA,NA,NA,NA,NA,NA,NA,NA,NA,NA,NA,NA,NA,NA,NA,NA,NA,NA,NA,NA,NA,NA,NA,NA,NA,NA,NA,NA,NA,NA,NA,NA,NA,NA,NA,NA,NA,NA,NA,NA,NA
356,"IND","India",1,1,1,1,1,1,1,1,1,1,1,1,1,1,1,1,1,1,1,1,1,1,1,1,1,1,1,1,1,1,1,1,1,1,1,1,1,1,1,1,1,1,1,1,1,1,1,1,1,1,1,1,1,1,1,1,1,1,1,1,1,1,1,1
360,"IDN","Indonesia",0.999646168948791,1,1,1,1,1,1,1,1,1,1,1,1,1,1,1,1,1,1,1,1,1,1,1,1,1,1,1,1,1,1,1,1,1,1,1,1,1,1,1,1,1,1,1,1,1,1,1,1,1,1,1,1,1,1,1,1,1,1,1,1,1,1,1
364,"IRN","Iran",0.575523099888961,0.663360428884859,0.648912019956293,0.563402693736052,0.722748658274829,0.946647576423289,0.745645958485786,0.852890543059885,0.826555952286617,0.90375272146191,0.763564357348169,0.864562921726193,0.943247478593315,0.850010512465674,1,1,0.93762472642539,0.991858841579365,1,0.977104035800332,1,1,1,1,1,1,1,1,1,1,1,1,1,1,1,1,1,1,1,1,1,1,1,1,1,1,1,1,1,1,1,1,1,1,1,1,1,1,1,1,1,1,1,1
368,"IRQ","Iraq",0.00705223550726044,0.00867094614277388,0.00551149504267486,0.00609662044148963,0.00771344202088662,0.00728335361806441,0.00814586002679202,0.0109620433626668,0.00961558208973331,0.00834103638349793,0.00651437235123116,0.016381960810981,0.00727740859245607,0.0086799646417667,0.00633703153595927,0.00920977882668278,0.00719279144495472,0.00784652607881618,0.00668934707514178,0.00845299526726547,0.00941860592863958,0.00940692855368321,0.00835876261798513,0.00515146954459862,0.0139126983016279,0.0102850058020251,0.00761281114692269,0.0122210655861972,0.00681961838295225,0.0165563437278207,0.0119461382241929,0.0150624219293921,0.0180204466903259,0.0144874413723659,0.012765745445079,0.0155119998909463,0.0111216393327232,0.0124066547564276,0.00875025957795862,0.00528788365336542,0.00983082615179371,0.0211434250459111,0.0185330566048539,0.0165793729727113,0.0193274050492493,0.0212386021403946,0.020229271513537,0.0114943819967591,0.0158086630149958,0.0269355487510498,0.0257464231161738,0.0281617116633048,0.0375555746877072,0.0419002709739555,0.0206821665195018,0.0240487214577257,0.0226599943333265,0.0161497960029624,0.044956379246965,0.0594727712949809,0.0334406775159445,0.0209373489245212,0.0296695007523284,0.0390535882988784
372,"IRL","Ireland",0.201807855023017,0.22758941539129,0.255440805352519,0.227185719656431,0.243886594734264,0.226902069312946,0.272002193838095,0.30420337153053,0.319270665268668,0.311433736602655,0.350130123090914,0.316012897333764,0.315215935026486,0.297667792357554,0.288484300117026,0.270528973086206,0.482440018431519,0.482458172664947,0.515847007586546,0.531542082231437,0.602771976573452,0.65697131597103,0.617505544579258,0.766125777261412,0.563175513383012,0.630126063839581,0.720156384026724,0.722074084710791,0.635584340209335,0.626237479304181,0.586530522751829,0.612440139867156,0.490393062306694,0.503960364874529,0.556800158738413,0.585197446968085,0.590447111413341,0.648111805568527,0.676365896825959,0.710076361594195,0.731314672967752,0.693714944769926,0.838161243207152,0.994410789065013,0.841021352604333,0.775860660579084,0.733822659090409,0.929357543056694,0.881798692285441,0.83044859653053,1,0.843578731895356,0.925825024090931,0.993630540806067,1,1,1,0.9944351402415,1,1,1,1,1,1
833,"IMN","Isle of Man",NA,NA,NA,NA,NA,NA,NA,NA,NA,NA,NA,NA,NA,NA,NA,NA,NA,NA,NA,NA,NA,NA,NA,NA,NA,NA,NA,NA,NA,NA,NA,NA,NA,NA,NA,NA,NA,NA,NA,NA,NA,NA,NA,NA,NA,NA,NA,NA,NA,NA,NA,NA,NA,NA,NA,NA,NA,NA,NA,NA,NA,NA,NA,NA
376,"ISR","Israel",0.00116888081801596,0.00104021608842515,0.000981910158804274,0.00211651893777321,0.00196144356370017,0.00125498471173319,0.00228264656049882,0.00184374068640553,0.00185304830988781,0.00181350841664772,0.00261515562935648,0.0037984753645786,0.00322721114980424,0.00378008286574036,0.00344997887777508,0.00325607681013636,0.0036092678819999,0.00332097540655269,0.00297431955867093,0.00425561829994478,0.00439123321138359,0.00366093349349413,0.00552527341552373,0.00321474730670948,0.00367193644061886,0.00353287553292417,0.00447700368243244,0.00373725679869887,0.00354122019889556,0.00433529421185525,0.00318848668592009,0.0041656004508756,0.00383240160031084,0.0026800220970113,0.00425013985806764,0.00426628297871417,0.00352298981509661,0.0040286121403142,0.00218317942990278,0.00279850537538469,0.00353580400021722,0.0037512723017477,0.00403497390921586,0.00403105771215281,0.00438216265628512,0.00371519641566925,0.00402525129664227,0.00282144812338575,0.00351278983025836,0.00314362135845737,0.00374629148469018,0.00470785252471069,0.00423876852851845,0.00422868256177911,0.00442862839902421,0.00387406543086857,0.00263171410025,0.00227896733303075,0.00265429853214495,0.00319775183899951,0.0032967993419543,0.00347522705419947,0.00345725291918724,0.00273218086786854
380,"ITA","Italy",0.6007928622628,0.600185672911094,0.768449772444336,0.584972056245511,0.66383463582613,0.868318475572114,0.914548038168414,0.885389690706321,1,1,0.903859936487298,0.905355232660479,1,0.85863791765484,1,1,1,1,1,1,1,1,1,1,1,1,1,1,1,1,1,1,1,1,1,1,1,1,NA,1,1,1,1,1,1,1,1,1,1,1,1,1,1,1,1,1,1,1,1,1,1,1,1,1
388,"JAM","Jamaica",NA,NA,NA,NA,NA,NA,NA,NA,NA,NA,NA,NA,NA,NA,NA,NA,NA,NA,NA,NA,NA,NA,NA,NA,NA,NA,NA,NA,NA,NA,NA,0.000151573929881399,0.000162940261164757,0.000170524554472606,0.000194548780815201,0.000224115634235001,0.000222133727955827,0.000251517229386917,0.000266695966292139,0.000207079659458072,0.000218243259011719,0.000176481883887338,0.000164983709080959,0.000175925064260029,0.000129689472072557,0.000158485362515506,0.000165798870650057,0.000135088988141812,0.000104888293181547,0.000118600895724537,0.000125983500503355,0.000132862850157319,0.000120550699429246,0.000154974256542715,0.000142560241869465,0.00010564742912345,0.00010641526417467,9.72549102178402e-05,7.58457773124463e-05,5.92181358392418e-05,5.50791829892001e-05,5.2852186844273e-05,4.5072140298093e-05,4.64063240906564e-05
392,"JPN","Japan",0.274662560535417,0.242497718763551,0.209254507172422,0.195939804596379,0.178689831860691,0.193117214577442,0.188121129294253,0.1685629960242,0.16119788768479,0.153851941639406,0.139879066893094,0.137339941406738,0.126760767667561,0.126019834503801,0.131373140827766,0.109938732949703,0.120702201488284,0.116646873179053,0.121522958177708,0.101955401190732,0.133293589364805,0.129069757922654,0.119887580391496,0.163455103116953,0.120121994988988,0.121524426906801,0.114653459950942,0.109769260479373,0.112816732160688,0.115012724513159,0.10897491130884,0.113537704784183,0.089287867283347,0.116918468931643,0.107853054351348,0.101358501148002,0.0975645162115203,0.0941533282010774,0.0893764792562777,0.0967232751031358,0.0861974838471092,0.0863381121127882,0.0758111990226896,0.0945249894606869,0.0826927340690631,0.0708074688508184,0.083873774589981,0.0865930457771269,0.0713731903484012,0.0660559586203921,0.063774750601051,0.0650145170697131,0.0646118235729999,0.067530172125345,0.0698644275683263,0.0624033895795324,0.0669038518085491,0.0593172194835108,0.0599666368050966,0.0637134197024135,0.0640014278933238,0.0628224241232083,0.0562897268409195,0.0546451726377382
832,"JEY","Jersey",NA,NA,NA,NA,NA,NA,NA,NA,NA,NA,NA,NA,NA,NA,NA,NA,NA,NA,NA,NA,NA,NA,NA,NA,NA,NA,NA,NA,NA,NA,NA,NA,NA,NA,NA,NA,NA,NA,NA,NA,NA,NA,NA,NA,NA,NA,NA,NA,NA,NA,NA,NA,NA,NA,NA,NA,NA,NA,NA,NA,NA,NA,NA,NA
400,"JOR","Jordan",NA,NA,NA,NA,NA,NA,NA,NA,NA,NA,NA,NA,NA,NA,NA,NA,NA,NA,NA,NA,NA,NA,NA,NA,NA,NA,NA,NA,NA,NA,NA,0.00736614377490667,0.00418821174984457,0.00359692800576385,0.00444699321633083,0.00338285363828056,0.00309628675532264,0.00282922716438779,0.00087162694900698,0.00188573743455391,0.00183409651566953,0.00440041430603497,0.00304504057682689,0.00204891223803504,0.003283513311592,0.00228302738336962,0.00178649046868345,0.00139390606682816,0.00182778671240772,0.00227151436691118,0.00320051005399601,0.00310454563128952,0.00368011402746739,0.00393365428691562,0.0037738150295324,0.004330550742927,0.00378780284907376,0.00382937894400724,0.00535156953493636,0.00630045074010567,0.00586878391920582,0.00294186358806453,0.00417856108327689,0.00423136322916527
398,"KAZ","Kazakhstan",NA,NA,NA,NA,NA,NA,NA,NA,NA,NA,NA,NA,NA,NA,NA,NA,NA,NA,NA,NA,NA,NA,NA,NA,NA,NA,NA,NA,NA,NA,NA,1,0.910057754486705,0.978511315530788,0.719196212054387,0.773054107659002,0.838690988949729,0.474441358009612,1,0.950037815231096,1,1,1,0.95682041611526,0.969718792928138,1,1,0.96572153826569,1,0.753918332740783,1,0.733808199485414,1,0.916691829138982,0.913909942025177,0.972363427083779,1,1,0.795537795513224,0.904279655892598,0.737245313634563,0.976330035309163,0.773442176507242,1
404,"KEN","Kenya",0.449687817208558,0.476540493809141,0.638377905763813,0.516353938616664,0.521673763314665,0.518186820902533,0.630404645067735,0.674650535846188,0.938043202478286,0.850355189923739,0.7777737205317,0.809570162859115,0.911516636140181,0.930015106870557,1,1,1,1,1,1,1,1,1,1,1,1,1,1,1,1,1,1,1,1,1,1,1,1,1,1,1,1,1,1,1,1,1,1,1,1,1,1,1,1,1,1,1,1,1,1,1,1,1,1
296,"KIR","Kiribati",NA,NA,NA,NA,NA,NA,NA,NA,NA,NA,NA,NA,NA,NA,NA,NA,NA,NA,NA,NA,NA,NA,NA,NA,NA,NA,NA,NA,NA,NA,NA,NA,NA,NA,NA,NA,NA,NA,NA,NA,NA,NA,NA,NA,NA,NA,NA,NA,NA,NA,NA,NA,NA,NA,NA,NA,NA,NA,NA,NA,NA,NA,NA,NA
689,"XKX","Kosovo",NA,NA,NA,NA,NA,NA,NA,NA,NA,NA,NA,NA,NA,NA,NA,NA,NA,NA,NA,NA,NA,NA,NA,NA,NA,NA,NA,NA,NA,NA,NA,NA,NA,NA,NA,NA,NA,NA,NA,NA,NA,NA,NA,NA,NA,NA,NA,NA,NA,NA,NA,NA,NA,NA,NA,NA,NA,NA,NA,NA,NA,NA,NA,NA
414,"KWT","Kuwait",NA,NA,NA,NA,NA,NA,NA,NA,NA,NA,NA,NA,NA,NA,NA,NA,NA,NA,NA,NA,NA,NA,NA,NA,NA,NA,NA,NA,NA,NA,NA,NA,NA,NA,NA,NA,NA,NA,NA,NA,NA,NA,NA,NA,NA,NA,NA,NA,NA,NA,NA,NA,NA,NA,NA,NA,NA,NA,NA,NA,NA,NA,NA,NA
417,"KGZ","Kyrgyzstan",NA,NA,NA,NA,NA,NA,NA,NA,NA,NA,NA,NA,NA,NA,NA,NA,NA,NA,NA,NA,NA,NA,NA,NA,NA,NA,NA,NA,NA,NA,NA,0.0360238214533761,0.0321934713536387,0.0246565372051343,0.0251294363096163,0.0340501772817591,0.038877878444797,0.0396370991220432,0.0426351634961391,0.0434889890233735,0.0524926637575893,0.0538410433536728,0.0560624547755674,0.0573540155856297,0.0499028851697373,0.0448782139824474,0.0395994765710396,0.0402198952125461,0.0464433628185453,0.0389577874039905,0.0377698690420291,0.0297109194973342,0.0373798820353087,0.027682705765785,0.0350035335173977,0.0357847448531981,0.0374065820614705,0.0363927144562808,0.033551581543914,0.0335321974278362,0.022149237184598,0.0317968514596223,0.0266981117126622,0.0366727673150504
418,"LAO","Laos",NA,NA,NA,NA,NA,NA,NA,NA,NA,NA,NA,NA,NA,NA,NA,NA,NA,NA,NA,NA,NA,NA,NA,NA,NA,NA,NA,NA,NA,NA,NA,NA,NA,NA,NA,NA,NA,NA,NA,NA,NA,NA,NA,NA,NA,NA,NA,NA,NA,NA,NA,NA,NA,NA,NA,NA,NA,NA,NA,NA,NA,NA,NA,NA
428,"LVA","Latvia",NA,NA,NA,NA,NA,NA,NA,NA,NA,NA,NA,NA,NA,NA,NA,NA,NA,NA,NA,NA,NA,NA,NA,NA,NA,NA,NA,NA,NA,NA,NA,NA,NA,NA,NA,NA,NA,NA,NA,0.69721976921929,0.672734880508127,0.766793137607353,0.716352477357214,0.82190287598478,0.996886649983993,0.851939302051635,1,1,1,1,1,1,1,1,1,1,1,1,1,1,1,1,1,1
422,"LBN","Lebanon",0.00199793806108792,0.00212332867034586,0.00179112765691187,0.00187234752861471,0.00168645793882391,0.00184983755755834,0.00181639523170893,0.00140359962118483,0.00110126779619483,0.00124378603622806,0.00132291777193384,0.00170339152472346,0.00144296868671039,0.00173048246863325,0.00141366160571931,0.00111410871077132,0.00107329288370103,0.00104548244665477,0.000989144381768768,0.000733834602471477,0.000760355300401014,0.000696108356382208,0.000663392716218594,0.000620747166923345,0.000915800253319636,0.00108735161473426,0.00144447856017587,0.00144893607911823,0.00157122362592512,0.00155960122895894,0.00161981702641334,0.001875987043252,0.00163852983917505,0.00185822656838386,0.00215095956257106,0.00205341218296953,0.00194928566995166,0.00198013804953105,0.00188661252415474,0.00214573319431313,0.00217180364926958,0.00230506039635422,0.00242171152598567,0.00278572209923009,0.00281690299209535,0.00271639787561663,0.0025370612445193,0.00274008663294954,0.00224945514461507,0.00162423093788921,0.00219641435090107,0.00244596467236508,0.00303422348818958,0.00281538942358472,0.00333055129665626,0.00322082250982214,0.0031077362517871,0.00287999281307531,0.00204787997054866,0.00275909427148789,0.00274121985694433,0.00322538634355988,0.00244098286620715,0.0017800306009066
426,"LSO","Lesotho",NA,NA,NA,NA,NA,NA,NA,NA,NA,NA,NA,NA,NA,NA,NA,NA,NA,NA,NA,NA,NA,NA,NA,NA,NA,NA,NA,NA,NA,NA,NA,NA,NA,NA,NA,NA,NA,NA,NA,NA,NA,NA,NA,NA,NA,NA,NA,NA,NA,NA,NA,NA,NA,NA,NA,NA,NA,NA,NA,NA,NA,NA,NA,NA
430,"LBR","Liberia",NA,NA,NA,NA,NA,NA,NA,NA,NA,NA,NA,NA,NA,NA,NA,NA,NA,NA,NA,NA,NA,NA,NA,NA,NA,NA,NA,NA,NA,NA,NA,NA,NA,NA,NA,NA,NA,NA,NA,NA,NA,NA,NA,NA,NA,NA,NA,NA,NA,NA,NA,NA,NA,NA,NA,NA,NA,NA,NA,NA,NA,NA,NA,NA
434,"LBY","Libya",NA,NA,NA,NA,NA,NA,NA,NA,NA,NA,NA,NA,NA,NA,NA,NA,NA,NA,NA,NA,NA,NA,NA,NA,NA,NA,NA,NA,NA,NA,NA,NA,NA,NA,NA,NA,NA,NA,NA,NA,NA,NA,NA,NA,NA,NA,NA,NA,NA,NA,NA,NA,NA,NA,NA,NA,NA,NA,NA,NA,NA,NA,NA,NA
438,"LIE","Liechtenstein",NA,NA,NA,NA,NA,NA,NA,NA,NA,NA,NA,NA,NA,NA,NA,NA,NA,NA,NA,NA,NA,NA,NA,NA,NA,NA,NA,NA,NA,NA,NA,NA,NA,NA,NA,NA,NA,NA,NA,NA,NA,NA,NA,NA,NA,NA,NA,NA,NA,NA,NA,NA,NA,NA,NA,NA,NA,NA,NA,NA,NA,NA,NA,NA
440,"LTU","Lithuania",NA,NA,NA,NA,NA,NA,NA,NA,NA,NA,NA,NA,NA,NA,NA,NA,NA,NA,NA,NA,NA,NA,NA,NA,NA,NA,NA,NA,NA,NA,NA,0.0150525193885832,0.0179275515046355,0.0131078689328966,0.0122574587814883,0.0155050621018912,0.0159180843211646,0.0146491384979965,0.0110955315122357,0.0129535813882057,0.0104757466918213,0.011415583767349,0.0110627451107763,0.0115894117426189,0.0110341334100141,0.00756770013819664,0.011406253766029,0.0120889990833909,0.0128588297173549,0.00974673912183675,0.0110701310228087,0.0149446262331265,0.0133558616030973,0.0168231690888722,0.0185767668918544,0.0151404583582633,0.015571580916401,0.0122373929647731,0.0163423221302586,0.0206658877556974,0.0181859329812378,0.0189339087941435,0.0187771762988101,0.0192615005668011
442,"LUX","Luxembourg",NA,NA,NA,NA,NA,NA,NA,NA,NA,NA,NA,NA,NA,NA,NA,NA,NA,NA,NA,NA,NA,NA,NA,NA,NA,NA,NA,NA,NA,NA,NA,NA,NA,NA,NA,NA,NA,NA,NA,0.000693066734695374,0.000553401632775469,0.000559742131504566,0.000495277115752508,0.000769990220933355,0.000562038729845949,0.000549536684418299,0.000528944873397092,0.000645978540390559,0.000660075082048159,0.000522912103937305,0.000323133607950603,0.000395684558997412,0.00041355849111273,0.000407181395672246,0.00036828286402501,0.000264380307774508,0.000272224050088969,0.000270105003863981,0.000270944627418009,0.000252424286279281,0.000219434759125736,0.000263789739433264,0.000228038933472622,0.000224751487541713
446,"MAC","Macao",NA,NA,NA,NA,NA,NA,NA,NA,NA,NA,NA,NA,NA,NA,NA,NA,NA,NA,NA,NA,NA,NA,NA,NA,NA,NA,NA,NA,NA,NA,NA,NA,NA,NA,NA,NA,NA,NA,NA,NA,NA,NA,NA,NA,NA,NA,NA,NA,NA,NA,NA,NA,NA,NA,NA,NA,NA,NA,NA,NA,NA,NA,NA,NA
450,"MDG","Madagascar",0.00385934777315229,0.00405164962414628,0.00376590998553086,0.00376438251847486,0.00360138429484716,0.00340104807654147,0.00375405099613702,0.00380425904996587,0.00422234888859599,0.00416895396801807,0.00411976979988511,0.00420044329191233,0.00400766032595007,0.00456736950316205,0.00444218759684503,0.00475776994308709,0.00440821272896228,0.00435458289812483,0.00546426701256314,0.00483191116345659,0.00413377242488868,0.00527606057264011,0.00473874023020878,0.00487280408501564,0.00455123306168764,0.00551280253551052,0.00495050288852118,0.00526602207418287,0.00557126584674789,0.00530631222585022,0.00550521232442867,0.00557295999229423,0.00618517826367887,0.00519845999006646,0.00540624927809785,0.00513394416752149,0.00573762132020089,0.00527904650268976,0.00601022187312259,0.00585023805063268,0.00580248413156177,0.00612672156022418,0.00608112186298207,0.00645858988394578,0.00845022951670351,0.00814532874010813,0.00810561690499792,0.0084589806866362,0.0106211549136213,0.00992840682565311,0.0106102627754373,0.0101852518733712,0.0082867958703192,0.00844259513245221,0.0080234216846118,0.00792187070656248,0.00771682810408281,0.00858362231285285,0.00898767765751605,0.00889425389292627,0.00946217993988186,0.0102568920111966,0.0112520970747783,0.0110363886202532
454,"MWI","Malawi",0.0804852546866633,0.0713881992496967,0.0613238121033263,0.0683838574614162,0.0693908056723362,0.0765666889727473,0.0958346959942923,0.0850123498896912,0.0847399315615784,0.0736679729235033,0.102366325101755,0.110422029782542,0.109051946349559,0.105807060028711,0.0886064169676709,0.0899410374125196,0.0948842071854503,0.0797779221662472,0.0745145810478535,0.0708120520116511,0.0764965787677836,0.081777772374468,0.0656909145194525,0.0663832537711032,0.0632604177370974,0.0653118606800368,0.0602032705052178,0.0639537650025373,0.0582556222903622,0.0524624084053226,0.0660161254604406,0.031734536957629,0.0869825160904472,0.0614691919207677,0.119442982168843,0.148952926512172,0.132881980534484,0.175321394447879,0.252603332331083,0.445741370885794,0.381726398864307,0.26341343483164,0.338125141701976,0.385397569848831,0.334536736949963,0.671653641136674,0.827634651554411,0.623528961607404,0.479980694951127,0.447504433142749,0.427029580491419,0.429829246046219,0.42569015439071,0.358700727630564,0.270364435323863,0.249088592153705,0.428372332432576,0.318560152963364,0.346578862471964,0.377118952186251,0.316330446986249,0.302424839149668,0.300299259690844,0.287519854221269
458,"MYS","Malaysia",0.00659634526725642,0.00791962121667355,0.00646531559869403,0.00663799683460317,0.00751361391405698,0.00644260957549503,0.00631021270900263,0.00772997989004159,0.00884407823480532,0.0101009307285732,0.0110024550341199,0.01185460929236,0.012887163676636,0.0150099721914711,0.0172109170976113,0.0155873674429262,0.0154747105929069,0.016975274925024,0.0213370442085619,0.0233897736268727,0.025471533308465,0.0292539082352417,0.0234921789188366,0.0281263224499401,0.0287655499203844,0.0281176057310364,0.0278207598352589,0.0287726607313122,0.0323744642916773,0.0323741222599692,0.0334626937098753,0.0380845094522348,0.0441296124225302,0.037167708511397,0.0594133817720369,0.0417455594518475,0.053227447125831,0.0411692693343498,0.0571454896421834,0.0564227325999751,0.0613915304093305,0.064701789111304,0.0633187219506072,0.0649789036260097,0.0720988355922542,0.0743114009103093,0.0855925735230252,0.0859665754611124,0.0826483587626975,0.0860437535239378,0.0907027948146977,0.0960168737135314,0.0924436437342045,0.105545132036493,0.0942239679698094,0.118637396274681,0.094877955629968,0.111156938681985,0.137583815127256,0.111953632086645,0.106170099328215,0.130629861548023,0.12827076166532,0.194746889416695
462,"MDV","Maldives",NA,NA,NA,NA,NA,NA,NA,NA,NA,NA,NA,NA,NA,NA,NA,NA,NA,NA,NA,NA,NA,NA,NA,NA,NA,NA,NA,NA,NA,NA,NA,NA,NA,NA,NA,NA,NA,NA,NA,NA,NA,NA,NA,NA,NA,NA,NA,NA,NA,NA,NA,NA,NA,NA,NA,NA,NA,NA,NA,NA,NA,NA,NA,NA
466,"MLI","Mali",0.0387906467563436,0.0414891879420734,0.0395296738361321,0.0343956692496371,0.0346397279310578,0.0344294947881107,0.0361230562301041,0.033280389878675,0.038566203853942,0.0347919846562352,0.0353047403904083,0.0298931236502896,0.0279015367256643,0.0349053663718219,0.0429872209198506,0.0413551897403143,0.0399932424855941,0.0438632528803435,0.0374747094935088,0.0334350597598637,0.0383072429849119,0.0410047780034476,0.0430157922132173,0.0348504710728344,0.0526693658384138,0.0495015800205012,0.0475242807551562,0.0646043618079765,0.0588921692601079,0.0516562781655032,0.06196391753598,0.0524732657321979,0.0662245621417522,0.0694030722649168,0.0572358979029856,0.0568413254297955,0.0520217522722713,0.0552930762223271,0.0644303890213271,0.0515860843224599,0.0631068683623493,0.0515214918083036,0.0732363073971706,0.0617167527091944,0.0558404301786892,0.0621150105058152,0.0598318464782386,0.0648200873710503,0.0740289123422378,0.0708808143826993,0.0777737299699557,0.107558448098499,0.106016617984423,0.106360367985153,0.1377281726082,0.130216746183536,0.130666353714588,0.142723973044261,0.139474271840986,0.126243705862127,0.125024451262627,0.134223099933113,0.105315923708404,0.107809650778591
470,"MLT","Malta",NA,NA,NA,NA,NA,NA,NA,NA,NA,NA,NA,NA,NA,NA,NA,NA,NA,NA,NA,NA,NA,NA,NA,NA,NA,NA,NA,NA,NA,NA,NA,NA,NA,NA,NA,NA,NA,NA,NA,NA,NA,NA,NA,NA,NA,NA,NA,NA,NA,NA,NA,NA,NA,NA,NA,NA,NA,NA,NA,NA,NA,NA,NA,NA
584,"MHL","Marshall Islands",NA,NA,NA,NA,NA,NA,NA,NA,NA,NA,NA,NA,NA,NA,NA,NA,NA,NA,NA,NA,NA,NA,NA,NA,NA,NA,NA,NA,NA,NA,NA,NA,NA,NA,NA,NA,NA,NA,NA,NA,NA,NA,NA,NA,NA,NA,NA,NA,NA,NA,NA,NA,NA,NA,NA,NA,NA,NA,NA,NA,NA,NA,NA,NA
478,"MRT","Mauritania",NA,NA,NA,NA,NA,NA,NA,NA,NA,NA,NA,NA,NA,NA,NA,NA,NA,NA,NA,NA,NA,NA,NA,NA,NA,NA,NA,NA,NA,NA,NA,NA,NA,NA,NA,NA,NA,NA,NA,NA,NA,NA,NA,NA,NA,NA,NA,NA,NA,NA,NA,NA,NA,NA,NA,NA,NA,NA,NA,NA,NA,NA,NA,NA
480,"MUS","Mauritius",NA,NA,NA,NA,NA,NA,NA,NA,NA,NA,NA,NA,NA,NA,NA,NA,NA,NA,NA,NA,NA,NA,NA,NA,NA,NA,NA,NA,NA,NA,NA,NA,NA,NA,NA,NA,NA,NA,NA,NA,NA,NA,NA,NA,NA,NA,NA,NA,NA,NA,NA,NA,NA,NA,NA,NA,NA,NA,NA,NA,NA,NA,NA,NA
484,"MEX","Mexico",0.0404729126164962,0.0377907039337531,0.0392865395358241,0.0461615835032046,0.0504809346777945,0.0552681136364254,0.0549561811980375,0.059942489304297,0.0587783187640995,0.060412627940805,0.0591264435681681,0.0616366376856314,0.062255913390797,0.0624320811309793,0.0647931309035978,0.0630513238987598,0.0726472927225643,0.0724200123823468,0.0717256723363491,0.0817818114184796,0.0940382697993731,0.0810830700668859,0.0849362262426451,0.0892635436755925,0.0998240404968124,0.0845313659058439,0.0967401492248209,0.0832295343654738,0.0851148448922509,0.0942117875078474,0.0926059296971196,0.0916094276503902,0.0777671240339511,0.0803434677338163,0.0747281016121874,0.0857203785556092,0.084671800909825,0.0860884039585639,0.0694022588872711,0.0683802555897636,0.0741348249276451,0.0674469978835814,0.0719217181841243,0.0718974705238361,0.0607024611394947,0.0602603130485054,0.0643806312393373,0.0651769696797963,0.0570034677896624,0.0637003436735096,0.0588862286592248,0.0718845963006973,0.0710077616927334,0.0799624056948571,0.0739566775602049,0.0814597160867548,0.0822279610236786,0.0764181735138509,0.077460654294961,0.0775345392110261,0.0761882805552856,0.0753867288472407,0.0804976546284318,0.068109466274695
583,"FSM","Micronesia",NA,NA,NA,NA,NA,NA,NA,NA,NA,NA,NA,NA,NA,NA,NA,NA,NA,NA,NA,NA,NA,NA,NA,NA,NA,NA,NA,NA,NA,NA,NA,NA,NA,NA,NA,NA,NA,NA,NA,NA,NA,NA,NA,NA,NA,NA,NA,NA,NA,NA,NA,NA,NA,NA,NA,NA,NA,NA,NA,NA,NA,NA,NA,NA
498,"MDA","Moldova",NA,NA,NA,NA,NA,NA,NA,NA,NA,NA,NA,NA,NA,NA,NA,NA,NA,NA,NA,NA,NA,NA,NA,NA,NA,NA,NA,NA,NA,NA,NA,0.0199410572153537,0.0281007081408424,0.0152481225512127,0.0242504106121164,0.021340294945691,0.0314026182321156,0.0276618248384027,0.0198550846701504,0.0186705254018788,0.0246555158803904,0.0267767328783522,0.0255249252755881,0.0315912062301547,0.0298139428244697,0.0316995065488013,0.0199135474694276,0.0288297802749659,0.0183910952480202,0.0220422989603762,0.0306054386592978,0.0188707251287024,0.0333330355313848,0.0377315707701965,0.0218173895502538,0.0315590790028505,0.031030485070005,0.0316927615691677,0.0328121455869379,0.0153342250302368,0.0372150591730971,0.0198139243708931,0.028482837827689,0.0208524142764961
492,"MCO","Monaco",NA,NA,NA,NA,NA,NA,NA,NA,NA,NA,NA,NA,NA,NA,NA,NA,NA,NA,NA,NA,NA,NA,NA,NA,NA,NA,NA,NA,NA,NA,NA,NA,NA,NA,NA,NA,NA,NA,NA,NA,NA,NA,NA,NA,NA,NA,NA,NA,NA,NA,NA,NA,NA,NA,NA,NA,NA,NA,NA,NA,NA,NA,NA,NA
496,"MNG","Mongolia",0.053980990747521,0.14666281883785,0.145813119685254,0.148524985960569,0.111747385686719,0.0801734671335146,0.0937041345961843,0.0578894257497057,0.0337789037455672,0.0739688946579908,0.0888933100237581,0.0484514413843389,0.0964255684100186,0.0699205885350511,0.101021987719541,0.0778664410987661,0.08276048771807,0.07312721526937,0.0643366416199585,0.0568312924494249,0.0704073214122181,0.1050432409395,0.147382723927562,0.108761562109374,0.175091120374048,0.165946504155274,0.137458907318259,0.152452347209441,0.152408551493191,0.133161655213585,0.11772089827517,0.105411592862556,0.0947266820305238,0.0401798726651985,0.0346008874679475,0.0287911341179425,0.0290916481786403,0.0261485972352217,0.0210090176064955,0.0195279823712819,0.0218432202727823,0.0165295905406899,0.0218765355097322,0.0192542336495519,0.0122225107516945,0.0225561998849234,0.0231756373846356,0.0423589421393301,0.056150395160306,0.0547714449440142,0.0706578674924767,0.0573915507592208,0.101501049063352,0.0514792761024973,0.0355469557843173,0.0771864811708973,0.0345616105435661,0.0679585618044271,0.304677926175782,0.0631986791045099,0.0878146335796827,0.0611951490766825,0.0679217418314291,0.0661212205418551
499,"MNE","Montenegro",NA,NA,NA,NA,NA,NA,NA,NA,NA,NA,NA,NA,NA,NA,NA,NA,NA,NA,NA,NA,NA,NA,NA,NA,NA,NA,NA,NA,NA,NA,NA,0.117104635373068,0.115971828567532,0.116466906422912,0.124852342683545,0.138741748200024,0.174138519284729,0.140899103595891,0.125427748287622,0.0891860255934625,0.14843876214973,0.130443001165074,0.0867210379667435,0.181683216006233,0.136657529927487,0.194867254815513,0.166509363148109,0.181454739902865,0.204419191712112,0.183207373498515,0.183684445766951,0.137577178026612,0.173347878350289,0.243154490482772,0.153179857695591,0.191141731681284,0.212236996218991,0.212715929515807,0.22740628014925,0.212428918583625,0.184725979471739,0.168223814500575,0.197495638942496,0.161836655005357
504,"MAR","Morocco",0.0255169262243258,0.0588801279217221,0.066535168700653,0.057239677418886,0.0574132137674183,0.0342335790654441,0.0572793013938265,0.103898855933968,0.0646983460030756,0.0654210809892658,0.0826585903958172,0.0813038834534449,0.0456670121691764,0.0709178024226395,0.0519274085865774,0.0815540622278446,0.0414921147096441,0.0669789200942631,0.0593770838182929,0.0632343894241736,0.0305039737187367,0.0663996426178401,0.0434449474540292,0.0444647663849017,0.0644689935524259,0.0933130431675476,0.0481106014368173,0.08506967361831,0.0764038851011242,0.0631767894726624,0.0922774194093586,0.0325827733404902,0.0297996320119822,0.0919011820240739,0.0180047619579667,0.0929785666748806,0.0377618466994825,0.0588652897941565,0.0367400787668091,0.0188670253170481,0.0402703589385657,0.0469596423571337,0.0704174999311937,0.0750747500366385,0.0371579234115496,0.0790295042131885,0.0229976874755188,0.0443936419729024,0.0906177690836347,0.0661880269592507,0.0687461189244167,0.0428245215688496,0.0801599986232669,0.0560407082809319,0.0987352595405898,0.0287716369182509,0.0789656522839796,0.0837654582206659,0.0439536375429082,0.0279817372119318,0.08330056914909,0.0287631067848755,0.0465711742605009,0.0281553871434272
508,"MOZ","Mozambique",0.387528571076943,0.383188135169946,0.313328469429686,0.353469637503793,0.379027701210701,0.387472368220778,0.384865225054641,0.264746556163051,0.26113742272458,0.300694721000739,0.271221700648341,0.260224231769067,0.302597655325452,0.334099998558929,0.272556933458708,0.252603037207045,0.260329953388815,0.275194093549544,0.266026450818901,0.307639525497401,0.319099699530355,0.283502558205207,0.281190006081637,0.227722571803523,0.20293175086981,0.206053626055558,0.223781340175257,0.292036538264282,0.333069712829339,0.365394722145004,0.324241706887894,0.268678480372421,0.349755848168429,0.345765398877711,0.498636992021871,0.501995850150833,0.530604879771716,0.678344175548431,0.69040138844566,0.619024957004438,0.605908569365124,0.476918242914591,0.670452295524572,0.766276003149964,0.622849891315755,0.830338893137606,0.735759778177986,0.586210007171572,0.698714613177502,0.907473651832456,0.878197810594817,0.792486714660394,0.567551322310598,0.6501387886206,0.516708693833532,0.594167603527213,0.725202403784922,0.845598021170307,0.852513218175125,0.932498657432356,0.965541009056171,1,1,1
104,"MMR","Myanmar",0.481609171946296,0.506120648898782,0.538229075609448,0.497992274294842,0.430873219808316,0.344861145640357,0.360369972980344,0.365226253968981,0.364118169113816,0.388705554535104,0.403253603694958,0.414347218747501,0.423410457698326,0.343252046718563,0.4052381922617,0.422481912751912,0.408903251619118,0.423582681467624,0.498433260842799,0.861783929505036,0.695732771549677,0.760721759552792,0.858024130818705,0.759065336550961,0.750850002091044,0.894987624394388,0.86492914492167,0.8034444961992,0.79343518272129,0.78022060844275,0.77979317384071,0.873202270391008,0.963913304050818,1,0.929774812457531,0.857285786628047,0.885144946123745,0.860560524497946,1,0.919308500192469,1,0.884086081845953,0.909492295832342,1,1,1,1,1,1,1,1,1,1,1,1,1,1,1,1,1,1,1,1,NA
516,"NAM","Namibia",0.000484439996430855,0.000477657700370512,0.000467100965442929,0.000535313839659748,0.00058483832025676,0.000617563677447288,0.000630349800865007,0.000636752115147609,0.000602211993437283,0.00059143703133061,0.000610539409340484,0.000650693136272473,0.000759257977357154,0.000714510209823279,0.000814152335237607,0.000696404105534985,0.000679016352394943,0.00066737979862815,0.000688551387220919,0.000663623059212461,0.000646979054771454,0.000646765713897035,0.000696738455233775,0.000751576515923311,0.000593708649126642,0.000703027288799082,0.000664813827891156,0.000686716173114927,0.00075034491066127,0.000572226990869876,0.000603782403668601,0.000152037227936098,0.000403450152678537,0.000630180711660151,0.000370541753559093,0.000491270172638544,0.000956520189839454,0.000701968370338179,0.000413902602574706,0.000671821229622402,0.000643410570303564,0.00041149851177648,0.000451571155999802,0.00068067049243288,0.000576852096307054,0.000784817985654044,0.000424202830232449,0.000349570078812096,0.000384417972637818,0.000358747344937764,0.000373756802355946,0.000504137175462677,0.000243261673168535,0.000318314012778102,0.00036869750600541,0.000200478408430015,0.000415959811242332,0.00049969074071471,0.000154501075766884,0.000574502170465758,0.000486261104573073,0.000453657013989284,0.000304729117564843,0.000155996397899773
520,"NRU","Nauru",NA,NA,NA,NA,NA,NA,NA,NA,NA,NA,NA,NA,NA,NA,NA,NA,NA,NA,NA,NA,NA,NA,NA,NA,NA,NA,NA,NA,NA,NA,NA,NA,NA,NA,NA,NA,NA,NA,NA,NA,NA,NA,NA,NA,NA,NA,NA,NA,NA,NA,NA,NA,NA,NA,NA,NA,NA,NA,NA,NA,NA,NA,NA,NA
524,"NPL","Nepal",0.00377339482359821,0.00381232927911087,0.00366722288292778,0.00361697705977044,0.00359131602829164,0.00385134679755343,0.00385377102081416,0.00399982058427134,0.00343574170393401,0.00396553708123549,0.00400689623636429,0.00453386794690151,0.00410469750957443,0.00472997837098553,0.00554972531033705,0.00520216758131899,0.00574262106175072,0.00655562688012877,0.00599149477716643,0.00632310368288905,0.00829338412146742,0.00688628174009782,0.00856598411023258,0.0066709508690987,0.00635716231119355,0.00473425387586034,0.00532449051699045,0.00610831296301844,0.00585320475049156,0.00570921318862173,0.00435711592205666,0.0049992578384628,0.00451622348131954,0.00489140260522969,0.00479955880170166,0.00502815029080707,0.00503039886768231,0.00497767749594437,0.00537676126664708,0.00540260145530067,0.00589626762343798,0.00578466644111244,0.00597494354931505,0.00581700808645901,0.00572530126081202,0.00530405900454097,0.00574619368587792,0.00607018345750369,0.00698592734785281,0.00679377116191667,0.00757841966141543,0.00677086205690271,0.00667446879767764,0.00650026242709566,0.00600248449236138,0.00641837511278457,0.00622076925950816,0.00660757046524415,0.00615405763506453,0.00639364808262878,0.00609065779872193,0.00636842595243178,0.00628800186561718,0.00632010764047759
528,"NLD","Netherlands",NA,NA,NA,NA,NA,NA,NA,NA,NA,NA,NA,NA,NA,NA,NA,NA,NA,NA,NA,NA,NA,NA,NA,NA,NA,NA,NA,NA,NA,NA,NA,NA,NA,NA,NA,NA,NA,NA,NA,NA,NA,NA,NA,NA,NA,NA,NA,NA,NA,NA,NA,NA,NA,NA,NA,NA,NA,NA,NA,NA,NA,NA,NA,NA
540,"NCL","New Caledonia",NA,NA,NA,NA,NA,NA,NA,NA,NA,NA,NA,NA,NA,NA,NA,NA,NA,NA,NA,NA,NA,NA,NA,NA,NA,NA,NA,NA,NA,NA,NA,NA,NA,NA,NA,NA,NA,NA,NA,NA,NA,NA,NA,NA,NA,NA,NA,NA,NA,NA,NA,NA,NA,NA,NA,NA,NA,NA,NA,NA,NA,NA,NA,NA
554,"NZL","New Zealand",0.0241934993029287,0.0212228410675236,0.0229917413997354,0.0269093972188449,0.0240633858977504,0.0272311042459039,0.0323597912398818,0.0450819632078918,0.0480472636898555,0.0347879705803791,0.0464683996180491,0.056442413332018,0.0534525641525788,0.0363932775853498,0.038379334341035,0.0533643031527999,0.0502197089488705,0.0456459651408892,0.0431276708630246,0.0425127685030517,0.0495479069519975,0.0546718362964546,0.0496902661500697,0.0655658746806052,0.0711357706216155,0.0692466591535888,0.0547968416823916,0.0434583294524627,0.0376006161932727,0.046092072158069,0.0421507181671901,0.038762716731345,0.0416027382489805,0.0431302689396481,0.0396501660792362,0.0484012320925797,0.0524405602865299,0.0466137264041731,0.0475606471909454,0.0476306556071208,0.0506106401292295,0.0501687548844641,0.0510149745760641,0.0401563871932391,0.0454551486734932,0.0423330564375056,0.0507036822194017,0.056932583177263,0.0655426029518798,0.0572661946356005,0.0582669963840841,0.0695751544882276,0.067685936781485,0.0673211097064215,0.0670410006657243,0.0672117462649199,0.0558004809372671,0.0624198790807012,0.0618713384225023,0.0641015267399296,0.062047540069808,0.058140110785126,0.0605072310199198,0.0692222620127627
558,"NIC","Nicaragua",NA,NA,NA,NA,NA,NA,NA,NA,NA,NA,NA,NA,NA,NA,NA,NA,NA,NA,NA,NA,NA,NA,NA,NA,NA,NA,NA,NA,NA,NA,1,1,1,1,1,1,1,1,1,1,1,1,1,1,1,1,1,1,NA,NA,1,NA,NA,NA,1,NA,NA,NA,NA,1,NA,NA,1,NA
562,"NER","Niger",0.0154304268797346,0.0180960919665701,0.018423026502152,0.018023495836645,0.0144725481470296,0.0156224534158104,0.0173497479625779,0.0121895330202021,0.0167710736940781,0.0133330390876421,0.0150444735117093,0.0144029750368065,0.00903192524780737,0.0128972287288403,0.00942862659566207,0.0146911147584078,0.0156368655546677,0.0158554753576856,0.0166091143228665,0.0181017169871045,0.0164605284006541,0.0161127778224374,0.0159029931566523,0.00961972201051591,0.0173238769047972,0.0165224385376374,0.0126867949190318,0.0213135597885255,0.0155976418174124,0.0186315570721192,0.0192541084427609,0.0204215950570824,0.0192501993441123,0.0159978877302146,0.0188949015242893,0.017891893542828,0.0149291997909795,0.0241675410743333,0.0230871910827392,0.017363965247952,0.0256028226070014,0.0284823863220836,0.028172317064865,0.0214650239440072,0.0286921350689999,0.0315324918254251,0.0294835213107027,0.0371038907163379,0.0266752810434681,0.0419250364949044,0.0291595287117216,0.0426354639424615,0.0333739860612701,0.0361805668804305,0.0398030983257793,0.0437883530835056,0.0434124798700403,0.0471040703098224,0.0402517684139831,0.0436355198353849,0.0262501772482679,0.0448732557293969,0.0357483847750739,0.0421548944429992
566,"NGA","Nigeria",1,1,1,1,1,1,1,1,1,1,1,1,1,1,1,1,1,1,1,1,1,1,1,1,1,1,1,1,1,1,1,1,1,1,1,1,1,1,1,1,1,1,1,1,1,1,1,1,1,1,1,1,1,1,1,1,1,1,1,1,1,1,1,1
570,"NIU","Niue",NA,NA,NA,NA,NA,NA,NA,NA,NA,NA,NA,NA,NA,NA,NA,NA,NA,NA,NA,NA,NA,NA,NA,NA,NA,NA,NA,NA,NA,NA,NA,NA,NA,NA,NA,NA,NA,NA,NA,NA,NA,NA,NA,NA,NA,NA,NA,NA,NA,NA,NA,NA,NA,NA,NA,NA,NA,NA,NA,NA,NA,NA,NA,NA
408,"PRK","North Korea",NA,NA,NA,NA,NA,NA,NA,NA,NA,NA,NA,NA,NA,NA,NA,NA,NA,NA,NA,NA,NA,NA,NA,NA,NA,NA,NA,NA,NA,NA,NA,NA,NA,NA,NA,NA,NA,NA,NA,NA,NA,NA,NA,NA,NA,NA,NA,NA,NA,NA,NA,NA,NA,NA,NA,NA,NA,NA,NA,NA,NA,NA,NA,NA
807,"MKD","North Macedonia",NA,NA,NA,NA,NA,NA,NA,NA,NA,NA,NA,NA,NA,NA,NA,NA,NA,NA,NA,NA,NA,NA,NA,NA,NA,NA,NA,NA,NA,NA,NA,NA,NA,NA,0.164373728944753,NA,0.135272558459649,NA,0.13015044986507,0.110482309993308,0.0884488264542873,0.0992938729063799,0.0788306778959138,0.114866409880638,0.104835171084413,0.0916625763340026,0.0680593224382044,0.077681068664144,0.0753295599827912,0.0610962792276424,0.0594589819502909,0.047185611644444,0.0565738387421999,0.0595736759760841,0.0411817304518883,0.0508915783394447,0.0361007217096201,0.0431408602442471,0.0400644888899473,0.0384389671976921,0.0356482468316529,0.0328115005677467,0.0298534975483391,0.0308290854199238
578,"NOR","Norway",0.051620205046452,0.0378436152578232,0.0473121581544258,0.0333610192527364,0.0340043619522496,0.0298266845513448,0.0327962448710718,0.0402516735736591,0.0333120838752143,0.0315200628978954,0.0278225975933842,0.0253429444471393,0.0271890802509244,0.0285423049589705,0.0178836601245138,0.0178155443702674,0.0180184270236515,0.0168062618962994,0.0145680780578128,0.0139343915422076,0.0133950627858151,0.0120742580529145,0.0112623978722055,0.0125662359781096,0.0107428381354754,0.0103415602615461,0.0111873823801129,0.00817590657507618,0.00829079802501512,0.010121019678957,0.0122569748271022,0.00906042403008026,0.0135616252271885,0.00922225616743812,0.0100563560024025,0.0105172770228839,0.0102631426508082,0.00947509572520225,0.00836448443543275,0.0087514374534805,0.00727156793789694,0.00716839017870102,0.00719300951387939,0.00677699086111001,0.00626660280234743,0.00501965993664397,0.00473452757095382,0.00538853973215815,0.00381226433727151,0.00425077817785274,0.00360222902591144,0.00367947125945486,0.00312196506221538,0.00376464296609182,0.00395641142216072,0.00389149729726796,0.00403870103309483,0.0024182089291079,0.00401083401227422,0.00374613309814777,0.00359110144403767,0.00393344896385982,0.00247377032135576,0.00354445149830528
512,"OMN","Oman",2.32385266513832e-05,2.26714424967144e-05,2.4482500405033e-05,2.26030143083684e-05,2.32742559553388e-05,2.59928112456016e-05,2.56141204370356e-05,3.1482824010539e-05,2.7844248840568e-05,2.9338925678408e-05,3.06425788027291e-05,3.13829435810529e-05,4.76392780278419e-05,4.72779362515639e-05,4.85170215072431e-05,3.22233117457896e-05,1.1920749469536e-05,8.78743485170018e-06,6.50872854070391e-06,1.16873234602775e-05,1.02863989881281e-05,2.29492602141232e-05,2.56346438810242e-05,2.39010797072129e-05,8.4944979840699e-06,7.37490889514626e-05,7.43930438892267e-05,7.72093513713543e-05,8.25748182175323e-05,0.000123002449487419,0.000113098766641818,0.000159803894696062,0.000153489871899522,0.000159378650517022,0.000171523410411483,0.000178479842537368,0.000196137346571335,0.000200366055128726,0.000221717364573987,0.000228377154128603,0.000250580510222068,0.000266652326622185,0.000280156086429169,0.000327705788168919,0.000212477194278462,0.000194766257798447,0.000234489035251127,0.000201086382170891,0.000811292762961772,0.000534813657799181,0.0007379339093898,0.000619359627103963,0.000589519282562601,0.00049165986152681,0.00112459194927622,0.00099860139574757,0.00101834157554581,0.000975825180009071,0.000991795620621701,0.0028960871178422,0.00204925025793436,0.00334227931429468,0.00352493813058846,0.00368350729803675
586,"PAK","Pakistan",0.0452286519661124,0.0489792523889779,0.0534898188551047,0.0521986424964529,0.052602979704873,0.0522529953519527,0.055280324703031,0.06273236673481,0.0647748630715081,0.0682711699747715,0.066927034050057,0.0700398660809003,0.0650370181092444,0.0595681358940413,0.0557919900186362,0.0572917526906373,0.0641484098293622,0.0600940761998924,0.069502544704847,0.0723090313951613,0.0769185459159482,0.0825002712803725,0.0783235193015787,0.0847364609018515,0.084535951641215,0.0947580362816423,0.0929903087769374,0.0919529920154775,0.0974309345593891,0.100603757405258,0.114438587041329,0.11191199700402,0.111461007933781,0.108311736298907,0.128519775854436,0.119151784811333,0.120858586544029,0.153182571003499,0.136017027784571,0.143306915502361,0.132237909467449,0.133055286070247,0.140113531418918,0.156406273626387,0.160455220066353,0.152699497528656,0.156163132853396,0.153315751803746,0.158449112769182,0.153496576222884,0.167220372093872,0.153806543008953,0.162870472114268,0.168861580812569,0.157649126880272,0.168720187155423,0.171021382116122,0.162294589597516,0.167029728699341,0.169231562382229,0.180545447175022,0.167216526202588,0.197094985804471,0.196128797106385
585,"PLW","Palau",NA,NA,NA,NA,NA,NA,NA,NA,NA,NA,NA,NA,NA,NA,NA,NA,NA,NA,NA,NA,NA,NA,NA,NA,NA,NA,NA,NA,NA,NA,NA,NA,NA,NA,NA,NA,NA,NA,NA,NA,NA,NA,NA,NA,NA,NA,NA,NA,NA,NA,NA,NA,NA,NA,NA,NA,NA,NA,NA,NA,NA,NA,NA,NA
591,"PAN","Panama",0.000484166064578574,0.000478181064031958,0.000518746654970937,0.000571995968074099,0.000628994900440792,0.000608246858556102,0.000661325049950319,0.00067462229361359,0.000697215458167076,0.000575913680702144,0.000580084657549224,0.000523939735815574,0.000648401933151909,0.00071450507346564,0.00080478400823634,0.000736223224730903,0.00090675417539307,0.000879316643287216,0.000965818951962641,0.000921532704038113,0.000984703999899837,0.00099937995650109,0.00100803803857779,0.000921544111569661,0.0010034847104096,0.000973895110774498,0.00101761051339333,0.00101417952398473,0.00108728374712211,0.0011128897228533,0.00107714655490655,0.00117114280106032,0.0011341233974402,0.00117796715592295,0.00117300018900354,0.00124208729618127,0.000945258970651233,0.00116887782242603,0.0011094214127284,0.00122491015566713,0.00139000309143033,0.00167296788484349,0.00195162100455318,0.00158247609975225,0.00165907096482572,0.00167834699590818,0.00166015732591065,0.00164843436284183,0.00163632106316488,0.00165748325557074,0.00189593156257473,0.00182446320430909,0.00199089935502287,0.00198385290228572,0.0018909612753926,0.00215202573199163,0.00199097469472763,0.00225919320187822,0.00231465869287323,0.00252274303499965,0.00247657506879336,0.00221901955911618,0.00208679471264805,0.00204129937828907
598,"PNG","Papua New Guinea",0.000302119825259399,0.000304870558280284,0.000271557454985402,0.000281208428610859,0.000284712604672865,0.000321491856160875,0.000350634383216564,0.000341315688834127,0.000356350228653715,0.000390998382598176,0.000491960288612959,0.000550701891737665,0.000677399870163537,0.000671978529317242,0.000864233644969583,0.000961934582620026,0.00132550222799568,0.00122333218098804,0.00141478598736262,0.00149897132882528,0.0018931921856266,0.00268373141082773,0.00306912865798289,0.00367584989901741,0.00411475394606278,0.00390601818492564,0.00385952444808074,0.00384372579886504,0.00433965485697798,0.00519468825885919,0.00582138256796394,0.00693564977887269,0.00807954999739429,0.00795632321553447,0.00841911264916622,0.00890927729021571,0.00850303337934918,0.0118576524425562,0.0117768178640765,0.0132575408677754,0.0152598145376031,0.0140241369410639,0.0159880447260492,0.0164580133435255,0.0219601135268117,0.0239309554103529,0.0282676606308505,0.0293525012304173,0.0339140951791468,0.0431173580592646,0.0459528610999941,0.0449387541888586,0.0443563237530392,0.0508189985191847,0.05772730176293,0.0636077301063936,0.0678041381891748,0.0740472084410263,0.0823420122895053,0.0921749498973438,0.0978347728037051,0.106129968573276,0.114840258441395,0.122032961798293
600,"PRY","Paraguay",0.00399997247729283,0.00411470799120521,0.00421171761163155,0.00596082558767292,0.00595984639255085,0.00563449902923675,0.00609321739422411,0.00607984116008648,0.0061949402042313,0.00747915486915259,0.00768400856646056,0.00766390878492404,0.00859861852386812,0.0105437251099589,0.0110578323239029,0.0132812526637679,0.0185716822593087,0.018399756064879,0.022614208509862,0.0247119734867484,0.0304166795023595,0.0334788996948075,0.0341829905746746,0.0384642855596991,0.0486092254966147,0.041165938696249,0.0510070999268813,0.0632017814527045,0.0684280077189088,0.0717034515540522,0.0552263356819363,0.0584187469962364,0.0759695626727134,0.0791976145458153,0.0998626209752516,0.104633923350166,0.113958358984679,0.115973756632804,0.117989825906162,0.115237256815484,0.139001027170148,0.135810846718026,0.17559439695064,0.170625806493297,0.17425823122343,0.187367688101421,0.272045717162823,0.279704441745279,0.206416785200395,0.364941092782909,0.403115714228193,0.269860005772008,0.45964836373894,0.472478248410831,0.494003784091764,0.51888648035809,0.587045135275091,0.594979856568295,0.532215106560824,0.642029230397301,0.574404158296551,0.36920313267214,0.566988897167612,0.593721931865661
604,"PER","Peru",NA,NA,NA,NA,NA,NA,NA,NA,NA,NA,NA,NA,NA,NA,NA,NA,NA,NA,NA,NA,NA,NA,NA,NA,NA,NA,NA,NA,NA,NA,NA,0.0356297546398908,0.0373438642491927,0.0498787927242836,0.0437589117850514,0.0479535263356681,0.0431829784514245,0.0493215199275561,0.0571791475073139,0.0568993034619049,0.0554228912746943,0.0566834105238181,0.0611362471418724,0.0520539484911847,0.0605187570443642,0.0646943206431796,0.0687415913568028,0.0704442712004911,0.0768536983824442,0.0750158200468209,0.0735013016637666,0.0786834763587357,0.0789123721142871,0.0762724951740257,0.0776216786035768,0.0769883472921775,0.0735872794225997,0.079652169278063,0.0796770280323952,0.088310390443294,0.08286660587758,0.0858765348761256,0.0789747635849875,0.0868503044225364
608,"PHL","Philippines",0.0173944087808476,0.0186049782534419,0.0181696604801227,0.0188148141975523,0.0190604013758271,0.0191020825849159,0.0214444273632811,0.0213753503666113,0.0252659897347165,0.0284685644650222,0.0269183004904108,0.0236541702439528,0.0286733482149664,0.0314047407792336,0.0329152696802022,0.0343851435528969,0.0360438402554565,0.0363187812826414,0.0375278317944684,0.0363253335257167,0.0387691881149087,0.0418812505215238,0.037719344415267,0.0391603698772677,0.0417280025371917,0.0439838163294494,0.0434999989100275,0.0458831269961348,0.0470400672007946,0.0571256970785061,0.0519807657952991,0.0520336273981153,0.0508719676164175,0.0514761579925927,0.0480438015752737,0.0535586990410723,0.0522930689190165,0.0428570933194625,0.0596981257230575,0.0619378220951937,0.0572909756158982,0.0611361731734636,0.0664680067260335,0.0654269863982269,0.0666422322504954,0.0789570700532922,0.0908725000062541,0.0877726563084367,0.0849205395196463,0.080938056432848,0.0845811298447998,0.0904887854197343,0.0895691706751238,0.0918387670344137,0.0876980656433521,0.0834387797627863,0.0939133263021762,0.0903458235363935,0.0861582016395064,0.0930827988834594,0.0951312391833316,0.0964404750671138,0.0956170948304189,0.0916663685514908
616,"POL","Poland",NA,NA,NA,NA,NA,NA,NA,NA,NA,NA,NA,NA,NA,NA,NA,NA,NA,NA,NA,NA,NA,NA,NA,NA,NA,NA,NA,NA,NA,NA,NA,0.00624451741048277,0.00792310614016757,0.00747507189973463,0.00915861432082951,0.00900562236525504,0.0083824451575608,0.0119828348115635,0.0102202130268505,0.00901087040055932,0.00939448458171053,0.00850893828011636,0.00805087606244467,0.00960649718882308,0.00806955132379258,0.00690578392911774,0.008724262722656,0.00785090518690453,0.00886172252847976,0.00963246402497491,0.00761040539921433,0.0089935882478021,0.00867318099447342,0.00930159889113495,0.0076985884289892,0.00795530347092287,0.00878355359164613,0.00728618243308202,0.00746981444638233,0.00891417732683663,0.0086479732677169,0.00896203849202741,0.00925119448902925,0.00933512678821987
620,"PRT","Portugal",0.148795334297774,0.165398371020404,0.20566070187548,0.190619561842733,0.214582551815933,0.119950099785336,0.154919079002296,0.180656735066847,0.142336449225275,0.137621762116724,0.17004082514003,0.146946314397241,0.126523389611411,0.123341330076987,0.126420763866074,0.127449712624211,0.068722524648553,0.0704331249326564,0.0699895398231543,0.0919644518773627,0.061192013289192,0.0754685168801753,0.0630210641152812,0.0792451115157211,0.0712138995104985,0.100206344143958,0.10541836661795,0.0853754792658867,0.110645548061356,0.0651574398855848,0.0755861658815375,0.0684356765343452,0.0944074560580957,0.095508849376589,0.12727629498166,0.11556927546304,0.0792091997933708,0.0729484127674471,0.0748761864510549,0.0517820863684214,0.0349015138844932,0.0478215412799443,0.0314688144450422,0.0376833572787732,0.0205760240120336,0.0334664082616348,0.0259301361872573,0.0325653989337841,0.0263487402300211,0.021476654461705,0.0239744338552919,0.0256807088147499,0.0278762063369883,0.0305096185364544,0.0273275896090869,0.0232017000329323,0.0207777032753348,0.0202488755146039,0.0214728243098008,0.0197663312605501,0.0192756256097113,0.0167597111646385,0.0167064529318739,0.0168539655120268
634,"QAT","Qatar",NA,NA,NA,NA,NA,NA,NA,NA,NA,NA,NA,NA,NA,NA,NA,NA,NA,NA,NA,NA,NA,NA,NA,NA,NA,NA,NA,NA,NA,NA,NA,NA,NA,NA,NA,NA,NA,NA,NA,NA,NA,NA,NA,NA,NA,NA,NA,NA,NA,NA,NA,NA,NA,NA,NA,NA,NA,NA,NA,NA,NA,NA,NA,NA
178,"COG","Republic of Congo",0.0400781211482525,0.0376606052126309,0.0370158721070267,0.032430280228578,0.034839379210677,0.0308197740306213,0.031780311582607,0.0320768200849831,0.033242670169187,0.0319247647670129,0.0381947418016735,0.0355418886967186,0.0281640512514476,0.0314018061426574,0.0290525305614409,0.0274196380883918,0.0277690461244072,0.0264668287079231,0.026686297051317,0.0303534711208855,0.0277370791071175,0.0304594758763848,0.0285865274012404,0.0293455141243932,0.0304274980429061,0.0317075958566421,0.0356195796083338,0.0383484427797329,0.0450615482130617,0.0443899271914559,0.0413600353079906,0.0430633307958704,0.0489233440670033,0.0525566452904236,0.0541337670275156,0.0484188971305024,0.0492398581722976,0.0467938713422861,0.0435416864958998,0.0446292240085398,0.0511112276278065,0.0549905229704894,0.0546317182239064,0.0539520735128679,0.0556435400524035,0.0593049278752688,0.0619921620507665,0.0644015500359773,0.0594600441205973,0.0534308723118278,0.0533196516744118,0.0623084532240047,0.0572586021868882,0.0712450957748992,0.0738600880668726,0.0692760863017619,0.0727364615824795,0.0742552240202888,0.0774592546204416,0.0807597630797441,0.0800162026269821,0.0833228430740668,0.0896428465034119,0.0946961042209002
642,"ROU","Romania",NA,NA,NA,NA,NA,NA,NA,NA,NA,NA,NA,NA,NA,NA,NA,NA,NA,NA,NA,NA,NA,NA,NA,NA,NA,NA,NA,NA,NA,NA,NA,0.0798509166001981,0.0942797374066187,0.109939131284799,0.124941640355258,0.0970679931074624,0.134259373831375,0.106649166491186,0.126585919411285,0.0845482500170656,0.135120817892806,0.10846462847082,0.106297565736711,0.178718324628211,0.152598422599457,0.139594686411687,0.0715359444214901,0.146736284601543,0.128832502425482,0.152848221625589,0.182901767892943,0.127962531692094,0.203099585010162,0.216995096788353,0.198053970660645,0.221522717587175,0.285728623487369,0.306054718288103,0.299597307690023,0.183623006574657,0.271502065506093,0.201752911160537,0.222187258573328,0.190758259616988
643,"RUS","Russia",NA,NA,NA,NA,NA,NA,NA,NA,NA,NA,NA,NA,NA,NA,NA,NA,NA,NA,NA,NA,NA,NA,NA,NA,NA,NA,NA,NA,NA,NA,NA,NA,1,1,1,1,1,1,1,1,1,1,1,1,1,1,1,1,1,1,1,1,1,1,1,1,1,1,1,1,1,1,1,1
646,"RWA","Rwanda",NA,NA,NA,NA,NA,NA,NA,NA,NA,NA,NA,NA,NA,NA,NA,NA,NA,NA,NA,NA,NA,NA,NA,NA,NA,NA,NA,NA,NA,NA,NA,0.0702944276848958,0.0614141877946742,0.0433993470888889,0.0414931839894715,0.0533981341896424,0.0621801991516946,0.0562640602577211,0.0623891574985808,0.129172190642226,0.140492962525674,0.167552930790815,0.165852113516985,0.153124349893937,0.189154531028182,0.17592971750152,0.1702617956091,0.172959951189811,0.222693171447348,0.285286193931496,0.31009717361409,0.295857271340205,0.309985632866621,0.194016781534467,0.21151322897246,0.220659678187382,0.239495975280427,0.259783992371124,0.267257052664,0.263945939547175,0.279810956026768,0.279478334465556,0.265490330012006,0.291071226460128
652,"BLM","Saint Barthelemy",NA,NA,NA,NA,NA,NA,NA,NA,NA,NA,NA,NA,NA,NA,NA,NA,NA,NA,NA,NA,NA,NA,NA,NA,NA,NA,NA,NA,NA,NA,NA,NA,NA,NA,NA,NA,NA,NA,NA,NA,NA,NA,NA,NA,NA,NA,NA,NA,NA,NA,NA,NA,NA,NA,NA,NA,NA,NA,NA,NA,NA,NA,NA,NA
659,"KNA","Saint Kitts and Nevis",NA,NA,NA,NA,NA,NA,NA,NA,NA,NA,NA,NA,NA,NA,NA,NA,NA,NA,NA,NA,NA,NA,NA,NA,NA,NA,NA,NA,NA,NA,NA,NA,NA,NA,NA,NA,NA,NA,NA,NA,NA,NA,NA,NA,NA,NA,NA,NA,NA,NA,NA,NA,NA,NA,NA,NA,NA,NA,NA,NA,NA,NA,NA,NA
662,"LCA","Saint Lucia",NA,NA,NA,NA,NA,NA,NA,NA,NA,NA,NA,NA,NA,NA,NA,NA,NA,NA,NA,NA,NA,NA,NA,NA,NA,NA,NA,NA,NA,NA,NA,NA,NA,NA,NA,NA,NA,NA,NA,NA,NA,NA,NA,NA,NA,NA,NA,NA,NA,NA,NA,NA,NA,NA,NA,NA,NA,NA,NA,NA,NA,NA,NA,NA
882,"WSM","Samoa",NA,NA,NA,NA,NA,NA,NA,NA,NA,NA,NA,NA,NA,NA,NA,NA,NA,NA,NA,NA,NA,NA,NA,NA,NA,NA,NA,NA,NA,NA,NA,NA,NA,NA,NA,NA,NA,NA,NA,NA,NA,NA,NA,NA,NA,NA,NA,NA,NA,NA,NA,NA,NA,NA,NA,NA,NA,NA,NA,NA,NA,NA,NA,NA
674,"SMR","San Marino",NA,NA,NA,NA,NA,NA,NA,NA,NA,NA,NA,NA,NA,NA,NA,NA,NA,NA,NA,NA,NA,NA,NA,NA,NA,NA,NA,NA,NA,NA,NA,NA,NA,NA,NA,NA,NA,NA,NA,NA,NA,NA,NA,NA,NA,NA,NA,NA,NA,NA,NA,NA,NA,NA,NA,NA,NA,NA,NA,NA,NA,NA,NA,NA
678,"STP","Sao Tome and Principe",NA,NA,NA,NA,NA,NA,NA,NA,NA,NA,NA,NA,NA,NA,NA,NA,NA,NA,NA,NA,NA,NA,NA,NA,NA,NA,NA,NA,NA,NA,NA,NA,NA,NA,NA,NA,NA,NA,NA,NA,NA,NA,NA,NA,NA,NA,NA,NA,NA,NA,NA,NA,NA,NA,NA,NA,NA,NA,NA,NA,NA,NA,NA,NA
682,"SAU","Saudi Arabia",0.00253129441111579,0.00262058443910974,0.0025636789152562,0.0026902892284796,0.00278340649803331,0.0029242196347677,0.00270504944734099,0.0027613663911268,0.00274748061903905,0.00269731019976648,0.00211979949073829,0.000589421376263803,0.000547221168159829,0.00145725315616701,0.00153872547695372,0.0016337954809643,0.00160660696023677,0.00170096075109357,0.00190697487104539,0.00139971121518478,0.00135304284027608,0.001666917032636,0.00268621266659089,0.00393601870447743,0.00612535794654576,0.00655768298730668,0.00802196676925648,0.00998354324184937,0.0114751112943589,0.0131991553501101,0.0150073356005165,0.0165734892175861,0.0165916065359846,0.0155092855443235,0.0105937683108736,0.00773280602580009,0.0088599448114419,0.00991304509065165,0.0103984306572206,0.00925504206478309,0.0120138258283178,0.0122397915238715,0.0129681161339672,0.0151457195706139,0.0143114547241254,0.0190563522198483,0.0176978604368066,0.0133828221784939,0.0103380510414905,0.00877835320122198,0.00810312811994795,0.00648495627803938,0.0052301719654852,0.0083786305415609,0.00786580400694397,0.00896952200885446,0.00750669213589312,0.0071561397449645,0.00680701850772908,0.00619868705295099,0.0049060356626528,0.00544793336927279,0.0078920969857576,0.0061191691774286
686,"SEN","Senegal",0.0157341097814462,0.0151179784147961,0.0166957135171225,0.0172455437986763,0.0184366239031525,0.0158115115458332,0.0183339748904884,0.0137053159749989,0.0156642276820034,0.0105906833723432,0.0162871953049893,0.00930620004908874,0.0127048481996263,0.0181783827545216,0.0204241280823951,0.0183786157480653,0.0100413027851998,0.0186560681400729,0.0125118084583386,0.0109309950573014,0.0190967444038291,0.0157498902146195,0.00919640272795083,0.0101495465693723,0.0156472797651585,0.0142973634464754,0.01668716658242,0.012807226221949,0.015477952339348,0.0135864662558872,0.0144369733446784,0.0126298643994808,0.0154358661684795,0.016261878300668,0.0187285546831824,0.0152290182924819,0.0123155621938248,0.0128291133960829,0.0211724522090437,0.0201900962741725,0.0194037941812875,0.0103751539449751,0.0178209813285469,0.0150037521695401,0.0206033164163339,0.0156673450929895,0.0117532700019684,0.0231068030283462,0.0290295480248414,0.0318233311029132,0.0161972668913099,0.0217347587434394,0.0184392273693165,0.0171643800044818,0.0295820823875908,0.0261221430287749,0.0380322695621113,0.0422632024014582,0.039896705714464,0.0528802928134077,0.0501122501551062,0.0482409943672303,0.0581935296748788,0.0569199938706312
688,"SRB","Serbia",NA,NA,NA,NA,NA,NA,NA,NA,NA,NA,NA,NA,NA,NA,NA,NA,NA,NA,NA,NA,NA,NA,NA,NA,NA,NA,NA,NA,NA,NA,NA,0.117104635373068,0.115971828567532,0.116466906422912,0.124852342683545,0.138741748200024,0.174138519284729,0.140899103595891,0.125427748287622,0.0891860255934625,0.14843876214973,0.130443001165074,0.0867210379667435,0.181683216006233,0.136657529927487,0.194867254815513,0.166509363148109,0.181454739902865,0.204419191712112,0.183207373498515,0.183684445766951,0.137577178026612,0.173347878350289,0.243154490482772,0.153179857695591,0.191141731681284,0.212236996218991,0.212715929515807,0.22740628014925,0.212428918583625,0.184725979471739,0.168223814500575,0.197495638942496,0.161836655005357
690,"SYC","Seychelles",NA,NA,NA,NA,NA,NA,NA,NA,NA,NA,NA,NA,NA,NA,NA,NA,NA,NA,NA,NA,NA,NA,NA,NA,NA,NA,NA,NA,NA,NA,NA,NA,NA,NA,NA,NA,NA,NA,NA,NA,NA,NA,NA,NA,NA,NA,NA,NA,NA,NA,NA,NA,NA,NA,NA,NA,NA,NA,NA,NA,NA,NA,NA,NA
694,"SLE","Sierra Leone",NA,NA,NA,NA,NA,NA,NA,NA,NA,NA,NA,NA,NA,NA,NA,NA,NA,NA,NA,NA,NA,NA,NA,NA,NA,NA,NA,NA,NA,NA,NA,NA,NA,NA,NA,NA,NA,NA,NA,NA,NA,NA,NA,NA,NA,NA,NA,NA,NA,NA,NA,NA,NA,NA,NA,NA,NA,NA,NA,NA,NA,NA,NA,NA
702,"SGP","Singapore",NA,NA,NA,NA,NA,NA,NA,NA,NA,NA,NA,NA,NA,NA,NA,NA,NA,NA,NA,NA,NA,NA,NA,NA,NA,NA,NA,NA,NA,NA,NA,NA,NA,NA,NA,NA,NA,NA,NA,NA,NA,NA,NA,NA,NA,NA,NA,NA,NA,NA,NA,NA,NA,NA,NA,NA,NA,NA,NA,NA,NA,NA,NA,NA
534,"SXM","Sint Maarten",NA,NA,NA,NA,NA,NA,NA,NA,NA,NA,NA,NA,NA,NA,NA,NA,NA,NA,NA,NA,NA,NA,NA,NA,NA,NA,NA,NA,NA,NA,NA,NA,NA,NA,NA,NA,NA,NA,NA,NA,NA,NA,NA,NA,NA,NA,NA,NA,NA,NA,NA,NA,NA,NA,NA,NA,NA,NA,NA,NA,NA,NA,NA,NA
703,"SVK","Slovakia",NA,NA,NA,NA,NA,NA,NA,NA,NA,NA,NA,NA,NA,NA,NA,NA,NA,NA,NA,NA,NA,NA,NA,NA,NA,NA,NA,NA,NA,NA,NA,NA,NA,NA,NA,NA,NA,NA,NA,NA,NA,NA,NA,NA,NA,NA,NA,NA,NA,NA,NA,0.00731197985134255,0.00523972897585567,0.00599801154712521,0.00776490716879792,0.00589970096759071,0.0060326931751092,0.00498618411271666,0.00543213104350207,0.0061990958362983,0.00556572507905583,0.00466949980254501,0.00678526996128621,0.00499793551952406
705,"SVN","Slovenia",NA,NA,NA,NA,NA,NA,NA,NA,NA,NA,NA,NA,NA,NA,NA,NA,NA,NA,NA,NA,NA,NA,NA,NA,NA,NA,NA,NA,NA,NA,NA,0.0637957293768835,0.0820035814142128,0.101789934806382,0.0974998751808464,0.0958417909917236,0.118644481138303,0.138673470602576,0.125341622636176,0.141339569388244,0.114626936120702,0.174235792503443,0.0937936148676054,0.14265513000861,0.15106206577915,0.131110815397006,0.146527543545154,0.149917965806914,0.111834095458813,0.124552010355185,0.123310517197877,0.132232984783333,0.0940148893337395,0.12344846090838,0.118112161368895,0.117060849781119,0.108993828511395,0.120186758884017,0.122507899643466,0.148967786354596,0.139752711850038,0.136095663816888,0.147869817312657,0.155319598872782
90,"SLB","Solomon Islands",NA,NA,NA,NA,NA,NA,NA,NA,NA,NA,NA,NA,NA,NA,NA,NA,NA,NA,NA,NA,NA,NA,NA,NA,NA,NA,NA,NA,NA,NA,NA,NA,NA,NA,NA,NA,NA,NA,NA,NA,NA,NA,NA,NA,NA,NA,NA,NA,NA,NA,NA,NA,NA,NA,NA,NA,NA,NA,NA,NA,NA,NA,NA,NA
706,"SOM","Somalia",NA,NA,NA,NA,NA,NA,NA,NA,NA,NA,NA,NA,NA,NA,NA,NA,NA,NA,NA,NA,NA,NA,NA,NA,NA,NA,NA,NA,NA,NA,NA,NA,NA,NA,NA,NA,NA,NA,NA,NA,NA,NA,NA,NA,NA,NA,NA,NA,NA,NA,NA,NA,NA,NA,NA,NA,NA,NA,NA,NA,NA,NA,NA,NA
710,"ZAF","South Africa",0.145079423063912,0.137458900972691,0.149487284184962,0.121182950138433,0.10847777035815,0.123800039978688,0.202097587235616,0.124180063308656,0.124202517435069,0.134710969280256,0.179578185384436,0.182923611119123,0.116491522864732,0.194870176689605,0.170895808398706,0.155870715041294,0.187233923843577,0.19514862266809,0.177801571910287,0.195419527744787,0.274991492096739,0.186974141484168,0.113847640594313,0.137410719726661,0.176141109649054,0.18601652122887,0.222211842774033,0.25375705501724,0.258122764353588,0.217858020008821,0.250363056901854,0.126882982407738,0.248236105479352,0.302295573079181,0.19635989648544,0.298318210549819,0.266398632936197,0.230342127568478,0.275962228731546,0.300835888143087,0.262830778246565,0.318243135507305,0.265142828009542,0.259325603898945,0.313697412861374,0.264918631815041,0.236204693109024,0.33772807376826,0.329675947938045,0.317126176007194,0.322457668433598,0.320684997857528,0.327064362107121,0.367125942356867,0.308428911878806,0.278957194465836,0.416696001438069,0.40658471342339,0.334132398920091,0.433402722868882,0.448793971640812,0.449320249860726,0.461908421741123,0.38478495843423
410,"KOR","South Korea",0.383113786520839,0.343483037630201,0.341639770409774,0.393291542174969,0.377926517856271,0.410993963472741,0.388684331332719,0.314363270996171,0.420067534217301,0.386562957566799,0.303939536694285,0.839660714979271,0.6479369582079,0.331192910416085,0.431342133475487,0.373714036425397,0.388989407503006,0.407826342176113,0.364274699529052,0.235945453195556,0.48906191040799,0.507473332278206,0.438401608399822,0.31999286359996,0.214023934038652,0.203821628627914,0.180437342445886,0.156355270413213,0.143205598226131,0.13133626369771,0.106142147149831,0.102852084915635,0.0909516219850114,0.0989214611236257,0.141314950905406,0.194092528634244,0.167728040329352,0.163956497906917,0.155747022224944,0.173644592284755,0.169690916628241,0.14403503891762,0.13246159897939,0.14983713236441,0.158070028280959,0.157878750272512,0.154640162736861,0.207408713541504,0.293353643204077,0.298037554373122,0.318416509067363,0.37039833626029,0.490096225035488,0.27531923489369,0.286580176387211,0.288945411296834,0.284024918701643,0.302001121426645,0.298790982228293,0.277944083236879,0.430598747540491,0.363788007309595,0.257813834367207,0.334909503825792
728,"SSD","South Sudan",NA,NA,NA,NA,NA,NA,NA,NA,NA,NA,NA,NA,NA,NA,NA,NA,NA,NA,NA,NA,NA,NA,NA,NA,NA,NA,NA,NA,NA,NA,NA,NA,NA,NA,NA,NA,NA,NA,NA,NA,NA,NA,NA,NA,NA,NA,NA,NA,NA,NA,NA,NA,NA,NA,NA,NA,NA,NA,NA,NA,NA,NA,NA,NA
724,"ESP","Spain",0.806908957858202,0.979150153771421,1,0.886064111261321,0.961796928774357,1,1,1,1,1,1,1,1,1,1,1,1,1,1,1,1,1,1,1,1,1,1,1,1,1,1,1,1,1,1,1,1,1,1,1,1,1,1,1,1,1,1,1,1,1,1,1,1,1,1,1,1,1,1,1,1,1,1,1
144,"LKA","Sri Lanka",0.00907940921411122,0.00945184647308773,0.00890447733644367,0.00957971414172119,0.00834293160140735,0.0150951517027163,0.0123874189866166,0.0163101674191474,0.0142900135578242,0.0127872986743798,0.014356112232894,0.0131950897348598,0.0121829042434245,0.0153145403846276,0.010390097215656,0.0108095648356194,0.013848322242235,0.015252102503507,0.0155294410966548,0.0163625616477905,0.0173984848828855,0.0158608280281453,0.0182585985697167,0.0203423222322177,0.0201984742442415,0.0197474705603248,0.0158619436517988,0.0170106845707152,0.0104714112204114,0.0127637340713666,0.0137950568182344,0.0126597855615106,0.0143136899508659,0.0155153875941652,0.0154040481192634,0.0130407307056307,0.0131732463651096,0.015720095897359,0.0179506516692943,0.0180367769248438,0.0170719952116376,0.0187803972701283,0.0193191755810709,0.0162489794725935,0.0192979491525198,0.0208714601970694,0.0200354872026174,0.0259880246486446,0.0267385778435692,0.0276132662964698,0.0273387003725584,0.0284225520797717,0.0372091862670405,0.029840259680815,0.0452656269566292,0.0403726807323085,0.0236555233025517,0.0377879747601465,0.0347145316830448,0.0389473510427754,0.0385311613429145,0.0323516986832314,0.0366258125487227,0.0377088292571883
670,"VCT","St. Vincent and the Grenadines",NA,NA,NA,NA,NA,NA,NA,NA,NA,NA,NA,NA,NA,NA,NA,NA,NA,NA,NA,NA,NA,NA,NA,NA,NA,NA,NA,NA,NA,NA,NA,NA,NA,NA,NA,NA,NA,NA,NA,NA,NA,NA,NA,NA,NA,NA,NA,NA,NA,NA,NA,NA,NA,NA,NA,NA,NA,NA,NA,NA,NA,NA,NA,NA
275,"PSE","State of Palestine",NA,NA,NA,NA,NA,NA,NA,NA,NA,NA,NA,NA,NA,NA,NA,NA,NA,NA,NA,NA,NA,NA,NA,NA,NA,NA,NA,NA,NA,NA,NA,NA,NA,NA,NA,NA,NA,NA,NA,NA,NA,NA,NA,NA,NA,NA,NA,NA,NA,NA,NA,NA,NA,NA,NA,NA,NA,NA,NA,NA,NA,NA,NA,NA
729,"SDN","Sudan",NA,NA,NA,NA,NA,NA,NA,NA,NA,NA,NA,NA,NA,NA,NA,NA,NA,NA,NA,NA,NA,NA,NA,NA,NA,NA,NA,NA,NA,NA,NA,NA,NA,NA,NA,NA,NA,NA,NA,NA,NA,NA,NA,NA,NA,NA,NA,NA,NA,NA,NA,0.516640275148413,0.970625363094645,1,0.646449161111965,1,0.976816864651188,1,1,1,1,1,0.744714845464148,1
740,"SUR","Suriname",0.000241387209205572,0.000249137500721067,0.000239599350774558,0.000274086308432389,0.000319220121064282,0.000266693637010494,0.000356443004511538,0.000318567499537818,0.000294889825469937,0.000383854885818755,0.000336666935870981,0.000315075946866094,0.000352407927240842,0.000353119611033833,0.000340211157053047,0.000337524254116978,0.000366901694887376,0.000376400128086429,0.000419701819730538,0.000422814521816272,0.000451203941600551,0.000497496480682471,0.000416741807856868,0.000451738652039445,0.000432521423692636,0.000461254561118716,0.000422818046788059,0.000366547221522458,0.0003584944693385,0.000299522993089435,0.000348682176224944,0.000389675575346905,0.000339681860163663,0.000340935473244557,0.00034395654284735,0.000346270337534158,0.0003157940953048,0.00027893188039656,0.000270135679408171,0.000246989648650796,0.000282027457093264,0.000245811045304258,0.00027936080317939,0.000253987887433654,0.000241805891200572,0.000271541414500416,0.000261306907964681,0.000254404155255788,0.000313818566606419,0.000287692286891375,0.000299032928593144,0.000271092696334329,0.000323649526445151,0.000342779559786167,0.000365154793267511,0.000389087200049806,0.000383568482235458,0.000345354765985594,0.000351655070546592,0.000311830419005573,0.000328314634809754,0.000231888316520955,0.000278727963407325,0.000280075016141083
752,"SWE","Sweden",0.105821122178433,0.105271325410562,0.0949923196181375,0.113540584604482,0.105314090148735,0.0696956180521813,0.108009529394125,0.138472117388386,0.152475216703132,0.15339014970162,0.167810176609736,0.234014737581071,0.213550339412465,0.325943976748074,0.259626863076639,0.261254726286583,0.248785587232546,0.238749482304491,0.176167772266365,0.151078448964841,0.17417729147615,0.18966948396195,0.17229594238398,0.176201619840489,0.156996178804691,0.159260682903642,0.125041992530106,0.105266486443848,0.121934138663817,0.130596789522938,0.107824093303602,0.0923435191890679,0.097873763402293,0.0713112689773592,0.0862461096898712,0.0830724551171064,0.086801620128678,0.0815931827506522,0.0803297417347513,0.0884759158201169,0.0874376272691014,0.0844067323132717,0.0783176428879667,0.085067806483532,0.0889949636117246,0.0690523406598623,0.0814629540202607,0.0850279387066353,0.0858221547953757,0.0683676090465497,0.0718828054648514,0.0599588275289934,0.0572710858306414,0.0644358426354064,0.0741879671071733,0.0593417800040042,0.0643959002500791,0.0360394626455555,0.0609599960478711,0.0593840713936696,0.0504180694374834,0.0570675975442549,0.0413417890084406,0.0467759368670966
756,"CHE","Switzerland",0.229843102428737,0.276616408727944,0.231186729226522,0.268086552295671,0.226999277640734,0.238999926444427,0.285838785331339,0.281213421703318,0.269316657083742,0.275394724243505,0.311103292429313,0.258857794646074,0.26645245016805,0.284072684917401,0.2830377650337,0.295307531639223,0.272203589640514,0.335439885535015,0.321035546113107,0.321068246626795,0.421092128248509,0.533308736097796,0.784592503811043,1,0.986318056124045,0.874858530781298,0.575489389127205,0.716199885553944,0.701411633864052,0.671561523004482,0.633165132073516,0.598012091847205,0.637186445307846,0.56855560019382,0.63075935373424,0.687715699373175,0.687070416345196,0.700347756858016,0.648612680581453,0.654031875063942,0.733262917965524,0.60017492232129,0.749779738332681,1,1,0.907424725035406,0.970420285177708,NA,1,1,1,1,1,1,1,NA,NA,NA,NA,NA,NA,NA,NA,NA
760,"SYR","Syria",0.0381191550880439,0.0708199111279432,0.0464977765801688,0.0479887762548126,0.0458232927073504,0.0287825472685233,0.0565397509521773,0.0426239252922949,0.0649572622868788,0.0283309859595804,0.0373571213777591,0.0634461953437263,0.0223558029731815,0.0564558192186846,0.0539984593883666,0.0667588216264883,0.0458351233224541,0.0566161037382125,0.0360505273669749,0.0988170173522,0.0919071082653516,0.0668429187967922,0.0594220117597101,0.0364375484136933,0.044155535093786,0.100737241715861,0.0445139550277774,0.357003532989176,0.0489164355443567,0.0684010017965572,0.0643555426027607,0.0962134701705526,0.106549170157676,0.218250251154546,0.322374576193337,0.0927058187418272,0.139077432649923,0.125450934133516,0.0735512479744908,0.101182110825483,0.189970356254001,0.401870956783055,0.12158475045217,0.0977682586877487,0.116865517914268,0.142536905742725,0.120724760541114,0.102897097356164,0.104197354370909,0.177601161899625,0.103391666745501,0.0976072680545657,0.100771104813191,0.0598554204152937,0.108780371114462,0.0923497711618346,0.0680682848787567,0.0422230505622483,0.156947765488645,0.134804436420719,0.0553409444841713,0.0526244296901739,0.273755960203127,0.156929695830641
158,"TWN","Taiwan",NA,NA,NA,NA,NA,NA,NA,NA,NA,NA,NA,NA,NA,NA,NA,NA,NA,NA,NA,NA,NA,NA,NA,NA,NA,NA,NA,NA,NA,NA,NA,NA,NA,NA,NA,NA,NA,NA,NA,NA,NA,NA,NA,NA,NA,NA,NA,NA,NA,NA,NA,NA,NA,NA,NA,NA,NA,NA,NA,NA,NA,NA,NA,NA
762,"TJK","Tajikistan",NA,NA,NA,NA,NA,NA,NA,NA,NA,NA,NA,NA,NA,NA,NA,NA,NA,NA,NA,NA,NA,NA,NA,NA,NA,NA,NA,NA,NA,NA,NA,0.00970249600835116,0.00948860820926068,0.00906711250057386,0.00756826542892124,0.00701097153411838,0.00923121331922887,0.00868265667063854,0.00755655664627176,0.00794866771016083,0.00869079153103084,0.0107116860553236,0.0116427306088109,0.0117974915221768,0.0109319005407189,0.0106629302435688,0.01038049816051,0.0100948788192521,0.0132598893494066,0.0124341458264363,0.0103290444192177,0.0103966770290878,0.0111925707267088,0.0103192588789109,0.00982893548543492,0.00976670983211347,0.00922528114734779,0.00590875201614575,0.00921580513593565,0.00895449766509535,0.00927501703271207,0.00819729910143827,0.0078929675589885,0.00784404597645716
834,"TZA","Tanzania",NA,NA,NA,NA,NA,NA,NA,NA,NA,NA,NA,NA,NA,NA,NA,NA,NA,NA,NA,NA,NA,NA,NA,NA,NA,NA,NA,NA,NA,NA,NA,NA,NA,NA,NA,NA,NA,NA,NA,NA,NA,NA,NA,NA,NA,NA,NA,NA,NA,NA,NA,NA,NA,NA,NA,NA,NA,NA,NA,NA,NA,NA,NA,NA
764,"THA","Thailand",NA,NA,NA,NA,NA,NA,NA,NA,NA,NA,NA,NA,NA,NA,NA,NA,NA,NA,NA,NA,NA,NA,NA,NA,NA,NA,NA,NA,NA,NA,NA,0.0458041784968141,0.0427000959796248,0.047833863233807,0.0449988247579875,0.0522542696543157,0.0472405544483536,0.0508772347466687,0.0499684052294763,0.0532326164160489,0.0526795653465612,0.050877575388272,0.057851769957954,0.0510939334964325,0.0485901829494145,0.0492335950894861,0.0543491811782249,0.0498196729341575,0.0512444498933352,0.0523648795548294,0.0532331000681538,0.0590307622317238,0.0544346385511945,0.0542564304255936,0.048023583718523,0.0460324157642896,0.0490356768410962,0.0519132183268346,0.0487899134495999,0.045951928544437,0.0466944971164025,0.0607093953899745,0.0618612977718993,0.0581992905114883
626,"TLS","Timor-Leste",NA,NA,NA,NA,NA,NA,NA,NA,NA,NA,NA,NA,NA,NA,NA,NA,NA,NA,NA,NA,NA,NA,NA,NA,NA,NA,NA,NA,NA,NA,NA,NA,NA,NA,NA,NA,NA,NA,NA,NA,NA,NA,NA,NA,NA,NA,NA,NA,NA,NA,NA,NA,NA,NA,NA,NA,NA,NA,NA,NA,NA,NA,NA,NA
768,"TGO","Togo",NA,NA,NA,NA,NA,NA,NA,NA,NA,NA,NA,NA,NA,NA,NA,NA,NA,NA,NA,NA,NA,NA,NA,NA,NA,NA,NA,NA,NA,NA,NA,NA,NA,NA,NA,NA,NA,NA,NA,NA,NA,NA,NA,NA,NA,NA,NA,NA,NA,NA,NA,NA,NA,NA,NA,NA,NA,NA,NA,NA,NA,NA,NA,NA
776,"TON","Tonga",NA,NA,NA,NA,NA,NA,NA,NA,NA,NA,NA,NA,NA,NA,NA,NA,NA,NA,NA,NA,NA,NA,NA,NA,NA,NA,NA,NA,NA,NA,NA,NA,NA,NA,NA,NA,NA,NA,NA,NA,NA,NA,NA,NA,NA,NA,NA,NA,NA,NA,NA,NA,NA,NA,NA,NA,NA,NA,NA,NA,NA,NA,NA,NA
780,"TTO","Trinidad and Tobago",0.00151678181299835,0.00129239760026438,0.00130047792995105,0.00123327016992605,0.00128963510667984,0.00102855110232665,0.00103574326922927,0.00113112839214445,0.00108466962482878,0.00111734067558706,0.00106950013669589,0.00113537087406207,0.000902068302697781,0.000883937109612981,0.000830702855661,0.000938331290352354,0.000756845636493002,0.000572538985971154,0.000638223543743658,0.000589134213779641,0.000442647905645124,0.00049033276790709,0.000380309063904589,0.000315556141815135,0.000340478365650498,0.000327628978831124,0.00033539398406467,0.000395472054761255,0.000388608959993399,0.000546785179207594,0.000434322330642847,0.000446848534750908,0.000415367509117931,0.000558963855553196,0.000483623604172044,0.000493144220532326,0.000441751585671261,0.00030662892205929,0.000454199317310711,0.000455790624892706,0.000349613938380053,0.000346719532926831,0.000172877450814997,9.52625215638204e-05,7.60863841687649e-05,0.00016425381998704,0.000152283927215768,8.26463792880717e-06,7.15036250030905e-06,7.44332288535307e-06,8.258468485568e-06,5.55299486602418e-06,7.71504522788363e-06,7.30114947033333e-06,4.83024744284375e-06,5.27439882633794e-06,4.04688904098442e-06,2.61894975361868e-06,2.06723085162917e-06,3.56966776502856e-06,2.58186247943192e-06,7.0381586527575e-07,1.31458002966813e-06,2.07060541993209e-06
788,"TUN","Tunisia",0.0172100774224,0.0272233486427837,0.0444091583914026,0.0298182510491427,0.0343606664661697,0.0254945408500205,0.0264944947238197,0.0254437241415393,0.0220845982712196,0.0258961556148408,0.0330180765751394,0.0612158923153862,0.0408627462635164,0.0371682776986141,0.0441342571953798,0.0327179903610408,0.033664935743681,0.0379869798630072,0.0418150284780475,0.0569896652359196,0.0511497628716349,0.0662125830214185,0.0502726053951709,0.0567066376120287,0.111547519695492,0.0435457401153301,0.110929820551366,0.0245340730861887,0.0332141306441984,0.0916986280112147,0.163229298072973,0.111712528072476,0.0960384979289233,0.0391547129277307,0.0307454227993422,0.12567259163253,0.046033076419072,0.0853651405537109,0.0836216167895533,0.0679485500083098,0.0765562735712416,0.0286755299576255,0.0975680079241923,0.0779207022197177,0.0730531754185547,0.0581098148515111,0.0655430075983797,0.0332524114245906,0.0533685397490587,0.0199374842372469,0.0447084381035812,0.0373277161522747,0.0213894836434342,0.0343342383352279,0.0197273467993585,0.0221708283044146,0.0291713116716929,0.0261997818562436,0.0482851111650915,0.0305272379623149,0.0309655590545796,0.0277857449430196,0.00882939703462584,0.0255313738716921
792,"TUR","Turkiye",NA,NA,NA,NA,NA,NA,NA,NA,NA,NA,NA,NA,NA,NA,NA,NA,NA,NA,NA,NA,NA,NA,NA,NA,NA,NA,NA,NA,NA,NA,NA,NA,NA,NA,NA,NA,NA,NA,NA,NA,NA,NA,NA,NA,NA,NA,NA,NA,NA,NA,NA,NA,NA,NA,NA,NA,NA,NA,NA,NA,NA,NA,NA,NA
795,"TKM","Turkmenistan",NA,NA,NA,NA,NA,NA,NA,NA,NA,NA,NA,NA,NA,NA,NA,NA,NA,NA,NA,NA,NA,NA,NA,NA,NA,NA,NA,NA,NA,NA,NA,NA,NA,NA,NA,NA,NA,NA,NA,NA,NA,NA,NA,NA,NA,NA,NA,NA,NA,NA,NA,NA,NA,NA,NA,NA,NA,NA,NA,NA,NA,NA,NA,NA
796,"TCA","Turks and Caicos Islands",NA,NA,NA,NA,NA,NA,NA,NA,NA,NA,NA,NA,NA,NA,NA,NA,NA,NA,NA,NA,NA,NA,NA,NA,NA,NA,NA,NA,NA,NA,NA,NA,NA,NA,NA,NA,NA,NA,NA,NA,NA,NA,NA,NA,NA,NA,NA,NA,NA,NA,NA,NA,NA,NA,NA,NA,NA,NA,NA,NA,NA,NA,NA,NA
798,"TUV","Tuvalu",NA,NA,NA,NA,NA,NA,NA,NA,NA,NA,NA,NA,NA,NA,NA,NA,NA,NA,NA,NA,NA,NA,NA,NA,NA,NA,NA,NA,NA,NA,NA,NA,NA,NA,NA,NA,NA,NA,NA,NA,NA,NA,NA,NA,NA,NA,NA,NA,NA,NA,NA,NA,NA,NA,NA,NA,NA,NA,NA,NA,NA,NA,NA,NA
800,"UGA","Uganda",0.0586518162748261,0.0551206736955921,0.0587003617170163,0.0571277294039277,0.065561081988829,0.0619628893231737,0.0647766688725551,0.068790160463933,0.0834803036807009,0.0896457617770532,0.0718526448238649,0.0648552797383396,0.0689807642857523,0.0621462265915935,0.0723702063102854,0.0616083284404803,0.0670289305245189,0.0709586320442135,0.0821218092917391,0.0782592048086673,0.0975246758329682,0.100485649771255,0.10585001028916,0.0788915933617089,0.0818833444116589,0.0737031343861356,0.07520684380301,0.0738545306166458,0.0631389054063964,0.0761317606052911,0.0860118151588943,0.0884393980966312,0.0930124870457888,0.0842967358287166,0.105725227412563,0.0710966348387667,0.0773830810974508,0.109229050262163,0.102262683217062,0.106830394967139,0.124147359325961,0.164338221286357,0.127612816641374,0.118633088515118,0.141430386306904,0.126111297885468,0.139022037539324,0.122040080866968,0.0813275812253449,0.0778346152754275,0.0828204098222303,0.073525272850647,0.0793906786896864,0.0748565020917547,0.0943895313283168,0.0675009336771781,0.0583863876479012,0.0816877752228456,0.0807447179732915,0.0692490394228343,0.0644059739407177,0.0818880311371812,0.0637339662061309,0.124696869380266
804,"UKR","Ukraine",NA,NA,NA,NA,NA,NA,NA,NA,NA,NA,NA,NA,NA,NA,NA,NA,NA,NA,NA,NA,NA,NA,NA,NA,NA,NA,NA,NA,NA,NA,NA,0.494939577109398,0.440419206513719,0.277302099516236,0.34298313531865,0.246974153738709,0.315251434221385,0.307937816287468,0.267566291917033,0.30806929723023,0.370812432904917,0.388419786634878,0.374917607295678,0.325556858680625,0.330246652885236,0.32089422847534,0.274479170853553,0.484634415876932,0.504760432245454,0.476392874560991,0.5936225339413,0.549052818367722,0.821733907901294,0.973111322528876,1,1,1,1,1,1,1,0.840485903918425,0.930568353116977,1
784,"ARE","United Arab Emirates",NA,NA,NA,NA,NA,NA,NA,NA,NA,NA,NA,NA,NA,NA,NA,NA,NA,NA,NA,NA,NA,NA,NA,NA,NA,NA,NA,NA,NA,NA,NA,NA,NA,NA,NA,NA,NA,NA,NA,NA,NA,NA,NA,NA,NA,NA,NA,NA,NA,NA,NA,NA,NA,NA,NA,NA,NA,NA,NA,NA,NA,NA,NA,NA
826,"GBR","United Kingdom",NA,NA,NA,NA,NA,NA,NA,NA,NA,NA,NA,NA,NA,NA,NA,NA,NA,NA,NA,NA,NA,NA,NA,NA,NA,NA,NA,NA,NA,NA,NA,NA,NA,NA,NA,NA,NA,NA,NA,NA,NA,NA,NA,NA,NA,NA,NA,NA,NA,NA,NA,NA,NA,NA,NA,NA,NA,NA,NA,NA,NA,NA,NA,NA
840,"USA","United States of America",NA,NA,NA,NA,NA,NA,NA,NA,NA,NA,NA,NA,NA,NA,NA,NA,NA,NA,NA,NA,NA,NA,NA,NA,NA,NA,NA,NA,NA,NA,NA,NA,NA,NA,NA,NA,NA,NA,NA,NA,NA,NA,NA,NA,NA,NA,NA,NA,NA,NA,NA,NA,NA,NA,NA,NA,NA,NA,NA,NA,NA,NA,NA,NA
858,"URY","Uruguay",NA,NA,NA,NA,NA,NA,NA,NA,NA,NA,NA,NA,NA,NA,NA,NA,NA,NA,NA,NA,NA,NA,NA,NA,NA,NA,NA,NA,NA,NA,NA,NA,NA,NA,NA,NA,NA,NA,NA,NA,NA,NA,NA,NA,NA,NA,NA,NA,NA,NA,NA,NA,NA,NA,NA,NA,NA,NA,NA,NA,NA,NA,NA,NA
860,"UZB","Uzbekistan",NA,NA,NA,NA,NA,NA,NA,NA,NA,NA,NA,NA,NA,NA,NA,NA,NA,NA,NA,NA,NA,NA,NA,NA,NA,NA,NA,NA,NA,NA,NA,NA,NA,NA,NA,NA,NA,NA,NA,NA,NA,NA,NA,NA,NA,NA,NA,NA,NA,NA,NA,NA,NA,NA,NA,NA,NA,NA,NA,NA,NA,NA,NA,NA
548,"VUT","Vanuatu",NA,NA,NA,NA,NA,NA,NA,NA,NA,NA,NA,NA,NA,NA,NA,NA,NA,NA,NA,NA,NA,NA,NA,NA,NA,NA,NA,NA,NA,NA,NA,NA,NA,NA,NA,NA,NA,NA,NA,NA,NA,NA,NA,NA,NA,NA,NA,NA,NA,NA,NA,NA,NA,NA,NA,NA,NA,NA,NA,NA,NA,NA,NA,NA
862,"VEN","Venezuela",NA,NA,NA,NA,NA,NA,NA,NA,NA,NA,NA,NA,NA,NA,NA,NA,NA,NA,NA,NA,NA,NA,NA,NA,NA,NA,NA,NA,NA,NA,NA,NA,NA,NA,NA,NA,NA,NA,NA,NA,NA,NA,NA,NA,NA,NA,NA,NA,NA,NA,NA,NA,NA,NA,NA,NA,NA,NA,NA,NA,NA,NA,NA,NA
704,"VNM","Viet Nam",NA,NA,NA,NA,NA,NA,NA,NA,NA,NA,NA,NA,NA,NA,NA,NA,NA,NA,NA,NA,NA,NA,NA,NA,NA,NA,NA,NA,NA,NA,NA,NA,NA,NA,NA,NA,NA,NA,NA,NA,NA,NA,NA,NA,NA,NA,NA,NA,NA,NA,NA,NA,NA,NA,NA,NA,NA,NA,NA,NA,NA,NA,NA,NA
876,"WLF","Wallis and Futuna Islands",NA,NA,NA,NA,NA,NA,NA,NA,NA,NA,NA,NA,NA,NA,NA,NA,NA,NA,NA,NA,NA,NA,NA,NA,NA,NA,NA,NA,NA,NA,NA,NA,NA,NA,NA,NA,NA,NA,NA,NA,NA,NA,NA,NA,NA,NA,NA,NA,NA,NA,NA,NA,NA,NA,NA,NA,NA,NA,NA,NA,NA,NA,NA,NA
732,"ESH","Western Sahara",NA,NA,NA,NA,NA,NA,NA,NA,NA,NA,NA,NA,NA,NA,NA,NA,NA,NA,NA,NA,NA,NA,NA,NA,NA,NA,NA,NA,NA,NA,NA,NA,NA,NA,NA,NA,NA,NA,NA,NA,NA,NA,NA,NA,NA,NA,NA,NA,NA,NA,NA,NA,NA,NA,NA,NA,NA,NA,NA,NA,NA,NA,NA,NA
887,"YEM","Yemen",NA,NA,NA,NA,NA,NA,NA,NA,NA,NA,NA,NA,NA,NA,NA,NA,NA,NA,NA,NA,NA,NA,NA,NA,NA,NA,NA,NA,NA,NA,NA,NA,NA,NA,NA,NA,NA,NA,NA,NA,NA,NA,NA,NA,NA,NA,NA,NA,NA,NA,NA,NA,NA,NA,NA,NA,NA,NA,NA,NA,NA,NA,NA,NA
894,"ZMB","Zambia",NA,NA,NA,NA,NA,NA,NA,NA,NA,NA,NA,NA,NA,NA,NA,NA,NA,NA,NA,NA,NA,NA,NA,NA,NA,NA,NA,NA,NA,NA,NA,NA,NA,NA,NA,NA,NA,NA,NA,NA,NA,NA,NA,NA,NA,NA,NA,NA,NA,NA,NA,NA,NA,NA,NA,NA,NA,NA,NA,NA,NA,NA,NA,NA
716,"ZWE","Zimbabwe",NA,NA,NA,NA,NA,NA,NA,NA,NA,NA,NA,NA,NA,NA,NA,NA,NA,NA,NA,NA,NA,NA,NA,NA,NA,NA,NA,NA,NA,NA,NA,NA,NA,NA,NA,NA,NA,NA,NA,NA,NA,NA,NA,NA,NA,NA,NA,NA,NA,NA,NA,NA,NA,NA,NA,NA,NA,NA,NA,NA,NA,NA,NA,NA
