"code","iso","country","RMS.raw.1989","RMS.raw.1990","RMS.raw.1991","RMS.raw.1992","RMS.raw.1993","RMS.raw.1994","RMS.raw.1995","RMS.raw.1996","RMS.raw.1997","RMS.raw.1998","RMS.raw.1999","RMS.raw.2000","RMS.raw.2001","RMS.raw.2002","RMS.raw.2003","RMS.raw.2004","RMS.raw.2005","RMS.raw.2006","RMS.raw.2007","RMS.raw.2008","RMS.raw.2009","RMS.raw.2010","RMS.raw.2011","RMS.raw.2012","RMS.raw.2013","RMS.raw.2014","RMS.raw.2015","RMS.raw.2016","RMS.raw.2017","RMS.raw.2018","RMS.raw.2019"
4,"AFG","Afghanistan",NA,NA,NA,NA,NA,NA,NA,NA,NA,NA,NA,NA,NA,NA,NA,NA,NA,NA,NA,NA,NA,NA,NA,NA,NA,NA,NA,NA,NA,NA,NA
8,"ALB","Albania",-0.00559688265320357,-0.00484331222655687,-0.00269529880903807,0.00102658895326191,0.00536083510658258,0.00994269551755056,0.0120729031975733,0.00274012716438143,-0.00699280214573883,-0.0166065690399781,-0.0248553910126211,-0.0310104457395101,-0.0330142031213967,-0.0303145793259968,-0.0222068387610846,-0.0100931878626883,0.00419145086843642,0.0145170313056546,0.0208112817403361,0.0216822495702835,0.0193959702570412,0.0153864711731375,0.0124845673542433,0.00996246642672127,0.0105163441158989,0.0115365006996113,0.0135674930403715,0.0197657910483962,0.0233816871552524,0.0233952992293434,0.0209905683037515
12,"DZA","Algeria",-0.00110052103641511,-0.00180183179564852,-0.0024422769510476,-0.00287594895941912,-0.0032995741363101,-0.00358341911734161,-0.00403958272105875,-0.00437018850841298,-0.00460829508879645,-0.00468504858475494,-0.00471648683204251,-0.00480985786564747,-0.00506660811871562,-0.00526514905833231,-0.00560679896535576,-0.00584206396579467,-0.00607580201538671,-0.00644236143741705,-0.00704486664011272,-0.00776622037226915,-0.00823442932945273,-0.00844005224473743,-0.00826567192716976,-0.00745717196424311,-0.00603922249291489,-0.00415636935596275,-0.00207882000332904,-0.000216660532770918,0.00126490123203715,0.00212153948879457,0.00240630268844377
20,"AND","Andorra",NA,NA,NA,NA,NA,NA,NA,NA,NA,NA,NA,NA,NA,NA,NA,NA,NA,NA,NA,NA,NA,NA,NA,NA,NA,NA,NA,NA,NA,NA,NA
24,"AGO","Angola",0.00222791036340708,-0.00281152501696891,-0.00810867034411711,-0.0132221646549466,-0.0165438366127616,-0.0170710289861056,-0.0156881123007683,-0.0118773724650915,-0.00569297545635161,-0.000156590486497854,0.00361061979552568,0.00620514161400232,0.00720010896917866,0.00680562512189864,0.0063268145677593,0.00633050164719506,0.00618106832936638,0.006091520609949,0.00559796928734935,0.00492612791364988,0.00406349043176157,0.00297434328425972,0.00154833405641042,-0.0000862922123465726,-0.00151466415976909,-0.00276390945561,-0.00334104000365998,-0.00324628297633178,-0.00300492820954734,-0.00245888067620903,-0.0012576528879108
660,"AIA","Anguilla",0.00369531535009404,0.00106425763353712,-0.00188489047259333,-0.0044064867713165,-0.00604349153855399,-0.00715089986348438,-0.0064154352102882,-0.00536661097347035,-0.00448406084073427,-0.00400328798978389,-0.00343260586737593,-0.00283175656971302,-0.00238992223622081,-0.00187892705142523,-0.00119066875142759,-0.000822351935873988,-0.000787666845508461,-0.00152596816481099,-0.00256550611230544,-0.00366212619522077,-0.00420608112647503,-0.00424076286624275,-0.00337945080178592,-0.00204310373164451,-0.000416302824536197,0.000989003404356481,0.00269604642581922,0.00400295736590572,0.00501203197350564,0.00584541916618297,0.00665463749544748
28,"ATG","Antigua and Barbuda",0.00191086220678161,0.00225188162541223,0.00300834541377148,0.00437123300092268,0.00613314382429175,0.00730488867115842,0.00780095250830737,0.00670840147835428,0.00370374181435751,-0.000421918951891809,-0.00486540164044513,-0.00800042614353746,-0.00891435238108984,-0.00801698010710272,-0.00584359140974977,-0.00274394624365648,0.0000997160777584938,0.00178042271755108,0.00232498974140216,0.0020298666147891,0.00105479075055248,0.000142487081653764,0.000122379854958998,0.000229339852442667,0.000628665648671589,0.0014273877389166,0.00172141716458185,0.00119862705698481,0.000994374220134597,0.00080417759562823,0.000538678300858075
32,"ARG","Argentina",-0.000944804627972529,-0.000954495504531194,-0.000888375446969958,-0.000995259461518572,-0.000971606677920289,-0.000805025390482661,-0.000595266748743439,-0.000433691868153674,-0.00023521296690987,-0.000112972146272039,-0.0000550239174418321,-0.00021458788302231,-0.000444887883941814,-0.000684021120826328,-0.00085547569445743,-0.000799859246857881,-0.000548347242138592,-0.000263136801341157,0.0000188554776447969,0.000205787608295704,0.000187136913615493,-0.0000494094007413848,-0.000267254028987418,-0.000463534847291003,-0.000638247371925083,-0.0006995146706954,-0.000681941162728461,-0.000609363657865569,-0.000548526127902127,-0.000468616331383731,-0.000385237680163741
51,"ARM","Armenia",NA,NA,NA,NA,NA,NA,NA,NA,NA,NA,NA,NA,NA,NA,NA,NA,NA,NA,NA,NA,NA,NA,NA,NA,NA,NA,NA,NA,NA,NA,NA
533,"ABW","Aruba",-0.00735620924250346,-0.0065579990421164,-0.00561533475246223,-0.00640881617311739,-0.00703208019279788,-0.0094424647159127,-0.0110106060255341,-0.0126209382896284,-0.0137217757365112,-0.0142203730972357,-0.0125228638407242,-0.0112746684635616,-0.00942072892700163,-0.00719052269333564,-0.00509262863028193,-0.00621841014126745,-0.00569064369789019,-0.00440929051910988,-0.0032534512473249,-0.00146732138305439,0.00427091311212724,0.00839864282651281,0.010204452521541,0.0125763616020127,0.0139957261069648,0.0127513080816739,0.0110306167546939,0.0102280565047514,0.00825570445494916,0.00562586737276694,0.00539914844220646
36,"AUS","Australia",0.000844459905817121,0.0000223019305545059,-0.000897125445046203,-0.00170924312670948,-0.00677024443774896,-0.0167939269559206,-0.0209028367971369,-0.0227529190312317,-0.0221304668741232,-0.0225212522524782,-0.0191419979459893,-0.0144555961625425,-0.00556479516031696,0.00478799856447171,0.00333280508430494,0.00177078695547943,-0.00024603332019492,-0.00236740940345224,-0.00447715305688048,0.00144319750403532,0.00644632588728592,0.0109567061064268,0.0142213852014737,0.0168472272020834,0.00899085245199823,0.00960967744761832,0.00759234940348012,0.00409888822804594,-0.000659455133660081,-0.00058026294815208,-0.0006566039827227
40,"AUT","Austria",NA,NA,NA,NA,NA,NA,NA,NA,NA,NA,NA,NA,NA,NA,NA,NA,NA,NA,NA,NA,NA,NA,NA,NA,NA,NA,NA,NA,NA,NA,NA
31,"AZE","Azerbaijan",NA,NA,NA,NA,NA,NA,NA,NA,NA,NA,NA,NA,NA,NA,NA,NA,NA,NA,NA,NA,NA,NA,NA,NA,NA,NA,NA,NA,NA,NA,NA
44,"BHS","Bahamas",-0.00217587122713925,-0.000124032968241594,0.00165928632427392,0.00275051191075493,0.0030571412804441,0.00278038451118734,0.00161067091433398,0.000242591832310346,-0.00110929364532031,-0.00201376307889378,-0.00254873378580767,-0.00216144950262565,-0.00154327347973227,-0.00101966335448656,-0.000846200835237454,-0.000625933831638115,-0.000540791940349727,-0.000762781311711258,-0.000488458721441098,0.00037706716261332,0.00157096700123116,0.00271188697621572,0.00410286004427696,0.00492066974093519,0.00520696568815948,0.0050625779227742,0.00483227768609495,0.00398111853721717,0.00335370450387518,0.00294800780731919,0.00284878343279416
48,"BHR","Bahrain",-0.00978443215480451,-0.00911135685839615,-0.0076732724419879,-0.00571843003900352,-0.00386835175518507,-0.00260469503969274,-0.00263044324161077,-0.00377088449218743,-0.00517763133818683,-0.00632650694072678,-0.00687939021408623,-0.00562679068235661,-0.00239056677547955,0.00178508622330442,0.00591842057860004,0.0092723635100509,0.0104023223213396,0.00949114047794586,0.00549281808432323,0.000894969410992319,-0.00512833444930061,-0.00938990268467343,-0.0113041018671808,-0.0123239494111382,-0.0116011643273105,-0.00822339650500226,-0.00503605573856003,-0.00197333741004502,0.00155620450210248,0.0043693522919821,0.00476607403515317
50,"BGD","Bangladesh",-0.0017913470468276,-0.00174486483934977,-0.00181817124125749,-0.00197802783342593,-0.002181169254732,-0.00235517216884029,-0.00251894428522648,-0.00261672615300546,-0.0026411743379301,-0.00259174237256166,-0.00245606339833815,-0.00222821931628503,-0.00197854655877627,-0.00174351832707587,-0.00157520143516265,-0.00149121405234964,-0.00146800560738225,-0.00146169677699681,-0.00138805695470523,-0.00131933433033005,-0.00146930106437082,-0.00175843907111728,-0.00207714649396962,-0.00244880206756748,-0.00279648248873177,-0.00279927068182462,-0.00251425031746577,-0.00208857538855634,-0.00142695943467019,-0.000674337898983635,-0.000154519047946278
52,"BRB","Barbados",0.00211870258876967,-0.000233500037560508,-0.0021681149655074,-0.00341777787983621,-0.00343354422340414,-0.00343840756021341,-0.0026666326305762,-0.00147721791195432,-0.000143912118103273,0.000699067369555051,0.00206766880090736,0.00300743641835233,0.00339296251673749,0.00345507042202819,0.00369253645964496,0.00338532854402485,0.00317987117348806,0.00349026448541623,0.00380243465079477,0.00375070312623182,0.00339259547439608,0.00250721836250745,0.00172202703948887,0.00113318616445657,0.000736984216615388,0.000510852787952265,0.00123427555790645,0.00196821857246943,0.00253491745895928,0.00312364065921678,0.00370082994367071
112,"BLR","Belarus",NA,NA,NA,NA,NA,NA,NA,NA,NA,NA,NA,NA,NA,NA,NA,NA,NA,NA,NA,NA,NA,NA,NA,NA,NA,NA,NA,NA,NA,NA,NA
56,"BEL","Belgium",-0.0049554473356519,-0.00363044645090305,-0.00228668969181933,-0.00135504036346312,-0.00105375199753532,-0.00120770387951785,-0.00146945191120429,-0.0015857363640438,-0.0012268891561068,-0.000484791886774749,0.000274730594004735,0.000751764508309716,0.000969223115119933,0.000671605719985369,-0.000149697252123548,-0.00119594231056208,-0.00202145664455033,-0.00270167012040246,-0.00310952404562492,-0.00312138877641965,-0.00263463626027793,-0.00203612673430031,-0.00123185736507692,-0.000472507621906204,0.000148210518083225,0.000413125919620505,0.000592314821433293,0.000712834634714499,0.000688009609992379,0.000645143489814259,0.000815511257568735
84,"BLZ","Belize",-0.0014627168235789,-0.00181560154563798,-0.00200542625322142,-0.00180047199837874,-0.00136538727349211,-0.000603023027269445,0.000489368758258113,0.001695954018474,0.00265713089583697,0.00349033539885379,0.00402133961140949,0.00416097967362705,0.00407482182632157,0.00394044190140774,0.0036436161892448,0.00337514729541311,0.00338767622905101,0.00343584309945455,0.00341722206437289,0.00330443099465461,0.00303370524596702,0.00251473738839603,0.00199533865529933,0.00151221572604254,0.00100887550633999,0.000623040389106322,0.000420800610951177,0.000296375257367254,0.000232866958271183,0.000273094079299208,0.000361124661483414
204,"BEN","Benin",-0.00166216556518428,-0.00181584964499448,-0.00237769403197396,-0.00328279928419084,-0.00428430498704568,-0.00517768156165421,-0.00533202618277662,-0.00510687836998092,-0.00449581714997893,-0.00378580626918668,-0.00314548709046336,-0.00293592165769418,-0.00278634644684828,-0.00271928408434474,-0.00237650058967875,-0.00185602928803785,-0.00114752259794648,-0.00052641434820222,-0.000241753296690406,-0.000383880091398336,-0.00110184616944387,-0.00229338941651214,-0.00365210103917468,-0.00501203856908472,-0.00582772337604509,-0.00618991054647322,-0.00616486097272295,-0.00596707761712101,-0.00561415433228896,-0.00564372958931425,-0.00624480882745593
60,"BMU","Bermuda",-0.000185177513218893,-0.00179344053616437,-0.00167059842964623,-0.00126509814456277,-0.000646521988084459,0.000457074207838248,0.00161470230309702,0.00210012367036594,0.00215793534346043,0.00181023413178805,0.0010039840513183,0.000384724587580765,0.000322230033235948,-0.000457947461592001,-0.000781236359673865,-0.000620115280333899,-0.000519280350247953,-0.00062361199586014,0.0000612620240585393,0.000445906689882536,0.000627329589382608,0.00100631972799636,0.00143677907413076,0.000919640578358916,0.000466828049961565,0.000121459405409974,-0.000401912344582978,-0.00088114079011703,-0.000335161693413966,0.000266257148087368,0.000776734949609059
64,"BTN","Bhutan",NA,NA,NA,NA,NA,NA,NA,NA,NA,NA,NA,NA,NA,NA,NA,NA,NA,NA,NA,NA,NA,NA,NA,NA,NA,NA,NA,NA,NA,NA,NA
68,"BOL","Bolivia",NA,NA,NA,NA,NA,NA,NA,NA,NA,NA,NA,NA,NA,NA,NA,NA,NA,NA,NA,NA,NA,NA,NA,NA,NA,NA,NA,NA,NA,NA,NA
70,"BIH","Bosnia and Herzegovina",NA,NA,NA,NA,NA,NA,NA,NA,NA,NA,NA,NA,NA,NA,NA,NA,NA,NA,NA,NA,NA,NA,NA,NA,NA,NA,NA,NA,NA,NA,NA
72,"BWA","Botswana",NA,NA,NA,NA,NA,NA,NA,NA,NA,NA,NA,NA,NA,NA,NA,NA,NA,NA,NA,NA,NA,NA,NA,NA,NA,NA,NA,NA,NA,NA,NA
76,"BRA","Brazil",-0.00178655694096437,-0.00147506417308916,-0.000793244631151049,0.000214658956393665,0.00146809607039719,0.00284082007101926,0.00357623070570742,0.00401627119471745,0.00408551524088283,0.00372507384367092,0.00291811821982835,0.00183614679763221,0.000354507134962766,-0.00133859976155506,-0.00289962407892362,-0.0040522585654508,-0.0047365149792295,-0.00481559370322466,-0.00431240789406467,-0.00335476576241938,-0.00214298020184212,-0.00101303675330464,-0.000349281875005213,-0.000236846712073799,-0.000408230324050942,-0.000901321626938002,-0.00126754941785849,-0.00136160091171994,-0.00117726092295628,-0.000918005976872217,-0.000438711653914247
92,"VGB","British Virgin Islands",-0.00587401787864483,-0.00669142263489775,-0.00692182057344781,-0.00681001947657689,-0.00627152448453516,-0.00558701720742849,-0.00492258215322894,-0.00424290925253845,-0.0035008196187446,-0.00290620039715506,-0.00230562295599657,-0.00174260648460745,-0.00178094932388062,-0.00253143597594341,-0.00381568073036498,-0.00544988792232037,-0.00728835722054244,-0.00878979517819223,-0.00963506160146321,-0.00978501218508954,-0.00911222025625424,-0.00756097492305263,-0.00576658709628552,-0.00420942455522122,-0.00312657369626912,-0.0025417600665637,-0.00243207530832812,-0.00242331273371166,-0.00240671058546116,-0.0022055474933067,-0.00189208767855997
96,"BRN","Brunei Darussalam",-0.00755555553029619,-0.00722576084594739,-0.00688869019480232,-0.00617435128992705,-0.00430848984450594,-0.003072533680887,-0.00241465452349343,-0.00168400667998514,-0.000991695974590145,-0.00118257303699687,-0.000921301464438362,-0.000288435259820918,0.0000965048442009842,-0.0000744343663421354,-0.000433890083582966,-0.00150751320867726,-0.00294375314574613,-0.0045614249097683,-0.005595934156711,-0.00639485356304159,-0.00657088414232321,-0.00630969466212372,-0.0054667813903867,-0.00473423959234465,-0.00400897529742417,-0.00357988733122117,-0.00291561199551005,-0.0024046343750872,-0.00199232726807064,-0.00145400320006284,-0.000371235109734913
100,"BGR","Bulgaria",-0.002501780103075,-0.00111699109338192,0.0013168552142655,0.00531173592007805,0.00829518795525819,0.00970454681177091,0.00992556260503341,0.00986435754670012,0.00799105891717899,0.00520160737911013,0.00258342506000231,0.00105306802945337,0,0,0,0,0,0,0,0,0,0,0,0,0,0,0,0,0,0,0
854,"BFA","Burkina Faso",NA,NA,NA,NA,NA,NA,NA,NA,NA,NA,NA,NA,NA,NA,NA,NA,NA,NA,NA,NA,NA,NA,NA,NA,NA,NA,NA,NA,NA,NA,NA
108,"BDI","Burundi",NA,NA,NA,NA,NA,NA,NA,NA,NA,NA,NA,NA,NA,NA,NA,NA,NA,NA,NA,NA,NA,NA,NA,NA,NA,NA,NA,NA,NA,NA,NA
132,"CPV","Cabo Verde",-0.00264284350303612,-0.000475458900623948,0.000660738571014452,0.00157141590548915,0.00140119487079682,0.000233378677445106,-0.0017646896497443,-0.00330631925896496,-0.00510764360222615,-0.00605534998832313,-0.00685353376752229,-0.00666257656557434,-0.00627428098037797,-0.0049753220555262,-0.00354136484142853,-0.00184730580864767,-0.0000682986053853751,0.00193415870094582,0.00299284486404994,0.00396140262156019,0.00434427091738754,0.00405428524693652,0.00332727232948593,0.00239996018997757,0.000603464742974236,-0.00143091324092892,-0.00349346433825759,-0.00547932736396206,-0.00794697895471552,-0.00981104417842193,-0.0106310320782081
116,"KHM","Cambodia",-0.015812412781306,-0.0155053358733909,-0.0147179788574566,-0.0133159419179956,-0.011758794126027,-0.0102788869526028,-0.00894469182317359,-0.00772719184594872,-0.00675441310823133,-0.0057718428767537,-0.00504477050830365,-0.00467861242591383,-0.00443272960161112,-0.00428884054189271,-0.00417125325615986,-0.00393638669640983,-0.00340058123173936,-0.00252429394326559,-0.0011200197422857,0.00143627394781953,0.00476709783252693,0.0086284590056207,0.0122347010352397,0.0151905499287965,0.0162315768580212,0.0155851707934218,0.0134615652791941,0.0104921281128427,0.00695405902844848,0.00334593379334747,0.000378575162513606
120,"CMR","Cameroon",0.00781618670735429,0.00569525707142216,0.00249679201022235,-0.00176717291162498,-0.00618404802247541,-0.0102923363618603,-0.0129694087640552,-0.0142700364099675,-0.0136673265139351,-0.0116812533295582,-0.00889025551319833,-0.00649276920076391,-0.0043514652710932,-0.00308664585543983,-0.00251736224869759,-0.0024165282634836,-0.00230485186680507,-0.00255739705458857,-0.00295103374022465,-0.00353690712711008,-0.00427583987651003,-0.00536079567916004,-0.00640643816875364,-0.00712182288491614,-0.00736709276403458,-0.00720926119119125,-0.00661053752413332,-0.00598565486394664,-0.00572950640149339,-0.00591085394337487,-0.00638563760792721
124,"CAN","Canada",0.0000708964576884008,-0.000773946448693305,-0.000838944990321118,-0.000505674734603967,0.00043145273153702,0.00205973414335779,0.00431069143650019,0.00662530886909773,0.00876635998660426,0.0100945171217632,0.0104277230323434,0.00978693115065895,0.00840446237343355,0.00650006551643807,0.00433048549055512,0.00227892946486859,0.000955653728309246,0.000310153687844733,0.000295974686768906,0.000566018985534262,0.000868101922156051,0.000978518983272613,0.000936099134807574,0.000654061141236338,0.000263698707005789,-0.000251610123871452,-0.000526086447676594,-0.000651078593270536,-0.000593854716578256,-0.000436459508230497,-0.000101473400325083
136,"CYM","Cayman Islands",-0.00970170285323546,-0.0138542686953426,-0.0146997683646911,-0.0139112940266736,-0.0126868355177266,-0.010702301498321,-0.00759296092002948,-0.00395239191287922,-0.0031336958397955,-0.00348012643020679,-0.00547648266439937,-0.00837894495893987,-0.0116194757155185,-0.0135701624621852,-0.0144251550604627,-0.0130718885566951,-0.0100268338551943,-0.00602612178670836,-0.00236146296934836,0.0000839498022049412,0.00125615153582359,0.0014489360360066,0.00101184220548967,0.00128500382565067,0.00192925895835616,0.00342067384234634,0.00537890605542746,0.00781978574681563,0.010008222316896,0.0120764210270747,0.0132821499338878
140,"CAF","Central African Republic",NA,NA,NA,NA,NA,NA,NA,NA,NA,NA,NA,NA,NA,NA,NA,NA,NA,NA,NA,NA,NA,NA,NA,NA,NA,NA,NA,NA,NA,NA,NA
148,"TCD","Chad",NA,NA,NA,NA,NA,NA,NA,NA,NA,NA,NA,NA,NA,NA,NA,NA,NA,NA,NA,NA,NA,NA,NA,NA,NA,NA,NA,NA,NA,NA,NA
152,"CHL","Chile",0.000467393328246798,0.00063292520480801,0.000726812902842997,0.000788451847311133,0.000646228751540455,0.000405973792696361,-0.000117470262559626,-0.000516799186995818,-0.000979271664860194,-0.000744128419164504,0.000204501938189972,0.00136648862411361,0.00239135954568532,0.00318988505007176,0.00353081455152132,0.00318547518978542,0.0028700433029474,0.00254230325261416,0.00203645459152023,0.00164688317069214,0.00165369678285291,0.00153182531297971,0.00184057232902926,0.00240445025005724,0.00281430711474641,0.00281341863130675,0.00332890259046874,0.00364361500050667,0.00384645234409109,0.00376104701517488,0.00317330172110531
156,"CHN","China",-0.00172226959290145,-0.00223696346990832,-0.00253596086240127,-0.00256194589954273,-0.00223000298000942,-0.00158695720369895,-0.000721194369839417,0.0000707385777294345,0.000682933000006436,0.00125673629889511,0.00159384830295672,0.00170676344624221,0.00169813331596824,0.00159742224150206,0.00127561736756165,0.000875399567120461,0.000405943048504609,-0.000101227217021549,-0.000557270684374944,-0.000832553520413115,-0.00104488100054367,-0.00116260767152621,-0.00121792901727702,-0.00123647768004387,-0.00133081166303828,-0.00141537766779443,-0.00149654406552735,-0.00154581699246448,-0.00149934064647328,-0.00135705112105378,-0.00121773827989791
170,"COL","Colombia",-0.00351877314712698,-0.00247110234651641,-0.00244470051380546,-0.00173046790558959,-0.000654634290827463,-0.000930244243769029,-0.00126774472021985,-0.000408960216674278,0.000861402740929415,0.00156609190294664,0.00267280777250945,0.0041773493451983,0.00459451123961145,0.00494554145306806,0.00583604871706694,0.0055202564445873,0.00460390600168999,0.00401203815959125,0.00310044333375379,0.0017981300764655,0.00113527385391801,0.000879956029268659,0.00121482012443725,0.002288622212318,0.00311086792563749,0.00370899058459052,0.00435334424917908,0.00448905197721228,0.00364570783915696,0.00290796606649957,0.00183709940219126
174,"COM","Comoros",0.000853032652198493,0.000740996203976607,0.000356228736463793,-0.000305673470513579,-0.00111154607396369,-0.00196921863883193,-0.00279264280146185,-0.00326505830035184,-0.00335610235451977,-0.0030662330812129,-0.00250240341774088,-0.00173947920760653,-0.00110294195888916,-0.000675080980235943,-0.000560669865106944,-0.000675777904594832,-0.00104969748400718,-0.00139843401914841,-0.00158478607540458,-0.00154012084488664,-0.00137828163071885,-0.00111030277687929,-0.000784573395358312,-0.000470179815535876,-0.0000344373590583924,0.000786299342752761,0.0018822776373113,0.00308789798167863,0.00436458655427607,0.00536191272374809,0.00576441742092371
184,"COK","Cook Islands",NA,NA,NA,NA,NA,NA,NA,NA,NA,NA,NA,NA,NA,NA,NA,NA,NA,NA,NA,NA,NA,NA,NA,NA,NA,NA,NA,NA,NA,NA,NA
188,"CRI","Costa Rica",-0.0116985052962264,-0.014318602192225,-0.0131634162138193,-0.01093326162313,-0.00403549996870612,0.00554430058490964,0.012349275875767,0.0147677688031022,0.0157640944846649,0.0130523902894349,0.00680923677483752,-0.000127541447853388,-0.00601066271317922,-0.0117972404844195,-0.0150260254522601,-0.0150050291996276,-0.0138979118731115,-0.0113141554943716,-0.00736118065218901,-0.00269351863784211,0.000478005481657832,0.00317585900170472,0.00497692237386185,0.00486788375985724,0.00323560368877163,0.00258019307598939,0.00188248162096136,0.00166905647501242,0.00248575002048186,0.00400277196962236,0.00464863565273281
384,"CIV","Cote d'Ivoire",-0.00121033880795651,-0.00244980584693799,-0.00381703680055545,-0.00500681039280182,-0.00613008837656848,-0.00622979654159606,-0.00594756756239978,-0.00532689843047074,-0.00440108101697978,-0.00292474957966848,-0.00196125027469596,-0.00139495881806551,-0.00112858330297461,-0.000924112103996455,-0.00104911947927822,-0.00128551533046783,-0.00134050641892314,-0.000997696983562779,-0.000626225330208507,-0.000314569822454258,-0.0000314046877643026,-0.000277174381149936,-0.0012024458238975,-0.00224257248135917,-0.00334265852411975,-0.00460612514938619,-0.00564880750215735,-0.00612513563283112,-0.00617816259168658,-0.0061599182543689,-0.00570242470594573
191,"HRV","Croatia",-0.00401109867455673,-0.00411988299458654,-0.00258309923935107,-0.000271236338318936,0.000691315458686725,0.00152091160647139,0.00184172321678333,0.00161142822450144,0.00122915676778668,0.0017776756770016,0.00277925679375013,0.00459443949557992,0.00713108385734573,0.0097791309278028,0.0106521088026221,0.00995267968809554,0.0075608411942123,0.00400528438708281,0.000251271945288956,-0.00252398330333758,-0.00410958461955135,-0.00407934737455284,-0.00297292383102044,-0.00102236269065692,0.000900710756825518,0.00237331858410861,0.00269114196320253,0.00217771825957058,0.000991573730966921,-0.000582001172289126,-0.002503736179851
192,"CUB","Cuba",-0.000566674960561175,-0.000304859950808423,0.0000661059232729411,0.000215449288424319,0.000155602136723054,-0.000110405576903894,-0.000593271958427954,-0.000885721799836925,-0.00107463977483913,-0.00112021800940942,-0.00105966263684021,-0.000577706413380619,-0.0000124193770210113,0.00058645134519919,0.00109896284958477,0.00130216083524659,0.000862015576413855,0.000435713438180718,0.000013052466608654,-0.000372784026507755,-0.000409207754261121,-0.0000544487872244925,0.000198179699268941,0.000583026828975264,0.00116685690559981,0.00153603370529654,0.00158221497671018,0.00154801761841128,0.00128835950790829,0.000818696014934561,0.000685273669718045
531,"CUW","Curacao",-0.0128510801165339,-0.00736081203247252,-0.00135089566230673,0.00230715133558212,0.00238527133009359,-0.00164842029993395,-0.00643252230826052,-0.0112177745745257,-0.0146517496844413,-0.0149547959654647,-0.00913502373477493,-0.00125012278067693,0.00799742322422992,0.0165929929707482,0.0213324918152189,0.0196468325199262,0.0157941080886257,0.010798495013183,0.00520787957621915,0.00153514373735675,0.00400694505615884,0.00853650098377323,0.0129804699224347,0.0184006640778855,0.0202227968751736,0.0180276466632103,0.0122682829926231,0.00455358262692451,-0.00571137653853382,-0.0151575508313988,-0.0221358915946314
196,"CYP","Cyprus",-0.013953080805748,-0.00248416570703505,0.00574349760059597,0.0102177343715297,0.00884528814798584,0.0066653717133877,0.00260950414200703,-0.00246823928333067,-0.00764172096208593,-0.00991733171628269,-0.0105600422209584,-0.00841011217426685,-0.00326943962379654,0.00414750636856428,0.0118637163882876,0.0181458929806684,0.0224594850734366,0.0239456770331806,0.0238618806332783,0.0209042932557455,0.0172538001621129,0.0131569410765057,0.00896999566057848,0.00485881487601535,0.00358595751250802,-0.00389485012950823,-0.0137842756366452,-0.0340128863960273,-0.0443939660147378,-0.0560493054626188,-0.0586210557042591
203,"CZE","Czechia",NA,NA,NA,NA,NA,NA,NA,NA,NA,NA,NA,NA,NA,NA,NA,NA,NA,NA,NA,NA,NA,NA,NA,NA,NA,NA,NA,NA,NA,NA,NA
180,"COD","Dem. Rep. Congo",NA,NA,NA,NA,NA,NA,NA,NA,NA,NA,NA,NA,NA,NA,NA,NA,NA,NA,NA,NA,NA,NA,NA,NA,NA,NA,NA,NA,NA,NA,NA
208,"DNK","Denmark",0.0000793624542034584,-0.000295994871519239,-0.00029856066030386,-0.0001658867593642,0.00026999601344342,0.000668781304700741,0.000889326857756145,0.0013120569367315,0.00209313194098121,0.00296444845542578,0.00407993948903581,0.00548137878340613,0.00653812559790756,0.00694328183208769,0.00696386244372418,0.00657730987998715,0.00556734943629927,0.00447262814099227,0.00367958225643875,0.00328331168421568,0.00328178344014855,0.00400031232185408,0.0048133118187845,0.00504609241968408,0.0048128827913929,0.0041004147644628,0.00296139217890023,0.00162947984796217,0.000331414190517188,-0.000804004402179866,-0.00157874087161598
262,"DJI","Djibouti",-0.0129905596703207,-0.0130444894246803,-0.0126824887020694,-0.0113489560580583,-0.00875521058170237,-0.00559366294600228,-0.00104935101660741,0.00361435626844031,0.00644030921937877,0.00690714906400913,0.0058556364627973,0.00285923524863563,-0.00116027604761193,-0.00498466319448865,-0.00772894081771824,-0.00947577844649161,-0.0101314251223913,-0.00941878189292134,-0.00921980983414439,-0.00982415156224992,-0.0103946333752465,-0.0109486151526713,-0.0110170795318,-0.0105744440381629,-0.00914245364073607,-0.00755742431856954,-0.00581029652234044,-0.00472077043879238,-0.00385193362899383,-0.00366037030293198,-0.00337061273956218
212,"DMA","Dominica",0.00217402074018436,0.00142085124780889,0.000664900479843356,-0.000095356599389862,-0.00049440027851988,-0.00153522935144701,-0.00193485738053112,-0.00221068150239412,-0.00224992016062575,-0.00210789468762862,-0.00216696023040008,-0.00252813884202596,-0.0030218717933691,-0.00390799836157429,-0.00483491576218975,-0.00530650205458227,-0.0052748829849647,-0.00487898284575805,-0.00388303314094884,-0.00267890975851071,-0.00184589180737593,-0.00121313330048123,-0.000809651756538465,-0.000810688630490608,-0.0010249051442911,-0.00150668174345525,-0.00235709348454349,-0.00319522195436783,-0.00376481377678994,-0.00401442286717235,-0.00373712093791911
214,"DOM","Dominican Republic",-0.00733839153331617,-0.00612603196708972,-0.00444917338901962,-0.00337954722985112,-0.00266828452265344,-0.00199387098614578,-0.00136866922626278,-0.0011999674658586,-0.000552334288275613,0.000495046874897209,0.00136447960864072,0.0020735328584458,0.00287121584645189,0.00283362476599547,0.00233733967452454,0.00187526983367081,0.00138804690714767,0.000753618412460577,0.000603261041171699,0.000898056929687474,0.00119735946435884,0.00142278786107686,0.00163352833387242,0.00166545187160416,0.0015768576462849,0.00154946121317479,0.00153737545323551,0.00150196221603105,0.00152352937149947,0.0013332307184819,0.000950197995689406
218,"ECU","Ecuador",0.00420009436862758,0.00573600065208059,0.00696711047817134,0.00782566045163297,0.00922247237089402,0.0103373203266235,0.0100665377105719,0.00881755377610127,0.00676436625664479,0.00417798469510832,0.00184275732144104,0.000636255302452151,-0.000569471840040656,-0.000357646585985067,0.000893692904285481,0.00233343044662876,0.00298206968101889,0.00399866264374675,0.00344108392555092,0.00212007417821006,0.000639320123661496,-0.000430536837785648,-0.00205642144353508,-0.00254295933789121,-0.00263389013406601,-0.00288646001191626,-0.00314461414551766,-0.00260839621273814,-0.00248051347357668,-0.00242645396570194,-0.00236167900801751
818,"EGY","Egypt",-0.000192505584496814,-0.00240947726517421,-0.00506316499852028,-0.00768616836059955,-0.0101217118404985,-0.0116233095091656,-0.0115403501130028,-0.0107645821027944,-0.00957158472322173,-0.00776594490231885,-0.00632949847776321,-0.00566146019031994,-0.00522239137776567,-0.00479186394696095,-0.00494701356940589,-0.00513805674165778,-0.00486570071298853,-0.00453386154394008,-0.00442644162233459,-0.00418749961868518,-0.0039042362764918,-0.00413187595357025,-0.00445930060680623,-0.00433698230055505,-0.00393072751211539,-0.002914982276222,-0.00095748374653502,0.00125646504657846,0.00297537795311604,0.00399548392461938,0.00443823008645761
222,"SLV","El Salvador",-0.000363121157597734,0.00106068344399901,0.00227965806734809,0.00323678350250045,0.00370364252334343,0.00375424795447699,0.00310314802155287,0.00192166665289917,0.000725794513066758,-0.000530832468213061,-0.00154751393661989,-0.00223597651834362,-0.00225888086394443,-0.00185163499196062,-0.000921808575852889,0.000409713067716311,0.00169017463283483,0.0025779990345669,0.00316479211754506,0.002964742850184,0.00239070248319573,0.00107552942057176,-0.000454008461569622,-0.00206012271504352,-0.00313449153108281,-0.00392628443539089,-0.00383480047730778,-0.00299232584733677,-0.00169995158090974,-0.000219768673716647,0.00170989332137217
226,"GNQ","Equatorial Guinea",0.00960985448642937,0.00934191495206127,0.00872983027368424,0.0071593955673428,0.005091662176822,0.00243342571976779,-0.000465651518633758,-0.00302475697278448,-0.00417005195947406,-0.00438502062170121,-0.00469976213948975,-0.00471373310254053,-0.00427070590787548,-0.0037927260775078,-0.00261421353348901,-0.000816271008216019,0.00119337392264951,0.00283455799749444,0.0045096925487027,0.0050250721580789,0.0044087384640763,0.00312419136993469,0.00207399728574331,0.00117166691754012,0.000916203250301839,0.00207178004517261,0.00424285608950292,0.00661562979184183,0.0083913963285096,0.0100606150780982,0.0104319895126046
232,"ERI","Eritrea",0.000112328792799543,0.0001406998679232,-0.0000503941812274311,-0.0000626209920479015,0.00042375336588929,0.000226907758513528,0.0000177956529003875,-0.0000668216059915849,0.000327266863842102,0.000215235403423719,0.000103216489947267,-0.000265649652188116,-0.00104620527886923,-0.00212097122684107,-0.00268553137101502,-0.00292514105929953,-0.00298163303752275,-0.00283477264440191,-0.00197428237130171,-0.000809761072322668,0.000127753090987115,0.00101605434535679,0.00213816443805048,0.00234652891026488,0.00166564885235232,0.00127161559098377,0.00102097558618675,0.000506074765193709,-0.000110291532728679,-0.000343203592713448,-0.000582393918264978
233,"EST","Estonia",-0.000338558551201462,0.0011438653248832,0.0027406947072055,0.00419796830334462,0.00535604313903981,0.00610670808003744,0.00622355033486732,0.00572219917260552,0.00467299421656309,0.00348311630043785,0.00237234956119314,0.00159974926466599,0.00106743400584075,0.00111489621405059,0.00185342202106642,0.00320124359720886,0.00482171354977901,0.00641978370990426,0.0075958487431651,0.00768419207969839,0.0068236564899351,0.00552433504738969,0.00372127589813442,0.00170370765860928,0.000010009929472421,-0.00142148651033225,-0.00293801382331782,-0.00411771654721138,-0.00484850398814873,-0.00577892679678371,-0.00668814759945846
748,"SWZ","Eswatini",NA,NA,NA,NA,NA,NA,NA,NA,NA,NA,NA,NA,NA,NA,NA,NA,NA,NA,NA,NA,NA,NA,NA,NA,NA,NA,NA,NA,NA,NA,NA
231,"ETH","Ethiopia",NA,NA,NA,NA,NA,NA,NA,NA,NA,NA,NA,NA,NA,NA,NA,NA,NA,NA,NA,NA,NA,NA,NA,NA,NA,NA,NA,NA,NA,NA,NA
234,"FRO","Faeroe Islands",-0.00543996261241908,-0.00683374417818772,-0.00746748587956803,-0.007245003648086,-0.00638400050364674,-0.00503493204493,-0.00360934897332743,-0.00209991088050654,-0.000785676804389346,0.000345431184655354,0.00136891531598704,0.00244365304303718,0.0034566806626164,0.00355687369762658,0.00241545743019622,0.000851336026065574,-0.000978072429547283,-0.0023807412098531,-0.00338276050391006,-0.00296074751703723,-0.00114779392408659,0.00208913607228611,0.00710745760369802,0.0118618352459265,0.0142564043528441,0.0142896919169553,0.0120019874590218,0.00769625693404929,0.00209168968782247,-0.00302117463343876,-0.00720303913008347
238,"FLK","Falkland Islands",-0.0033974072353109,-0.00304338898649736,-0.00297723414889695,-0.00343937031957564,-0.00399804742225363,-0.00415111509140653,-0.00386275190245278,-0.00337164934996259,-0.00243972677227533,-0.00116303249016092,0.0000588709950883892,0.000971194700525979,0.00168066995355098,0.00196935336698756,0.00178335421247167,0.0015009770999137,0.000967136474766761,0.000329579757538667,-0.000125353278544016,-0.000483021543807971,-0.00066976376529837,-0.000711694047631717,-0.000741349398646007,-0.00111873418505937,-0.00140890287561601,-0.00157603236168624,-0.00150414440168756,-0.00142325196128879,-0.00122548418787216,-0.00112290678763793,-0.0010237814123143
242,"FJI","Fiji",0.000679526616875092,0.00105676557610468,0.000794250482957892,0.0000984227663562987,-0.000931116733671189,-0.00208223536078389,-0.00305968225561537,-0.0037109690757049,-0.00370970797852255,-0.0033276695274681,-0.00219907799925956,-0.00125305790240404,-0.000481605156458675,0.0000569488160897524,0.000556116759166336,0.000196340765164393,0.0000648277415669085,-0.0000483899148470135,-0.0000108133660495779,-0.000194981896111224,0.0000279040576665057,-0.000337739254292146,-0.000764039102606695,-0.00147824195737301,-0.00183707783901121,-0.00206009743833013,-0.00157090721717335,-0.000681906292174794,-0.0000322303936088897,0.000466801829627217,0.000465716348140521
246,"FIN","Finland",-0.00240718965235254,-0.0013582910294847,0.0000249318217708794,0.00113456891311148,0.00194414682293154,0.00209937027653617,0.0016116018202692,0.000402510048449267,-0.000962143533726478,-0.0022094461057377,-0.00302210964076421,-0.00304966985682831,-0.00220487228384625,-0.00069558695221128,0.00158578443471002,0.00408189000253034,0.00626499143431358,0.00755240916794375,0.00773542133001826,0.0068212674219601,0.0050674513626221,0.00282415693049187,0.000430166591284031,-0.00189038359514504,-0.00390759691343812,-0.00542356764370733,-0.0064832503448865,-0.0072879946773311,-0.00767873963909149,-0.00778070945148446,-0.00731096793633068
250,"FRA","France",-0.00179570898507544,-0.00348095948602639,-0.00419794620558593,-0.00428735669387119,-0.00410722789265641,-0.0035114459196625,-0.00257064605015701,-0.00176380571640416,-0.00124074691137206,-0.000838478714366084,-0.000689263344608082,-0.000596978774895421,-0.000553958450279359,-0.000490447494481423,-0.000421870473468718,-0.000282027942255997,-0.000229460075556884,-0.00034523755391383,-0.00022775318702037,0.000248294243217648,0.000815712999421434,0.0014988332883063,0.00224541199912939,0.00266486773316733,0.00244583187942339,0.00192198827113451,0.00102438356106603,-0.000164697023996678,-0.00127299306363653,-0.00181946237522736,-0.00177638318140447
258,"PYF","French Polynesia",0.000867312333744152,0.000934712425580519,0.000851645831591696,0.000565161023573291,-0.000482950275748517,-0.00174609605764597,-0.00300674100439335,-0.00425003384230815,-0.0053089481873474,-0.00555552547574489,-0.00520760474702986,-0.00435734033684965,-0.00310521240155459,-0.0016338285262234,-0.000967363528782794,-0.000943438966195753,-0.00164761022354165,-0.00290195986546204,-0.00444311745943782,-0.00533386376885314,-0.00556667459183768,-0.00501753968895169,-0.0038762289515436,-0.00238100844470091,-0.000877787099229033,0.000706789671767627,0.00194974330161113,0.00288233096886503,0.00353042580085638,0.00397517728285313,0.00400627349900606
266,"GAB","Gabon",0.000832779179506193,0.000338465844687663,0.000281373880765878,0.000910426545636556,0.00200698555919421,0.00308177144753596,0.00379639737687021,0.00422166007769831,0.00403579399689158,0.00298473418926659,0.00198419220816071,0.00124004127983302,0.000735752520782507,0.000345340832275998,0.000380886555526372,0.00054698858289548,0.000598509666809521,0.000450521734664866,0.000150796864772262,-0.00071143666992457,-0.00165125914530506,-0.00241892911335229,-0.00287174340708973,-0.00274217954516842,-0.00160623978215868,0.0000877491311421785,0.00223659519758979,0.00428116545175605,0.00601847016135881,0.0066017893359851,0.00610149149381467
270,"GMB","Gambia",-0.00962532520612724,-0.00984674180362954,-0.00914925416676671,-0.00775585789159505,-0.00556218918349505,-0.00253184036953857,-0.000677362486304012,0,0.00227285218640039,0.00595605177577085,0.010201517884973,0.0138870501722401,0.0149595230811954,0.0137524345257081,0.0100264538069181,0.00387331578227856,-0.0029368841984172,-0.00970088430205029,-0.0136859887179306,-0.0148714852118936,-0.0133710161083105,-0.00980053422035954,-0.00625101353493618,-0.00289203481005984,-0.000569579066125203,0,0,0,0,0,0.000299222770781649
268,"GEO","Georgia",0.00500486029480607,0.00678791963867575,0.00900097040053938,0.0112713674548433,0.0130603542197214,0.0133074149209549,0.0120668173852601,0.00945850888881083,0.00610948513479892,0.0023605647986582,-0.000878105666153539,-0.00319458882249846,-0.00424979764168198,-0.00413476076802444,-0.00297402777579792,-0.001966614306673,-0.001394041155652,-0.00130316661642604,-0.00140752530816146,-0.00173011920780441,-0.00216759187575344,-0.00273253462173562,-0.00332825001678416,-0.00372464402492956,-0.00423413685222729,-0.00496117255119455,-0.00556968231730481,-0.00614231810190535,-0.00672988330584368,-0.00785491440338715,-0.00916227044943174
276,"DEU","Germany",-0.00342080142366946,-0.001965956109636,0.000127097002716775,0.00236617787490329,0.00411369939772376,0.00549467131404452,0.00622808164915175,0.00655616016695319,0.00655324176966924,0.00641117932945979,0.0060171042336873,0.00552087721981842,0.00476050911356791,0.00410039134422115,0.00358086339402897,0.00342602386917455,0.00340837236957958,0.00340233670063495,0.00318797752591549,0.0029423660617698,0.00290413412893402,0.00327623006045705,0.00381747227777961,0.00427359581546561,0.00445719612678462,0.00447308259003311,0.00406797285316195,0.00330241460748139,0.00232894234848448,0.00139200637620646,0.000905847391671448
288,"GHA","Ghana",-0.00133450639950561,-0.00194723691470611,-0.00208936444887631,-0.00214492878068873,-0.00240625890300405,-0.00218001760553865,-0.00143024627149746,-0.00107089713409392,-0.000261641601696616,0.000443180873501037,0.000101300954086447,-0.00059115426330536,-0.000851543305114277,-0.00135314385995355,-0.00191445665532286,-0.00204986695166343,-0.00184334193983149,-0.00193076386492019,-0.00125088264514595,-0.000486681604012329,-0.0000975902788746819,-0.0000721674981850606,0.000231598309673897,0.0000443635948965682,-0.000471751259454867,-0.00108834116484036,-0.00184781689501223,-0.00284714762125382,-0.00356297135887262,-0.0037926804152606,-0.00332308287446681
300,"GRC","Greece",-0.00723386926910986,-0.0067230075923042,-0.00585545858238577,-0.00498610991160353,-0.00404754119573761,-0.00343744454923665,-0.00311280632634752,-0.00310542656407019,-0.00321778913935118,-0.00314087566643977,-0.00256473175141646,-0.00161995103136169,-0.000266490832263161,0.00126475069325354,0.00265039265577515,0.0035413022268569,0.00397922553546981,0.00390762494100827,0.0034302811899066,0.00286837346398669,0.00262882680801976,0.00268987643623917,0.00329331113449006,0.0044210623847984,0.00566748723679587,0.00679606363135484,0.00775247302078836,0.00828519708921838,0.0084082194724567,0.00792717957210954,0.007070123107021
304,"GRL","Greenland",-0.00145546818011966,-0.00152695440728046,-0.000613990656470165,0.000629079716500724,0.0018526299062922,0.00261145439126165,0.00267330141742073,0.001694355925423,0.000140399267844371,-0.00158749234441857,-0.00278378329635853,-0.00345042536755069,-0.00330569124427371,-0.00240634454784705,-0.00120909246751966,-0.000487732280070041,0.000223530842673902,0.000678163852649183,0.000895148477690011,0.0012357934346483,0.00189769317430377,0.0023936321609852,0.00302493021225692,0.00359314825178547,0.00382354485925807,0.00375640182840264,0.00369309683318986,0.00358482637793234,0.00338048768044552,0.00348270109956617,0.00361149763111834
308,"GRD","Grenada",-0.00394567227750742,-0.00514015198118711,-0.00597760462675412,-0.00628218349366838,-0.0066591893224146,-0.00660433466253318,-0.00568250796104119,-0.00458918395694885,-0.00347714993028947,-0.00177719111116437,0.0000464991197552944,0.00157821636866395,0.00239455756634444,0.00266594361587824,0.00204783177806456,0.00107458029293994,-0.000114527902574935,-0.000907438217103262,-0.00151148492630138,-0.00126726549648304,-0.00103517914459184,-0.000559326785563363,-0.000661062882356456,-0.000604954272204972,-0.0010550352879225,-0.00145477768390334,-0.00261209072661761,-0.0039047365936975,-0.00539863955842612,-0.00645972301686504,-0.0072850723930622
320,"GTM","Guatemala",-0.00557871902898231,-0.00655684723921696,-0.00689391783154207,-0.00581413998551279,-0.00420976307828146,-0.00231641438253181,-0.00123795490588956,-0.000756400471910321,-0.00108980147520218,-0.00181013993660184,-0.00294504201789675,-0.00346917636091204,-0.00334177819969749,-0.00256399731521828,-0.00184707159630775,-0.000655348335935203,0.000163979376010684,0.00060197091769214,0.00129655044030709,0.00205490794700693,0.00299561501418361,0.00391935563901841,0.00451782406250329,0.00441199149022538,0.00385005361942174,0.00297461599685178,0.00217859148954508,0.00181013760527717,0.00140176216519417,0.00149456196934911,0.00186465059504761
831,"GGY","Guernsey",NA,NA,NA,NA,NA,NA,NA,NA,NA,NA,NA,NA,NA,NA,NA,NA,NA,NA,NA,NA,NA,NA,NA,NA,NA,NA,NA,NA,NA,NA,NA
324,"GIN","Guinea",0.0034468536536969,0.00473647253184151,0.00471234548102961,0.00409960878775739,0.00296444026783171,0.00144069993047991,0.0000583908619502527,-0.000743132700246729,-0.00192728308138967,-0.00348699965556276,-0.00464382522308526,-0.00600585229010353,-0.00763200610966308,-0.00841663637105394,-0.00808276276180608,-0.00708105667365488,-0.00522730323457365,-0.00257273205190911,-0.000288524092419418,0.000938257809790066,0.00122098341895627,0.000559130016584364,-0.000252510411834495,-0.000764071770545716,-0.000706574174194285,-0.000251620274459796,0.000991529321620055,0.00182597537721474,0.0019702362830547,0.0014172062703286,0.0000541651881733607
624,"GNB","Guinea-Bissau",-0.00668543477117856,-0.00448760393611058,-0.00205506928262977,0.000911932718645758,0.003889170002495,0.00811607005768189,0.0120472440341615,0.0147332412001138,0.0157175488049368,0.0152190551323825,0.0122819359036479,0.00807870826693335,0.00364909472224828,-0.000105899843935608,-0.00303780657980068,-0.0039211403621856,-0.00402000204615416,-0.00349580480617528,-0.00304244018036481,-0.00296628851398784,-0.00281125209052469,-0.00417063142915097,-0.00649609921988614,-0.00857100703501157,-0.00927450159791765,-0.00963850860961735,-0.00967546829159138,-0.00914195883628388,-0.00881914095272252,-0.00904997022139831,-0.00932998967604382
328,"GUY","Guyana",-0.00223641821518772,-0.00126165504635867,-0.000697115385800195,-0.000289089604200377,-0.000100505187040967,-0.000429524024682548,-0.00108011041258771,-0.00170822782283886,-0.00239014754103117,-0.00289609288815673,-0.00300614863454896,-0.00254777502843051,-0.00186876987956797,-0.000890657432631836,-0.000135713438887297,0.000449339244485314,0.000578643310353621,0.000557320906557024,0.000385261551347105,0.000596861491940048,0.000955700138691951,0.00161431905911869,0.00247491519728937,0.00322892806462671,0.00353837103831656,0.00382159685754346,0.00385687245120425,0.00340756076920412,0.00290486967170223,0.00267361416625223,0.00238233279772038
332,"HTI","Haiti",-0.000373863582943224,-0.000391435875284452,-0.00046603125438871,-0.000917518084364244,-0.00149867488048816,-0.00220520235404409,-0.00285670059186782,-0.00351462209565345,-0.00401503702476202,-0.00443599222447799,-0.00469700069233503,-0.00492616701761206,-0.00495408594234281,-0.00503168615996141,-0.0049702302039758,-0.00482866835036599,-0.00445356539339514,-0.00410867144689042,-0.0036142148745808,-0.00325502875869021,-0.0030231428014984,-0.0030997960542638,-0.00324390368094329,-0.00338746366478526,-0.00340350047898597,-0.00325751737268387,-0.00292136120664255,-0.00250344381255607,-0.00200864969273995,-0.00159024427574062,-0.00119314792177938
336,"VAT","Holy See",NA,NA,NA,NA,NA,NA,NA,NA,NA,NA,NA,NA,NA,NA,NA,NA,NA,NA,NA,NA,NA,NA,NA,NA,NA,NA,NA,NA,NA,NA,NA
340,"HND","Honduras",-0.0064401701397013,-0.00633850059158997,-0.00528226991871481,-0.00307597150209252,-0.000295521155349074,0.00232803558166883,0.00408364624056276,0.00518671638609548,0.0051102488771682,0.00435172896786552,0.00357540373182588,0.0031215918093883,0.00293003883257145,0.00327174180712189,0.00435910221598389,0.00477141198147153,0.00428160168367441,0.00334815248353764,0.00238275899114296,0.00155450561627689,0.00133437124748092,0.00179930569126882,0.00234738356737328,0.00259564184031034,0.00248943666498009,0.000767130668450437,-0.00199905640085327,-0.00507084947255209,-0.00763302620431924,-0.00951550067385227,-0.00970736089325566
344,"HKG","Hong Kong",-0.00202545622978834,-0.002565331243504,-0.00263885409499409,-0.00240278480189071,-0.00194509152968225,-0.00138330934633912,-0.000811141626587464,0.000222480945611503,0.00101516061688267,0.00148562723103374,0.00172114286382818,0.00168287908004228,0.000829423202985069,-0.0000626182236832529,-0.000946581777551359,-0.00187538199524795,-0.00267653969953252,-0.00260658926675383,-0.00221811102973057,-0.0016504276752688,-0.000910209400491691,-0.00004240553393553,0.0000885833771375744,0.000339533803755288,0.000969647836006171,0.00175230745829391,0.00274079533188387,0.0038039701455086,0.0046420281648476,0.00500243277411005,0.00504588560772978
348,"HUN","Hungary",NA,NA,NA,NA,NA,NA,NA,NA,NA,NA,NA,NA,NA,NA,NA,NA,NA,NA,NA,NA,NA,NA,NA,NA,NA,NA,NA,NA,NA,NA,NA
352,"ISL","Iceland",0.000179160504903075,0.0000507190732756957,-0.0000267777016095261,-0.000104268471049163,-0.000199944682491182,-0.000430343095464636,-0.000804369013131856,-0.00127173631194077,-0.00171563237182526,-0.00201957871475611,-0.0020778205443015,-0.00189052251027266,-0.0014145614775064,-0.000811381982802839,-0.00007514259646757,0.000667722363344225,0.00129660247607366,0.00164876322133201,0.00169985651019533,0.00125443897933319,0.000432350572844964,-0.000579831958354204,-0.0015954269995796,-0.0024877489287165,-0.00294546490182623,-0.00297340349393438,-0.00272282167932947,-0.00228936473905772,-0.0015828422154982,-0.000808391699601008,-0.000124755154533696
356,"IND","India",-0.00491110216075063,-0.00519538664830337,-0.00539110838678123,-0.00567803885043331,-0.00593831646575543,-0.00619098153137706,-0.00635946304033235,-0.00635939944064879,-0.00615908192282,-0.00594470804855911,-0.00533267235989428,-0.00457660533959064,-0.00365923877141807,-0.00283323284758038,-0.00178123931690407,-0.000934075692029475,-0.000152766190079482,0.000435483007590498,0.000820075016301338,0.000416398673772055,-0.000308620095851625,-0.00141591855599026,-0.00270697861568229,-0.00413965597778022,-0.00508544951244547,-0.00564202578275427,-0.0057021082935287,-0.00546874936979112,-0.00480016938305159,-0.00401108955378364,-0.00339103982413407
360,"IDN","Indonesia",-0.012102373018774,-0.0111853318529786,-0.00899720342003252,-0.00630487075406505,-0.00335174891530296,-0.000438341581289466,0.00176949664577529,0.0029104304099751,0.00329957612688763,0.00301207030965673,0.00222777444383846,0.00127602001108791,0.000287839312044831,-0.000694454918425548,-0.00145548533333419,-0.00197174613836676,-0.00201394551992896,-0.00183265533208948,-0.00138454657446791,-0.000671122851559792,0.000200982757319149,0.000965073249944251,0.00146661267659737,0.00161904615744707,0.00127046895646436,0.000385161506149081,-0.000757842148828122,-0.00193344796337372,-0.00316646881337121,-0.00402557663135894,-0.00458013257191526
364,"IRN","Iran",0.000631251431398194,0.000586477696361998,0.00052246872671069,0.000089627057110464,-0.000544101456127599,-0.00154955587218897,-0.00281994162481536,-0.00409903422873936,-0.00566924155984616,-0.00715737250021076,-0.00822189628379932,-0.00893434571011797,-0.00917356560553118,-0.00950716710131727,-0.0101854922658634,-0.0116872554115506,-0.0134288928511486,-0.0152662029977789,-0.0164159826723882,-0.0164967065690204,-0.0150311743679693,-0.0120852570568638,-0.00791707977855205,-0.00382452824548352,-0.000552578387145952,0.00122408501723603,0.00121978636146247,-0.000692641770322466,-0.00355234226124201,-0.00699270465619939,-0.0100885040592416
368,"IRQ","Iraq",NA,NA,NA,NA,NA,NA,NA,NA,NA,NA,NA,NA,NA,NA,NA,NA,NA,NA,NA,NA,NA,NA,NA,NA,NA,NA,NA,NA,NA,NA,NA
372,"IRL","Ireland",-0.010517934561926,-0.0120272456670787,-0.010781345666423,-0.00916680788626578,-0.0072927713690164,-0.00548328385209651,-0.00408193925561662,-0.00308563924512051,-0.00242170831382416,-0.00248902696065167,-0.00276965085693992,-0.00273329515343224,-0.00204784802014002,-0.000561244920958215,0.00154889265770342,0.00399614714519814,0.00529966169599461,0.0051223984807216,0.00366850373502903,0.00125433980410428,-0.00104697330145076,-0.00233371591949805,-0.00207195470680654,-0.000633739648952081,0.00196380781129002,0.00434732045831376,0.00602178169087542,0.00606460798090658,0.00469817040949616,0.00257219397149289,0.000629363007535577
833,"IMN","Isle of Man",NA,NA,NA,NA,NA,NA,NA,NA,NA,NA,NA,NA,NA,NA,NA,NA,NA,NA,NA,NA,NA,NA,NA,NA,NA,NA,NA,NA,NA,NA,NA
376,"ISR","Israel",-0.00569118112073331,-0.00635632289376302,-0.00646072183767955,-0.00574692456168096,-0.00480725000576505,-0.00327771099811278,-0.00178184616744911,-0.000253359214909319,0.000642588156810666,0.00118418265060262,0.00113329200277093,0.000550358148058732,-0.000605257612072394,-0.00164380031497383,-0.00257374154753978,-0.00341345693608881,-0.00379377859554907,-0.00344056853373981,-0.00308206381327764,-0.00252239793912727,-0.00141597037393363,0.000344520716953655,0.00218105845210428,0.00453669506311921,0.00708087057636055,0.00926097852701626,0.0105225765284728,0.0111082797356404,0.0106651982002062,0.0093964367105437,0.00772739030190927
380,"ITA","Italy",-0.000858572121370392,-0.0000582275793455387,0.000982856342167923,0.00190480793450952,0.00268529509284887,0.00309036407472319,0.00316664420626056,0.00298168814472418,0.00274513056796451,0.00228052012456694,0.00203750717666984,0.00205904530953175,0.00230370452403579,0.00267712305632435,0.00334361595291465,0.00400864292483791,0.004563888317743,0.00499778988302397,0.00534706242686036,0.00553784272699728,0.00553328113551177,0.00532520164584812,0.00506691844534398,0.00484112212400598,0.00482280617869456,0.0050269240488615,0.0053163200605349,0.0053487529635847,0.00506372467414626,0.00455567371489752,0.00374944911380017
388,"JAM","Jamaica",0.000570604652439188,0.000781953347079867,0.000954862211644647,0.00110098910738565,0.00103217304436254,0.000783950433284941,0.000202692223368217,-0.000450581520173188,-0.00104921315573903,-0.00138650087072145,-0.00152289040008036,-0.00114854332181658,-0.000508039511194047,0.000201429466299086,0.000762212596593148,0.00120364110470672,0.0011498885378427,0.000702454134653641,0.000153096668107811,-0.000299664123406318,-0.000725163531336559,-0.000973587448655944,-0.000895751339072381,-0.00069204470445261,-0.000623536568364003,-0.000459323481107332,-0.000400253147116003,-0.000518024128798422,-0.000819872372006536,-0.000964882783560328,-0.00118852894475097
392,"JPN","Japan",0.00126072606178531,0.00109179179112533,0.0011149718997037,0.001352786727353,0.00187654783520607,0.00245364981903267,0.00293994767268429,0.00288854458349661,0.00228251210904483,0.0015124590129173,0.000712660945441386,-0.0000555197947848266,-0.000403578532016937,-0.000123841761177967,0.000300352920240246,0.000809974325595792,0.00134232605257795,0.00145548359893514,0.000958670671156736,0.000308750262308639,-0.000249440946015809,-0.000677146298141501,-0.000905451454328595,-0.0005565496125577,0.00000983133790696342,0.000453149391373733,0.000836412785423626,0.00132239000875715,0.0017021832702416,0.00197972461848051,0.00246751088310673
832,"JEY","Jersey",NA,NA,NA,NA,NA,NA,NA,NA,NA,NA,NA,NA,NA,NA,NA,NA,NA,NA,NA,NA,NA,NA,NA,NA,NA,NA,NA,NA,NA,NA,NA
400,"JOR","Jordan",NA,NA,NA,NA,NA,NA,NA,NA,NA,NA,NA,NA,NA,NA,NA,NA,NA,NA,NA,NA,NA,NA,NA,NA,NA,NA,NA,NA,NA,NA,NA
398,"KAZ","Kazakhstan",NA,NA,NA,NA,NA,NA,NA,NA,NA,NA,NA,NA,NA,NA,NA,NA,NA,NA,NA,NA,NA,NA,NA,NA,NA,NA,NA,NA,NA,NA,NA
404,"KEN","Kenya",0.00122678965714251,0.00172198497389076,0.00226752189582791,0.00298805682383652,0.00391231578288509,0.00467336627926995,0.00483534129030661,0.00485988049287189,0.00453668949877661,0.00401143934487069,0.00401114113880796,0.00469288329736184,0.00531422901230383,0.00613739081059683,0.00663571613019487,0.00622448603566261,0.00490484262225177,0.00328758736473134,0.000939955806365189,-0.00166406736626046,-0.00403108011725628,-0.00585732895722157,-0.00768130869716732,-0.00873608340035315,-0.00933722249078717,-0.00950783165512736,-0.00947383148900915,-0.00901892084344014,-0.00880927943680576,-0.00868523631546225,-0.0087428081151667
296,"KIR","Kiribati",0.000316117691280258,-0.00252370466590976,-0.00528350381093951,-0.00807767645422602,-0.0116115563293266,-0.0134510729072265,-0.013721793421388,-0.013625946306214,-0.0127452531455952,-0.0121349339805369,-0.0107729708964087,-0.0102966899485441,-0.0108211356242681,-0.0112624884665972,-0.011211741671794,-0.010866318329152,-0.0090211636229828,-0.00555669051960231,-0.00152240154470025,0.00120360431739799,0.00261692955292679,0.00363731109000839,0.00308843079564519,0.000302589734572992,-0.0017027879360555,-0.00434082708233879,-0.00726950662517283,-0.00982331735398854,-0.00967377267579,-0.00959505434385718,-0.0100809861610175
689,"XKX","Kosovo",NA,NA,NA,NA,NA,NA,NA,NA,NA,NA,NA,NA,NA,NA,NA,NA,NA,NA,NA,NA,NA,NA,NA,NA,NA,NA,NA,NA,NA,NA,NA
414,"KWT","Kuwait",-0.0184812014938331,-0.0167961543335202,-0.0132638287933199,-0.00931304113401432,-0.00556588279926262,-0.00242355684264506,-0.000417886831070802,0.000773978708140666,0.00168488096984354,0.00251406940711774,0.00315253826031059,0.00400562179224218,0.00484638976558571,0.0056126165101984,0.00634904223495814,0.0069359541865881,0.00646631920697982,0.0050537299116209,0.00332024381759499,0.00189754398478326,0.000613697558439208,-0.000307810548427878,-0.00066651107032567,-0.000384721381084363,0.000289436574142599,0.00134959645390698,0.00256640757628723,0.00330714484074068,0.00373517807547996,0.00405215200106435,0.00404172670492087
417,"KGZ","Kyrgyzstan",NA,NA,NA,NA,NA,NA,NA,NA,NA,NA,NA,NA,NA,NA,NA,NA,NA,NA,NA,NA,NA,NA,NA,NA,NA,NA,NA,NA,NA,NA,NA
418,"LAO","Laos",NA,NA,NA,NA,NA,NA,NA,NA,NA,NA,NA,NA,NA,NA,NA,NA,NA,NA,NA,NA,NA,NA,NA,NA,NA,NA,NA,NA,NA,NA,NA
428,"LVA","Latvia",0.0015235537333107,-0.000371798957853886,-0.00228436233598872,-0.00412365087541111,-0.00572471516480211,-0.00668585011042766,-0.0071622863100913,-0.00705006455045964,-0.00622724051062329,-0.00473983907290487,-0.00312543756737726,-0.0016819003121652,-0.000498631562523721,0.000139482098169053,0.0000839599474620201,-0.000563791154731264,-0.00143236502045285,-0.00229980454223189,-0.00298013340090231,-0.00329673817473886,-0.0030676885250881,-0.00251657587713994,-0.00201134416495563,-0.00135556537649861,-0.0006241924311573,-0.000213872150761851,0.0000313255937403056,0.000273177252285484,0.000677056374500662,0.000587279286604847,0.000300411094377839
422,"LBN","Lebanon",-0.0000698171693030991,-0.00111476280682787,-0.00223777999832087,-0.00313991678410419,-0.00399239399351869,-0.00461566134949576,-0.00579795812765471,-0.00691564491490004,-0.00820429986903304,-0.00928494930666146,-0.0102449455452415,-0.0103857143765459,-0.0100525664145589,-0.00889877270342232,-0.00731401726792702,-0.0054892906091768,-0.00429466681371571,-0.00308429748783134,-0.0020531381886757,-0.001048809985701,0.0000484817186154896,0.00167475508359405,0.00333989033661064,0.00494854712065185,0.00632518996964215,0.0072506085608377,0.00730617030327529,0.0066286349517406,0.00548520262836893,0.00413792243785527,0.00277908653270242
426,"LSO","Lesotho",NA,NA,NA,NA,NA,NA,NA,NA,NA,NA,NA,NA,NA,NA,NA,NA,NA,NA,NA,NA,NA,NA,NA,NA,NA,NA,NA,NA,NA,NA,NA
430,"LBR","Liberia",-0.0069565863263944,-0.007031572285365,-0.00713481186640585,-0.00670326860546544,-0.00571346272846318,-0.00419690095713565,-0.00230415791119154,-0.000374841912614832,0.00121004681614578,0.00204551183656809,0.00201259492174777,0.00131294978385688,0.000391763745004603,-0.00039866134273292,-0.000983468984629754,-0.00118773410131168,-0.00128428793311353,-0.00131285738743503,-0.0014060385255984,-0.00170981896793621,-0.00221713417900682,-0.00270934031478443,-0.00335306650855483,-0.00371969863545574,-0.00340103334459263,-0.00253624111854145,-0.00151719017450191,-0.000174259545220212,0.00064253938169756,0.000565970416584349,-0.000361779440933629
434,"LBY","Libya",-0.00569690887105523,-0.00538779254375221,-0.00489455503539349,-0.00421220674415368,-0.00352210422427979,-0.00283240404692309,-0.00220581197236658,-0.00158674035785522,-0.00126116301116863,-0.001110436060623,-0.00101117003141427,-0.000917265578887605,-0.000677954801792002,-0.0000203552860921219,0.000917997104127322,0.00200697744625211,0.00323418335015924,0.00434160917712778,0.00508953832556358,0.00515910571220024,0.00440837942305894,0.00281695165148443,0.000633990532958872,-0.00174434863709205,-0.00379348649249878,-0.00501211860047379,-0.00517256924536935,-0.00444888854254799,-0.00320976837208709,-0.00176907784740676,-0.000608112385580006
438,"LIE","Liechtenstein",NA,NA,NA,NA,NA,NA,NA,NA,NA,NA,NA,NA,NA,NA,NA,NA,NA,NA,NA,NA,NA,NA,NA,NA,NA,NA,NA,NA,NA,NA,NA
440,"LTU","Lithuania",0.00106774394070985,0.00360442463374189,0.00563985727863936,0.00687057705438199,0.00757393678272389,0.00764062681962852,0.00706465143757562,0.00611143141186865,0.00482554140746116,0.00330429957575973,0.00207329949654955,0.00151196001518339,0.00117582329939814,0.00130362709751375,0.00190405227459012,0.00303640035848174,0.00424856394185746,0.00540826351856216,0.00605774333028486,0.00632728541826744,0.00569768684742056,0.00429291783711916,0.00260854597436921,0.000992510527938029,-0.00060953899841576,-0.00176268027597193,-0.00258920578788213,-0.00340503305465667,-0.00481640599764044,-0.00573957073937159,-0.00632320072957504
442,"LUX","Luxembourg",NA,NA,NA,NA,NA,NA,NA,NA,NA,NA,NA,NA,NA,NA,NA,NA,NA,NA,NA,NA,NA,NA,NA,NA,NA,NA,NA,NA,NA,NA,NA
446,"MAC","Macao",NA,NA,NA,NA,NA,NA,NA,NA,NA,NA,NA,NA,NA,NA,NA,NA,NA,NA,NA,NA,NA,NA,NA,NA,NA,NA,NA,NA,NA,NA,NA
450,"MDG","Madagascar",-0.00345030664094981,-0.00389419807100777,-0.0041888829139336,-0.00368336628285526,-0.00307433123953893,-0.00275387781235004,-0.00188838888496989,-0.00133036013505916,-0.00120495011346888,-0.0013053294671822,-0.00122716755392216,-0.00175078181840849,-0.00228269940459536,-0.00255754244794615,-0.00258895013243254,-0.00267906964646236,-0.00229244246555116,-0.00177798077343816,-0.00132568101195596,-0.00128974359278267,-0.00133850999325691,-0.00170991814408961,-0.00241095251124224,-0.00354523542504215,-0.00569656510531447,-0.00734316862919226,-0.00825554980044085,-0.00841667603217633,-0.00747218143812722,-0.00466449463357432,-0.00148584669120899
454,"MWI","Malawi",NA,NA,NA,NA,NA,NA,NA,NA,NA,NA,NA,NA,NA,NA,NA,NA,NA,NA,NA,NA,NA,NA,NA,NA,NA,NA,NA,NA,NA,NA,NA
458,"MYS","Malaysia",0.00299586932536622,0.00304742818815882,0.00224027420042103,0.00087175638469534,-0.000825505263173104,-0.00252778947912471,-0.00399084446416187,-0.00496107252984898,-0.00544159139721267,-0.00525263124393825,-0.0047108447956641,-0.00409804886423768,-0.00349954811237629,-0.00304701265279274,-0.00285930816957108,-0.00279267062197715,-0.00260258715753277,-0.00221096658134334,-0.00154709338951468,-0.00042194826458637,0.000921858733612162,0.00215293066703725,0.00322705207067999,0.00393733789615557,0.00394793232173036,0.00341058721610846,0.00264799637212444,0.0015748229233511,0.000532766720051585,-0.0000157900485832567,-0.000148011052688152
462,"MDV","Maldives",0.00160009406291639,0.000817709549505441,0.0000967862497467387,-0.000733580874373807,-0.00165060004380879,-0.0026411031350263,-0.00331916391682974,-0.00373105218851832,-0.00369690173272952,-0.00321157916983028,-0.00233022630107038,-0.00142946514862607,-0.000523010034257365,0.00021396461642853,0.000694588172195143,0.000927183296613787,0.00115930698694444,0.00130527589762242,0.00143121321366668,0.00150612581793785,0.00142870265673078,0.00127823013571526,0.00101477235891934,0.000649714629416875,0.000358311963909008,0.000259095351872407,0.000325935250135911,0.000552890548930485,0.000903147064352128,0.00123401928796008,0.00147743669479761
466,"MLI","Mali",NA,NA,NA,NA,NA,NA,NA,NA,NA,NA,NA,NA,NA,NA,NA,NA,NA,NA,NA,NA,NA,NA,NA,NA,NA,NA,NA,NA,NA,NA,NA
470,"MLT","Malta",-0.000266264025695628,0.000421347752385781,0.00180514253634234,0.00344756944090086,0.00515711911500638,0.00585610068714737,0.00554980798375215,0.00464910370219407,0.00310295590095655,0.00113657126222222,-0.000200367633556242,-0.000873259872590459,-0.000954252058368299,-0.000417943460054304,0.000495818048279473,0.00129459306487179,0.00140884280618847,0.00108627951116547,0.000280825662208661,-0.000715021601618959,-0.00202683833292394,-0.00289106451811305,-0.00338257615617177,-0.0032559440046569,-0.0035200481504043,-0.0031123784795305,-0.00328622704578929,-0.00414940760061544,-0.0051564906652658,-0.00670943392436896,-0.00848166588249444
584,"MHL","Marshall Islands",0.00658267974897364,0.00519419711921043,0.00308661522738007,0.000061786851464074,-0.0018667427329776,-0.00361801530848771,-0.00470126480221222,-0.00452983519281969,-0.00263112544722965,-0.00343127145254163,-0.0054809914681514,-0.00782102817614694,-0.0111437983422508,-0.0152508823900537,-0.0152922760182621,-0.0134286303696347,-0.0103232651768231,-0.00508290133303257,0.00395435847061965,0.00926320143181703,0.0128797550345827,0.0152300209274989,0.0150603005984906,0.0109363227420094,0.00654929952837446,-0.000394510590897568,-0.0072109835842582,-0.0132500401101731,-0.015762530413521,-0.0174164040568096,-0.0157209389358662
478,"MRT","Mauritania",-0.00161813519692622,-0.00323242866972118,-0.00478688572370023,-0.00569984981605276,-0.00658655877214986,-0.0071643857397452,-0.00650423759692809,-0.00495941869010563,-0.00330907477421172,-0.00209401849684243,-0.00180340281957403,-0.00258715521802733,-0.00444784405785104,-0.00693097403021758,-0.00958635327789781,-0.012273009959644,-0.0141216449270971,-0.0144778846664929,-0.0138236474655388,-0.012561648895372,-0.0108567941244366,-0.00891938251857194,-0.00697357628938378,-0.00523079979262331,-0.00352206355702822,-0.00239075347340811,-0.00109923524004363,0.00145028267495761,0.00262629515516588,0.00209605590623796,0.00137271869906108
480,"MUS","Mauritius",-0.000238753156444504,-0.00233772649416497,-0.00346583239090303,-0.00309611149563616,-0.00285413209691687,-0.00277404843400064,-0.00254945317868727,-0.00311626175971114,-0.00378772379857162,-0.00415137927793885,-0.00409837195191487,-0.00439900723897502,-0.00419772661300188,-0.00401752885303808,-0.0039785034976394,-0.00428018992242252,-0.00430169470168562,-0.00471634621489536,-0.00494825366874063,-0.00502334524811821,-0.00494892226395138,-0.00457574272058925,-0.0036977732845459,-0.00240076755516239,-0.000451118368725356,0.00187454044782398,0.00464901941872498,0.00705478172350116,0.00900064815269563,0.00993608298090121,0.0101213045881112
484,"MEX","Mexico",-0.00193935019279932,-0.000543723808024429,-0.00053841438298613,-0.00114435158367229,-0.00190591567068703,-0.00273688119128388,-0.00328072705947003,-0.00301974609454002,-0.00281217677481173,-0.00235543961891006,-0.00153530269933384,-0.000556866941540465,0.000391899824081486,0.00151797595241509,0.00241654523288789,0.00310889643461678,0.00343250331568745,0.00339489817836156,0.00280619904746125,0.00203908477763879,0.00120057585332819,0.000597298553019499,0.00041554881396703,0.000612091794978516,0.000776098952264321,0.000749530497578895,0.000839554842636973,0.000782452922490439,0.000658306306994958,0.000305650441741571,-0.0000380597660125647
583,"FSM","Micronesia",-0.0136031970932978,-0.0133882692778353,-0.0122711976746629,-0.0098592027397052,-0.00676566725877759,-0.00402920517613148,-0.00181591080715382,-0.00030089931561561,0.00073680658486297,0.00173387373428313,0.00273892119639152,0.00409390046945957,0.00575496280257481,0.00738311807587166,0.00698961572663714,0.00598769703967794,0.00312233302091069,-0.000600477094697127,-0.00437872005296536,-0.0060362414575843,-0.00716928484292778,-0.00622746132385754,-0.00368047121785509,-0.000355936804372736,0.000946623094351784,0.00276828598261902,0.00403187058931809,0.00380155205893051,0.00243369978188968,0.0012782600149206,-0.000241811754215893
498,"MDA","Moldova",NA,NA,NA,NA,NA,NA,NA,NA,NA,NA,NA,NA,NA,NA,NA,NA,NA,NA,NA,NA,NA,NA,NA,NA,NA,NA,NA,NA,NA,NA,NA
492,"MCO","Monaco",NA,NA,NA,NA,NA,NA,NA,NA,NA,NA,NA,NA,NA,NA,NA,NA,NA,NA,NA,NA,NA,NA,NA,NA,NA,NA,NA,NA,NA,NA,NA
496,"MNG","Mongolia",NA,NA,NA,NA,NA,NA,NA,NA,NA,NA,NA,NA,NA,NA,NA,NA,NA,NA,NA,NA,NA,NA,NA,NA,NA,NA,NA,NA,NA,NA,NA
499,"MNE","Montenegro",-0.00105036641070677,-0.00085512815007116,-0.000664060685325429,-0.000897444040969364,-0.00161588010427527,-0.00228059807590697,-0.00333034346425443,-0.00456354141271731,-0.0058477818298851,-0.00668287641707788,-0.00728893453197821,-0.00709925422278423,-0.00652832765707545,-0.00556347700002691,-0.00486404092035553,-0.00429684730322077,-0.00405655885673739,-0.00401758725480517,-0.00419820819032424,-0.00425637810830404,-0.00420246018270864,-0.00401660644732538,-0.00341939855355022,-0.00273444237552045,-0.00182561286056793,-0.00124872899458894,-0.000758232769499601,-0.000744807651087975,-0.00057796480915806,-0.000817388234029437,-0.00106342328152398
504,"MAR","Morocco",0.000471347381854516,0.000788204642395922,0.00116408814486454,0.001577141109007,0.00198616779001679,0.00180725877052783,0.00164942113347664,0.00111883348066917,0.000649112159213129,0.000421533787729842,0.00058283487926818,0.000447179480754189,0.000372469878289342,0.0000714470992367481,-0.000419595726796813,-0.00119355186991893,-0.00194039882799379,-0.00258709612470273,-0.00318615578869104,-0.0035404288927761,-0.00348089773423973,-0.00328491583917053,-0.00303421184320364,-0.00279912267208263,-0.00279375308960682,-0.00293988000373994,-0.00304054187400014,-0.00316321380994887,-0.00301627614652631,-0.0025189063190798,-0.00195093671432956
508,"MOZ","Mozambique",0.000408305480035676,0.000722005666016656,0.000785369892818633,0.000950197158194221,0.000858144124375348,0.000619642504910312,0.000607983053914296,0.000692455840655581,0.000666527445844167,0.000725457979529276,0.000821071857773692,0.000795957568200611,0.000792777949504053,0.00102875686828963,0.0015538845186498,0.0022772485953344,0.00318370358121789,0.00424784230255026,0.00510557609355833,0.00565491575085164,0.00578631915617889,0.0053166805363567,0.00432836353132626,0.00287066157355498,0.00120677062319907,-0.00079887023244285,-0.00290965916488817,-0.00492349927838076,-0.00679173967363056,-0.00855116955480206,-0.00995506121495238
104,"MMR","Myanmar",-0.00452340395128903,-0.00519112659778409,-0.00577334571814259,-0.00625476320704754,-0.00670826440993832,-0.00725152172850974,-0.00760118596975279,-0.00779411096747218,-0.00785274812298531,-0.00781269052465006,-0.00737958569669483,-0.00684950409197693,-0.00626846622495536,-0.00573577865198827,-0.00525290845204207,-0.00515886623099016,-0.00517003450571873,-0.00524222112366157,-0.0052095479845814,-0.00502281574833752,-0.00431616080162744,-0.00323934457264774,-0.00179383174376679,-0.000139806759448802,0.00160386391478595,0.00304492722569294,0.00408481912491165,0.00445410102979693,0.00410132020669596,0.00328752175569869,0.00231619946812778
516,"NAM","Namibia",0.00349129299649498,0.00407867190558875,0.00311260886594944,0.00123178456897155,-0.00143409766253533,-0.00425528873748593,-0.00599836993711544,-0.00660202470616689,-0.00644703726417684,-0.00502113305912033,-0.00265639277807683,-0.00040736487275117,0.00157677085589847,0.0032173551215553,0.00362738412915786,0.00305167910202786,0.00231586967190789,0.0015472798942382,0.00102926956766458,0.000834765946696514,0.000814325333588384,0.000793887479970667,0.00105710974128681,0.00110773579330159,0.00091997300867197,0.000509176837716563,-0.0000741562712375243,-0.0009776105999314,-0.00170855540520931,-0.00219378035550877,-0.00238496042430603
520,"NRU","Nauru",0.00825496947039639,0.00191810696423445,-0.00232966184332817,-0.00706563381884917,-0.0125469193002029,-0.0180115359811217,-0.0213436443048135,-0.0236941910806966,-0.0258376418425682,-0.0284023808017497,-0.0314464664034786,-0.0333464251057932,-0.0337643628455129,-0.035715380386831,-0.0354684971476259,-0.0328140350506926,-0.0270428993519169,-0.0187725923101809,-0.00932456120266412,-0.00255231298225156,0.00119148955236903,0.00329985769787311,0.00267468613415578,0.000628371583464515,-0.00224740618862329,-0.00578752875065458,-0.00874751863485934,-0.010304038585025,-0.010053492926175,-0.0100665430237987,-0.00787355582771132
524,"NPL","Nepal",NA,NA,NA,NA,NA,NA,NA,NA,NA,NA,NA,NA,NA,NA,NA,NA,NA,NA,NA,NA,NA,NA,NA,NA,NA,NA,NA,NA,NA,NA,NA
528,"NLD","Netherlands",-0.00320548332209659,-0.00201105834423971,-0.000294415350537569,0.00142586159063367,0.00292425277751396,0.00432532291750397,0.00497990680730725,0.00538665957279206,0.00563680305891535,0.00574234385191179,0.00550403272143886,0.00557241364904716,0.00550799580898414,0.00532350307815869,0.00498597871218626,0.0046313401410652,0.00421117089994934,0.00399688423776704,0.00398579273473964,0.0042577010614015,0.00444451123799003,0.00464844203805132,0.00452172719592559,0.00382049277697553,0.0026393259913184,0.00132447158005627,0.000164647139590318,-0.000874924458170505,-0.00137973079463903,-0.00135098429163045,-0.00074775354635549
540,"NCL","New Caledonia",-0.00138076312941393,-0.00351550747454177,-0.00583953229263956,-0.00739224274110695,-0.00827073664517675,-0.00760167383104582,-0.0058456149867423,-0.00306631449978423,-0.0000275254265875713,0.00278818700902383,0.00436203835293791,0.00466107580541242,0.00399182109272633,0.00299303596188749,0.00152961329708701,0.000294969748954044,-0.000121291887312025,-0.0000535137965516075,0.0000801468688338414,0.000696409535434706,0.00123359008357449,0.000743246866663938,-0.0000348052846227409,-0.000750422864145839,-0.0014160294898532,-0.00207441213880144,-0.00178106568537406,-0.00137392886131782,-0.00109963615742104,-0.000852432536313064,-0.000308423299892113
554,"NZL","New Zealand",-0.0127411964299157,-0.0131802728523441,-0.0131671540947713,-0.0117032524508751,-0.00998366389557649,-0.00802963629795435,-0.00544832939023246,-0.00259442653874112,-0.000275232374664075,0.00132997343332191,0.0023739963124591,0.00267159051092252,0.00237216318366298,0.00191563807003856,0.00171541489425289,0.00176630390930435,0.00219143215283491,0.00292711953857346,0.00392644676141293,0.00512027793517924,0.00620129290557516,0.006772483987812,0.00696192196181017,0.00686275822534995,0.0062684704993112,0.00503124980454442,0.00361578876366466,0.00237696371908106,0.00127796461424879,0.00097581048654659,0.00143658774898933
558,"NIC","Nicaragua",0.00674521473212859,0.0048355819923227,0.00223790437832134,-0.0000558790636085325,-0.00149913761806256,-0.00258525834111315,-0.00345325962027914,-0.00385332336383379,-0.00443305958031456,-0.00585895278520367,-0.00726227324028011,-0.00808900465838543,-0.00838564883733913,-0.0078392319440007,-0.00639570049177302,-0.00423143054432532,-0.00201469584855519,0.00034371374044226,0.00221109266317654,0.00335783761993343,0.00359473155911327,0.00329875109667734,0.00267117529003599,0.00217749043350236,0.00175166824000145,0.00126711770567601,0.000715605907136947,0.000217978094583339,-0.000530370902685167,-0.00124613183827032,-0.00161061894420625
562,"NER","Niger",NA,NA,NA,NA,NA,NA,NA,NA,NA,NA,NA,NA,NA,NA,NA,NA,NA,NA,NA,NA,NA,NA,NA,NA,NA,NA,NA,NA,NA,NA,NA
566,"NGA","Nigeria",-0.00502516879439008,-0.00561737636673287,-0.00607112219845762,-0.00643182761529637,-0.00700424609110639,-0.00745507072164031,-0.00799646823375277,-0.00827202535558991,-0.00805128630286178,-0.00716919913381142,-0.00610302507955163,-0.00495866606606821,-0.00405292025336068,-0.00358628309928177,-0.00366214406320087,-0.00421224072063331,-0.0049375325474007,-0.00548898809212939,-0.00568953412129092,-0.00522881066145131,-0.00403318598050939,-0.00251635101572067,-0.000906392962740865,0.000592448937344559,0.00203765501768438,0.0031485239392397,0.00367413894459312,0.00377964286403154,0.00307516243972605,0.0016341055968887,-0.0000846389414020932
570,"NIU","Niue",-0.00239916208250179,-0.00148441026287116,-0.000682845193468173,0.00012312127018399,0.00118836983493154,0.00224804595030381,0.0022090443728251,0.00178752166940788,0.0000303459176256293,-0.00391734919516129,-0.00599188410508988,-0.0075654332571069,-0.00892420451234843,-0.0102721205677575,-0.0106963314829766,-0.00949414423624717,-0.00787938081168305,-0.00539380906905851,-0.00266521256697683,0.00118285908924753,0.0062681056401015,0.0104738006661265,0.0126662297077276,0.013203029021926,0.0101054583814544,0.00599156478202811,0.00019011271457825,-0.00510478798454495,-0.00944851239921385,-0.00915865694782325,-0.0082630687960531
408,"PRK","North Korea",0.0064222565964096,0.00701754533036519,0.00786384469490289,0.00906237950419213,0.0107360067713024,0.0130667706947379,0.0147589962664745,0.0158619582311533,0.0161197193152304,0.0155633778857178,0.0139903873525073,0.0120002153350436,0.00944956742819335,0.00708729777964348,0.00503868504232917,0.00345477499240767,0.00160340972425162,-0.000353071368987162,-0.00233363793650699,-0.00393602270830181,-0.00433595904351851,-0.00366949985160126,-0.00264294973273735,-0.00118234263483552,0.000536497086206601,0.00148711931410617,0.00198838055316879,0.00208636821785628,0.00178151018312716,0.00111502622816509,0.000875456278307969
807,"MKD","North Macedonia",NA,NA,NA,NA,NA,NA,NA,NA,NA,NA,NA,NA,NA,NA,NA,NA,NA,NA,NA,NA,NA,NA,NA,NA,NA,NA,NA,NA,NA,NA,NA
578,"NOR","Norway",0.00562121789754849,0.00506647475014618,0.00419493435016547,0.00310033833259806,0.00155796156203702,-0.0000980807836627314,-0.00191263717247058,-0.00383799636974175,-0.00598537580799456,-0.0078636938516917,-0.00916143621542304,-0.00934261296468183,-0.0083198146288988,-0.00635666887750988,-0.00413673950904019,-0.00208672571198447,-0.000631971143015824,0.000202948116624695,0.000434103233476378,0.00040979595443155,0.000135444529190859,-0.000295620976426665,-0.000287394413732518,0.000201399084107271,0.000944223576334078,0.00192382765481724,0.00313884179322381,0.00403006663708771,0.00454237279026383,0.00472546075223725,0.00474598701183228
512,"OMN","Oman",-0.00256866244835573,-0.00368444921967621,-0.00449107124037602,-0.00468933165444131,-0.00410952611283621,-0.00341763043095892,-0.00261051547223725,-0.00158214656828775,-0.000572767767622402,0.0000406105724217945,0.000700011459600072,0.00116962476641592,0.0012973410611644,0.000813965149073057,0.000302894371952637,-0.00101890025591168,-0.00285875086687326,-0.00479799839954044,-0.00640446530662246,-0.0074631313635405,-0.0075122712501823,-0.0068461475547064,-0.00560063060089853,-0.00460279475763997,-0.00398218869454988,-0.0041864619321583,-0.00488941589328803,-0.00597995338606203,-0.00667444747331327,-0.00678195028756558,-0.00606294138605324
586,"PAK","Pakistan",-0.00712235835817809,-0.00605116667284411,-0.00436601331451558,-0.00223341816783162,-0.000635275576052474,0.000632106642980412,0.00117364234090767,0.00123366912007028,0.000758002615349307,0.000263059304526747,-0.000481977014878732,-0.00113023082684494,-0.00169518652308731,-0.00208668029383419,-0.00242887474614151,-0.00233312112343875,-0.0019111537369837,-0.00111888951149941,-0.00013926193334779,0.00111278673719939,0.00205552335064763,0.00248577017242302,0.00236076877137936,0.00175293279366096,0.000732792377393876,-0.000262260929424607,-0.0011122336675915,-0.00170794148733233,-0.00198243789956098,-0.00188664116284898,-0.00147704060284137
585,"PLW","Palau",0.0040236359256498,0.00356459474578008,0.00263042314116424,0.00112970337121454,0.000634065906073067,0.0000276460523871425,-0.000522676406352507,-0.000947563015370356,-0.00126479917335187,-0.00142971500365963,-0.00138541791067592,-0.00125508914151518,-0.00110863928319072,-0.000893439109645233,-0.000578511836159867,-0.000408394643846233,-0.000369397000621219,-0.000249224992044383,-0.0000560889777386775,0.000159223352901749,0.000522708577315401,0.000483801248747806,-0.000188117654133069,-0.00106862582395917,-0.00169418349436057,-0.00243927199922711,-0.00323956177597062,-0.00342362351840697,-0.00292324916193887,-0.00212883972481137,-0.000838445447124303
591,"PAN","Panama",-0.00805196406946213,-0.0115244712402247,-0.0129166826635777,-0.0127098651165213,-0.0108248119226334,-0.0062152658063577,-0.000446587996547597,0.00313153153647248,0.00544811148752028,0.00691655455831783,0.00574320646135367,0.00249629024359722,-0.00114017071959119,-0.00486090709290646,-0.00868499258237598,-0.010518727523885,-0.00996662982282216,-0.00767680422283801,-0.00379120770098134,0.00130485894874357,0.00567433834693199,0.00945151352136125,0.012111880800599,0.0141293273091932,0.0143629416516536,0.0155330801561599,0.0170789796700827,0.0185678554661629,0.0192878422590778,0.0217388832212541,0.0214633294834811
598,"PNG","Papua New Guinea",-0.0125410921385866,-0.0121484733463952,-0.0118633753649544,-0.0113935017623744,-0.0112022023832586,-0.010406588362029,-0.00981048638568593,-0.00844538685463481,-0.00622913222063148,-0.00284006841663442,-0.000110584544263714,0.00207921744011585,0.00319146802426862,0.00326788740348372,0.00125963231761506,-0.00107740240340903,-0.00325869053593397,-0.00559041968308716,-0.00826699244001539,-0.0107060508621262,-0.0122670962747652,-0.0134713236294355,-0.013246148114669,-0.0114996310350148,-0.00970809510660409,-0.00755848626945654,-0.00302814449660072,0.00151014628505597,0.00503997846656756,0.00866932297001455,0.0111506003362869
600,"PRY","Paraguay",NA,NA,NA,NA,NA,NA,NA,NA,NA,NA,NA,NA,NA,NA,NA,NA,NA,NA,NA,NA,NA,NA,NA,NA,NA,NA,NA,NA,NA,NA,NA
604,"PER","Peru",-0.00857113248470776,-0.00615853609666672,-0.00377426133947445,-0.000825559920526353,0.00190952433328384,0.00448132976154714,0.00545745484809745,0.00564104923947473,0.00505048084280846,0.00367732342187543,0.0016799401842349,0.000188059157067322,-0.00114111577427167,-0.00151427785379254,-0.00100403330301402,0.000608114276654081,0.00259918579315332,0.00493635080288612,0.00678765301681827,0.0082833452768809,0.00898893420688118,0.00933386859934893,0.00890740794449618,0.0084588521590574,0.00783160414802309,0.00724414682805818,0.00686206032522052,0.00668945436340174,0.00631223855192276,0.00602160831698129,0.00560639380740424
608,"PHL","Philippines",-0.000646681153435913,-0.00126609541703782,-0.00208955176867709,-0.00286101186922272,-0.00352364264248306,-0.0039252548776324,-0.00402702076261485,-0.00398295637605872,-0.00366060039855765,-0.00316795657221092,-0.00271802672795984,-0.00232072243843218,-0.00182708338471338,-0.00161348947067153,-0.00175680407864542,-0.00185070763273021,-0.00186135628952033,-0.00208611976153272,-0.00224911571045927,-0.00220952393311824,-0.00213442498926464,-0.00214012177752743,-0.00174532368776226,-0.00101720429870045,-0.000282689683337556,0.000587772065233638,0.00169699832410042,0.002781804706675,0.00362421197741147,0.00460288344471627,0.00537131482224384
616,"POL","Poland",0.000773839508889207,0.0031227260411435,0.00513291029894369,0.00646050730705117,0.00700842565949733,0.00663464965203597,0.00529228085167444,0.00322400463485928,0.000910865339852185,-0.0011513412823454,-0.00249216461056179,-0.00282884508642134,-0.00236808004972555,-0.00115840872904871,0.000498070369822079,0.0022834946421495,0.00387408026003855,0.00493799248709959,0.00527121830333255,0.00530500448486571,0.00501807780717467,0.00431210705942164,0.00355933021942079,0.00273254752151586,0.00166507773127478,0.00048751711565731,-0.000764587790137994,-0.00200989468647506,-0.00333692811254271,-0.00422718496454721,-0.00455847593676517
620,"PRT","Portugal",-0.00163016571782112,-0.0019617363106345,-0.00165331991219654,-0.000431613071548174,0.00110448724049987,0.00254492693187503,0.00370750094665215,0.00442473834752006,0.00454367429437562,0.00437214914374,0.00417438089220048,0.00409551327409483,0.00405173407736718,0.00422277072625562,0.00436272689275411,0.00460737914719706,0.00444836709419557,0.0039296273396047,0.00322701141023195,0.00256913951278926,0.00186434077256697,0.00154085486359163,0.00161254413248985,0.00186625976037776,0.0022593805452481,0.00254582812214431,0.00254620687097526,0.00212740594919556,0.00159157563923145,0.000743295640497252,-0.00026116671657406
634,"QAT","Qatar",-0.0106495007884124,-0.0116441390372755,-0.0138310351529212,-0.0160681442136182,-0.0178553593906825,-0.018837854372867,-0.0182933830897822,-0.0153549375851951,-0.0108281110174991,-0.0053535330704263,0.000218931065122607,0.00390195887067812,0.00438009366927528,0.00280755941959288,-0.00119029364321288,-0.00628519983932807,-0.0115668983477466,-0.0159789430266405,-0.0189177829297271,-0.0202273345302021,-0.0197272885169745,-0.0180612965338609,-0.0154015084116511,-0.0113911736952683,-0.00681016707984483,-0.00266606039655648,0.000762055488571889,0.00302574078147844,0.00383572785445674,0.00349304711261933,0.00220975212652497
178,"COG","Republic of Congo",0.015733052201762,0.0182789615671313,0.0200234046160352,0.0213034334367461,0.0211408107734277,0.0201669930129358,0.0187632859345661,0.0169942922191988,0.0147320694526318,0.0125536486445996,0.0101225463578307,0.00750961668178785,0.00449395080255188,0.00110266980064888,-0.00291677658934597,-0.00698395987907141,-0.010826263095853,-0.0139940809745464,-0.016508807968651,-0.0179237166926821,-0.0183169730510869,-0.0175300072528924,-0.0162642458917369,-0.0141688365231845,-0.0115076828410636,-0.00869120971952553,-0.00605004506451756,-0.00334784542008915,-0.00179090748436694,-0.00128944027755407,-0.000727907007687212
642,"ROU","Romania",-0.00689479997948428,-0.00844761007146022,-0.00872623283932616,-0.00783725985584949,-0.00601023394779776,-0.00285900916907045,0.00105535613904739,0.00472087835152757,0.0085905108122335,0.0118018053301798,0.0142185372500612,0.0157490752278997,0.016836227201813,0.0171176675860443,0.0172496472412544,0.0161755759274318,0.014847396394444,0.0127646026118902,0.010821248874858,0.00835258264317851,0.00583439456414236,0.00339177744633745,0.00126379281818201,0,0,0,0,0,0,0,0
643,"RUS","Russia",-0.0104708759875323,-0.0108620696475331,-0.0103647537194592,-0.00921270336581241,-0.00744667560358386,-0.00535804631626429,-0.00340664079670594,-0.00201713901653879,-0.00104089090291532,-0.000367362759191264,0.000108836784327777,0.000837227058256339,0.00208459105969777,0.00396901782935271,0.00586492061817053,0.00809994069173624,0.00994763398451801,0.0111070808779906,0.0107602521049196,0.00961885711939542,0.00722880533115596,0.00439620379436547,0.00158944982664378,-0.000376417867179062,-0.00194267028502392,-0.00273997596449881,-0.00305559200577292,-0.00268880854063987,-0.00252894327941738,-0.00211846950390111,-0.00189415281894061
646,"RWA","Rwanda",NA,NA,NA,NA,NA,NA,NA,NA,NA,NA,NA,NA,NA,NA,NA,NA,NA,NA,NA,NA,NA,NA,NA,NA,NA,NA,NA,NA,NA,NA,NA
652,"BLM","Saint Barthelemy",-0.00112271526868302,-0.000600612845369275,-0.000304140049292578,-0.0000279375708959195,-0.0000112672673159286,-0.000116282770187937,-0.000461732796137038,-0.000980481414310841,-0.00169691190723731,-0.00228318790204374,-0.00260482658120365,-0.00281369757833827,-0.00286113655689102,-0.00259436139118674,-0.00233762666922965,-0.00210757623543767,-0.00189677251656184,-0.00169397151879902,-0.00171039977035836,-0.00172177478278301,-0.00161567011998709,-0.00146294827218674,-0.00126156330519145,-0.000879735377734225,-0.00053727119304503,-0.000353949536210263,-0.000228398208263259,-0.000137519238582517,-0.000135610759034122,-0.000135625623010505,-0.000120142195970785
659,"KNA","Saint Kitts and Nevis",0.0000998234441342838,-0.000680545571033808,-0.00124314735885145,-0.00104886034127316,-0.000673518510960314,0.0000291225090525149,0.000899882981466593,0.00200988860706564,0.00253529267145503,0.00317528087399022,0.0036674255886886,0.00376077546682674,0.00361837401536169,0.00313766416860051,0.00232845884369803,0.00135825705728698,0.000543678753015309,-0.000216291582624262,-0.00080039137239607,-0.00113682767488243,-0.00129720327877647,-0.00148854331251003,-0.001537007301743,-0.00155152434828909,-0.001460477550697,-0.00128924572738043,-0.000966727820034485,-0.000591137782824824,-0.0000153859097540288,0.000214417813096501,0.000299411497851176
662,"LCA","Saint Lucia",0.00971589911052817,0.00958560207942605,0.00850068091793421,0.00619933535329409,0.00423735086200661,0.00173372413114392,-0.0010818236561253,-0.00383011264542088,-0.00533891602371062,-0.00651631299667566,-0.00755322581185958,-0.00784663277210662,-0.00781215621718456,-0.00768762582327764,-0.00703873226529739,-0.00561611153373498,-0.00387253398297993,-0.00207700268502975,-0.00021210115860737,0.00131664326554137,0.00184316452531985,0.00185567603950187,0.00123298268232097,-0.000223932258299642,-0.00164370739890995,-0.00191178749494103,-0.00156358984907867,-0.000159060209495299,0.00276766695421138,0.005845098373775,0.00800812527527217
882,"WSM","Samoa",-0.00265431463578181,0.0000281179218233341,0.00275301127724115,0.00560609572790494,0.00825519207424019,0.00992209875342054,0.00943343646346628,0.00778565524898922,0.00393854362202783,-0.0015483473532204,-0.00728013225791801,-0.0117932277665502,-0.0157168188241518,-0.0175693159751411,-0.0166277218321218,-0.0137044735686647,-0.0103059976055766,-0.00590893133371395,-0.00233550711348507,-0.000181497094819183,0.000938456886620642,0.00131463987919389,0.000992471294160246,0.0006526104509188,0.000821150267856563,0.00136038601859867,0.00213767782098984,0.00279366807972714,0.00327385140125735,0.00343126944774408,0.00304308996563107
674,"SMR","San Marino",NA,NA,NA,NA,NA,NA,NA,NA,NA,NA,NA,NA,NA,NA,NA,NA,NA,NA,NA,NA,NA,NA,NA,NA,NA,NA,NA,NA,NA,NA,NA
678,"STP","Sao Tome and Principe",0.000419324431157886,-0.00219312182743292,-0.00451033749320107,-0.0051718614617533,-0.00540198891216093,-0.00539475256445632,-0.00440437489438028,-0.00269160798690082,-0.000528509912768205,0.00162850218145305,0.00384497877418144,0.00501146744299996,0.00515048650740479,0.00335458643244846,0.00124714839661033,-0.0014505233869192,-0.0041133339906031,-0.00591290166821412,-0.00554528610532956,-0.00440132136714866,-0.00238573955641697,0.000255958218579488,0.00296314222073568,0.004362411724252,0.00479277357462937,0.00351566982824414,0.0004519033033068,-0.00283038838134364,-0.00528019889885434,-0.00705557136930557,-0.00690636844629366
682,"SAU","Saudi Arabia",-0.00161494642934729,-0.0015054673027511,-0.00133081083476457,-0.00105962157815477,-0.000692067555379837,-0.000546776392324021,-0.000854162022409827,-0.00141773747637481,-0.00207610357607083,-0.00273865335678499,-0.00313952872890511,-0.00292764166753342,-0.00242233691577022,-0.00173000035917963,-0.00085686618164795,-0.0000380965028885867,0.000361524765423307,0.000649023862554764,0.000668215582201266,0.000477282715645736,0.000124581125763898,0.000027668014974095,0.0000421687612775385,0.000188300246440915,0.000337710044542869,0.000424238047346025,0.00038891640332691,0.000335929787470725,0.00020021980947243,0.0000557623609121889,-0.0000670438168270851
686,"SEN","Senegal",0.000640082639065342,-0.000724102632047363,-0.00190981781722943,-0.00272168430934172,-0.00320735772877223,-0.00334604444348052,-0.00287003257580098,-0.00240777516724799,-0.00203995304341165,-0.00178647271812238,-0.00161412374973324,-0.0013754488001777,-0.000780231648989549,0.000300600213079427,0.00179128026425213,0.00338513884051883,0.00484559684910346,0.00581246507191646,0.00654827955987614,0.00670929752219362,0.00640067530148758,0.00574095491297899,0.0051516859669003,0.00445079270544779,0.0041700247748806,0.00433388817347646,0.00447902693797886,0.00446912755274909,0.00454574417158593,0.00443116322264148,0.00412328535594564
688,"SRB","Serbia",NA,NA,NA,NA,NA,NA,NA,NA,NA,NA,NA,NA,NA,NA,NA,NA,NA,NA,NA,NA,NA,NA,NA,NA,NA,NA,NA,NA,NA,NA,NA
690,"SYC","Seychelles",0.00360024466130882,0.00376577096467545,0.00371418157641634,0.00310532239731676,0.00187925116201093,0.000499976071640429,-0.000825539360419403,-0.00158217301106311,-0.00162762025039198,-0.000825980610244859,0.000157930493926539,0.00106392451170456,0.00159835308262601,0.00167703300263056,0.00125838246223653,0.000527859747053938,-0.000220300841325405,-0.000734632069454566,-0.000947604434152427,-0.000858506967857831,-0.00064125963964512,-0.000687255343181814,-0.000733250536296359,-0.000764587326393618,-0.000866025701521944,-0.000911023912688158,-0.000612294364505939,-0.000282282522556465,0.000000118512854863084,0.000192289429678416,0.000390184575138841
694,"SLE","Sierra Leone",0.0029753074317036,0.00114555956754647,-0.000888362381579411,-0.00226525895979746,-0.00282931355644067,-0.00252792126915546,-0.00146258277640432,0.000101543675933513,0.00138347808424366,0.00280943337744155,0.00373519354184615,0.00351854637302029,0.00243664266206989,0.00131498565336896,-0.000697453315556595,-0.00311844952625495,-0.00508467124450729,-0.0066773979304775,-0.0081094677541016,-0.00907065561465226,-0.00949815035623913,-0.00971014160285966,-0.0104600884598156,-0.0110059097980119,-0.011623948715996,-0.0128674148679666,-0.0142399243529865,-0.0150187865027012,-0.0155558281780491,-0.0157564554512355,-0.0150396807430226
702,"SGP","Singapore",-0.000346266707761611,0.00204265016023664,0.00407777142848165,0.00588345988112016,0.00658739345671311,0.00638033491136247,0.00433581620830803,0.001745300304973,-0.0010236592694427,-0.00331300673214208,-0.00369375099750446,-0.00188866047337577,0.00135049425482858,0.00504401845746338,0.00864227139972562,0.0116021297159197,0.0134967212296093,0.0137024806804844,0.0129354313413697,0.0112972512367113,0.00925027863457695,0.00683082366146937,0.00570388245090725,0.00528225910990932,0.00509667517131218,0.0054809441635999,0.00645253581974981,0.00596575338161243,0.00516112722969542,0.00431801182155245,0.00335022932529649
534,"SXM","Sint Maarten",-0.00137017671728235,-0.000945872397564052,-0.000552304904328338,-0.000432827990315632,-0.000510834766152324,-0.000276364403826834,-0.0000124915218366883,-0.000667653665759937,-0.00249832409345552,-0.00439604697223228,-0.00688972657601516,-0.00938136010551804,-0.0197748426657702,-0.0276625029180226,-0.034017195408742,-0.0373929156537892,-0.0377030641185692,-0.0310362808631915,-0.0241972324426116,-0.0150013293541664,-0.0045264428797599,0.00689307094242086,0.00843132431334759,0.0096604165752292,0.00885313481723449,0.00636748656726849,0.00215554631233039,0.00143348711787783,0.000924857499595033,0.00214018410196237,0.00448113575493991
703,"SVK","Slovakia",NA,NA,NA,NA,NA,NA,NA,NA,NA,NA,NA,NA,NA,NA,NA,NA,NA,NA,NA,NA,NA,NA,NA,NA,NA,NA,NA,NA,NA,NA,NA
705,"SVN","Slovenia",NA,NA,NA,NA,NA,NA,NA,NA,NA,NA,NA,NA,NA,NA,NA,NA,NA,NA,NA,NA,NA,NA,NA,NA,NA,NA,NA,NA,NA,NA,NA
90,"SLB","Solomon Islands",0.000123482637135686,0.000120682305670972,0.000196177686972554,0.000346965103500407,0.000537134638455505,0.000716147998230054,0.000928399292639437,0.0010820856586331,0.00116535142532048,0.00123098342110795,0.00117638536247067,0.000757531468671857,0.000314247653047994,-0.000128839810777048,-0.000588664233192815,-0.000891884224741846,-0.00073259938330239,-0.000453896229576145,0.00000802007528277748,0.00062833027407283,0.00122689412465093,0.00149739551707095,0.00158662461460879,0.00133589980444637,0.000820331898978344,0.000169350237126498,-0.000277308685439515,-0.000626659757978265,-0.000740229894552358,-0.000768061796696529,-0.000759785730098717
706,"SOM","Somalia",-0.000245965807844195,0.000191171010457625,0.000241355357979867,0.00000285998192817161,-0.000522150274850919,-0.00119282767612461,-0.00191325310817747,-0.00244735976911703,-0.00258303264016924,-0.0022550430975895,-0.00159274320136671,-0.000589532057024389,0.00062833617511604,0.00177478152572919,0.00264051499340834,0.00311994846682961,0.00302141006003032,0.00251255397521111,0.00192953052355938,0.00136756462795518,0.000857240862200515,0.000701757578075446,0.000814612398545744,0.00107723183422825,0.00132200860567422,0.00158840619711498,0.00174612393324747,0.00176903915854232,0.00172328976179892,0.00173440827422766,0.00165566387189919
710,"ZAF","South Africa",-0.00500350505925707,-0.00556589521766158,-0.0052367701805362,-0.00434375098692047,-0.00230634290301815,0.000295176624100337,0.0027479916141897,0.00443662095453981,0.00568315501987973,0.00556877677350746,0.00469501579940365,0.00353530902553314,0.00230602575129693,0.000956087666202235,0.000744639685537018,0.000840211530347774,0.000807855280442315,0.000848734123890412,0.000905022869393222,0.000642407021910333,0.000736521347250107,0.00091483272399355,0.000823454582470099,0.000736881246995994,0.00110697613837776,0.00109841970207378,0.00110186759363042,0.00120882711393984,0.00138009580405164,0.00124432340743471,0.00140342641485063
410,"KOR","South Korea",0.000118110317576026,0.000038972736096321,-0.000307873856326579,-0.000733918827021118,-0.0014558220528581,-0.00228700343767996,-0.00319915839788754,-0.00367181699701247,-0.00362122684227684,-0.00308062328863556,-0.00229720471202777,-0.00123174838373685,-0.000217378078202657,0.00050844980065623,0.00105611756935264,0.0013503386887892,0.00120173088131126,0.000839649166597178,0.000457731001795914,-0.0000802385364743197,-0.000477407273236752,-0.000494248356462168,-0.000603568200823634,-0.000820442008536926,-0.00062637711510638,-0.000277394195640213,0.000244928603858163,0.00111243483780488,0.00207793890296659,0.00265527359690609,0.00328021777631871
728,"SSD","South Sudan",NA,NA,NA,NA,NA,NA,NA,NA,NA,NA,NA,NA,NA,NA,NA,NA,NA,NA,NA,NA,NA,NA,NA,NA,NA,NA,NA,NA,NA,NA,NA
724,"ESP","Spain",0.00137446012766929,0.000645795369812309,-0.0000633910064464046,-0.000661342322008705,-0.00107483861471061,-0.00112546510379671,-0.00128260613566102,-0.00135740399867807,-0.00117787826819592,-0.000827821138974956,-0.000392097633084913,0.000253330278489988,0.000915599394447745,0.0015233347310123,0.0020740721116151,0.00252499198865015,0.00272803125898412,0.00289446144358937,0.00286555497990402,0.0025170943427302,0.00198311029756482,0.00131312280499178,0.000352408304449611,-0.00063158390846881,-0.00141189246250831,-0.00193575284545774,-0.00223107684196194,-0.00202683811444405,-0.00153056595172535,-0.000841597846552825,-0.0000814025602193778
144,"LKA","Sri Lanka",0.0052318944490708,0.00674373687699958,0.00735548280571319,0.00684154210901022,0.00544168518832677,0.00350115936043616,0.00125653241382762,-0.000755602049943738,-0.00214588060121446,-0.00282914796747347,-0.00299370610006211,-0.00284717960628666,-0.00248898716419543,-0.00207162682759154,-0.00183129443145258,-0.00157506049130063,-0.000754469216950326,-0.000179377784925272,0.000196042981313038,0.000554292337023421,0.000673742652500087,-0.00014895409150284,-0.00119069789747506,-0.00238729009772254,-0.00378637529053771,-0.00532336315911353,-0.00602038064120303,-0.00641261844857066,-0.00638058237563344,-0.00564587745959932,-0.00413141471629597
670,"VCT","St. Vincent and the Grenadines",0.00459578320048348,0.00505028361030879,0.00501265728343148,0.00310034699747841,0.000685565774843688,-0.001990986487029,-0.00389157926290928,-0.00551752072294998,-0.00506517767244519,-0.00424056961935471,-0.00302275792325624,-0.00246951764925951,-0.00221769982593634,-0.00265897109190993,-0.00348764812483804,-0.00491911943991585,-0.00574879923272464,-0.0059482519080355,-0.00546440421142647,-0.00451367376608613,-0.00283545012033815,-0.00142598227757584,-0.000305459826167476,0.00109962629811844,0.00284090665159309,0.00494446907096258,0.00746072844531098,0.00998027666090961,0.011597149950199,0.0123975394711113,0.0120719537645402
275,"PSE","State of Palestine",0.025528842807844,0.0215505064166301,0.0153811677593017,0.00783382374675368,0.000348451474746492,-0.00708556641254598,-0.0131634106279457,-0.0185080675973387,-0.0231274110088886,-0.0244815208916442,-0.0220563870123439,-0.0206314741434878,-0.0180909207957669,-0.0147534482272361,-0.0103544523570737,-0.00565107212455507,-0.000035552785763282,0.00429150410646173,0.00648382104645995,0.00574712599730653,0.00429914670410891,0.00198406878052815,0.000283375653556073,0.000103753532818995,0.00258839621544249,0.00488571706773833,0.00675057789745037,0.00744930684576062,0.00744453649599586,0.00542531711055894,0.0033585937770475
729,"SDN","Sudan",-0.00782263842773279,-0.00443496567718416,-0.00138569929953047,0.00127998305952159,0.00348103051937465,0.00522561110167397,0.00600941919909626,0.00616612394188065,0.00601330007239476,0.00528826344799249,0.00367941914323566,0.00181813281515297,0.0000705241236269583,-0.00184876161728809,-0.00350453122961725,-0.00535526313240009,-0.00734257898886059,-0.0087353310580861,-0.00894700429870321,-0.00917408762903782,-0.00843618234209553,-0.00605740387675346,-0.00314545353863072,0.000342389163741741,0.00534414954484341,0.00973796209756705,0.01202627371394,0.0131996452663148,0.0126032329243031,0.00971548325939753,0.00641549553547494
740,"SUR","Suriname",0.00060099923188317,0.000444567928900241,0.000275622684792198,0.000116023130299236,-0.0000249822330741223,0.0000840505890913334,0.000311717191379124,0.000477196356951648,0.00060554771278154,0.000637167652205894,0.000340457581080367,-0.000125290948322476,-0.000572026404908388,-0.000930970039781598,-0.00112725443557193,-0.000961476043878529,-0.000524441521522867,0.0000967769668314133,0.000817687436874825,0.00156882252348334,0.00217762540588917,0.0026654669861077,0.00301801874454921,0.00317649872444159,0.0030956256091399,0.00287305717940423,0.00252144220474704,0.00212208648328516,0.00170643223620437,0.00137250251330667,0.00109524183902665
752,"SWE","Sweden",-0.000943719269610667,0.000672294088050328,0.00213091426276932,0.00311331174446224,0.00370576565276831,0.00370517459943609,0.00310896752400335,0.00229093557013188,0.00149552288866146,0.000728267341320596,0.000470204276753283,0.000749605829105054,0.00131630667916258,0.00205971161713938,0.00323573363404951,0.00448140662258881,0.00553333578819228,0.00621956390906632,0.00643906821413315,0.0062534698974154,0.00580760683173854,0.00513556496879247,0.00436459623761562,0.00351998314264552,0.00265752548025756,0.00175791189471875,0.000547178065395172,-0.000921621949733208,-0.00255056314831289,-0.00379875939836333,-0.00449063631094708
756,"CHE","Switzerland",NA,NA,NA,NA,NA,NA,NA,NA,NA,NA,NA,NA,NA,NA,NA,NA,NA,NA,NA,NA,NA,NA,NA,NA,NA,NA,NA,NA,NA,NA,NA
760,"SYR","Syria",-0.00144897785449694,-0.00298806705765275,-0.00472520197030502,-0.00617494717429845,-0.0072509899229799,-0.00809360712758578,-0.00836351893602438,-0.00809802610551402,-0.00770423158683975,-0.00730703563191737,-0.00710454538122796,-0.00728180053616645,-0.00755156025354253,-0.00741701031540487,-0.00706762429989327,-0.00629514549944554,-0.00479327812643193,-0.0031310769328835,-0.00178391003681455,-0.00123349441695686,-0.00158499570945236,-0.00259737709467589,-0.00335190835558385,-0.00356058377619339,-0.00254065037673823,-0.0000154155078380125,0.0031181391661419,0.00632967977996235,0.00855701488538951,0.00976085706480645,0.00949262927991734
158,"TWN","Taiwan",0.000309855475816523,0.000216983804769422,0.000349050680309881,0.000735153403721434,0.00163196235887808,0.0028557912279652,0.00390329899014707,0.0043157633500428,0.00448524429988151,0.00435996624200641,0.00390135671020886,0.00380373935167011,0.0041230489047801,0.00426489322389378,0.0042147717965817,0.00389200314423288,0.0026812854527849,0.0009684321792367,-0.000568109517466997,-0.0019136701661433,-0.00274127277359892,-0.00208569273491999,-0.000596264406039215,-0.00187303047246845,-0.00422597129870761,-0.00805853069348139,-0.0127648740427788,-0.0174798243501304,-0.0200516685345385,-0.0209492628805376,-0.0193734682408206
762,"TJK","Tajikistan",NA,NA,NA,NA,NA,NA,NA,NA,NA,NA,NA,NA,NA,NA,NA,NA,NA,NA,NA,NA,NA,NA,NA,NA,NA,NA,NA,NA,NA,NA,NA
834,"TZA","Tanzania",0.00129378604847563,0.000791438473619177,-0.00000116226579105483,-0.000555821006727353,-0.000180845197466417,0.000358379700798661,0.00113412777414768,0.00198917499427975,0.00275012455181534,0.00257397468210607,0.00213347775037209,0.00140023055730332,0.000439626695659445,-0.000956210347096365,-0.00192590787198199,-0.00272700241876322,-0.00314273557208034,-0.00322785435883211,-0.00263594991675886,-0.00223824957566565,-0.00186582218383435,-0.0018982583623901,-0.00224894028699918,-0.00317271056807156,-0.00437832875677291,-0.00585299512211357,-0.00724780608964948,-0.00826810055157434,-0.008615036658571,-0.00836987206377193,-0.00731631424169621
764,"THA","Thailand",-0.00212733592053108,-0.00273832196895123,-0.00329830388133048,-0.00324216461747654,-0.00307279569412803,-0.00277906455447916,-0.0025079544612948,-0.00236922727167386,-0.0021754069524696,-0.00171716220813781,-0.00109332466547189,-0.000682249143014327,-0.000162725116999105,0.000318950708736355,0.000577620457370476,0.000656333208052361,0.000725173508001455,0.000513621570849132,0.000871752531211073,0.00132021508182054,0.00193499005419862,0.00257181810118057,0.00341331033232902,0.00382437004399724,0.00398549735337192,0.00407204313038475,0.00423393570218865,0.00395381746896002,0.00374398679250758,0.00337164394233506,0.00273225648534543
626,"TLS","Timor-Leste",-0.000516882154343867,-0.000900933349766486,-0.000938866670456284,-0.000720980996871678,-0.000138244586845415,0.00130873921021513,0.00267162379977814,0.00377406119945478,0.00475146590090558,0.00542431475116278,0.00482858660650343,0.00365034959572341,0.00190237570912255,-0.000303425888425357,-0.00269721865369255,-0.00419744737045402,-0.00514901479946639,-0.00539666356490198,-0.00501332402928634,-0.00405324975844779,-0.00290292652109014,-0.00171044702401357,-0.000740509675946299,-0.0000713884825234157,0.00015879203262803,0.000134855772879972,0,0,0,0,0
768,"TGO","Togo",-0.000500202109705361,-0.000534186404109294,-0.000439580681347862,-0.000561440227606957,-0.000801781415069147,-0.00059295157106698,-0.000528962878060257,-0.000112716181348338,0.000777392956894829,0.00208975396787503,0.00377979322233535,0.00569480659226551,0.00754347391954013,0.00853772923465579,0.00870189165358637,0.00808828136825968,0.00647710227402198,0.00497426330600148,0.00339986760821032,0.00182753223408061,0.000754872484247882,0.000369529873638808,0.000143225328159691,0.0000717481197842762,0.000449916736360301,0.00132767809851941,0.00233240087171227,0.00348563554834924,0.00449941069949467,0.00503105990613384,0.00514235719200196
776,"TON","Tonga",-0.000859331087974424,-0.00141487050154121,-0.00149108460079106,-0.00140101203538978,-0.000987924782642535,-0.000739036065205645,0.00033062475885437,0.00197764306822035,0.00355290167458744,0.0043974231147319,0.00491456729074891,0.0042400202944004,0.00286617767780961,-0.000413940525752832,-0.00422625987334502,-0.00828243449323329,-0.0107908371228277,-0.0122405807057302,-0.012092848899158,-0.0112307189218184,-0.00903795211004177,-0.00648785462686841,-0.00423459323958331,-0.00419025187828614,-0.00560475098388813,-0.00788852964232112,-0.0106435042452163,-0.012532718557116,-0.0126397058432322,-0.0113670946547438,-0.00933082394076634
780,"TTO","Trinidad and Tobago",0.00314573408370511,0.00165663484531509,-0.000018367062921576,-0.00123323499694372,-0.00211142172469903,-0.00236768939374099,-0.00187453845167207,-0.000667355390557733,0.000638660349799647,0.00191550562857357,0.00283307390218779,0.00330278906990045,0.00308637766381548,0.00268884470612352,0.00210625731204628,0.00142500692697123,0.000728970562577924,0.000250953838619505,-0.00010549967721285,-0.000304519488401822,-0.000431141078508057,-0.000352753317410359,-0.000250255905034691,-0.000129623168918847,0.0000302097440201265,0.000223217818680288,0.000316748924901633,0.000325769749838889,0.000283576740601754,0.000168951145030016,-0.0000452881855284026
788,"TUN","Tunisia",-0.00620680942186802,-0.00578879647230079,-0.00494262185166494,-0.00388532970452626,-0.00230976590242382,-0.0009697468654144,0.0000802455293984483,0.000944298490114015,0.00142654453677094,0.00112232919249511,0.000728724985699536,0.000267470961051064,-0.000358101942993239,-0.000956674296162086,-0.00120974310156174,-0.00156475028882441,-0.00175708095833349,-0.0016437567448162,-0.00111229601207263,-0.000412787301913964,0.000608632754887983,0.00142947122044901,0.00191652243352047,0.0021461909310756,0.00212973072782985,0.00155024431163975,0.000797302817113543,0.0000409648144810149,-0.000347850935639271,-0.000271479180759981,0.000474252560822119
792,"TUR","Turkiye",-0.00332097140940381,-0.00326466821479709,-0.0028563445212234,-0.00241040458201002,-0.00174487911337336,-0.00104773832771929,-0.000168486343830602,0.000683790211258057,0.00157419092065713,0.00240272271552709,0.00332957727728699,0.00396688250547688,0.0042420913593541,0.00408144458110691,0.00369405907638429,0.00295644075722006,0.0020737885463245,0.000874116914854454,-0.0003981784915541,-0.00154919280372096,-0.00239747285797919,-0.00276722536773423,-0.00292245095945831,-0.00282900562958551,-0.00217311076229578,-0.000748991450648626,0.000477100504173943,0.00187994219974113,0.00349887940578742,0.00485787199879746,0.00542142205174018
795,"TKM","Turkmenistan",NA,NA,NA,NA,NA,NA,NA,NA,NA,NA,NA,NA,NA,NA,NA,NA,NA,NA,NA,NA,NA,NA,NA,NA,NA,NA,NA,NA,NA,NA,NA
796,"TCA","Turks and Caicos Islands",0.00316067368615203,0.00270160963964527,0.00215180901186907,0.00134343418722205,0.0000743100496722882,-0.00137899341142655,-0.00272665483855739,-0.00367052121553513,-0.00384787008092791,-0.00348889895148541,-0.00266463148747398,-0.00154131049106554,-0.000608734913810638,-0.000261435467073579,-0.000308649471018052,-0.000792979066783106,-0.00180501516373055,-0.00304763128238439,-0.00406951810702438,-0.00492319574375299,-0.00541000644023881,-0.00537013529942587,-0.00505999502537391,-0.00471423970625862,-0.00444424430297574,-0.00418594958139895,-0.00414403152383203,-0.00420840604144612,-0.00393547955793649,-0.00325988369205532,-0.00234516947384189
798,"TUV","Tuvalu",-0.00119096809801034,-0.000137272155010248,0.00100653622896973,0.00158952998424322,0.00214298908845256,0.00267552589879716,0.00300097566505997,0.00303008186042253,0.00338849067650937,0.00353478113977612,0.00357400509095629,0.00326009208073064,0.00294331653848934,0.00211148007477591,0.00102915042739959,0.000295733476893156,-0.00020643793879549,-0.000575614734450003,-0.000613912894603885,-0.000346912548956579,-0.0000111539153277995,0.000368660113849728,0.00070185071258666,0.000977398428836596,0.00092223317839002,0.000789941932412219,0.000580555272562622,0.000324496130623686,0.0000329473188567242,-0.0000164552384729344,-0.0000466357198897205
800,"UGA","Uganda",NA,NA,NA,NA,NA,NA,NA,NA,NA,NA,NA,NA,NA,NA,NA,NA,NA,NA,NA,NA,NA,NA,NA,NA,NA,NA,NA,NA,NA,NA,NA
804,"UKR","Ukraine",-0.00113429007892485,-0.000113781180956618,0.00116811062252609,0.00257700061637212,0.0035660922334646,0.00387478571798283,0.00357626568136715,0.00300013371521013,0.00210040392790556,0.00130368401872127,0.000824492986157832,0.000680941673481872,0.000585526466562625,0.000899098771655726,0.00100728281733509,0.00109368038809521,0.00105978987855049,0.000896884998533576,0.000689076414020384,0.000481459361585168,0.000213521345839185,0.0000391139395323759,0.00000301290339144167,0.0000300242226638492,0.0000120547048096942,0.0000600286116121396,0.0000449690959618554,-0.0000931738316866104,-0.000267354826596899,-0.000390400290168458,-0.000462394647261166
784,"ARE","United Arab Emirates",-0.00875938009500972,-0.0095104074782813,-0.00982580378962865,-0.00953509299052808,-0.00913586461751709,-0.00855395124575654,-0.0077796172487046,-0.00702031289978436,-0.00651214697435907,-0.00586744964916706,-0.00532715023797541,-0.00492708600458857,-0.00468140830397676,-0.00421642924965663,-0.00371388830212696,-0.00300237220309559,-0.0020462783560847,-0.000996862956882316,-0.0000415777254715809,0.00102203328610222,0.00169777759143718,0.00178101810901368,0.00141438655969986,0.000901198706772059,0.0000838389238693362,-0.000527561462682174,-0.000813314652373821,-0.00106300239175042,-0.00120035871194192,-0.00105301529047637,-0.000936068698812663
826,"GBR","United Kingdom",0.000932266757408965,0.000740959358222507,0.0006368065903086,0.00047671849237912,0.00023410621624549,-0.0000781960405371837,-0.000158817267500638,-0.000137154553083281,-0.0000553377385225625,0.000192567908729856,0.000726992552431958,0.00114232636602374,0.0013175487678785,0.00131905596424987,0.0010242602327508,0.000739925559814177,0.000750627234096264,0.000959691201266712,0.00126136162160342,0.00192547297607281,0.00255047994497264,0.00283998290783996,0.0028735862129766,0.00264803784792085,0.00224689192726915,0.00213823211734232,0.00197954409248066,0.00195289673775888,0.00213475343345221,0.0029696857058415,0.00368343400660833
840,"USA","United States of America",0.00151205676647517,0.0013267257612057,0.00120847825125967,0.00114225866079106,0.00106777043868426,0.0010580889435445,0.00103538092497075,0.00102433519758827,0.000974805413024862,0.000936354747087107,0.000946633961131226,0.00095204250815922,0.00095036917084464,0.00100027685691333,0.00105753167445265,0.000991789427213168,0.000954845009987063,0.000807671567246527,0.00064746106402461,0.000519991285003252,0.000583540809387244,0.000606473791251029,0.000609204709587252,0.000595087924355979,0.000647383355076276,0.000468867170450146,0.000453191340160647,0.000436600548269048,0.000446358387646813,0.000273202004383215,0.000268135492641177
858,"URY","Uruguay",0.000524139174536975,0.000339502348011056,0.000119138881257586,-0.0000713176280359162,-0.000160509685040666,-0.00030328629499865,-0.000464201903742079,-0.000694267215795907,-0.00109288722113443,-0.00169369681659948,-0.00230186764563367,-0.00279971262825096,-0.00300009710276827,-0.00285475520041423,-0.00243092969897263,-0.0017223040462937,-0.00092504193558729,-0.000407743498213486,-0.000258618415522105,-0.000249959607848349,-0.00035611335948138,-0.000443830722541949,-0.000258510737594309,0.00013574051981835,0.000321413844569518,0.000254675456603293,-0.000189826665766168,-0.000926925909683129,-0.00188029078999807,-0.00245542289776302,-0.00262261404421571
860,"UZB","Uzbekistan",NA,NA,NA,NA,NA,NA,NA,NA,NA,NA,NA,NA,NA,NA,NA,NA,NA,NA,NA,NA,NA,NA,NA,NA,NA,NA,NA,NA,NA,NA,NA
548,"VUT","Vanuatu",-0.0021484060752377,-0.00470823506988183,-0.00739091526470892,-0.00849040330617801,-0.00808382275775876,-0.0066669088825253,-0.00573907202500445,-0.00474711745430922,-0.00463818564183538,-0.00543116399035004,-0.00558667286752068,-0.00592176144192669,-0.00620933068901552,-0.00601190999940127,-0.00590914023488331,-0.00634657037053588,-0.00759650837017189,-0.00990895314404605,-0.012546879048881,-0.0153385488524116,-0.0174189785523422,-0.0181762785688326,-0.0170870262801296,-0.0150776220686701,-0.0120575898957206,-0.00787988487121605,-0.00224505036373057,0.00378148971530123,0.00783357830792619,0.0102827441810205,0.0108571510210016
862,"VEN","Venezuela",-0.00562763131452926,-0.00577197350113046,-0.00546844283024761,-0.00492432898165984,-0.0047458732494966,-0.00473896473283753,-0.00510538909874003,-0.00569369784650564,-0.00630727957832378,-0.00674734628936269,-0.00673477606246886,-0.0057401018090345,-0.00431201997005837,-0.00259245523653795,-0.000731278620113796,0.000374797075269662,0.000872888496755042,0.00148035248212652,0.00238400946000961,0.003528766691556,0.00566712831738303,0.00873625814913903,0.0117170107449394,0.0138396513992902,0.0151812428404576,0.0152712433254152,0.0132573358618344,0.00966542515436819,0.00522100253628777,0.000542090152982677,-0.00332999696522174
704,"VNM","Viet Nam",-0.00778680881256466,-0.00824975125929872,-0.00810265704017377,-0.0076812519420556,-0.00745535444246137,-0.00753278845018268,-0.00800598661742136,-0.00893888060343684,-0.0100469077376725,-0.0109493704003808,-0.0117670195879562,-0.0122758620445219,-0.0123772579513495,-0.0119927249760344,-0.0113733479375231,-0.0103677126155785,-0.00915328386581371,-0.00791384014021401,-0.0067011293290814,-0.00542293075019529,-0.00467464328160205,-0.00437100504334698,-0.0042216965602121,-0.00423183348843514,-0.00479996077469202,-0.00499139558448036,-0.00509497808904824,-0.00530704589377373,-0.0056166446460173,-0.00560215211141379,-0.0059214702591095
876,"WLF","Wallis and Futuna Islands",-0.0141330888746937,-0.0109223955028853,-0.010235385789982,-0.00897737062355197,-0.00703975263515255,-0.00621252219872159,-0.00534928807660284,-0.0030107109533436,-0.00149185344218206,-0.000572310693253031,0.000699592207591859,0.00282447503293271,0.00559781856053987,0.00987716369714908,0.0149149077392894,0.0209922684980672,0.0253884949244529,0.0279330589088937,0.0274781560907025,0.0242353958574666,0.0190090237787792,0.0129080337010674,0.00728297876600092,0.00324581594092122,0.000483384965444866,-0.000273719642430947,-0.00207896428007048,-0.0037773510582223,-0.0051481577066993,-0.00617191073617274,-0.00632812932189453
732,"ESH","Western Sahara",-0.000562570096846571,-0.00040992115156091,0.000155304200727402,0.000860095950413031,0.00186431599923331,0.00266425502421574,0.00341155258398262,0.00357198724944108,0.00370814692250132,0.00360821017507629,0.00315405777119127,0.00205720590240022,0.000960894233366316,0.0000300121686105381,-0.000293818876942797,-0.000305907819392992,0.000142225925579442,0.000823151234041086,0.00137712069150742,0.00141516302144562,0.00116147559333535,0.000336148293958782,-0.00116138215216555,-0.00297788944689548,-0.00537679954231174,-0.00795571152974506,-0.00992594960728643,-0.01129238766496,-0.0116674344879917,-0.0108391835451226,-0.00895542566456375
887,"YEM","Yemen",-0.0010152133650605,-0.00060824338324189,0.0000757224064290295,0.00141821832853652,0.00295085336792235,0.00470443513755772,0.00591670811504852,0.00630809702250778,0.00535218612793767,0.0031920043391515,0.000116013874491951,-0.00280656003390449,-0.00587805125979202,-0.00901730891962312,-0.0121081881629311,-0.0145705661524553,-0.0162546706641056,-0.0167353700131341,-0.0158954577210039,-0.013480823566475,-0.0101289135122127,-0.00591796413280755,-0.00165796478218085,0.000460422270653548,-0.000183511233294087,-0.00270696911692808,-0.00618370848417124,-0.00987948347814239,-0.0120852565802264,-0.0116744664952498,-0.00872730601155107
894,"ZMB","Zambia",NA,NA,NA,NA,NA,NA,NA,NA,NA,NA,NA,NA,NA,NA,NA,NA,NA,NA,NA,NA,NA,NA,NA,NA,NA,NA,NA,NA,NA,NA,NA
716,"ZWE","Zimbabwe",NA,NA,NA,NA,NA,NA,NA,NA,NA,NA,NA,NA,NA,NA,NA,NA,NA,NA,NA,NA,NA,NA,NA,NA,NA,NA,NA,NA,NA,NA,NA
