"code","iso","country","SDA.raw.1990","SDA.raw.1991","SDA.raw.1992","SDA.raw.1993","SDA.raw.1994","SDA.raw.1995","SDA.raw.1996","SDA.raw.1997","SDA.raw.1998","SDA.raw.1999","SDA.raw.2000","SDA.raw.2001","SDA.raw.2002","SDA.raw.2003","SDA.raw.2004","SDA.raw.2005","SDA.raw.2006","SDA.raw.2007","SDA.raw.2008","SDA.raw.2009","SDA.raw.2010","SDA.raw.2011","SDA.raw.2012","SDA.raw.2013","SDA.raw.2014","SDA.raw.2015","SDA.raw.2016","SDA.raw.2017","SDA.raw.2018","SDA.raw.2019","SDA.raw.2020","SDA.raw.2021","SDA.raw.2022","SDA.raw.2023"
4,"AFG","Afghanistan",NA,NA,NA,NA,NA,NA,NA,NA,NA,NA,NA,NA,NA,NA,NA,NA,NA,NA,NA,0.256026384776265,0.323864327935177,0.371527017575686,0.363828985748473,0.342071555552986,0.301969589198024,0.242943699366437,0.17691063112241,0.10870449771753,0.0676246403507468,0.0489732449773115,0.0287663852382243,0.0272400127827819,0.0191984999947064,0.0125133434719471
8,"ALB","Albania",NA,NA,NA,NA,NA,NA,NA,NA,NA,-0.116539600381074,-0.0580832241240899,0.00603944731333317,0.0444737728495783,0.0700727858690497,0.0846314442582214,0.0873705289989919,0.0740309832548594,-0.00201064947748653,-0.0538208604417031,-0.0814262358797496,-0.092809891239449,-0.10399830456419,-0.105844286778319,-0.106739431812072,-0.0965115207804905,-0.108644836197109,-0.107469879025363,-0.0857146921234924,-0.0701039098197922,-0.065935957379903,-0.0510882452755183,-0.0254343831521541,-0.0108126486396841,-0.00043517497258716
12,"DZA","Algeria",NA,NA,NA,NA,NA,NA,NA,NA,NA,0.00633160130363142,0.00661811743204055,0.00471417297236831,0.0211679716165227,0.0324573699332567,0.0389918958955837,0.0419167969417895,0.0437111206862413,0.0431939238576415,0.0145147215925621,-0.00265155821920108,-0.0168227963316172,-0.0332690456912593,-0.038785266736214,-0.0550066618518817,-0.0609647953983445,-0.0579057921649065,-0.0509837708444061,-0.0370188471074265,-0.0401964735956263,-0.0292922186088387,-0.0235779531419803,-0.0132438031991671,-0.00438706473991302,-0.00492182676847974
20,"AND","Andorra",NA,NA,NA,NA,NA,NA,NA,NA,NA,NA,NA,NA,NA,NA,NA,NA,NA,NA,NA,NA,NA,NA,NA,NA,NA,NA,NA,NA,NA,NA,NA,NA,NA,NA
24,"AGO","Angola",NA,NA,NA,NA,NA,NA,NA,NA,NA,-0.000613510267073171,0.0183755597354891,0.0418825393401925,0.0502999406385636,0.0710274623522402,0.0783247460973371,0.0634962028362038,0.0671418639556598,0.0762098341579238,0.0751699780129655,0.101633677706218,0.119188638531172,0.13158129768046,0.134778938063643,0.167740646855771,0.184296803937818,0.161098282400452,0.137191677839353,0.103608894157543,0.0603594208721012,0.0369173953944055,0.00409705520965642,-0.00394935766095823,-0.0138576363288571,-0.0177908414511882
660,"AIA","Anguilla",NA,NA,NA,NA,NA,NA,NA,NA,NA,NA,NA,NA,NA,NA,NA,NA,NA,NA,NA,NA,NA,NA,NA,NA,NA,NA,NA,NA,NA,NA,NA,NA,NA,NA
28,"ATG","Antigua and Barbuda",NA,NA,NA,NA,NA,NA,NA,NA,NA,0.0372584840522505,0.0303165481656948,0.0184434279242103,-0.0620373579209268,-0.114116301794687,-0.147574037468733,-0.165363898893089,-0.170443864976012,-0.153873534228964,-0.122160134176181,-0.0673002092043639,-0.00931427009214958,0.0293295074056459,0.00408070580093955,-0.00705271391998611,-0.0148710342359764,-0.0209090160570737,-0.0262257525588444,-0.0284531737364775,-0.0366808025100764,-0.0175376495979812,0.00213223591873923,-0.00306601677275108,6.82875497559632e-05,0.00701880623472495
32,"ARG","Argentina",NA,NA,NA,NA,NA,NA,NA,NA,NA,0.0129892809714027,0.00605157731658612,-0.00288052987756966,-0.00575186234431814,-0.00541490779669697,-0.00304256457463457,-0.0013412348231436,-0.00620605826005852,-0.00395682846724492,0.00739939848455995,0.0122091304740026,0.0254238029353566,0.0292509654499098,0.0227409570362969,0.0114476313624547,0.0120615742948111,0.0203599523798266,0.0122996437642189,-0.000112834029469685,-0.00972708912843756,-0.0358224231952426,-0.022560958925964,-0.0234172300881935,-0.0245591647848484,-0.0237435772388896
51,"ARM","Armenia",NA,NA,NA,NA,NA,NA,NA,NA,NA,-0.0504261380529861,-0.07759705242558,-0.0819374435152338,0.0127722914755803,0.102253913033904,0.155181793290055,0.188830852127965,0.198435453312912,0.168221021046756,0.121793783049785,0.0528134024576494,0.0337124622825347,0.0128760345375301,0.016444624108104,0.0260626746662471,0.0274222950558523,0.0502566503678208,0.0684239667264455,0.0675517544995317,0.0479428856914794,-0.0418632728298869,-0.111942569344554,-0.154402395598262,-0.180588076036537,-0.189691511456218
533,"ABW","Aruba",NA,NA,NA,NA,NA,NA,NA,NA,NA,0.0595655192269728,0.0372545981612753,0.00117718774305575,-0.000771709500479667,-0.0022598808799551,-0.00341888674198509,0.00287938982160818,-0.00203914037382369,-0.00334406677904941,-0.0104379206355234,-0.0329539324144829,-0.0604053383175665,-0.0441126823304237,-0.0463850314321386,-0.0613142623714272,-0.0891031018683426,-0.125823270155805,-0.16723406790792,-0.176254276672807,-0.183977222189248,-0.178298149440547,-0.217187864449094,-0.192889187792291,-0.165092917719626,-0.149008414173053
36,"AUS","Australia",NA,NA,NA,NA,NA,NA,NA,NA,NA,-0.0329135693468093,-0.0323304942780269,-0.0336364159388484,-0.0289440232599931,-0.0206489294064535,-0.0094287487654604,-0.0012114369481685,0.00337343722888761,-0.00207230541094638,-0.00595228520424218,-0.00609499624541443,-0.00392729156678984,-0.00253069976434805,-0.00454170600564185,-0.00532903145718222,-0.00704455101417623,-0.0128380684544251,-0.0231049609708763,-0.0297376751050841,-0.0285982831619487,-0.0300805713168107,-0.0326538076210396,-0.0283096401446382,-0.0249932019108442,-0.0180882080520913
40,"AUT","Austria",NA,NA,NA,NA,NA,NA,NA,NA,NA,-0.0807014963637199,-0.076535966363419,-0.0639269494618598,-0.0607573021674821,-0.053278679093831,-0.0546819069866799,-0.0507782125249083,-0.0430128187003551,-0.0417808121909542,-0.0496043472253882,-0.0706388596359802,-0.0821128936333564,-0.0868585701841657,-0.0865929419755739,-0.0799542578774279,-0.0736552267778505,-0.0635830892407782,-0.0476832746390439,-0.0338088670828577,-0.0271309779136131,-0.0364623917238796,-0.0408594045687493,-0.0412640349282454,-0.0500948143488531,-0.0558637843084143
31,"AZE","Azerbaijan",NA,NA,NA,NA,NA,NA,NA,NA,NA,-0.00282324271551027,0.000418257016806978,-0.0261689776014697,-0.0570685314011585,-0.0595953527063001,-0.0793355519659652,-0.0846426909021054,-0.0957029502767038,-0.103621588881444,-0.114577136902009,-0.137465981862093,-0.157861802590798,-0.178726136249149,-0.185917374806314,-0.175205831247481,-0.170328486661322,-0.110673294828248,-0.0352796850539842,0.0198907941694984,0.0403651731454611,0.0360826752720929,0.0085403221629885,0.00811532616988431,0.00190932076589154,-0.0135780947333943
44,"BHS","Bahamas",NA,NA,NA,NA,NA,NA,NA,NA,NA,-0.00225553948486611,-0.00217442223593333,-0.00985456947798546,-0.082247853296631,-0.135172722840358,-0.16439803806597,-0.181984132166411,-0.186797555267719,-0.184499329723506,-0.172834789052999,-0.11670255261047,-0.0326339670000441,0.0137376533889069,0.00232247331903799,-0.00874963004500651,-0.014672063206366,-0.0210118399548926,-0.0275646891276078,-0.02601419798029,-0.0440157451410275,-0.0343665712699962,-0.000270145447752217,-0.00242149614191068,-0.000482136829951599,0.00623044097086778
48,"BHR","Bahrain",NA,NA,NA,NA,NA,NA,NA,NA,NA,0.0911768923580076,0.0685437566110221,0.0412863444958296,0.0223192322933894,0.0244416819478557,0.0246411686590664,0.0420491589585819,0.075460411733115,0.0943722456214189,0.097167010010506,0.0850046998769731,0.0687212636513068,0.0507220695313855,0.0295355812416485,0.00767297843880033,-0.0163824986921643,-0.0213369103480459,-0.00272550195199739,0.0127881031346677,0.0211589346672376,0.0359193257127819,0.052503212124102,0.0647828023328014,0.0709880274103722,0.0722944709032876
50,"BGD","Bangladesh",NA,NA,NA,NA,NA,NA,NA,NA,NA,0.037850065279001,0.0377690842283775,0.0360946838546139,0.0359338174450157,0.0372981125200071,0.0332847623624468,0.0492473675320377,0.0505825106424496,0.0640683252277241,0.0609972851526415,0.0584293500946353,0.0468717443917297,0.0612988376951733,0.0883230397758132,0.114003599739007,0.131662192551382,0.15112990400226,0.165670300712509,0.178102159171517,0.176127113807197,0.15774409598751,0.117798999753812,0.110930921729779,0.120845882263581,0.130317592453187
52,"BRB","Barbados",NA,NA,NA,NA,NA,NA,NA,NA,NA,0.00765421919493292,0.0115192636285302,0.0259973212950617,-0.0431400089214416,-0.0779157421195877,-0.121509564661681,-0.145595815953055,-0.15803603398448,-0.153404568910417,-0.118475254085831,-0.0630441622207096,-0.0101972963486415,0.0300050762939084,0.00528653567566217,-0.00520130950935452,-0.0110229085729493,-0.0145854265750225,-0.0139010158562534,-0.0103563774672927,-0.00953700123518824,-0.0100972704174682,-0.00337239597129953,-0.00375701871726362,-0.00158083384625255,0.00441963669344436
112,"BLR","Belarus",NA,NA,NA,NA,NA,NA,NA,NA,NA,-0.0221469000498948,-0.0516404064321282,-0.107966423108121,-0.0995698272879524,-0.0925380445006259,-0.0919768020039143,-0.096251909235734,-0.0839664860655693,-0.0900553332662563,-0.0799809196870412,-0.0337816417517518,-0.0286529043001444,-0.0395558504513455,-0.0420177613085847,-0.0545678183773871,-0.0627372099369702,-0.0726446667300354,-0.0660282371064635,-0.0855596026764485,-0.0949993044516459,-0.0650309896762804,-0.0386503100552933,-0.027080712440803,-0.00745675994315576,0.00267031653585452
56,"BEL","Belgium",NA,NA,NA,NA,NA,NA,NA,NA,NA,-0.0749558115897161,-0.0823529867493754,-0.0832720501211384,-0.079574193941319,-0.0721498180941895,-0.063619277593419,-0.0600963041065276,-0.0553725774326125,-0.0529262718888447,-0.0596407683499012,-0.0813869021906906,-0.10524791681891,-0.125009910754789,-0.14065896030951,-0.149044325751883,-0.146023834584148,-0.134140732641828,-0.121890889331343,-0.102173235993438,-0.083854929817486,-0.0717951950795731,-0.0733064976995508,-0.0736488377896343,-0.0745468540226023,-0.0744547961940371
84,"BLZ","Belize",NA,NA,NA,NA,NA,NA,NA,NA,NA,0.0540256713504841,0.0668330735341227,0.0806312103845452,-0.0196026767637676,-0.0931670775540951,-0.143387250700938,-0.17478046076267,-0.202343293333951,-0.201848822412388,-0.190103093084134,-0.133079925667773,-0.0508148257320891,0.0293053771118177,0.00986851627782714,-0.00452925965800577,-0.0185224429352741,-0.0279552303618753,-0.0353297359467883,-0.0327227991442016,-0.026239291810754,-0.0145439604525822,0.00284289962216078,-0.0028096017294065,0.000311146599095036,0.00665965105928668
204,"BEN","Benin",NA,NA,NA,NA,NA,NA,NA,NA,NA,0.075659567840842,0.0750199398024727,0.0659313294257229,0.0587123082536554,0.0456217885954258,0.0320909499637738,0.0186059838054609,0.0376901067577797,0.0738723940491601,0.0915942932884217,0.106640675927649,0.112810031821486,0.104771110743541,0.092024553649267,0.0756347819526662,0.0608245209222662,0.0482325251200384,0.0469410259964855,0.0521686827049554,0.0543013953500644,0.0651999408619581,0.0780244146023108,0.0550779824147021,0.0309994864275585,0.00991848087476033
60,"BMU","Bermuda",NA,NA,NA,NA,NA,NA,NA,NA,NA,0.00681631245203285,0.0142446072775868,0.0125037056724553,-0.0698933442627966,-0.121812131145879,-0.144922684698498,-0.175613289371055,-0.183553313607333,-0.175474056093385,-0.165701412579569,-0.12250739759579,-0.072017435523397,-0.0351829556517162,-0.0360470700157978,-0.032377558586365,-0.0128023592520058,-0.0128456911343591,-0.0128559828604107,-0.0135637992905917,-0.00823314470799971,-0.00778038791823034,0.00177342448228274,-0.000535342883473953,3.15983199987713e-05,0.000498126601256921
64,"BTN","Bhutan",NA,NA,NA,NA,NA,NA,NA,NA,NA,0.0966889769716344,0.0939330948933437,0.0865766678446893,0.0819054893919346,0.0662943295282361,0.0394142028932962,0.0189286804674691,0.00679241874514003,0.00793866724757075,-0.00180647977479131,-0.0235693420448683,-0.0266797707093215,-0.0154641803414991,-0.000216440239330382,0.0160820250879563,0.0267095965442627,0.043084664564115,0.0597817560421543,0.0665932075867692,0.0645030013674086,0.0516072209277585,0.0321310450031913,0.0219612133850218,0.00769005157625813,-0.00191254015800527
68,"BOL","Bolivia",NA,NA,NA,NA,NA,NA,NA,NA,NA,0.0143642865730307,0.00783604071780397,0.0175089470123662,0.0251961957931395,0.0288318871417801,0.0403621574638322,0.0597042038546447,0.0725907047467094,0.0749719890195979,0.0626432632139755,0.0389892682973496,0.0183235120866971,0.0156020297487318,0.0212315738824482,0.0215544659732634,0.0131054468897871,-0.00616987018136406,-0.0183128576111515,-0.0157998387990373,-0.0168010931110446,-0.017274212998998,-0.0294791037619732,-0.0261386129375294,-0.0132686983114422,0.00976568759198093
70,"BIH","Bosnia and Herzegovina",NA,NA,NA,NA,NA,NA,NA,NA,NA,-0.152279296417621,-0.0724161782007117,0.0188314057255852,0.116202446623731,0.221134917692275,0.176255250704444,0.122801882954213,0.057134422646536,0.0464805447079721,0.0492388617234771,0.0401744284416314,0.0367715808964657,0.0380509081452893,0.0330729742255873,0.0270705118744219,0.0158071675461127,0.00549341987219409,0.00632908325083115,0.0095212323940228,0.0168428844629933,0.0118576830305908,0.00786801113063129,0.0101774241082202,0.00614882236397452,-0.00134771655491961
72,"BWA","Botswana",NA,NA,NA,NA,NA,NA,NA,NA,NA,0.453756921121311,0.429420660580348,0.347771698535737,0.262120924952772,0.155324437955274,0.00886501959018826,0.0199679649764706,0.0217130082359074,0.00892079843889104,0.0110123560354467,0.0118541501325404,0.00615116571738916,-0.022091575390323,-0.0373180901433806,-0.0275310750585255,-0.039957445446449,-0.0376855975804183,-0.0448326720656964,-0.118911601742266,-0.158939398459473,-0.184997298724735,-0.210244551021343,-0.227724307257686,-0.224170650761187,-0.190893006220933
76,"BRA","Brazil",NA,NA,NA,NA,NA,NA,NA,NA,NA,0.0380373461073613,0.0328245020890341,0.0212171926375055,0.00680747724686892,-0.00625469091054109,-0.0158303333858328,-0.0221500274440489,-0.0243158446199663,-0.0216802692287609,-0.024754817846072,-0.0288291576483337,-0.0260771831333598,-0.0208313900560347,-0.014069413276891,-0.00446435803951795,0.00821526854422916,0.0163093490677009,0.0147585055964414,0.0117499185801297,0.00454705080769879,-0.00411461927483525,-0.0102078931421061,-0.0152520769037617,-0.037515752764635,-0.0442064709284796
92,"VGB","British Virgin Islands",NA,NA,NA,NA,NA,NA,NA,NA,NA,NA,NA,NA,NA,NA,NA,NA,NA,NA,NA,NA,NA,NA,NA,NA,NA,NA,NA,NA,NA,NA,NA,NA,NA,NA
96,"BRN","Brunei Darussalam",NA,NA,NA,NA,NA,NA,NA,NA,NA,0.0646633782799826,0.0411020906244368,0.0185480772852538,0.00828361566693503,0.0022358479956488,-0.000424908636023987,-0.00132076057970283,0.0129466659092954,0.0410091080141444,0.0400106926820556,0.0370044133963252,0.0231834619086397,0.0160148501077888,0.0137236144084094,0.00975132485407237,0.00143114289733681,-0.00159024972344861,0.0122779427239039,0.0223743644973396,0.0158322554221072,0.0871376994201263,0.189762000123163,0.282456964281245,0.351967262977559,0.388723362959772
100,"BGR","Bulgaria",NA,NA,NA,NA,NA,NA,NA,NA,NA,0.00407952451489191,-0.00621078561781049,-0.0146599554868206,-0.0385605677944212,-0.0605365697148428,-0.0732292268461709,-0.0655669250428234,-0.0531375537187757,-0.0303265073357897,-0.028922979251228,-0.0499013991111111,-0.092677438324813,-0.0876693503156166,-0.119944751070994,-0.172211771117688,-0.206885459953629,-0.229183037380937,-0.25039874407139,-0.247393399448042,-0.246064058309505,-0.237483610217969,-0.244828661600126,-0.187183380508428,-0.13342538531609,-0.124570845808194
854,"BFA","Burkina Faso",NA,NA,NA,NA,NA,NA,NA,NA,NA,0.0395993393185794,0.0499906700144257,0.0619181977231238,0.0650876693970093,0.0641964562748962,0.0622286483891874,0.0564593735420986,0.0573687009123669,0.0642019267242531,0.0660324366054539,0.0625975060832362,0.0617946604582569,0.0571861265205376,0.0449932533517703,0.0283475185864444,0.0165019302265319,0.0125661584031678,0.0148621900153372,0.0322840395787787,0.0446653896479046,0.0548713418061,0.0634113931544806,0.0637472490662849,0.0607436613786241,0.0474998416386914
108,"BDI","Burundi",NA,NA,NA,NA,NA,NA,NA,NA,NA,0.00970087092949614,-0.0402159347550708,-0.0684537604189708,-0.0971637476067246,-0.124532558537585,-0.130799707567462,-0.130218656906156,-0.111327970378606,-0.07526043616429,-0.0146374317084109,0.00531255747906445,0.0161182303341778,0.0185006243692876,0.0190693139383316,0.0110538497445607,0.0105661471972303,0.00329009357352139,0.000887807824455189,0.00248778487471379,0.00607170528106726,0.0101809284513932,0.0175246325705403,0.0200031592358461,0.0215732516563225,0.0197194382341002
132,"CPV","Cabo Verde",NA,NA,NA,NA,NA,NA,NA,NA,NA,0.0771751088408048,0.0878560316366561,0.103437593615634,0.116231339215105,0.115882179303138,0.113489190308748,0.108962664991637,0.102404296782621,0.095347567395917,0.0713179941431445,0.0529017599198063,0.0333651341530099,0.0314385377305653,0.0279194885314638,0.017500000642841,0.0169089649347913,0.0305307761543501,0.0390971890817156,0.0652590876036743,0.0706666557718738,0.0746640099950437,0.0727390652972404,0.0728685715690223,0.0687833608728399,0.0518149029486634
116,"KHM","Cambodia",NA,NA,NA,NA,NA,NA,NA,NA,NA,0.0739097455450627,0.0914880310164137,0.0928031438648691,0.0992836292187753,0.100633814568046,0.094739620252382,0.122106704499809,0.117602446533853,0.120662947908629,0.123698160539893,0.116110525985935,0.0994718612152012,0.0776242515819028,0.0585404099418443,0.032944355357124,0.0189863049512968,0.0162748455247843,0.0358695853099738,0.0599037640837377,0.0808316736899566,0.107482338430619,0.129085993643743,0.132783200938097,0.120234799566044,0.0944858779540709
120,"CMR","Cameroon",NA,NA,NA,NA,NA,NA,NA,NA,NA,0.00438794620994409,0.0150115386095495,0.0178072279960253,0.020505060938524,0.0232967625373111,0.0282554588124433,0.032751510189764,0.0332399680421995,0.0379232451468752,0.0407530074324183,0.0489597780496933,0.0602756139596066,0.0623949140794231,0.0616712953553704,0.0608974205933279,0.0605123454284908,0.0453447780210059,0.0280927838682807,0.0155340382294331,0.00633982489016738,0.0014162915732443,8.21738634039277e-05,-0.000806369703130527,-0.00115791727351844,0.00252277274417922
124,"CAN","Canada",NA,NA,NA,NA,NA,NA,NA,NA,NA,-0.0240369012364534,-0.019220649447687,-0.0159745477066542,-0.0139088724503841,-0.0137335438028924,-0.0169570769668306,-0.0187790675087711,-0.0233491301868682,-0.0271227898545097,-0.0339885960738501,-0.0477171028023226,-0.0601291759460483,-0.0706710731130969,-0.075077785703887,-0.0743531119089955,-0.0686609951556809,-0.0614695607739115,-0.0546146112392091,-0.0476035420713284,-0.0476404571852652,-0.0556038493924739,-0.0668614011397678,-0.0756532811143645,-0.0769279443542075,-0.0728205743235383
136,"CYM","Cayman Islands",NA,NA,NA,NA,NA,NA,NA,NA,NA,NA,NA,NA,NA,NA,NA,NA,NA,NA,NA,NA,NA,NA,NA,NA,NA,-0.0366794694475625,-0.053764207568224,-0.0513272899424829,-0.0329569707488215,-0.0142314682488518,0.00309280060749595,-0.0039495698053259,-5.276721895215e-05,0.00645851586649537
140,"CAF","Central African Republic",NA,NA,NA,NA,NA,NA,NA,NA,NA,0.0281444718280421,0.0309017592477407,0.0331751625463543,0.0300818872941264,0.0231099294439239,0.0154519103713839,0.00965654876010391,0.00295534757324556,-0.00284666096277453,-0.00485099639494779,-0.00269221508822226,0.00554613583721597,0.00998890849584666,0.0104086468644455,0.006365043191914,0.00501249703997608,0.00921332643812233,0.0101363396292612,0.0161068445716995,0.0222347722724237,0.0304835934312019,0.0426856998277212,0.0471027107117901,0.0449994890596228,0.0345291263978476
148,"TCD","Chad",NA,NA,NA,NA,NA,NA,NA,NA,NA,0.0226603871507494,0.0384082834273862,0.0435273688614424,0.0453097744473188,0.0475294975597418,0.0480769418437363,0.0502224727637759,0.0495523819254777,0.0481052466226934,0.0459896484432205,0.0414165625447769,0.0412355089666421,0.0349339812846123,0.0263956350972956,0.0187599626256905,0.012422890647356,0.0045409771656213,-0.00185171358247116,-0.00135453466209656,0.00277701032367661,0.00780012386107787,0.0144063693571879,0.014983199639264,0.0171653611297646,0.0180592672447255
152,"CHL","Chile",NA,NA,NA,NA,NA,NA,NA,NA,NA,-0.00778228469922626,-0.0104441597256061,-0.0183037531411483,-0.0316031592762646,-0.0446073707913373,-0.0610952421270715,-0.0754765701363687,-0.0847863868541848,-0.0944210030688872,-0.1059222691659,-0.114282174919573,-0.114757114528593,-0.108439124863408,-0.102580993152006,-0.0915872269642102,-0.0876099533742741,-0.0773214288181002,-0.060964078636448,-0.047526099518331,-0.039663977243006,-0.0364193943385749,-0.0314606850670707,-0.0239759491291202,-0.0224889650954788,-0.024616452678931
156,"CHN","China",NA,NA,NA,NA,NA,NA,NA,NA,NA,0.0230657833879779,0.0161743189657713,0.0108478233284404,0.00877310755904803,0.0162556950046777,0.0319029397032056,0.0564130629987984,0.0751146352501548,0.0855185373877845,0.0848338627178771,0.0711147084850323,0.0485703579412622,0.0262852548220303,0.00244152773439682,-0.0193773526339502,-0.0409405266243905,-0.0579880750795896,-0.0758624737513296,-0.0947527802285973,-0.110648809223512,-0.122411821679822,-0.129938937606694,-0.124997701274162,-0.110103900245146,-0.0865444407352541
170,"COL","Colombia",NA,NA,NA,NA,NA,NA,NA,NA,NA,0.00105553214647069,-0.00959130101486114,-0.0182241226733296,-0.0239913443040323,-0.0295962248487877,-0.0389708434743569,-0.0367568751700966,-0.0364351358064132,-0.0245735537624598,-0.0157972035560836,-0.014685936492981,0.000432936166582909,0.0102715909860736,0.0167601499260082,0.034756636035038,0.034204652374014,0.032948451481166,0.0310707485879878,0.0174641603150503,0.00619236336309403,-0.000183540214415472,0.00305096851416176,-0.00731591073481042,-0.0232996324595097,-0.0057664288746091
174,"COM","Comoros",NA,NA,NA,NA,NA,NA,NA,NA,NA,0.00706968403202035,0.0161980854007662,0.0302647897133701,0.0383119760673316,0.0450747793763502,0.052888091318309,0.0641408713295879,0.0626779603780301,0.0520260578609095,0.0447080995488527,0.0386459443734168,0.035942114489071,0.0348360060111885,0.0272406603125368,0.0165283028391221,0.0138931153887718,0.0217569800118305,0.0283708084071375,0.0387018523084197,0.0469345912190373,0.0522745068244708,0.0601864284615048,0.0607641557345804,0.0578489760289018,0.0441583838577462
184,"COK","Cook Islands",NA,NA,NA,NA,NA,NA,NA,NA,NA,NA,NA,NA,NA,NA,NA,NA,NA,NA,NA,NA,NA,NA,NA,NA,NA,NA,NA,NA,NA,NA,NA,NA,NA,NA
188,"CRI","Costa Rica",NA,NA,NA,NA,NA,NA,NA,NA,NA,0.0221151158836148,0.0102747880689726,-0.00146586148524708,-0.00791309940467466,-0.00868020130938607,-0.0043761645196787,0.0058939116745329,0.0162869684300888,0.0293839124015929,0.0356347287710335,0.0330624321573236,0.0281281652174734,0.0340170842220366,0.032760607227291,0.0383055612100349,0.0179981389750605,-0.0268665950751024,-0.0557025211168036,-0.0781223141202991,-0.0928521990672408,-0.115204681402516,-0.128779594075354,-0.121719834369021,-0.0995333171778369,-0.058198048140391
384,"CIV","Cote d'Ivoire",NA,NA,NA,NA,NA,NA,NA,NA,NA,0.0563358734250521,0.0558932031029,0.0522699917376206,0.0392296369674734,0.00536018151292317,-7.44867098929053e-05,-0.00414482876450645,-0.0102944175423011,-0.0256482409842789,-0.0519690798283859,-0.0621616131505277,-0.0468222421793888,-0.0327651380126747,0.0118622963230084,0.0141504114108337,0.0472386436030432,0.0731863421064141,0.0603420626071871,0.0409454373312053,0.0209713693727926,-0.000390258975491165,-0.0159529303340294,-0.0130103711303994,0.0228650832695281,0.033370807906262
191,"HRV","Croatia",NA,NA,NA,NA,NA,NA,NA,NA,NA,-0.0262512314413074,-0.0430846205767883,-0.0546567049531125,-0.0534113347048505,-0.0413672304102972,-0.0408067589433851,-0.0424157666004086,-0.057585292183113,-0.0529582909114564,-0.0376713939184485,-0.0130374056515677,-0.03754165237527,-0.0680041601345009,-0.0951107741422148,-0.0839142655237299,-0.066369831599512,-0.0338034590455064,-0.0447225908646628,-0.108582943628046,-0.163140603114574,-0.149771847964525,-0.144117987004008,-0.150171058090657,-0.148192633769923,-0.144476954618192
192,"CUB","Cuba",NA,NA,NA,NA,NA,NA,NA,NA,NA,NA,NA,NA,NA,NA,NA,NA,NA,NA,NA,NA,NA,NA,NA,NA,NA,NA,NA,NA,NA,NA,NA,NA,NA,NA
531,"CUW","Curacao",NA,NA,NA,NA,NA,NA,NA,NA,NA,NA,NA,NA,NA,NA,NA,NA,NA,NA,NA,-0.0411816194976532,-0.0659570922192472,-0.0469483525029076,-0.0596262078558182,-0.0668995653767301,-0.0664750408893291,-0.0520343494182597,-0.0507057735255894,-0.0147816229935549,-0.0135346804436912,-0.0206065608701936,-0.0500424056499384,-0.0345266183040197,-0.0333333255616095,-0.0419789438229505
196,"CYP","Cyprus",NA,NA,NA,NA,NA,NA,NA,NA,NA,0.0461146233580376,0.0390047267197156,0.0259806044354047,0.0189616625156837,0.0158574095612891,0.0068168107280504,-0.00991049657983722,-0.0323830122664519,-0.0517082866836652,-0.0752187020047186,-0.098785908273412,-0.103203659784263,-0.104560303066666,-0.109788690798738,-0.109991066476119,-0.0940457033731488,-0.0671601037438122,-0.0319126098150964,-0.0167865563546524,-0.0141356226907262,-0.0179034186190693,-0.0243063662558551,-0.0283843223643162,-0.0404337896033211,-0.0605044078793318
203,"CZE","Czechia",NA,NA,NA,NA,NA,NA,NA,NA,NA,-0.176313148330338,-0.200262738513256,-0.211107658125407,-0.213907854036939,-0.200747420913499,-0.177549221208916,-0.142785484938115,-0.0992119338603048,-0.0528488239556602,-0.0326147045788997,-0.039000317766299,-0.040618325891979,-0.042282807209406,-0.0439720848451289,-0.0454484469346629,-0.0481322781889967,-0.0486401729931684,-0.0507740303194082,-0.04856747843711,-0.059239127505251,-0.0750422623921559,-0.090827447355061,-0.10141470079532,-0.101524462786041,-0.102387903112418
180,"COD","Dem. Rep. Congo",NA,NA,NA,NA,NA,NA,NA,NA,NA,-0.0199119077142664,-0.0126347249798473,-0.0123153667675515,-0.0139634947143051,-0.0133900870987943,-0.00986160384689963,-0.00141306713653106,0.0423370711021545,0.0478921208334739,0.0573017015331529,0.06144142809771,0.0605476908369058,0.0610374595862055,0.045396679791164,0.0348460937270196,0.0291266046631147,0.0232491582801175,0.0128422280659717,0.00287621735410593,0.00366098868879772,0.00426845426931877,0.00940865422792903,0.0230106290540864,0.0344283360980802,0.0445458284937459
208,"DNK","Denmark",NA,NA,NA,NA,NA,NA,NA,NA,NA,-0.114507088651531,-0.166441529464048,-0.186475165246474,-0.200878398630112,-0.200291972623115,-0.194780176743586,-0.179943141069497,-0.128795322821335,-0.0898804589594776,-0.0640565078561178,-0.0585658176229502,-0.0757528024094739,-0.093542683138271,-0.110605244087593,-0.103854283120453,-0.0961434631422279,-0.113194119734093,-0.107375630183702,-0.0820990027142846,-0.0595134798038203,-0.0537989467091591,-0.0442540693624791,-0.0383150755172109,-0.0349524749484436,-0.0284184751514184
262,"DJI","Djibouti",NA,NA,NA,NA,NA,NA,NA,NA,NA,0.011363323272004,0.0107988318272216,0.00990533283287672,0.0184122295161855,0.0237425262304782,0.0273929248424198,0.0319920450455171,0.0352198216579924,0.0337722086430796,0.0352075123276245,0.0363106004603069,0.0339187814169666,0.0123185552727725,-0.0018363742919375,-0.0148070613605562,-0.0200542719730746,-0.0131895833376257,-0.00624975828632679,0.0163116574543554,0.0360191272235117,0.0506622456561885,0.0726593920233476,0.0722086901870354,0.0677434818526641,0.0528011738960685
212,"DMA","Dominica",NA,NA,NA,NA,NA,NA,NA,NA,NA,0.0602816231807808,0.0621764985655098,0.0619915140295213,-0.0159735945557215,-0.0818262689025496,-0.122481184138873,-0.141274715288308,-0.156539878884514,-0.1386415927673,-0.119244990683803,-0.0821733097779568,-0.0273143134056028,0.0137642984398114,-0.0113633360600079,-0.0288878445980602,-0.0479820462857944,-0.0590420338957722,-0.0706024519642797,-0.0446706003484826,-0.0350241479726044,-0.0196443579216539,0.00217037194184977,-0.00244325402837454,0.000128286640874276,0.00694757487482422
214,"DOM","Dominican Republic",NA,NA,NA,NA,NA,NA,NA,NA,NA,0.0770772526340167,0.0795379370754616,0.0840201519840778,0.0945380026345222,0.0746155784431692,0.054517211379016,0.04121327381382,0.0222167223269552,0.00643464459846754,-0.00067849340303594,-0.0152592580475367,-0.0210597248121612,-0.0204060074829223,-0.0115295245780985,-0.00802305537834314,-0.0115361396066052,-0.00188044396595861,0.0108254523544669,0.0157090930626571,0.026461495784456,0.0355121266812244,0.0320423247614563,0.0252028694341069,0.0225250720180745,0.0225873368545477
218,"ECU","Ecuador",NA,NA,NA,NA,NA,NA,NA,NA,NA,0.0604026555839614,0.0428647941914992,0.0303334590466635,0.0228575749414437,0.00275178910838392,-0.0102467863014454,-0.0122892240245634,-0.0024162754020196,0.0130758305298149,0.0261943585110684,0.0397573410264962,0.0425028936947447,0.0458706833106417,0.0492619072284544,0.0482061191777476,0.0459967807015385,0.0414207054765685,0.0312836610426999,0.0140712442115163,-0.0017903874952146,-0.0156192808185485,-0.0322634087982231,-0.0393760508460609,-0.0352099221182285,-0.0224160265560673
818,"EGY","Egypt",NA,NA,NA,NA,NA,NA,NA,NA,NA,0.0089806565443995,0.00869233625245891,0.00398236754483983,0.00247903421692408,-0.000285963840255699,-0.00139038849374651,-0.000750875992350908,0.00204956385294452,0.0130674712397723,0.0353995583091526,0.0535402740371786,0.0596073532681181,0.0508254936375465,0.0439770966287729,0.0347922625975032,0.0421513731347998,0.0387688221448965,0.0279949931457397,0.00759460462384687,-0.0197340914872093,-0.0520349628898278,-0.0915550774512239,-0.093587838092667,-0.077729684406405,-0.0555790652347649
222,"SLV","El Salvador",NA,NA,NA,NA,NA,NA,NA,NA,NA,0.0986617733293971,0.0757348560093634,0.0689787866597444,0.0659654696683243,0.0613572132571352,0.0534539015076203,0.0511278810728983,0.0429121388572493,0.0509041684922173,0.0454719888005335,0.0301440177448611,0.00966188541176694,-0.00340314060414116,-0.0103762325913339,-0.020443281487896,-0.029854211188324,-0.0321721437148696,-0.0241281172527679,-0.0293400147986977,-0.0426315084967335,-0.0434153337359754,-0.0612938284433332,-0.0659991847589375,-0.0551627930628155,-0.0586417280302457
226,"GNQ","Equatorial Guinea",NA,NA,NA,NA,NA,NA,NA,NA,NA,0.0815757532704127,0.117086267169057,0.127503423634336,0.237986201535039,0.339200118754347,0.305887672565059,0.262346180958884,0.191881470667245,0.163294147407103,0.0936676508238783,0.0680199016573184,0.0266222932687006,-0.0720608549388037,-0.0979655501623763,-0.0705767053342433,-0.0463282073679726,-0.0418731637360292,-0.0341725059315466,-0.0136128920472577,0.00257675348248243,0.003796739670526,0.00157734015218873,0.00158975111833396,0.00175391002637159,0.00163602113371065
232,"ERI","Eritrea",NA,NA,NA,NA,NA,NA,NA,NA,NA,NA,NA,NA,NA,NA,NA,NA,NA,NA,NA,NA,NA,NA,NA,NA,NA,NA,NA,NA,NA,NA,NA,NA,NA,NA
233,"EST","Estonia",NA,NA,NA,NA,NA,NA,NA,NA,NA,-0.0559727607486585,-0.0923763428586013,-0.0741064613464851,-0.0631396871124006,-0.0480664248408362,-0.0365061742726379,-0.0426416637077311,-0.0434580692183937,-0.0302546506348754,-0.0330560464011123,-0.0475809913854132,-0.0343553777234169,-0.0309301523039271,-0.0586122040158837,-0.0608626510915043,-0.0643680723305708,-0.0774087851341536,-0.0838287442043434,-0.0717869893690642,-0.0694089446356684,-0.104665567568903,-0.133236031957684,-0.136200634722415,-0.139763323701317,-0.128287761653412
748,"SWZ","Eswatini",NA,NA,NA,NA,NA,NA,NA,NA,NA,0.0327396923612335,0.0219654476457785,0.0193607723715772,-0.00509921802345992,-0.0479627268256065,-0.0463956899491883,-0.0437174239489673,-0.0455155891439598,-0.0455749979999492,-0.0423874500277126,-0.0341507713838606,-0.0606730442500598,-0.0694295867258607,-0.0685888769956301,-0.0671330724808177,-0.0595886181024523,-0.05495517084627,-0.0435822326496517,-0.0329008112420089,-0.0166650477706144,0.00661991200556189,-0.0115708695995124,-0.0229996511385313,-0.0210683303711858,-0.0170580209854894
231,"ETH","Ethiopia",NA,NA,NA,NA,NA,NA,NA,NA,NA,0.0297636624268274,0.0454981829410173,0.0698285868501194,0.0613932471499967,0.0542801047951609,0.0549108995927785,0.054610564325404,0.0544583156670058,0.052250462612089,0.0536771663986839,0.0495878977139785,0.044470619318614,0.0479445514865924,0.0506123329787105,0.0533051903586366,0.0515520819219331,0.0443038457461735,0.042518225025358,0.0359554206960959,0.0368666950462126,0.0380009846290468,0.0312293419429506,0.0317111488096162,0.0299715837783485,0.0332407063329618
234,"FRO","Faeroe Islands",NA,NA,NA,NA,NA,NA,NA,NA,NA,NA,NA,NA,NA,NA,NA,NA,NA,NA,NA,NA,NA,NA,NA,NA,NA,NA,NA,-0.0052715784989944,-0.00427911107774404,-0.00318674114475326,-0.00208739947679659,-0.00111437960594862,-0.000386778115759379,-1.09849752516489e-07
238,"FLK","Falkland Islands",NA,NA,NA,NA,NA,NA,NA,NA,NA,NA,NA,NA,NA,NA,NA,NA,NA,NA,NA,NA,NA,NA,NA,NA,NA,NA,NA,NA,NA,NA,NA,NA,NA,NA
242,"FJI","Fiji",NA,NA,NA,NA,NA,NA,NA,NA,NA,0.00984118307226578,0.0170607267790188,0.0300605051501337,0.0282160029859715,0.0336730411171993,0.0495241454101265,0.0690377268468483,0.0806951605636241,0.0521508442911336,0.0110630181533724,-0.0371624027856148,-0.0554419145037321,-0.0580727243746246,-0.0689042000558219,-0.0728955648647363,-0.0559013299512815,-0.02440684892734,0.0126045495003535,0.0294109325362713,0.0412066169390566,0.0260920307303314,0.0209800364400803,0.00638261519282524,-0.00244011397078155,-0.0100306696270252
246,"FIN","Finland",NA,NA,NA,NA,NA,NA,NA,NA,NA,-0.100695337733682,-0.083701315180132,-0.0579135662452008,-0.0430057359267683,-0.022833167300188,-0.0168374313453776,-0.0263604484305527,-0.0199099492521199,-0.0167294278018747,-0.0263992323807211,-0.039250697671308,-0.0481510797581454,-0.0493825196900406,-0.0582732343254603,-0.0559448360387808,-0.048869798898919,-0.0456411445582565,-0.0378500534592088,-0.0700458612471989,-0.0723555356568119,-0.0806122626426439,-0.0854702595570918,-0.0834225233300024,-0.0820770985300511,-0.0814938160574352
250,"FRA","France",NA,NA,NA,NA,NA,NA,NA,NA,NA,-0.0651507561717042,-0.0712577419941619,-0.0697628652883061,-0.0718470736701031,-0.0746068152716707,-0.075301330212676,-0.073895126396796,-0.0690529627524203,-0.0677205896500427,-0.0643804465737379,-0.0667530848994666,-0.0705014689085345,-0.0814560948200342,-0.0899308545026997,-0.0956435187412962,-0.104370278129093,-0.106213919072963,-0.105733766323409,-0.0965669773768854,-0.0867498281254122,-0.08301966645109,-0.0775578048624381,-0.0686996386081029,-0.0576730829044321,-0.0520734512786605
258,"PYF","French Polynesia",NA,NA,NA,NA,NA,NA,NA,NA,NA,NA,NA,NA,NA,NA,NA,NA,NA,NA,NA,NA,NA,NA,NA,NA,NA,NA,NA,NA,NA,NA,NA,NA,NA,NA
266,"GAB","Gabon",NA,NA,NA,NA,NA,NA,NA,NA,NA,0.0622458863494035,0.0416861388401464,0.0308537282371639,0.0199220582998902,0.0148388001614643,0.00931993825701105,0.0168924288575429,0.0281002616897761,0.0445085103791447,0.0630471640793813,0.0709363726772148,0.0828747765039013,0.0862476826926715,0.0811156424290569,0.0799088618995998,0.0561759009591885,0.0393365251174946,0.0243164060921746,-0.015142744696458,-0.0459195283328088,-0.0703297542188676,-0.0800079992298252,-0.0811815498018531,-0.0729438246819861,-0.0481976953366786
270,"GMB","Gambia",NA,NA,NA,NA,NA,NA,NA,NA,NA,0.0332855187296666,0.0435770223820886,0.0580696907963845,0.0656369762345426,0.0676005642766573,0.0682273230148833,0.066776263575735,0.0579570065288721,0.0493897691543481,0.0449793839606814,0.0445903312136435,0.0483743712974174,0.0382655083909396,0.0263845068620512,0.00946699363394221,0.00250426415558413,0.00432957120508903,0.00252541061899247,0.0150817439393305,0.0280119891460162,0.0439778215949473,0.0663841516579842,0.0665439380937738,0.0629399884068562,0.0478197538877561
268,"GEO","Georgia",NA,NA,NA,NA,NA,NA,NA,NA,NA,-0.0153606632358796,-0.0318141263070604,-0.159131100314233,-0.202533801130238,-0.19629554362801,-0.187705302113772,-0.174461563365185,-0.155526309109647,-0.112985773403205,-0.0553577105441563,0.0164237560213505,0.0706808908877461,0.0500415254435329,0.0239478544161318,0.0073931940384413,-0.00308784140635598,-0.00232537243464681,-0.0121575669793677,-0.000651169728299483,0.0118002211902517,0.0318838825821592,0.0245645973436233,0.0143681334967318,0.00643950616238786,0.00605445578794139
276,"DEU","Germany",NA,NA,NA,NA,NA,NA,NA,NA,NA,-0.189127720386904,-0.186533737836089,-0.181570904957824,-0.174064333402909,-0.15769904762304,-0.137230230357326,-0.119833407184276,-0.0977557623970227,-0.0765326207015321,-0.0579765350926035,-0.0496169246593481,-0.0455198592485362,-0.0409030686084013,-0.0377783353067103,-0.0356299300792097,-0.0376729461716342,-0.0369576994637397,-0.0364497928878923,-0.036454553950041,-0.0345393848281668,-0.0417956309190307,-0.0463688783237376,-0.0472086028569074,-0.0430997177140819,-0.0422218698253307
288,"GHA","Ghana",NA,NA,NA,NA,NA,NA,NA,NA,NA,0.093231333124681,0.100128719529738,0.10897685123911,0.135696935643923,0.136741952797559,0.0908485179432883,0.0613416893631016,0.0560119433856747,0.0433420827305664,0.0449543278505113,0.0470081285505426,0.0379977929112005,0.00977334379109923,0.0391437051826646,0.0667364739438663,0.0344491527332653,-0.0060649620759223,0.0190771908185545,0.0406688086574267,0.0372955558190007,0.02354445259764,-0.00238540399633091,-0.0480142587027609,-0.0670050035246695,-0.0665131555908562
300,"GRC","Greece",NA,NA,NA,NA,NA,NA,NA,NA,NA,0.0139321427258554,0.0151541542119675,0.0151363872581605,0.0138067600778298,0.0110038713635592,0.00912474450941159,0.00771594047478863,0.000897088554634884,-0.00481888512364403,-0.0153117651977074,-0.031622246296128,-0.0679471106159273,-0.0907339716456185,-0.0590679801887668,-0.0368951862915301,-0.0255062831325759,-0.010716111060268,-0.00638762075212449,-0.004563878551221,-0.00631989115931626,-0.0119037521588193,-0.0319286184218337,-0.0794205477069988,-0.0776021855617426,-0.0817004925176679
304,"GRL","Greenland",NA,NA,NA,NA,NA,NA,NA,NA,NA,-0.033857721505447,-0.0360192885380736,-0.0380926286442209,-0.040307950416423,-0.0428721482870213,-0.0457223127011979,-0.0489948243535276,-0.047973354525361,-0.0437883049931428,-0.0368756743993622,-0.0281920085411315,-0.0177883069596126,-0.00702682329117432,0.00291068663563534,0.0100280024108796,0.0132185679654664,0.0112115605162717,0.00887762650128132,0.00671236590762825,0.00486109582108973,0.00347278412513852,0.00265367867860444,0.00246166734356446,0.00302395176662373,0.00328892904369416
308,"GRD","Grenada",NA,NA,NA,NA,NA,NA,NA,NA,NA,0.0839301970968387,0.0721988567963729,0.0561816461556299,-0.0281331126196881,-0.0909561221820547,-0.134209627402929,-0.158097093991465,-0.16756436409989,-0.157350382267044,-0.127750437962245,-0.0768207687050996,-0.0223678339097797,0.0157267224503168,-0.00385331749477436,-0.0137553843973316,-0.0368571534406221,-0.0488234070690525,-0.0549510468873792,-0.0512264591688056,-0.0359087809838096,-0.0170422955116507,0.00235371380486704,-0.00361447174361024,0.000155011481221656,0.00677355889224884
320,"GTM","Guatemala",NA,NA,NA,NA,NA,NA,NA,NA,NA,0.122849976311988,0.112566893717305,0.100596370068471,0.0890035477049178,0.0877996640942056,0.0710513831234785,0.0664408838714701,0.0543836174887824,0.040954199783086,0.035206297355072,0.0287520428466723,0.010907166190689,0.00313088879387902,0.000229734365242207,0.00109082816706296,-0.00624271394071518,0.00177689876970044,0.0139947011691315,0.0200503901697149,0.0285204875604126,0.0441699664774553,0.0332382213084528,0.0296615810727483,0.0235384929676241,0.0193544055959864
831,"GGY","Guernsey",NA,NA,NA,NA,NA,NA,NA,NA,NA,NA,NA,NA,NA,NA,NA,NA,NA,NA,NA,NA,NA,NA,NA,NA,NA,NA,NA,NA,NA,NA,NA,NA,NA,NA
324,"GIN","Guinea",NA,NA,NA,NA,NA,NA,NA,NA,NA,0.0208200022610801,0.0225010071077467,0.0285892123738067,0.0274818444072416,0.0246393310630568,0.0231213095515952,0.0228857517781953,0.02212673751673,0.0198255932123257,0.0404980394043044,0.0596996188553169,0.0814688588287267,0.0896953378322527,0.0863907361584406,0.0731807858095452,0.0630867650893838,0.0567424414182458,0.043652035246565,0.0326638332562841,0.0415512532548292,0.0505303195884999,0.0676424565370948,0.0679402069379467,0.0641638326654219,0.0490541530483934
624,"GNB","Guinea-Bissau",NA,NA,NA,NA,NA,NA,NA,NA,NA,-0.0127724719674756,-0.0295561391585458,-0.0352824631490177,-0.0414234554006109,-0.0339428635220568,-0.0195513247194399,2.43649872435636e-05,0.0200387326675318,0.0388512760402977,0.0395450022976589,0.0468116649278727,0.0402443084216935,0.0277676400227,0.00913101331955701,-0.0040058186037083,-0.00717040076829745,0.0011125849345337,0.00599254351785472,0.0205662392083434,0.0326449490305085,0.0454312780779673,0.0594885819480804,0.0598771195229393,0.0568299486318538,0.0433062741695198
328,"GUY","Guyana",NA,NA,NA,NA,NA,NA,NA,NA,NA,0.0123450989293536,0.00505308216345535,-0.0033211103306214,-0.0115619408853864,-0.0191046075388732,-0.0217457774122334,-0.0318675632038004,-0.0511387143612954,-0.0422835214761845,-0.021665277132915,-0.0156958356011885,0.00133745634238047,0.00948214797974889,0.0250175829277883,0.0415502013507736,0.0578771168326295,0.0562681561199814,0.0419518324335946,0.0411398682615356,0.04151843538976,0.0334970976292845,0.0314336203427454,0.0209480773184092,0.0202088792071557,0.022730028427036
332,"HTI","Haiti",NA,NA,NA,NA,NA,NA,NA,NA,NA,0.014680932746115,0.0356202397352097,0.0604640395748373,0.0874992674382959,0.0831092401230791,0.0179576599225013,-0.00286170434412469,-0.0269038568220923,-0.0105230223524669,-0.000305495421883112,0.00435626722000815,0.0144747735423101,0.0520838376037775,0.0955186014127283,0.127925339475971,0.147879105832565,0.15593671585225,0.140361497758539,0.128432652935977,0.0999975518506988,0.0589312638388961,0.0233118559930934,0.0150271321065318,0.00815311908195326,0.00274538569317695
336,"VAT","Holy See",NA,NA,NA,NA,NA,NA,NA,NA,NA,NA,NA,NA,NA,NA,NA,NA,NA,NA,NA,NA,NA,NA,NA,NA,NA,NA,NA,NA,NA,NA,NA,NA,NA,NA
340,"HND","Honduras",NA,NA,NA,NA,NA,NA,NA,NA,NA,0.106442163300259,0.111871250410373,0.116108544724463,0.116298505550898,0.106835488232864,0.103791038817963,0.107690415690027,0.125226449419632,0.122891242770266,0.114465885639401,0.0915513274348154,0.0610834420214983,0.0484347512980341,0.0338732683526521,0.0224568191043661,0.0186503996802962,0.0161551321634881,0.0168035329953682,0.00680423827493004,-0.00549968659538702,-0.00817020094592369,-0.0212329475401262,-0.021257445307203,-0.0145633515598802,-0.00139598744532332
344,"HKG","Hong Kong",NA,NA,NA,NA,NA,NA,NA,NA,NA,-0.0255802403567463,-0.0465675807020863,-0.0539814359424819,-0.0468552888115431,-0.0218528232633425,-0.010997104668361,0.00733482778597616,0.0129026691119016,0.0130712407981251,0.0248916907980117,0.0412653851181781,0.0230215489775323,0.0151716985996848,0.00733421116268396,0.0130687634817011,0.0136447810334901,0.00696243732560342,0.000796411083481718,-0.0019561694793957,-0.00662499431661401,-0.0104693820027209,-0.0544650069209155,-0.0756351452120143,-0.0905547303431804,-0.0955958560671517
348,"HUN","Hungary",NA,NA,NA,NA,NA,NA,NA,NA,NA,-0.0443249973757796,-0.0530334529327726,-0.0644545691721292,-0.0868545891189538,-0.105037490746449,-0.140942146722712,-0.218209959271278,-0.269420710239599,-0.295521481069848,-0.301653232751582,-0.291920462304656,-0.268290855812253,-0.225024026203593,-0.174500848029142,-0.10508414715577,-0.0426122805417295,-0.0435073009169645,-0.0455626523833443,-0.0362184370664129,-0.034034107798906,-0.0524585005598518,-0.0663736130026137,-0.0741465677226741,-0.0794003668048682,-0.0879587696404887
352,"ISL","Iceland",NA,NA,NA,NA,NA,NA,NA,NA,NA,0.0238093507161912,0.036226082393638,0.0331429034683166,0.0382442811322601,0.0421545197330704,0.0360379418718062,0.0227756309576417,0.0113356826874056,0.021064329956231,0.042396392721592,0.0649293671800806,0.0781217827128637,0.0912025774301035,0.104179670365968,0.107652161190172,0.0904483004237382,0.0658023578096336,0.0186977307144601,0.00239155267438228,-0.00198539908328232,-0.00757487264549861,-0.0182956981092487,-0.0205400065812005,-0.018550517652445,-0.0128000771512787
356,"IND","India",NA,NA,NA,NA,NA,NA,NA,NA,NA,0.0449192725954688,0.0423932105436027,0.0407377491621039,0.0389080496956644,0.0368504515619106,0.0362546974177105,0.0384218119301216,0.0448567304619227,0.0515220308321613,0.056369280203846,0.0598412548419216,0.0597626792394634,0.057381278200539,0.0551384689747108,0.0508182642234474,0.0497207118942347,0.047314979239651,0.047273781134491,0.0490633250853447,0.0495668458033807,0.045028859684777,0.0330729973106874,0.0218153463066963,0.0119309591581469,0.00197551078928115
360,"IDN","Indonesia",NA,NA,NA,NA,NA,NA,NA,NA,NA,0.0814456415072697,0.100849499051725,0.118510632132594,0.12404586565014,0.133112797693841,0.125866595307695,0.124522876289596,0.102949503746192,0.0887870701101183,0.0592468246043802,0.0516902960750167,0.0482023701556846,0.0524761257207844,0.0453317309248304,0.0377619176878172,0.0294537669852819,0.0253317273038813,0.0187767018415754,0.0203482990235628,0.0167674714406585,0.0167011767084217,0.0238436614146569,0.0383079323337077,0.0560034862397696,0.0589368180678884
364,"IRN","Iran",NA,NA,NA,NA,NA,NA,NA,NA,NA,0.0545794966439803,0.049376824290517,0.0467905820106715,0.0381948055697721,0.0266277916714834,0.0225713987359191,0.0201012318627218,0.0191861545582455,0.0191951799695138,0.0150300009698214,0.0121523251039877,0.00750142312748592,0.00901020788441897,-0.000844060742662959,-0.0178036582050355,-0.0303318273415237,-0.0391855529330299,-0.0424954282112638,-0.040520625720234,-0.0371240336498749,-0.0306499832240639,-0.0200606940017184,0.000606122242047924,0.0128947869258491,0.0240046965370282
368,"IRQ","Iraq",NA,NA,NA,NA,NA,NA,NA,NA,NA,0.0621534018069738,0.0185883498846328,-0.0305564295083954,-0.0551424700549793,-0.0595979628017113,-0.0494066824909857,-0.0510872240731682,-0.0512995053570448,-0.0343324189798792,-0.0161348181964174,-0.027762856445951,-0.0203475225954665,-0.0011650131200497,0.0166902598564638,0.0452399097649678,0.0704822943879118,0.0737847993917939,0.0690444725150037,0.0485747224551134,0.0397012590948949,0.0326013595320493,0.0211629653461975,0.0176964181451691,0.0232861119568215,0.0388563589814075
372,"IRL","Ireland",NA,NA,NA,NA,NA,NA,NA,NA,NA,-0.0101763910581436,-0.0136243574226905,-0.0150189784218132,-0.0331925547383396,-0.0619618456134736,-0.0831036164714267,-0.0987391992400278,-0.11847143418318,-0.126561809222782,-0.128487085684568,-0.138052611884451,-0.146659573238208,-0.142553913494468,-0.139821915666563,-0.136371101659385,-0.140490484490353,-0.136027687883131,-0.127017162769215,-0.111410556241787,-0.0952462378495581,-0.096780691010838,-0.0985311751998391,-0.0861924643196086,-0.0787060942035015,-0.0686918996701008
833,"IMN","Isle of Man",NA,NA,NA,NA,NA,NA,NA,NA,NA,NA,NA,NA,NA,NA,NA,NA,NA,NA,NA,NA,NA,NA,NA,NA,NA,NA,NA,NA,NA,NA,NA,NA,NA,NA
376,"ISR","Israel",NA,NA,NA,NA,NA,NA,NA,NA,NA,0.0362100252588773,0.033618033719897,0.028554644230431,0.0241826794961475,0.0234919664002482,0.0197805318752164,0.0154803089524227,0.010134949473714,0.00387276555254079,-0.00910055334187176,-0.0208691709229184,-0.0234153029642736,-0.0260234911439408,-0.0143203767858049,-0.0258685629982564,-0.0417521065591862,-0.0538318901144794,-0.0669089314334336,-0.0768152474427373,-0.0897666911619023,-0.093993153998384,-0.0923105126602631,-0.0872443066117131,-0.0655981867445364,-0.0660013507423854
380,"ITA","Italy",NA,NA,NA,NA,NA,NA,NA,NA,NA,-0.0712276537314672,-0.0809727770575973,-0.0886458036930885,-0.0940680539167442,-0.101840606187333,-0.105565551612159,-0.110136720753551,-0.109566111986701,-0.106528480546314,-0.106261412373314,-0.110192963413328,-0.115348387225494,-0.116786248893519,-0.0822325660959819,-0.0424539918693868,-0.0186892716148093,-0.00918763942800119,-0.00817026693562117,-0.0218385002224996,-0.0601835131214001,-0.0683417367577003,-0.0528380906771026,-0.0791745300649663,-0.0733143359889208,-0.0756824847808569
388,"JAM","Jamaica",NA,NA,NA,NA,NA,NA,NA,NA,NA,0.0244456159740658,0.0251376840333133,0.0247068467636411,0.0246564268196947,0.0234021313712212,0.018481516306756,0.0116593119588635,0.0128308070418683,0.0102785207204508,-0.000267342143945454,-0.0267935930635382,-0.040272669383374,-0.042164928961209,-0.032225682327869,-0.0202337239166758,-0.0128167440484657,-0.0089044133276578,-0.0131462796304232,-0.0203706819716866,0.00320036362209275,0.00740728468241625,-0.027857899807043,-0.0712220471052652,-0.0878602829324115,-0.0846320106341336
392,"JPN","Japan",NA,NA,NA,NA,NA,NA,NA,NA,NA,-0.0514043474121102,-0.0433505963696066,-0.0332729314529866,-0.0371201443108578,-0.0415415451028681,-0.0449586913670263,-0.0434795691292001,-0.0419685154473568,-0.0489856621324424,-0.059423759488391,-0.0684968946491235,-0.0683939137858968,-0.0598663470135841,-0.0468061910919316,-0.0371009466583647,-0.0298448632031462,-0.0304086103574588,-0.0318680529518921,-0.0358387989166162,-0.0433977143031246,-0.0567979267157245,-0.0836852826765828,-0.0945350406408625,-0.0934292779858011,-0.0926863254558449
832,"JEY","Jersey",NA,NA,NA,NA,NA,NA,NA,NA,NA,NA,NA,NA,NA,NA,NA,NA,NA,NA,NA,NA,NA,NA,NA,NA,NA,NA,NA,NA,NA,NA,NA,NA,NA,NA
400,"JOR","Jordan",NA,NA,NA,NA,NA,NA,NA,NA,NA,0.0445409577330838,0.0470975133039815,0.0428212689882044,0.0449364120351405,0.0386455751421602,0.0197934300890916,0.00675727850989194,-0.0109026964895097,-0.0319703513890182,-0.0513967623971231,-0.0762453387217406,-0.0686784157271091,-0.0435192047703413,-0.00659724848201271,0.0248167809045274,0.0535839187333773,0.0636242717896858,0.0300458886201123,0.000750671608668263,-0.0482846325164591,-0.112212081880257,-0.154321597994391,-0.16634116021078,-0.158635124834608,-0.137463483176793
398,"KAZ","Kazakhstan",NA,NA,NA,NA,NA,NA,NA,NA,NA,-0.00185753475882048,-0.00148166516796577,-0.00305208839910888,-0.000665095546300602,0.0166147935166172,0.0324347862211991,0.0324613661451945,0.0277542714519385,0.0141439537384158,-0.0010339216446047,-0.034800104783811,-0.0614138793575699,-0.0728202905590272,-0.0794879611441653,-0.0746127479327924,-0.0718458899617005,-0.0688070903171468,-0.0573117821846558,-0.0396535316396093,-0.0226110554794998,-0.0222340606900467,-0.0225118195256011,-0.00695482361463817,0.00224770356017334,0.0238332433037618
404,"KEN","Kenya",NA,NA,NA,NA,NA,NA,NA,NA,NA,0.0158745080741578,0.0311222004978693,0.0375925663795802,0.0375512504478313,0.0279402832105671,0.0225290629782404,0.0205818497839667,0.0317271486813986,0.0314708580360619,0.0373645587960714,0.0465944555194229,0.0648066270884986,0.0772088751471371,0.0641746740527986,0.0403376378654345,0.0238461785116744,-0.0202993563775239,-0.042768093705331,-0.0543844397686651,-0.0671591373806385,-0.0708474667708747,-0.0755908191618629,-0.0573127684982285,-0.0465359256704084,-0.0290938009562461
296,"KIR","Kiribati",NA,NA,NA,NA,NA,NA,NA,NA,NA,0.0547562328758062,0.0556101521015862,0.0427133911666606,0.0587402985267493,0.0712314966513397,0.0710054361494228,0.0740048949293253,0.100448717348976,0.0767052044401022,0.0660067958438404,0.0284571994859901,0.0192821801793763,-0.0120149668916519,-0.0133897618455311,-0.0171129577335788,-0.0175452088596383,0.000881677258118163,0.0281826282204063,0.0262163346459572,0.0335861143705194,0.0171186962647087,0.0139495537581944,0.00410320097802974,-0.00254581784510999,-0.00908095433682221
689,"XKX","Kosovo",NA,NA,NA,NA,NA,NA,NA,NA,NA,NA,NA,NA,NA,NA,NA,NA,NA,NA,NA,0.032914541165622,0.0292228114620998,0.0333825172274373,0.0299179192313208,0.0296312525094615,0.0194510922338564,0.0145067933642395,0.0104702795637288,-0.0033378365611586,-0.0122463905005277,-0.0105865260244614,-0.00418745458710157,0.00158906476655885,0.00219577296852247,0.00191468326247857
414,"KWT","Kuwait",NA,NA,NA,NA,NA,NA,NA,NA,NA,0.0220692551133643,0.0894795803788553,0.166311278717982,0.200954845814397,0.190305006182698,0.192468506965704,0.181448680192975,0.14009074801465,0.0900770936659434,0.063124007320031,0.0476618393136004,0.0323570369034976,0.0219440132018256,0.013808409830274,0.00212744123056674,-0.0124182791427309,-0.0178969589793199,-0.0216995909517541,-0.024462317661439,-0.0257500466134994,-0.0330619945845358,-0.0313346787913197,-0.0251058740700143,-0.0243452032566657,-0.018310397168972
417,"KGZ","Kyrgyzstan",NA,NA,NA,NA,NA,NA,NA,NA,NA,-0.00433388671586362,-0.0104043787712086,-0.0389426626439662,-0.0518947804521217,-0.0147439233221507,0.00832809729902806,-0.000621321332478497,0.00543054889077932,0.0214900417126784,0.0496940567677291,0.0648783105984077,0.067216488016776,0.0515814919694941,0.0637582659885862,0.0686931406894937,0.0649549608272855,0.0557898752597183,0.0348145017143282,0.0208209159451003,0.0281599040622398,0.0228090379648502,0.00754268234304845,0.00109089940089135,0.0106551552243823,0.0103622491193365
418,"LAO","Laos",NA,NA,NA,NA,NA,NA,NA,NA,NA,0.112739619992641,0.104311005015816,0.0989327948572363,0.0960608874431186,0.0891640344295883,0.0746562603931293,0.0614844447197407,0.0612605229881118,0.0680903552486534,0.0848505229182379,0.107068594353456,0.12331971404992,0.139509997110522,0.150089331928948,0.167191493721599,0.156075036709146,0.150280179638559,0.127062816427006,0.105457906638219,0.0887894974685588,0.0714878364809552,0.0560225304954434,0.0468034979664902,0.0417234646786659,0.0536722003703451
428,"LVA","Latvia",NA,NA,NA,NA,NA,NA,NA,NA,NA,-0.0416510156587706,-0.131695471827572,-0.158085542157591,-0.179559508773477,-0.194100046964374,-0.199873640577186,-0.204372609301441,-0.187980588800539,-0.165088777597659,-0.139949397103651,-0.108216709532926,-0.110425570860231,-0.108505566208499,-0.101426534098311,-0.0943798824600398,-0.0646386943022811,-0.0494593967813025,-0.0539106420674889,-0.0572184456703241,-0.0395092662633132,-0.0192222623825312,-0.0197229001333317,-0.0127408472755487,-0.00243254601626264,0.00177335667955969
422,"LBN","Lebanon",NA,NA,NA,NA,NA,NA,NA,NA,NA,0.0921607009858596,0.0755318147414437,0.0725884234616729,0.04317093050098,0.0175849314082894,0.00300768382447258,-0.00911997273412801,-0.0241213022235742,-0.0272703763720465,-0.0247364634111104,-0.0131466249327439,-0.00840195836142664,0.00544325685602987,0.0115954075282028,0.016147208777765,0.0303882560605868,0.0418145660255376,0.0416304724844292,0.0428964947393051,0.0449452695682919,0.0484490483737716,0.0291942684486393,-0.002457260616403,-0.0168686971839591,-0.0196480116530725
426,"LSO","Lesotho",NA,NA,NA,NA,NA,NA,NA,NA,NA,0.00484657304314529,0.00397816119153993,0.00365790829258228,0.00245187324319263,0.00118695546740488,-0.000572680536345849,0.205659825575337,0.395682891829169,0.549311892303841,0.666493227240294,0.719451719766827,0.702440914868949,0.586599482457712,0.416731327817857,0.196205464398542,-0.0236682152675874,-0.0399655369845394,-0.053391433501487,-0.0563040322504467,-0.0463949635560034,-0.0297785518150248,-0.00756850413965415,0.00834878142567725,0.0143518406354498,0.00941018295307037
430,"LBR","Liberia",NA,NA,NA,NA,NA,NA,NA,NA,NA,0.0207607254185374,0.0503023520916335,0.0671975614906153,0.0712266155962564,0.074651823247134,0.0779503045694998,0.0856176539239721,0.0868404385320953,0.074240886705782,0.0477790447598151,0.0235758318943415,0.0387684072234422,0.0384022204603849,0.0294705207394292,0.0169874162288295,0.0150309385223346,0.0291079086322159,0.0427805585607115,0.0562770574768823,0.0585195936474929,0.0517953266268216,0.0650398605796256,0.065099878193501,0.0615672408797316,0.047274172447143
434,"LBY","Libya",NA,NA,NA,NA,NA,NA,NA,NA,NA,0.0552943925789406,0.0487539661787311,0.0370950711394373,0.0217379185140241,0.00683061207443947,-0.00732369697835666,-0.00584128628566438,-0.00747448045241261,-0.0178891699849415,-0.0226317900017509,-0.0172920768739017,-0.0110164610262707,-0.0190804900795161,-0.0136661648517539,-0.00786999108282696,-0.00777250390388965,-0.00525526505464908,-0.00702195493294533,-0.0151650046917926,-0.0220784331148922,-0.0284139630306578,-0.037772183294421,-0.0404868367436034,-0.0551028046476554,-0.0616824054286265
438,"LIE","Liechtenstein",NA,NA,NA,NA,NA,NA,NA,NA,NA,NA,NA,NA,NA,NA,NA,NA,NA,NA,NA,0.00222767588401296,-0.00168988793868083,-0.00551716856740891,-0.00859255562600062,-0.0109050478528111,-0.0125651365661117,-0.0118838910945149,-0.0130586630444007,-0.0119746145885526,-0.00979762745736024,-0.00739137921270738,-0.00492897449143037,-0.00270732846860466,-0.000980891510093507,NA
440,"LTU","Lithuania",NA,NA,NA,NA,NA,NA,NA,NA,NA,-0.0151035175520993,-0.0400709891529155,-0.1020036717956,-0.108270794410138,-0.124794164938373,-0.126111773533359,-0.125763957623419,-0.113458482577362,-0.110308426895196,-0.0816518651974585,-0.0635138728507998,-0.0650685773624033,-0.054719530636345,-0.0273418581707363,-0.032155960054378,-0.0388938863735248,-0.0323977070922872,-0.022237613564971,-0.0295047297826759,-0.0338140835358849,-0.0445898708635971,-0.0495792803715608,-0.0489657642078321,-0.0232970293200361,-0.0177313102150803
442,"LUX","Luxembourg",NA,NA,NA,NA,NA,NA,NA,NA,NA,-0.183119789178487,-0.197504140931027,-0.188117715149496,-0.179151227133823,-0.155048609248574,-0.122009138103462,-0.100346067248611,-0.0597542005604966,-0.0410823083024233,-0.064957825221583,-0.0817266455128433,-0.0882262121294224,-0.0886710073339864,-0.0860333085220266,-0.0793507505726663,-0.0757284854327477,-0.0716222792258941,-0.0699310421028032,-0.0640741692297325,-0.0704421323660345,-0.0698690690160042,-0.0740881617781267,-0.0870199001108199,-0.0872236728259598,-0.0781664553521559
446,"MAC","Macao",NA,NA,NA,NA,NA,NA,NA,NA,NA,0.0595764877678335,0.0557250378833807,0.0565608312183823,0.0518105451142206,0.0532023152243424,0.0518372312965296,0.0409865774920031,0.0218920558595894,-0.0063339662246622,-0.0477015075921309,-0.0802143960360476,-0.121702335227278,-0.141697578198606,-0.148301423824261,-0.140404411605011,-0.115448707813307,-0.077596550391675,-0.0385859184922567,-0.00412187182256696,0.011494489152532,0.0353300133507062,0.0176907834360855,6.28347009898889e-05,-0.00513243099738487,-0.00454216080285819
450,"MDG","Madagascar",NA,NA,NA,NA,NA,NA,NA,NA,NA,0.110166699926084,0.0943158364454857,0.0734022496479554,0.0320691547176795,0.00363954223736629,-0.00467071364146418,-0.00294378199914145,-0.00466771769913489,-0.00330389098925978,0.00643367003030959,0.0203731981271691,0.0320567757166488,0.0547918286434397,0.0730518326651313,0.0984368158900888,0.118967515905335,0.128545305589356,0.12385036334047,0.119775303817706,0.103812644752172,0.0868070974041624,0.0581514172422721,0.0478716636967322,0.0491162358721722,0.0510543987387442
454,"MWI","Malawi",NA,NA,NA,NA,NA,NA,NA,NA,NA,0.0775006881627751,0.0370461798481732,-0.00462171935729467,-0.0333238805908726,-0.0587123787887821,-0.0702950240642406,-0.0883248393255094,-0.093275540091562,-0.0834724646155455,-0.066117829268494,-0.0195185359718782,-0.0145256281741224,-0.0186361600726123,-0.0183423009657271,-0.0193467399108528,-0.00767483597551821,-0.00559831607096017,-0.00202454887821057,0.00821410489530017,0.0176868766115652,0.0241090052117114,0.0375561942902696,0.0417094002938156,0.0414243070001288,0.0315440325151943
458,"MYS","Malaysia",NA,NA,NA,NA,NA,NA,NA,NA,NA,0.031220103831459,0.0218262003812428,0.0175924937437415,0.017734165150225,0.0166501669253187,0.0176760120609825,0.011586381708699,0.0121789513233126,0.0241020054676215,0.0287317389937713,0.0264808030497483,0.033334338178002,0.0399361851739992,0.0478480660203993,0.0512681912661728,0.056044920613247,0.0511482269151917,0.0370508259115698,0.0321564027545835,0.0213254445457289,0.00446406879997618,-0.00131044526930568,-0.0106793877416264,-0.0149336554836299,-0.017164932074222
462,"MDV","Maldives",NA,NA,NA,NA,NA,NA,NA,NA,NA,0.112598146206605,0.110649853929787,0.115594801870274,0.150026924288116,0.155380330244329,0.149382888185714,0.130025119734911,0.11364322685995,0.0873661301201551,0.0519826184437246,0.0298419842717419,0.00327354249976142,-0.0148047109189841,-0.0160335923040291,-0.0213115643347658,-0.0104436023288654,-0.00756753194939241,0.00699085669092248,0.0122645961414649,0.024220622432342,0.0294276365480248,0.0191043316181194,0.00301081189190633,-0.012031395567715,-0.0222119842714031
466,"MLI","Mali",NA,NA,NA,NA,NA,NA,NA,NA,NA,0.0490171564724329,0.0601328166065185,0.0716687257866058,0.0740133678801498,0.0698553883380149,0.0645450435191823,0.0578747999993188,0.0482021878104479,0.0360116080444306,0.0375272079829716,0.0411923201167244,0.0461097531004022,0.0417639367863609,0.0319700820733253,0.0184034939912145,0.0119178626590195,0.0121549796831952,0.0126059573809607,0.0206976087814656,0.0300240983829614,0.0412127114564118,0.0567388907663728,0.0573376303076494,0.0542243781982499,0.0431463929621849
470,"MLT","Malta",NA,NA,NA,NA,NA,NA,NA,NA,NA,0.0415905311651865,0.0278488273831703,0.0122659127819282,-0.00521968486116398,-0.00107627533374799,-0.0513265242517388,-0.0870111446548918,-0.107416068321477,-0.11585540108839,-0.118457101159537,-0.125384811936556,-0.127299756184143,-0.11557219602163,-0.093497225913206,-0.0632706046740708,-0.0737118980820312,-0.103014282927693,-0.135317264748004,-0.200089162879995,-0.305973044680532,-0.372262979588842,-0.395051779972674,-0.394205757995826,-0.364647330288756,-0.316308521704589
584,"MHL","Marshall Islands",NA,NA,NA,NA,NA,NA,NA,NA,NA,0.0397697127694774,0.0340287793360821,0.0354056311699622,0.0447500613641858,0.0615497108160807,0.0670432564010304,0.0606389728168644,0.0465623128973818,0.0248143574133461,0.00495299695469242,-0.0164481598547678,-0.0394196129743967,-0.0529585558255018,-0.0542082605565247,-0.0473482865378321,-0.0338217640629633,-0.0217898551714989,-0.00473351226545315,0.00771596950979681,0.0225782598227224,0.0302722882881714,0.0225643505652813,0.00751405222049328,-0.00702898609192393,-0.0167364785164867
478,"MRT","Mauritania",NA,NA,NA,NA,NA,NA,NA,NA,NA,-0.0808174521105615,-0.109953460043296,-0.117532400230801,-0.115465175258923,-0.105593786629464,-0.07981148406845,-0.0437258653677458,-0.00067376456017087,0.0552187256358176,0.0607491600099372,0.0604654533879994,0.0567144045048806,0.0504802947717029,0.0386939924492378,0.0208189465328583,0.00786274523051955,0.00656118050986687,0.00315832617413636,0.0161739468871418,0.0252056109790517,0.0392004666820476,0.0540552606569829,0.056775155131211,0.0578125742435966,0.0486170216863964
480,"MUS","Mauritius",NA,NA,NA,NA,NA,NA,NA,NA,NA,0.0591340509483307,0.0685756699216491,0.0789506176004802,0.0789715629792205,0.0860539021343301,0.0868711295193236,0.0813479939738611,0.07387891698871,0.0629713681335358,0.0494677633986409,0.0405644692554661,0.0384239825913715,0.0366581292880939,0.0320548482511367,0.0286479401826323,0.0217961148805339,0.0144914517923482,0.0140747410335578,0.0160219504631671,0.0145776053280768,0.0110100419995844,0.00218491417414213,-0.000499257326962268,-0.000357145959501523,0.00115726347033651
484,"MEX","Mexico",NA,NA,NA,NA,NA,NA,NA,NA,NA,0.0220022310990646,0.0175808145513761,0.0126823021552522,0.00496954258852722,-0.00142939396911495,-0.00603856410342052,-0.0142436460150014,-0.0256951799758963,-0.0260148845891398,-0.0126034761862267,-0.00973092038352164,-0.0077785734315492,-0.00396944550874623,-0.000218452890272849,0.00368849417197303,0.00364580507857371,0.0108520410029764,0.00850232766192005,0.00290742331089766,2.97349894387011e-05,0.00142817857169697,-0.00133107378902875,-0.0102840087301654,-0.0210525764998023,-0.0255516187637493
583,"FSM","Micronesia",NA,NA,NA,NA,NA,NA,NA,NA,NA,0.044172889748302,0.0651203585984972,0.0921230095688794,0.105816321043908,0.113095024470733,0.0977393376736766,0.0608176598679773,0.00253488973468241,-0.0232691533236181,-0.0478262058099948,-0.0392732990940055,-0.0445211983336611,-0.0692071881542037,-0.0663916113883192,-0.0536582369645181,-0.0360673452870294,-0.0200995214550509,-0.0107569401407062,-0.00561296206845951,6.25886174949449e-05,0.0182900355449622,0.0140216678792173,0.00402976637084551,-0.00268804175339074,-0.00939033802089184
498,"MDA","Moldova",NA,NA,NA,NA,NA,NA,NA,NA,NA,-0.00375377806684173,-0.0118352954516928,-0.02819289682992,-0.0560328825302575,-0.139450613539603,-0.154821554387698,-0.143609712177475,-0.110539082675686,-0.0884309437179334,-0.0536743066969312,-0.0321104189976682,-0.0278932084721749,-0.0294861786348872,-0.0261698220074951,-0.00551557766938016,-0.00894792085938168,-0.0133988035875223,-0.009362673775274,-0.00716914038338723,-0.00635509583431804,0.00114105595697933,0.00386395079216162,0.0151316485070339,0.0393472505823189,0.0424817081340396
492,"MCO","Monaco",NA,NA,NA,NA,NA,NA,NA,NA,NA,NA,NA,NA,NA,NA,NA,NA,NA,NA,NA,NA,NA,NA,NA,NA,NA,NA,NA,NA,NA,NA,NA,NA,NA,NA
496,"MNG","Mongolia",NA,NA,NA,NA,NA,NA,NA,NA,NA,-0.0539826230033018,-0.0515683253417332,-0.0367629080467813,-0.0206625261491742,-0.0100097664557081,-0.00357069484743089,0.0118602238372281,0.0218616660712827,0.0306403472397654,0.033780659114792,0.0391201508888763,0.0438864042286518,0.0483145273716599,0.0552784484753086,0.0583867497458452,0.053586721329909,0.0480909063643109,0.0467976128850776,0.0458782745181112,0.0439598010942006,0.0443600639604176,0.0352363489717635,0.0329221191744633,0.0334779680119321,0.0404928230569017
499,"MNE","Montenegro",NA,NA,NA,NA,NA,NA,NA,NA,NA,NA,NA,NA,NA,NA,NA,NA,0.241222672321012,0.27364539811302,0.285273869310707,0.236313952744384,0.219305965805898,0.189372479599692,0.134686184697321,0.0569564712765536,-0.0288944935725225,-0.0385188982876969,-0.05658401717891,-0.0780763340433953,-0.0819285514785181,-0.12503763410691,-0.141303028047386,-0.140685848294549,-0.134509075295476,-0.128957765727298
504,"MAR","Morocco",NA,NA,NA,NA,NA,NA,NA,NA,NA,0.0136003186450446,0.00894037272305659,0.00671825062561138,0.0102892064809037,0.0106703905810623,0.0215698003587221,0.0285686491972763,0.0285927028354493,0.0296267894429303,0.033647444607404,0.0210894908663548,0.0109039897779473,0.0069851752653276,0.00494233691767887,-0.00654276997142944,-0.0117427602766885,-0.014617847300885,-0.0188857325577864,-0.0176704435810258,-0.00839411903554144,-0.00884969252864365,-0.00625194138879659,0.00810782088864914,0.0284028283839006,0.0311029666853808
508,"MOZ","Mozambique",NA,NA,NA,NA,NA,NA,NA,NA,NA,-0.0058379854353825,0.0147472530008301,0.0579613424632079,0.100172272983886,0.158955433195121,0.206743109271973,0.239381705171765,0.23149464120092,0.204109390512268,0.154530728056621,0.0931840118648681,0.0395101173029302,0.0170489062900303,-0.00768167824828359,-0.013660854528796,-0.00631468346223929,-0.00180048684029699,0.0149052872095967,0.0338511539276336,0.0343321789534785,0.0307340507216527,0.0251798671723109,0.0197005501537815,0.014132930085808,0.0086223871038742
104,"MMR","Myanmar",NA,NA,NA,NA,NA,NA,NA,NA,NA,0.048369769126434,0.0716740459805303,0.0868250340547299,0.0939420896021197,0.104499746853388,0.0929906223606443,0.086267542395706,0.0718347359187417,0.0503761379112162,0.0167969879056233,-0.00760526092662872,-0.0138097261453564,-0.0151729569897272,-0.00798330919424783,0.0186447601535176,0.031622912921671,0.0513851190985373,0.0797465455435185,0.125273429566532,0.149196208264591,0.162729246913747,0.159529701119134,0.133501400104793,0.0775886890217272,0.0134780866455384
516,"NAM","Namibia",NA,NA,NA,NA,NA,NA,NA,NA,NA,-0.207979574037396,-0.199836352339458,-0.151678368500624,-0.0930942035562763,0.000796450889321232,0.120561952770394,0.246588333070726,0.321096521747797,0.409676894797949,0.387549428442709,0.207449596087001,0.147033967110884,0.116445633306001,0.0653182794340541,0.0320015193901371,0.0220253839633897,0.00655209112294619,-0.00676851421227032,-0.0133881033572446,-0.0263289505338059,-0.0358742834745608,-0.053501881562508,-0.06425656989594,-0.0665621068529479,-0.0733440663073222
520,"NRU","Nauru",NA,NA,NA,NA,NA,NA,NA,NA,NA,NA,NA,NA,NA,NA,NA,NA,NA,NA,NA,NA,NA,NA,NA,NA,NA,NA,NA,NA,NA,NA,NA,NA,NA,NA
524,"NPL","Nepal",NA,NA,NA,NA,NA,NA,NA,NA,NA,0.0783927522450347,0.0842103091355333,0.0893899347290996,0.0724073911228316,0.0581869600465628,0.0478670494948223,0.0405357290479034,0.0186303254697846,0.00502540111150873,-0.0199268455791574,-0.0223996385406964,-0.00773270295513673,0.0138214613487864,0.0284484249207289,0.0384834476381897,0.0536495052458947,0.0748997795132611,0.0953499472755837,0.119658190604864,0.126645432462829,0.120549620601964,0.130848440872233,0.12989081902646,0.114621399137603,0.0894174413727953
528,"NLD","Netherlands",NA,NA,NA,NA,NA,NA,NA,NA,NA,-0.0830320473717251,-0.0904455537334978,-0.0912582703581341,-0.0913095490796237,-0.0890678271776747,-0.0801148388926296,-0.0689913067511352,-0.0553158083681581,-0.0454516290344325,-0.0438984097904355,-0.0545435534541888,-0.0712390744751836,-0.0796282953535368,-0.085249021332594,-0.0939540481448217,-0.0929490448280546,-0.0848465703607304,-0.0717174850124355,-0.0555380049586155,-0.0446345254120369,-0.0487438924838871,-0.0594406542877971,-0.0611111176123171,-0.0529686628831258,-0.0557548400644394
540,"NCL","New Caledonia",NA,NA,NA,NA,NA,NA,NA,NA,NA,NA,NA,NA,NA,NA,NA,NA,NA,NA,NA,NA,NA,NA,NA,NA,NA,NA,NA,NA,NA,NA,NA,NA,NA,NA
554,"NZL","New Zealand",NA,NA,NA,NA,NA,NA,NA,NA,NA,0.0143355142197241,0.015825020566435,0.0172266197283069,0.0216143610421182,0.031970464432646,0.0365594060427337,0.0461766801715831,0.0478072875096207,0.0395837102011647,0.034292705513717,0.0209894859772677,0.00857564425464519,-0.000601672136970892,-0.0065386871271812,-0.0052912478904461,-0.0067882589599223,-0.00146717282011921,-0.00106680361371081,-0.000978034677188675,0.00677384193053454,0.00946301812390771,0.00553754475763868,0.00630027383157272,0.00480616948646984,0.00231431938388793
558,"NIC","Nicaragua",NA,NA,NA,NA,NA,NA,NA,NA,NA,0.0724140768182489,0.0766201669171727,0.0747412418340618,0.079117415088225,0.0754629260473201,0.0705646123098822,0.0583052748639754,0.0505612569513372,0.0351528096204266,0.0238889848025805,0.00946928597946073,-0.000497048205070016,-0.00492085025679845,-0.00981042108448849,-0.0170787808515562,-0.0170608796866147,-0.0147578150997695,-0.0083069230132623,-0.00832907505691138,-0.0109006431237397,-0.0121007100495063,-0.0311744162951045,-0.0364381103432704,-0.0397660894521427,-0.0439463159519574
562,"NER","Niger",NA,NA,NA,NA,NA,NA,NA,NA,NA,0.0301538359689513,0.0239889333302015,0.0163985070006936,0.00442873794305987,0.00510653467059941,0.00549552358660654,0.00197551083320979,0.00387653036574398,0.00725006758419955,0.0206104324609973,0.0390765275930307,0.0550189691440937,0.0660860280348483,0.0733598388425114,0.0811020794463488,0.0695714094907507,0.052046364544613,0.0326591081685377,0.0146051339060345,-0.00875069043155341,-0.0242772142789218,-0.0190830982301877,-0.0109600735895983,0.000133002885833769,0.0235574492591046
566,"NGA","Nigeria",NA,NA,NA,NA,NA,NA,NA,NA,NA,0.0114533850655039,-0.00768280992936743,-0.01385997166158,0.0034474311485615,0.017835395331772,0.0197417362013388,0.0167834900601374,0.00704974368517974,-0.0148526985162394,-0.02988389850274,-0.0528000206201336,-0.0612537452508729,-0.0571998025430162,-0.0437390186634801,-0.0132602882150963,0.0215062548555123,0.0467058788166927,0.0618560993513191,0.053496127434949,0.0571114741124792,0.0354627682455899,0.0209356387099431,0.0136646256601312,0.00868902634518021,0.0135594531871823
570,"NIU","Niue",NA,NA,NA,NA,NA,NA,NA,NA,NA,NA,NA,NA,NA,NA,NA,NA,NA,NA,NA,NA,NA,NA,NA,NA,NA,NA,NA,NA,NA,NA,NA,NA,NA,NA
408,"PRK","North Korea",NA,NA,NA,NA,NA,NA,NA,NA,NA,NA,NA,NA,NA,NA,NA,NA,NA,NA,NA,NA,NA,NA,NA,NA,NA,NA,NA,NA,NA,NA,NA,NA,NA,NA
807,"MKD","North Macedonia",NA,NA,NA,NA,NA,NA,NA,NA,NA,0.00371449951625946,0.0194839343730535,0.0231030396114484,0.0161367944504329,0.00902555959808216,0.00173682437453349,-0.00205776475870456,-0.0111409056983814,-0.0142450006199732,-0.0219438937100662,-0.0158784878606014,-0.015839612914181,-0.00162961408123152,-0.00119364648140019,-0.00693879782100981,-0.0100018068850108,-0.0171896690093895,-0.0318449329691056,-0.0458764458442645,-0.0642271851176258,-0.0268516357718004,-0.0132996588532276,0.00282548059836141,0.0324289723458862,0.0464762365024529
578,"NOR","Norway",NA,NA,NA,NA,NA,NA,NA,NA,NA,-0.0569658179369971,-0.0473384195050328,-0.0474966371673029,-0.0547126782345597,-0.0502376505635387,-0.0388732532656942,-0.0315532708211227,-0.0231291253687762,-0.0171118788485767,-0.0117404052730088,-0.0178239457556413,-0.0161860081107915,-0.0194093695333866,-0.0330236193959832,-0.0365855846544021,-0.0327523464699566,-0.0341279018712076,-0.035745502732531,-0.0384439437029164,-0.0345789754166763,-0.0408261757268464,-0.0372855817300345,-0.0319600572039634,-0.0283425289054915,-0.0235884993580333
512,"OMN","Oman",NA,NA,NA,NA,NA,NA,NA,NA,NA,0.00985541670690337,-0.0210649769477788,-0.00694009055711209,0.013013371184688,0.0265175600751049,0.041617574595378,0.0600214235617129,0.0680831347661699,0.0508521753125093,-0.0226049514405466,-0.0688797073206977,-0.0928470291362968,-0.112830704602522,-0.092924900326518,-0.065891084685923,-0.0193161164243842,0.0177086310276278,0.0380893092230792,0.0666319920915077,0.0503898377445224,0.0203550072299485,-0.00922449265439741,-0.0564448208795426,-0.083537493741258,-0.102227967766578
586,"PAK","Pakistan",NA,NA,NA,NA,NA,NA,NA,NA,NA,0.0745719772965321,0.0634059742590107,0.0460211564284416,0.0299948667047194,0.00279866021934061,-0.00830655691148596,-0.0147186368240084,-0.00882116642261388,0.00230045686225266,0.00973495364637667,0.0253373671081312,0.0368657569345388,0.0432073562267441,0.0466220441876031,0.0302728890885597,0.0236433547308281,0.0100923365709285,0.0115739499089185,0.00991778788770858,-0.0112603019088166,-0.0112763751537031,-0.00628873191857449,0.00439314268361146,0.0151277974475161,0.0278652632732914
585,"PLW","Palau",NA,NA,NA,NA,NA,NA,NA,NA,NA,-0.0570511274463021,-0.0297546253051992,0.036324048865074,0.0644497700710867,0.0909314742669731,0.0982554611355708,0.0938624787959577,0.0832809410206599,0.0583996537353046,0.0347172470867598,0.00820894413784079,-0.0218522697764766,-0.0219880032982937,-0.0181324129211823,-0.00773037667412611,-0.00400976575918233,-0.000564130410987758,0.00848247678628367,0.00875324026392699,0.0154839620160667,0.0192658800446444,0.0142432058768074,0.00411531549348854,-0.000591674836214992,-0.00195526695405039
591,"PAN","Panama",NA,NA,NA,NA,NA,NA,NA,NA,NA,0.0676474700179097,0.0580677472006854,0.0743079545262719,0.0658994029832913,0.064484136138873,0.0559946348539762,0.0810277652287321,0.0981490037848687,0.0859297312428824,0.0670571641030433,0.0516381825175694,0.0457906955669789,0.0579890980183877,0.0440370047824108,0.0267528057222792,-0.00309991009019805,0.00868266545517526,0.0220401054842025,0.0104181336796385,-0.0330659155136601,-0.0301755884725933,-0.0389733510180179,-0.0495907917339992,-0.0358717639141406,-0.0258519021112169
598,"PNG","Papua New Guinea",NA,NA,NA,NA,NA,NA,NA,NA,NA,0.0313644645518907,0.0350919681118027,0.0484356175732488,0.0324195896278548,0.0423464155835542,0.0841276546896195,0.103341019389356,0.0836885927464752,0.0807352902093419,0.0661938723963917,0.041674818416378,0.0102843035294793,-0.00818149404939528,-0.0155178520977688,-0.0163210360208537,-0.00868229975473889,-0.00441653875235914,-0.00202219216174686,0.0114463838593726,0.0169956674815865,0.023417790354433,0.0138652603670069,0.00403508591937007,-0.0019001755980649,-0.00911502213027426
600,"PRY","Paraguay",NA,NA,NA,NA,NA,NA,NA,NA,NA,0.089495771155236,0.0700765796001876,0.0439754994035968,0.0272919297148628,0.00913664658061086,0.00323999257176499,-0.00212051092866257,-0.00806213679386114,-0.0318609118552604,-0.0397729341160105,-0.0392872671568487,-0.0404965149882932,-0.0377177419718138,-0.0267378037173956,-0.0183741259646553,-0.0244441208233436,-0.0292837433110347,-0.0229776427230456,-0.043352397384521,-0.052320410755913,-0.0558086830657401,-0.0547091448144266,-0.0353524838093697,-0.0119295546018435,0.012953225501019
604,"PER","Peru",NA,NA,NA,NA,NA,NA,NA,NA,NA,0.0387270619225475,0.0161265596373399,0.0172525172448361,0.0145520852071914,0.010712591885446,0.0131478628617667,0.0132101005262251,0.0108627219822646,-0.0141263358155244,-0.0210452534440555,-0.0261312045407677,-0.029884280715512,-0.0233004413610607,-0.0181906557371861,-0.00673902836908391,0.00415078935263247,0.0156163297505261,0.0259187892986894,0.0132865905559001,0.0124621220256675,0.00568992194497042,0.00153304925468212,0.0019467383409586,-0.00112093471000152,0.00124365067623433
608,"PHL","Philippines",NA,NA,NA,NA,NA,NA,NA,NA,NA,0.0769048752926351,0.0579004717893135,0.033577958091267,0.00390542819043516,-0.0210552321021589,-0.0395575716752998,-0.0522000941928533,-0.0567974046504367,-0.0508588940288268,-0.0393505909230047,-0.0360005203679391,-0.0342638105981206,-0.0443746215176543,-0.0686774336120146,-0.0645158492444176,-0.0547897669884501,-0.0453436780256286,-0.0289165311508315,-0.00657933412674183,0.0108112183120355,0.0328782452515977,0.054885948325464,0.0601296736575967,0.04260951779181,0.041959718009021
616,"POL","Poland",NA,NA,NA,NA,NA,NA,NA,NA,NA,-0.0553139418789167,-0.0647215074981836,-0.0692376297720236,-0.0760228520171751,-0.0784720183705047,-0.0772949546352791,-0.0716893641279048,-0.0547782001350748,-0.0415147300622661,-0.0413009990013861,-0.048388556383691,-0.0520997880086129,-0.0562432061817101,-0.0602624855536085,-0.0639372075972496,-0.0662614236567038,-0.0641852160039491,-0.0631659333911084,-0.0585381985834598,-0.0623292148140726,-0.0784548472056338,-0.0827616830351845,-0.0817056795475248,-0.0793064981559202,-0.0796448337028515
620,"PRT","Portugal",NA,NA,NA,NA,NA,NA,NA,NA,NA,-0.00645021176959915,-0.00756919523589961,-0.0128666266875477,-0.00550418551124987,-0.0279145726695053,-0.0475378360338086,-0.0545211055381379,-0.074288956798649,-0.0865275399936249,-0.103297100043062,-0.122942078963297,-0.141369565149579,-0.15124430707362,-0.149646814914065,-0.117264701816483,-0.0805300809808362,-0.0450927093524107,-0.0299012397520427,-0.0302009493302942,-0.0427823627420674,-0.0347488105081634,-0.0341321297903503,-0.0307109114245876,-0.0275451293690631,-0.027183858781597
634,"QAT","Qatar",NA,NA,NA,NA,NA,NA,NA,NA,NA,0.0247373495016698,0.0252259359303884,0.0150346408405,0.0493544106561339,0.071256436414332,0.0901366603245228,0.0822481230409984,0.0809538607833244,0.1049149284589,0.111969403058692,0.0823009347044676,0.0251480064197551,-0.0390938118101948,-0.0483027411170326,-0.0429798927823439,-0.048701610295135,-0.0712937373191589,-0.0820464721175154,-0.0269971297942684,0.00824114671748915,0.00549222293453178,-0.0107503016678129,-0.0318323244557704,-0.0488549632123716,-0.0484452522015353
178,"COG","Republic of Congo",NA,NA,NA,NA,NA,NA,NA,NA,NA,-0.0898538982980482,-0.0816071325797865,-0.0432361094883704,-0.0240268047494724,0.028488316202903,0.0507301983747934,0.089631418138588,0.126563558707695,0.13564857559788,0.160820249437585,0.167345356063385,0.169485568142763,0.184759642769475,0.151862747232387,0.149962100334393,0.133766845501965,0.104119518686673,0.0682724938362411,0.027203209808411,0.0111148240733461,0.00100344053964618,-0.0034938941283832,0.0230949951878379,0.042614440653915,0.0625559289131641
642,"ROU","Romania",NA,NA,NA,NA,NA,NA,NA,NA,NA,-0.0293348680386819,-0.0477281900926105,-0.0487434264922869,-0.0467727514978827,-0.0336815773693135,-0.0223666362120246,-0.00370781529487928,0.0195447333020327,0.0248400778463709,0.017995676902353,-0.00177485317739012,-0.0295860696462943,-0.0546608469924181,-0.086210153770142,-0.111271638428787,-0.134169881359314,-0.149524066426336,-0.165268522715839,-0.183648506557551,-0.187233459905865,-0.1723836933382,-0.168163116826026,-0.145752590733642,-0.121120268869983,-0.102233463822462
643,"RUS","Russia",NA,NA,NA,NA,NA,NA,NA,NA,NA,-0.00112185662327548,-0.00320765349846461,-0.00937821757291582,-0.0222761871115265,-0.0207428814272684,-0.0151195336839673,-0.0114434555900663,-0.00795314552001947,-0.00979145390346459,-0.0111391004327805,-0.0175057705778047,-0.0187501592820182,-0.0138966114925496,-0.00833312966176991,-0.00696430652071034,-0.00477672797632167,-0.00356344396170916,-0.00384086366682535,-0.0132340829216386,-0.0125340982740725,-0.0162681203232529,-0.0195726171472486,-0.018045456038675,-0.0119161539126252,-0.0105267786716262
646,"RWA","Rwanda",NA,NA,NA,NA,NA,NA,NA,NA,NA,0.0159982437946675,0.0324407712947321,0.0410347136561084,0.0490787120245018,0.0434025003357192,0.0264672552749874,0.0195391693791491,0.0127773456855318,0.00741637539339535,-0.000690203538403211,-0.00729418376250335,-0.00075771418639733,0.00450157080307378,0.0202926903798439,0.0314640410966802,0.0388654202106957,0.0318379880866544,0.0283370156487981,0.0308858140722277,0.0348786055166486,0.0291888169415015,0.0230993244908211,0.0268128033440311,0.0540151193071845,0.0858884897854792
652,"BLM","Saint Barthelemy",NA,NA,NA,NA,NA,NA,NA,NA,NA,NA,NA,NA,NA,NA,NA,NA,NA,NA,NA,NA,NA,NA,NA,NA,NA,NA,NA,NA,NA,NA,NA,NA,NA,NA
659,"KNA","Saint Kitts and Nevis",NA,NA,NA,NA,NA,NA,NA,NA,NA,0.123590340294416,0.11589538061804,0.134536015411249,0.0606502486937766,0.00988898408186278,-0.0292695393964459,-0.061332349318395,-0.0848780953894155,-0.07919334181701,-0.0642429931600227,-0.0367885623391011,-0.0116437520344973,0.0225331499523478,-0.00456128822964383,-0.0256480130661134,-0.0405650616596517,-0.0492536851979414,-0.0544442167775524,-0.0479655212685197,-0.0348349399270209,-0.0158225686939116,0.00234055959164281,-0.0034390349270889,0.000112182528965166,0.00686519502945004
662,"LCA","Saint Lucia",NA,NA,NA,NA,NA,NA,NA,NA,NA,0.100359798858945,0.0763676612387427,0.0517638086056833,-0.0373573225788028,-0.107239847122021,-0.149326460923666,-0.16799878125168,-0.172026517370983,-0.161259953583682,-0.134896824853932,-0.0901270485438544,-0.0374342851803489,0.00819460086673551,-0.0132850687663932,-0.0251409119044494,-0.0366793635870689,-0.0428406225291095,-0.0479506786337849,-0.0426532631899864,-0.0296657971884966,-0.0139129845636479,0.00276131913340838,-0.000969775121512888,0.000263506747849362,0.00648920386695084
882,"WSM","Samoa",NA,NA,NA,NA,NA,NA,NA,NA,NA,0.0160587404765486,0.0144550360792068,0.0175700839328321,0.0270770178094333,0.0418034018072975,0.0443952630924758,0.0440556554781679,0.038441634176718,0.0237910679421429,0.0137277181127347,0.00855858154989941,0.00184157126023399,0.000458985241230669,0.00478648685632033,0.00920677120487223,0.0159136199867249,0.0218507256868889,0.0278654088745176,0.0235717085984593,0.0250362253372116,0.0243722406645268,0.0139616676240655,0.00401048400799864,-0.00157137477848259,-0.00919487515688011
674,"SMR","San Marino",NA,NA,NA,NA,NA,NA,NA,NA,NA,NA,NA,NA,NA,NA,NA,NA,NA,NA,NA,NA,NA,NA,NA,NA,NA,NA,NA,NA,NA,NA,NA,NA,NA,NA
678,"STP","Sao Tome and Principe",NA,NA,NA,NA,NA,NA,NA,NA,NA,0.00925490006946328,0.0146913724540745,0.0283461658769457,0.0395480953210414,0.0504829005348055,0.0653591997831726,0.0782165974589573,0.0889951717331501,0.0893667461713155,0.0810684827330106,0.0724679065479112,0.0624157429726513,0.0462302843766553,0.0271123627283107,0.00691648777179954,0.00108273510240831,0.00702677419703091,0.0167535535945167,0.0344939882561779,0.0435319412619983,0.0550964787586712,0.071268675441474,0.071417368634793,0.0674561007465129,0.0509111418858372
682,"SAU","Saudi Arabia",NA,NA,NA,NA,NA,NA,NA,NA,NA,0.0454115630686209,0.0423711022400541,0.0336947742778806,0.0277614812316722,0.0242349698891648,0.0242372750888227,0.0227112929825144,0.028826214446463,0.0271396260198498,0.0331708705425362,0.0428920587937773,0.0561976379675078,0.0589655532193469,0.0572101798882625,0.0539085717374754,0.050622188774339,0.0480621809398212,0.0469739248859089,0.0364694360951332,0.0194110758152244,0.00435494406912507,-0.00367490643393501,-0.0101152087862588,-0.00921406090325061,-0.00986512813991003
686,"SEN","Senegal",NA,NA,NA,NA,NA,NA,NA,NA,NA,0.0408718259938752,0.0386404377812866,0.0378818012936077,0.0403665227439907,0.0331675977803354,0.0336667163298774,0.0335223547504944,0.028502902135819,0.02995048667947,0.0294172246872781,0.0411516652798101,0.0382763874915244,0.0346128638657162,0.0291671624518819,0.0235734094861968,0.0287706612607697,0.0421032509476233,0.0523900372034416,0.0614737024337213,0.0618843866012926,0.0659998311683454,0.0647396763317809,0.0625209717296848,0.0587482246001008,0.0496347763373188
688,"SRB","Serbia",NA,NA,NA,NA,NA,NA,NA,NA,NA,NA,NA,NA,NA,NA,-0.0398997957328212,-0.0426370427032383,-0.0357824408696007,-0.0235068995884701,-0.0139982169792263,-0.011802538958082,-0.00116456618486349,-0.000602462040811713,-0.00106021203396978,-0.000756547358602977,-0.0142347038931044,-0.0179687308374484,-0.0171799535135514,-0.0193753085718203,-0.0230216181150265,-0.0235720234908627,-0.021967020986394,-0.0169896601575074,-0.0138273910242025,-0.00998337225634294
690,"SYC","Seychelles",NA,NA,NA,NA,NA,NA,NA,NA,NA,0.182822184949169,0.197838607396702,0.222212601280778,0.215310029200102,0.185887687174698,0.171948869895758,0.135462465003839,0.0878808973635505,0.0655497973783752,0.051094158291713,0.0454526017342693,0.0367171296044835,0.0211694509289408,-0.00739390255060113,-0.0382769283854405,-0.0472270264140278,-0.0449027871250596,-0.0347726757771772,-0.0198334029853996,0.00151900882437528,0.0300033700480689,0.0580260593862116,0.0614197679408701,0.0634404635331791,0.0547486142599669
694,"SLE","Sierra Leone",NA,NA,NA,NA,NA,NA,NA,NA,NA,-0.00376191336102134,0.00693455446130464,0.0246391503392883,0.0697516801368849,0.0801347253847693,0.085462919167812,0.0787211211101213,0.080848010727407,0.0653522398082811,0.0493273138664052,0.030798998858065,0.0185985903118171,0.0197293773883367,0.0199872944735271,0.015430255903121,0.0169823929356032,0.0172126951898652,0.0286119774465652,0.0378677862559396,0.0456677367761931,0.0505060137799052,0.0570219887212942,0.0575693283693444,0.0550198845335133,0.0423683464689282
702,"SGP","Singapore",NA,NA,NA,NA,NA,NA,NA,NA,NA,-0.0127354946118039,-0.0286822383942779,-0.0421133828120228,-0.0565410343056797,-0.0650025897118146,-0.0597999745603046,-0.0521191533345641,-0.0465931563414698,-0.029945259950845,-0.0236372448316154,-0.0243065297916077,-0.0301407693387706,-0.0222040229914767,-0.026703632788377,-0.0460844705039979,-0.0510152062954419,-0.0596961845491538,-0.0762336143188028,-0.077434418589224,-0.0938179443814952,-0.108260540062975,-0.131869758904792,-0.146150985534812,-0.167742533421019,-0.171617706683088
534,"SXM","Sint Maarten",NA,NA,NA,NA,NA,NA,NA,NA,NA,NA,NA,NA,NA,NA,NA,NA,NA,NA,NA,NA,NA,NA,NA,NA,NA,NA,NA,NA,-0.0200635336146449,0.000348913622719773,0.0020787363907957,-0.00306788084869652,2.88373049528445e-05,0.00705037419559362
703,"SVK","Slovakia",NA,NA,NA,NA,NA,NA,NA,NA,NA,-0.0210021549929708,-0.0164570749612791,-0.00942992995917047,-0.0142312915302875,-0.0170752373506396,-0.0237454112558679,-0.032814380410859,-0.0402824367155327,-0.0550186721205735,-0.0642326777776135,-0.0720683307083025,-0.068036443391548,-0.0552330323148781,-0.0572204337414322,-0.0561301956291188,-0.0607452144155377,-0.0406487051894571,-0.0669676074500687,-0.0892869654267668,-0.118107705767882,-0.14999170295931,-0.170128232179174,-0.170961134910516,-0.165774487664688,-0.153712507535263
705,"SVN","Slovenia",NA,NA,NA,NA,NA,NA,NA,NA,NA,-0.0854100134493218,-0.0886787348537448,-0.107044707850082,-0.112034264827742,-0.107904932361794,-0.101430329516194,-0.116208268177446,-0.163502797661968,-0.194854354986394,-0.217005518817885,-0.2316413602188,-0.225195110310613,-0.21399964449777,-0.18930096152007,-0.151906339350839,-0.113762615920324,-0.0847716343908116,-0.0944468724644552,-0.0976371892017229,-0.101407769052331,-0.110796516359785,-0.114518170725472,-0.106364982132493,-0.0919069343544218,-0.0721466124134166
90,"SLB","Solomon Islands",NA,NA,NA,NA,NA,NA,NA,NA,NA,0.00708425070452545,0.005104688253808,0.00329956449716635,0.00332408047403356,0.00540144182030179,0.0044136050721578,0.00425394242550075,0.00339769705600193,0.00040010468452877,-0.0092519227211173,-0.0171866530966072,-0.0254676731870119,-0.031934195588551,-0.0287625315736144,-0.0217992498486556,-0.0130780290177901,-0.0047382308904832,0.00368535470510367,0.00422384227224937,0.0113894264286123,0.0172969552415216,0.0141343657814228,0.00416661325126322,-0.00161941054527144,-0.00802077610867281
706,"SOM","Somalia",NA,NA,NA,NA,NA,NA,NA,NA,NA,NA,0.0564669245640834,0.105017228548352,0.143483400534591,0.167143578941663,0.176874467401328,0.175944216935743,0.155716855917406,0.123101982790011,0.0743191860418424,0.0178289884558527,0.0139540223668042,0.00277920517708385,-0.00598169204405885,-0.0155158976967968,-0.017264239242332,-0.0104387961772018,-0.00540357105132983,0.0068734412732423,0.0186939312328045,0.0308017918406913,0.0451830144570513,0.0461799510832384,0.0444683451581551,0.0346981255296757
710,"ZAF","South Africa",NA,NA,NA,NA,NA,NA,NA,NA,NA,0.0159871432827681,0.0179351707104147,0.0241232789239676,0.0262252836522516,0.026857450704348,0.028749772306397,0.0264252629126096,0.0248921933593171,0.0267735444194377,0.0335190709280728,0.0266350096961658,0.0212118712645069,0.0173846246630449,0.014879099680684,0.013430752135299,0.0166571158297626,0.0120005451211391,0.00601306585530459,0.00218772143147361,0.00457442770777483,0.00315279097757992,0.00469404409061824,-0.000491280862457422,-0.00490227245629804,-0.00833726657425249
410,"KOR","South Korea",NA,NA,NA,NA,NA,NA,NA,NA,NA,-0.106673682812987,-0.118615071925731,-0.118875664549474,-0.110603942899231,-0.0953606951025577,-0.0787329832633947,-0.0652937766684641,-0.0482143443260067,-0.0347682055150855,-0.0329423889548551,-0.0387206109356945,-0.0383551745633415,-0.0318439827533435,-0.0243909305661436,-0.0176810221634059,-0.018389030137279,-0.0208841778270934,-0.0152207756410587,-0.0204123867322094,-0.0248712239843693,-0.0376269047969728,-0.0611714779502066,-0.078409736325268,-0.0904335534417041,-0.0946638933214109
728,"SSD","South Sudan",NA,NA,NA,NA,NA,NA,NA,NA,NA,NA,NA,NA,NA,NA,NA,NA,NA,NA,NA,NA,NA,NA,NA,NA,NA,NA,NA,NA,NA,NA,0.011823827572203,0.0208875026096778,0.00908489117611249,0.00582175126484745
724,"ESP","Spain",NA,NA,NA,NA,NA,NA,NA,NA,NA,-0.0411807608600665,-0.0454531172560348,-0.0468179166253214,-0.038205192921085,-0.0387199094830434,-0.0340263656914624,-0.0311040780631024,-0.0374112295561938,-0.0384236019515268,-0.0898319225340148,-0.137780644479536,-0.17838895950145,-0.197188342347279,-0.195271743228161,-0.198311991400415,-0.157591764147789,-0.0813957732451897,-0.0571486853565474,-0.0328900252534489,-0.0274093726062623,-0.0380222689399761,-0.0724109212941181,-0.0881296453704962,-0.0948387789097428,-0.108468787488165
144,"LKA","Sri Lanka",NA,NA,NA,NA,NA,NA,NA,NA,NA,0.11330886295113,0.117948357607067,0.112099145352297,0.112970475862334,0.111698027525721,0.100314978152908,0.065720654113538,0.0416510844903966,0.0183537743569775,0.000110664478329056,-0.0158345615193338,-0.021596708297839,-0.0161903742087091,-0.00383667399122113,-0.00477373066990316,0.0122951048642739,0.0226573533642982,0.0273758611204749,0.0358053570828967,0.0341020583077283,0.035027090828621,0.0311608922502402,0.0288051170552692,0.0244962637909145,0.00137685795585885
670,"VCT","St. Vincent and the Grenadines",NA,NA,NA,NA,NA,NA,NA,NA,NA,0.109879989928731,0.0901485984552035,0.0707835203850069,-0.0219064598170153,-0.0820776003243572,-0.115995735395552,-0.136349764352082,-0.146694705373341,-0.143031701722576,-0.115051027934809,-0.0684767079934402,-0.0267945892560654,0.00981282342681378,-0.00873913491069983,-0.0233961344503361,-0.0305111911514815,-0.0357867414100845,-0.0517074641183794,-0.0467397602161573,-0.0333219428735224,-0.0152172287676678,0.00218037061730048,-0.00405216291034882,0.000109478489194625,0.00688771687647316
275,"PSE","State of Palestine",NA,NA,NA,NA,NA,NA,NA,NA,NA,NA,NA,NA,NA,NA,NA,NA,NA,NA,NA,NA,NA,NA,NA,NA,NA,NA,NA,NA,NA,NA,NA,NA,NA,NA
729,"SDN","Sudan",NA,NA,NA,NA,NA,NA,NA,NA,NA,-0.0634275779727155,-0.0352084999969392,0.00519656035243243,0.0516576757862979,0.0451546077608365,0.0602377409150772,0.0744063033568325,0.088111422570244,0.107375170916356,0.127121269653427,0.131668542912173,0.127340149326975,0.11542100394095,0.0980866132748455,0.0732154216520189,-0.00747838800160095,-0.037972827424681,-0.026310561397751,-0.0468405236684629,-0.0551964502437282,-0.0588542468552468,-0.0595696287390369,-0.0532227276418462,-0.0312696635981862,-0.0135748190003398
740,"SUR","Suriname",NA,NA,NA,NA,NA,NA,NA,NA,NA,0.0177888346392785,-0.0081249074887626,-0.021090586970033,-0.0728165094373883,-0.100091369222552,-0.106570895569147,-0.0878358003351845,-0.079076067474641,-0.0715799142031619,-0.0561405638147883,-0.0329287954418785,-0.00205465864758914,0.0587357195020866,0.0730669309419223,0.0851700731445164,0.113561575819882,0.158377437401339,0.161971528670661,0.128114044394015,0.0777459858268472,0.0321955318824465,-0.00319667553204636,-0.0151955008864497,-0.0145488606179605,-0.0114328613474954
752,"SWE","Sweden",NA,NA,NA,NA,NA,NA,NA,NA,NA,-0.0850604381560088,-0.0894145969299568,-0.0889177522379266,-0.0830976552349137,-0.0757884990080652,-0.0687687858381625,-0.0609524083294205,-0.0482853211646147,-0.0409202072278805,-0.0341898285410441,-0.037894365029454,-0.0358394841973497,-0.0376779215262403,-0.0382511955823053,-0.0375675293405001,-0.0447930859784955,-0.056417789972465,-0.0573529541977796,-0.0577348956950103,-0.0526159681228521,-0.0525054699046746,-0.0569505784433889,-0.0545835828238449,-0.0485921761884558,-0.0421484485456879
756,"CHE","Switzerland",NA,NA,NA,NA,NA,NA,NA,NA,NA,-0.0776497200508063,-0.0814833192361918,-0.0736324118402025,-0.0707466154207002,-0.0690566264497453,-0.064072585685907,-0.0568531548876288,-0.048149018146597,-0.0491429662820848,-0.043305827328988,-0.0510392153099795,-0.0591496464012767,-0.0663265295637827,-0.0723946853519698,-0.0746671386144379,-0.0755321523337731,-0.0812784954952301,-0.0861496551692524,-0.0924663036868835,-0.0910591531042966,-0.0918946766505091,-0.0904738495459853,-0.0911809026764657,-0.0856934262493229,-0.0741748015623127
760,"SYR","Syria",NA,NA,NA,NA,NA,NA,NA,NA,NA,0.0199572195432094,0.0151121345996301,0.0217138844495834,0.0191368053559304,0.0139262453264504,0.0101186434667135,0.0249350394783245,0.0432115045588324,0.0541196945007456,0.0678704706674069,0.0671231594491404,0.0539751309777228,0.0393525189842681,0.0017609558728493,-0.0180212424865427,-0.0237575528261541,-0.0204888731945177,-0.0164042046164015,-0.0114309052484353,-0.00454185957616467,-0.00295436297204999,-0.00270047169132269,-0.000969477012473407,0.0163752332496227,NA
158,"TWN","Taiwan",NA,NA,NA,NA,NA,NA,NA,NA,NA,-0.0797054603574809,-0.0930980060044806,-0.0994582956950143,-0.101655104346964,-0.0987109763301364,-0.0938052773972496,-0.0865664123331987,-0.0774337024400832,-0.0672617822549723,-0.0588892479785544,-0.0695307960648506,-0.0746137712027291,-0.0698310829547976,-0.0684982814709674,-0.0666605494120547,-0.0628513025790219,-0.0588231131720878,-0.0485306204592965,-0.0438632369977585,-0.050898316310665,-0.0680898845287295,-0.0848141212276136,-0.0894414961125136,-0.0982359424548248,-0.103702252600416
762,"TJK","Tajikistan",NA,NA,NA,NA,NA,NA,NA,NA,NA,-0.00102877610445839,-0.00166800225068255,-0.0054330794485959,-0.0159477256440582,-0.0192754366794479,-0.00042708563693927,0.016797073439712,0.0340437632172026,0.0440111308619824,0.0492347647872231,0.0497964811289535,0.0471872696596187,0.0348406329360138,0.025516679594173,0.017874468669135,0.0101984862090416,0.00859458047284711,0.0302495575605453,0.0602651440470074,0.0905768925056991,0.105773237185681,0.121787021081718,0.115313839128942,0.0975462744974691,0.0722296929620707
834,"TZA","Tanzania",NA,NA,NA,NA,NA,NA,NA,NA,NA,0.0570854439371997,0.0586766729387305,0.0540685845041098,0.0480074443939862,0.0418285154802251,0.0632225296632838,0.081434592565828,0.101069439533894,0.0844468254454409,0.0491909788937683,0.00912853564548111,-0.00805715566634202,-0.0132037033649545,-0.00727007665094337,-0.000588729341950307,0.0143124017650238,0.0380156327656487,0.0407028220782,0.0195660469965551,-0.0182392924643962,-0.0555561463279534,-0.0795278335119348,-0.0809361726945708,-0.0638012995144059,-0.0333414838311148
764,"THA","Thailand",NA,NA,NA,NA,NA,NA,NA,NA,NA,-0.00498648820582174,-0.0538383619978736,-0.0964114268902877,-0.122976658843507,-0.139278662590658,-0.131299467476527,-0.108978204446662,-0.0858818880351871,-0.0578841291753001,-0.0402872249786244,-0.0346193909852909,-0.0339155569090848,-0.0361736100297849,-0.0386431576881558,-0.0385078474333469,-0.0271453697186451,-0.0153107741041353,-0.00506802031409326,-0.00338095116068482,-0.0109990234008447,-0.0204525290775974,-0.0297465341904772,-0.0282870315670365,-0.0229096282663692,-0.0198677559263983
626,"TLS","Timor-Leste",NA,NA,NA,NA,NA,NA,NA,NA,NA,-0.00860751254383707,-0.0178710624041631,-0.0239390782190382,0.128766811882638,0.268615059985993,0.384793969313173,0.452227343145633,0.477583610462864,0.449327092023745,0.383409502357973,0.278599932736775,0.11809836689185,-0.0297819120953737,-0.0294486126543253,-0.027689344150886,-0.0193904107091143,-0.0110275473996041,-0.000778066335293981,0.000454906672931373,0.0107348410744521,0.0169795529106707,0.0137649132902797,0.00326675167844443,-0.00221395609544672,-0.00835319685236824
768,"TGO","Togo",NA,NA,NA,NA,NA,NA,NA,NA,NA,0.0862615966652884,0.113667969212187,0.117421517648247,0.0891730075275587,0.0475119621136368,0.0383773468733648,0.00573187935113206,0.00762481618304567,-0.0142922588636807,-0.0245751453410482,0.0324587961277742,0.0903262638760405,0.0808263633916553,0.065337316598602,0.0513313116627994,0.0833992690199969,0.0489445547179179,0.0662249744081185,0.0269916663467964,-0.0144934587143168,-0.012318606455421,0.00909923523412859,-0.0103167178537829,-0.0331571477282727,-0.0636499723160664
776,"TON","Tonga",NA,NA,NA,NA,NA,NA,NA,NA,NA,0.0310377107768174,0.0233779318940444,0.0274929967296813,0.0264476478596081,0.0442960627826967,0.0500278962407059,0.0503017410133704,0.0362961715775623,0.0174739721915695,0.000471831327324201,0.00237704319075793,-0.00470832318228871,-0.0325662841422826,-0.0485640606292103,-0.0462294897231517,-0.0437293717215164,-0.0377928781706035,-0.0219314716560544,-0.0212413164683809,-0.00862305933479302,0.0096780155271341,0.0136510585969871,0.00392990766953338,-0.00214247364044975,-0.00911990851187994
780,"TTO","Trinidad and Tobago",NA,NA,NA,NA,NA,NA,NA,NA,NA,-0.0144147119796328,-0.0660181973977241,-0.0938335968566287,-0.133100781979075,-0.162212659655082,-0.171333768533824,-0.145665679131772,-0.139717295887433,-0.112690528224942,-0.121711623287384,-0.0551526235095934,-0.0606940444135976,-0.00770989117315002,-0.0643254260601293,-0.101022224228412,-0.0721257700029123,-0.0206506162138806,-0.00292046628406817,0.0297030393123141,0.0102185023778976,0.0102902914756079,-0.0738643473808429,-0.0270711739521583,-0.0369671546259935,-0.0307408812301583
788,"TUN","Tunisia",NA,NA,NA,NA,NA,NA,NA,NA,NA,-0.0383712418889868,-0.0399184632922231,-0.0285407176669901,-0.0165963401819983,-0.00200574037882761,0.00585214593825012,0.00458294508594514,0.0107776917917399,0.0185771136758248,0.0169156794605418,0.0125118662015649,0.00516856906659879,-0.0090281035785027,-0.0185843988970048,-0.0272301828018907,-0.047898889316124,-0.0562840908322639,-0.0664431199308697,-0.0669131083724329,-0.0684015040324313,-0.0660149313723866,-0.0642609591898178,-0.0594740892547417,-0.0482806907802871,-0.031003314373327
792,"TUR","Turkiye",NA,NA,NA,NA,NA,NA,NA,NA,NA,0.0378280569409286,0.0378549148529204,0.0316395023572309,0.0224305081431926,0.00676372391261237,-0.00968855232628951,-0.0143111073079091,-0.0128500536908498,-0.0030168131403368,0.00760253845584957,0.0161154029375377,0.0212755321424352,0.0255338787422117,0.0217903674291742,0.00495326820151631,-0.00739036572243046,-0.0150304035936015,-0.0114091786022535,0.00239852500300763,0.0199642649823553,0.0359295997214801,0.0359420663470569,0.0432149545631741,0.0480626414317962,0.0345232469210155
795,"TKM","Turkmenistan",NA,NA,NA,NA,NA,NA,NA,NA,NA,-0.00812001194926994,-0.00641705184171276,-0.00534334702840413,0.023290509618257,0.0455662704577195,0.066833476260002,0.0685164873299269,0.0418298554712258,0.017469176999338,-0.00201284630512555,-0.0122752949144543,-0.00785716409587711,0.0119432294572739,0.0328893022788359,0.0531912724522252,0.0789617002865963,0.077458645637402,0.0545969748820487,0.0408905688850019,0.0277776311323448,0.00786633528357727,-0.0176154235587647,-0.0232143061543092,-0.0314980907951062,-0.0287055546599452
796,"TCA","Turks and Caicos Islands",NA,NA,NA,NA,NA,NA,NA,NA,NA,NA,NA,NA,NA,NA,NA,NA,NA,NA,NA,NA,NA,NA,NA,NA,NA,NA,-0.0456502535663673,-0.0444383250489871,-0.0326005199660944,-0.0161221494280671,0.00201797699720996,-0.00397066992007466,8.66998805002517e-05,0.00711367242620553
798,"TUV","Tuvalu",NA,NA,NA,NA,NA,NA,NA,NA,NA,NA,NA,NA,NA,NA,NA,NA,NA,NA,NA,NA,NA,NA,NA,NA,NA,NA,NA,NA,NA,NA,NA,NA,NA,NA
800,"UGA","Uganda",NA,NA,NA,NA,NA,NA,NA,NA,NA,0.0492100491574385,0.0513138910882025,0.0504728221446624,0.0483118726691247,0.0464135925277567,0.042305533709923,0.0478872668141754,0.0547023172063295,0.0621519328091029,0.0734092506353088,0.0815591420285082,0.0795947617716102,0.0750940832303597,0.0622590993627732,0.0472861597708618,0.0367263347844584,0.0229118088041758,0.00759459256882233,-0.00220400879395632,0.00323602339907647,0.00214742002484036,0.00139804712883107,0.00828255718850657,0.0129035946645817,0.0186664681199864
804,"UKR","Ukraine",NA,NA,NA,NA,NA,NA,NA,NA,NA,-0.00138794086430456,-0.00251665720403059,-0.00682654230597792,-0.0166829738133098,-0.0444537149874806,-0.0572170955954522,-0.0350598548555675,-0.0224795124786134,-0.00962071569069645,0.0038381778318588,0.00590109339831102,0.0077641664652337,0.0111011082975503,0.015976580940831,0.0284461564731613,0.0230256852233113,-0.000980513357937999,-0.00411686129512879,-0.0125268057519325,-0.0213647232421471,-0.0473168262529359,-0.0745463989460106,-0.119110702845472,-0.12647365221801,-0.152374505594693
784,"ARE","United Arab Emirates",NA,NA,NA,NA,NA,NA,NA,NA,NA,0.0133108134060913,0.0199583498241902,0.0489726839661819,0.0739202639020324,0.0901425243769851,0.101435697560587,0.105199847779955,0.0997194542533233,0.0756140278166328,0.0308338883105357,-0.0234214130142508,-0.0477775298296335,-0.0687837961353909,-0.0635016294876799,-0.0608562898196416,-0.0435901970381459,-0.0198557389537555,0.0121446490080128,0.0317597196094046,0.0472875255973708,0.0310818693680208,0.0312489869802943,-0.00037435731676142,-0.012231996379081,-0.00627709979660481
826,"GBR","United Kingdom",NA,NA,NA,NA,NA,NA,NA,NA,NA,-0.107668901147071,-0.117877631630696,-0.120543775617528,-0.118459597837683,-0.110635484448584,-0.105043428694021,-0.100114543002648,-0.0940868174381186,-0.0948757614625564,-0.0952254864516819,-0.10820306127653,-0.109864291367524,-0.107203508527548,-0.0943540878294093,-0.0812213720322497,-0.0782226707238316,-0.084993802643618,-0.0985281576204586,-0.106369297860884,-0.116879530229805,-0.13270373116989,-0.141909133586161,-0.145893314787487,-0.129063935677907,-0.108091818232477
840,"USA","United States of America",NA,NA,NA,NA,NA,NA,NA,NA,NA,-0.0311386066521727,-0.0335445384371889,-0.0351626272891573,-0.0391630098065296,-0.0374287256165278,-0.034871732438516,-0.0366000338945571,-0.0441066251874874,-0.0467309251988282,-0.0515131519289502,-0.066445041758266,-0.0835874313086638,-0.0965440481302523,-0.115554661292403,-0.124037177949831,-0.125843367286926,-0.128092976445987,-0.137207373341091,-0.137337401009469,-0.131957835562271,-0.131498919363323,-0.133225883763877,-0.120880620235193,-0.108898960933459,-0.0950996514825692
858,"URY","Uruguay",NA,NA,NA,NA,NA,NA,NA,NA,NA,0.04982041981597,0.0415871124238727,0.0314600292590539,0.0168346786849443,-0.00189306348143997,-0.00713406589120437,-0.0102275551765607,-0.000249049226654118,0.00856354139729532,0.0360434042231723,0.0768028745132081,0.0793644609793072,0.0747956275944548,0.069574681492355,0.0389816933872644,0.00666677191141418,-0.0292677584764061,-0.0427473650473511,-0.0719180005879811,-0.0683935886156781,-0.0569299670303302,-0.064877665572491,-0.0440975580839026,-0.0110901427161498,0.015685038884101
860,"UZB","Uzbekistan",NA,NA,NA,NA,NA,NA,NA,NA,NA,-0.0136121351837764,-0.0258981205908349,-0.0270085601740643,-0.0203769979867809,-0.0219930649893456,-0.0220713719971102,-0.0267876877701047,-0.0244272995374171,-0.0291605116369335,-0.0228960727316554,-0.019033696507826,-0.00623925150320859,-0.00676992116939457,0.00576974233294547,0.0235045593153032,0.0399871467546637,0.0526394033820079,0.0677362569624074,0.0635853799068935,0.0663449155159197,0.0589594676863614,0.0619963507890391,0.0375448437312353,0.019254883610976,0.0183080045386812
548,"VUT","Vanuatu",NA,NA,NA,NA,NA,NA,NA,NA,NA,0.03957561541079,0.0376775463840839,0.0399184612567152,0.0425485903359304,0.0434963343443984,0.0121486343367283,-0.0231667302340222,-0.051460902497385,-0.0454595255041638,-0.0378629723722067,-0.0152395034025896,0.00179401157642456,0.0319889931985762,0.0662547719989739,0.0947886375559182,0.0933919364472402,0.0810739387489059,0.0494591321351343,0.0394201311668563,0.0291909880419288,0.0276840441850881,0.0140002923411677,0.00418761254640954,-0.00176708447389004,-0.00894453530780259
862,"VEN","Venezuela",NA,NA,NA,NA,NA,NA,NA,NA,NA,NA,NA,NA,NA,NA,NA,NA,NA,NA,NA,NA,NA,NA,NA,NA,NA,NA,NA,NA,NA,NA,NA,NA,NA,NA
704,"VNM","Viet Nam",NA,NA,NA,NA,NA,NA,NA,NA,NA,0.0877672233229427,0.0888171422419428,0.0856830892682143,0.0797491272748416,0.0789006178541485,0.0826964327928565,0.0736131002425626,0.0610288848776588,0.0571441915511011,0.0594070098340458,0.0585577782742719,0.0525499559543077,0.0463618217332145,0.0405161561241141,0.035893440649905,0.0478622019937913,0.0552447441759494,0.0635744630310218,0.0688217545802607,0.0892865414077386,0.117084473274911,0.132547839282593,0.132156299899464,0.117275419326707,0.101873652248993
876,"WLF","Wallis and Futuna Islands",NA,NA,NA,NA,NA,NA,NA,NA,NA,NA,NA,NA,NA,NA,NA,NA,NA,NA,NA,NA,NA,NA,NA,NA,NA,NA,NA,NA,NA,NA,NA,NA,NA,NA
732,"ESH","Western Sahara",NA,NA,NA,NA,NA,NA,NA,NA,NA,NA,NA,NA,NA,NA,NA,NA,NA,NA,NA,NA,NA,NA,NA,NA,NA,NA,NA,NA,NA,NA,NA,NA,NA,NA
887,"YEM","Yemen",NA,NA,NA,NA,NA,NA,NA,NA,NA,0.0726186993851057,0.0652166602549209,0.078857137511789,0.0850541765041195,0.0876148829347156,0.0806994452826855,0.0770010685577056,0.0664532851502881,0.0539816481706261,0.0449509136046966,0.0466657661448548,0.0449197717180609,0.032031065228145,0.00567565614310506,0.00134968897033727,-0.00445158690507369,-0.00711900235713559,-0.00564817990908651,-0.00498863125121335,-0.00461372230198885,-0.00220486451952983,-0.00250840133470125,-0.00176330331361377,-0.00164862559445743,-0.00151022024361117
894,"ZMB","Zambia",NA,NA,NA,NA,NA,NA,NA,NA,NA,-0.0719246008080314,-0.0830596471990304,-0.0620647074506894,-0.0267957339614806,-0.0236531692133609,-0.0223449121700142,-0.050759860080538,-0.0463764191357854,-0.058837922005518,-0.0794950981298714,-0.0828757440116827,-0.0793050973918595,-0.0378510864700873,0.009251125234647,0.029772485994944,0.026170836439666,-0.101987803603328,-0.172363140415812,-0.216637909180534,-0.249802484988939,-0.257312070247644,-0.23438061341598,-0.18252571366497,-0.082622467566295,0.00401131903374243
716,"ZWE","Zimbabwe",NA,NA,NA,NA,NA,NA,NA,NA,NA,-0.055788497183723,-0.0594600847891579,-0.0618476472522149,-0.068469212323177,-0.0585708313261217,-0.0288686304742015,-0.0139795986482237,-0.00875766204059733,-0.00628276629253045,-0.00661541218760795,-0.00567192827665192,-0.00305076237140576,0.00857355670356807,0.0244319663430947,0.0287260623926426,0.0302552361889672,0.0339354032817965,0.0258721097301533,0.0108038467499141,-0.0149060636606432,-0.047094543231158,-0.0676779659104892,-0.0553335175129277,-0.0538384993784697,-0.047112111239069
