"code","iso","country","SNM.raw.1965","SNM.raw.1966","SNM.raw.1967","SNM.raw.1968","SNM.raw.1969","SNM.raw.1970","SNM.raw.1971","SNM.raw.1972","SNM.raw.1973","SNM.raw.1974","SNM.raw.1975","SNM.raw.1976","SNM.raw.1977","SNM.raw.1978","SNM.raw.1979","SNM.raw.1980","SNM.raw.1981","SNM.raw.1982","SNM.raw.1983","SNM.raw.1984","SNM.raw.1985","SNM.raw.1986","SNM.raw.1987","SNM.raw.1988","SNM.raw.1989","SNM.raw.1990","SNM.raw.1991","SNM.raw.1992","SNM.raw.1993","SNM.raw.1994","SNM.raw.1995","SNM.raw.1996","SNM.raw.1997","SNM.raw.1998","SNM.raw.1999","SNM.raw.2000","SNM.raw.2001","SNM.raw.2002","SNM.raw.2003","SNM.raw.2004","SNM.raw.2005","SNM.raw.2006","SNM.raw.2007","SNM.raw.2008","SNM.raw.2009","SNM.raw.2010","SNM.raw.2011","SNM.raw.2012","SNM.raw.2013","SNM.raw.2014","SNM.raw.2015","SNM.raw.2016","SNM.raw.2017","SNM.raw.2018","SNM.raw.2019","SNM.raw.2020","SNM.raw.2021","SNM.raw.2022","SNM.raw.2023"
4,"AFG","Afghanistan",0.92382157442306,0.931526144260234,0.937473797872679,0.939994699478793,0.943763160362148,0.957591548138086,0.970915098353793,0.969930876419107,0.961334569519201,0.956350603518943,0.942470452853185,0.921551047159074,0.927794660256425,0.934972216609133,0.942659039790468,0.956928586086977,0.969877876273386,0.979150669198316,0.993058334185505,1.00975327035425,1.02071995669366,1.03194479752004,1.03372623662077,1.04403958206667,1.05264629385231,1.06641143116439,1.0704484212112,1.07862330584915,1.06994193655293,1.04261932878871,1.00482316933134,0.978943398359349,0.943397785494599,0.916079914054272,0.91231155997511,0.932750733057687,0.952831358278057,0.955821759017228,0.951950547590316,0.954600808705491,0.914962675742115,0.882810710878872,0.867380053085299,0.879298831886224,0.852354073907178,0.850027154235323,0.85814306343698,0.852572392234735,0.826469411605655,0.826159149993136,0.838019917616385,0.837304908906496,0.880266997784688,0.92218866013795,0.941321868598191,0.935401893092988,0.925616665600802,0.892463970478738,0.86182154068588
8,"ALB","Albania",1.05545004612105,1.03468472626181,1.02545823562607,1.02394565600417,1.02832139706316,1.02966668911234,1.04443963414775,1.05442858376059,1.05021091314515,1.05129057256534,1.04749522623776,1.03025023985778,1.01506209104139,1.0107906820465,1.00368122712842,1.0009687724468,1.00786445561004,1.01092779112079,0.999532794644092,0.994210326065837,0.985754918132879,0.976737856442807,0.972339582009786,0.981838856796488,0.985085631894254,0.99884720673342,1.03780654150547,1.07207618042609,1.07768552847794,1.0962507595736,1.10154613288618,1.09221846623167,1.07467252764681,1.08401778412457,1.08883411115066,1.0906815231194,1.08990327434106,1.10876790408407,1.12448761694938,1.134842533819,1.14277811412262,1.14747457019386,1.14591709481508,1.12750524937289,1.10837742977743,1.09050565847099,1.07012640663514,1.04982986186594,1.04048955457905,1.03541737161053,1.03780301170321,1.039777498843,1.03937041021854,1.03957847116657,1.04245885935383,1.03557452195853,1.02610671921722,1.00953854819133,0.998701903656598
12,"DZA","Algeria",0.951452417035257,0.97294715771045,0.963471083713522,0.956878494803671,0.960816061180376,0.969075601189143,0.975913547753333,0.998354946573495,1.04381113937386,1.07641596363511,1.07219477560997,1.05557780473392,1.0802656987002,1.07637290247983,1.07429947084944,1.09666006905761,1.10670630527876,1.09413039763819,1.09987708796333,1.11366712855595,1.10927222405354,1.11594610861023,1.11500800724448,1.11745001598644,1.08854695998504,1.10312721645511,1.05831306526607,1.0216569464558,1.01750447506468,1.04849116209851,1.01679802812671,1.03437214096485,1.08381280252872,1.04680210927337,1.0180557257932,1.0585177599718,1.06034974662228,1.03111393206538,1.00907212897371,0.97974763388507,0.921002146404828,0.89736259141129,0.869956047323819,0.898577036444747,0.885989432033147,0.881518267702619,0.874816225406396,0.857831731394996,0.818091369650492,0.83029364489349,0.836616096145518,0.846212025796809,0.860104722199849,0.853191976598093,0.827589964500876,0.812802560820246,0.812648197760667,0.800943164793981,0.815648784374778
20,"AND","Andorra",NA,NA,NA,NA,NA,NA,NA,NA,NA,NA,NA,NA,NA,NA,NA,NA,NA,NA,NA,NA,NA,NA,NA,NA,NA,NA,NA,NA,NA,NA,NA,NA,NA,NA,NA,NA,NA,NA,NA,NA,NA,NA,NA,NA,NA,NA,NA,NA,NA,NA,NA,NA,NA,NA,NA,NA,NA,NA,NA
24,"AGO","Angola",0.91335980403533,0.911987733645806,0.911357324826906,0.91017988185768,0.907484921065124,0.904237397366179,0.903627815951438,0.908830851916707,0.908348959083659,0.909366241930552,0.915525671129418,0.920838031087493,0.942309052706373,0.968885937961276,1.00381810709148,1.03658472698088,1.06918301368016,1.07823142194837,1.08973994310978,1.09428681378586,1.10654159056454,1.10658407961178,1.10571491840041,1.10565966807454,1.1119228777731,1.10117893598969,1.095611352306,1.09180966488239,1.0880264330904,1.06743044082318,1.05448149650464,1.04133061744148,1.03640781453045,1.01935982562846,1.0134323554596,0.99743497079811,0.981144252175009,0.951389593740489,0.9331224155075,0.914471622956501,0.896458505091846,0.888949818174147,0.884122481250421,0.878886606022256,0.863732633195166,0.860520952394095,0.850624920048292,0.877546353949206,0.866919099155171,0.882922219788242,0.893602795017107,0.900259855676984,0.876011299421991,0.881003796124609,0.865478939362355,0.850430607611514,0.840125693331633,0.829256844044977,0.818288730539976
660,"AIA","Anguilla",NA,NA,NA,NA,NA,NA,NA,NA,NA,NA,NA,NA,NA,NA,NA,NA,NA,NA,NA,NA,NA,NA,NA,NA,NA,NA,NA,NA,NA,NA,NA,NA,NA,NA,NA,NA,NA,NA,NA,NA,NA,NA,NA,NA,NA,NA,NA,NA,NA,NA,NA,NA,NA,NA,NA,NA,NA,NA,NA
28,"ATG","Antigua and Barbuda",0.977992399911722,0.901080773901144,0.820864672387713,0.838450531152086,0.782510073531358,0.745254349365913,0.737482153986405,0.864940072718206,0.89303258185264,0.999943462982142,1.10319699719316,1.23407770308363,1.23567200505788,1.24064780434357,1.24473195220929,1.25358856669704,1.25828537066433,1.25577033598018,1.26558674565645,1.26934517650815,1.26552444473669,1.26605895338211,1.26989128861409,1.25880290928787,1.2541890739074,1.25777434440461,1.26070262360629,1.26465391347427,1.26972066761641,1.2700997839491,1.27372478448116,1.27268837384843,1.27148477425627,1.27048744375784,1.27072983791441,1.2679377889454,1.26842219740695,1.26812421875325,1.26794196255348,1.26423153530991,1.2684920616489,1.27079411634546,1.27038569906364,1.26921000568369,1.27029495208973,1.25926036126724,1.25044663334529,1.24805116799769,1.24474460057619,1.24071992023897,1.24063219689247,1.2447003557601,1.24600962783059,1.24802812759934,1.25215225389513,1.2574380077527,1.25765566315904,1.25873072217289,1.25746513012566
32,"ARG","Argentina",0.858889729067503,0.854435312373739,0.852312857906009,0.839647009566716,0.81982879698089,0.825296977946185,0.823185521432169,0.81792885058577,0.809911419696894,0.80168180756473,0.791458144804159,0.787488305962177,0.776414091411433,0.762658440609156,0.737408833944271,0.720191302564388,0.694954432916521,0.677716386810176,0.66201674563875,0.638887751801959,0.613415728564614,0.595109832682923,0.585980224779284,0.563220625359712,0.581598198593053,0.569935333102334,0.553045676879921,0.525641134876419,0.522450070556627,0.497682555413031,0.483653814496782,0.48598439902328,0.47413055003587,0.41348910794154,0.364519973761758,0.32386579643705,0.262015399084068,0.212702252380912,0.212054100822383,0.220579351061193,0.204577293628637,0.216534778336334,0.223363266429683,0.211332038972227,0.228759782104965,0.23642758796436,0.225210753047781,0.232954333112212,0.245971078975492,0.204398723518428,0.184170174194205,0.178846514405052,0.150967374427505,0.155532220342452,0.141089838923417,0.156943397631706,0.166446144519632,0.182557386831724,0.222451279421644
51,"ARM","Armenia",NA,NA,NA,NA,NA,NA,NA,NA,NA,NA,NA,NA,NA,NA,NA,NA,NA,NA,NA,NA,NA,NA,NA,NA,NA,NA,NA,1.04836422222726,1.03718818269598,1.02106698963035,1.01083355122881,0.99619264244853,0.990737806961015,0.976430596800529,0.965465134006421,0.974323755238717,0.958639388905092,0.933433261229938,0.924676426356003,0.914086954303693,0.882671103607453,0.932237201148322,0.931789208919878,0.921933380757285,0.936320938072661,0.960983667086111,0.920543166157097,0.928728189037395,0.934383059307761,0.910370530649134,0.881591717484353,0.900891111028494,0.931871734146861,0.957163000728916,1.01357055302405,1.05942581527403,1.08192381843904,1.0718851903387,1.06709131850723
533,"ABW","Aruba",NA,NA,NA,NA,NA,NA,NA,NA,NA,NA,NA,NA,NA,NA,NA,NA,NA,NA,NA,NA,NA,NA,NA,NA,NA,NA,NA,NA,NA,NA,NA,NA,NA,NA,NA,NA,NA,NA,NA,NA,NA,NA,NA,NA,NA,NA,NA,NA,NA,NA,NA,NA,NA,NA,NA,NA,NA,NA,NA
36,"AUS","Australia",0.952286089346222,0.994422198670889,0.960303247682875,0.973950248692615,0.940603246825119,0.931422851604461,0.866871768304317,0.860622409940891,0.806072111570153,0.774061013861225,0.74642924754356,0.717896369173581,0.698102627310716,0.717115462165121,0.719711368867744,0.72621028762435,0.739393776395084,0.750720250113407,0.737059717673275,0.729948430903124,0.71854141958653,0.698926112023508,0.678551452790999,0.649515369593619,0.630335338922118,0.611300139546329,0.596015451301545,0.581880208647006,0.569361529042386,0.555837309591114,0.585916329744015,0.584298388538867,0.553238173925174,0.554875711126032,0.55651184298382,0.509452733467699,0.509853966595072,0.522233970147175,0.578531544310495,0.577427673493216,0.594784776640526,0.582137238636776,0.648972618748705,0.626428733995764,0.645877899168111,0.65427728635304,0.676526550551671,0.617182057055298,0.601437663734424,0.606215186220714,0.616349688929773,0.635195009406059,0.621567745110712,0.626106802176133,0.653470254945267,0.701058968012036,0.675890424267907,0.664634429329624,0.605842922950061
40,"AUT","Austria",0.91056942803091,0.904142586267085,0.88872967048326,0.875174907277879,0.864169426623169,0.840691515619166,0.836994656671681,0.843481886743902,0.837434979578708,0.825533816421809,0.810194843910111,0.792473020531134,0.77488614816983,0.764918058562784,0.779347094286731,0.765102483817444,0.77111433898643,0.751874326504397,0.739214805934327,0.704417354062666,0.691300844948265,0.670916425295432,0.66710613310741,0.65390709357856,0.645921946509936,0.633635164214111,0.618486878286055,0.613750011400405,0.618170752771051,0.614653154738201,0.618239040990979,0.629052317060978,0.617555814650573,0.605581540700163,0.596569926512416,0.599879409861051,0.581298339194907,0.580650295214756,0.587703973556852,0.566974065945469,0.544076894307151,0.544334435297206,0.537437883502016,0.501278449689101,0.498428122931421,0.496278636790676,0.468103540628361,0.46467525045558,0.485512665848555,0.482923701454953,0.4907202549887,0.494312953893915,0.492418191147531,0.485857039491431,0.485458383082551,0.464325613322719,0.457482168686254,0.43268033574358,0.411937915977266
31,"AZE","Azerbaijan",NA,NA,NA,NA,NA,NA,NA,NA,NA,NA,NA,NA,NA,NA,NA,NA,NA,NA,NA,NA,NA,NA,NA,NA,NA,NA,NA,0.771261580246849,0.778875048523651,0.793059931988841,0.810206578524167,0.804268096060053,0.821968079830168,0.837567262215271,0.843590634090465,0.852684902189589,0.860511320693469,0.838572200257955,0.807911062125568,0.781354430760399,0.749607307686195,0.72742776506977,0.722825847354045,0.715409077571521,0.715849180940961,0.714315387824122,0.70982478365297,0.699686407908201,0.701467740952074,0.70410613296201,0.698104968386563,0.694950831794098,0.688779875699243,0.681640746092882,0.649698762017141,0.633528866790251,0.61851188996168,0.604070346547079,0.592358171148062
44,"BHS","Bahamas",1.17836678549686,1.16241686520623,1.13842998710173,1.12376927772409,1.11513123520296,1.08639060745888,1.0991987119234,1.08292421323242,1.06773452288965,1.03537125423133,1.00985597628122,0.945363246542361,0.934075554570313,0.915139545767271,0.90204908706328,0.911274643049426,0.914864504915213,0.896449401185902,0.895189667899278,0.880294116606887,0.868025254388955,0.880566941281902,0.898798422624165,0.884918278427206,0.877399315946503,0.853721904377484,0.834949793886096,0.834467632509762,0.82047463315648,0.796760123328946,0.824625653116714,0.841153026209956,0.840908976703557,0.869340694519002,0.891698790335205,0.860541485085483,0.832676087595096,0.824512166643958,0.820783013584532,0.843946663004456,0.874469841619708,0.891856799167672,0.886674101035063,0.875606502008617,0.869900079837386,0.842512491118483,0.828740916797357,0.818538882085,0.799466471419386,0.774477818923831,0.773351000344731,0.783549286513996,0.798761631987166,0.827391201923293,0.829044869788411,0.818860002936751,0.791023338393294,0.756954130526112,0.717777437929179
48,"BHR","Bahrain",0.874114542634184,0.879106052544142,0.884499845804621,0.890145500220827,0.895710143422592,0.90144837468931,0.900841235789107,0.901627318112055,0.908635892966995,0.910417620878702,0.895888780391109,0.863951678593614,0.822265204053632,0.774931268390167,0.733938074091947,0.730280821028329,0.818961997757367,0.902250708108924,1.00118321769218,1.10449830262204,1.1757975066016,1.19151751061206,1.19158803742275,1.17885165107857,1.16451048965294,1.18209045296091,1.17923225777645,1.20268993878649,1.21550313546767,1.21687145094812,1.18981202348118,1.16292388742425,1.14126937906483,1.12580664271011,1.08984756604529,1.07489053375348,1.06370052190094,1.08965588835214,1.11703837034165,1.17167913495055,1.21621240786987,1.238037485609,1.22407132835433,1.21824842925172,1.20668032457713,1.19700847777157,1.2062286540816,1.21266223764025,1.21018818958777,1.21442795826246,1.20968068977009,1.16779360002524,1.13341521097325,1.09981697345878,1.06669294163111,1.03429365758276,1.04800359035344,1.04471120986174,1.03877063890719
50,"BGD","Bangladesh",0.877569397660982,0.880264331396962,0.865410017920181,0.862121850395092,0.855505701537084,0.854921484294759,0.853567069278904,0.871384252971043,0.877863272288307,0.884960385014466,0.881819911543293,0.881272367296766,0.867642130510637,0.866013699303485,0.868444661334552,0.86344377586809,0.849983988662343,0.841522395949567,0.830869991286906,0.819948335489935,0.815682113805754,0.817612803428301,0.822198926004641,0.832727497166489,0.835322616186232,0.840936418321077,0.842443442712,0.834657876225238,0.823198815118047,0.825710670092652,0.830628256774672,0.829824552425139,0.832240520020322,0.829773644836184,0.809171775889348,0.779792713510534,0.760654015791082,0.742227664137012,0.724605576717623,0.723021328654869,0.718608339516691,0.710298301573642,0.699685385792987,0.688194142543519,0.66663101943072,0.654799926129206,0.638941939878968,0.624145161527716,0.611794047850252,0.607623271083636,0.604873645117526,0.601797305834637,0.599402717514579,0.602759872982176,0.600937305740219,0.599500632280387,0.60366473899709,0.60540133888806,0.604104141551904
52,"BRB","Barbados",0.239131652186977,0.219267873394645,0.304796071304352,0.325964271264872,0.422704615817694,0.434775175065966,0.488732583609523,0.425727599713392,0.362684195439196,0.301502839623684,0.256165132663622,0.140842703694923,0.172189157712473,0.164614670609437,0.156240326781063,0.167180361235544,0.169564181074649,0.144482401012979,0.170856721613456,0.14906853679477,0.100577757119327,0.111172371959318,0.11368602845997,0.118311147593034,0.182053783791714,0.233822824846704,0.279163717187364,0.305346977577424,0.349137828150062,0.357874783210328,0.419661674393928,0.445347326974649,0.460206191656583,0.474387104518037,0.473207999552575,0.429880332889972,0.441242771199676,0.396392459314434,0.358497509885803,0.40832369769179,0.407748610355268,0.407650086523384,0.468022710373993,0.527211996536186,0.457445462474107,0.478905081476635,0.483158226063886,0.509408874880478,0.539072316211682,0.618423953182212,0.678928952477346,0.750018768133357,0.777318810196636,0.762080761270655,0.790730216371127,0.797588034834455,0.786944756768896,0.797434864130652,0.840134017475148
112,"BLR","Belarus",NA,NA,NA,NA,NA,NA,NA,NA,NA,NA,NA,NA,NA,NA,NA,NA,NA,NA,NA,NA,NA,NA,NA,NA,NA,NA,NA,0.978405552970043,0.953929480352591,0.976098715023978,0.990930555106525,0.995741316376168,1.0013054886814,1.03141481553427,1.05633744829626,1.06151069189608,1.06676201090675,1.0613050642455,1.04726890477146,1.00342135783772,0.988627465843997,0.985997452750944,0.981859493356809,0.955589778735915,0.95159410973872,0.951860968225056,0.939156339853505,0.924971275336452,0.942325235260323,0.930331556035886,0.915753153382081,0.913251665875205,0.918891988166238,0.930448781241671,0.953088486760209,0.95067830997488,0.952184399037153,0.952817105975608,0.937636902268442
56,"BEL","Belgium",NA,NA,NA,NA,NA,NA,NA,NA,NA,NA,NA,NA,NA,NA,NA,NA,NA,NA,NA,NA,NA,NA,NA,NA,NA,NA,NA,NA,NA,NA,NA,NA,NA,NA,NA,0.762375912245378,0.772101964721544,0.764809470172272,0.761492403372126,0.75299217113338,0.746954696823543,0.737885006461042,0.735481710663555,0.727773483505208,0.726408687361351,0.728425454855936,0.728741012288996,0.72955828996322,0.733724870906296,0.735459804777862,0.734456346666478,0.745332355128394,0.743095277276082,0.750231396376463,0.753602862912207,0.757254243967552,0.750122439315344,0.746257450233515,0.732902017937122
84,"BLZ","Belize",0.745503928178052,0.753780660391482,0.745602263535897,0.705823013599266,0.634899581313278,0.551408446693042,0.559709545002386,0.533181887980973,0.568422825504317,0.652337285627396,0.696811306678866,0.654890391957063,0.741180361249199,0.79761670819852,0.794339939196837,0.852754011442773,0.924156547583238,0.923451313365443,0.913197507351134,0.888576712645052,0.820201143401824,0.67594560334639,0.545303705037737,0.431683638491757,0.361743153760544,0.365388317380491,0.407023406224572,0.438432720725377,0.465551082493177,0.534829362631162,0.554044517877859,0.601031213768146,0.639340110321714,0.633104800680212,0.576559105731744,0.527690743000967,0.472690570933744,0.450113871842014,0.499327938867274,0.534454947451087,0.51198648187789,0.55106752279786,0.583238770584816,0.60219487303788,0.525224328805367,0.612735189470059,0.536571855115755,0.432202158197163,0.34154231179667,0.384162662874637,0.366590747200942,0.420289367186264,0.458240832115704,0.474230244761757,0.501846631873131,0.499045275899648,0.474921494117409,0.425179881694828,0.434401811677592
204,"BEN","Benin",0.945696116211448,0.955257255721318,0.958104447612357,0.955272251152046,0.960368660014577,0.962217522726917,0.96189157496199,0.962450911487195,0.958066184589268,0.95624314791371,0.962210638493234,0.96684190203773,0.972732506532685,0.979583014210857,0.978185203446201,0.978847128340475,0.982164531806329,0.98359845697318,0.992899054217616,0.981732189926727,0.965117181534821,0.938247436337895,0.931989657890846,0.900137833079223,0.887719281761103,0.873519079147793,0.859293799731756,0.830851421648506,0.812503974359911,0.79779098859425,0.779127906895969,0.764670263651549,0.749613711700666,0.750033812272625,0.753150734985835,0.754711550640254,0.759870900619173,0.759542095678531,0.76911294482527,0.777588551104089,0.784467329030663,0.79541966370345,0.802146518207083,0.798896396250683,0.788245372932256,0.78288267315209,0.771259639986713,0.764070095758409,0.75617355262709,0.74441829049651,0.740738466280553,0.725921827867672,0.732318595366835,0.711796399852496,0.705462857067828,0.68457185477799,0.676080889122793,0.661972765797938,0.661577876613079
60,"BMU","Bermuda",NA,NA,NA,NA,NA,NA,NA,NA,NA,NA,NA,NA,NA,NA,NA,NA,NA,NA,NA,NA,NA,NA,NA,NA,NA,NA,NA,NA,NA,NA,NA,NA,NA,NA,NA,NA,NA,NA,NA,NA,NA,NA,NA,NA,NA,NA,NA,NA,NA,NA,NA,NA,NA,NA,NA,NA,NA,NA,NA
64,"BTN","Bhutan",0.87542421630923,0.870086048153174,0.864777377196082,0.859468734172536,0.854143994661975,0.852344629761443,0.850905363363582,0.849998379270225,0.849253597672262,0.850158365723628,0.847880072418857,0.848120094688707,0.848267116155744,0.848408559967832,0.848121477168604,0.848296891799947,0.84507204561128,0.843846468326787,0.845683999817917,0.84151865825466,0.846306299728849,0.856256928618317,0.872233366599401,0.905571041722432,0.942806972072711,0.957902435994699,0.971966291176917,0.974551419784996,0.951128823979607,0.925073928101772,0.910053287525594,0.890091369065583,0.873039890031841,0.864111033119982,0.867936746198926,0.901917807536363,0.934307792275384,0.975420885047673,1.00997154089693,1.01718830212973,0.969274810147189,0.921120261412041,0.861707855251491,0.807305787955934,0.794151937659572,0.797914321858821,0.782475771094078,0.783083238048276,0.782435573004528,0.759765855291451,0.747613193687696,0.749372145915772,0.729229704802563,0.75824753170309,0.78696751303371,0.813942734000396,0.866838774130419,0.938872158582283,0.961824738940344
68,"BOL","Bolivia",0.951278385903537,0.946206640434189,0.94248802447909,0.939292015958429,0.937556043301238,0.935080094473679,0.935495573223898,0.92771364618248,0.910311737511383,0.89760963050733,0.882938752014415,0.862360664215884,0.853107829467308,0.859623779298968,0.864111057153193,0.875351406969389,0.884245794116663,0.887640750507371,0.917830865119936,0.9206076980831,0.910849054174324,0.905156687145023,0.90824179374997,0.886507126527132,0.885406513696133,0.872762580860884,0.851738138213699,0.833036283912394,0.797094380072777,0.760578921033355,0.738253040270619,0.727557673360436,0.710706299924279,0.705212469812101,0.715583595108523,0.721282424349138,0.722598746733661,0.71658449460382,0.705999867063115,0.691152985964523,0.689063821248107,0.68639252629316,0.692077193465982,0.711669975325182,0.696997669277045,0.705958168630477,0.714836086343458,0.691617174967651,0.657801458237519,0.65586271798045,0.616849030594511,0.574530390351281,0.573430314861185,0.563663199146841,0.555798046922952,0.563352005167767,0.559173453704285,0.549437297752756,0.548135958313791
70,"BIH","Bosnia and Herzegovina",NA,NA,NA,NA,NA,NA,NA,NA,NA,NA,NA,NA,NA,NA,NA,NA,NA,NA,NA,NA,NA,NA,NA,NA,NA,NA,NA,0.900323427377724,0.911696164286595,0.925867862234631,0.940072502581457,0.935846723542549,0.916528622063339,0.912745058081786,0.909060464478403,0.923210667286571,0.93528867505171,0.958658414697489,0.989511151220521,0.986188319494923,0.969672850081497,0.962783072074428,0.982337748517154,0.960583318394511,0.973064242028454,0.99169786500255,1.01696843340542,1.03981756256934,1.06054259361524,1.088237971682,1.09538941924997,1.07472365375639,1.06424132557121,1.03849162710799,0.994398627035742,0.946076865074016,0.933782691329049,0.836166964668756,0.778984824104806
72,"BWA","Botswana",1.25572669649791,1.26996817474381,1.25634281461048,1.25073192328083,1.23870252444391,1.24218556400655,1.22004798056025,1.21529220837184,1.21769293537171,1.20585967052447,1.19028272385378,1.19008248517406,1.19217155814919,1.18978978352303,1.21586381736441,1.21808726363635,1.2342039715631,1.24867950780425,1.25510588065233,1.25767089297585,1.26463893089727,1.27350416524786,1.27201778178357,1.24496669020305,1.22547127292365,1.22177369537385,1.20443901927259,1.19586625172686,1.20302660165841,1.2006827694339,1.19673486890513,1.19909204814195,1.20628190427318,1.2284588608179,1.24829856690105,1.26146616465068,1.27585653240148,1.276878007549,1.26966087538044,1.27163819155663,1.27013361620973,1.27465691992684,1.2814182022969,1.29190928830331,1.29631031691025,1.30212533591788,1.29373039339096,1.29801771617687,1.30666712103827,1.31156370693756,1.3080698486212,1.31615085855636,1.30631060849114,1.28534685663072,1.27237309087673,1.24520549968837,1.23204452080451,1.21919441588066,1.22301437571292
76,"BRA","Brazil",0.777238712580943,0.77062258271616,0.764216205394327,0.75734815690372,0.749940629613081,0.754848325830886,0.750705503649383,0.755204522903088,0.753363260215406,0.744605138027028,0.738031130178435,0.735158525221938,0.726054925151284,0.738381449980591,0.75590032204191,0.759271910239163,0.756419773462388,0.753316327184177,0.727569884452684,0.700269528694871,0.669185420469136,0.656444880587101,0.627979950008344,0.59912743399061,0.564980373280285,0.558263738763854,0.540568952630834,0.522516391698276,0.514943399684493,0.49948380768496,0.463601264593553,0.43078761178495,0.412397726929205,0.388411984037201,0.379663351564117,0.381176182109298,0.361681756855798,0.352551708124176,0.340430453145688,0.335816466710473,0.329888525921044,0.333533349152806,0.328223171073191,0.312885410115667,0.289745779685257,0.268434276285166,0.256503359712481,0.248804430084195,0.25402286255368,0.265294135858192,0.264436876893003,0.269806035202059,0.266887404317029,0.26681747022705,0.261153684721251,0.269796898634016,0.276792880171987,0.291745947695095,0.292912523728243
92,"VGB","British Virgin Islands",NA,NA,NA,NA,NA,NA,NA,NA,NA,NA,NA,NA,NA,NA,NA,NA,NA,NA,NA,NA,NA,NA,NA,NA,NA,NA,NA,NA,NA,NA,NA,NA,NA,NA,NA,NA,NA,NA,NA,NA,NA,NA,NA,NA,NA,NA,NA,NA,NA,NA,NA,NA,NA,NA,NA,NA,NA,NA,NA
96,"BRN","Brunei Darussalam",1.21612788276325,1.22265442889435,1.22400103798396,1.22332589580167,1.21587562128188,1.20867539663687,1.20471087225447,1.20480764879296,1.18922128632139,1.16285393321413,1.1378605440417,1.12089948619838,1.11683697492654,1.12696188509918,1.15020272935498,1.18057360153349,1.20433949842412,1.21692038634361,1.22386066923667,1.23589666583712,1.25328408506417,1.26457780526014,1.28077622800564,1.29722684182683,1.30918345114938,1.30686101633107,1.30431970946931,1.30115800886629,1.30058815157183,1.30046018695479,1.29676185053512,1.2930860470338,1.28972527995044,1.29015853201907,1.29210454101583,1.29225858885843,1.29671215000952,1.29664757326891,1.29517352742769,1.29354837351235,1.29609339108829,1.29940119169391,1.30436884035577,1.3084768524682,1.31346064879382,1.31654142871274,1.3140857146745,1.31221558850945,1.31074532433904,1.30705180290661,1.30324743647545,1.3018226021483,1.30008762915359,1.29932017322617,1.29958331127571,1.29886570202106,1.29814347815027,1.29819978831737,1.29669897492433
100,"BGR","Bulgaria",0.949738158968544,0.935622744742974,0.933469441526212,0.949849038514985,0.959290871360516,0.956752479172996,0.963196854184606,0.953311195198411,0.92840251370768,0.920767482516776,0.912913344651282,0.902889726389466,0.910224624004019,0.910698126220191,0.899516530179873,0.903299234780368,0.909832768062506,0.893578369914784,0.901578542888289,0.893291545633239,0.916773412953849,0.914936142243262,0.937638878780175,0.934757459383332,0.932550722574333,0.90087738228718,0.890148492025166,0.871609152595537,0.862315819207528,0.86071715456771,0.81976862097268,0.860173173826795,0.854035235420565,0.835232871718481,0.827804291687924,0.87158673757347,0.814598102127386,0.793072533503787,0.828733620667906,0.789303838083839,0.750437660155751,0.735879906481263,0.780683061666563,0.684922237886905,0.697643549466876,0.661507440992893,0.643241426126135,0.582783969501588,0.578240713735668,0.54564311705651,0.555534797469207,0.5541215944129,0.528645322747005,0.534046893356627,0.526973863653332,0.545159745099624,0.50887435162595,0.506119993282255,0.504252798824291
854,"BFA","Burkina Faso",0.954538966150259,0.940279034372319,0.936378207712456,0.931317193747524,0.930011401633612,0.924877004025972,0.932512637805203,0.937427532217512,0.954459587428214,0.95664500913426,0.949254439191989,0.940133374588683,0.932460316595916,0.913179765693404,0.904504188345763,0.908741464057021,0.898749687636059,0.892225306056875,0.893576835766354,0.899889704829478,0.887381247997504,0.873675324782381,0.866603727834797,0.848030552905523,0.832358978793734,0.844794791167197,0.843437184571114,0.836049774990144,0.838079162297712,0.841358186805569,0.835101354734637,0.840941961745637,0.854547881479571,0.850343275711941,0.844711521380112,0.850497775164303,0.840891906321488,0.820628071044247,0.813939940573669,0.814803516921548,0.784894784484938,0.777838655913765,0.795051970425042,0.786773228654937,0.783684993317514,0.785806099976575,0.802488428796083,0.780582397124727,0.783024931944289,0.76733181986021,0.769062433076447,0.759292956936476,0.767193329153903,0.775840690649493,0.777813668311511,0.771659309348862,0.77330913427656,0.763613565292614,0.759234607939962
108,"BDI","Burundi",0.776097213464651,0.777534250321573,0.776124280312259,0.772327958314412,0.782045090930445,0.786522225583008,0.789780247762602,0.798873191265251,0.804950785018108,0.808986148124693,0.809290731767116,0.810579661653995,0.806373000114359,0.806012212784005,0.798543347331662,0.798336420889658,0.794159595837203,0.793326809514001,0.792770796967261,0.79367466122541,0.787265438873568,0.783586281382531,0.775657082168033,0.766517946158268,0.763350906433615,0.75842135414703,0.752600072674792,0.747649264645614,0.744863730087872,0.746167681257129,0.748845187351319,0.756173726107271,0.764335450024922,0.773930094003016,0.773921259582439,0.782563426057644,0.781999174628687,0.778355123313565,0.776383221025816,0.769154164620123,0.765102685880948,0.763711221871626,0.768825073894001,0.767641200860844,0.77026003245402,0.765610535016377,0.76904900874534,0.778006913516643,0.773223690559523,0.778453190598609,0.78066647084742,0.774963743930163,0.770009568245503,0.776614877185625,0.753619299449491,0.725719627030321,0.686058025791144,0.635340841115706,0.602999459455852
132,"CPV","Cabo Verde",0.949812734826858,0.942842109438168,0.928928561519375,0.924259442456137,0.930019216095396,0.959718217866179,0.997770942524419,1.05210100317018,1.09567823698097,1.11681438601277,1.11545443930594,1.10596209385194,1.09378997808219,1.08703053647919,1.08475803869496,1.08048600605833,1.09594067316211,1.11568314423413,1.12846284293204,1.14369035689857,1.17496660883571,1.17143348005356,1.14110343207351,1.12138168356839,1.11337637812407,1.10144839652812,1.12001607018424,1.16237783188767,1.1953499421198,1.22229103478601,1.24971205706331,1.25161971630119,1.25676729510421,1.26350998036466,1.24174713725166,1.20960832935227,1.1915736813593,1.17469864573479,1.15014253464318,1.15484239589454,1.16785617003212,1.17600942069092,1.17260789614086,1.17361182367481,1.17679056260192,1.17394396812934,1.16950525576832,1.16373672319763,1.15894616459897,1.15778468949331,1.14905334413608,1.15175289656931,1.15913715820041,1.17501098615699,1.1838889841413,1.20103256168401,1.21024725472699,1.21574716836204,1.21625452369178
116,"KHM","Cambodia",1.04780997685672,1.05068996283777,1.04225067317058,1.03533755234838,1.04328453299295,1.02165757990305,1.00068255031521,0.997838618845498,1.02682836336155,1.05397624370621,1.08916696658682,1.11706611155167,1.13056268796659,1.12789312635312,1.13091496706923,1.12034253830982,1.12148629954889,1.11223758620121,1.09467664054335,1.07833256183897,1.08279413140307,1.07796469700844,1.09004237375145,1.10088266836929,1.09452257608201,1.09801812108313,1.10463914444901,1.10746126771726,1.11660566173377,1.12535086634571,1.11550571307411,1.10420162467235,1.09226423509439,1.0781991425449,1.05428851659604,1.04526919337731,1.03602849322694,1.02679453065848,1.00373246922811,0.998481140338102,0.968156329481275,0.932433463558873,0.88602571584055,0.84455959333796,0.78795243076354,0.751897342680296,0.715254690088822,0.68102456495895,0.653706315398656,0.638390175905922,0.630921883975896,0.613088883599549,0.603254218893279,0.59591266678322,0.591446414158049,0.589829750453121,0.598691490634018,0.596082739113362,0.593748725038563
120,"CMR","Cameroon",0.997817701197538,1.00126587832869,1.00722403250509,1.0148409903867,1.01887258389427,1.0237841737955,1.02506271121187,1.02343335956655,1.02419994390705,1.02486168216091,1.01847496871183,1.01890332520053,1.02743766790527,1.03825987391679,1.04943881841892,1.06487789442526,1.07365015997529,1.07174588079176,1.06883433425799,1.07537690320731,1.07798161372052,1.07340932131212,1.08340727682998,1.08266020301955,1.07677484513904,1.07114599213328,1.06788439583669,1.05381162471454,1.04517583385876,1.03463171255132,1.01850657146124,1.00346884875289,0.992303011618611,0.977771899476188,0.965690005394778,0.958924051094886,0.957660381892104,0.947937999951287,0.941755761764446,0.938221289230875,0.919588720592266,0.896404019783744,0.874897549365399,0.855191591063941,0.828711140827017,0.816422865015476,0.810991959944489,0.800529308346256,0.789675261492895,0.778673257350962,0.767168564839055,0.75039483502625,0.741129915565765,0.728299973358067,0.717965968485185,0.710656049212584,0.709397437247265,0.707411149277725,0.706925768493363
124,"CAN","Canada",0.848305710239745,0.825241853530379,0.81956344698773,0.807343626294876,0.802151980716711,0.803417017781014,0.797366718000941,0.789856440102017,0.786357849701927,0.797423971188121,0.791004056510433,0.785259119119636,0.779699813813334,0.773729592582896,0.767264727573246,0.772684414102363,0.771122105938524,0.762066774618625,0.769930799633272,0.773741783074668,0.766188587068899,0.75238062826384,0.753245670700247,0.769236178187368,0.753888056529727,0.733696205232304,0.739517821608702,0.744867008324113,0.710767114177714,0.700358631665799,0.709857208370123,0.706807574435735,0.702039860330412,0.697752305421906,0.683426541899364,0.674128228799487,0.701687172778129,0.736344241521424,0.745189906507466,0.747697102521674,0.739546367964784,0.704763110229268,0.669127017572889,0.633889937294234,0.621701712010619,0.622420010876367,0.620704990393881,0.603462244932357,0.575307026155459,0.56910421965142,0.547580234405438,0.508673802568099,0.472875639374411,0.484672035332991,0.4665563907911,0.452643403619274,0.500830317781314,0.504562800442032,0.521969390486679
136,"CYM","Cayman Islands",NA,NA,NA,NA,NA,NA,NA,NA,NA,NA,NA,NA,NA,NA,NA,NA,NA,NA,NA,NA,NA,NA,NA,NA,NA,NA,NA,NA,NA,NA,NA,NA,NA,NA,NA,NA,NA,NA,NA,NA,NA,NA,NA,NA,NA,NA,NA,NA,NA,NA,NA,NA,NA,NA,NA,NA,NA,NA,NA
140,"CAF","Central African Republic",1.13393601265206,1.13316419558365,1.13150910427319,1.1275526396537,1.12069421150758,1.11742548613799,1.11920582395425,1.12156679323069,1.12550210412659,1.12838585723218,1.12748591178638,1.12410053008632,1.1254659000464,1.12873771027691,1.13173960360138,1.13786073849091,1.14366394087133,1.14379853766142,1.1439319069423,1.14749749066053,1.1485245026004,1.14384058265937,1.15027010880724,1.15079630569593,1.15138504294217,1.15488512282393,1.16583779400594,1.16885679797477,1.17696794287734,1.18002600535321,1.17733581114301,1.16772446394169,1.15473860209344,1.13874584942247,1.13002245948556,1.12223549023196,1.11537956600825,1.11651372187823,1.12315059455694,1.1256389435512,1.12965406235372,1.13592913477207,1.13614590404836,1.13411405070235,1.1300399035517,1.09521200082532,1.06015520035898,1.02367119487585,1.00248578572922,0.976065530782915,0.978768183586469,0.9748887072966,0.972540185825644,0.952160546811223,0.939230019540992,0.933280067612854,0.927489530812462,0.920406236100924,0.912958678075667
148,"TCD","Chad",0.998099383656972,0.98886853713465,0.988525720795415,0.992738768954923,0.993610464172221,0.993771819411924,1.00419776765705,1.02100520869516,1.04416150888572,1.05275165310006,1.05085911281911,1.05062848658987,1.04110294848349,1.03122595002661,1.03868664340339,1.05085393763114,1.06971438267276,1.0813569679869,1.08290660349808,1.09170833705058,1.08245947794638,1.06720070004051,1.05793634137852,1.04597516608576,1.02542517607073,1.03144651532268,1.01790063011729,1.00858826781355,1.02808843359541,1.01636079929044,1.00473625976795,1.00422145040867,0.993110972756131,0.966199966948041,0.967081826047069,0.967404424002613,0.957774347803355,0.958050266088453,0.954011257648819,0.954188757479235,0.93256412632892,0.92939589326388,0.92550427325462,0.928391279518336,0.940353358898049,0.926465209271715,0.943366043467711,0.919887339646917,0.917106781814896,0.894025922063992,0.916037375678114,0.893614978665515,0.921975190073067,0.924202654243232,0.92474227018521,0.923765523217207,0.935126598234694,0.933667357391373,0.94176066479814
152,"CHL","Chile",0.89645137723916,0.892461484248939,0.888508629691774,0.884092177287329,0.895091654422547,0.896635198048366,0.904393219188485,0.915561181149407,0.953742670687439,0.961930714789302,0.966700715889321,0.979574137767916,0.965144618207937,0.948448669904018,0.938604190228278,0.941746478705958,0.938918351127018,0.960413830337708,0.969874278020927,0.97326315563885,0.972270878343957,0.96431078079088,0.948383721929058,0.923371318765168,0.908638621647861,0.898248722413411,0.889485602298398,0.882013351602997,0.886257599365382,0.896090079156623,0.89868719060293,0.909098542423009,0.913261187921491,0.901887987473915,0.908465451517883,0.906298366093064,0.884978018185374,0.865847961920218,0.845726462023295,0.805294955011788,0.770080751210927,0.754003893601586,0.766788395533752,0.777674821635001,0.791632060113891,0.797525441377293,0.788925983023542,0.772710829497066,0.747555644293342,0.733083923021567,0.732166759709433,0.727887671142281,0.718048724901135,0.713899712974852,0.709892922722907,0.721560534074348,0.744962066073872,0.751170545416436,0.783142540817277
156,"CHN","China",0.72698057779838,0.704056632814581,0.677550479870749,0.662883277232539,0.660419161108685,0.651283357133792,0.642087886569982,0.653404025837845,0.647960105099141,0.629363852543604,0.624537701535318,0.621692516837716,0.624836168204047,0.635007903716898,0.65289275452077,0.673656906830695,0.68690549472457,0.676443475814486,0.667794060035286,0.657230546950287,0.646461789977834,0.642503074870017,0.651205714405149,0.669191159020381,0.689653498178914,0.693191551735927,0.699143538396627,0.698353959746736,0.681685965848119,0.667855945136396,0.670003747186874,0.670351329901152,0.665190920880983,0.668435941211566,0.671038162717936,0.664601114511012,0.6588337066623,0.662815736259702,0.670293956968838,0.671249361869693,0.674564474412768,0.676830830614958,0.675029311545483,0.668115603030945,0.666479580092181,0.664556523905723,0.661359187565159,0.657319713002481,0.654887648066535,0.649995928177708,0.641688401127897,0.635440072563795,0.626971590781527,0.615925549487212,0.599149971398804,0.585100480638157,0.569265909174936,0.553960565372312,0.541520553485788
170,"COL","Colombia",0.816540564196929,0.819990808214679,0.827515807209381,0.81816817885632,0.814623733996448,0.808656492917844,0.806410288205899,0.803505024067902,0.809484145681759,0.799648609141056,0.772363661510145,0.750783440157802,0.730198045234918,0.693784510170155,0.671357038132498,0.659433192091814,0.646532699310073,0.645592256900883,0.662066394952381,0.682142183191168,0.702529347969555,0.722052667855624,0.732907793408429,0.737377652265478,0.735629220649111,0.733876999633418,0.72060771959641,0.703922189616016,0.694655943659405,0.688618588775352,0.677322390548515,0.664145724112584,0.659159722065574,0.663157333050422,0.663002146708825,0.678197030690467,0.693476633665465,0.693247763713565,0.674769878268244,0.654648806333814,0.627894099776997,0.608061694081584,0.594409756219274,0.584235180084515,0.586530057481341,0.601143101820452,0.615365916742495,0.631949512994438,0.644721627412796,0.650730537984142,0.640408390082487,0.633686664581066,0.647283964564766,0.656952426692884,0.661523647129887,0.671220449089438,0.68844284387891,0.671198645172087,0.670712520614144
174,"COM","Comoros",0.959803556983988,0.940724235929577,0.927008812696088,0.931823544867295,0.939764439191104,0.952091319576046,0.957790604836369,0.94948482712008,0.951696349351216,0.941655990216457,0.923794502154051,0.909991191465656,0.898342962789586,0.867972451444806,0.844921786211212,0.83429831358538,0.828767892332504,0.830132649750502,0.828861155418753,0.833323663172578,0.838704989261395,0.838338733254036,0.842486953500896,0.847427220776509,0.846109348268556,0.838779739817359,0.83661825451129,0.830441108618211,0.826089918827442,0.829695305477516,0.831927569278637,0.830215354848809,0.830377886173517,0.828967889123663,0.820307111374573,0.8193692810963,0.818821571523843,0.877082467942614,0.934143828916445,0.961352006166796,0.97558792416498,0.992418158491234,0.946591658786155,0.897570092078118,0.876416807959702,0.86654821776948,0.851369915051935,0.837238734608774,0.824499076016544,0.815066622868429,0.806139805529463,0.796201730770632,0.786083583330719,0.777164853330508,0.767413151699924,0.759179861801135,0.755501199339419,0.754610536172526,0.75573383616677
184,"COK","Cook Islands",1.12721141430334,1.12026034755584,1.12145362343109,1.10632514104121,1.10166072571054,1.10047998018839,1.09935212382633,1.0985825504685,1.11206179487724,1.11750647122944,1.12309081421921,1.06875565122775,0.997252943598921,0.92085596823331,0.884310495231945,0.822205093262062,0.853565546909202,0.891400839575712,0.887084432877154,0.866349658877292,0.872810106121433,0.835856461641822,0.781586983172802,0.826468167655412,0.807031184674732,0.776040886744931,0.758836947246405,0.740475352471242,0.661655170396488,0.629644559668563,0.594697059573371,0.547503596155119,0.501865347580007,0.454124177270707,0.473151287585873,0.495478893351274,0.518531257011516,0.529544789975668,0.595219401668076,0.620070287972558,0.64145506243821,0.654590308326889,0.698987683234968,0.711254197897216,0.700611571376005,0.7058835906272,0.729066912708425,0.751359666788735,0.762105636067215,0.764178928405452,0.76964021915435,0.773344808258219,0.775209103812684,0.779772988004929,0.78310250290232,0.773497954808883,0.759562864523486,0.745429796691,0.731128688416596
188,"CRI","Costa Rica",0.933756771412629,0.928072969367325,0.914710588767346,0.91020960196171,0.911673926949703,0.926641860639684,0.929613851160357,0.930677653358292,0.916896491923247,0.899835571776138,0.877963452362112,0.866806663204943,0.861901944403261,0.854218597525999,0.839125391997115,0.835719117575679,0.837245255502636,0.848508294205074,0.852664114037824,0.848212359232583,0.844267806813054,0.842417990086681,0.833943863469438,0.830861019613639,0.839296732237697,0.83549140331407,0.826786746304496,0.811057473981631,0.788228990626017,0.76483083863826,0.747367535450604,0.743095301499075,0.740103789834893,0.755127589489754,0.756600197096856,0.75553577955309,0.726311455114191,0.707422655534781,0.67899356353872,0.66804517764669,0.664482881429395,0.670607421114069,0.668769519881617,0.667985586992898,0.65629944400395,0.648131106269975,0.667093637346425,0.667860550103431,0.663376342238721,0.672175319884931,0.683074163235772,0.669081397861749,0.679532572428888,0.697672799207237,0.72215564413451,0.73243033154458,0.739272590162156,0.735703420485884,0.738040080957713
384,"CIV","Cote d'Ivoire",0.902010070858418,0.896949834707882,0.894272549009027,0.89076007561283,0.88775189245673,0.881654068213004,0.877819599897984,0.872783166789379,0.869723373137669,0.867353961692539,0.862716970528198,0.858837008449508,0.85650798597636,0.853980002337175,0.848097583737341,0.843064361207323,0.84289749223755,0.839835189697658,0.838979562897149,0.842052205165839,0.855417517555311,0.860554237090546,0.874702715520308,0.882282355432771,0.887096184775226,0.87928654983936,0.869662368647129,0.850596041495807,0.839728703558155,0.827810394079988,0.822402752151201,0.820177944749307,0.819464381435738,0.81130901160289,0.809383794503019,0.808275334206776,0.811390950589452,0.807686777609048,0.817176776811985,0.817802101331597,0.821284835142402,0.826143446648187,0.832533501958205,0.831653633728699,0.835378738031365,0.835370186228702,0.835712469529575,0.836016421836983,0.833709750080855,0.830392336375556,0.829531041654877,0.820848765954346,0.827170627951938,0.836204630148489,0.836081657981936,0.839188392517427,0.838828509968791,0.837215177557991,0.824107328270287
191,"HRV","Croatia",NA,NA,NA,NA,NA,NA,NA,NA,NA,NA,NA,NA,NA,NA,NA,NA,NA,NA,NA,NA,NA,NA,NA,NA,NA,NA,NA,0.973036734959742,0.888889694560503,0.877947260991431,0.861368693155521,0.850041507278617,0.818441324486262,0.793578361395777,0.77192536554269,0.766255205731107,0.735690521001151,0.699155178623826,0.73411905499757,0.721002371227468,0.698747261422879,0.707196002488028,0.737042671099788,0.700180530374678,0.656269994818648,0.641781103754598,0.630973698442822,0.61102102366326,0.579693895328952,0.587080098434546,0.573061553669945,0.52678782225557,0.503408589548163,0.499812537338106,0.496385728070209,0.482847754953075,0.493297367114351,0.467928856996727,0.483806966195513
192,"CUB","Cuba",0.30915030080607,0.203987474711329,0.211159987880512,0.228626092060727,0.26954157436724,0.288681799975246,0.246704562414587,0.26555521520235,0.269590676178127,0.243954183342575,0.258503915530125,0.310452319610065,0.309005138774099,0.277805782022598,0.271066689701317,0.278494061768114,0.279253448976017,0.266183082026416,0.279928281904341,0.285180315988618,0.28759844201311,0.293182023806936,0.317083544512896,0.335494607177156,0.353038430609443,0.315460588450981,0.26305127116964,0.254293670381586,0.305152032946051,0.349097713603243,0.453534814036466,0.532578647132444,0.593227290281007,0.610682177260808,0.618749085524852,0.581796380270592,0.58650345528012,0.575992915248532,0.581147232959994,0.597343663235546,0.650698920353182,0.712519108775605,0.760944122059613,0.772011860088821,0.786669357110538,0.798033353154983,0.787269272738585,0.766593208291929,0.756063621787016,0.748655279608147,0.707268345150163,0.667030773527889,0.649973088943278,0.65591632763864,0.648173311631431,0.667300295409539,0.710623421741539,0.754156286148117,0.777505533174897
531,"CUW","Curacao",NA,NA,NA,NA,NA,NA,NA,NA,NA,NA,NA,NA,NA,NA,NA,NA,NA,NA,NA,NA,NA,NA,NA,NA,NA,NA,NA,NA,NA,NA,NA,NA,NA,NA,NA,NA,NA,NA,NA,NA,NA,NA,NA,NA,NA,NA,NA,NA,NA,NA,NA,NA,NA,NA,NA,NA,NA,NA,NA
196,"CYP","Cyprus",1.02711671245672,1.01918555097167,0.998006251585939,1.00556021382244,0.999879647411556,1.04315810671787,1.03206898607572,1.06631254362291,1.10330166110467,1.0808525424995,1.07184025228208,1.08114635279554,1.06337957514854,1.00787071910047,1.0400778177024,1.01800568704938,1.01190202316836,1.0266741209944,1.04232762247979,1.04265515723495,1.04627449129594,1.06039266605487,1.04856762348258,1.02196736667352,1.00760145162269,1.01432399708477,1.02529101904695,1.01863683209009,1.01209757901456,1.01957375384736,1.00532664540958,0.976943450891384,1.01731506844784,1.05864490531931,1.06007181759774,1.09384447567121,1.09541687850154,1.05559642133807,1.02835452138839,1.03668007055163,1.0371286624299,1.06504581976113,1.0983676815225,1.14920176369339,1.16915816449041,1.16592715575202,1.15283780290274,1.13755757546919,1.11676262448777,1.13199699207301,1.12478442400634,1.15845368504503,1.18557197659025,1.2073689230978,1.19513583146211,1.212979058175,1.19737471895728,1.18600180326729,1.17464527821214
203,"CZE","Czechia",NA,NA,NA,NA,NA,NA,NA,NA,NA,NA,NA,NA,NA,NA,NA,NA,NA,NA,NA,NA,NA,NA,NA,NA,NA,NA,NA,NA,0.750757348204807,0.747455631597081,0.735658288567639,0.73699105495988,0.727986196312007,0.715232738814813,0.690758124419778,0.692757770419073,0.680771097664414,0.670344342119328,0.687850154897751,0.651284167665022,0.616693917675325,0.608248071219272,0.597220913440901,0.535030808060822,0.537933313433683,0.542857091627588,0.512055450428306,0.522730923827648,0.541529895860189,0.551106699648737,0.555699568906829,0.566298450468567,0.558564451878681,0.563749979663925,0.575158933692949,0.550070845669288,0.541504873412572,0.513076002345712,0.480273085928799
180,"COD","Dem. Rep. Congo",0.892017287812466,0.890865477803697,0.888987696764271,0.885589890082039,0.881637909195374,0.877296034841512,0.873657492167425,0.870408731745061,0.868138099775748,0.866197345291259,0.864559851696064,0.862837858834152,0.861383822274541,0.862196691850203,0.861998577662954,0.860518578399498,0.858482073948907,0.854470117374558,0.847956136745724,0.841899498436702,0.836896653789263,0.831835675226633,0.82818662825011,0.82431661165189,0.820151235123468,0.8141131100544,0.807059272899317,0.799654390493139,0.792279831498561,0.784768369237376,0.78771220010232,0.792097123548066,0.797951690022401,0.804066221445235,0.811661332861901,0.811968832044324,0.813137722670005,0.81443080316988,0.816250226730895,0.817564278741378,0.818213968273916,0.817625295076826,0.816219689360398,0.81483396294869,0.818196894035009,0.816063458647767,0.81608478313011,0.818972518678028,0.82134137511594,0.81909211547846,0.822481785192356,0.824022535780933,0.823547426710154,0.823732399171959,0.823884770599106,0.822790721381936,0.82139025996795,0.820357521192106,0.81944584203744
208,"DNK","Denmark",0.865660982489075,0.860649576042458,0.863405010152084,0.854194509463842,0.858808883035938,0.864953205662165,0.854978983139997,0.849242627774662,0.859664697397825,0.851237760712744,0.852550197660245,0.870898349288895,0.867215920998168,0.856439237537896,0.859808841526662,0.851199170131943,0.829859920412062,0.816756059047224,0.823745498818119,0.790739058328293,0.757890279338512,0.72909221117287,0.719620823596195,0.681173193493407,0.678119206974957,0.661393339886481,0.647409779827665,0.648722448112605,0.640058281453866,0.641505699332404,0.636654657662225,0.630278905471942,0.595377220961149,0.576396405449443,0.555262869832057,0.542804994133956,0.528019266016579,0.522253379220643,0.514669548157786,0.500626946770981,0.490590281983885,0.490722175341033,0.492464757093569,0.485246725786377,0.467112014468192,0.468095741770654,0.462998182143269,0.445129406331628,0.438002476869074,0.444386220186408,0.435067689923743,0.441247043530945,0.440220367262635,0.48734485098884,0.496068859958331,0.508808558621991,0.503204365043849,0.494274802876148,0.470248291694657
262,"DJI","Djibouti",1.35804086384574,1.35330940513823,1.34763050128562,1.34101706853883,1.33540761744084,1.33173776684412,1.32895848973679,1.32524150721054,1.32142477860947,1.31554897726278,1.31046548646543,1.30330986231189,1.29615096445632,1.28766194790254,1.26934013243586,1.16857327522067,1.05721042947371,0.9457198318884,0.843800948530992,0.752525268385048,0.748078798743389,0.754129173018379,0.763638146428712,0.77111737546733,0.777586429428799,0.767400762773368,0.760168445042642,0.749281371222412,0.733762176740882,0.72000649544293,0.719490554669497,0.718472763097374,0.718665251289967,0.717277521984328,0.716151053780773,0.712073561132686,0.706641398214241,0.700369022333041,0.700802853743603,0.6971597313509,0.69633159712279,0.699745312612945,0.700048502410585,0.692669666560925,0.688282805187525,0.683636674535441,0.672816772416217,0.659202554439422,0.65162275878707,0.645897289138829,0.637674848729462,0.6340276799495,0.624722410357817,0.605539934615875,0.580740704915783,0.557560365542944,0.536541275731699,0.532265969456988,0.530106930439851
212,"DMA","Dominica",1.09565368766695,1.08690943384603,1.07697232698919,1.06947313713655,1.05796568440804,1.05799077212805,1.06000724596241,1.05893617503577,1.04995491077383,1.04351461336568,1.03040766651677,1.01263823698919,0.993471633399366,0.970873383868395,0.921274030763142,0.935308792469953,0.951224043326243,0.959245910928549,0.947805204363118,0.965453939207852,0.928960312455472,0.896344763309536,0.870364011292972,0.861488236589519,0.882063887358285,0.909282225736083,0.937165613398183,0.962641967694646,0.999186803976362,1.00763750696628,0.990080680573626,0.955921518297257,0.932200234199178,0.919479567813045,0.90825382458278,0.916365771357675,0.948795129752254,0.936268136730658,0.929022829810395,0.921521233924343,0.914646610324296,0.875048341507603,0.899931026384725,0.882107339725514,0.860459967478782,0.851258133778826,0.864644212728941,0.8420194660494,0.853753241618239,0.847566468892069,0.834956608652232,0.805414745345166,0.788728569821784,0.769185942650235,0.776842362477274,0.766587729225397,0.770238948563228,0.766018453125227,0.761175987491575
214,"DOM","Dominican Republic",0.556719301759534,0.57522387951675,0.597122180594619,0.62778207927832,0.632891574894413,0.604665058100778,0.582885394071026,0.577691602178092,0.54996247110074,0.5491881146951,0.56380397628461,0.564146511300541,0.550529351379773,0.540613638942997,0.546616845908488,0.547885583766397,0.562138008630973,0.555166234163295,0.550813485805551,0.543994517940642,0.550868560958599,0.568346460385837,0.595232877381959,0.61906901876728,0.64401410074454,0.668980305599966,0.691984447359212,0.712002050930086,0.73531825862907,0.764093224029974,0.776636689110407,0.780157223725448,0.778829845397609,0.795974968095333,0.799294029102782,0.773039827947121,0.718757974604492,0.683523833005013,0.613591240609163,0.558583158534259,0.519632741075367,0.503305345478749,0.473611212015355,0.503572605043994,0.482603916568968,0.472941786387791,0.464164172959402,0.456085835563508,0.402472071195535,0.352643914421663,0.304007503417394,0.265554363216468,0.230990143909913,0.21599063654472,0.21317963946883,0.220801589401389,0.21741627744444,0.190860931811818,0.17227025477617
218,"ECU","Ecuador",0.763875376760454,0.747613908155646,0.747543136162624,0.750857822848416,0.764982820301191,0.787098903053914,0.808681798181524,0.82847005689574,0.854224385462294,0.86403623057896,0.86160475702674,0.891987246586202,0.902163089347343,0.908626133554331,0.931401733092174,0.956432623179953,0.948322915811136,0.950734445469467,0.967487461493672,0.971801915101653,0.972757830741046,0.960798943811786,0.936220152772421,0.897257208954006,0.870023559174154,0.851826695023764,0.862185295718252,0.879067438123818,0.890900698651616,0.894863668016664,0.911477808917827,0.912696328127027,0.917451595002923,0.928884610343008,0.927768168260784,0.928593958633153,0.93629684953897,0.935496329668186,0.923444824076484,0.925483964866083,0.901681798397938,0.883864264369761,0.852166055114703,0.835674193463411,0.824717885533455,0.826118316957139,0.824634920643584,0.838248764153235,0.856055770969076,0.852701799895787,0.831805214080347,0.831076758524576,0.822290822479064,0.817502096240959,0.824274496845397,0.843254794572485,0.827298623242736,0.819826938936958,0.803264332583537
818,"EGY","Egypt",0.293916355280651,0.278924047532662,0.313012652485201,0.332673265415137,0.340284325113315,0.343482878554461,0.352950347421595,0.367028638613088,0.372349628632751,0.38755585658977,0.409672917642586,0.437579121870544,0.46551549125979,0.498665535297806,0.518719329796087,0.532255854730315,0.549776331772498,0.562533410306933,0.576023549851154,0.590077103467441,0.599294213274918,0.616920575162653,0.628350002707014,0.63924677655784,0.646119526203882,0.640333689426593,0.621585935926882,0.598169140957612,0.580134284544887,0.560632895510177,0.568026194321061,0.573480165990059,0.575089256438808,0.581236872601518,0.587075483793606,0.581679261300129,0.583470560058728,0.592248330726652,0.594444026407084,0.60984901033763,0.61550841447343,0.610861899649556,0.602051704817647,0.589815266899961,0.575863410302461,0.572130319481226,0.568119044583703,0.559714602887449,0.553071420056513,0.543489408286216,0.535571283290198,0.538843156370102,0.555300644965858,0.579575188519073,0.590297121241177,0.599820967280046,0.599304842057111,0.593875514420587,0.576121100568197
222,"SLV","El Salvador",0.723652455089389,0.721920500944167,0.73876092841552,0.75279860644329,0.760512381609453,0.797406200474842,0.80553906253854,0.804985344163265,0.789968503000771,0.768438870209415,0.739561721207741,0.734471922742765,0.720701380327531,0.708379354975253,0.693847213253095,0.698366590826247,0.708231071511781,0.713063381694856,0.725435818428581,0.730573931360391,0.751206541823349,0.738608900622123,0.764241040165662,0.790857867036326,0.837704617920045,0.84774927090632,0.852006153291077,0.813898957213583,0.787346126723172,0.770701033369428,0.748689842537027,0.732750731224892,0.747535931735573,0.73838664798612,0.717297376358375,0.713715844218437,0.712042580867373,0.694536664326545,0.680069028376745,0.671110492466972,0.673710562153945,0.654858793742154,0.653563657322214,0.652684043692879,0.645468094150238,0.649644876754327,0.674171033172009,0.665160772014735,0.657701276414883,0.651346522668869,0.638016106717569,0.600243044009869,0.586086034684394,0.594670974529502,0.58576706128315,0.582070696958504,0.592171508571653,0.587723611211546,0.578389678959413
226,"GNQ","Equatorial Guinea",0.92947391124841,0.921763685454586,0.914537254210004,0.904477074104989,0.899538220470823,0.8932810014706,0.913446799019767,0.951242890901297,0.963517100579297,0.968019909950612,0.974242640775963,0.965529868213367,0.938283466855865,0.938534176014925,0.937273073614047,0.936486335907825,0.934457317502607,0.931121260690191,0.928602429432424,0.927429887573029,0.926784926062709,0.925460767665692,0.926505577650973,0.926969818146517,0.925255317739364,0.9240549545802,0.92767177812752,0.926687785013941,0.924978941701982,0.924477695135435,0.924215547835804,0.919306098763086,0.923275416298987,0.919912028500384,0.915491509203922,0.910260450817024,0.904887421640809,0.894179991490442,0.896974768349405,0.900482989019055,0.905251233487694,0.916758965012336,0.937120051580846,0.946483989106667,0.95803900180674,0.96822127676983,0.972624218505655,0.982114785472987,0.984434479199461,0.987104303869996,0.988648549629128,0.993440301317764,0.976704736661452,0.97789277530725,0.976409508545355,0.974432572336643,0.971516152297938,0.968541616577569,0.960974662221581
232,"ERI","Eritrea",NA,NA,NA,NA,NA,NA,NA,NA,NA,NA,NA,NA,NA,NA,NA,NA,NA,NA,NA,NA,NA,NA,NA,NA,NA,NA,NA,NA,1.10981530781409,1.00129750097424,1.01611929241769,1.04663616262766,1.06840701452055,1.02003497906997,1.03891618402984,1.06426502116544,1.04792754635073,1.06148132068168,1.117259584492,1.1487511965166,1.10581966480553,1.07684121371594,1.00823756988766,1.01808374947444,1.00322365509747,1.01915328062121,1.03737545767358,1.0633617632719,1.02703027261635,1.01630150463611,1.01202838801616,1.01820994559294,1.02207660313444,1.03379174851112,1.04362273255072,1.05179288083439,1.05203662529728,1.05516764360662,1.04491852624061
233,"EST","Estonia",NA,NA,NA,NA,NA,NA,NA,NA,NA,NA,NA,NA,NA,NA,NA,NA,NA,NA,NA,NA,NA,NA,NA,NA,NA,NA,NA,1.18227433091514,1.13218659257666,1.140290789564,1.13227900840998,1.1115214462841,1.08045175283181,1.08216696580188,1.07786950795188,1.05002459502689,1.04741067471476,1.04345269115514,1.02407766740812,0.985093039948156,0.960666017510939,0.932746133769231,0.874758891888028,0.840609089400165,0.806220546842038,0.81739678671107,0.810774258671227,0.812947549855468,0.799820296105184,0.777584568979385,0.697826488899619,0.692381776941007,0.670539078799347,0.691700887799172,0.664549235252363,0.669391585712235,0.638483052480329,0.616101751712004,0.583651519838249
748,"SWZ","Eswatini",0.675974776257927,0.651239677430728,0.604241951197491,0.573658682651506,0.541889393046654,0.537121296369919,0.526985696126452,0.575608529396808,0.561690276796274,0.533421444309515,0.488235112509856,0.4771250899329,0.401802081770514,0.384175688517385,0.391206398933468,0.364206374356809,0.381774051668447,0.397088910550893,0.336411084791824,0.457547201550565,0.566036528473138,0.620780769695927,0.630074078701055,0.711694017589272,0.609712263750115,0.558945601452734,0.539596194539375,0.530757149043804,0.530044508685693,0.634200324983754,0.730156414393847,0.787684618249712,0.896216979388662,1.000656884982,1.00051998249994,1.00000129199891,1.00001414610634,0.942927343975052,0.922937421548934,0.909030993623341,0.909029701624428,0.891265658561704,0.917487740602643,0.931694315347882,0.939750300395961,0.939750300395961,0.957501489351262,0.986294764727217,0.992078112408095,0.997928555285609,0.997928555285609,0.997928555285609,0.991880919708934,0.968671805250676,0.933992010184297,0.884486841747859,0.804040779617571,0.774495196692385,0.755400190519907
231,"ETH","Ethiopia",1.34566266336112,1.34538559268321,1.34463555460695,1.34399352605574,1.34347878789831,1.34220771248254,1.34105586583756,1.34040126930453,1.34122003810744,1.34274165613644,1.34579284597601,1.3477544584841,1.34915820007243,1.35002354055967,1.34776785433409,1.3414589768674,1.337569567805,1.33403782963288,1.32657434037864,1.32470210182556,1.32828913711134,1.32924631274742,1.32803363514646,1.32830413651678,1.3259428118942,1.3196537820823,1.3137494084658,1.31301532862581,1.24488197180587,1.18196909171219,1.10772150270616,1.02146076969232,0.93030385797665,0.925634756593631,0.906056655921446,0.89877690596603,0.894483319228238,0.89756821311538,0.872830189097448,0.869565164278797,0.851708351632328,0.847760299413205,0.838814978700475,0.836839742079231,0.81492268097152,0.805982479471059,0.791910690527541,0.777696461270832,0.754708725900956,0.736351135445146,0.716704571986906,0.700563589223529,0.683415598409906,0.676487398919633,0.673163061471288,0.67776835808826,0.683101802918111,0.688964804181426,0.699637410085477
234,"FRO","Faeroe Islands",1.01864245259974,1.02108146739612,1.02676568038711,1.03434087763776,1.04402687852222,1.03863229162718,1.04768749450191,1.0564840235493,1.07176910284984,1.07830436106677,1.09969061969375,1.09783595134743,1.09319401513852,1.08364120425568,1.07439005757687,1.06255287212469,1.06440408122707,1.06438489905488,1.06336321002038,1.06166947525954,1.05832823668049,1.05498166348176,1.05164280969647,1.04933503593092,1.04770612444622,1.04620385185897,1.04386110879694,1.04044942312061,1.03729984192134,1.03404833527524,1.03227759182177,1.03138869851056,1.0316799401727,1.03186582804001,1.03237507564496,1.03317655202773,1.03422710500466,1.03553331316582,1.03671804796149,1.03843269688439,1.03992226446475,1.04128316529574,1.04294307996683,1.04375985651786,1.04357099848311,1.04406682303832,1.04351430420856,1.04016582500865,1.03558255054507,1.0283571024541,1.02887099080506,1.02716896460217,1.02929423783958,1.03339159353261,1.03790447785121,1.03641666674757,1.03779811197958,1.03732592190906,1.03695515246328
238,"FLK","Falkland Islands",NA,NA,NA,NA,NA,NA,NA,NA,NA,NA,NA,NA,NA,NA,NA,NA,NA,NA,NA,NA,NA,NA,NA,NA,NA,NA,NA,NA,NA,NA,NA,NA,NA,NA,NA,NA,NA,NA,NA,NA,NA,NA,NA,NA,NA,NA,NA,NA,NA,NA,NA,NA,NA,NA,NA,NA,NA,NA,NA
242,"FJI","Fiji",0.876171633331419,0.833534453635059,0.784239998118858,0.776496187201753,0.809006298913678,0.852983849775766,0.788533863361436,0.682936554325718,0.563845591248694,0.427803783808621,0.281475470114809,0.206107943627086,0.176994811359162,0.137868280864318,0.15149170002994,0.127626158784749,0.114321428186659,0.151944313684067,0.172312430806261,0.20867607612037,0.242218262895842,0.273329263879893,0.268096997776338,0.26164464407346,0.211335479726165,0.191003689359019,0.204713108741799,0.217797529643998,0.222880526450938,0.25499703697939,0.260823009487378,0.233589903948181,0.20173759303915,0.227667757509119,0.252198936506973,0.410551084970264,0.457162757499062,0.446093422450281,0.470601228303874,0.418610263012871,0.260915683889713,0.302084809459851,0.369057304950907,0.281973589908992,0.357459498782987,0.407405155622083,0.349442583202301,0.37423686935804,0.448441638785794,0.422272965966649,0.415268440041645,0.465337684205694,0.44657342590365,0.43286422383385,0.429338558671662,0.430996375453903,0.408405761820532,0.385639676283928,0.385587237272593
246,"FIN","Finland",1.03906556530948,1.0441939628332,1.01709028960516,1.00136323574928,0.981874640215321,0.969864891611333,0.942464654308092,0.925184817130834,0.920230780920337,0.914773868972987,0.89714736457262,0.860781061587595,0.861626066252942,0.849567731570114,0.831052207447689,0.831565442804898,0.883905980788372,0.869312771902033,0.838993426929604,0.82042241405591,0.805975664664382,0.766008838936637,0.804445350314025,0.835512698895565,0.82955901424524,0.801502454967414,0.795696777472282,0.762829977396948,0.729550654681678,0.732012579897938,0.750775891106448,0.732141044784165,0.687815296840982,0.73350161961829,0.76963224808133,0.772786302322537,0.799362451615616,0.819745178048444,0.783587819275704,0.75766722383505,0.754739081841631,0.749090067368103,0.74452100283209,0.731152383467946,0.704919355315554,0.736137075756596,0.734988826431434,0.747151316495128,0.747422354665342,0.756321906654668,0.735560170542184,0.741641275617815,0.746361434210499,0.78820134057612,0.789426603504667,0.79714780135401,0.82488049687782,0.803462717673927,0.789440709063668
250,"FRA","France",0.907738183934028,0.898714794194208,0.89081338608085,0.875926627814622,0.86627715361856,0.87384242888015,0.854283871866453,0.842818430852908,0.831101397526609,0.817201866502577,0.812910986907398,0.829133442438057,0.837948663205504,0.8365003855039,0.840408972631661,0.814254034210836,0.78505128974432,0.762232765300621,0.760584680837149,0.727754075263671,0.712486801762646,0.706711322350511,0.694255702361739,0.667093914825194,0.665009183463983,0.653291549017027,0.626091540567721,0.604952183014404,0.601450085420294,0.602540793437635,0.608568670247703,0.604962761755674,0.606316324437495,0.586957402998641,0.570160914404107,0.549788083053667,0.556298288333985,0.543590665018572,0.565000339375108,0.552950598888457,0.548420241620317,0.534477677009804,0.551873228243993,0.517620406408623,0.503089050945529,0.498994297814383,0.483191938686467,0.456295778174897,0.462322743891063,0.466115320489915,0.455713503824515,0.4824560661365,0.484591541918369,0.488185527049453,0.488721177880175,0.50630547778745,0.47562351931716,0.470330418465483,0.450264951929287
258,"PYF","French Polynesia",1,1,1,1,1,1,1,1,1.00260530736361,1.00892820521495,1.00892820521495,1.00892820521495,1.01137651503486,1.0138976264784,1.0102323674183,1.0102323674183,1.01071248683549,1.00826417701558,1.01172064358925,0.904521145667448,0.908008246241416,0.910821305618903,0.912004862275719,0.910650103644147,1.02356347936674,1.023316664272,1.0313057209432,0.988966015882103,0.925767336045782,0.861157534631019,0.81973794314759,0.764404993663502,0.770829809841315,0.74271646614792,0.69792636352934,0.640807293369677,0.614239971336948,0.624823834157722,0.706528073869527,0.763109824040814,0.870463822680141,0.951259938964415,0.985559202907079,0.938961587822994,0.969873434848034,0.916884670307437,0.876165265286147,0.882084599478624,0.945656083882504,0.975809793365629,0.977480491094155,1.01332190592545,0.956321659801818,0.961159528786789,0.908389188917313,0.936992900988852,0.888519496792533,0.918282745905194,0.919878690271125
266,"GAB","Gabon",0.943709989178496,0.956797777946016,0.968707110404373,0.975898645249626,0.983282744720455,0.988600142711038,0.993049213850482,0.997129060711901,1.00211396427482,1.00659166072313,1.01695703324124,1.03010828042007,1.03339781572503,1.03332472789243,1.02635115909068,1.00724898121347,0.992270921915461,0.978740526723626,0.968842790924917,0.964577494920272,0.967347192243323,0.964823649350965,0.966325155046373,0.96297472152509,0.961368357875882,0.95791998315343,0.948563166135941,0.946866677919116,0.951291221604779,0.951469765035972,0.947875825208286,0.949322227830003,0.951819511833216,0.952305834227497,0.956520781758713,0.960268157162099,0.962723969570529,0.96294986947138,0.960970357725825,0.95909316338834,0.960009016150739,0.960384786542865,0.956357437368665,0.951663696583488,0.943136345067799,0.93302248764099,0.918645325196283,0.909046735151916,0.900867012751594,0.895385207037077,0.904800182091313,0.914761071268003,0.934840726818975,0.951044631890993,0.962733439301377,0.949326984037445,0.937415764270789,0.915931027993178,0.896320963590791
270,"GMB","Gambia",0.723251863111435,0.715255547653356,0.715677425038831,0.699453644495879,0.69385053730509,0.693677084243491,0.696878880854665,0.706878942906266,0.714071744347556,0.737281740270864,0.763060591139854,0.793662682816129,0.835415466873187,0.86914089873614,0.910273736776948,0.942365409306741,0.943081751516602,0.911578820827119,0.918364557430059,0.882208953704247,0.861070872066479,0.864035569717383,0.870406157920888,0.866499949587967,0.85246993369773,0.861593583855467,0.863212412731564,0.876019121713041,0.863530525122777,0.881406398359848,0.876069056249431,0.890919879025483,0.889292309943649,0.917097325273591,0.904854255693651,0.87839172932194,0.839422247777829,0.851343951669366,0.828579567354168,0.820216464602697,0.834973250732743,0.852450981930802,0.861858374301719,0.872602838143485,0.898138824500597,0.90105914664821,0.941478066316984,0.927825881665614,0.938341404201773,0.96024882275463,0.98134610153717,0.975684164447901,1.00156253008968,1.0410225806063,1.06562604930782,1.09505766833358,1.11520297502955,1.12010549054456,1.11887202708807
268,"GEO","Georgia",NA,NA,NA,NA,NA,NA,NA,NA,NA,NA,NA,NA,NA,NA,NA,NA,NA,NA,NA,NA,NA,NA,NA,NA,NA,NA,NA,1.19966562519158,1.20127879328423,1.17111343944143,1.15027026557984,1.13356238586151,1.08829335486229,1.06567656075341,1.05212993239205,1.0752411745839,1.06589789164723,1.08324635693049,1.06192929991445,1.03435733883562,0.975240908981115,1.00475019658788,1.008588528991,1.02434411928292,1.06800572260499,1.12294916212449,1.09804638601606,1.09950985621981,1.09343135403249,1.08856683309895,1.06237773218534,1.05655486070591,1.05849851911827,1.05687331658553,1.04131765935807,1.04900902062701,1.05860080726303,1.05662406832916,1.06914000557044
276,"DEU","Germany",0.839918926813123,0.832969621108465,0.823168354142609,0.814795908455548,0.818458789192074,0.81358178176435,0.797811223156784,0.801745199469602,0.80278622794227,0.785971514593702,0.77462066495044,0.787963533253548,0.788495252469039,0.785407221925727,0.795753528427912,0.795930563282654,0.780821264804243,0.77126785919938,0.775124044862388,0.757587962802989,0.741883475907884,0.72904438951173,0.727344369911988,0.716402126797182,0.716818307763002,0.703943546012168,0.681847016886485,0.661865695272341,0.639053235088817,0.62368587210169,0.609396347075791,0.60170049978523,0.579665783576651,0.566216692283242,0.549839754662371,0.538685609510909,0.520222091757082,0.520765898436348,0.528490539443031,0.505334463482801,0.498256522919001,0.497712275269358,0.497821112582234,0.462206190451243,0.453070638085516,0.454795651987508,0.462022885472567,0.44963629639183,0.458322166198823,0.465497838383498,0.456576816829937,0.449574490233687,0.442536511707299,0.450120446092861,0.448758403007727,0.439945796524732,0.411459896118203,0.378521649253724,0.345346677836947
288,"GHA","Ghana",1.04046163604723,1.03732181812327,1.04018739942527,1.02881594810839,1.00131064570883,0.971783374440412,0.946896558112995,0.91434632296723,0.89937145865778,0.883536718393208,0.866885213517732,0.853154360867166,0.856037145834909,0.862623753415234,0.867381736692268,0.875288830459552,0.880273567419711,0.884123789658826,0.886537043772982,0.883098277493087,0.8822699318686,0.878897634077945,0.86741856628734,0.852890763924561,0.849384215287875,0.854594965144678,0.852491472299297,0.848805083792473,0.848989996088301,0.849695888998444,0.841722951733942,0.838158532463925,0.836052316525854,0.828452678698367,0.827043123779462,0.822132983947892,0.814126098332162,0.802580153503982,0.792954208496414,0.785027002858277,0.770323554456163,0.759034294270241,0.758598941226894,0.753433123731975,0.737549469713192,0.72717499832663,0.727224958141069,0.708989301848911,0.696276116532107,0.691340026205324,0.684659732237558,0.671627464741662,0.666162757337461,0.65923948423157,0.642961319579367,0.628566427121819,0.625720899321056,0.615256693740659,0.608890099173213
300,"GRC","Greece",0.919579249615008,0.918738985496341,0.908553832098985,0.917387156823151,0.923790383416564,0.923766015596819,0.925530463189928,0.929421745448705,0.918126971043445,0.907281904642774,0.903220243022766,0.901448156532101,0.912606842367725,0.901710121124376,0.908062582646092,0.897045852662683,0.884412848970691,0.862236300925802,0.869279598682088,0.857022936781799,0.872078849292583,0.872317695891648,0.868231191935859,0.843795863835411,0.818280320395476,0.815259684768294,0.801226292892336,0.791673328548666,0.776571924833653,0.759102861198496,0.705379003287922,0.68615278825574,0.653369113024227,0.630215688633565,0.620881211486322,0.610161997200625,0.585214464914694,0.572494181210815,0.579938385385522,0.568670906511727,0.559167070429275,0.570822372506361,0.589608271433573,0.568576353799381,0.56962060664633,0.59642583983943,0.595044527584192,0.584382470756534,0.59620983203707,0.602481401854309,0.576705204865333,0.578827069295743,0.579635373293537,0.592495286317983,0.599856723319481,0.611717759012291,0.603240256622309,0.669198952144872,0.726556829866321
304,"GRL","Greenland",NA,NA,NA,NA,NA,NA,NA,NA,NA,NA,NA,NA,NA,NA,NA,NA,NA,NA,NA,NA,NA,NA,NA,NA,NA,NA,NA,NA,NA,NA,NA,NA,NA,NA,NA,NA,NA,NA,NA,NA,NA,NA,NA,NA,NA,NA,NA,NA,NA,NA,NA,NA,NA,NA,NA,NA,NA,NA,NA
308,"GRD","Grenada",0.909735047471597,0.89581939017514,0.875725100020823,0.864039398489328,0.84685844587954,0.846854146024857,0.850175610002878,0.86797471476669,0.889939253357736,0.923110180446383,0.942746474726196,0.950791922130495,0.95220752953558,0.936502083308777,0.90873818902265,0.888810156293504,0.869490363496967,0.859210649136339,0.863116466892318,0.858739213900751,0.852663835845709,0.856887714431831,0.834725167163712,0.817723638970281,0.810968384598195,0.80156438180271,0.787848882960393,0.794504779245335,0.788703582882514,0.781791195848518,0.776838086067736,0.784275290599334,0.790354435659887,0.804834162368904,0.825381071333236,0.840939106123142,0.8578459303808,0.867794603307019,0.859819798849695,0.849236802988808,0.845693919125425,0.830918684598831,0.812171211003041,0.808237213236881,0.811758256503153,0.799739386745489,0.78177607840579,0.757727669010121,0.733234667351265,0.687845318764663,0.652163849823952,0.620230680031982,0.614894257468607,0.617279693442441,0.640823705143636,0.672419363209568,0.697704754536396,0.710261664256941,0.714187171648362
320,"GTM","Guatemala",0.813132278076668,0.781742293652873,0.767688641238297,0.763405459148631,0.762119554886114,0.776931527972772,0.777535377902991,0.766821452322164,0.749480968444207,0.727847197839784,0.690013437831734,0.662212700500489,0.635768992421827,0.616547381793152,0.610692949560357,0.602163397001156,0.59475126134524,0.608849432952151,0.623529385634942,0.644726688182011,0.670028767466506,0.702389968664584,0.724336244736719,0.725368690125986,0.728560880577252,0.71521339146327,0.697785618694481,0.668190796577234,0.669792571251139,0.668556701497535,0.6702175705505,0.663788774984044,0.6642299019693,0.644645658644685,0.630939767457975,0.638498682412979,0.643366775805127,0.640067609361281,0.653654593339256,0.642181733860783,0.624370244848534,0.624458836811845,0.610121626612867,0.576358799536836,0.553715098175096,0.531896571399821,0.511972558094793,0.501553985745178,0.500082425139134,0.473781668543816,0.442427955137693,0.39152212041039,0.388545735217584,0.386645186986567,0.400505740353533,0.439128300404738,0.478270270593027,0.471351094302242,0.464849494338952
831,"GGY","Guernsey",NA,NA,NA,NA,NA,NA,NA,NA,NA,NA,NA,NA,NA,NA,NA,NA,NA,NA,NA,NA,NA,NA,NA,NA,NA,NA,NA,NA,NA,NA,NA,NA,NA,NA,NA,NA,NA,NA,NA,NA,NA,NA,NA,NA,NA,NA,NA,NA,NA,NA,NA,NA,NA,NA,NA,NA,NA,NA,NA
324,"GIN","Guinea",0.989930963064218,0.993388217323434,0.995504993876264,0.993552165281661,0.993698204866952,0.991313567807188,0.988882586256453,0.989535691483908,0.989232100776684,0.988244129524179,0.987524162111711,0.986425486408294,0.983058039206938,0.98111604035435,0.979507307364189,0.975851512776285,0.974927515241596,0.974872812776316,0.973814663898372,0.969921192987558,0.966920385104357,0.96176526603157,0.956202731981536,0.949209147592555,0.943893282070385,0.938620871404038,0.935279800489704,0.929730254300756,0.925481829177359,0.922276783521529,0.920056380758911,0.916870464176641,0.913571675555426,0.911918856450108,0.905463317897752,0.89385519281905,0.883279533235076,0.876144534045529,0.863895127682821,0.854221962041319,0.847198754934324,0.837677311018136,0.82626671300289,0.818962404421838,0.816779427880862,0.827237310938418,0.840382446051045,0.857625970994911,0.872316263853633,0.890456437248152,0.898173464063541,0.903702368625982,0.908257702876464,0.912643721623506,0.907091697797242,0.898673963418727,0.889875402263876,0.880115081040342,0.872418095703863
624,"GNB","Guinea-Bissau",1.05939428583945,1.07104782415523,1.08453555080866,1.09458017377252,1.10223078977069,1.10476530496422,1.11313742908869,1.11615246066357,1.12272837912599,1.12713733095437,1.12689950946688,1.11639925862595,1.11526603385431,1.11125317313917,1.10637356014827,1.10330997673452,1.10455977457796,1.0944111302489,1.09199631239076,1.08370573287843,1.06950401377827,1.04851075935584,1.0313601757618,1.00128875622153,0.984852025148238,0.974009969677526,0.973184934768698,0.975090257886862,0.980098399987056,0.979463133538567,0.97784588833205,0.978259535183049,0.982473657918621,0.984853243230758,0.987662909635702,0.994459861177757,0.995536126380128,0.994410808715044,0.997064014836668,0.993891186128115,0.976075908601984,0.958760992512306,0.944760688764981,0.923417199496536,0.915047632365313,0.923988515910343,0.937543362086352,0.943643441506838,0.956188916902674,0.966191250340268,0.967143969984233,0.96686480068574,0.968763292945384,0.968596348224654,0.96335831160046,0.961860048773103,0.954445836870215,0.942943954613317,0.93272203265382
328,"GUY","Guyana",0.3912595749016,0.341178807112185,0.287779356890212,0.240247420183487,0.230972055238866,0.218721064958646,0.198767384717301,0.16178912861008,0.155423911223808,0.121305409597517,0.0967770263209684,0.0841813948994161,0.0861184579050587,0.0790218192038287,0.0990454730301158,0.172655576791252,0.160439638678769,0.162293231079405,0.150431509890283,0.123356626792872,0.0812251227338548,0.0922255800584483,0.0866611112480323,0.109214396652913,0.159433713637688,0.132760519364655,0.149791148011784,0.150414752647947,0.126539304780248,0.101238875241164,0.0932392924932501,0.0568959737335796,0.0703592548782031,0.100239160690343,0.108271556063888,0.125816294601947,0.12511515382907,0.11833496203001,0.08098391593188,0.10084033319891,0.0941033398054896,0.0970458760184726,0.097466275930042,0.172831212323571,0.119042728484897,0.157395845136018,0.174916786992361,0.195948660958808,0.189978507476728,0.241345210366978,0.212626503687796,0.21965111581834,0.23758836237386,0.202412187185472,0.195564781711197,0.207002995986,0.218168460172507,0.168100702189259,0.164099648645655
332,"HTI","Haiti",0.807682669125012,0.81165531270585,0.81423534189464,0.820316407720044,0.823988046330523,0.825437894519178,0.827709219701206,0.82316940302118,0.819223542044179,0.814775997310902,0.81195583387966,0.807745509120662,0.817820630718952,0.824192472615055,0.829245132367071,0.823465707234747,0.813785188191474,0.787461732448144,0.759512243912234,0.738073489223374,0.727731857335531,0.722824792215236,0.729637856314309,0.7396082689084,0.748799263968499,0.762371085557038,0.77690137463519,0.790108478400228,0.803760879463211,0.818126687463522,0.833539407912163,0.844238063519885,0.863109193405188,0.888577374094647,0.904105986607907,0.926212506508058,0.949378664471893,0.96746023878364,0.975086764736113,0.976582423161528,0.968133702142352,0.961541903870934,0.937964691242505,0.927083763932283,0.91491686263386,0.899449760453885,0.883431005954278,0.888050151471386,0.873455681121882,0.876169297865835,0.884755079824879,0.896125752772228,0.899692437479081,0.925386406483387,0.942912262228823,0.950034672579513,0.946824138977891,0.9424618464672,0.926773349728462
336,"VAT","Holy See",NA,NA,NA,NA,NA,NA,NA,NA,NA,NA,NA,NA,NA,NA,NA,NA,NA,NA,NA,NA,NA,NA,NA,NA,NA,NA,NA,NA,NA,NA,NA,NA,NA,NA,NA,NA,NA,NA,NA,NA,NA,NA,NA,NA,NA,NA,NA,NA,NA,NA,NA,NA,NA,NA,NA,NA,NA,NA,NA
340,"HND","Honduras",1.08996255726452,1.07888918886729,1.06678974474289,1.05712403260477,1.05546306363059,1.05842723956456,1.06318222223457,1.0680915514429,1.07017112099004,1.06427956456539,1.05912761788944,1.05228221274503,1.04498237918318,1.02457233478911,1.00935859619932,0.991513148958207,0.968610029966612,0.947904540028492,0.943156435882785,0.943722186400522,0.937056004632922,0.933460239075651,0.938883737692649,0.949525736415928,0.94951511934408,0.939823720123035,0.946391418205234,0.945764710792509,0.947177991734923,0.930479521085478,0.967613790937352,0.973637946520213,0.991227245149302,1.00675507551476,1.05474039331364,1.05494766319483,1.06701649519454,1.03883872705986,0.992324719719667,0.924088425600439,0.875819457868451,0.843936926255676,0.827012938257609,0.816890751177141,0.807415868669807,0.815777126684227,0.824203564348578,0.834593120279185,0.85269057854733,0.885584725006816,0.88398706195429,0.873040856358874,0.857526124333286,0.842790088874108,0.83121673162779,0.844973736454435,0.855784753545818,0.870600423403644,0.884230871948961
344,"HKG","Hong Kong",0.884429252915464,0.883994713941445,0.856256400446466,0.823003979583809,0.780141185316019,0.760249742009687,0.772708510826968,0.802212533211761,0.813200254684337,0.817660599711462,0.821311264029942,0.820324758634531,0.812540508557466,0.81278146595537,0.818940179555032,0.823280689800085,0.830889592878297,0.838403707357485,0.841872162151195,0.845334204708474,0.852367520352736,0.853587507638666,0.858256025473072,0.864773225751531,0.864725597052436,0.865028168157316,0.869518307020193,0.870415957460667,0.866357766175542,0.865744932881701,0.861257002072757,0.868372404734046,0.870971808082369,0.887349827223514,0.917237724492408,0.963691426367788,1.01408712228017,1.06787618631068,1.10990112626097,1.14085039491621,1.155429705813,1.14620377627898,1.13565742388992,1.12546023810009,1.11681432479172,1.10329101761296,1.09889802783515,1.08584320703583,1.07395004508352,1.06236685786786,1.05893773229944,1.05307603973348,1.05702263132392,1.0583611162735,1.05761891307316,1.03860820334432,1.02174147242694,1.00330313092275,0.986888885382747
348,"HUN","Hungary",0.952566303496993,0.948725399070028,0.94690253832709,0.946586810885194,0.934465117617401,0.950041974485498,0.950413347164713,0.943816903962101,0.929844587690503,0.922505352176184,0.894655064854229,0.883837743661879,0.874765296126427,0.861333906935561,0.866322076068702,0.842527329532073,0.831840913458067,0.81483076975891,0.811258841360866,0.776525107498333,0.76873327299192,0.753830722432824,0.751887295589065,0.735299467613748,0.727639365563989,0.716050030986819,0.659808053352601,0.633131177916931,0.649449007782171,0.632848445700844,0.619201116723128,0.66181718210159,0.64368185105463,0.598759654842746,0.620898789579149,0.655146237022298,0.623267078630404,0.648195417612127,0.694109851550106,0.62354623414765,0.546502657697512,0.54058379370003,0.547490555572614,0.438098811756899,0.456995625239914,0.48876015043415,0.482474828048869,0.470106734950248,0.510731983619336,0.480799931359103,0.453350654317129,0.421853818491874,0.378998314796192,0.373972877911681,0.396468392064148,0.401330843542333,0.43999416469089,0.491084750086272,0.43465645159453
352,"ISL","Iceland",1.41062557331271,1.41126129309906,1.41149636176092,1.41173029103439,1.41199650234917,1.41246820879304,1.41204146854979,1.41196597518817,1.41196776365757,1.41149853362014,1.41148259071087,1.41176102087491,1.41182781009744,1.41146638343254,1.41188368019701,1.41139939071924,1.41119584262785,1.41084456427026,1.41126976740566,1.41054302351066,1.41064802499851,1.41030976856676,1.41003462075002,1.40970238372736,1.41028035903874,1.4105105400788,1.41054092147413,1.41086293443319,1.41085017247501,1.41055233062238,1.41045952518556,1.41052501651518,1.41059649144627,1.41036952400375,1.41046352159386,1.41028323305398,1.41020700740094,1.4101849414313,1.4103809959708,1.41014463950796,1.40989525540337,1.40977018694662,1.40945171338826,1.40914246549826,1.40915716030505,1.40908644279678,1.40935495376959,1.40941513842429,1.40967483005131,1.40973580929643,1.40805108513031,1.40470924887878,1.40181445698674,1.40025987225859,1.39684234140567,1.39576573915148,1.39609197262001,1.39533317684431,1.39313364157967
356,"IND","India",0.961964292810779,0.968374462703325,0.972290496987212,0.973735421242904,0.970445808495015,0.958619531733514,0.946508904960931,0.942309657955309,0.932470019333185,0.934033500187106,0.933443232244369,0.934467843792297,0.925898633157553,0.922480989282028,0.922265455288686,0.928594663589856,0.925790846698528,0.928716637464992,0.926577210238006,0.918770908507568,0.913473402265782,0.917628884034266,0.918767005764279,0.919897595309325,0.910186516480645,0.899867989631119,0.884963529848371,0.866070974034366,0.856234566190267,0.853375213340924,0.844587219799293,0.834992628767134,0.83180274331719,0.827698073676005,0.819844380265607,0.815148338199187,0.811007912175458,0.815562600280828,0.808255950600999,0.810407236772644,0.81113614117268,0.809006772606132,0.784750259224868,0.775852197708041,0.768248972421164,0.751454248281962,0.733000853601582,0.722802557600737,0.707301898556673,0.68517343136076,0.682722754485816,0.677712599926703,0.673312349642948,0.667441405318637,0.660695863825287,0.647655749302131,0.636316375349054,0.628755926066978,0.618577598783848
360,"IDN","Indonesia",0.770032547740857,0.768970239207875,0.772242789738724,0.764883314890611,0.761846390484603,0.755731452377767,0.749544045192813,0.750826456099824,0.751998172965379,0.753214723163467,0.755700203640549,0.758127439093299,0.756705836169788,0.755366989561167,0.758816911300427,0.766555287105501,0.770885722553535,0.778998005276826,0.783345834844345,0.787745824844906,0.789093512376137,0.79403742467136,0.795198526263632,0.802104743533993,0.800680688281036,0.798963992947569,0.790458149132744,0.769967207332006,0.749838891334415,0.740358174860944,0.729048700937502,0.731329335796502,0.738452917579403,0.741292099733977,0.735383980974822,0.728183831871604,0.715503518027377,0.708654642779294,0.70146260717629,0.69637754113358,0.687604727198066,0.680733299575791,0.669279534539037,0.660433894839948,0.657918222785672,0.65056072202545,0.644283912576445,0.629863086022924,0.617120960443601,0.602981621689279,0.59747076210583,0.590337995383632,0.590169888478468,0.595228548710556,0.596939493206966,0.602788690823119,0.598714416741979,0.589422348671196,0.582720982067387
364,"IRN","Iran",0.954092576898018,0.940443209869346,0.933180960153386,0.916816175508696,0.90350955220902,0.90475781375757,0.921752001108035,0.922741143332706,0.941347008042726,0.955763932815408,0.961407794202179,0.947821667390449,0.953814225304017,0.942928141622042,0.948295514232636,0.960028412518052,0.981402474023377,0.987970283606916,1.01455759836241,1.01697855121454,1.01603322270303,1.00796029657658,1.00421358925029,0.990722007898974,1.00279546916709,0.992694082649064,0.992840069087461,0.99155209261849,0.973003296248035,0.940227062544597,0.93241367970072,0.923064426740416,0.920717136796384,0.922082198598286,0.937764813712242,0.957440398879306,0.966290824629154,0.950305696968034,0.942686249717139,0.919550358225579,0.890625229563211,0.874765913963611,0.864484534027167,0.90649843747106,0.92332008301201,0.933395664280572,0.941645511205394,0.962032589957637,0.924457615691007,0.906659564006625,0.884854407709373,0.847502257555514,0.827357421517616,0.820199141923361,0.8140591956633,0.825179645466836,0.859779504006003,0.875026333978135,0.882298617575814
368,"IRQ","Iraq",1.03901818856559,1.02028014734773,0.967518773974493,0.996469457156358,0.99502772279436,0.967235119810763,0.958290795774769,1.00162214488,0.969364643305337,0.958204386730389,0.974693925481964,0.976963353300826,0.958303061230318,0.979565700929943,1.02296201312164,1.03444296937802,1.05431510871151,1.04548281096772,1.04740048918794,1.06540478019917,1.06119282203035,1.07694969925447,1.10673383464151,1.12363610940661,1.12060861078816,1.11489420608194,1.09786389530765,1.07126893357866,1.06918812357847,1.05772229574319,1.08646578375159,1.10472658399645,1.12669726972253,1.13262447324139,1.14550409058494,1.17021710461275,1.19342376068921,1.18385288504624,1.11398443789412,1.03983515247604,0.97689823076786,0.927556391150671,0.893426075368614,0.956721933882475,1.00251728434677,0.977726620179852,0.958927808275043,0.947052153117531,0.874999350200753,0.80480715311213,0.840693507911117,0.866624966653907,0.896780722573788,0.979370106042175,1.00526732075719,0.940392799401483,0.907167233770343,0.915363743345329,0.884944730871447
372,"IRL","Ireland",0.526079850271369,0.560293529994046,0.585213436237485,0.578443843352125,0.566361941426997,0.566105443978301,0.543768948799278,0.560148136910403,0.594948427849079,0.61681600435549,0.631655935361023,0.668363132020161,0.660200740129934,0.659510417105972,0.654976334306416,0.648938180107018,0.631598637384191,0.630543429368683,0.630369747083438,0.618765015072679,0.620291956472028,0.633956604089075,0.642713118078708,0.641151073042055,0.6654229572616,0.672615459789137,0.667592224806963,0.671557522589203,0.689882537336115,0.701401906891293,0.711555747358409,0.711951744636295,0.720007038871666,0.717182479741516,0.709590779702325,0.697357318872726,0.697647794073501,0.697805327683854,0.686650590162153,0.665108484117942,0.668382260194563,0.669975849771377,0.664756229973114,0.649817387844154,0.668594124315593,0.667807195518188,0.64701575896252,0.646581407663481,0.65408165361806,0.636716040445485,0.621876079522077,0.639389320518294,0.637398050062506,0.661265699782655,0.672809766565903,0.697640535912853,0.699152229320191,0.689324228985654,0.66947625934256
833,"IMN","Isle of Man",NA,NA,NA,NA,NA,NA,NA,NA,NA,NA,NA,NA,NA,NA,NA,NA,NA,NA,NA,NA,NA,NA,NA,NA,NA,NA,NA,NA,NA,NA,NA,NA,NA,NA,NA,NA,NA,NA,NA,NA,NA,NA,NA,NA,NA,NA,NA,NA,NA,NA,NA,NA,NA,NA,NA,NA,NA,NA,NA
376,"ISR","Israel",0.876137140242827,0.859486391007992,0.815113640251329,0.767834222966598,0.758221125994195,0.763376403230589,0.72769078876883,0.69775214254687,0.674680913636225,0.634848501057786,0.603999789289826,0.590980836539571,0.594100073630963,0.581989654524465,0.591858935566382,0.571251346732842,0.544811679030867,0.542757589937142,0.523066722632452,0.541282268540592,0.553209138137816,0.591338706828888,0.607938978804659,0.654219222472183,0.667657906749475,0.677136052860402,0.709964074607659,0.733213862443462,0.757741063281727,0.788282414286139,0.810561922372205,0.795338588249323,0.805464685067192,0.801724507240835,0.806593573576274,0.841037899301987,0.861370882771021,0.869776587354685,0.884721097816116,0.861769752087656,0.835510129946882,0.822467086299479,0.814750244723534,0.824818234809245,0.835947909590166,0.850273066738481,0.854458832795549,0.846590085707696,0.82464278348041,0.815215614101579,0.808211920875919,0.814430702974384,0.854457338628264,0.899005220662318,0.932269968028883,0.944408340186106,0.94711159738216,0.906937238052662,0.866659225054171
380,"ITA","Italy",0.906360513637941,0.90511861746839,0.898019089009013,0.89613331387881,0.89560579311101,0.897494872233455,0.887823656746348,0.892307914846007,0.889683941981738,0.883105874847789,0.872782831364937,0.87578451497041,0.88593633581556,0.891087562452849,0.900962379398947,0.906809476302521,0.907122520086013,0.898189955398159,0.890060594539133,0.879726948394166,0.880897159442147,0.872853871075675,0.851410071296231,0.841283576569433,0.825880493345371,0.809853273436572,0.795903310527075,0.790992886365347,0.787312121964474,0.787343205256004,0.779170282293213,0.778383670745447,0.775228134084947,0.759702473636369,0.752006055928306,0.748711448151249,0.750616390613672,0.751734673910502,0.773663941425499,0.761703339142578,0.749074392607865,0.743502182493412,0.741262052186546,0.71260398767019,0.720661343124534,0.725310836780179,0.712933545985496,0.711949228729261,0.718750842552519,0.710948554891387,0.708677181528134,0.712389075489296,0.714308537548669,0.714036630161287,0.725225336525387,0.737097872681218,0.741176284546966,0.744914274307552,0.751881548770627
388,"JAM","Jamaica",0.489796635741115,0.549979040465737,0.481821016857845,0.412534655710471,0.390202423000889,0.3086510951337,0.168291953127097,0.165570221958256,0.174936679169042,0.173579279860548,0.192209829926188,0.214451490613197,0.242562095059151,0.241488212879835,0.254012736879114,0.26629402302981,0.308643491228423,0.315461788139073,0.35058804250131,0.378302091394485,0.386344024459994,0.362615593976388,0.39157736863404,0.400999042802705,0.449004757839371,0.460192019603696,0.461326735715234,0.426638705616897,0.404293878487289,0.339282550402367,0.323661872790738,0.312064618273574,0.317636014325174,0.326953023327599,0.344273084010508,0.379418589445909,0.405873397398202,0.409345371883519,0.418797614100669,0.421927510870377,0.418606064491821,0.398068395526257,0.384038656144244,0.355511135407108,0.344754548981813,0.352943886843122,0.385073878456001,0.430220715328771,0.472693551869977,0.485623724918743,0.456031140348438,0.461282692959478,0.458210968804252,0.474070245431834,0.514845467621557,0.574156785934361,0.615344289421195,0.635415870111815,0.660932126656438
392,"JPN","Japan",0.532175692540494,0.557680182240792,0.574707473895617,0.573489147289792,0.577719766734768,0.588878302955799,0.606843225765529,0.627643382827609,0.663287809321931,0.684068017595757,0.68562191786828,0.687282869941247,0.681562079966136,0.671024114233345,0.674237204992547,0.692254867257427,0.693244962317326,0.703617470003695,0.713552485915187,0.705846308005358,0.692637862379539,0.682948955968564,0.679179148022365,0.675383180547142,0.680379703568293,0.684980176067669,0.692267217432197,0.68859638103944,0.708784886643343,0.700502012998912,0.696478584512574,0.690122867077647,0.690075805099064,0.67063297414747,0.678581667613752,0.67961836916207,0.680350792938588,0.681459275558841,0.685522796384691,0.686055025459764,0.685126676008521,0.688943791807996,0.689974048918603,0.669758626217877,0.662922827994348,0.668222098011131,0.663453796338059,0.657017124656133,0.662705301338201,0.660238726581219,0.646535640814111,0.643840054880893,0.643850065886782,0.645641836704874,0.643201609020862,0.646827651874489,0.638995579876076,0.635014791076573,0.623987043530981
832,"JEY","Jersey",NA,NA,NA,NA,NA,NA,NA,NA,NA,NA,NA,NA,NA,NA,NA,NA,NA,NA,NA,NA,NA,NA,NA,NA,NA,NA,NA,NA,NA,NA,NA,NA,NA,NA,NA,NA,NA,NA,NA,NA,NA,NA,NA,NA,NA,NA,NA,NA,NA,NA,NA,NA,NA,NA,NA,NA,NA,NA,NA
400,"JOR","Jordan",0.942014130109044,0.864678443016335,0.845909461574766,0.848414148985927,0.802790732773001,0.862318251253814,0.853569566619525,0.854970620926591,0.903844871943424,0.888294866738325,0.893982838373529,0.954387782826935,1.00324806014481,0.981553663004393,1.0881932727997,1.05040854400993,1.03239391534893,1.0555379442678,1.06128157743808,1.03232768968337,1.07422742553113,1.10061378079104,1.08455519791576,1.09392440666827,1.1053352699663,1.06061389488717,1.04603147298132,1.03276706950727,1.02061132851906,0.974061125818145,0.98892788184379,0.964831725634697,0.986059243308926,0.995007346027894,1.04632111796414,1.0616190728171,1.09062499074833,1.05200785886177,1.03451765183756,0.972276679203666,0.951244245445213,0.895613182370433,0.89751317037698,0.890095031612295,0.905194443184608,0.895516225637263,0.903800917991534,0.912786700252935,0.923144704981565,0.928906815226301,0.9504684051178,0.955568040031362,0.959021841153716,0.948174849567443,0.940641420526282,0.919028341035871,0.907448500585725,0.924160503912898,0.929545441372479
398,"KAZ","Kazakhstan",NA,NA,NA,NA,NA,NA,NA,NA,NA,NA,NA,NA,NA,NA,NA,NA,NA,NA,NA,NA,NA,NA,NA,NA,NA,NA,NA,0.807208894047375,0.847538944161415,0.884584955815107,0.932694147634286,0.947717517368888,0.970310314316341,1.00331769699209,0.991999303648588,0.957254089516338,0.937324421947991,0.931444113885417,0.895606883264208,0.892037255616896,0.88563148028699,0.876326671147684,0.875339392137733,0.873025180514981,0.871921422240158,0.879115076922162,0.902234379062725,0.904581177568323,0.904611809117665,0.897106320567859,0.882342146363006,0.853317294560848,0.834073635284846,0.824013910302459,0.826392667559189,0.831474889139805,0.832539838397674,0.850829217270161,0.854884668912353
404,"KEN","Kenya",0.913237082293224,0.912885081896561,0.907709030726898,0.896768268034806,0.884601153506293,0.876937260593521,0.866993782646237,0.864851428486401,0.863088911884407,0.857202271923977,0.850694656665464,0.835560848052084,0.820148693420423,0.81312165217126,0.809152342842301,0.798595872098111,0.800772639469763,0.796136055371238,0.794487593753808,0.809080138216076,0.820923089715103,0.823725095800835,0.841148997409578,0.854644086085611,0.853404640225523,0.856827699713267,0.855084028188685,0.846265274891684,0.836807299009995,0.826304653323621,0.808379340520123,0.806833906743528,0.807491138961206,0.798887406324189,0.794645113393024,0.808759661897691,0.805987399457656,0.793018223697849,0.792982825234382,0.794861804438826,0.774263079160817,0.760567397762863,0.758502237953326,0.76148711653607,0.760165001368646,0.7530618876612,0.762168037427186,0.763364863216694,0.758866300728645,0.754385101232693,0.758258281159142,0.759410219044741,0.775272418838016,0.767101994721979,0.769617642161458,0.769996990574137,0.772510309623276,0.752637112949599,0.756342918986383
296,"KIR","Kiribati",1.24911059511267,1.24745131532895,1.23143561541794,1.22407382875517,1.21810861745449,1.22130378120579,1.21695712964391,1.23698436983134,1.22913178449041,1.21157491266557,1.22150305526351,1.22526821086062,1.2148958923738,1.20910356631003,1.2184526244037,1.20711825777709,1.19595096449564,1.18991356156174,1.20187816459309,1.18955167357153,1.17217899704741,1.16301765339087,1.14549817085579,1.11333542594996,1.1203831234225,1.13971199749903,1.15406763726312,1.17099178513208,1.19033795057641,1.18986723635293,1.17750706805617,1.16557787216948,1.15480569340199,1.13969468900437,1.12459410511204,1.11392544151793,1.11180390148535,1.10966770015443,1.11394896643927,1.10550262139478,1.09262114527618,1.0724154689096,1.05124648247167,1.03010637720719,1.02172478071851,1.01336453089692,1.01235846166835,1.01183815026842,1.01104323461031,1.01052297818816,1.00996771213409,1.00749200407013,1.00553553331272,1.00386176883402,1.00301149468002,1.00219074977095,1.00328698121559,1.00380790774274,1.00389799415211
689,"XKX","Kosovo",NA,NA,NA,NA,NA,NA,NA,NA,NA,NA,NA,NA,NA,NA,NA,NA,NA,NA,NA,NA,NA,NA,NA,NA,NA,NA,NA,NA,NA,NA,NA,NA,NA,NA,NA,NA,NA,NA,NA,NA,NA,NA,NA,NA,NA,NA,NA,NA,NA,NA,NA,NA,NA,NA,NA,NA,NA,NA,NA
414,"KWT","Kuwait",1.22547825338592,1.19863663985976,1.17288827829351,1.13870740377585,1.09990311697613,1.06101982308931,1.02004938592481,0.989845786064828,0.943666276670503,0.895425264564311,0.867490422381985,0.846643324040349,0.815912066319672,0.818399269646869,0.837954965260616,0.845479927637177,0.859212302239882,0.888877126243359,0.914555088399142,0.940359073794736,0.945843633548662,0.945232317855237,0.933434998605328,0.915906944062294,0.892735322842383,0.903195016872245,0.966905505072002,1.029538775975,1.06428456887244,1.08573901762957,1.07618699203675,1.01835663902659,0.952560436149745,0.909056940652891,0.880103774920173,0.863425680455049,0.866964343559381,0.867512577724574,0.859683609596633,0.853345226796847,0.84634908780087,0.805919135394432,0.770779709940713,0.763132717404609,0.755109436006294,0.737195822251321,0.722314030460768,0.731773989007018,0.728545073750444,0.721610773573523,0.754906642780118,0.796553835882811,0.817363588573084,0.833599101383981,0.844000360101622,0.838991825827118,0.837241514649883,0.837741988153588,0.840653563621404
417,"KGZ","Kyrgyzstan",NA,NA,NA,NA,NA,NA,NA,NA,NA,NA,NA,NA,NA,NA,NA,NA,NA,NA,NA,NA,NA,NA,NA,NA,NA,NA,NA,0.889124315892268,0.882360978021357,0.916963617898255,0.932075523766999,0.913145933820442,0.881897261464154,0.852469550852525,0.7960540398862,0.744592423720437,0.699895878515815,0.677493818294209,0.660767320966681,0.64024736949004,0.621523958492846,0.629268523554774,0.642192688477803,0.650819302963991,0.668755634058795,0.698758733774698,0.718049097663675,0.748001742635071,0.763931977737301,0.799600486322993,0.782349046948767,0.768453387940844,0.754672673762611,0.75333449142267,0.736515641994691,0.752109622092553,0.798681827185434,0.793162472904775,0.805780309286202
418,"LAO","Laos",1.12404919502226,1.11854980356414,1.10798006832379,1.09405011211683,1.08037937688797,1.06457748529196,1.05309823630373,1.04612528942634,1.03776011860965,1.03743295115939,1.03896290214998,1.04421431420592,1.04497958260088,1.05799917834709,1.06013524370345,1.05923962264644,1.04348137087223,1.03106781501433,1.01223552748846,0.993294250336921,0.977127071525526,0.964367101522523,0.96012800167769,0.962585258563904,0.957596028767594,0.947858006896992,0.955425017622779,0.942692973522698,0.932130062216817,0.926324049005466,0.937116277164597,0.933152926260091,0.933482007674133,0.91699595375971,0.897469751338377,0.851845732641046,0.811320620077303,0.774685808966892,0.749410152399561,0.74112918586154,0.739878778885847,0.731331052175994,0.718446780263521,0.684348848081236,0.645420428206044,0.611313936166221,0.564620822678685,0.536117773454139,0.518228519861464,0.478265599761061,0.423119876390119,0.376988683312671,0.337069039930109,0.308872946873825,0.318536522072425,0.340644717358323,0.371853252606203,0.379496473561375,0.385178058560363
428,"LVA","Latvia",NA,NA,NA,NA,NA,NA,NA,NA,NA,NA,NA,NA,NA,NA,NA,NA,NA,NA,NA,NA,NA,NA,NA,NA,NA,NA,NA,1.13225202956814,1.09489676274841,1.10340852007729,1.08005528462794,1.04471812333884,0.996082835584798,0.978907780245529,0.958937754899368,0.94441882975819,0.954631894829936,0.952614230620985,0.945449024753164,0.91494666987335,0.885145972676934,0.875067787095239,0.853654547938415,0.8113236861268,0.78063300247013,0.780136478397606,0.761804613199987,0.72347876580404,0.714197267770281,0.703411106921909,0.622858250137341,0.559912137484358,0.543378675978077,0.557466375049955,0.512493352480397,0.511910333127852,0.513872741046921,0.500917551331749,0.457641230826285
422,"LBN","Lebanon",0.977661741253703,0.991641969421924,1.010643489472,1.02441700535068,1.05146986598744,1.07581248261259,1.10435030505435,1.1326194368582,1.15386390913124,1.13404390371352,1.1005663633802,1.09188153545679,1.08026746500955,1.05919639740735,1.07008535242773,1.09437538042804,1.09788077145207,1.10777164737011,1.11691488083593,1.11971154510927,1.10722799190725,1.0732589059636,1.02195441323953,0.974689244382458,0.92862666749647,0.884414363004066,0.846004913725305,0.822106197531662,0.81101430525112,0.772887620840545,0.772569254201881,0.768307872266316,0.783310653243559,0.793543815834878,0.818408451888354,0.822891597463078,0.85180302395795,0.849871017005662,0.848775971800481,0.847907124799333,0.822537840624381,0.773963363125351,0.760660533518484,0.711342404853252,0.719374557270131,0.745016561540922,0.782240889288147,0.800266612420029,0.840733434236451,0.825059712803551,0.817629437618048,0.799880275734408,0.787148243714327,0.770822191468768,0.768619413303302,0.755742627746337,0.747156446985867,0.728297563527637,0.732393774034572
426,"LSO","Lesotho",0.8857739797841,0.887531806757734,0.891346135081172,0.895449206355879,0.899978008323722,0.910822676269954,0.919400143210293,0.960737571201282,0.983268646651338,0.974885717514232,0.985722777160205,1.0112294204536,0.952173598479534,0.910831494137292,0.913094504463964,0.900815861784503,0.884354933620895,0.932557672037437,0.981954131975883,1.01672578488799,1.02160086380315,1.0350968242708,1.03541432309859,1.01040628925785,0.987744594184371,0.972451414414614,1.00467821778646,1.02180359901473,1.04815193625048,1.05213628547456,1.11347180969942,1.05938634371413,1.02397471438988,1.01601011456552,1.03582473637774,1.02226160934651,1.04130105454586,1.07255808506213,1.09308690977021,1.10320654223592,1.10245306324583,1.13710005473956,1.15840830798669,1.1701193417731,1.18354876266644,1.15356985325598,1.13876461622128,1.11351635105486,1.11080067376755,1.11121024872099,1.14376055015012,1.17458415423335,1.15321071138664,1.14294494355828,1.15900499718234,1.18679110186065,1.15679731844827,1.19278550637252,1.18964835980878
430,"LBR","Liberia",1.06718259569371,1.05448205041967,1.044572264702,1.02748632359816,1.01140566627655,0.992742173542235,0.983183845565337,0.978094971948606,0.975845390367604,0.96383462258215,0.965610510724862,0.976548312444693,0.978603162864136,0.974517793969929,0.988669371484505,0.981023439851344,0.970957145176175,0.95537947147613,0.95082868365103,0.931600129035133,0.92708021869388,0.922184475645523,0.927922019300067,0.928516282399149,0.929021328080661,0.932049672143765,0.943400552755802,0.94912495698138,0.956230420377141,0.971454404780212,0.984450252826758,0.983977804851376,0.985103482079432,0.992559037512447,0.991799914388038,0.987164707734633,0.990783301266807,0.997878402859478,0.99934101423591,1.00284261673224,1.00281818646587,1.00217321152926,0.987746158538437,0.974617021798579,0.974698287027264,0.980148197107594,0.982303981722073,0.995946321327979,1.01154979034425,1.01688147814359,1.01683992915222,1.01191531120812,1.01952008170746,1.0212244056281,1.01940195306661,1.02126758974619,1.0256447584835,1.01183353143595,1.0013482900489
434,"LBY","Libya",1.12896436969407,1.11615750042328,1.10211443293656,1.0994413494428,1.08670695437541,1.11687226665989,1.15627778407774,1.1701719957849,1.15931460217028,1.17622852370643,1.16470110415769,1.1276103298977,1.15071747103185,1.16583076000052,1.1786609232443,1.19141536807784,1.21650455708811,1.20899186614763,1.21820432696971,1.21661335282974,1.21600087652649,1.21132868292263,1.21066031144351,1.21489794346571,1.20629549701825,1.20528674997693,1.20810179249081,1.20392913225899,1.21147543381114,1.21684670354418,1.22018277401547,1.21023436471983,1.20727466871125,1.19756551947714,1.20303787412912,1.19856105658819,1.20625865191959,1.20966591482739,1.20683909825266,1.20021488547223,1.20025224314653,1.20115122326638,1.20235334473195,1.20914632457271,1.21045118867178,1.20774613189731,1.20160399859321,1.19283638296403,1.18045020160219,1.15933791220987,1.1376267816128,1.11640400486294,1.12251879038647,1.1113825632494,1.114116988877,1.11889102857521,1.12689731510202,1.11060794555352,1.12077424827033
438,"LIE","Liechtenstein",NA,NA,NA,NA,NA,NA,NA,NA,NA,NA,NA,NA,NA,NA,NA,NA,NA,NA,NA,NA,NA,NA,NA,NA,NA,NA,NA,NA,NA,NA,NA,NA,NA,NA,NA,NA,NA,NA,NA,NA,NA,NA,NA,NA,NA,NA,NA,NA,NA,NA,NA,NA,NA,NA,NA,NA,NA,NA,NA
440,"LTU","Lithuania",NA,NA,NA,NA,NA,NA,NA,NA,NA,NA,NA,NA,NA,NA,NA,NA,NA,NA,NA,NA,NA,NA,NA,NA,NA,NA,NA,1.1224058769093,1.04060750199323,1.03843046816993,1.03907720414024,1.02731371274446,0.98884237836501,0.987945108203722,0.992081097568977,0.978686800950503,0.96336197451799,0.950715011919648,0.927845465705626,0.878958650617443,0.859389539561863,0.8890099496055,0.881860968862215,0.863434998369832,0.84489173591383,0.848129371583819,0.802677707896472,0.759066115409563,0.74323970397574,0.720029737668427,0.623823494108186,0.561007243784466,0.53362295613472,0.538767010863378,0.524767661594998,0.515204282819377,0.51307131762298,0.498101233523372,0.445364844993299
442,"LUX","Luxembourg",NA,NA,NA,NA,NA,NA,NA,NA,NA,NA,NA,NA,NA,NA,NA,NA,NA,NA,NA,NA,NA,NA,NA,NA,NA,NA,NA,NA,NA,NA,NA,NA,NA,NA,NA,0.728437346402166,0.745621895117351,0.708094053513105,0.694741695395639,0.681864427798989,0.67033575075828,0.648601516286005,0.659994611168723,0.639418895296614,0.623870382802484,0.621366376812215,0.635740240601669,0.63877747153727,0.654228937753039,0.67120337907977,0.664434453084163,0.676578963110581,0.684109650516263,0.694610374953877,0.703694949424322,0.726914495395774,0.724624657123334,0.686265803253715,0.685474836524058
446,"MAC","Macao",NA,NA,NA,NA,NA,NA,NA,NA,NA,NA,NA,NA,NA,NA,NA,NA,NA,NA,NA,NA,NA,NA,NA,NA,NA,NA,NA,NA,NA,NA,NA,NA,NA,NA,NA,NA,NA,NA,NA,NA,NA,NA,NA,NA,NA,NA,NA,NA,NA,NA,NA,NA,NA,NA,NA,NA,NA,NA,NA
450,"MDG","Madagascar",0.873952464245861,0.875438805056387,0.873864098253027,0.872321378084597,0.872334141107218,0.869215493343765,0.862397763584738,0.860677673235915,0.857789549892829,0.849895590947659,0.849775832670233,0.845602934116376,0.844650417771208,0.851975356916616,0.865490456545766,0.874619469897597,0.891321301271396,0.903161890785476,0.902807119100476,0.900271401287464,0.896147525896896,0.884865075154123,0.874661475637403,0.870244348650314,0.863046122426032,0.857032872219926,0.856638219354224,0.854767571593574,0.853495100427852,0.860198375203371,0.865402906481366,0.867489409426522,0.86765576944722,0.867227258690851,0.859741533401247,0.850424906230659,0.839173616461153,0.830890169989325,0.820098623283662,0.810470428843789,0.799174724957121,0.786337092799749,0.771457082094476,0.756864885658914,0.738233898368636,0.721275572540287,0.711424994894278,0.700712427585997,0.701377014823127,0.709175202671268,0.721781803750335,0.731033164200157,0.750334296451313,0.756354282600964,0.765301256270141,0.767124711207114,0.761272082352407,0.744203413654929,0.732693498681163
454,"MWI","Malawi",0.9135549039396,0.917408040624387,0.909903746966529,0.90350513507374,0.90426506549585,0.909310633901076,0.904288433089223,0.909068879242445,0.906570363323579,0.898806393081694,0.891723781454161,0.895233646056111,0.887806006365578,0.884115815291618,0.880064055027703,0.874866025518753,0.870104620947127,0.874668571534599,0.873349525977222,0.873782918606595,0.860010037903572,0.857213265006125,0.869086217209431,0.87031494052622,0.874630216698871,0.886322707910016,0.886675153371497,0.90894440630945,0.902329331767621,0.890901910940643,0.873718385699299,0.85626178861306,0.825503182218796,0.823050476868087,0.809627802534441,0.797145228447755,0.786623574339789,0.789909541423974,0.797479070761598,0.826374154634707,0.873550991938888,0.892448047195858,0.865736576287913,0.859189388485588,0.82066422313777,0.783542064675203,0.764712195015645,0.741871991351619,0.704689977068183,0.693804022129302,0.687754633153624,0.690354479308919,0.694978891290252,0.718243913757545,0.73076579380186,0.727456259432629,0.709243546007585,0.704767693150327,0.704341012319285
458,"MYS","Malaysia",0.912387108713828,0.924713189772939,0.932706860001639,0.935759874504961,0.931629169988301,0.925527123977979,0.919065162146536,0.915280730323081,0.926987201598738,0.912974428757985,0.896816479352767,0.884453319149552,0.87288199377145,0.855795583064087,0.860970165341272,0.862889705817071,0.853224222493293,0.832829958874626,0.827771730020313,0.823791253599414,0.820270059256692,0.819463282254617,0.834540057925184,0.831796074061315,0.826035114800858,0.822699215253346,0.823020392653346,0.817613112721927,0.799808278660124,0.786321969981129,0.768628844325802,0.744859153993212,0.727862514747433,0.74225361842724,0.723591867219279,0.707092884153548,0.692630525512094,0.67737912217209,0.640758498024659,0.645003865542685,0.646704882889551,0.648951323054774,0.645533568672649,0.633202932224646,0.606674727992354,0.601112621534571,0.589307650182152,0.572347021694235,0.567285007366062,0.565012951331819,0.54190820956086,0.55270090761766,0.538037584786592,0.520737669530307,0.500324057401468,0.488279920175314,0.467448069564632,0.459538424068426,0.462413144085715
462,"MDV","Maldives",1.10636679923281,1.09172443586081,1.07680536499313,1.06245229786244,1.04958554575504,1.03779034013057,1.04574665059004,1.07163371688784,1.09854377392619,1.12652604849463,1.13866710752777,1.15281041257066,1.1389751785079,1.13445539286,1.1400479273209,1.14359489699575,1.13383759596068,1.14161147205642,1.13628593960524,1.11684813753638,1.11525135932477,1.11285313779765,1.10909193271264,1.10752823122867,1.10435437014907,1.11408714909425,1.13118984117198,1.13918920643341,1.15022146575653,1.16708394701277,1.17137259979881,1.16325548320841,1.16146080381097,1.14759467669329,1.10949681371151,1.10724559895084,1.103210433652,1.10558880160759,1.09962687713448,1.10713290104459,1.0989055340868,0.999046556439017,0.963237415135437,0.885953878175659,0.798948765934512,0.702978430465279,0.701639191904849,0.719867481020477,0.811197820887822,0.886662013098682,0.941688130169841,1.00289853592235,0.977047437432247,0.920133112469024,0.801860045439673,0.686710941444601,0.734357959815115,0.782296561783476,0.810918833968054
466,"MLI","Mali",0.849060116553358,0.851033865174504,0.849298994493844,0.854616824524581,0.846413361685899,0.854315747208885,0.860262596573641,0.878718918756068,0.886527167104208,0.888944414755453,0.862629490386438,0.848057030365247,0.832880650224971,0.810529118240541,0.809457545471097,0.829324639423279,0.832617942194533,0.824159921970917,0.820867310948947,0.828167568183505,0.802732941260516,0.788056652223274,0.776544667987286,0.75986757019156,0.727259731042715,0.715718868537689,0.699893209635784,0.690188304259731,0.704551769246947,0.712355934310077,0.727987478925345,0.757143059251665,0.778852788721423,0.784095154182969,0.789931352726751,0.804203135826984,0.79793138022729,0.811737087075603,0.811958335259383,0.816144050494106,0.811429233537328,0.825579422587047,0.818015515148462,0.827128132342342,0.826062146641092,0.823236427265719,0.793455543154914,0.770298244397193,0.744902090028782,0.729999404337736,0.709544103349094,0.704977674443015,0.702597042947924,0.691787688033568,0.685343965051901,0.689024960802359,0.692414225404947,0.690388348301319,0.693353563043348
470,"MLT","Malta",0.992955944868342,0.995918418759091,1.00140635146586,1.01326730547829,1.0268507539976,1.05731103963171,1.06634464553273,1.07519212216246,1.07530322619971,1.07888918094502,1.06153253331668,1.0429090597392,1.03921888737757,1.0452111331493,1.04212310495307,1.03540255587337,1.027546114915,0.996882631233613,0.967855740547608,0.959192261897706,0.961343174766348,0.972025041749735,0.995360491295627,1.01108565366703,1.01258353797858,1.01220282245571,1.01299747504687,1.01012896196764,1.00568492590182,0.998897262433285,0.98343292274571,0.956005274405956,0.914120708384203,0.873908296843798,0.829974936046691,0.79911350826062,0.785026435773736,0.779909824649525,0.784031903694679,0.783102017202811,0.777856448821921,0.763533503079287,0.755737566963106,0.727492301328066,0.712358693349146,0.702008986475984,0.683451994027119,0.675025013765209,0.678255818030874,0.679856275123347,0.684925918066102,0.700370316189226,0.697354399102283,0.793725703653572,0.895649107143356,0.993683833267254,1.08670794334673,1.18862437088112,1.19159121243658
584,"MHL","Marshall Islands",NA,NA,NA,NA,NA,NA,NA,NA,NA,NA,NA,NA,NA,NA,NA,NA,NA,NA,NA,NA,NA,NA,NA,NA,NA,NA,NA,NA,NA,NA,NA,NA,NA,NA,NA,NA,NA,NA,NA,NA,NA,NA,NA,NA,NA,NA,NA,NA,NA,NA,NA,NA,NA,NA,NA,NA,NA,NA,NA
478,"MRT","Mauritania",1.14776557331821,1.14903207467836,1.15099876260618,1.15280555974468,1.14772133439629,1.15477776200691,1.16635638376051,1.18147081202299,1.2020045454214,1.21428996108897,1.22200857597314,1.22146533613515,1.22778662066202,1.22488432286184,1.23718548772968,1.23941372661467,1.23730938804461,1.22674691454376,1.22701273191605,1.22236410738723,1.21211753706401,1.19865548518292,1.1781430499906,1.15252970471638,1.12813727238196,1.14112146549111,1.16295084977653,1.19182518431421,1.20534817843184,1.21376746800651,1.19160213392754,1.16902424709563,1.15004638020481,1.1410767993448,1.14041391044612,1.14644373191417,1.16099664685841,1.16890211781783,1.1695661134476,1.1826155141303,1.18294937106914,1.17430258274585,1.16096605332171,1.15716911270251,1.14368298233491,1.12948424652109,1.12541799468045,1.10726090231521,1.09663944908153,1.07577977909329,1.07322756958543,1.06102803841393,1.0626316773673,1.05063854339362,1.05737938292805,1.05083939001561,1.03072956039485,1.00638374360319,0.989636674955855
480,"MUS","Mauritius",0.547096756356599,0.561228174438895,0.660469934902967,0.664475147025978,0.762977771061424,0.709834961498784,0.72025320884834,0.645135485114359,0.651986126854795,0.673252541025304,0.596029754257944,0.663361775997478,0.702109154360026,0.72062502211594,0.706151008878175,0.715353933454951,0.637149528431943,0.698839914072773,0.635667394563454,0.536967471629229,0.575214736290475,0.605084946927546,0.517168058660757,0.52468248184086,0.526023010590987,0.515163905578947,0.464044682009913,0.474648701050114,0.496683517940811,0.465961402386579,0.428602495486211,0.373522374193002,0.356625841198258,0.31760758940863,0.290893687445498,0.248951873961688,0.332347586392474,0.303915674711735,0.328226477485089,0.366905283057505,0.401873976612765,0.315278386496659,0.266272270355005,0.205246982451997,0.196745292267639,0.200198370880983,0.176470340403919,0.178226835995517,0.207401992788235,0.173921359730397,0.247405895384434,0.320368740670227,0.338808386472949,0.354887917086547,0.340823650608622,0.256455592271481,0.221730785567039,0.236667524556473,0.204664595298327
484,"MEX","Mexico",0.797627258203727,0.781403916816891,0.770792408259237,0.760311844830366,0.767919937315764,0.770863462296336,0.775563287567556,0.784008877962153,0.792593810679787,0.793482841639914,0.805725627712669,0.830320684399161,0.836047393580107,0.833961277725865,0.843420378712322,0.839678121865536,0.820968789983483,0.829428082120003,0.83819935262564,0.830685827946135,0.826782599205245,0.831822757359793,0.823099878643908,0.83221072416821,0.847669853203223,0.865130570945822,0.874494392892649,0.885392860453164,0.888537993771933,0.881172177937863,0.870326980752936,0.857674339689851,0.846176614386145,0.832907666879762,0.832149180230512,0.841678699878324,0.843014600104428,0.838885703566542,0.82809190123578,0.808352625391304,0.796279388523693,0.782636646009249,0.771823695020124,0.759065474234839,0.76331094718117,0.748621664618129,0.761905690553659,0.761371028730669,0.772651108748622,0.760857635494721,0.75756591389536,0.738716127121281,0.723867394258269,0.704146602309711,0.692035217156157,0.698809364329591,0.700215660572602,0.699163366619911,0.711262435422073
583,"FSM","Micronesia",NA,NA,NA,NA,NA,NA,NA,NA,NA,NA,NA,NA,NA,NA,NA,NA,NA,NA,NA,NA,NA,NA,NA,NA,NA,NA,1.41153513540616,1.41148164682604,1.41143783538386,1.4113843857118,1.31425712716651,1.2142993046499,1.11456490038385,1.01471295010089,0.915246124539398,0.91377777003289,0.915125109351151,0.916441830133737,0.903048547944723,0.8965076019937,0.850453762414182,0.76646839224677,0.698105535017248,0.647283785095808,0.574560027365772,0.549569586351071,0.649858412635604,0.734353321699397,0.816150261592911,0.912636983496343,1,1,1,1,1,1,1,1,1
498,"MDA","Moldova",NA,NA,NA,NA,NA,NA,NA,NA,NA,NA,NA,NA,NA,NA,NA,NA,NA,NA,NA,NA,NA,NA,NA,NA,NA,NA,NA,0.953968261230875,0.839165779308638,0.896634563587601,0.87995050644572,0.89250429248465,0.826352184809548,0.825426512604592,0.771064055638106,0.760010777356685,0.710293856113953,0.722363944257717,0.731182938230985,0.715142073144974,0.691035596636099,0.691107583050271,0.728645110503685,0.709655781641656,0.72211065633405,0.72548253796001,0.719523080757136,0.725188690784212,0.723142865157522,0.691867883639077,0.706190840042431,0.693223854602252,0.618473411892253,0.600940746630614,0.590859745358811,0.632833802775751,0.597787572435054,0.655571347963842,0.656460332597887
492,"MCO","Monaco",NA,NA,NA,NA,NA,NA,NA,NA,NA,NA,NA,NA,NA,NA,NA,NA,NA,NA,NA,NA,NA,NA,NA,NA,NA,NA,NA,NA,NA,NA,NA,NA,NA,NA,NA,NA,NA,NA,NA,NA,NA,NA,NA,NA,NA,NA,NA,NA,NA,NA,NA,NA,NA,NA,NA,NA,NA,NA,NA
496,"MNG","Mongolia",1.28618602826135,1.27778035071483,1.2812727628393,1.29226638336993,1.31065937604421,1.3117418313973,1.30177322085839,1.31198808793873,1.29394535444396,1.28086943555904,1.26889294328271,1.27346898675322,1.26346687705232,1.27721893802793,1.28128418398307,1.30035634665915,1.30552997261384,1.30011311707875,1.27773746477496,1.26508397092041,1.233926408546,1.20574020919495,1.19968375352275,1.20006003536311,1.18742290942641,1.19820588276324,1.21570711888419,1.22750769560439,1.24486840047763,1.27140251006215,1.29445316494656,1.3136145845921,1.32613778557238,1.34257654183118,1.35215109138523,1.35843380805155,1.36146918746082,1.36605797618702,1.36468857363653,1.36388787884802,1.36595599193529,1.36440485339285,1.3648976182586,1.36320425958579,1.35097002964999,1.33396883591561,1.31819849123914,1.29943858964277,1.28993660893663,1.28358568835506,1.29473313800332,1.29840408304929,1.31455061371624,1.31724696690818,1.32325023133269,1.31338335199147,1.30468803718973,1.29341776247109,1.28870901868893
499,"MNE","Montenegro",NA,NA,NA,NA,NA,NA,NA,NA,NA,NA,NA,NA,NA,NA,NA,NA,NA,NA,NA,NA,NA,NA,NA,NA,NA,NA,NA,NA,NA,NA,NA,NA,NA,NA,NA,NA,NA,NA,NA,NA,NA,0.878125145754512,1.02286797301001,1.05296845255002,1.06475093774931,1.07277949571417,1.11295267526139,1.10464118657139,1.09995915673924,1.09833568652438,1.09290392478726,1.09093090026557,1.08140585006887,1.07839397217489,1.08088290256688,1.08396110424727,1.08689884990606,1.08901025021948,1.09422893472143
504,"MAR","Morocco",0.91335427456656,0.908574774259811,0.903748905296411,0.898873084827931,0.888134591138535,0.881596548026651,0.86094889146604,0.849291805281759,0.855418197937509,0.849545263956069,0.859246013663327,0.853662733055881,0.885755751555342,0.871399759081536,0.886213662061244,0.884756239168462,0.931885837989267,0.904579624610461,0.923178348628733,0.928511016442104,0.924928097238125,0.867954325453772,0.884642340802447,0.846706639812797,0.817160384739867,0.813100588692461,0.809428586440831,0.829027596138757,0.891612314019714,0.885652523685813,0.943599289137709,0.947381576145074,0.943977648763523,0.899804326207064,0.954293889903,0.955384263466274,0.998317475200698,0.988054589080149,0.980575412490714,0.931690106129664,0.909303751989994,0.867796175152962,0.900312952257081,0.923673151805786,0.902991797301103,0.852146120553418,0.84611183386507,0.802619799003396,0.761153164929002,0.789914522252702,0.760741420995904,0.803743435873332,0.773178706643105,0.763838017748441,0.767734225096794,0.841266973199507,0.781363989577539,0.821560211388681,0.864738041975358
508,"MOZ","Mozambique",0.827938252980375,0.823242766074777,0.815932394641038,0.809529880571641,0.806592896864733,0.799485565521164,0.794782405559073,0.791486004695056,0.789199979438053,0.789310756120787,0.791316158778181,0.795404994230353,0.806161406184768,0.8206557552463,0.831024975715194,0.842185992379659,0.856710900467041,0.873286174060186,0.8861309355667,0.901308854972932,0.915890546443813,0.924608782088987,0.932714861426826,0.941863895244853,0.948164847676048,0.949099827876161,0.958864788939884,0.974925368016534,0.97397110680515,0.980737841783219,0.981806478462404,0.970085980863589,0.941370819423607,0.925902339907514,0.898519662912955,0.896957648027067,0.893190064373908,0.904097653068586,0.897939403771298,0.896764188745441,0.890775597596692,0.883385598642259,0.870783243103914,0.892521933508736,0.891139904249115,0.884857236276176,0.875507946362106,0.860992795567729,0.851026055229145,0.869608536404997,0.880028205115621,0.903907340790913,0.921500467579045,0.912684206017912,0.902115901614778,0.89549134562711,0.883779363653826,0.865302906915027,0.86525166202481
104,"MMR","Myanmar",1.03873097754331,1.04200113614848,1.04735901798679,1.05075115479684,1.05767268951028,1.06025805051478,1.05386273027355,1.05637619968647,1.05592514659011,1.05334896486677,1.05071772666925,1.04681470600488,1.03663773819231,1.02711704487164,1.01662775203441,0.993752911184963,0.968466330274491,0.942161083110825,0.917695002536885,0.893851181894064,0.883077056875017,0.874228163499133,0.869536438052219,0.870309911031405,0.872859212251642,0.876613998712907,0.881992794461661,0.874635357681725,0.858127351457932,0.838293288320223,0.8154541036151,0.790285400226773,0.778788620500927,0.772257828352174,0.752946076617961,0.734152587745212,0.70435765417289,0.669744956466752,0.630940807769246,0.598194374286564,0.552300794860105,0.506544502498025,0.462745742446928,0.41636368574936,0.377858506524133,0.355831256620359,0.361149462631982,0.377262805859312,0.401973482277375,0.440131091714645,0.476821415314028,0.507944643289327,0.544576895386048,0.560394853856046,0.568516428782161,0.587568631777999,0.584839629380731,0.561209429446402,0.574878906814672
516,"NAM","Namibia",1.21952480152001,1.21375810752839,1.20853382265449,1.20142470848226,1.19574069225757,1.19192685684296,1.18788970855532,1.18499932953964,1.18274534268909,1.18333986847095,1.17478151679243,1.16584282132759,1.15974357307501,1.15423154796455,1.14673653839898,1.14891228885162,1.14505221781125,1.1331567111145,1.11804356413784,1.10191406252758,1.09184263158371,1.08505872317156,1.08423372608544,1.0852866716931,1.08453482360417,1.07869235322959,1.07624964689739,1.10095447709152,1.10961219269237,1.10741070563616,1.11863252885872,1.12363981972952,1.08481878239977,1.07091367725296,1.08072958020328,1.06344871606706,1.05118249069378,1.08062464718039,1.09169183496095,1.08239602246768,1.09117494558243,1.0911542203994,1.07829149665576,1.07549713979422,1.08904375918628,1.09911812317574,1.12635285061089,1.14494343344797,1.17007504747428,1.17635407199981,1.19107160995185,1.21440839068529,1.22480371383218,1.233915337183,1.26071677275116,1.23229501985272,1.19257177669431,1.18243716118313,1.18022197637738
520,"NRU","Nauru",1.02870877365342,1.034117868668,1.03952696368257,1.04493605869715,1.04898333096401,1.04619255085709,1.04231738021482,1.03844220957255,1.03353140049711,1.02923693617887,1.02520568400124,0.956464776062163,0.959915905324358,0.961792474982598,0.962424856832098,0.962125185154798,1.02619344907933,1.01801214331652,0.988748694489562,0.940190590105737,0.890169994583051,0.824119418369905,0.745126827151649,0.681016515691441,0.638733641388271,0.594428943693199,0.567672164768936,0.54963258394953,0.536319979009303,0.527251756003885,0.528305070032195,0.534189147343669,0.550340606290628,0.575905411497893,0.601406310208658,0.629694732362738,0.659176814323247,0.689032073667616,0.71716365994243,0.748905067756194,0.779218548099846,0.807857507505258,0.82585195460471,0.835983334962361,0.842831576848379,0.846822764418933,0.813538639695386,0.827843284562056,0.860579579476367,0.846013284966933,0.828425339801474,0.843750278667915,0.813302543463757,0.773331173649254,0.775844337426932,0.775662977310467,0.775806758081505,0.778172178707949,0.77717494621402
524,"NPL","Nepal",0.862008086984447,0.864095859898483,0.866938435086542,0.866085650402497,0.86426512792586,0.864806866878713,0.86546058196177,0.873817030684947,0.878078448165078,0.885166481407304,0.889635888104633,0.892847758483374,0.893995993456786,0.899248988518329,0.913467228714276,0.921710178682037,0.922268995241484,0.929135134933596,0.919577215279239,0.903014773613952,0.894054534096047,0.894060083014406,0.867153048974239,0.84982594859959,0.824806883505556,0.794303603129356,0.772404130134672,0.751808346227372,0.747034306797509,0.738363328335847,0.733506256317057,0.715437775745714,0.707186524599845,0.695472390145696,0.678182482241093,0.655707798633823,0.628756790088655,0.594043449846841,0.543384102460396,0.501706666819292,0.455415456792917,0.423460328316119,0.388133619494318,0.360731575625382,0.351916029622681,0.344820760255392,0.317886281924319,0.309313834355088,0.328371301642757,0.328790718683394,0.347872237850031,0.369850831177589,0.388167016436947,0.385863775226675,0.387904478867152,0.374072556099275,0.374178110001808,0.342986891561123,0.308011642523766
528,"NLD","Netherlands",0.792181672801735,0.813497081544573,0.818324247549731,0.821617496087258,0.842201716588961,0.846220137841954,0.839574269189714,0.856940263692216,0.866358216795266,0.873927600648681,0.884390922127231,0.898408916048817,0.903127139712197,0.90296976369437,0.906039566110251,0.901558485879408,0.895839333398365,0.883691031416747,0.891129537649762,0.882177900404871,0.878011865399444,0.871483156081024,0.873765617610518,0.862371144850901,0.854007795855321,0.837826586868122,0.835325591166677,0.824698347168357,0.814255114927325,0.819972235104383,0.823335884884178,0.814035128259974,0.816092942263806,0.829412124893941,0.819472189691553,0.805546912969192,0.804706232010275,0.795620713044673,0.774559745941152,0.762118450015169,0.763084398294447,0.75968519168739,0.758320030734892,0.748784018497304,0.740541030009307,0.732097071112947,0.718121350881669,0.707662413112933,0.705575848542547,0.705963680653207,0.711201431306541,0.724878223679912,0.723426823697676,0.734196066479925,0.735857460342735,0.733408994326439,0.723372373592132,0.716126369525812,0.704373235471833
540,"NCL","New Caledonia",0.567171345451116,0.541933250909086,0.514616156338583,0.499693538619204,0.53395179189821,0.596592443861488,0.652629991394613,0.679362283495876,0.706829847522011,0.741795408912364,0.731673376945293,0.762432336416981,0.802837664338854,0.848213301267301,0.891763710823785,0.91612541805754,0.932766197408801,0.961714752974813,0.989649523777607,0.991836395514055,1.00242914938293,1.00928181288867,1.02642998236399,1.03916388605651,1.04903316381578,1.06936389963328,1.07583400011399,1.06178094689093,1.04158185364563,1.02060292647719,0.990511776098264,0.975181222793091,0.959659105613185,0.953152671938695,0.953689236781731,0.942379571620282,0.9260682871838,0.926562268681252,0.936990040345971,0.926244469737643,0.932563422922279,0.941483502599173,0.939709512423001,0.917655918580253,0.913682935726011,0.915304039647529,0.920110806128352,0.90507416004054,0.907917437652471,0.912241150051001,0.885569286166203,0.853225265521675,0.83397801885169,0.799920927285858,0.769988714263839,0.760542526436212,0.766844207716958,0.787625864547791,0.815008486805017
554,"NZL","New Zealand",1.08403230470949,1.09152644698539,1.12133471989997,1.134702569077,1.12062910331204,1.09227260865369,1.09130603860963,1.07218056659646,1.04235429039351,0.992715973726741,1.00182169265391,0.997924479647348,1.00180158836707,1.02923394071373,1.0843152323845,1.07998203092958,1.0863725412113,1.08977882016164,1.0595114498414,1.050406343461,1.06366007285265,1.05209982644502,1.01020128598602,1.03109580190906,1.02392040625636,1.00155976293948,0.92884640111602,0.851918260738259,0.743418583872724,0.629876050479392,0.519388664377029,0.470222541860949,0.461045844218682,0.437475232910265,0.420047082188628,0.41178711220165,0.398530919477729,0.388159196096046,0.403920661334318,0.450877158105178,0.482692339130738,0.512883460376945,0.5268343862716,0.524827017428946,0.485166342213829,0.48565261534854,0.482091854657961,0.47618040176941,0.491195101803748,0.524285109753748,0.521249677355928,0.52909934786628,0.564124042486466,0.583302764158812,0.59220650075181,0.610240654018839,0.628980131790572,0.620548581804826,0.608627982076938
558,"NIC","Nicaragua",0.820619189903467,0.784614892367849,0.761522483388946,0.743315371735152,0.749022057779055,0.777420049369807,0.791236280979065,0.804432845514452,0.826156372180727,0.79867212665106,0.764217066249129,0.751921256221672,0.749917266134613,0.719799090518451,0.725099251870876,0.793368513249078,0.811518836670008,0.824363583036555,0.86239517766111,0.89447615616646,0.877672443780904,0.910409041529324,0.938473918510854,0.972922955562659,0.999326604432228,1.0115664151513,1.00060338239051,0.996807158281091,0.981512430580334,0.971704237913713,0.965435844007172,0.966075389676865,0.963640774499495,0.955706528841919,0.970182660408603,0.968865644126125,0.973590139433311,0.981446384909015,0.976045756300195,0.972560655837682,0.968436897775249,0.967851789112177,0.965358826149775,0.972506923440074,0.961731533878876,0.96185253232039,0.943830906956381,0.919588599059808,0.88987844372175,0.875546045775017,0.869600538812246,0.869776731300482,0.872633436710058,0.867865449817104,0.861756325747864,0.849494409294325,0.838668959798019,0.819688415096433,0.825777371059272
562,"NER","Niger",1.04876206120031,1.04567848559448,1.04638525799409,1.06511110574193,1.0691542820578,1.07147094239758,1.07227686426729,1.07894270524635,1.08282312125467,1.08146193691577,1.07729299298059,1.06061569205562,1.04316816823539,1.01086364829995,0.995023275678499,0.975042258761034,0.97310596649039,0.971977425714538,0.97263321745952,0.992720536062259,0.991974517801416,0.985203874341236,0.990784805941483,0.983582174698794,0.961230820492487,0.959610965516179,0.9611665469054,0.951605162052981,0.959037666570176,0.970809109578576,0.986351171827455,1.00349491795707,1.02488243716495,1.0138321525533,1.00106423410525,1.00170701098828,0.980463610864086,0.951896405445413,0.952015051865388,0.960913444691248,0.938286657638281,0.933838820454287,0.930804624194463,0.92423763705406,0.914162324135688,0.905058600612177,0.902415369211666,0.896796549863654,0.895825603039906,0.885948558738674,0.887131599100033,0.883408431916655,0.881536412757877,0.875728228458589,0.87158478731514,0.868169426688115,0.878823519092075,0.875201295399955,0.875023929040122
566,"NGA","Nigeria",0.861863053995468,0.867112470738933,0.86990048821498,0.871464699640601,0.866985360124411,0.862850300442892,0.855421577315739,0.863681751340118,0.865351611174868,0.864174799528186,0.870828699698628,0.876326440644804,0.873060593266983,0.882314594162413,0.901204540407344,0.914466358734492,0.927237340661024,0.934131491787567,0.938566823398959,0.936182632570677,0.927294988787905,0.90962433781905,0.892146665119846,0.869880035026674,0.849391577087891,0.833218245927589,0.819749425065437,0.806583260918879,0.794154195547845,0.785201480777578,0.776009168593505,0.767930605252733,0.761305161272269,0.755789398100674,0.751176219404548,0.748404150015697,0.74903366170414,0.748562871887824,0.745780372766774,0.741344103781848,0.731662956756054,0.717731200132458,0.712325245828216,0.702807298132737,0.707780969779081,0.708128457916976,0.720345984652014,0.716514484977518,0.725846002099618,0.714605147611029,0.711776144418037,0.692427713261452,0.685390539803514,0.66904841332341,0.661049965641805,0.657098646966885,0.659174063749917,0.65231025522556,0.650596597435778
570,"NIU","Niue",NA,NA,NA,NA,NA,NA,NA,NA,NA,NA,NA,NA,NA,NA,NA,NA,NA,NA,NA,NA,NA,NA,NA,NA,NA,NA,NA,NA,NA,NA,NA,NA,NA,NA,NA,NA,NA,NA,NA,NA,NA,NA,NA,NA,NA,NA,NA,NA,NA,NA,NA,NA,NA,NA,NA,NA,NA,NA,NA
408,"PRK","North Korea",0.776638871332419,0.796140552596412,0.804175471517967,0.81927240805569,0.829250938300459,0.836994099181207,0.848339357358644,0.855942057581089,0.86016229164292,0.865932091153654,0.859273585476138,0.862564073460682,0.863115612808867,0.869868237043969,0.87991359237065,0.896608192614494,0.89983547042268,0.910088407454471,0.91422303025839,0.915142889691502,0.912412556272493,0.90879626638755,0.895993593725334,0.885719877452334,0.87917676117908,0.871675189037688,0.853976046372269,0.840373412939754,0.824574426689851,0.793190934179591,0.758670881931504,0.74985865744,0.75716900956047,0.737039719367193,0.747856848800177,0.775688686853628,0.7812097419437,0.747997379498203,0.737604142640438,0.721543442286032,0.68907387049688,0.673528493416948,0.687439708784976,0.694228654097051,0.70033209139278,0.715638405878619,0.726220181464042,0.717725671521598,0.72316004752264,0.712860925430594,0.698737825705019,0.690088174328407,0.692272216608989,0.718581898206056,0.69815766398863,0.678717678099519,0.653731475784644,0.623463396695037,0.57721539060793
807,"MKD","North Macedonia",NA,NA,NA,NA,NA,NA,NA,NA,NA,NA,NA,NA,NA,NA,NA,NA,NA,NA,NA,NA,NA,NA,NA,NA,NA,NA,NA,1.0035263364825,1.05283926450843,1.04420627624932,1.01935207456635,1.02398963746249,1.02185785303196,0.988376837593923,0.970164462349167,0.969110654190638,0.955834574244869,0.935598951923015,0.933836414370209,0.906598073020318,0.884046393078712,0.857172637473538,0.867841158953036,0.845971052226884,0.844950293682554,0.846726918750976,0.845046235377473,0.834453769997107,0.833510243600981,0.829117578640402,0.832668491555517,0.820079943315763,0.828502948836006,0.829354483560682,0.836473836310018,0.832952567738853,0.832430105377042,0.795313724975596,0.792392719985547
578,"NOR","Norway",1.18777104921464,1.19739409496907,1.1890493831273,1.17816969236308,1.17678084300834,1.16651337969591,1.14879014469028,1.13915261552875,1.13646634059085,1.11126679476735,1.11835872678921,1.12142212122625,1.10893819355039,1.10054173367146,1.1079770288551,1.0887437783495,1.07636246502212,1.07347779654464,1.0800219585931,1.06373717994163,1.05837000379771,1.06297581285432,1.06138950692584,1.06218374060513,1.07582280611904,1.06348438444168,1.04639187173424,1.06092482035138,1.04587261711802,1.0520602805703,1.07535861262845,1.08752556575023,1.07512779546691,1.07699759462165,1.07013378332872,1.06087962868225,1.05912436682894,1.06360759168266,1.0658963623641,1.05250267581369,1.05235257738208,1.05494395308736,1.05166098965327,1.04205154457006,1.05822049237186,1.05889106174034,1.06474989814851,1.0689806536556,1.09360172360051,1.08425946253999,1.07601673081147,1.05862521609798,1.04540210269256,1.05753499156419,1.05476936406405,1.05848363415805,1.06688341361122,1.06485147040564,1.06050452668539
512,"OMN","Oman",0.896678627159155,0.895265856417017,0.894868319589516,0.895397338316044,0.894803563341459,0.894892520554006,0.895738871573572,0.895274527086541,0.892431188611155,0.892819687848407,0.899402410288455,0.899913574458445,0.904431186307842,0.905071407579998,0.913261333918121,0.890088955665537,0.86952164823182,0.82829037369269,0.803824490914474,0.802328418331342,0.794744513234078,0.789876972930229,0.804003955830758,0.841057302583182,0.848263386351399,0.90548645973366,0.948757433360047,0.991361738748777,0.99172035676675,0.994993575816352,0.978355817894939,0.967728742653516,0.938719025155115,0.939389024635926,0.918671094110871,0.882085263857003,0.870124199210256,0.870583173195304,0.816280963067895,0.819669554226712,0.853188374440024,0.869511342373588,0.884773380523924,0.944791099691326,0.940549217731008,0.926473545365849,0.91233078840597,0.900683680167698,0.879959168071269,0.869617889504413,0.845742143145752,0.82163174557939,0.773606407343398,0.737501558980755,0.704195893738411,0.603017970483843,0.55100657887089,0.507686474554089,0.44295653698361
586,"PAK","Pakistan",0.987322240921616,0.981509039725649,0.982058698932903,0.978890460742213,0.970235835472813,0.960640042368195,0.952519522992669,0.947010522058691,0.945628925331012,0.944934987385253,0.959226276773087,0.968982717913748,0.970235469174173,0.984794210212763,0.994063777667184,0.995078687364844,0.989350328832362,0.992641090147003,0.987591669280097,0.981855032868887,0.975607651096642,0.973018777495446,0.96327874305289,0.953984465522945,0.948200533277012,0.937377513333973,0.920272193416338,0.919623165542341,0.918535376382609,0.920138971846813,0.919492013740588,0.932471665561391,0.938165375577447,0.933057199828953,0.92262871368701,0.918204114604593,0.917786693659831,0.913395736035705,0.915040425785162,0.909336135702147,0.908395264125292,0.901808485658141,0.888364186207985,0.876599893734353,0.879651433670292,0.884039312138363,0.87576310246828,0.873996639265712,0.870909085106672,0.862549435838265,0.854570811904698,0.858510662133313,0.854590916067348,0.862666355306721,0.874056683416393,0.878312833027638,0.87163682833123,0.880736234996811,0.86548940383116
585,"PLW","Palau",NA,NA,NA,NA,NA,NA,NA,NA,NA,NA,NA,NA,NA,NA,NA,NA,NA,NA,NA,NA,NA,NA,NA,NA,NA,NA,NA,NA,NA,NA,NA,NA,NA,NA,NA,NA,NA,NA,NA,NA,NA,NA,NA,NA,NA,NA,NA,NA,NA,NA,NA,NA,NA,NA,NA,NA,NA,NA,NA
591,"PAN","Panama",1.02520237765823,1.02972624356483,1.00496517824266,0.987923093078929,0.97534622644664,0.979642980631568,0.967159797772599,0.981664497731329,0.976275512488986,0.968646687959724,0.945032483946827,0.923156805285033,0.867126836292564,0.823204170017874,0.788014667657399,0.771385296203882,0.77382969872059,0.785560622432782,0.805064013182847,0.821909298339957,0.83895856557295,0.864886714982637,0.901466401407609,0.941362344433884,0.969881778572096,0.994272328665411,0.994956119768225,0.999340725758689,1.00088786966033,0.997158017103867,0.993004237082562,0.997736743091236,1.00079568911098,0.992382709273932,0.995631214913632,0.990803409751007,0.983814350294239,0.971663860534849,0.96647855133496,0.962408894547179,0.962312140220056,0.957825471819266,0.955328531044699,0.957277417816239,0.962631432293238,0.973843622583351,0.966254694470307,0.974777766471933,0.975845334653467,0.963301767333556,0.947926425478216,0.938746140825649,0.92389251018518,0.90739974665956,0.900611891316022,0.894555040372535,0.9058970165481,0.892030594448868,0.910627742300431
598,"PNG","Papua New Guinea",1.17231204930649,1.16900045675171,1.16910324100909,1.16951765608709,1.1679087839483,1.16859047117222,1.17105780406957,1.17012445406714,1.17172220022434,1.17431141317332,1.17599449587616,1.16112543310556,1.12421684532703,1.09372953863228,1.09358358913938,1.09107819716557,1.04096876005931,1.07723759530285,1.10386906160754,1.09545370448026,1.08747669451518,1.13008641421036,1.10232970751267,1.08758326110887,1.05330849720215,1.02443539266171,0.989333130560571,0.95453156754979,0.911680473116416,0.870489946897687,0.821284619860363,0.806397739775618,0.786755646308754,0.840510004712012,0.917608393876155,0.998423807307677,1.00658644804965,1.0245994295449,0.948447782845906,0.844861508709212,0.743364355147259,0.705971036274464,0.696208127936252,0.687431057802513,0.682539303718415,0.685618617585084,0.715395089782217,0.684997522055821,0.671507953060944,0.7061688632296,0.709720932730427,0.679884093857773,0.664589194948925,0.642772121080251,0.594322529971138,0.5736932742827,0.554938075087735,0.548826105052727,0.554026642734021
600,"PRY","Paraguay",0.797083809209516,0.785022987538173,0.769463183497359,0.759204182129565,0.749644576403409,0.728786728782562,0.693250718993132,0.667366192591866,0.641739368391559,0.608177466645977,0.597223882769611,0.589555699189077,0.56352572467891,0.54972464763078,0.54427915948009,0.540925313513743,0.514152147440632,0.515929907430896,0.498911367736062,0.473459315364575,0.417029031918156,0.424734892207133,0.403634999291502,0.357704487510021,0.313571939258545,0.291651015641707,0.270751741502339,0.288674810950896,0.299306149962498,0.333645012802339,0.345781736203769,0.318714916068565,0.274289122180485,0.277745714461388,0.267535408420404,0.282081019140824,0.276322645805933,0.29202612636964,0.274457345061398,0.272980482360845,0.268069899954347,0.290761994373681,0.275905947680322,0.276317192573021,0.2871705758887,0.259727422602081,0.225474883279111,0.243745657022142,0.237305248264242,0.213404588178532,0.223758597090615,0.227963742435523,0.189236994976619,0.184747077596388,0.181391458745606,0.167790430897744,0.173267931513318,0.212174216171543,0.21810345058948
604,"PER","Peru",0.668971029033865,0.676238333951863,0.686191740470779,0.691698665069961,0.704729507504592,0.705252756323858,0.730525940855113,0.758495512708865,0.773855661035385,0.793642287385717,0.811847151457215,0.837322981247974,0.84809712931441,0.868897293342463,0.876177428345812,0.902635275270066,0.914547097335537,0.911625025507469,0.910660095513909,0.89892995795745,0.871911001634833,0.872716978273685,0.892570878385807,0.897337032369269,0.904618412803486,0.929301661510186,0.92233068907994,0.925019415636693,0.933188489033344,0.944151462977056,0.940932258453134,0.937533808627272,0.923139033050084,0.913777796845828,0.903539072666601,0.894456234481226,0.892397898542116,0.88325502762179,0.865774276519529,0.866383480053888,0.862701176351956,0.856789098059494,0.85647594770585,0.845911120996045,0.832487012253842,0.824744361708029,0.823774703591513,0.813607937105917,0.823666868824267,0.828424630318014,0.84230186545934,0.845822380132774,0.863558498005328,0.858470980692504,0.866621572617166,0.865464160415919,0.875866007679476,0.863877655031773,0.865060214640715
608,"PHL","Philippines",0.585832186735542,0.574019806325879,0.572801538734486,0.573458714982622,0.573129784093081,0.565847541054277,0.552211375840807,0.535740993867141,0.523826611035259,0.512633002848787,0.494008717074537,0.482977336080834,0.475150330947833,0.461712568831864,0.453672706211638,0.460824226862933,0.465287415968674,0.463988059098284,0.478046301598988,0.484918473427041,0.488728952958687,0.489489104427018,0.509900991302984,0.525595952478942,0.5326787762318,0.519292796907158,0.514218924119385,0.496704875537619,0.469320171015293,0.445255067114334,0.449667399533462,0.458061317471958,0.463516415678349,0.477022220371986,0.486468301727139,0.485106778422684,0.476273529456177,0.455134601231294,0.429221686172343,0.410902531202094,0.392866015922507,0.366313897449657,0.353964767617848,0.322408921236975,0.299340448876121,0.298323990329885,0.291428116745551,0.275010589540991,0.284117495794349,0.294686045717609,0.283924532685861,0.310076486729154,0.336684618776613,0.347079996087212,0.355048996235903,0.370433075981393,0.351865048836941,0.344840792161934,0.346351655389276
616,"POL","Poland",0.798567702664012,0.80567585441635,0.793917680934401,0.78871371312537,0.787439879877938,0.799605721525622,0.802567220249452,0.804153302595843,0.80666569863232,0.802771137791997,0.806993922523329,0.808690998291428,0.82588354974999,0.835502197503546,0.861347521910413,0.880957185707568,0.8895738441399,0.886859874370771,0.887556848322296,0.855481384445379,0.822577180441773,0.804080853754048,0.781922083643882,0.77669771945137,0.775448291984139,0.733575377155071,0.697145781535898,0.707917855594744,0.684111556236706,0.691271985626197,0.707954795764012,0.730509856482525,0.716280152097985,0.706493708134277,0.686918355458016,0.705400041919312,0.697587842384787,0.683658556263326,0.708602720597188,0.686284407897687,0.669611540376731,0.698795796486924,0.699051744322572,0.676742716517892,0.677622956025517,0.668010283829205,0.636949271112864,0.62977981263576,0.615779512445957,0.589963138775097,0.579965727180643,0.563523496679931,0.540264719844146,0.550440281292411,0.579074481086675,0.548565048687928,0.519937275879836,0.502762433094744,0.461954526744569
620,"PRT","Portugal",1.05699896944189,1.06844886214859,1.07344564339398,1.07326103122047,1.07702082095676,1.08097544735988,1.06859339951453,1.0805583771587,1.09883526948075,1.09877019926878,1.11004161558958,1.12248274830629,1.14354190685611,1.15671430394205,1.17355377347342,1.18241217347266,1.2025497910226,1.19455619502525,1.19599204237788,1.18653019387685,1.18555034786206,1.17024574848581,1.16172998067322,1.1591105862368,1.15500888375163,1.15495478096592,1.14838307120927,1.15426601318804,1.14727944224225,1.15041613247402,1.14903916857546,1.15328018208266,1.14977225559702,1.15379146957359,1.14763632246132,1.14163697231816,1.14662902403856,1.14007150986468,1.13540800266768,1.1348354243169,1.14445997255846,1.13523296203867,1.14301682578449,1.13516854151411,1.13940127012542,1.13206159686271,1.14058776083904,1.14301772226342,1.14575458192791,1.14676433463411,1.14289344678181,1.14003770047599,1.12922724980192,1.12827740534368,1.12375209260019,1.12820392106315,1.10982873739636,1.10585887780498,1.09563457801839
634,"QAT","Qatar",0.876859584485911,0.791455607315159,0.728650024954399,0.676413949525801,0.632422088183981,0.597681410902012,0.562347545888166,0.534534384080319,0.690919305406409,0.855991530061092,1.02502010338989,1.20014707259874,1.32664015775167,1.26784929427866,1.22391123905055,1.19806610934636,1.17420527081862,1.19215657538064,1.23067867057729,1.25217989402556,1.24962963079748,1.24576662184449,1.24545752376559,1.23338281942455,1.22615597309484,1.22629862141413,1.22332448470961,1.22585352318752,1.22870803987422,1.23802984950709,1.24155208692047,1.23282133760938,1.2096031677046,1.18378372225477,1.14439555243442,1.10069115629623,1.09961265095984,1.11235886118042,1.13383515455265,1.16195079395227,1.19063696009193,1.18323603040956,1.17346774238632,1.17233160282791,1.17516923326422,1.18447683449425,1.21024326670235,1.23820209675331,1.24914092600092,1.25190036367585,1.25780372465892,1.26195655028388,1.26557193481321,1.26987931146874,1.27509267952593,1.27658546242874,1.26063634579202,1.2481670463731,1.22684560206962
178,"COG","Republic of Congo",0.94424145958998,0.929102086658098,0.910428694034807,0.898226470559035,0.896077947650333,0.902372543224088,0.925320367457705,0.960476281250104,0.979008329641434,0.982668080105841,0.978525204850317,0.96353906736755,0.941431546724216,0.939673274230814,0.939157052217223,0.937926228029912,0.934644373173404,0.930333346253388,0.926918290845819,0.925410321330432,0.923563964921682,0.922760232134393,0.919068589676649,0.910711071881709,0.903917025363042,0.9033953883204,0.905635732518543,0.908164408929436,0.91321420466329,0.915216021576241,0.908795806499254,0.900685876866201,0.901713871593282,0.903774790365546,0.914825700354422,0.925929586725791,0.935548493430876,0.936732296547091,0.925943458700756,0.907454844695257,0.889503193631339,0.871334134712124,0.853244200686925,0.842254373625504,0.837592811123157,0.8360548481334,0.83680919244722,0.835756163401523,0.839132446619676,0.834592907395091,0.830390408542001,0.824045246824294,0.820986136869348,0.815418044000187,0.816320283889832,0.822306127078898,0.825760384565836,0.831052366601447,0.832504800669367
642,"ROU","Romania",0.95647832578547,0.941769481842931,0.935427173748708,0.939881426608263,0.948042414313417,0.977825040414241,0.988609466635329,0.979879683248737,0.97793203582481,0.976469698738189,0.96741037742577,0.952455482199791,0.954430392194247,0.949463366564414,0.941076635379486,0.916997974296497,0.939379728866174,0.940928406661158,0.94530081114137,0.933763493750461,0.942164389052391,0.924821586133203,0.934458463537388,0.920886742148569,0.925215262642099,0.930035513107308,0.913736955322341,0.923692032195263,0.92416512773776,0.894758590468546,0.836550850156138,0.850731871648095,0.773300637207888,0.753181961077075,0.743022151183199,0.798406865842725,0.757023063360487,0.796158924846897,0.805306983621906,0.756806960053789,0.694290820629324,0.700505234418863,0.745312343312645,0.715478233832607,0.779910198054767,0.797310541320869,0.775926454666721,0.74291278031951,0.719733266642676,0.665219100678614,0.648348084030764,0.635740057796784,0.529207130781245,0.468942667541421,0.430884449091023,0.448374270452232,0.420146720317068,0.478051984075227,0.526546904323233
643,"RUS","Russia",NA,NA,NA,NA,NA,NA,NA,NA,NA,NA,NA,NA,NA,NA,NA,NA,NA,NA,NA,NA,NA,NA,NA,NA,NA,NA,NA,1.01792335353498,1.01649589791329,1.01890391432212,1.030359684918,1.03084646358469,1.01376924368934,1.03006036204975,1.03550147041472,1.02278850034475,1.00143016103096,0.994355560057365,0.96892809584076,0.942300470885725,0.921618560773386,0.915443088364348,0.915667729133239,0.883577073711354,0.869102036539585,0.891008941937806,0.878581394592428,0.887474576627581,0.894584999987713,0.886620395076199,0.847959049760387,0.835190836300995,0.789903667074631,0.777853142966368,0.767330226176632,0.753883090817466,0.752429629996278,0.739219427994771,0.718828960946577
646,"RWA","Rwanda",0.792253136650162,0.783615122760342,0.776297709199368,0.769275413423919,0.750759685135756,0.732588926447683,0.727333707603939,0.73384218904195,0.733100870259695,0.744826136954706,0.753422268714299,0.75737430351934,0.753310745136926,0.751506688190445,0.741361216485991,0.739061085685482,0.73657458087256,0.732267890705225,0.72642785367062,0.727977381681476,0.716910417174017,0.714939139677674,0.716472998252797,0.724630130201681,0.727098450710031,0.743749765943595,0.746468183124675,0.748743065620182,0.756724119914937,0.783460968185354,0.795776863948575,0.807816471445568,0.820862828620395,0.820175357932319,0.801341236820622,0.785267519604581,0.775633563431101,0.760344395919175,0.750659465745576,0.743614672329007,0.741476933406187,0.736049641657649,0.733687207027074,0.727718451536619,0.707982232339185,0.689596507132668,0.672977218831676,0.652802958239357,0.632305306227669,0.64428157235058,0.664817633685825,0.681813375439286,0.703486086841406,0.712250951610684,0.696310187294235,0.680460834934829,0.668868566139366,0.652835732930195,0.644900881779528
652,"BLM","Saint Barthelemy",NA,NA,NA,NA,NA,NA,NA,NA,NA,NA,NA,NA,NA,NA,NA,NA,NA,NA,NA,NA,NA,NA,NA,NA,NA,NA,NA,NA,NA,NA,NA,NA,NA,NA,NA,NA,NA,NA,NA,NA,NA,NA,NA,NA,NA,NA,NA,NA,NA,NA,NA,NA,NA,NA,NA,NA,NA,NA,NA
659,"KNA","Saint Kitts and Nevis",1.0009383668892,1.00131725868616,1.0027667636424,1.00439489323006,1.00235942358122,1.0017292743908,1.00389972005541,0.996383993952819,0.958082224412221,0.926811746257562,0.837997207256027,0.835449621674309,0.84151584282067,0.877881669978236,0.911187617781741,1.00000175187986,0.957973208409152,0.928269475373406,0.830318030239579,0.714804865561096,0.569794185731024,0.463062457864084,0.342507955604093,0.300700897462701,0.288600934799505,0.286076042108637,0.262363205592335,0.289493728598914,0.27094389633217,0.248065705332018,0.23264096556465,0.223817141244744,0.170189671104322,0.151087944475592,0.160203052773847,0.186465168061409,0.230298510945598,0.407053693375178,0.584463755545871,0.725839965589448,0.79325010876638,0.981948424477623,1.02994547860797,1.07658433641386,1.12741072410319,1.24716285332216,1.21957851447292,1.19194730019315,1.15871807632791,1.1342768535272,1.10131578900055,1.08522851034668,1.0656695367346,1.0588557351314,1.0236364994345,0.99397131604945,0.979861497425524,0.976534900358449,0.96802388184843
662,"LCA","Saint Lucia",0.582527514474779,0.531478613471667,0.483800644692384,0.45627342389496,0.443299107915674,0.468320691793875,0.522450076939736,0.574989219523321,0.617854109182323,0.663175955623069,0.693371589782618,0.724955683809363,0.761080475641559,0.746561450283257,0.728302686906591,0.677411510277241,0.686961371666386,0.689898550453034,0.726278130717715,0.770011007721076,0.847757628906185,0.831070339643973,0.816553678554715,0.815973937388879,0.826092455260901,0.816368428538222,0.84485974539469,0.874015653647605,0.879753598060615,0.829666486878351,0.775012253790672,0.699759520120045,0.643687176676946,0.659827898840685,0.684873334003614,0.765333422717341,0.841481177254522,0.855016482916135,0.853163139622015,0.849348553352068,0.848870048091169,0.818716910835457,0.81977746398151,0.764224659663982,0.746400650958228,0.726725572219657,0.730928302428667,0.770466520976717,0.817602377574927,0.874867542880124,0.902553222147798,0.932163127723824,0.924309580847702,0.942137156839971,0.92764253451857,0.917296763592095,0.911377145407211,0.910327994122547,0.920252006407336
882,"WSM","Samoa",1.10978173251346,1.10821595034834,1.1178858978148,1.12042681457594,1.1226328066516,1.12390750335597,1.11741303213081,1.10072404385855,1.09637279665716,1.09150236816533,1.08221512273348,1.08953214282844,1.09383393189309,1.10030699993272,1.10317389816686,1.10145026549562,1.10156369581916,1.09473100985881,1.08996700790901,1.09916277582627,1.10473537484208,1.101266432969,1.1103212802425,1.11469402266422,1.09751363726026,1.07677990433464,1.0052207551328,0.953896061039404,0.90166248074743,0.864150767374453,0.876589374212227,0.939943418355467,0.979643154999585,1.01938377304865,1.03486143658613,1.02179098066,0.975141906913442,0.930914233493183,0.882737068693152,0.85269802962037,0.81542378473706,0.819150569864746,0.823390194621704,0.859096683624601,0.902001551415562,0.939376811082979,0.972386328099215,1.0064018757822,1.01548672595018,1.02946431412286,0.988082031096669,0.9405570002275,0.878907462641226,0.8210379668194,0.790453938433795,0.866180040907267,0.8629581357243,0.884913716990373,0.910005533697666
674,"SMR","San Marino",NA,NA,NA,NA,NA,NA,NA,NA,NA,NA,NA,NA,NA,NA,NA,NA,NA,NA,NA,NA,NA,NA,NA,NA,NA,NA,NA,NA,NA,NA,NA,NA,NA,NA,NA,NA,NA,NA,NA,NA,NA,NA,NA,NA,NA,NA,NA,NA,NA,NA,NA,NA,NA,NA,NA,NA,NA,NA,NA
678,"STP","Sao Tome and Principe",1.19375822658291,1.19421248884466,1.19739830507302,1.19805307790748,1.20344139450818,1.21140507372227,1.21562489715149,1.21978122311731,1.2195311618579,1.22090385109521,1.22807672632375,1.23711380625682,1.24065547687574,1.24933797212314,1.2513588039739,1.25307090318339,1.25370315191619,1.25347165523931,1.24899182748704,1.24934370371196,1.24092927842759,1.23138082702507,1.23141269288418,1.22961531778313,1.23154983087791,1.23556403273955,1.24448514883087,1.24862857670794,1.25426261105112,1.25685482260592,1.25733167105195,1.25067062101832,1.24359393374487,1.24268884155927,1.24417708682264,1.24647184219762,1.25077617381933,1.25513371491493,1.23723485418008,1.17763252301362,1.11417676988108,1.04776451552242,0.966629696179849,0.892958158302164,0.853618995733839,0.817911659372754,0.789501683148482,0.773861525463134,0.759891044582903,0.751872310505983,0.741577440225046,0.791753443935204,0.847151017700773,0.910439644928624,0.972473008076511,1.03707914975626,1.0381575060285,1.03476837400484,1.03072234983418
682,"SAU","Saudi Arabia",1.27851693014101,1.2032490518334,1.21492508084065,1.2148494041222,1.24224988051723,1.27824895297338,1.36173728030762,1.28546641390895,1.22671698729762,1.14321988948161,1.06181934004468,0.991596949773308,0.992218127702759,0.97942231478448,1.00346281812349,1.05188101805356,1.10183024744826,1.14756454434011,1.18941172754258,1.20269618734079,1.17592870497619,1.13383628916006,1.10109227549918,1.05377416103514,1.023723826711,1.00672097472994,0.988690079568845,0.971196066002941,0.957643147642649,0.935920125053108,0.948240047679221,0.984717888297699,1.01593904789886,1.05915396244869,1.1073862675124,1.13127886625568,1.12587593975417,1.12072521761823,1.11328314116296,1.10361732074901,1.08114165792338,1.068822613944,1.0675279557725,1.06820065640776,1.09046455211933,1.11540984019313,1.14678153351097,1.18164196156859,1.21658647740727,1.22386142717209,1.23312171350583,1.23597932410829,1.22481304189821,1.21406549470842,1.21339884176895,1.21354089091112,1.21754415154626,1.22143003010981,1.22118249841521
686,"SEN","Senegal",0.994281200704978,0.999095944380109,0.99679368354895,1.01279574521718,1.01542269906342,1.03995987989128,1.03414361348635,1.06382280111278,1.06385065833712,1.05934919064892,1.0282477581009,1.02678692318898,1.02506067853958,1.00246945500347,1.01984891949546,1.04846693349132,1.03418942637781,1.00276141532041,1.03303072062554,1.03015192033927,0.991794112164784,0.998259151281571,0.984734619438324,0.960585953409448,0.933887538314428,0.950371192215334,0.950581871124187,0.970734610347554,0.960639009962692,0.972552462569535,0.957460394407325,0.965163896912694,0.964488141946956,0.971456947804988,0.960936170713277,0.972394596253773,0.966843271997661,0.992753406679674,0.979197909490726,0.993019448927626,0.980283349543958,0.977071896833011,0.956496804855894,0.95099447244234,0.930446653261502,0.931625820244927,0.953042260913589,0.938339510146476,0.9644918603171,0.988346876293789,0.987222048034051,0.959088072904409,0.935696798045361,0.889391362453972,0.844682175652401,0.802368253122933,0.754138998222109,0.735093704240566,0.708965119770411
688,"SRB","Serbia",NA,NA,NA,NA,NA,NA,NA,NA,NA,NA,NA,NA,NA,NA,NA,NA,NA,NA,NA,NA,NA,NA,NA,NA,NA,NA,NA,NA,NA,NA,NA,NA,NA,NA,NA,NA,NA,NA,NA,NA,NA,0.512112317603034,0.629795029611186,0.576515856410967,0.572295039099488,0.541386608255387,0.52888709985348,0.530359831140004,0.551633191010055,0.497728674117711,0.509975672649456,0.483639519079804,0.458235887273687,0.359210849054168,0.341792681433726,0.32035781130349,0.286996018465939,0.272954391450925,0.31167226969639
690,"SYC","Seychelles",0.391690113109339,0.376028449228567,0.366079138802684,0.352842337768156,0.396911856254126,0.421475720123757,0.479104745292871,0.543737173492225,0.610480310324429,0.660109734682575,0.704026011954777,0.732482003589463,0.745968655730289,0.763956819605928,0.751472945095474,0.740371954129398,0.723206411232327,0.745217429530899,0.69295460304307,0.702788645661662,0.726788138558759,0.761877550342125,0.784064730258684,0.878041257107472,0.941940150905584,0.978323189509751,1.02354903330877,1.05405320879832,1.0754080611313,1.08621478229101,1.10275475255066,1.09424644089062,1.08549188775188,1.07574937111075,1.06626557283997,1.04940010104405,1.00969697673507,0.971226234827528,0.941313127497791,0.908552217369953,0.891228481386956,0.898666103976796,0.896586609894493,0.875810868216373,0.854383102357348,0.801294069752421,0.726736609675814,0.68563992942343,0.644265537888355,0.616676408483583,0.590480797460738,0.581902783091277,0.548376008557383,0.525905070026375,0.506940849410221,0.50883672532386,0.528770409709047,0.508648379389235,0.503123853100346
694,"SLE","Sierra Leone",0.850239882236857,0.834542715882144,0.82858993583449,0.827559295093829,0.824169951997167,0.828112282237951,0.834476340086052,0.837918391743359,0.836794354995875,0.842637931438065,0.837250604338794,0.830175461911818,0.824056558326861,0.818231586488842,0.825273602500095,0.832818055592421,0.843905691779997,0.848086077199446,0.854811982606904,0.84188671594541,0.845248478509866,0.837545832347803,0.84091693572112,0.84151538767833,0.849181494249588,0.840568695229354,0.839965242334632,0.841826306071199,0.845923569871014,0.849994605954683,0.860109803767203,0.867036821556324,0.868087465155369,0.881412898770107,0.900351747879728,0.917684816416021,0.941110846829124,0.97326281851594,0.978430658554542,0.981057007077228,0.98194631206718,0.972733252459893,0.953034558803488,0.943451196159442,0.923577338456592,0.892607458316702,0.868710029096101,0.844753446804969,0.820498551186795,0.808206584817774,0.816179639705331,0.831178560770592,0.858931081051623,0.895665627944166,0.918934715314272,0.925531844646488,0.894538225248722,0.870953031497812,0.844810713482122
702,"SGP","Singapore",1.12425143328661,1.10336376924327,1.08123094240566,1.05494376851191,1.03156166336126,1.01270508739355,0.987661227489564,0.963906186898781,0.96046685846464,0.963410056119435,0.96275071245854,0.980625045298989,0.995976358285441,0.997769170724886,0.995946356466074,0.998550381930416,0.993622650899285,0.980048320122085,0.968203865471319,0.950209559569609,0.935468392808157,0.92944129496852,0.93299499875697,0.949840082038529,0.98053594652768,1.01502836959692,1.06049926889883,1.11094044625277,1.14985326548948,1.17661511390812,1.18924736098039,1.18699609725122,1.17337939724393,1.15068284898629,1.12259795072531,1.09465978080961,1.06720725067723,1.03048360490995,0.99042558875768,0.95347467305556,0.920563002659103,0.890192066279523,0.879488580170219,0.876610522971028,0.87671625192045,0.876958478977363,0.877958848391958,0.874278530142498,0.870545254248591,0.864995055232548,0.861464661600573,0.860839880736287,0.86134266942797,0.861378528924767,0.860848442485883,0.862394366389996,0.860310550874712,0.855054787324793,0.858672659588173
534,"SXM","Sint Maarten",NA,NA,NA,NA,NA,NA,NA,NA,NA,NA,NA,NA,NA,NA,NA,NA,NA,NA,NA,NA,NA,NA,NA,NA,NA,NA,NA,NA,NA,NA,NA,NA,NA,NA,NA,NA,NA,NA,NA,NA,NA,NA,NA,NA,NA,NA,NA,NA,NA,NA,NA,NA,NA,NA,NA,NA,NA,NA,NA
703,"SVK","Slovakia",NA,NA,NA,NA,NA,NA,NA,NA,NA,NA,NA,NA,NA,NA,NA,NA,NA,NA,NA,NA,NA,NA,NA,NA,NA,NA,NA,NA,0.734891475066729,0.667723004347225,0.654219874674969,0.658959245217297,0.644848577413571,0.629840330308415,0.648995720750391,0.699865239106606,0.691400865491967,0.697150419464688,0.726537024305659,0.684095364336303,0.613709279689845,0.619546422373144,0.635780883297713,0.55287222805155,0.562289884138254,0.605758519725339,0.584294907336364,0.590274835822209,0.63082515012529,0.599578211170739,0.557660876856408,0.523883031384172,0.485441426473232,0.468961016369305,0.494021622150735,0.474389456425031,0.491695203526372,0.495147200956076,0.455429768429603
705,"SVN","Slovenia",NA,NA,NA,NA,NA,NA,NA,NA,NA,NA,NA,NA,NA,NA,NA,NA,NA,NA,NA,NA,NA,NA,NA,NA,NA,NA,NA,1.02915717130588,0.981203169852,0.943410897359238,0.926967847151918,0.910842863571121,0.870679206702504,0.849638305973716,0.854995931126454,0.855629824977091,0.865525466993484,0.860237503737708,0.889188627762905,0.874113345760741,0.861695841512529,0.85441766158966,0.858922995259694,0.822047612458136,0.828207324365045,0.822242360075184,0.802441026379573,0.795063086707784,0.818156435408,0.796533807737481,0.792407506908461,0.789697357164685,0.795274211539624,0.771320930036426,0.77191019147829,0.748922592998998,0.745378584260296,0.745563082579274,0.739228199274555
90,"SLB","Solomon Islands",1.07853065526014,1.07833497035372,1.07768710410363,1.0835624563667,1.08353462049323,1.07726795957452,1.06819933549175,1.06148562534752,1.04923637321543,1.04363298254299,1.04244823227186,1.04123769225385,1.03863066770976,1.03548271227015,1.02872952830028,1.02332579462254,1.01681197931367,1.01111189498115,1.00680158582258,1.00507461145657,1.00301649418334,1.00291502812125,1.00863435755105,1.01438516197085,1.02225647194975,1.03283226749223,1.04027570153416,1.03957819983333,1.03806579135796,1.03581600519885,1.02604112336059,1.0190360268902,1.01282383293429,1.00699306335783,1.00305188166388,1.00506648227067,1.01195860112981,1.02095774907243,1.03218173801467,1.03262644581633,1.03106781168696,1.02416056383821,1.01518489044485,1.00392234971401,1.00286970149713,1.02771498090724,1.05472031120889,1.07998389576643,1.10528217267829,1.12968951113763,1.12892574759859,1.09702841010762,1.09660696915496,1.02643836943795,1.02536661090737,1.02466786257617,1.05411616290048,1.0532105012909,1.12225936451416
706,"SOM","Somalia",NA,NA,NA,NA,NA,NA,NA,NA,NA,NA,NA,NA,NA,NA,NA,NA,NA,NA,NA,NA,NA,NA,NA,NA,NA,NA,NA,NA,NA,NA,NA,NA,NA,NA,NA,NA,NA,NA,NA,NA,NA,NA,NA,NA,NA,NA,NA,NA,NA,NA,NA,NA,NA,NA,NA,NA,NA,NA,NA
710,"ZAF","South Africa",0.882041019777684,0.8845592634742,0.865281700935527,0.870039199263186,0.865267837832705,0.858197276281818,0.844268164671264,0.85067090783898,0.860684311884483,0.836448994724492,0.823768401093547,0.834540333859585,0.83814877772124,0.816182061550828,0.840929515708076,0.852834652434399,0.836061139953736,0.852671072775107,0.89285156903841,0.905437308687921,0.902212389526435,0.918781003875003,0.894822479634754,0.849795341392416,0.814259214038423,0.809142329118881,0.80435202490356,0.864364027541882,0.88870254316512,0.897983963974688,0.924515600210255,0.919706389364305,0.870520655522552,0.863587139046159,0.875721608105648,0.838771692374004,0.84922148966967,0.850072355219932,0.848075304461641,0.847981020096716,0.843493786802846,0.850450143300054,0.868318270000838,0.847759211445146,0.829212970023156,0.834005031355456,0.81327171340956,0.783032665455138,0.78066413457781,0.773386422958337,0.773006478280459,0.787423675932955,0.772451039161899,0.766913879128822,0.776158062792009,0.758166468473146,0.730097420253939,0.72573100079044,0.702642693058507
410,"KOR","South Korea",0.647885561984204,0.628353497379607,0.621148053770747,0.614724387980934,0.634364831961135,0.652790096944114,0.672185598584044,0.674035117170949,0.683241010475062,0.699195478169812,0.698311426063653,0.675238535412597,0.658472130627717,0.638654963482057,0.620012333753017,0.634674940604528,0.655035269397938,0.648185318702135,0.650281738106283,0.654415076677103,0.641013091609524,0.645444321417677,0.673659791413957,0.685750014900499,0.698702175567465,0.707665847755771,0.719509539930814,0.728061223264351,0.743938428246454,0.756202360523986,0.764051775632527,0.761375949347647,0.762677437834582,0.759805760674819,0.751659055085125,0.740663169300918,0.729599314739343,0.718213958605113,0.714990384241276,0.711719201874818,0.714922613272827,0.715074580457377,0.721647474604015,0.710020556447865,0.699031773638547,0.693405984856068,0.694864942563261,0.691717437573997,0.694108340263891,0.697200413064334,0.694135857972866,0.695520971943996,0.69126753639874,0.693425578579325,0.699854266220914,0.709760225612267,0.711460459850774,0.713960098147592,0.713432517941533
728,"SSD","South Sudan",NA,NA,NA,NA,NA,NA,NA,NA,NA,NA,NA,NA,NA,NA,NA,NA,NA,NA,NA,NA,NA,NA,NA,NA,NA,NA,NA,NA,NA,NA,NA,NA,NA,NA,NA,NA,NA,NA,NA,NA,NA,NA,NA,NA,NA,NA,NA,1.08526139315117,1.08929356543678,1.07142606908356,1.06644843154329,1.06768546393901,1.06725935759362,1.0660919532035,1.07361101589415,1.07533479343382,1.07242755335313,1.06184840805229,1.05096259856958
724,"ESP","Spain",1.05840717072385,1.05622590895045,1.05857071951077,1.06373380959184,1.06289085726949,1.0669116334934,1.06540175996017,1.06982531715404,1.0760321717542,1.0706415767323,1.05856184489564,1.06170278416101,1.05816672938496,1.04490104014033,1.04764934588248,1.03668613297182,1.04235470764377,1.0400492741716,1.04797699778475,1.02159211694836,1.0169388692137,1.00537651539973,0.989263269717057,0.966193254484255,0.97780641346642,0.983880564791929,0.972471754022876,0.982619065464396,0.993279222474919,1.00373416224517,1.03137551257075,1.02146004843386,1.00859085883942,0.996651376642657,0.98904799638557,0.942001898319818,0.952793123728442,0.946571987097368,0.946513728748222,0.921057966221361,0.952797116033154,0.945566660938262,0.935787113926409,0.916517400545386,0.929940496967285,0.905689843104052,0.88609380068052,0.91006662899804,0.908061704873276,0.906664152721153,0.908590874728782,0.908932551732895,0.908311512395479,0.901840548923279,0.896144829201643,0.867135871250901,0.854367528829818,0.838661883015608,0.88857462988751
144,"LKA","Sri Lanka",0.697862132022893,0.722394545143033,0.742972561013812,0.749787292726393,0.753673124205707,0.744297795563053,0.732800662328667,0.72722627099693,0.743036261485321,0.760098418703774,0.75106906528113,0.751810180401879,0.772187516315926,0.766636306541569,0.746991543700025,0.762747095570585,0.75231740873359,0.725344113294117,0.699914282295114,0.710113251326151,0.693334168005465,0.682030270804643,0.703420483615341,0.726625295374671,0.730351640475871,0.735307232246271,0.728676494219211,0.706892312682338,0.679910892008526,0.641165427159831,0.612165317410122,0.615802295125659,0.600947691203444,0.594809299956076,0.602157827305865,0.606883561216426,0.607123177493119,0.620128147531615,0.615820116039844,0.615017013443891,0.629311428956727,0.6187554746972,0.59709224648545,0.598680093892888,0.59812803723434,0.568519539654089,0.573634162493115,0.567191328212071,0.535171404839015,0.532972311385424,0.53065002360155,0.489587130280117,0.497238474200252,0.492580714250776,0.446174464884339,0.449370594645858,0.41716865205458,0.405838807409067,0.43563443023524
670,"VCT","St. Vincent and the Grenadines",0.310947429377834,0.36285205260817,0.442348774988497,0.490580226546141,0.564145472367259,0.62993142984876,0.693597659315944,0.743195444124142,0.776609280365791,0.790782442176121,0.80886804691761,0.84844846673521,0.86740468914956,0.854974569581632,0.8484783012382,0.847976925071902,0.829893818279609,0.813915798843279,0.826049397541856,0.810460107701366,0.774459954969695,0.750604324990009,0.747989783907119,0.72756360447198,0.707379166099339,0.608102320153597,0.520371294270247,0.391652445548157,0.340496161913694,0.38694252177487,0.517763605688783,0.630686367054582,0.774963385652801,0.858677208773753,0.878080129115059,0.899433165789565,0.91428521065443,0.830901308480648,0.719563163655458,0.600347314902285,0.463778491094221,0.33314998921536,0.292442298283589,0.27689567786277,0.247147055448559,0.272560871898992,0.287127511175549,0.292729719471007,0.298025124441452,0.309263785747344,0.288225681238746,0.277729690626809,0.27426621531764,0.273786493348434,0.270379971873165,0.260164564625241,0.286776583806843,0.321536765299707,0.346861454890993
275,"PSE","State of Palestine",NA,NA,NA,NA,NA,NA,NA,NA,NA,NA,NA,NA,NA,NA,NA,NA,NA,NA,NA,NA,NA,NA,NA,NA,NA,NA,NA,NA,NA,NA,NA,NA,NA,NA,NA,NA,NA,NA,NA,NA,NA,NA,NA,NA,NA,NA,NA,NA,NA,NA,NA,NA,NA,NA,NA,NA,NA,NA,NA
729,"SDN","Sudan",NA,NA,NA,NA,NA,NA,NA,NA,NA,NA,NA,NA,NA,NA,NA,NA,NA,NA,NA,NA,NA,NA,NA,NA,NA,NA,NA,NA,NA,NA,NA,NA,NA,NA,NA,NA,NA,NA,NA,NA,NA,NA,NA,NA,NA,NA,NA,1.09227218741914,1.04728614453834,1.01464003495122,1.02858543108153,1.02280380479154,1.00459779463639,0.984730338327249,0.991645340240191,0.973234783666391,0.974671023712639,0.96394750394599,0.990469134155776
740,"SUR","Suriname",0.552057843199099,0.507867025723521,0.463731599488071,0.430799321557951,0.396033901073218,0.390526873664554,0.431125367486384,0.491173476130189,0.534556616875894,0.578671069232478,0.600133162803693,0.597616569459012,0.57577663006576,0.5530857944249,0.475279449029238,0.40599953496849,0.39125406510826,0.399259691698119,0.430069176169411,0.514745483820287,0.609885267993857,0.636128994984522,0.665933343121721,0.633288944659047,0.586586258163193,0.580946157702123,0.546661717125969,0.509294892327701,0.54011017234885,0.579991163932185,0.587199562243637,0.64377271562403,0.687927825507552,0.723475615583521,0.749934098882261,0.787156290224194,0.784746048836618,0.773522937956275,0.767638276078217,0.778652603689959,0.770242690344358,0.780607851827215,0.783119708731611,0.802084782978147,0.781223415484965,0.782354988544504,0.77852010288834,0.77091283965051,0.729091454036849,0.718006679073458,0.690381332104869,0.66927825123606,0.678885086297843,0.68260723153326,0.671878567154521,0.699016869323381,0.695850292132575,0.714149082877167,0.749221918330721
752,"SWE","Sweden",0.950070558482048,0.960798356964149,0.941524772340439,0.913548010534105,0.929676120644069,0.925178457001834,0.891690469344651,0.885246547278964,0.897907380641583,0.848097847439164,0.845474837565209,0.846705180159787,0.84589995696735,0.826441485023623,0.854877876712997,0.849902988988582,0.841215807420535,0.826776650560283,0.829076173568548,0.791757160775948,0.780170321697291,0.771352440426186,0.783228842631732,0.786247292297763,0.800869588633493,0.774280585546894,0.776791778825891,0.79493314263049,0.782036258664793,0.807850050529721,0.843992119381164,0.837372722625883,0.796442282412407,0.789301596336978,0.773468320429069,0.750433380065006,0.751117345409704,0.751576742386,0.750207017150533,0.72646890584699,0.731692368472013,0.751653268026568,0.75776720739811,0.755607468494786,0.755055821213523,0.768257458639709,0.751001552891382,0.738038261042018,0.734250985845473,0.725612962581237,0.685285303054942,0.671934703546041,0.658611275784658,0.707518142973081,0.697190958496155,0.700185229518559,0.702109918480983,0.691513174774593,0.658632490419924
756,"CHE","Switzerland",0.898356776405262,0.895766933774652,0.891756495195651,0.880084092854177,0.886017700181959,0.876136673397996,0.86018605150288,0.867601882331656,0.867264654595276,0.856863299848406,0.853202912952767,0.861324313191632,0.873715994985798,0.873992670094533,0.877069676721189,0.879377410817117,0.873288348861742,0.8478934501965,0.846654035006136,0.831671058365739,0.81574701867413,0.81565139082155,0.825598425293204,0.80265107392843,0.790575811133491,0.776633749351879,0.754755014760097,0.732047607071087,0.728034064431168,0.73953142976355,0.74080520099634,0.730804060771098,0.72500660134431,0.719389403582408,0.719842451483786,0.70971497776314,0.727185020892404,0.726513742878482,0.749478550365941,0.736539670322078,0.745459963102709,0.743002152137752,0.745451218979997,0.729005367197884,0.730075988459785,0.73518676028095,0.723349623509522,0.722029883611776,0.73518097491916,0.731640203118089,0.729963871065847,0.758851996626201,0.761035542663262,0.752018919258036,0.760442598888193,0.752971997851735,0.74982440588482,0.754885459392775,0.76556083900299
760,"SYR","Syria",0.924580664481943,0.927245803404113,0.913577165458833,0.904151849856521,0.897232417157183,0.90943104155296,0.91142421962767,0.901830188379646,0.918435315239121,0.913187292674228,0.889282049398659,0.862221529479402,0.877694527323237,0.850271877851411,0.874806157041036,0.865554904096844,0.864910618807479,0.862781081982282,0.866968313566031,0.87439611940851,0.902286635277958,0.921191382459831,0.94430686121832,0.923202710834366,0.937944168940786,0.945191436364612,0.944483338231447,0.89292696886554,0.886108054425226,0.82650327853785,0.780890598623073,0.741380548992774,0.746429375515873,0.732072748219697,0.751195325429875,0.761597881517434,0.751875118423631,0.721381249184902,0.716335384990602,0.678463723428538,0.654924974565052,0.658151675957336,0.687689082556671,0.746966520575614,0.761026287427522,0.785718594201512,0.790759108625183,0.775520738554456,0.756427479163206,0.771436237789446,0.848062683630765,0.883442893533325,0.907315626111218,0.914478693798797,0.955486905093824,0.885280479221929,0.879451462382668,0.886407641589181,0.860875540195103
158,"TWN","Taiwan",0.670440998456796,0.6613299707166,0.651599796240421,0.635325277633854,0.631013794365725,0.635489756144187,0.635694083056165,0.634389794533333,0.637591223114806,0.6295032383084,0.624538632004516,0.619515832430381,0.608823402879053,0.607573759875852,0.607924346457279,0.608413361991258,0.613059174603662,0.622859174866504,0.626176763457654,0.637320001121648,0.643749266201172,0.65410736631867,0.66377514995293,0.668168309531409,0.673476788050778,0.683442511058237,0.688658623174297,0.694591471274015,0.702289042603705,0.708630444095033,0.711155584624586,0.716311619237031,0.720719325965366,0.730800475917308,0.733985521880663,0.740922970189953,0.750988574417766,0.757535040633768,0.757877183137385,0.772990477402297,0.793776258247285,0.800263941717631,0.820867242973568,0.837539824784186,0.842078649258419,0.832567808593397,0.821906900047643,0.805243485979178,0.79588983750007,0.782946125101506,0.777426386055824,0.784647692921595,0.776308941194598,0.760756053031075,0.754707334856032,0.745925741519658,0.737623260067577,0.737808330160578,0.746324267626976
762,"TJK","Tajikistan",NA,NA,NA,NA,NA,NA,NA,NA,NA,NA,NA,NA,NA,NA,NA,NA,NA,NA,NA,NA,NA,NA,NA,NA,NA,NA,NA,0.839807988012312,0.80526372057238,0.78392884170367,0.799915771700536,0.814014350597659,0.803760266801543,0.790020240680945,0.7769099362739,0.732350496768597,0.661614168031702,0.587738079625,0.51726444100796,0.446292178064234,0.397265111913415,0.375617150710865,0.373361964710205,0.401332203057178,0.411403918641601,0.40638695268685,0.395699985360456,0.372771915843021,0.3310916435102,0.337181377994183,0.368304165564237,0.391018539817832,0.436358099473335,0.502760163096444,0.541128974784008,0.565712606512403,0.584419990976891,0.60213793360937,0.610457072100973
834,"TZA","Tanzania",0.906141589787122,0.902021041620719,0.899706907435208,0.900603420392607,0.898410794543351,0.901244040371072,0.907144865139116,0.909964443578343,0.907400600248701,0.908734149834979,0.902494771239185,0.892963464321226,0.883924790033958,0.878500160449048,0.869760532317529,0.867254396126487,0.868498254414615,0.870652557288112,0.869238042567762,0.870068929746908,0.870120362535356,0.86665271088756,0.864323485716515,0.867667501415352,0.866690949236538,0.865831158162014,0.865402363296633,0.864717469587032,0.862390446492898,0.87026357616799,0.863520284772985,0.857744008411334,0.862851662541081,0.863533029161787,0.855317678436043,0.861291456738279,0.861544818962755,0.842610080246175,0.848427444025313,0.836223466598289,0.827553942702917,0.826950948140323,0.831842842190282,0.812481290792005,0.821656998544567,0.817352678002018,0.808461426524374,0.797842674238287,0.787286523772824,0.763044430825069,0.747083199161641,0.739571089078042,0.737605819375382,0.737746591020773,0.738550181425744,0.745479344379727,0.740956960093935,0.744974761848142,0.746070041731413
764,"THA","Thailand",0.923601350895103,0.911531226886875,0.91661016117694,0.921174881674818,0.916722072195437,0.909446144340947,0.906973387601905,0.902915152094155,0.888063357509876,0.881374006712424,0.87248144672044,0.865498164385813,0.851202275478646,0.842265803633632,0.835265112264716,0.832243046204837,0.823610140925616,0.80986303888251,0.807642911395062,0.797979030259965,0.788247747167892,0.797603520483979,0.81374682981465,0.816292414047429,0.818916071575753,0.840249065250963,0.83508075777954,0.824155510965314,0.840235892526672,0.852703079525522,0.838460324453768,0.833915544637338,0.828241883465877,0.820824154355438,0.818371680933741,0.810235031540754,0.804256820300731,0.798268960879214,0.772914187042929,0.753823214527067,0.757637780394339,0.761491102571945,0.756494827126792,0.749501634997895,0.750731987887136,0.7441299106522,0.721160894456774,0.703724668487983,0.698793251767106,0.681109437849313,0.669064745718945,0.674986383864469,0.688537161029241,0.673108102228392,0.657784446238849,0.667304348895866,0.671208545214512,0.663124353511129,0.69463520586446
626,"TLS","Timor-Leste",NA,NA,NA,NA,NA,NA,NA,NA,NA,NA,NA,NA,NA,NA,NA,NA,NA,NA,NA,NA,NA,NA,NA,NA,NA,NA,NA,NA,NA,NA,NA,NA,NA,NA,NA,NA,NA,NA,NA,NA,NA,NA,NA,NA,NA,NA,NA,NA,NA,NA,NA,NA,NA,NA,NA,NA,NA,NA,NA
768,"TGO","Togo",1.00634748242783,0.999689048411724,0.993728624595738,0.994564306095241,0.992144211153349,0.986342603531245,0.98347469618071,0.978285629274072,0.973140876783341,0.976469939508825,0.981664262789105,0.9920420389545,1.00064690116547,1.01315614342237,1.01945789209277,1.0246938788677,1.02542514258177,1.02479344939533,1.02030235510888,1.01304586006384,1.00948691465504,1.00385693664048,0.997745562585792,0.995032024882873,0.989555310227826,0.981608391412479,0.982257325355152,0.983326014540561,0.974736774211873,0.973652670084136,0.975275180362766,0.965608251237022,0.948340304021569,0.942593574466837,0.937494270648867,0.937444036536238,0.933341842371161,0.933321139860497,0.931590604936741,0.922762798217521,0.922228144724299,0.930858711959948,0.942129445638232,0.94843906960532,0.956459354887936,0.958585159894515,0.955909192189478,0.953776839736982,0.960495098731858,0.954669082609578,0.94520075250847,0.946073610512759,0.93976219019423,0.929969838111549,0.926859611687425,0.92338318861931,0.910814904990212,0.916494045974302,0.914901018556445
776,"TON","Tonga",1.03729073474203,1.04309916333883,1.03801412408684,1.04534310180837,1.04401342402539,1.04921344757162,1.05657269263277,1.0558840605473,1.05439916533997,1.05286820374102,1.03793132007883,1.02682475174595,1.02628576723213,0.969526526742684,0.916250339505575,0.921111014155147,0.873812408003515,0.788485703741096,0.760697804662887,0.75971297313898,0.673814084732529,0.644050445835022,0.646189345686878,0.669061537551221,0.659471330988746,0.689145496652447,0.717648226841809,0.741672556985582,0.710259721789175,0.691526747426002,0.67118407828406,0.647604583465386,0.631111285351128,0.650933917785526,0.666555728650258,0.676837574356885,0.674116769114028,0.675181619055098,0.664923393051928,0.65757454718602,0.648461142514738,0.685791069204647,0.755657073327319,0.827722459467611,0.896388548747751,0.965564066199208,1.00113300052254,1.00305435822485,1.00490998091537,0.968507331075656,0.929830711478594,0.85281429343408,0.771163728539187,0.693681759489439,0.652415515689363,0.613382080306731,0.611525303302543,0.619067705345832,0.621963746293494
780,"TTO","Trinidad and Tobago",0.318295882339218,0.215623189953841,0.194673130755171,0.248235974131599,0.285488553387466,0.309615444365812,0.225763257453451,0.193435430518361,0.160333759887272,0.120066362988801,0.088026405426358,0.107809482456866,0.107463441401382,0.131767461598684,0.152172883828446,0.173968361005323,0.201477130052042,0.265662284862912,0.295187347142848,0.370319171592897,0.44173055086804,0.442051698357848,0.439018354305605,0.363854471115471,0.284038722646749,0.255344532948545,0.290401638741044,0.327561453148598,0.391101591026938,0.404519858702491,0.397743458578489,0.398604156993306,0.389316493001123,0.4273330220777,0.474271026532916,0.511489626072842,0.528013588741823,0.537265274325614,0.557954574433747,0.635025621189907,0.716487430162335,0.745379445171602,0.788054082824677,0.905755852183368,0.984171486459088,1.04822235970929,1.15798016104153,1.26329388607811,1.26657849414814,1.26293332374607,1.25957201347904,1.25883380703361,1.25477001321657,1.24778947558638,1.24509751176899,1.24341472753992,1.24081912478988,1.24200184421163,1.24282207027863
788,"TUN","Tunisia",0.952307036974821,0.951014699624985,0.955878339783523,0.954276417377058,0.980496601265303,0.997543691537963,1.00404176860452,0.998789359322214,0.999518779434443,0.983798796767077,0.96883288316005,0.972583150211638,0.988807662162553,1.00269171605631,1.01280213136829,1.0155919199243,1.01350092073454,1.01791728689132,1.02176232980072,1.03045111132188,1.02254309138771,1.0500190204728,1.0329758177291,1.0647649932146,1.07976136080488,1.08141003977148,1.02663146053712,1.02098614616814,0.96651453353023,0.966040095989358,1.00880802328452,1.00199964255368,1.03470805095107,1.04887335159266,1.01681972915081,1.00673311551916,1.05751564697918,1.0804538505744,1.06023492187237,1.05722498217062,1.0332396367934,1.02201273546918,0.979155487387085,1.01285839412642,1.00557306896325,1.03106826479867,1.02193518943145,1.01635579923923,1.00600250695832,1.00570817235741,0.987228046741655,1.01111538815349,1.02696680162387,1.02665898232213,1.02669585734753,1.01181085936585,0.998892481192648,0.9909353413718,1.00602675797037
792,"TUR","Turkiye",0.968754955814298,0.964282260901111,0.933971169200363,0.885515062414745,0.852141996878647,0.83147079948123,0.803725049046901,0.792202057645067,0.802100866168585,0.798683660687449,0.789833472971747,0.788783637985763,0.78697046891299,0.777461609522566,0.774826265242393,0.784443300265917,0.791920006335594,0.792106750141034,0.795076615869732,0.799732188123517,0.794414689938193,0.783688414985208,0.784810743747191,0.765275395514497,0.776649848460948,0.772308727807473,0.771048155499694,0.770185568763473,0.779335250779577,0.76351890334213,0.757916918849621,0.757625788361369,0.747232787900139,0.73299400507677,0.736633305747621,0.730152919749185,0.725726406344568,0.717820962314395,0.723137170572321,0.702136374630141,0.695293909264218,0.687387205048415,0.699188189748643,0.693518120494126,0.696694747163379,0.697282086656453,0.677666691310933,0.659228149562259,0.645308196122604,0.640120359339684,0.626251811080092,0.652964209331519,0.651088065027727,0.64896340698329,0.644595850049737,0.661850557310616,0.660336831691857,0.642963546404945,0.641048815435428
795,"TKM","Turkmenistan",NA,NA,NA,NA,NA,NA,NA,NA,NA,NA,NA,NA,NA,NA,NA,NA,NA,NA,NA,NA,NA,NA,NA,NA,NA,NA,NA,0.359679901533694,0.380730203804235,0.37445694128536,0.378741442059645,0.508624154653428,0.623379078785006,0.658963986580406,0.634168778391747,0.644805798956209,0.527688858537673,0.456005325107533,0.461557423540049,0.515963463731742,0.548491493638853,0.609054708251153,0.675475687041951,0.735691092415168,0.805743110019058,0.833927664169209,0.853210959209781,0.872106367177864,0.8962966681207,0.920928058858962,0.967478009825212,0.975379746879585,0.948713062196864,0.922491225394429,0.889617053047335,0.858231684922175,0.843486464059133,0.839408053299312,0.860101897131863
796,"TCA","Turks and Caicos Islands",NA,NA,NA,NA,NA,NA,NA,NA,NA,NA,NA,NA,NA,NA,NA,NA,NA,NA,NA,NA,NA,NA,NA,NA,NA,NA,NA,NA,NA,NA,NA,NA,NA,NA,NA,NA,NA,NA,NA,NA,NA,NA,NA,NA,NA,NA,NA,NA,NA,NA,NA,NA,NA,NA,NA,NA,NA,NA,NA
798,"TUV","Tuvalu",0.710358918174129,0.710904189174434,0.710078416891431,0.71202382063937,0.720822087758292,0.73565889880075,0.733789304797859,0.802649996916265,0.878262408214023,0.873373669691397,0.91986434885844,0.999559101084549,0.980629503613848,0.911096347779707,0.909468473648222,0.84031748805464,0.759929009601738,0.741166711462655,0.754383273179261,0.778158233991605,0.819338725562489,0.859821356354284,0.87698788198293,0.922036410433334,0.967163352103657,1.01018698695551,1.00604182146625,1.02977595448534,1.03673887917951,1.04819666054391,1.04498060988709,1.08514399157988,1.09369477616315,1.09690112170191,1.09859092929947,1.0995419553814,1.10411564290663,1.09782456600547,1.09403972184267,1.08480985627756,1.08240287257545,1.07610586878322,1.07626342469662,1.08068473120969,1.08173908841523,1.08821442373974,1.09375563006425,1.0949980718994,1.0901679312875,1.09055373707449,1.0893589833722,1.0887348320622,1.09201262211206,1.09745829486372,1.07378263950438,1.0496458616949,1.0232282376958,0.996539748749693,0.976957439032307
800,"UGA","Uganda",0.830517897157435,0.830974102099199,0.828106657088363,0.824843612987484,0.820304170161316,0.818553919585252,0.807624837226792,0.799393304931208,0.80214090437866,0.799604281726375,0.799506705757573,0.803408151050771,0.807679642296736,0.80134161179308,0.812814914432075,0.8210642759819,0.831301336294537,0.84025359562642,0.848030820299912,0.850559376864009,0.848937664240444,0.853562467184587,0.855685843928508,0.857549702628683,0.849819420719837,0.844347466667868,0.838119472624978,0.835465508319311,0.831770139510341,0.830809989749009,0.827768766658403,0.829869356578708,0.834734875829741,0.832400403399282,0.822968672275256,0.817362106237241,0.800089969169682,0.780148320797442,0.770888315259764,0.771937326197916,0.772358702774533,0.776482484758778,0.782337359948072,0.798797877140121,0.809201634743202,0.81840616411379,0.826940290903405,0.83789341999221,0.835284460104949,0.829939501531035,0.825747134845762,0.83398684902749,0.829950672728924,0.821148905287219,0.829882377475268,0.820666308736884,0.799844455635114,0.779202984696657,0.77827006179748
804,"UKR","Ukraine",NA,NA,NA,NA,NA,NA,NA,NA,NA,NA,NA,NA,NA,NA,NA,NA,NA,NA,NA,NA,NA,NA,NA,NA,NA,NA,NA,0.936637894665314,0.869891398708845,0.884904491231321,0.884995810828223,0.897828421079094,0.873509411459353,0.893127394294847,0.889960918609721,0.889200045560713,0.840482863950306,0.820863658502943,0.806019873228871,0.761072777670898,0.720426920495148,0.719726186539902,0.735848812727045,0.67708570974292,0.660243338330183,0.654530965367689,0.615736421354207,0.580837306202171,0.564184673344454,0.530731399210769,0.488204531093571,0.465729170769448,0.434112636458589,0.417305006345055,0.399944684117083,0.409741926055659,0.38515803938395,0.387871713054361,0.395280895107639
784,"ARE","United Arab Emirates",1.33847868884426,1.31753392977102,1.29572075188949,1.26598423307435,1.22944520486706,1.18942969468638,1.15883905425196,1.14056576630458,1.13352468554677,1.12036757457575,1.11084406095129,1.11306187923789,1.07178599031151,1.02324342836559,1.01496112736519,1.00988476768675,0.996221281370123,0.994584976756137,0.992393620329407,0.971475509955805,0.959245336220811,0.928990443966926,0.946059953537415,0.955657548512548,0.97772329492267,0.997925818130024,1.041406082128,1.0530912008349,1.08088645048753,1.09521677037243,1.09879448133859,1.10345264605619,1.10647140115378,1.10603761424702,1.09279835810526,1.03281752556728,1.04567639714896,1.07301387937124,1.10424745671855,1.13670082539702,1.21728298679729,1.22691283063894,1.23096340930642,1.23088524147557,1.19811094969679,1.1644469648995,1.16719574725585,1.16234736440889,1.16159058713599,1.18370180216483,1.20454482678665,1.18406031718522,1.16465364248253,1.14282695408202,1.1295114198109,1.11768540359412,1.10853407628144,1.10854919508503,1.10794708598829
826,"GBR","United Kingdom",0.91705569698834,0.901277060837846,0.893584505865651,0.888786392407786,0.8890760538304,0.89542632846005,0.888030544564535,0.884274891281719,0.875591222591857,0.86467046952788,0.868083283376175,0.883772340513154,0.881352257198505,0.873376619551284,0.872246696057893,0.842104030162361,0.810678135207467,0.791052789562386,0.778905086708861,0.745817696874909,0.737356893806228,0.720674821545261,0.715995178838774,0.707932294295923,0.717106945074238,0.710049826043901,0.702782179255,0.687301547358163,0.677746195879791,0.674323507466138,0.669791389265532,0.667021023907385,0.667375577327016,0.659046250342939,0.647069379076063,0.632796246974084,0.63768212819607,0.629295270036792,0.623458906862663,0.616473515825337,0.614990608350019,0.597779082973783,0.599968663624715,0.582021329563383,0.574518940452289,0.570670911542057,0.561341958821755,0.557450351942422,0.57335545880257,0.566369623580569,0.556509444010803,0.564335938986118,0.556426504691159,0.555042171139067,0.553781767203139,0.578948553614983,0.575961319974448,0.567107425478067,0.558086053480757
840,"USA","United States of America",0.827833287177384,0.832589770022971,0.830984840214254,0.829526336714209,0.82654417716444,0.838582270430112,0.830663921796183,0.826747102097323,0.819797893624072,0.823007185699346,0.804937360398618,0.805592815012207,0.790376942658539,0.781669240888413,0.744331646165752,0.740843764524682,0.708041598871601,0.68233581804825,0.702759375350626,0.707140551020205,0.675652797572108,0.682590261418209,0.702366737973006,0.701766178610768,0.708049617999521,0.719622952080238,0.723537358390829,0.701733089852239,0.682921275704692,0.648714850579018,0.652330099361385,0.632469197875058,0.625957535763178,0.587386724771282,0.590811077230267,0.560561565099151,0.550437733085816,0.559383450148157,0.563592615819444,0.537775404320901,0.520770139105071,0.511665041011292,0.479700911631465,0.44932428782961,0.438999304911814,0.429022969160667,0.419483873327424,0.424605300224708,0.416358655659716,0.403319932747257,0.389247849158784,0.34873963963176,0.315072521134007,0.299144995151604,0.305030509385936,0.301137983586066,0.306386673979239,0.313060448344743,0.310687587596113
858,"URY","Uruguay",1.07345880802299,1.06553663720896,1.08380046901383,1.07888765925632,1.08131630053289,1.08119839988256,1.0866689764948,1.08079256255545,1.06705349346288,1.04662000870622,1.03393863931285,0.999990454480467,0.988351955769458,0.98978259566064,1.00267167725172,1.01446700748209,1.02287392868121,1.01138373284726,1.00353659181127,0.9999002817192,0.995290186191392,1.00128688899689,0.990053375987083,0.979373583692135,0.955544753920363,0.949281347967707,0.957901598847946,0.950399132302668,0.959480948021898,0.972291771348689,0.948697637084443,0.911402200980799,0.908380361459195,0.901503877781625,0.892267586751318,0.916041558075781,0.950372426475143,0.954374649994589,0.943626234618989,0.917883793211464,0.861612323957231,0.786987606333378,0.724007506836662,0.679158732253904,0.639993443282485,0.586054798741251,0.567390751825405,0.540315536868684,0.503284732782742,0.470779854239611,0.466627397428252,0.453949016533233,0.435356115493425,0.487283971098523,0.494409402114178,0.522621715704818,0.545489894949292,0.562474233149307,0.56651136383865
860,"UZB","Uzbekistan",NA,NA,NA,NA,NA,NA,NA,NA,NA,NA,NA,NA,NA,NA,NA,NA,NA,NA,NA,NA,NA,NA,NA,NA,NA,NA,NA,0.719521090828697,0.699082083612091,0.676242502820807,0.66152207757881,0.665627004927633,0.659687021432623,0.666295330437464,0.671479653500219,0.695228890991507,0.692911020266275,0.679129710180186,0.664017495154375,0.631761156797147,0.581632055894633,0.549514296874857,0.524482829461217,0.50250768288893,0.511491085966082,0.519185865904141,0.524885198493874,0.533489509562294,0.541769915764,0.550872401002015,0.563417600932562,0.580170447340796,0.59904241926775,0.631403816733824,0.651535029719922,0.66676417590802,0.676496118386839,0.676747278312953,0.660245129215619
548,"VUT","Vanuatu",1.10976452547783,1.11118489606547,1.10408258913815,1.10934836205281,1.11368895065709,1.11122122016322,1.11124616688438,1.13694918173518,1.14921569823828,1.15103119897464,1.15002752820008,1.14980807695043,1.12435046437313,1.1031474505015,1.09678132548762,1.09441064213314,1.08502693661089,1.09088668449709,1.09625403262193,1.09330952079835,1.08834140953948,1.0915882166759,1.08826945338173,1.09297441861289,1.11439462214704,1.11375435816369,1.12853250900237,1.14267541656291,1.1522223139872,1.15247072470957,1.16633309963848,1.1658388948951,1.15501436265929,1.14102633024695,1.14047027592881,1.14629584293104,1.15023215144145,1.16967789418631,1.19160814186265,1.19764314094283,1.19939902708423,1.20437296790354,1.20308515207507,1.20157884375931,1.20205257334946,1.18642187893771,1.17312746140097,1.1601171703225,1.14308129569907,1.1165195853328,1.1094496341915,1.09990179569101,1.09970390175755,1.10353281605958,1.1165639529373,1.12586274194209,1.1348033727636,1.12975856827555,1.12515664897385
862,"VEN","Venezuela",1.05559984291123,1.04554690042208,1.03698005521478,1.03048047919827,1.02284380156913,1.01733990963311,1.0180074308254,1.0244500535164,1.02458238129245,1.03223169910583,1.04209915087002,1.05549538951907,1.057637267326,1.06766045949315,1.07411780617126,1.08471405161675,1.08402132204924,1.08921566356135,1.08988919990715,1.09857260321265,1.10206692540694,1.10271445956709,1.10769245881013,1.10652514664995,1.09627707338363,1.08817082136648,1.08310524162688,1.07389162991621,1.06426484776392,1.05566690455031,1.04861685866636,1.04467072466156,1.03895813203317,1.02740958629477,1.0097615211754,0.990055319228931,0.969560560114985,0.962437999494232,0.951712805710439,0.94860254718128,0.946068234076601,0.935390887437703,0.918734726720762,0.923557588826623,0.930091340093373,0.937729078100124,0.956301987643791,0.975374906826591,0.981205169505326,0.989332472400341,1.00876541278352,1.03138346172528,1.05068427267447,1.07295610730242,1.09464384548592,1.08991148946132,1.08254405415311,1.07909716495556,1.07560373348499
704,"VNM","Viet Nam",0.852308095395306,0.862508194994876,0.877885795149804,0.89743760907226,0.927362869707973,0.944636747444069,0.941986918255784,0.940049847568253,0.926743312953539,0.905528119998115,0.905811360377545,0.90458320328252,0.914700871896702,0.921894263071654,0.905875197572674,0.874688766828549,0.859096840602612,0.822537123067461,0.79794930927453,0.788533550980734,0.785210304693601,0.779057045793715,0.776622571546407,0.766466730054812,0.755109039551627,0.741474942896636,0.736067735446,0.722614338265857,0.706249704863058,0.71230436673124,0.706763192558521,0.695137915011872,0.689545679798795,0.694656565597034,0.682196329804268,0.685870395247694,0.679865091984734,0.676419792474742,0.667417995698802,0.662896185053342,0.645755986360399,0.62867963519755,0.615701463272332,0.580102649087941,0.572979070469975,0.566516302351404,0.557437194443158,0.548314589790283,0.571304528218903,0.555466943964955,0.562693229027913,0.576555155572686,0.590351554179083,0.591102586950193,0.601493812256934,0.592761305170299,0.591768690411814,0.591394138629322,0.595468697062424
876,"WLF","Wallis and Futuna Islands",NA,NA,NA,NA,NA,NA,NA,NA,NA,NA,NA,NA,NA,NA,NA,NA,NA,NA,NA,NA,NA,NA,NA,NA,NA,NA,NA,NA,NA,NA,NA,NA,NA,NA,NA,NA,NA,NA,NA,NA,NA,NA,NA,NA,NA,NA,NA,NA,NA,NA,NA,NA,NA,NA,NA,NA,NA,NA,NA
732,"ESH","Western Sahara",NA,NA,NA,NA,NA,NA,NA,NA,NA,NA,NA,NA,NA,NA,NA,NA,NA,NA,NA,NA,NA,NA,NA,NA,NA,NA,NA,NA,NA,NA,NA,NA,NA,NA,NA,NA,NA,NA,NA,NA,NA,NA,NA,NA,NA,NA,NA,NA,NA,NA,NA,NA,NA,NA,NA,NA,NA,NA,NA
887,"YEM","Yemen",1.31292219999984,1.30749760182471,1.30308342741704,1.30546864887989,1.2965829744602,1.2679129414138,1.26092949439313,1.22746341139327,1.21033219939359,1.18094056911612,1.14725954210645,1.09962073804997,1.06886458626917,0.995076630118763,0.937840411059107,0.905931418728901,0.867829297176917,0.840383932096891,0.859156061007581,0.885105239211935,0.919586635125043,0.930567203998068,0.933718247920627,0.914717174611351,0.890181355970084,0.870675475021963,0.893495944767931,0.890004969914655,0.885273365690741,0.887396898585983,0.874509965040651,0.848421664289956,0.868461284270767,0.868836046038008,0.87028280560241,0.872246863153936,0.868395141671734,0.852476374820913,0.851544574967768,0.87680492627761,0.877718380759372,0.877208746059689,0.8833555572705,0.893301235276377,0.859153553047911,0.848180437857501,0.837215712766015,0.815247380057401,0.799970959930518,0.81020163404414,0.819551922680041,0.854095285279377,0.882478552387659,0.889673591724661,0.880258617365441,0.862949784845331,0.832449518577747,0.807657212810288,0.800377763194945
894,"ZMB","Zambia",1.03601009586236,1.03456269788235,1.0341079540503,1.0395945626818,1.04365520278573,1.06824281543945,1.08845853246738,1.08803994040685,1.09156998913717,1.10418682617494,1.08408058332797,1.06809089509433,1.07399122182835,1.06575052136313,1.06798101811494,1.09056711815588,1.11474410368934,1.14056076396094,1.15418333319963,1.14589298500585,1.13603368067663,1.12243736588505,1.11370980777299,1.08888755626172,1.07414420954278,1.06775807306875,1.0610324486628,1.07189052846447,1.07872454601462,1.08853807892523,1.09465065087763,1.07391126804094,1.04146055216855,1.03978977692944,1.00875055386361,0.970361669003663,0.968336343067622,0.962142381039251,0.943513956384126,0.949147815598768,0.947170106218235,0.937330038743787,0.918927456484023,0.92379841991263,0.912574819379187,0.906413218178714,0.903263226241057,0.889315784370423,0.88521341757638,0.889003565414658,0.906768611514674,0.918299163168575,0.926443510709566,0.925055560176507,0.945587830835214,0.937778257198991,0.927975458607822,0.933947919374387,0.919465935012234
716,"ZWE","Zimbabwe",0.808248496228366,0.81115280955151,0.810100537495565,0.814455881972162,0.772219293517715,0.765166897486005,0.758464238267573,0.752082581907763,0.76641443485544,0.781428973195068,0.769307367115053,0.761652156610652,0.764415414164958,0.719195103479059,0.740105773254784,0.754363082617945,0.758559202586504,0.786230149001473,0.8350874043107,0.840441619500684,0.807751626287878,0.80215296414137,0.803724893826166,0.747226772884938,0.731379796767919,0.763612998487704,0.79292639730167,0.843657128854236,0.881505829982306,0.893354664512659,0.924315844876983,0.922588008381739,0.87793192952026,0.889617941202115,0.903291335120262,0.87922312384736,0.881131105504448,0.904303205800415,0.897096514308676,0.866586727791391,0.864646927511837,0.856816182715226,0.82764836459583,0.832191914667013,0.877200271018379,0.89708295568219,0.929046453854643,0.935037824561502,0.933293074588165,0.922103873775963,0.928052987544828,0.940660303616207,0.951100237015913,0.947696544240011,0.965064487997517,0.936226551751292,0.912173209908663,0.905157564426329,0.905426539002177
