"code","iso","country","SOE.raw.2003","SOE.raw.2004","SOE.raw.2005","SOE.raw.2006","SOE.raw.2007","SOE.raw.2008","SOE.raw.2009","SOE.raw.2010","SOE.raw.2011","SOE.raw.2012","SOE.raw.2013","SOE.raw.2014","SOE.raw.2015","SOE.raw.2016","SOE.raw.2017","SOE.raw.2018","SOE.raw.2019","SOE.raw.2020","SOE.raw.2021","SOE.raw.2022","SOE.raw.2023","SOE.raw.2024"
4,"AFG","Afghanistan",0.001237679464451,0.00132621659121677,0.00137031877669223,0.00148372518571452,0.00157998822017704,0.00170803690903874,0.00170915691653112,0.00183276758176547,0.00189030076751809,0.00191885807872143,0.00199937986253818,0.00205473623203305,0.00207716074828412,0.00228718841325262,0.00226790013339057,0.00229405422971652,0.00231444392268715,0.00238336421583734,0.00262396900172569,0.0025918306899384,0.00256929396075546,0.00257898998622019
8,"ALB","Albania",0.0162414965701308,0.014400344389578,0.0145162408205394,0.013484878330235,0.0121231941347923,0.0111151476224571,0.00977196206789735,0.00821869347059543,0.00902293307792264,0.00816656536926441,0.00749429873614324,0.00674413370397008,0.00697531028872835,0.00620084462862462,0.00627150938550811,0.00634997377294206,0.00582718968229733,0.00526220087642807,0.00531665197024065,0.00553717501672074,0.00516029608796685,0.00559384328019536
12,"DZA","Algeria",0.00632297262513216,0.00681862832482788,0.00703026697024916,0.00704214732614673,0.00688612923503314,0.00685394167291628,0.00667493298324908,0.006441837129765,0.00766964374368367,0.00891001185146257,0.00854589430215155,0.010364911478743,0.0115613239969773,0.0122843131628308,0.0129942444876068,0.0136036822357714,0.0140929465818653,0.0161418269935068,0.0154151228856471,0.0167211618389212,0.0158688917969725,0.0158177795241027
20,"AND","Andorra",0.00699964557510282,0.00635711877765785,0.00598774480098914,0.00570795940561836,0.00488934450735357,0.00453465945421893,0.00407166678047066,0.0034329708223758,0.00334746829974031,0.00310542487441282,0.00276227006344448,0.00271209679063926,0.00254307085489455,0.00234437277107548,0.00217594036501457,0.00189881620965531,0.00179882711476146,0.00159911593632792,0.0015501264490545,0.00165811681300046,0.00162506492231746,0.00158684984400633
24,"AGO","Angola",0.00167461493737196,0.00170499411895906,0.00169698885463314,0.00174460565710137,0.00186800576291941,0.00187648174704809,0.00181787084001405,0.0018962161342969,0.00203955483545575,0.00184276161248401,0.00198186536714351,0.00190880769675413,0.00205632665427491,0.00222869818758494,0.00209842050781372,0.00223414316378181,0.00247228057318886,0.00247810164634469,0.00253158212942149,0.00238192598458726,0.00256992790794779,0.00265010516387036
660,"AIA","Anguilla",0.000853989696275437,0.000695959339150695,0.000844076471427149,0.000807309337650222,0.00081069346172093,0.000648800840295325,0.000704949855034861,0.000923846523562285,0.000706606187918151,0.000761022711532758,0.000649862619851377,0.000676908886655189,0.000748724577714624,0.000805677822004634,0.000650810998803337,0.000536688563123234,0.000619628912350647,0.00061438502988078,0.000573623549946131,0.000544859645509285,0.000692471562025217,0.000715998015206466
28,"ATG","Antigua and Barbuda",0.00263463765097161,0.00222382161777401,0.00272854266445285,0.00264160988882746,0.00239848275114411,0.0020044461121251,0.00208838517604946,0.00288602739979198,0.00233858545045586,0.00222924815911794,0.00206361044906726,0.00206487540794198,0.00226042256552925,0.00266754379872082,0.00165929659660037,0.00154825603351676,0.0016976384506491,0.00163242125081322,0.0015610050410077,0.00150725810962778,0.00171121875360814,0.00176815648531477
32,"ARG","Argentina",0.0025310179139885,0.002306246322792,0.00219539088628355,0.00223013051589842,0.00212140166162086,0.0021883113813332,0.00198431256953765,0.00185891639278929,0.00181723985491743,0.00178683646871845,0.00178845625643877,0.00169959135710685,0.00170348476207541,0.00162995158143562,0.00159238198114622,0.00156435523273254,0.00154315856772067,0.00166739275894361,0.00155832042071691,0.00166638620346073,0.0015363538809039,0.0015615186856394
51,"ARM","Armenia",0.00548561786270884,0.00553708628193698,0.00568992332418017,0.00636060308326736,0.0069172627444726,0.00800872094329307,0.00830102898471562,0.00888558216490855,0.00872783466106049,0.00901512632540572,0.0089726072191639,0.00925388966657733,0.00888240749099528,0.00909628424833028,0.00925191499148656,0.00866177025842385,0.00947185307744491,0.00921046650525212,0.00921931729280463,0.00916239314002714,0.00897585332956888,0.00885076447797687
533,"ABW","Aruba",0.00258528582667956,0.00243708694645093,0.00258590231364641,0.0024197985205969,0.00235767116723505,0.00212763088727544,0.00216379602690208,0.00235147792949577,0.00220621466885856,0.00221215278792636,0.00216999165072536,0.00208069804179213,0.00212871624904252,0.0023330461215063,0.00226584631743899,0.00212214798673067,0.00225504608319034,0.00209050577669733,0.00205397662347747,0.00200906801431925,0.00226948760969642,0.00219311585650647
36,"AUS","Australia",0.0157805944746115,0.0152446147658474,0.0152885118154821,0.0143434178677314,0.0134415623875791,0.0128085771627805,0.0123237657373981,0.0118438919571698,0.0110441399239617,0.0106240789859728,0.0101892985459361,0.00991108153829168,0.00948853840597646,0.00860691838549626,0.00798317847718176,0.0074010060439417,0.00745043954737463,0.00648859264052366,0.00644378076881431,0.00629422239943352,0.00662752904618223,0.00664021747534438
40,"AUT","Austria",0.00667044466216743,0.00587691042782511,0.00603570093630696,0.00554187159534206,0.00487634121391714,0.00473829249448832,0.00429401759636315,0.00386058155706192,0.00373812768750531,0.0034428510919796,0.00330765024730589,0.00324330468282699,0.00314576468806359,0.00288294213236488,0.00265773196948665,0.00277357975775327,0.00245862632356897,0.0022684253590283,0.00227407265433967,0.00228029793889867,0.00228136875318352,0.00232026523217225
31,"AZE","Azerbaijan",0.0137700305117253,0.0142396482829907,0.0135553530409845,0.0128670055243817,0.0121292802743999,0.0110849329428056,0.0104454724006166,0.0100098916092399,0.0090836482342753,0.00925730264247752,0.00901551795431536,0.00879298469990178,0.00863784875630023,0.00847832687926879,0.00785879026722486,0.00741642615130136,0.00756967402895089,0.00748516418251859,0.00755582078894604,0.00736704995997171,0.00744344243775721,0.0074717214818573
44,"BHS","Bahamas",0.00317674797789957,0.002737879654544,0.00277176014295405,0.00273074788647784,0.0025961921894774,0.00240895507896586,0.00234495495316527,0.00218517053719692,0.00222513049022925,0.00219347565912531,0.00214149738577597,0.00233310148705011,0.00242319913408527,0.0022016511058954,0.00147703621747302,0.00141650597189902,0.0013905004059693,0.00139679922025575,0.00143044367981662,0.00134474006151797,0.00137510450787418,0.00137244291192171
48,"BHR","Bahrain",0.03538913301422,0.0363664351130842,0.0360858684890173,0.0364926558310759,0.0351362974038348,0.0341285892067747,0.032625407384599,0.037319466669812,0.0333000070766039,0.0340168550862241,0.0336936724563541,0.0338557951572633,0.0342300410510041,0.0373128922578643,0.0379625233915854,0.0367594451763047,0.0355898299924039,0.0347219125191045,0.0365176758416183,0.0371880937471894,0.0371538668105057,0.036453234214989
50,"BGD","Bangladesh",0.0110385432397243,0.0119267342385538,0.0128163631858676,0.0143916942988475,0.0145557078327699,0.015488199193716,0.0170425284458488,0.0165522054038945,0.0180084939325441,0.018695642918003,0.0190825072278589,0.0201865483088548,0.0205026765873819,0.0205282137700815,0.0196799054448559,0.0215508402327802,0.0230501351220015,0.0243624906426608,0.0247616156483842,0.0233904259471112,0.024845241218104,0.0241444978358047
52,"BRB","Barbados",0.000741720662890621,0.000678310152733308,0.000816520744040513,0.000698830769902126,0.000658296815338022,0.000609052747574636,0.000579460347441104,0.000694118087317392,0.000622973018312491,0.000596137768598227,0.000564919669820567,0.000523329269843045,0.000550688460362276,0.000650579247539665,0.000450975527556655,0.000417108433646051,0.000463680991323914,0.000432416563461364,0.000414708163964046,0.000422936940284407,0.000463290461168947,0.000451643628122136
112,"BLR","Belarus",0.00524933881836424,0.00532760013664422,0.00528030485095374,0.00505960589512617,0.00497618089788907,0.0047689354862307,0.00478807261829471,0.00494861089613604,0.00468917335681477,0.00460033775606056,0.00468211897762139,0.00456478991704807,0.00440675980185743,0.0043189096695686,0.00421591584801244,0.00425442888605644,0.00412730244979408,0.00399146432552936,0.00405273368001118,0.00407828240423522,0.00415651131896814,0.00413898529354481
56,"BEL","Belgium",0.0150002925845852,0.0132741276134937,0.0121330483470333,0.010760822130404,0.0100733066797328,0.00903261808893698,0.00826648452473417,0.00739622313206175,0.0068678387900782,0.00631185974997704,0.00600442064594633,0.00564919276833114,0.00512639760619117,0.00483261210951364,0.00461367334906432,0.00426335790706132,0.00360679687159649,0.00306444763144042,0.00313631664290812,0.00320848260788984,0.00298637981222959,0.00302519993671613
84,"BLZ","Belize",0.0010400588706588,0.000878396717248352,0.00102326173775769,0.000815063730100292,0.000854141465566931,0.000792166050945206,0.000774383811021687,0.000763706515437654,0.000828272763446552,0.000715379092692366,0.000775303051972442,0.000759485402433229,0.000762118598392853,0.000763407743110946,0.000713202416065946,0.000647585949683272,0.000733453754517433,0.00072648177779883,0.000661627152951951,0.000650804449850715,0.000753037407506793,0.000774307793602407
204,"BEN","Benin",0.0014739761886572,0.00175838355308402,0.00189498065017411,0.00182338465748137,0.00214728835647605,0.00219597841054817,0.00201152829735037,0.00193801518391808,0.00204314267444017,0.00208848500093982,0.00212374290135535,0.00212567034688001,0.00231081884833123,0.00230226377693806,0.00229111886470281,0.00232488380722179,0.00232823223254984,0.00242633494448408,0.00236956908456073,0.00249330899781819,0.00242714288317096,0.00245350745947311
60,"BMU","Bermuda",0.00102997999913445,0.000987484764830646,0.00094602900670534,0.000926326539415218,0.000846245372516767,0.000834632957681821,0.000819845697075278,0.000757509352765991,0.000740727156299897,0.000751248035979784,0.000707685752583344,0.000727005449660719,0.000727331752100409,0.000724531655791571,0.000532042340551073,0.000497457901577148,0.000510970201925826,0.000493733178681075,0.000504115610018295,0.000509279901400924,0.0005127369573817,0.00049241471128425
64,"BTN","Bhutan",0.00348029166681476,0.0037398713211485,0.00408080205179419,0.00440619806310463,0.00452806409062115,0.00479653135263941,0.0052747604588204,0.00537913570178011,0.00568861032598172,0.00594294387427563,0.00605433278725192,0.00639290306416597,0.00634423011601573,0.00658221199379442,0.00659962357665204,0.00675719874352296,0.00715552294032397,0.00734160368825468,0.00751776649772631,0.00732682205379342,0.00752114777957741,0.00742338548711472
68,"BOL","Bolivia",0.000540949564391434,0.000563753582949251,0.000545263208592356,0.000470413760854621,0.000525899194063714,0.000470727183376292,0.00040067343926577,0.000548273877262497,0.000478774523709686,0.0003758460568806,0.000362862406000694,0.000351354085078931,0.000340927517638617,0.000442556821518265,0.000369472630876227,0.000353401027672097,0.000394119453194762,0.000436919188967919,0.000412731081261817,0.000456177434589254,0.000457870726815317,0.000583693199723577
70,"BIH","Bosnia and Herzegovina",0.0348488971160408,0.0332707250151588,0.0345681919107165,0.0314400513751259,0.0274885718586325,0.0245823555647041,0.0208446395669743,0.0175287774960883,0.0176787380361225,0.0164703594645953,0.0152759584400994,0.0148439014166325,0.014287996577179,0.0134855147523669,0.0128498281314235,0.0125445048669758,0.0117064257553091,0.0108958846435744,0.0106542081852941,0.0109715700347491,0.0105427324109637,0.0111609659260693
72,"BWA","Botswana",0.00516153736147186,0.00518234934666789,0.00519383224932576,0.00540614040105312,0.00542363834156497,0.00551831531814672,0.00527875331006583,0.00567525661223581,0.00562714694393552,0.00535532386294264,0.00534390576079148,0.0054490594012523,0.00535060805172948,0.00536422845618321,0.00538957989958625,0.00524385489632661,0.00559278154848367,0.00540627779018951,0.00532148624527724,0.00539440585763284,0.00551498122202934,0.00539799212958853
76,"BRA","Brazil",0.00884309584825788,0.00824741152803128,0.00792605937205763,0.00775430375155051,0.00745647976740342,0.00703231958443393,0.00673155772839763,0.00631857373462282,0.00641448796123165,0.00634398383419418,0.00611552203554037,0.0061091374218272,0.00620524506878137,0.00591501498296984,0.00577655375958501,0.00581655188726273,0.00597915054024766,0.00572801890884961,0.00567891963390199,0.0057708871022158,0.00591594111849455,0.00611747031809897
92,"VGB","British Virgin Islands",0.00073951142790084,0.000644147330469724,0.00072110809762153,0.000720937938063426,0.000736405749044071,0.000606463942061839,0.000669032623173764,0.000718398803663345,0.000630791966906936,0.000661886640195995,0.000596629888159207,0.000647948863539827,0.00067229654848929,0.000694952142532454,0.000556898472160225,0.000510848547437859,0.000562561051315893,0.000571231058705977,0.000519299751807942,0.000494169650221841,0.000599735267690685,0.000604303161771664
96,"BRN","Brunei Darussalam",0.00282266033498308,0.00260721593791174,0.00310792664893023,0.0026326796247262,0.0025187746847402,0.00256877898126127,0.00377054107573373,0.00299875944057333,0.00313637774937863,0.00320657500894173,0.00300680098729502,0.00297372739916173,0.00312828354405604,0.00343989453647767,0.00253872904829507,0.00292564127965417,0.00316315805136675,0.00278750718150382,0.00278511692068899,0.00272737215328635,0.00271855639829553,0.00310083616803099
100,"BGR","Bulgaria",0.0657708086885659,0.0657295019767316,0.0634816713907664,0.0594449379355417,0.0530092391934194,0.0476130615236312,0.0422385729957337,0.0352973979305249,0.035583401406823,0.0344293319320661,0.032969120280756,0.0307015086469612,0.0309468287601044,0.0292683098657416,0.0293423369454865,0.0270516142280463,0.0265444901912773,0.0252339065206089,0.024323896765053,0.0257336213285433,0.0243253497416294,0.0257921920528501
854,"BFA","Burkina Faso",0.000760181001111893,0.000863196881841541,0.000871248392720602,0.000825196907107205,0.000869795552247433,0.000867093656557063,0.00088530014668802,0.000979018336894367,0.000945162563225684,0.000869858159521832,0.000928297036747808,0.000953486473252732,0.000929705225110385,0.0009885497812362,0.0010185286400407,0.00101462101812669,0.00102122111919178,0.00103951146208314,0.00110180412717704,0.00105587475269593,0.00111115544530321,0.00110091413652213
108,"BDI","Burundi",0.00945240678878324,0.0094600041900535,0.00970275806318914,0.00932732300804077,0.0102294479577068,0.00965611397869034,0.00961646596178704,0.00973447199558401,0.0103978906593644,0.0108274558334562,0.0103607316867554,0.0104365537716934,0.00998007821918153,0.00981281077289952,0.00974553282817974,0.0103243233559665,0.0106608024251822,0.0108665970054119,0.0100112163391195,0.0103717993153554,0.0100126346637629,0.0101498549268208
132,"CPV","Cabo Verde",0.000657113821836023,0.00069218555663901,0.00071791967367407,0.000690868467008841,0.000667940432724215,0.000684886913131305,0.000673100059474777,0.000669260627839595,0.000647145937875639,0.000683479129278545,0.000631396960399305,0.000572843864288347,0.000613424126130026,0.000587624486923311,0.000565882757632979,0.000521394894306224,0.000521573516599918,0.000558404922386969,0.000559575247240398,0.000511913121555473,0.000562807620166245,0.000544837420866772
116,"KHM","Cambodia",0.00351073182850704,0.0043596102779607,0.0047631188593961,0.00483865735073294,0.00487796074333883,0.00487618122864814,0.00519322685014101,0.00522793020221857,0.00513980063058149,0.00508134617746088,0.00537908158126337,0.00533912375623732,0.0053258727273334,0.00535790547738298,0.0050435034110478,0.00527888792257968,0.00540495916301739,0.00563641348034326,0.00541277827830239,0.00548057754173367,0.00524449176952851,0.00542360824099119
120,"CMR","Cameroon",0.00416242629996693,0.0041948759718975,0.00421800656792046,0.00418529329088211,0.00426402094435716,0.00432853999187257,0.00425668743578036,0.00421239480241622,0.00430868585362968,0.00435174420193297,0.0043808314057107,0.00437558112785861,0.00439796420564941,0.00465450858476598,0.00464044406963487,0.00466156627307163,0.00472598409544303,0.00475866587109811,0.00488100948409063,0.0047620172699942,0.0048413287001427,0.00481002739025502
124,"CAN","Canada",0.0161397491201168,0.0146210980462641,0.0143038516944525,0.013015838231401,0.0119599729818294,0.0111981090465219,0.0101209942563653,0.00905125978493668,0.0088030874167541,0.00858380276423748,0.00827847624159436,0.00792415253815572,0.00791053902819572,0.0074658145496588,0.00726213795500716,0.00689934639183951,0.00670390048855746,0.00636047056743463,0.0065029532469498,0.00647489299262437,0.00674249676947902,0.00660959387878297
136,"CYM","Cayman Islands",0.00123983337488324,0.00111241197245581,0.00104309864725977,0.000996315430409087,0.000980077196677194,0.000978173602220938,0.000943978890855961,0.000905493913750089,0.000890048031099999,0.00088264275751697,0.000898523377048903,0.000926619472002459,0.000897226748408382,0.000867895221707381,0.000690266733654714,0.000711468076580491,0.000718204720412778,0.000704216466937317,0.00071032884742361,0.000667193950794039,0.000691234796826941,0.000706234773969772
140,"CAF","Central African Republic",0.00119566025845591,0.00115128499753011,0.00117505003351125,0.00110007853451151,0.00125788428126744,0.00135208846068136,0.000928955374253571,0.000974503226838327,0.00113745253926905,0.000898890949592219,0.000846265821241205,0.00103648286105122,0.00112955529150214,0.00123725872315248,0.000985707348276945,0.00105195475763283,0.000851433789289211,0.0010343612995838,0.000939960088363061,0.000955550918258789,0.000801448888576779,0.000909561401469168
148,"TCD","Chad",0.000722371099736694,0.000784702788244081,0.00073597220223243,0.000710719754023514,0.000749694740457825,0.000754384400588613,0.000605491994966933,0.000665142406694745,0.000669688789025983,0.000654727330847819,0.000635825080171843,0.000589658933433675,0.000594131057106428,0.00074762192380366,0.000632520695420411,0.000613872973160155,0.000539589561089483,0.000599458446940021,0.000737549386951423,0.000592993571746446,0.000602175630802572,0.000611562574316588
152,"CHL","Chile",0.0696782125706016,0.0680025698712223,0.0653895028677168,0.065385787627062,0.0640717383851722,0.0638149553591466,0.060395549949429,0.0603177127913753,0.0604793161751624,0.0596289575903457,0.0609125433742644,0.0592124335675683,0.0598298904774123,0.059062290438942,0.0614250896855114,0.0602427641876199,0.0605800140434142,0.0599925136928466,0.0609288168015482,0.0609960949172115,0.0584564703190469,0.0596268988709128
156,"CHN","China",0.0702646964213538,0.0768899912683823,0.0816115166818892,0.0816074939162079,0.0818419681129902,0.0798709996060049,0.0776837863842972,0.0745480379869794,0.0771368219431048,0.0766774460952397,0.0781752743540555,0.0790810417206704,0.0792433234880738,0.07894211593754,0.0791923234442744,0.0783890485768214,0.0824208779498581,0.0820372702070387,0.0807530050785312,0.0803375275258491,0.081580059697497,0.0798871302047724
170,"COL","Colombia",0.00346993349797006,0.00340800997081785,0.00321450968626586,0.00311605393278521,0.00312805027036143,0.00299602109385589,0.00294609320389538,0.00283405447983095,0.00273001377358296,0.00281895786845686,0.00284100201650238,0.00279476193438321,0.00281812606727688,0.00271426590016154,0.00273057807779841,0.00275430653295655,0.00270772946253335,0.00267213052227571,0.00263761749288892,0.00270651560883691,0.00278275257810544,0.00276452361187954
174,"COM","Comoros",0.000451426477883673,0.000487934419794213,0.000550203513995462,0.000554613346665731,0.000566126631191471,0.000553119377885058,0.000598846621575792,0.000560480186860767,0.000603889919788152,0.000590085020153653,0.000625073045592093,0.000599037368750887,0.000656358860196428,0.000662197510484016,0.000489310608733363,0.000497460257120616,0.000484952331661989,0.000510453971992431,0.00048374378954779,0.000491466824276186,0.00051097563692046,0.000491730388478694
184,"COK","Cook Islands",0.000265131028123792,0.000281776822006122,0.000277253587833098,0.000253718127797827,0.000260378806738537,0.000276098115882318,0.000284141046753747,0.00029689180276132,0.000286508267420717,0.000283828491421174,0.000287447462242608,0.000279118119134861,0.000280785790610848,0.000282954930054032,0.000241020264914395,0.000261622695239022,0.000253299322793906,0.000242755166151357,0.000254757762697956,0.000239677459049433,0.000238437876731992,0.000242837466926237
188,"CRI","Costa Rica",0.00443329104859861,0.00434105518975205,0.00433423555404508,0.00423023891785385,0.00417496002848537,0.00416470172468401,0.00408451904821672,0.00393653416487304,0.00409048718441082,0.00423048541238862,0.00411265575805181,0.00396782640106235,0.00389759935368679,0.00411373801717329,0.0037626760916629,0.00384176998722304,0.00376480709706084,0.00374046232492737,0.0040073453551679,0.0038354775005205,0.00393661039840312,0.00383008299240951
384,"CIV","Cote d'Ivoire",0.00131526210534574,0.00129721729818932,0.00141636457500743,0.00131815781187369,0.0014844779998522,0.00160963524614566,0.00145799355213464,0.00141153959984081,0.00148831526221679,0.0014421357955703,0.00148702076555507,0.00136189772612488,0.00155650492755878,0.00160174574872813,0.00152213672805908,0.00153088412034089,0.00154397346028655,0.00163300115925696,0.00152468638934059,0.00163235217929022,0.00163038216258875,0.00163544407432777
191,"HRV","Croatia",0.0200685599396512,0.0190154959667976,0.0193185410983601,0.0177385800744581,0.0157245043788428,0.0143128417449935,0.0122148797729745,0.0105185670580066,0.0105057416813304,0.0097283331432544,0.00911704741691737,0.00883233926605095,0.00850830416101141,0.00801675932020552,0.00756400282760741,0.00736388536559917,0.00683633346048415,0.00626407300858631,0.00630537912114424,0.00638803651439337,0.00617586126932829,0.00643527380327655
192,"CUB","Cuba",0.00575529462436794,0.00499551080479971,0.00492575451524079,0.0046749909262758,0.00435439666748635,0.00402490684421705,0.00377807427321205,0.00338345808304337,0.00343875778934613,0.00341722646947663,0.00334735072708039,0.0034246301085868,0.00336584413952512,0.00319210085435582,0.00283465636277932,0.00292414303881237,0.00295035595967398,0.00280013294473215,0.00290855735431667,0.00285665960941689,0.00292655564266105,0.00279470287660374
531,"CUW","Curacao",0.00466725947352577,0.00466103571747501,0.00536740151966652,0.00445261420578176,0.00437722742039417,0.00419895530878794,0.00394554498805712,0.00487065915555238,0.00445262477653248,0.00423486196775129,0.00403308919683128,0.003791164675257,0.0038677340799643,0.00452193533854699,0.00421572591240369,0.00394389460783934,0.00412726299718698,0.00382714171311753,0.00364904668107663,0.003799210694558,0.00429254965399501,0.00406262643250864
196,"CYP","Cyprus",0.0196113479205263,0.0188850734312009,0.0170991476952682,0.0164940122228358,0.0165711374806442,0.0157363802486413,0.0148307905735768,0.0152424348284526,0.0134299333275997,0.0132530619594631,0.0121783377822139,0.0116942723074405,0.0116800178096133,0.0114904358245766,0.00867996651053675,0.00788956729064037,0.00770771436340028,0.00738266565844428,0.00773300094876859,0.0069171576799587,0.0070453337090182,0.00689336532878257
203,"CZE","Czechia",0.018352242982502,0.0164726337067888,0.0173847881882746,0.0159933878751824,0.0137512910839311,0.013399379526828,0.012525369509854,0.0117471644070412,0.011158260171994,0.0102248113428783,0.00999075319385078,0.00971256767960084,0.00901063263837066,0.00866721174195011,0.00789353032461265,0.00820196759973373,0.00717981530756881,0.00665354460227384,0.00689356602666772,0.00692417985463252,0.00665247792539009,0.0067576627727667
180,"COD","Dem. Rep. Congo",0.0139977384909458,0.0138341795520512,0.014224816019316,0.0140416072387395,0.014025691377738,0.0142739988474907,0.014139516502624,0.0142222457965356,0.0141345088013846,0.0139256994017298,0.0140453401706598,0.0137201385402921,0.0135927620823624,0.0141696759075198,0.0136711866386643,0.0133635330713801,0.013563637592606,0.0134682584417481,0.0134276559066608,0.013509344601291,0.0135061634790333,0.0135979872995352
208,"DNK","Denmark",0.00446430004494092,0.00399548762299072,0.00411378561623674,0.0039308710846936,0.00346649439322084,0.00341132215344726,0.00315449201773098,0.00296827743048987,0.00288917172559246,0.00260202976838378,0.00253823038864035,0.0025519878755762,0.00231050627103612,0.00219375664831906,0.00189732122146721,0.00192244336971925,0.00173624621116608,0.00160818070176867,0.00161837815881859,0.00167723961425299,0.00166209144031769,0.00164127151230378
262,"DJI","Djibouti",0.0020866503055413,0.0022169643640835,0.00224902273561547,0.00215849954441779,0.00224033938820234,0.00239533126668571,0.00225665125923232,0.0024699172229167,0.00242267933890338,0.002291528184229,0.00235217067472146,0.00215205780773295,0.00228322269429544,0.00225812935901848,0.00240495386741643,0.00223529236588376,0.00220878460152372,0.0024963297911758,0.00248379684776089,0.00235253073414504,0.00217760817580468,0.00211439079731212
212,"DMA","Dominica",0.00107012642201826,0.000969543021803497,0.00114649342921687,0.0010137970534257,0.000956081046333993,0.000858633302765175,0.000835446181898791,0.0010865794288476,0.000931376429305151,0.000863633368696994,0.000824411087362576,0.000784233639070081,0.000828646088634216,0.000994303534648416,0.000676167141691673,0.00061427798050424,0.000679571671475225,0.000649082784016268,0.000619327074440041,0.000630255418616606,0.000702546834817383,0.000704995889019648
214,"DOM","Dominican Republic",0.0065300573134727,0.00584713680188011,0.00559399661030829,0.00536671291417221,0.00501409925339602,0.00440036509811829,0.00409694053621651,0.0038292971638116,0.00356107774016053,0.00346714905345193,0.00334852169572815,0.0034209753352247,0.00329428909829842,0.00317334798789541,0.00287431859561234,0.00276608254788093,0.00285174989067186,0.00261253179812524,0.00262615311868417,0.00266987683561609,0.00271368000740006,0.00262772465762508
218,"ECU","Ecuador",0.00229417035183245,0.00214377762425763,0.00196318873702254,0.00188391946244474,0.00182260556289164,0.00175599233070277,0.00169307069684335,0.00157407464871845,0.00156799514016616,0.00155897186381848,0.00154796861084942,0.00151440509508538,0.00155002385991645,0.0015054734712814,0.00145042160446436,0.00142534734565483,0.00142185899213959,0.0014297630950169,0.00141386924824522,0.00147999037858394,0.00148969603838694,0.00149745206393034
818,"EGY","Egypt",0.0418730259292845,0.0426692761994026,0.0432060146920411,0.0438536403010445,0.0422011334502558,0.042079307560932,0.0416426631284429,0.0410289505202212,0.0399083727182028,0.0412245967986273,0.043561277039221,0.0465081479330589,0.0446684746047712,0.0459886146818416,0.047461541942986,0.0471438592860708,0.0488006093755392,0.0508082350110026,0.0518684423237491,0.0503710393493385,0.0532772019893899,0.0537227885242847
222,"SLV","El Salvador",0.0116809011660971,0.0114510780956713,0.0109225813390192,0.0102091153508553,0.01054042027917,0.00967390551797996,0.0106654626600009,0.0094954991841042,0.00992732274158036,0.0101155257782192,0.0098574089599289,0.00980814547165605,0.00974977852573732,0.00969129972920105,0.00899704070874151,0.00924594194061919,0.00974271348297556,0.00897564297686308,0.00899558634125161,0.00896637639695075,0.00949431260938101,0.00892013307307792
226,"GNQ","Equatorial Guinea",0.0015509618189399,0.00154770922140462,0.00165209169016738,0.00161422702132286,0.00162884745314803,0.00162180415734278,0.00165780102708807,0.00167431333620591,0.00165861128952314,0.00171651113621391,0.0017705003223239,0.00174360314288004,0.0018108071411877,0.00203161614509037,0.00171843743046979,0.00173339217709622,0.00175450219629716,0.00171845256156158,0.00175513998668415,0.00171722262930023,0.00176150495556165,0.00176315101165932
232,"ERI","Eritrea",0.00142230184139976,0.00155591809396942,0.00152877881734872,0.00143164986463079,0.00155769420993093,0.00167273441469142,0.0016491722071094,0.00173028772917823,0.00157099749543929,0.00161911267184393,0.00161058547054388,0.00163567768652928,0.00176874601939023,0.00163676282755684,0.00187069770597513,0.00175895103585884,0.00177905033525458,0.00203196354903744,0.00211012276089376,0.00198668192498089,0.0019069113051124,0.00178123381043942
233,"EST","Estonia",0.010767023144632,0.0111184643752674,0.010935920690559,0.0107365220563907,0.0099860682246681,0.00932684336217239,0.0096898031725974,0.00972194982597547,0.00892202541388688,0.00872978586395338,0.00944461264870495,0.00915581267668119,0.00798953612749755,0.00881352121357184,0.0080665677355532,0.00862483047702306,0.008135986744056,0.00735425960735223,0.00794498001859312,0.00819790558457455,0.00861953902956441,0.00821115296057189
748,"SWZ","Eswatini",0.00691876078633683,0.00777866566475189,0.00823565268166013,0.00854319528384136,0.00928283506504069,0.00879881388563846,0.00855987189248431,0.00881764410313611,0.00862390709272229,0.00833853719705725,0.008895645162442,0.00923009988346108,0.00881988171042484,0.00823684436582301,0.00777480334480485,0.00774114754934411,0.00834238691855591,0.00808079504692993,0.00841951847972411,0.00854813496802864,0.00927584436520057,0.00883434832159501
231,"ETH","Ethiopia",0.00114558190763499,0.00119311412490895,0.00129430321672102,0.00118904970102537,0.00130740615683689,0.00135336860968859,0.0013045782846585,0.00134750557051923,0.00134241840305679,0.00139231192320172,0.00138736935060862,0.00138306098426772,0.0014492354468837,0.0014342649432467,0.00139274332194585,0.0013503911227298,0.00136307855082614,0.00147442384511518,0.00152484243394885,0.0014616431655234,0.00142459324194835,0.00146475028029898
234,"FRO","Faeroe Islands",0.000623800916982733,0.000518124344389896,0.000454577373955192,0.000525553930407226,0.000411770165618395,0.000462938868316401,0.000509425027486107,0.000463139600743785,0.00045268496390873,0.000362303560338331,0.000407754091919873,0.000474251078126915,0.000391541689092809,0.0004057521619281,0.000375346245574209,0.00039865751981116,0.000354601441186205,0.000340351474487636,0.000323292823033787,0.000362782635822674,0.000325824004623677,0.000335283646901144
238,"FLK","Falkland Islands",0.000169260281543039,0.00019004690809898,0.000175530747433504,0.000180751709870357,0.000180048045635993,0.000179409555653735,0.00018642632337116,0.000186729879046214,0.000169670132575759,0.000197972534396796,0.000179958815661954,0.000180124142760504,0.000174541886173684,0.00017519638179959,0.000176634652662422,0.000186356147912617,0.000185493992524358,0.000179647671485211,0.000193958431637522,0.000233377522453982,0.000225777673344113,0.000175747918297116
242,"FJI","Fiji",0.00198642520042613,0.00198881309862087,0.00213186149950402,0.00199516967313907,0.00211323587126312,0.00213412387572421,0.00193333795413341,0.00211768087123662,0.00218042267863766,0.00194171141350231,0.00206139409106094,0.00198005454865446,0.00177080893298148,0.00206172785343655,0.00191283651833353,0.00188980795193583,0.00180911070446129,0.00184090136337297,0.00187453728626194,0.0019383037569701,0.00179411292943768,0.0018314418956374
246,"FIN","Finland",0.0029748371607477,0.00302951661102831,0.00296245313797231,0.00281824920015934,0.00248895874321662,0.00241581063322166,0.00231821433136678,0.00220488110159441,0.00205971603673582,0.00209469808161882,0.00195310833692915,0.00198555545044608,0.00178774723572939,0.00170125283482751,0.00150276059911546,0.0016575411816636,0.0015101906218757,0.00136535193523835,0.00139133419381603,0.00146949125561927,0.00147113960405567,0.00150398007949779
250,"FRA","France",0.00932076766333804,0.0081923261621652,0.00774872861593524,0.00708748287725305,0.00656482508425924,0.00606599935143953,0.00557935892037388,0.00500638220830301,0.00479156898440504,0.00435410880764267,0.00405629563100134,0.00391324688044799,0.00354979653541021,0.00332253133439641,0.00304085030775141,0.00276151947267388,0.0024250880922925,0.00210300850922808,0.0020852171196032,0.00217652783359223,0.00212700702744512,0.0020660494582697
258,"PYF","French Polynesia",0.000414538976709691,0.000385162680178328,0.000409449248803944,0.000387581295712705,0.000392571165424286,0.00038176121484653,0.000412619312017723,0.000391553996482218,0.000393341505570891,0.000420126255592855,0.000386297738971213,0.000409753135690151,0.000413796536470556,0.000420665036226082,0.000342307671710267,0.000380843735184913,0.000374656648508264,0.000382928981616066,0.000390713599124639,0.000377493704633272,0.000377649788780245,0.000380467540537519
266,"GAB","Gabon",0.00118705732131522,0.0012649651098009,0.00134272241227491,0.00133799927485556,0.00133246721358973,0.00134680202666221,0.0013648251699319,0.00139535176157072,0.00139928968143459,0.00141410757031884,0.00140111705886281,0.00136613586997817,0.00141204918765968,0.00143029570244248,0.00140052508111801,0.00139403736715611,0.00138386808203137,0.00137590201596926,0.00145938393214985,0.00145741946268306,0.00143940227739125,0.00146657222806096
270,"GMB","Gambia",0.0105635297648041,0.0114683006889914,0.0106795997818213,0.0104820277958563,0.0104392757357304,0.0108703139311026,0.0109257806394678,0.0121393785120326,0.0113039917663057,0.0101055766680221,0.0106491270307536,0.0110675122392764,0.010976648454034,0.0116201886833773,0.0118091088332048,0.0125802411235626,0.0132651306538511,0.0118276429135425,0.0130957644392664,0.0123065583949328,0.0120798894088528,0.0131615315755157
268,"GEO","Georgia",0.00475285724155578,0.00466172994178981,0.00468037429960387,0.00496801797473278,0.00520921406622831,0.00550327526105928,0.00552774404899665,0.00593216688254788,0.00568355602860348,0.0057220711650899,0.00561675479344026,0.00573223304806694,0.00560942059128637,0.00545131030055763,0.00553541704763746,0.00551022334321559,0.00567596822222236,0.00555152337838854,0.00551673520010307,0.00548521710239446,0.00550239101700507,0.00557252591456772
276,"DEU","Germany",0.00989454675476938,0.00866728576386523,0.00828760411297986,0.00742284122836235,0.00654057028340923,0.00608462413118758,0.00554025963043221,0.00494170283426738,0.00464034291159171,0.00423444701682753,0.0039169876059457,0.00387578191058215,0.00345107193749989,0.00319379285739464,0.00297283145307885,0.0029029068189015,0.00241949365375273,0.00213419569611397,0.00209068487337701,0.00215867465405824,0.00203388674245404,0.00210427932384804
288,"GHA","Ghana",0.00168617634252482,0.00174219547545348,0.00197362079628863,0.00172698851279828,0.00213311036850405,0.00227122643389071,0.00195645114306668,0.00192810267394821,0.00210670548300665,0.00198445222318298,0.00210879893450272,0.00196589736307818,0.00230622775328134,0.00245297138673873,0.00222217661203193,0.00223379396263358,0.00215820292794593,0.00239197064674646,0.00208548544640968,0.00242000447416201,0.00230966274761749,0.00232552009352975
300,"GRC","Greece",0.021119713826759,0.0206081532301235,0.0195113828895554,0.0186528199867541,0.0171505475312907,0.0151085618281967,0.0136706111937805,0.0120660021449695,0.0117030666518629,0.0115934116422674,0.010635780869995,0.0101877506095056,0.0100450889674147,0.00957504535048291,0.0094879929353203,0.00892860274449389,0.00819070330735871,0.00800977218348419,0.00773461076452142,0.00813660801704843,0.00810697315805796,0.00809888772365769
304,"GRL","Greenland",0.000331601042357771,0.000332665841936121,0.000341615074856319,0.00032507250022095,0.000333349082721966,0.000344132654005262,0.000322962410212735,0.000345933273121248,0.000306685984501689,0.000309287287936698,0.000274883954903041,0.000272116798686389,0.000262710076187166,0.000248864787019868,0.000254358771597115,0.000211378284089537,0.000240094287127912,0.000211237753384713,0.000200818243169362,0.000219270953652774,0.000198282348809146,0.000200566272852423
308,"GRD","Grenada",0.000703382835115849,0.000715800772340668,0.000831361912593994,0.000723934150356902,0.000699552331313043,0.000714349954819458,0.000655986315378642,0.000765517800419815,0.000723196023245836,0.000713530077942939,0.000667647321901291,0.000611862920400748,0.000622381574937423,0.00072591864532641,0.00052628020483166,0.000494775899128846,0.000573244145035683,0.000520059560889797,0.000508538513744621,0.0005295859106975,0.000545971463358024,0.000572274109136809
320,"GTM","Guatemala",0.0100997058363038,0.00938323908584763,0.00957524581706499,0.00879450330849565,0.00893811184468572,0.00849892235657513,0.00866223689173527,0.00811479142368832,0.00841850945124153,0.00826144153699333,0.0080441833691395,0.00774275256552017,0.00762268845921384,0.00779527901299901,0.0078866031500296,0.00768706192840726,0.00806917894491279,0.00776047738865788,0.00776851074346704,0.00793866818114184,0.00814014218454293,0.00808410537836715
831,"GGY","Guernsey",0.00943341588142895,0.00865452167505175,0.00906386149650095,0.00880633905869205,0.00821300213383364,0.00797067690315212,0.00792065141532358,0.00785243541239512,0.00779436226433132,0.00655690736578677,0.00617415622238213,0.00702138034738073,0.00597335691624856,0.00600570201751069,0.00450676212890668,0.00504805393113602,0.00423300910557239,0.00396215444081373,0.00385308539393449,0.00407975355367131,0.00380826402363646,0.00365512357517462
324,"GIN","Guinea",0.00179809903668048,0.00194300967528114,0.0017982304543624,0.00198184740671953,0.00228536270713136,0.00202164410420873,0.00240577184415962,0.00187966005641325,0.00208181472253553,0.00227891828304607,0.00214738240498973,0.00222315568275626,0.00231834475507203,0.00263703044978453,0.00215639368583878,0.00208092757640529,0.00222109503771961,0.00209121703197035,0.00209061029618676,0.00209625093280058,0.00211922505654034,0.00214212026594431
624,"GNB","Guinea-Bissau",0.00344536573126351,0.00390698094892921,0.00330358318796659,0.00326805160354517,0.00360075710107015,0.00351717346313973,0.00349650104729619,0.00381596537811444,0.00362356736043468,0.0031722363647839,0.00334740262863445,0.00349354470518801,0.0033951203263197,0.00367410149660162,0.00335056891366056,0.00400641816220176,0.00393915788095947,0.0036303103971954,0.00398348809863254,0.00380870696626793,0.00367707644367376,0.00391991260350493
328,"GUY","Guyana",0.000384651015600686,0.000339695206193629,0.000367083607551232,0.000341447054206977,0.000335154222642357,0.000332779152500827,0.000364173299197202,0.000363697102702794,0.000334161178053047,0.000350517254126881,0.000327457159355145,0.000337224173429204,0.00035959658894773,0.000384406391603654,0.000305220090576195,0.000313372978950804,0.00032666745308419,0.000314251343600284,0.000294433647549306,0.000291854611699931,0.00038129217466012,0.000420382226594937
332,"HTI","Haiti",0.00174104622675586,0.0015998497850015,0.00146232208385967,0.00149766410130848,0.00139951468745023,0.00134259340724891,0.00131170972710419,0.00114203623986463,0.00118036683364292,0.00117221783597227,0.00120168673799434,0.00119857976459774,0.0012164827055983,0.00110637336209019,0.00103208557609204,0.00106665336589575,0.00104860271757991,0.00102275069573765,0.00106019273189862,0.00103052121006378,0.00103354907290605,0.00100250987904005
336,"VAT","Holy See",0.0152187440544367,0.0134815294295549,0.012420310638845,0.0113870110362768,0.00985419750213623,0.00840656645596027,0.00732635660097003,0.00586062530055642,0.00608529755845666,0.00560901174321771,0.00503200246021152,0.00467098783701658,0.00434114970266819,0.00407197745516896,0.00362707022577524,0.00317410845309496,0.0027871704660356,0.00240321923047304,0.00238089123740792,0.00246684974990785,0.00242100190371275,0.00254789949394763
340,"HND","Honduras",0.00442170979804875,0.00390222726752879,0.00438594558261412,0.00389462029877773,0.00402182766730123,0.00390403972980084,0.00381634699665008,0.00374842304890112,0.00394073072900695,0.00351253509098266,0.00370914253820701,0.00345137580724665,0.0031649310180633,0.0036327293328243,0.00328898106142987,0.0031080457171173,0.00337798927745399,0.00357398131875712,0.00321680838811869,0.00325631182369463,0.00338091511755398,0.00356189944939164
344,"HKG","Hong Kong",0.109274987043009,0.129835231902823,0.130000537661479,0.1371992964099,0.134015293909996,0.130671296479927,0.129395820942291,0.11945698317739,0.119199406658089,0.117362274094023,0.120178979651366,0.126557400571903,0.129215840958465,0.126973149677969,0.10976840506155,0.115660731724563,0.118305139250964,0.110208007835605,0.110148854833481,0.110467475296132,0.111844873227633,0.108937331459351
348,"HUN","Hungary",0.0367783281126839,0.0333177983330861,0.0350622402704442,0.0324471520931519,0.0270457492904005,0.0252266292637547,0.0218472122842142,0.0190805881220299,0.0189119420136582,0.0173106615200626,0.0164249659525152,0.0163820397233554,0.0151751522156042,0.0143955720030149,0.0132375134616919,0.0132710154063701,0.0120645451028949,0.0109945712889828,0.0115199029539168,0.0110064574707297,0.010950652679685,0.0112165569170172
352,"ISL","Iceland",0.00252254422747967,0.00215605643151228,0.00205052286108195,0.00188597675483561,0.00172430068441349,0.00162020136537519,0.00157445159650855,0.0014143959923571,0.00126702527948331,0.00125804516833188,0.00110249433080222,0.00110539261064105,0.000920058917759604,0.000999809818495133,0.00077464995722715,0.000659684723531749,0.000646491043347777,0.000521466263640301,0.000538934272211627,0.000540753188647136,0.000550083619964119,0.00052899764146404
356,"IND","India",0.0255511617375004,0.026782949990673,0.0271820184657726,0.0286542287190611,0.0293592939061573,0.0311345599363892,0.0312197941029704,0.0320599744621064,0.0337198003010153,0.0333469638233358,0.0334957857420647,0.0346105554650539,0.0355358189855813,0.0363589844027288,0.0356997394040927,0.0368684386919245,0.0375066293840734,0.0391599375896877,0.0403991077091872,0.0397234030272298,0.0405919231419317,0.038985127446252
360,"IDN","Indonesia",0.0169196590007839,0.0175746182644644,0.0174782810529778,0.0183840018439677,0.0188977028952221,0.0199232011124343,0.021350155039374,0.0222919842785681,0.0218998265670159,0.0225589284672988,0.0229324383992464,0.0231875979331149,0.0235634130984018,0.0248942690806987,0.0215360296081732,0.0212516703904964,0.0213998649152527,0.0225997459981491,0.023070653976885,0.0236771538762086,0.0224966285670253,0.0228125444019061
364,"IRN","Iran",0.0292575035163163,0.0309180613864934,0.0311618720974568,0.0305053707443068,0.0306160708701833,0.0301635481479063,0.0294383566993721,0.0301701631642803,0.0303120902746162,0.0319119570628442,0.0324352007716744,0.0341121161478917,0.0352996891243742,0.0364268592229175,0.0385414247253445,0.0381020339281179,0.0410797098363292,0.0421364455467341,0.0429631173071467,0.0423853957961291,0.0422078606380286,0.0420949417573069
368,"IRQ","Iraq",0.0242032127223686,0.025175247653269,0.0258902303140998,0.0244644127363694,0.02462686269797,0.0246895386061151,0.0240292401245501,0.0249544605341794,0.0243674024246774,0.0265184707996331,0.0275065738665509,0.0283134891237797,0.029411650226255,0.0311402495280408,0.0319766259264192,0.0315829533718763,0.0325385354572357,0.035285009162914,0.0346192467228193,0.0342054333257392,0.0360468486368246,0.0342322501413484
372,"IRL","Ireland",0.00639103618674901,0.00552104856103581,0.00514100612392004,0.0050880840769742,0.00473700486739028,0.00424045643030653,0.003931478949236,0.00380867504975599,0.00344095379377126,0.00324091388551234,0.00314027887585277,0.00313500469667569,0.00279410617700819,0.00290937994460073,0.00262190532180593,0.00261980767899289,0.00245334864232671,0.00218613418463674,0.00228053660196876,0.00226178335175071,0.00225744990013535,0.00223142345159737
833,"IMN","Isle of Man",0.00376462569153208,0.00281148081826992,0.00276199731524403,0.00266925199537974,0.00246665470626465,0.00234192144804447,0.00212121267012188,0.00187968329211939,0.00188664973393632,0.00173723630615145,0.00169208313235958,0.00167306421368912,0.00145475212361847,0.0014816370019438,0.00126912380886587,0.00126063269095327,0.00122391652428016,0.00105480589499967,0.00102303696010423,0.00107875960949112,0.00109075894031302,0.0010373157318507
376,"ISR","Israel",0.107756409740282,0.107817888772067,0.109640298688851,0.10909129591876,0.110158942068216,0.110657930047617,0.111225640001055,0.115896453643842,0.102534672805682,0.108331073848306,0.107998325905867,0.11252373798369,0.110625995421214,0.111682621517304,0.0945795837881182,0.0949653764135652,0.0948683060781965,0.0948348917004156,0.0968172927572379,0.0914052083847568,0.0960687716810829,0.0945541281879923
380,"ITA","Italy",0.0158039090448282,0.0143618218942189,0.0131201469517478,0.0124916776560238,0.011217345937385,0.0099333881949178,0.00880902393623636,0.00757866390672344,0.00758715642517465,0.00717141304436687,0.00652940412074574,0.00614389196987205,0.00594252988764804,0.0054194465877718,0.00495063272707968,0.00445104147640973,0.00417599321105527,0.0038404760933406,0.00385289176434128,0.00395715429265681,0.00393421922892851,0.00403975333053596
388,"JAM","Jamaica",0.0121232199054927,0.0112867724243147,0.0114550609472114,0.0101883603308014,0.00995403243257751,0.00888019370766323,0.0084559615922694,0.00818574146929914,0.0080156361768124,0.0076792273913597,0.00784194811493323,0.00789120098385866,0.00761079343757164,0.00790493941082576,0.0066926384806274,0.00631541583921533,0.00654394843886505,0.00627805177597976,0.00637447895688283,0.00664888018716747,0.00640301925242748,0.00639354983876233
392,"JPN","Japan",0.0210088195450708,0.0197342985500366,0.0177820388068262,0.0174148324859246,0.0169485131082795,0.0160601813657136,0.0151679190577451,0.0141208708848578,0.0136430834275007,0.0129156186259245,0.0127014683949016,0.0124120978431138,0.0122106754684841,0.0118749744921411,0.0109868283345114,0.0104441508148025,0.0101992745231674,0.0097679621687698,0.00979917560578584,0.00986746563973727,0.0100582000611202,0.00958011263725808
832,"JEY","Jersey",0.0109363113091264,0.0101567784466901,0.0106202113076856,0.0102631955289839,0.00954440923905472,0.00921288572546252,0.0092955970148001,0.00911939016398565,0.0091225992973802,0.00767863291273401,0.00731559960683045,0.00825444218487351,0.00701555866904652,0.0070181042846538,0.00533359146403949,0.00593353852526288,0.00493206652032726,0.00456336770983747,0.00446519221948156,0.00472086764892378,0.00445598844010245,0.00429040093979428
400,"JOR","Jordan",0.0632237449235692,0.064416932950943,0.0647403113327877,0.065670063424257,0.0640157117638408,0.0637842482938054,0.0623699285297717,0.0624534495347214,0.0626489460283568,0.0633414731501168,0.0619076047181639,0.0648812099383554,0.0640594550362981,0.0640530756850667,0.0667698475523612,0.0649993862424377,0.0639362996718077,0.0672215332506697,0.067375203377544,0.0662712209025769,0.0668249203030262,0.0683844490997019
398,"KAZ","Kazakhstan",0.0126654034079963,0.0130164848299657,0.0132523823374733,0.0121780913921952,0.0120269254771892,0.0126742081537864,0.0114686671074092,0.0116905804053806,0.0117184860000104,0.0122495697958211,0.0106899343790603,0.0107843616459329,0.0106785563123985,0.0107559926939386,0.010526345583867,0.0105674432884746,0.0103537016191545,0.00994105385712795,0.0102509249372958,0.0103544190394994,0.0102209948706861,0.00999587482879748
404,"KEN","Kenya",0.00315977088480385,0.00346695529555019,0.00388595360354555,0.00376277400179368,0.00406404487080856,0.00408522826397222,0.00404648206089895,0.00417654680659353,0.00423031026127907,0.00439348903745781,0.00436910615340936,0.00443821676459541,0.00450556495395217,0.00454728849160359,0.00441186342747332,0.00450924185761657,0.00444359950689904,0.0046442493797888,0.0046419087121865,0.0046036491877602,0.00459338856604144,0.00475598287187837
296,"KIR","Kiribati",0.000139341954052286,0.00013724510337634,0.000144615235586129,0.000137978086861971,0.000148215524442049,0.000146666403726053,0.000142774219090715,0.000154173241603246,0.000152665886538101,0.000153076612591659,0.000166921354906383,0.000158623909081378,0.000130661519705226,0.00016852785828999,0.000163152588895659,0.000157270947027232,0.000123081074521683,0.000154341320019227,0.000166733189080064,0.000172962524720953,0.000136053748733907,0.000164537574135491
689,"XKX","Kosovo",0.0232336263299761,0.0225969599445765,0.0225727776587458,0.0204543025615222,0.0198178078517542,0.0177946827746623,0.0162578160497282,0.0145399764672496,0.0147563969376544,0.0141622774559645,0.0128671799030393,0.0116829864203313,0.0111395173498534,0.010225849744985,0.0100904064078156,0.00971409307983302,0.0089062480490166,0.00782731611673678,0.00821773281456684,0.00828493492247142,0.00774283454224159,0.00855483752518396
414,"KWT","Kuwait",0.144850938852422,0.155063796626328,0.153683781506564,0.151426138580611,0.148621862514881,0.145188267032969,0.147571117358783,0.159211366140667,0.138115966980131,0.145299146069339,0.139862805973056,0.140360948585534,0.138911020308494,0.13809289849749,0.143207588350412,0.132934627561203,0.135822543487719,0.132337499424314,0.134941066814194,0.137794449262241,0.142490767844738,0.128959478480059
417,"KGZ","Kyrgyzstan",0.00592027662064212,0.00597882311609612,0.00603228712410073,0.00641445239484738,0.00693251319835933,0.00743616135299644,0.00772809738470933,0.00822463551192952,0.00836589383605409,0.00844654517271582,0.00809340380324928,0.00818148220104817,0.00795712248189041,0.00787115083908091,0.00780930587619466,0.00767875349042871,0.00761180343170724,0.00766587003181395,0.00762543599216324,0.00758276993878879,0.00766042691397336,0.00753302735233899
418,"LAO","Laos",0.00364025471877889,0.00462911391701041,0.0044083354056405,0.00437266568144923,0.00516412798846568,0.00421685927983824,0.00469844883590953,0.00547849972013386,0.00424711259516248,0.00482387895762532,0.00480082052021001,0.00511097375046773,0.00486868978787582,0.00588609046935589,0.00436762277921148,0.0043174999265575,0.00520980074722049,0.00497182280741715,0.00487037380023118,0.00427910943232647,0.00534719058952669,0.00496579970879367
428,"LVA","Latvia",0.00235290926173719,0.00234675506626652,0.00247637717079222,0.00271969399128817,0.00272934122159182,0.00301760131735588,0.00310625532269954,0.00341170626118948,0.00327262395450833,0.0032696250727906,0.00343560783272672,0.0033680606783453,0.00319909814952811,0.00323237727477053,0.00287578021611639,0.00307435546701875,0.00293202917488115,0.00279672846329496,0.00284954496619653,0.00290643025223557,0.00300087874087941,0.0029899603047888
422,"LBN","Lebanon",0.0354041298466408,0.036126163490614,0.0355380880543907,0.0360622875326339,0.0356645614774222,0.0359498621138906,0.0352511474509671,0.0365510469091769,0.0344121905038572,0.0364328195108404,0.0355361412149224,0.0364636075299712,0.0371629233204645,0.0378466978009741,0.0359524446478948,0.0345584150238706,0.0353512666502585,0.0367511559683084,0.0359687423718439,0.0353089893048842,0.0361895401001917,0.0351614307280378
426,"LSO","Lesotho",0.0273109169939481,0.0269748038725045,0.0262292356483833,0.0261369190791632,0.0254956719356952,0.0252767169508502,0.0256361541682857,0.026416083150022,0.0264400599342702,0.0259026613072883,0.0249364560203366,0.0260162807349629,0.0250892797998229,0.0256624942060987,0.0250448623726718,0.0251548594291206,0.0261415375346236,0.0267110902764213,0.0253258487235405,0.0271595422102105,0.0250938998802518,0.0254097417766621
430,"LBR","Liberia",0.000828564040569423,0.000747856954100767,0.000694040975229555,0.000777042539757722,0.000982558806671095,0.000883840210628987,0.00168983183658367,0.000816165593621196,0.000828195103604599,0.00105541762253614,0.000863091185213268,0.000973632690968779,0.00127754433378351,0.00106138335912168,0.000852309751951102,0.00078422865288265,0.00100058626182518,0.000879928926427139,0.00071663301156406,0.000834257103740189,0.0010405530426925,0.00103876837643044
434,"LBY","Libya",0.00548556626703008,0.00570641388313583,0.00563857119100783,0.00596853387108319,0.00559477801641853,0.00549973020187806,0.00524102750998797,0.00525410426424906,0.00552667004778914,0.00583318117165799,0.00578051341141242,0.00639297613607452,0.00637707782406171,0.00685632007987916,0.0069850584564927,0.00724005431570464,0.00746418032841527,0.00791739812978927,0.00793540967194036,0.00835834400785441,0.00852214055142289,0.00802059968738997
438,"LIE","Liechtenstein",0.00337887524943941,0.00301124570499292,0.00282121280830447,0.0026996229224908,0.00245166627837541,0.00229366123936435,0.00208259646715101,0.00181589455629042,0.00184457067194824,0.00162178197749402,0.00158201460159284,0.00149594025071189,0.00153811600058846,0.00141131437616232,0.00135935798105728,0.00129380670990178,0.00116235568415764,0.00109283620534509,0.00107761459497371,0.00112623981723432,0.00110491877851341,0.00108232991270544
440,"LTU","Lithuania",0.0038727408905029,0.00390920347281417,0.00400281211065642,0.00419766838443779,0.00405958991307284,0.00414718990719004,0.00417060577111075,0.004417319480706,0.00422967188543486,0.00422531715445619,0.00435248052926875,0.00421447797568146,0.0041111934520634,0.00404015608473191,0.00386120979682288,0.00407399096511995,0.00385322912584399,0.00372737771324918,0.00383310087409015,0.00393797283328206,0.00392532415944345,0.00391463547400465
442,"LUX","Luxembourg",0.00594108966449025,0.00508387638049496,0.00483480255726348,0.00430085152684422,0.00404760976797207,0.00354273812265636,0.00334101695532173,0.00303261208502054,0.00282982322765523,0.00259069512541163,0.00248809857479411,0.00238586562074295,0.00218815243589962,0.00207962124128581,0.00203561939304039,0.00207644206316043,0.00172999875606819,0.00150840935316576,0.00146186208094433,0.00156009896825405,0.00141511506632613,0.0013989950525658
446,"MAC","Macao",0.0903112873784845,0.105390292647349,0.102708224584127,0.107578245333702,0.105872034888069,0.104185605702787,0.10253475486808,0.0954325413406021,0.096558625875542,0.0957151314083586,0.0969433180019936,0.100160629968498,0.100003775882718,0.099357490908987,0.0927513244735318,0.0951512867368955,0.0983777039369527,0.0906431093049505,0.0928425766116462,0.0936356769211785,0.0946256041275844,0.0907435102200937
450,"MDG","Madagascar",0.000563814591678524,0.000494151298468517,0.000616147140468148,0.000623782116946675,0.000614199274350082,0.00059972458539216,0.000665039604579093,0.000719771297061945,0.000744875887839635,0.000706928523681505,0.000736450093260922,0.000672690573370185,0.000682664464660913,0.000725905136579229,0.000592782632361883,0.000624578904780345,0.000605175287545826,0.000637995221357449,0.000614101956940838,0.00060919517213063,0.000679919834043908,0.000659334633520908
454,"MWI","Malawi",0.0014455906052228,0.00152545345120782,0.0016912839422459,0.00166713219924319,0.00185004230889898,0.00191977532668205,0.00181126254959565,0.00183910965522872,0.00198020026597013,0.00200347068705074,0.0019259493206854,0.00192663024854532,0.00195022096594841,0.00187169203384126,0.00177482568023285,0.00187388245347508,0.00184638341068049,0.00184545230007429,0.00193488456059174,0.00189398277590461,0.00207475457707647,0.00196494028120998
458,"MYS","Malaysia",0.00736283749228701,0.00747512529651725,0.00768733156025706,0.00761004463879666,0.00766245179741282,0.00781197033381143,0.00854463005989889,0.00858704950072965,0.00847920172904045,0.00904219973754413,0.00925540576363844,0.009174869273239,0.0094716221569171,0.00960552173965126,0.0078945922271405,0.0081471491410358,0.00830184085618472,0.00792631976478976,0.00799540694156584,0.00810234550214179,0.00773874215667949,0.0077657615555721
462,"MDV","Maldives",0.000404252904654005,0.000411372431269309,0.000372925579330736,0.000391687373439292,0.000422528005248622,0.00033803712457752,0.000375052339695795,0.000357517953325056,0.000389261546763554,0.000406507636518409,0.00038525365564606,0.000390008230883773,0.000349949965886577,0.000397987272973374,0.000337576587893073,0.000366567439622748,0.000347407042156495,0.000357311158588132,0.000364805739652581,0.000326715065375712,0.000360840237398049,0.000317504582370017
466,"MLI","Mali",0.000531048916016569,0.000594083283221992,0.000605568853775679,0.000580861151463053,0.000578984522281585,0.000590344729367187,0.0005847083481747,0.000637540026255137,0.000658216596814292,0.000598269974135359,0.000647204953608759,0.000647854371755828,0.000670861539100397,0.000713227339051733,0.000680162304521103,0.000666040627605048,0.000668895101596428,0.000706866465959284,0.000753270135854852,0.000719693603193846,0.000767271591079602,0.000751514260343057
470,"MLT","Malta",0.0195783333887826,0.0173923642396422,0.0152443122696043,0.0159797808685689,0.0150927962515423,0.0138094598878958,0.0116232239850419,0.00994734080619837,0.0105192525580167,0.00990366992648849,0.00867418388325298,0.00822976943107671,0.00819578858984427,0.00722311800199201,0.00571337068454288,0.00527249463361317,0.00459230352067652,0.00419079015753664,0.00429147012780839,0.00455192453253739,0.00477658449548069,0.00479445096027914
584,"MHL","Marshall Islands",0.000127850588168478,0.000136259377171215,0.000140302846285519,0.000137678046546679,0.000150661635574744,0.000147818263285168,0.000148953397627144,0.000156838979962835,0.000149099705051309,0.000163663842495265,0.000162988255573794,0.000151301538987676,0.000150865857896224,0.000155059869920632,0.000146759269022341,0.000128400050807317,0.000140691744383561,0.000142222545867574,0.000148164254929085,0.0001449327876145,0.000150080146594518,0.000145636640517571
478,"MRT","Mauritania",0.00118068411745035,0.00119568311170121,0.00126616090976629,0.00121962226384319,0.00113942178089008,0.00118527075636047,0.00115113285841938,0.00125663327906447,0.00120101293504159,0.00127630715621309,0.00134550254617043,0.00130348658952754,0.00134865337785027,0.0012565878993379,0.00137053578166829,0.00129799324553522,0.00138973078697564,0.00139617911042976,0.00145143109651455,0.00146096978301779,0.00145657546037939,0.00145089320469388
480,"MUS","Mauritius",0.00114348732543154,0.00113932355109398,0.00112434830403583,0.00112634226512546,0.00113333672504141,0.00121967991390391,0.00138577078077594,0.00131646377291489,0.00142465573082543,0.00123967145476744,0.00134418351055193,0.00133433270779435,0.00139558359918621,0.0013226703088082,0.000919025841151146,0.0009443129958714,0.000931527925442021,0.000833249880251877,0.000878201608097444,0.000833810473883546,0.000994659473739918,0.00082879319592311
484,"MEX","Mexico",0.294283259621262,0.290639726303056,0.291961825953213,0.296965965018968,0.291867325265729,0.278964276915532,0.272931498998341,0.26453005974519,0.269172369629842,0.272233445434447,0.256485967148444,0.262946761875212,0.261101380263168,0.254135966047291,0.259140359902489,0.255166514240562,0.260162176773112,0.240743785391207,0.249901659453353,0.256827240366644,0.251961713149099,0.243435161276022
583,"FSM","Micronesia",0.000166343699216028,0.00018015878611301,0.000172360236031083,0.000185395789185502,0.000173444350854646,0.000164752243114567,0.000187652581119454,0.000177953043348054,0.000170216112361011,0.000181315329110327,0.000188927987415471,0.000185817951911143,0.000227078145988075,0.000187542150341501,0.000152166814314215,0.000148864695858383,0.000157371281699014,0.000155379166182048,0.000154417100500648,0.000144218188911232,0.000154052402271146,0.000155189867040546
498,"MDA","Moldova",0.0160936116558286,0.0159790416262033,0.0166516656959291,0.0154492127811599,0.0147426979306595,0.0140076450584162,0.0137008350341051,0.0126427096536284,0.0131796333570788,0.0126259157647059,0.0115411853810839,0.0119660491490712,0.0121609594271775,0.0116384636713793,0.0114959453927949,0.011613141672333,0.0113652667189958,0.0111989143448035,0.0112201748294424,0.0108322719353383,0.0107851542776761,0.0112231340933315
492,"MCO","Monaco",0.0110744669477033,0.010382271103993,0.0103185967635019,0.00983656610505651,0.00909368989673058,0.00911275675237897,0.00876555567944033,0.00793269793886573,0.00793242177159032,0.00759172467314917,0.00702251046497088,0.00671024110775871,0.00643075971876626,0.00595948537864226,0.00553551240342616,0.00470833196834845,0.00459422277865088,0.00423939539460907,0.00418553679432713,0.00437678351642711,0.00434703107769422,0.00430908901489909
496,"MNG","Mongolia",0.0112670551939093,0.0110516189696244,0.0132789362417671,0.0129390425071158,0.0139963302480661,0.0126687343210814,0.0126107193419657,0.0118623315693307,0.0132694524087289,0.013309932348238,0.0136537566646656,0.0146161985621655,0.0141653962976989,0.0142517077177587,0.0148138240025236,0.0131651224115885,0.0166342592066991,0.0167476732540886,0.0155801809944948,0.0170899636602341,0.016116165430377,0.0166023327407625
499,"MNE","Montenegro",0.0163192192140177,0.0150729808981144,0.0154244961680561,0.0141318226422702,0.0129150375162852,0.0111421899650259,0.00987328404057027,0.00809758075733505,0.0090045721753678,0.0086096488160057,0.007526129453704,0.00679782849930784,0.00731892917998078,0.00637535587126957,0.00663510154218005,0.00647666345883479,0.0059976704065483,0.00555267199120071,0.00565596978040813,0.00585764550110912,0.00535763042606275,0.0060220801348184
504,"MAR","Morocco",0.0116369642032929,0.0124072642259957,0.0127576571329948,0.0122146851200137,0.0125268437005536,0.0122711278344477,0.0120657677225796,0.0115655451069,0.0132281273006579,0.0137101325487712,0.0137211758180198,0.0142751623155314,0.0158070175703057,0.0161119269128129,0.0167076377990778,0.0160832029262765,0.0175057900781548,0.0187312290057004,0.0185838302076298,0.0187573353861242,0.0188897816014773,0.0177473782777865
508,"MOZ","Mozambique",0.000727146652609277,0.000704247646811437,0.000765345817192015,0.000793580388493909,0.000881712475270622,0.000925701660809227,0.000784214753579002,0.000832250770876182,0.000879007609162325,0.000881207832305071,0.000868594840026402,0.000892445930471058,0.000869352143917219,0.000822691269826228,0.000748374899896528,0.000822494228180075,0.000777946171864013,0.000772157751496069,0.000801589476303124,0.000772711446531359,0.000835776408547957,0.000838970828362488
104,"MMR","Myanmar",0.00187307315571233,0.00236028975994287,0.00217884581308637,0.00230931216793186,0.00302889727033074,0.00286288951064645,0.00353752742233915,0.00372529367085241,0.00339713905225502,0.00372279312663394,0.00375957336565452,0.00389463086545541,0.00381557358617645,0.00410812090034436,0.00384871090829376,0.00397486584299868,0.00439893572048558,0.00465303466742279,0.00484080195301787,0.0045657716740632,0.00477330227261531,0.00459397305298632
516,"NAM","Namibia",0.00115573561023982,0.00117529376297777,0.00131514740531934,0.00134256469285755,0.00138533121499678,0.00137891110933259,0.00138399212069709,0.00145053468101184,0.00169932679398806,0.00174932024743578,0.00155810030670942,0.00149936404342396,0.00158663295218094,0.001519602012866,0.00151624163354068,0.00153185431688567,0.00160233683012899,0.00164856584784974,0.00168464918656941,0.00159118042867392,0.00174764051349852,0.00165321914689099
520,"NRU","Nauru",0.000107850864878856,9.86174782156013e-05,0.000104810780612752,0.000107417836261448,0.000116839320980944,0.000122820172691718,0.000113492940727156,0.000122297671623528,0.000125890597701073,0.00011576057295315,0.000138188246637583,0.000111271845526062,0.000108546679257415,0.000139768133522011,0.000124776110169478,0.000114402995677665,8.27873009257019e-05,0.000123502759379335,0.000139746625791304,0.000142573160701431,0.000117336043331306,0.000135171241709031
524,"NPL","Nepal",0.00904259282574762,0.00965937621903684,0.0101543791995222,0.0108816449514409,0.0113156365716567,0.012026374764723,0.0129030745101981,0.0129638702339336,0.013299208273556,0.0140645854525722,0.0140347522087566,0.0145500157500561,0.0146469617145825,0.0152293844250027,0.0146428415158235,0.0150204850533005,0.016100773434183,0.0168297849000253,0.0176795793670587,0.0169425008516654,0.017274432026149,0.0171074534008876
528,"NLD","Netherlands",0.00910481474553135,0.00803028092932543,0.00732917822400579,0.006762647083539,0.00605993190871667,0.00564823945772295,0.00513300991650851,0.00437970938598154,0.00434159276898287,0.00391833479911614,0.00356971655412404,0.00360051572825886,0.00325309466889987,0.00297518502359052,0.00273493484738132,0.00249556899797975,0.00218578446864142,0.0018835499407896,0.00185885122552844,0.00191598582778086,0.00185369021153497,0.00187692250722519
540,"NCL","New Caledonia",0.00183958676108509,0.00176840402648275,0.00183176874672353,0.00167733123530741,0.00174211417288059,0.00188437752827719,0.00189934771412655,0.00183723472396289,0.00200000376857673,0.00188200908290005,0.00190110396199613,0.00182006600076582,0.0017663232887596,0.00193404562741662,0.00181256984047732,0.00187159632603939,0.00155717264754644,0.0017142431077064,0.00193598610773652,0.00205708617568448,0.00177040059267634,0.00173687592674925
554,"NZL","New Zealand",0.0068953397171551,0.00643541014183388,0.0068227381434782,0.00632687910535531,0.00643152898317426,0.00633492525320651,0.00619341396021251,0.00614992950577372,0.00591737198327767,0.00593804135595947,0.00611110333626907,0.0057263603697547,0.00581358995615978,0.00556790961223236,0.00558777231856868,0.00545087015394013,0.00547425856814417,0.00541986997390803,0.00544080061656287,0.00538278991304602,0.00523297883340686,0.0054637858372673
558,"NIC","Nicaragua",0.0100142700801498,0.00879984352872987,0.0108163282641334,0.00927311224573661,0.00969924496715427,0.00913789108548024,0.00830294918479686,0.00948260813499833,0.00909997478805821,0.00810268490448862,0.00830776571309238,0.00755873035759745,0.00691244356515272,0.00808547350275894,0.00711350928733673,0.00605302006005681,0.00637924149663306,0.00686140836976482,0.00616065422647508,0.00671583693371813,0.00645346108227396,0.00748503780796338
562,"NER","Niger",0.000933377277214358,0.00105181773206331,0.00113062890059422,0.00111383870158886,0.00119917362530912,0.00116725413354104,0.00123612529203775,0.00129438109680597,0.00123996131263234,0.00134530285613468,0.0013847868781031,0.00135766104137371,0.00125898971758899,0.00142216654829474,0.00135906881842117,0.00146481605040746,0.00147461910894928,0.00144969875550729,0.00157222390711819,0.0014348574452423,0.00151575691457403,0.00144344052102638
566,"NGA","Nigeria",0.0020889780455571,0.00240200274583425,0.00258038005093737,0.00259562314563275,0.00284289364369552,0.00295706287919482,0.00279660491321592,0.00283009039075965,0.00297939249919575,0.00305680208954421,0.00310636743146465,0.00315279574438366,0.00321224133307212,0.00346174573025201,0.00338607751071951,0.00353940925405191,0.00373686377730247,0.00381109372069103,0.00388182907923322,0.0038871715610821,0.0039227933220965,0.00392707333451838
570,"NIU","Niue",0.000285030668227881,0.000287724590573326,0.000301279360854865,0.000270763431305843,0.000270874157222588,0.000288332435545202,0.000281107115808681,0.000297095123101995,0.00029837494344012,0.000293164247448605,0.000300812795987911,0.0002805179022829,0.000294763960302552,0.000314354559908667,0.000258419284096739,0.000265263372798161,0.000268322742011891,0.000261055126866171,0.000270726574366359,0.000265765302944752,0.000251130811803426,0.00025536040613463
408,"PRK","North Korea",0.0396658970927046,0.0400594130481149,0.0398064598213953,0.0429572579198636,0.0441036942042964,0.0416682622855876,0.0417304704637743,0.0400259744610935,0.0406594304319821,0.040452342840573,0.0411484724889291,0.0427834879400559,0.0434893714685065,0.0412896713125861,0.0409152720162938,0.0409772180487605,0.0433798431072472,0.042538905832549,0.0426309125790339,0.042111330039174,0.043801570754983,0.043333597734461
807,"MKD","North Macedonia",0.0536032178261429,0.053055727719373,0.0517340245931317,0.04812754301947,0.0435912248647261,0.0391573723749223,0.0345123696501574,0.0296705650461796,0.0299686949333161,0.0291015824274982,0.0270375463743551,0.0257967343275185,0.0243028659893477,0.0232206710888875,0.0227962078110248,0.0221514474707779,0.0202716589031191,0.0192287090334303,0.0193165760258344,0.0196328132281257,0.0193096103861782,0.0200809373960337
578,"NOR","Norway",0.0171591853612514,0.015784497016541,0.0140554796330881,0.0134777711256591,0.0117696192259533,0.0104734152891752,0.0091824446435025,0.00787607310807319,0.00733194327412843,0.0066599495379914,0.00643439215596515,0.00565848248209629,0.00527255515614893,0.00513303975572011,0.00449022912682818,0.00423586216759892,0.00375861757407645,0.00304265294097141,0.0032896541114976,0.00324845908639818,0.00331038698157351,0.00326210083972985
512,"OMN","Oman",0.0104483438002377,0.0111332952785358,0.011421570860064,0.0115895074012856,0.0114933665559935,0.0117935699216375,0.0114392328412304,0.0117446313653658,0.0117208862756238,0.0125556310957264,0.0123931282336073,0.0127576930841596,0.0134400833915179,0.0141591011629397,0.0145680950436539,0.0153707581132763,0.0145781934276447,0.0151071250808323,0.0163788008176354,0.0161777280392034,0.0155755404955887,0.0152662069497159
586,"PAK","Pakistan",0.0245102736417795,0.025955595931033,0.0258823808761023,0.0264885706146057,0.0286530548705147,0.0288586057477184,0.0302207599568873,0.0319650334389826,0.0314901659631124,0.0323506553079581,0.0323816831624417,0.0329139958884217,0.0338668388049968,0.0359413136225511,0.0348104042785529,0.0352600795570441,0.0352656629536546,0.0373834166953878,0.0382158009508706,0.0381486750163272,0.0374480301312599,0.0374357159232317
585,"PLW","Palau",0.000239134166563812,0.000254888578942089,0.000234586917063242,0.000246190567567789,0.000255387665009821,0.000241075295946087,0.000274290634216387,0.000249012857724211,0.000229684236327146,0.000247059182103725,0.000257460909414585,0.000251048233729969,0.00026674461095257,0.000259850070426163,0.000188010052477339,0.000206962426868501,0.000214293652074971,0.000191090323873211,0.000190250351120451,0.000170676538053911,0.00018513620391563,0.000180842486005283
591,"PAN","Panama",0.00330454100588085,0.00310514637107334,0.00292935856034146,0.00282208625588128,0.00263570960027891,0.00243533427559406,0.00241408630850797,0.0021165339598274,0.00216913827842317,0.0022704185948809,0.00222545167552068,0.0022140280914344,0.00222243510282387,0.0020859430548256,0.00202768116749043,0.00202243215701854,0.00198639055349819,0.00182434337034215,0.00188567232788526,0.0017983966264827,0.00196189445731685,0.00185206498166371
598,"PNG","Papua New Guinea",0.00531388498363995,0.0053996562916643,0.00534768413179861,0.00543919181875563,0.00550524238876227,0.00550002365289215,0.00548138614495533,0.00559441618846686,0.0054935049468276,0.00531502121851844,0.00527916774270003,0.00517827565783079,0.00496122123738914,0.00528675788082069,0.00520679569340392,0.00515694562555987,0.0050860617039937,0.00531808809659766,0.0052038769542648,0.00549455700871877,0.00520757217969878,0.00532740484856239
600,"PRY","Paraguay",0.00116370399696061,0.000974441846797348,0.000865238362293117,0.000822600072926984,0.00100251199131305,0.000717794430191324,0.000638779580273962,0.000674334884055278,0.000637660199725444,0.000687573502703104,0.000677337168674683,0.000592459013816027,0.000546685796618382,0.000630774630791591,0.000645369579754977,0.000562381292867322,0.000669824173433198,0.00087330563165607,0.000775079437187691,0.000672315260697466,0.000608583577746258,0.000678340531480057
604,"PER","Peru",0.00278979560237794,0.00268968388835333,0.00261695435726904,0.00261141731583856,0.0023948303864187,0.0024317387563194,0.00243507591038817,0.00223869641821748,0.00224549278904882,0.00239876184613231,0.0022437379054924,0.00226823192004525,0.00236881777815601,0.00234927110779587,0.00261469236062942,0.00291540271687776,0.00288740295795181,0.00282959638102955,0.00280183972847078,0.0029397677546754,0.00274295568876962,0.00287567671726975
608,"PHL","Philippines",0.0289003078436943,0.0307588294204557,0.0310724830185487,0.0312443110658426,0.0301295186866039,0.0308549564211651,0.0323424718443625,0.0324985950404487,0.0307481642769671,0.0326096754375753,0.0324953301362111,0.0320717939124466,0.0324436479988038,0.0330908865019753,0.0320937896507483,0.0312743049364494,0.033063034418271,0.0334994216935778,0.0326251382049553,0.0331120720878166,0.0316492813821422,0.0317704306788821
616,"POL","Poland",0.0304980178332733,0.0285181165412765,0.0293159612944675,0.0273800473375249,0.0226537305230007,0.0215895508200607,0.0202027781580935,0.018100479383286,0.0170459475185821,0.0159893415830874,0.0152065258068936,0.0147087058220233,0.0130749751949391,0.0126699225452903,0.0114715466507974,0.011306258784113,0.00990192680962169,0.00922716157304497,0.00939518931590023,0.00932555829196571,0.00930948569513514,0.00932215199411331
620,"PRT","Portugal",0.0161513069650792,0.0157656394364655,0.0151444620251584,0.0142942058600179,0.0135014515541932,0.0116948492043087,0.0110460030721016,0.00989861124635569,0.010182584630062,0.00920227939008154,0.00826879290093895,0.00767183733083895,0.0078337708853411,0.00740230919100492,0.00751144103198697,0.00624918289486205,0.00575587182742584,0.00559295100151072,0.00534908900388253,0.00564789925264106,0.00549327057683242,0.00561804351625734
634,"QAT","Qatar",0.0188984018205312,0.0194655565962939,0.0195791575061353,0.019331905469532,0.0191821479307223,0.0191388165895764,0.0183749429069435,0.019495129508513,0.0187819684808996,0.0186567781238632,0.0189377547879061,0.019355018843687,0.018958417006651,0.0215315022573498,0.0210204407645826,0.0210604219335018,0.0206429840111931,0.0200886026713933,0.0217942923375225,0.0211685026172701,0.0220173762088654,0.0217966218704572
178,"COG","Republic of Congo",0.00389674211606894,0.00408659429786057,0.00405161112569099,0.004258203870197,0.00424436915517407,0.00438744652681362,0.00440185597395614,0.00440615405751789,0.00431714369119741,0.00416623069808755,0.00417187998498617,0.00409630408522282,0.0038906452346752,0.00413626840495746,0.0039621392474876,0.00405125609413141,0.00403310833794141,0.00396181133216556,0.00414692171675693,0.00403276710985238,0.00406799467052988,0.00402448286698292
642,"ROU","Romania",0.0211647964964444,0.0209159871533637,0.0206328425939267,0.0191784365296301,0.0168823187377963,0.0154096122641941,0.013528276109334,0.0115247183585109,0.011584859699456,0.0113117125559076,0.0103109686801042,0.00955947282176281,0.00957473514867345,0.0090712883445451,0.00896106242789351,0.00816856676110582,0.00812570969363355,0.00766903902327613,0.00745339976025569,0.00769418536717551,0.00768064642471529,0.00787287343932086
643,"RUS","Russia",0.0129594937528021,0.0127264851425156,0.0126173636907246,0.0126443420536957,0.0122917589956261,0.0121884085991747,0.0130798643830232,0.0135910203912487,0.0126483060976192,0.0128044628515414,0.0124827624439416,0.0121648125470213,0.0116205140854005,0.0118797258485082,0.0110768579263588,0.0114263868419549,0.011155291906408,0.0103843571582561,0.010986619873828,0.01121333413212,0.0112654525886007,0.0112865660401437
646,"RWA","Rwanda",0.135619369491123,0.131608870295098,0.135752935450915,0.133461484675606,0.135496548708283,0.135398955993509,0.132323848359511,0.132906212419338,0.136229919698178,0.136859600709162,0.132369756773299,0.129393965911405,0.126818827595434,0.12955148355842,0.129789466483528,0.126837809107005,0.133601381118639,0.127482321277362,0.121852319496036,0.123297581091488,0.124683759435101,0.125348856847704
652,"BLM","Saint Barthelemy",0.00108398098604267,0.000859699304676046,0.00107648782272639,0.00104008334786774,0.00103047484962054,0.000801115693817881,0.000889390993634954,0.00118750103062558,0.000907875348582314,0.000970538343100982,0.000835812805891074,0.000872201125815849,0.000973679400383748,0.00106022540174283,0.000811271471236086,0.000686115733057085,0.000794233773166565,0.000786215883880594,0.000727857922589125,0.000688288521980152,0.000863934362074976,0.000911628434983735
659,"KNA","Saint Kitts and Nevis",0.00287551981345177,0.00235395273333427,0.00298482066490125,0.00286743754716867,0.00277618597797933,0.00218412432295365,0.0024013495429086,0.00318520680667944,0.00256806668424482,0.00257858185971752,0.00236418692877777,0.00244016431362136,0.00272428175648391,0.00307039744107639,0.00207120172113527,0.00190802387509061,0.00213224134637303,0.00205812240763782,0.00193263755224911,0.00184021159303293,0.00213657465509531,0.00228148776888207
662,"LCA","Saint Lucia",0.00155639131015635,0.00145628926171096,0.00178579796568128,0.00152009355967893,0.00145932670376571,0.00136202432255409,0.00130183200914178,0.00166186901214643,0.00146066335418397,0.00135664915356757,0.0013176836708726,0.00122378350806042,0.00129568992860881,0.00159970385681635,0.00102123759599151,0.000948132717379099,0.00105655034751532,0.000987979685918538,0.000937077754610157,0.000952892877875997,0.00105147613308857,0.00104712300245017
882,"WSM","Samoa",0.00039505243045324,0.000417636445538879,0.000414221530782941,0.00038540172044278,0.000392047477639493,0.000364319816851922,0.000400100722873054,0.000419561669085508,0.000391842028421305,0.000411188847080523,0.000422354845314106,0.000432921812924202,0.000414860407044285,0.00047247967253089,0.0002803930453039,0.000298424749070404,0.000315684810666331,0.000325119297622101,0.000338131964657846,0.000329736082089077,0.000310597907551176,0.000296868094239951
674,"SMR","San Marino",0.00920406844991178,0.00834576037543844,0.00786167724144102,0.00713701466832468,0.0061633389442608,0.00551215898269748,0.00490713640284517,0.00402970713340526,0.00408382559702235,0.00379044667648274,0.00337616398661084,0.00314262311454266,0.0031755445480879,0.00282550106030492,0.00268521755894479,0.00237991752210052,0.00225579648529934,0.00197193380122125,0.0019205744629093,0.00198615120279386,0.00199427457768366,0.00197115338828358
678,"STP","Sao Tome and Principe",0.000225471536686399,0.000200690084265318,0.000213133087465579,0.000208035025410646,0.000208825975802193,0.000202894179333377,0.000209523040815539,0.000228819924063358,0.000206039763760881,0.00021084911175346,0.0002147150459243,0.000203766634608062,0.000202527194518153,0.000238889546860851,0.00015865460900227,0.000145309872899317,0.000151960699882587,0.000149408324212268,0.000147523945614351,0.000145611034202576,0.000136308965092491,0.000150934530276266
682,"SAU","Saudi Arabia",0.0460258334213682,0.0462877754769471,0.046477078126605,0.0449217978750629,0.0452308588446675,0.0457670383420245,0.0456903992687725,0.0469915854125618,0.0451767561037945,0.0456490496133285,0.0458946187859556,0.0452788446723566,0.045698307510105,0.0471231099219494,0.0466019078392414,0.0461657175188805,0.0453022411653117,0.0458538101590622,0.047906598222615,0.0476868771671306,0.0469474489950169,0.0451719794004921
686,"SEN","Senegal",0.0246835854668202,0.0256866162468885,0.026741093392714,0.0255176406027936,0.0254852573134353,0.0263411901070118,0.0250244031858162,0.0274415169136167,0.0254646225199535,0.0254582559223982,0.0269985690747129,0.0259028952787278,0.0270999183356562,0.0265806457693569,0.0281692588129992,0.0271899996053295,0.0279480163982343,0.0285089659992861,0.0287111872635929,0.0279397379825756,0.0283778925423999,0.0290813100634989
688,"SRB","Serbia",0.0690520875731833,0.0657540603556688,0.0681084603000025,0.0619811039015826,0.0536419437469011,0.0475972127623347,0.0403086592976005,0.0329300192725408,0.0327777361217122,0.0299359792203945,0.0279173599430812,0.0263014179879949,0.0246810258034109,0.0231007534106841,0.0212479715740467,0.0192439400804234,0.0183556126352645,0.0162703176207636,0.0159721879696445,0.016498418730176,0.0160560616426653,0.0164166750162959
690,"SYC","Seychelles",0.000386087959925825,0.000374486687116967,0.000382567138035044,0.000386691820305341,0.0003987452259463,0.000376230497010206,0.000399208423175506,0.000411256395406997,0.000357457922983278,0.000401370704413295,0.000390821861639693,0.000413679751224365,0.000419374610131659,0.000428455243769513,0.000334596752968743,0.000343056962993251,0.000319375544922681,0.000331837494221693,0.000340407969939217,0.000325217844921096,0.000320001887822602,0.000333882529635675
694,"SLE","Sierra Leone",0.00189646134050235,0.00169908301193384,0.00115931692031157,0.00163572558705691,0.00244975536536154,0.00160580537749452,0.00311110749527657,0.00131387769319664,0.00162926275969844,0.00252140362348128,0.00199087686829823,0.00267607574790911,0.00283498147114248,0.00261154453399181,0.00192026921933713,0.00161401208860889,0.00185466950690736,0.00176072596450343,0.00145203301706146,0.00159368254231481,0.0019657947061447,0.00184226611233068
702,"SGP","Singapore",0.0567096040843772,0.0571308346878637,0.0594716307248949,0.0598897301376063,0.0593888654971213,0.0579886411251595,0.0629397984384305,0.0625508960579635,0.0578446787563188,0.0646568434313877,0.0644219991117866,0.0607132442677781,0.0597928686712485,0.0633119777069651,0.0445410811299122,0.0436576043131299,0.0405834395597557,0.0395980791934746,0.0403282906111567,0.0429343026266643,0.0409820053593275,0.0417697208413184
534,"SXM","Sint Maarten",0.000886642152517367,0.000705003575828077,0.000867534527631438,0.000832882700959191,0.000836698387514609,0.000655351324232105,0.000722997692336593,0.000955102623428015,0.000724685598441928,0.000783067788855007,0.000666988823702284,0.000695955367614398,0.00077355849299846,0.000836214234446128,0.000675856826943136,0.000550767118224385,0.000644505158577956,0.000642795162372659,0.000594633373384872,0.000562364898966155,0.000726375331157997,0.000756476678721482
703,"SVK","Slovakia",0.0237965561965244,0.0220046593728969,0.0226075396717145,0.0213242406808804,0.0182740258575538,0.0174426934546786,0.0158599798681424,0.0143084461538086,0.0141903181223133,0.0130015637114016,0.0125035217628576,0.0120726820023886,0.0114104151426071,0.0108701659839879,0.0100706669786441,0.0101064514952726,0.00910146133902963,0.00834033233808164,0.00875563849594997,0.00844683232843678,0.00847206530228557,0.00869989552865982
705,"SVN","Slovenia",0.019403107109448,0.0184190898485566,0.0183737405114451,0.0169870836979028,0.0149392615512164,0.0132984685063228,0.0115080691143921,0.00976467330240564,0.00972980460158665,0.00883739614566757,0.0082954551255805,0.00774975996608464,0.00761051704824328,0.00703972251043388,0.00659551048039756,0.00619992957111215,0.00563031871648068,0.00515008386813444,0.00525417331522638,0.00522362082399007,0.00516438138084209,0.00527371861613004
90,"SLB","Solomon Islands",0.000329247854423037,0.000339262426414556,0.000334741134650739,0.000314704518030246,0.000338355555066668,0.000294277694861749,0.000375289098922338,0.000374426864656473,0.000302420733394591,0.000319724969425241,0.000379517778020426,0.00039849341373531,0.000425867142211104,0.000413395304304526,0.000308230185338467,0.000320974646715656,0.000328870477871647,0.000333841806711916,0.000347274182399147,0.000338793551861596,0.000315150414958592,0.000326939835981983
706,"SOM","Somalia",0.00028908649992912,0.000309958829487029,0.000306114290446904,0.000308176954962666,0.000310367264879954,0.000336212422101814,0.000326726444587735,0.000331190224656819,0.00034386401872241,0.000344418944929567,0.000338264606611029,0.000329918476419152,0.000342985848142681,0.000321833115735949,0.000325170745174422,0.000329386785047657,0.000307269791810186,0.000326694462876776,0.000322396828686783,0.000318706492596613,0.000336019589167744,0.000330273651597208
710,"ZAF","South Africa",0.0403287545144605,0.0423221127577839,0.04299735401694,0.0438446243390749,0.0434955612108744,0.0455693794370556,0.0453596389385413,0.0454709898021537,0.0463845807560881,0.0457753829073426,0.0470604447180206,0.0475684300373846,0.0490162694864806,0.0491791098473419,0.048028099365174,0.0484886565025934,0.0539827611758096,0.0520862222349623,0.0499268444320767,0.0523245289456479,0.050363171274488,0.0511700837078631
410,"KOR","South Korea",0.0872562861196062,0.0828556288604391,0.0760789754310267,0.0831571583501726,0.084300333403782,0.0817406748976649,0.0810974867923746,0.0788252111908688,0.0783948127550072,0.0746998373784738,0.077610933134234,0.0816166140831395,0.0805125161950912,0.0778053784705418,0.0740613014941799,0.0743295134194276,0.0813721030323172,0.0748261317639368,0.075629659684522,0.0743160094848394,0.0788978680381401,0.0749064094112514
728,"SSD","South Sudan",0.00120904015271856,0.00112359971973797,0.00130031820929635,0.0010283074311078,0.00129300925392641,0.00126223082329619,0.00131494728242379,0.00101669282305236,0.00120342435305801,0.00119162692691112,0.00115980198214047,0.00113739562373344,0.00132796868159562,0.00132978945624853,0.00111687971966628,0.00117184297460403,0.000768057229369398,0.00102835813500923,0.00116644541755361,0.00086253287507955,0.00106706752397922,0.00109326287486594
724,"ESP","Spain",0.0208411973097799,0.0197549040637504,0.0181030051657134,0.016990284470465,0.0154189445307234,0.0138336303587715,0.0124311623278326,0.0107144844340219,0.0106943577858753,0.0100174812150693,0.00887778270857271,0.00857491894812521,0.00837474357016854,0.0076195419845646,0.00692493421786361,0.0061152874170381,0.00569655849810829,0.00516607640905335,0.00504919593965204,0.00531119374661062,0.00526211441420223,0.00516779410168394
144,"LKA","Sri Lanka",0.0161264976981491,0.0160533145174227,0.0169404427570971,0.0173656228336771,0.0178245480873863,0.0182144745665584,0.0185810518748098,0.0181804353054339,0.0183360598693531,0.0192548216948023,0.0185848712575164,0.0192595764666917,0.0204519793734582,0.0202427659981488,0.0191257916294108,0.0199798074511089,0.0200227405812299,0.0199439151486972,0.019851258187893,0.0198884523696224,0.020212342485568,0.0205077482054216
670,"VCT","St. Vincent and the Grenadines",0.0015924253836639,0.00153379196646466,0.00184859902191541,0.00160415122708085,0.00155149243938377,0.00148245045336174,0.00142499566913973,0.00175218666890882,0.00157960721223205,0.00150374467752293,0.00145686620800198,0.00135465542495471,0.00141726114885964,0.00173408777030944,0.00115424531992238,0.00109340103110206,0.00121552867833901,0.00112618536091987,0.00108802924823922,0.00110594725775933,0.0011790593626036,0.00118585428522819
275,"PSE","State of Palestine",0.109753937740813,0.111241123283441,0.112931098182271,0.112541809442924,0.112651740410889,0.112918166162814,0.112888840892599,0.116047590195089,0.105629544954836,0.111179939374362,0.109634157956673,0.115201737571725,0.112864755178904,0.113443140093995,0.102429885846551,0.101652090354603,0.101417606359265,0.102244123294704,0.103970449567402,0.0990640320385967,0.103476351025776,0.102325296843889
729,"SDN","Sudan",0.00104071531027247,0.00114746608904985,0.00115147693278076,0.00110575195761763,0.00114092652746349,0.00119156339956599,0.00107098809110251,0.00114476893747291,0.0011875079260931,0.00126617026001924,0.00142346636489647,0.00147079201809284,0.00167630731729219,0.0017558305542059,0.00178105010886152,0.00178684979589067,0.00173872085207127,0.00206530377381098,0.002149611127166,0.0020519383565651,0.00208721820768577,0.00203053669608352
740,"SUR","Suriname",0.000642899891380002,0.000640215690905843,0.000666967871616647,0.000646219527747555,0.000638240445578839,0.000661864210379556,0.000581917639298405,0.000632814645098876,0.00060958489296432,0.000614547203386399,0.000610168909836186,0.000576341708636272,0.000589925562562371,0.00062754922874624,0.000629649484473712,0.00061574539864448,0.000599434286522232,0.000656552693714642,0.000677877402473895,0.00069813348103668,0.000666130742097791,0.000680522453981234
752,"SWE","Sweden",0.00256545020728954,0.00241915505454708,0.00250172836710675,0.00236656606854577,0.00209506498858478,0.0020273470300893,0.0018728493737179,0.00172868235581274,0.00171337209856739,0.00159803580567189,0.00150270140077237,0.0014602942253505,0.00138488966061889,0.00130395601999901,0.00114039000933129,0.00116972722326149,0.00105875354992964,0.000971718786863405,0.000974966181907291,0.000990515217545945,0.00099519361631891,0.000980944052020463
756,"CHE","Switzerland",0.00507230948179939,0.00451748911715462,0.00425087350486724,0.00399273045419333,0.00356000413434031,0.00331695238275677,0.00299667357130734,0.0026128096756785,0.00258985603679149,0.00230655438226365,0.00216349364324436,0.00213090514326183,0.0020012512583404,0.00184019896532485,0.00170537289316298,0.00159248677567458,0.00142088416379686,0.00128767769494279,0.00126626627969184,0.00131422534029432,0.00126762139703734,0.00126933498987
760,"SYR","Syria",0.0253498862283942,0.0258051602272515,0.0253759083778783,0.0253700727524578,0.0250518973097637,0.0246926782708605,0.0241630263636601,0.0240669008459859,0.0241851903768739,0.0247211095622764,0.0241632261203306,0.0248774411834823,0.0255472649763369,0.0259089351272858,0.026527008776109,0.0259445133622076,0.0265654683258747,0.0276195889107648,0.0274367751227587,0.0273053935279839,0.0275797913900878,0.0270307407611174
158,"TWN","Taiwan",0.0321766057975942,0.0317396360519352,0.0322122247321037,0.0326106830914616,0.0330226422891342,0.0343309957489476,0.0342420033930138,0.0358121768525013,0.0343472070339778,0.0344997016513612,0.0349310280557437,0.036275752234244,0.0353666933002474,0.0365293136298776,0.0356811238078943,0.0359802616376248,0.0345937426036516,0.0360694402741251,0.0359480409421995,0.0348981161162294,0.0363248954100164,0.0365569601129597
762,"TJK","Tajikistan",0.00720827619249557,0.00728546563112281,0.00741184406321542,0.00805703462302681,0.00871663415342718,0.00924778572030199,0.00942536642985997,0.0101964927939822,0.0101359686225607,0.0100997344959875,0.00979518374716576,0.00993357037458352,0.00945458963536886,0.0095735760270459,0.00980553719407504,0.00957874465383391,0.00938432779938388,0.00948113142121294,0.00959363569475235,0.00961706869302303,0.00964217698988199,0.00942249104051607
834,"TZA","Tanzania",0.00140444585185625,0.001329260279964,0.00142125059712898,0.00134134034169548,0.00146736235967462,0.00142280505328409,0.00139997770673214,0.00141158243586613,0.00145135517765092,0.00154437180232522,0.0014315938853842,0.00140548147243648,0.0014291447953861,0.00140691173568754,0.00135705500923508,0.00137457168570113,0.00146483756680073,0.0013994509423283,0.00131604958210729,0.00129342527295603,0.00131001605400726,0.00136696148314044
764,"THA","Thailand",0.01779721740347,0.0185867048684798,0.0177132607093323,0.0187734239645387,0.0190526702052461,0.0192365048154618,0.0209124690881618,0.0202885144145412,0.0206239223534794,0.022281649611678,0.0223347170555541,0.022131018487908,0.0226724631637426,0.0224558251780005,0.0226755092955499,0.0238791431537932,0.0245406346420873,0.0241062913285559,0.0241689592784151,0.0254957091384111,0.0240624886126557,0.0245390130947156
626,"TLS","Timor-Leste",0.000697362255809073,0.000752627942085616,0.000734303275190282,0.000772973357711013,0.000694437672309606,0.000707084729684403,0.000739860579635709,0.000631111775952272,0.000647566591792533,0.000713113972765261,0.000592950164373055,0.00064669216206988,0.000607930901693416,0.000551175987431347,0.000514363513146532,0.000529046680799072,0.000550458695729379,0.000449233175543614,0.000465265312924179,0.000465516029296797,0.000475444455875166,0.000423691649581079
768,"TGO","Togo",0.00160096267054625,0.00180749866849246,0.00208674411569277,0.0019369485032135,0.00223452392914332,0.00238109918207747,0.0021660464442634,0.00209072922516185,0.00224250391322947,0.00214388017567135,0.00223601388546473,0.00219768609610457,0.00248550503019301,0.00247150707604259,0.00236608103477599,0.00239271470704173,0.00233937741786139,0.00253063040822251,0.00233585199668975,0.00254198092609565,0.00243121831371066,0.00249423325540369
776,"TON","Tonga",0.0002835271810768,0.000294861600796494,0.000307117567623545,0.00029346216932501,0.000277719177112999,0.00029542117616991,0.000286323530641368,0.000299683734815095,0.000294144991287595,0.000292767737127144,0.000310385990038627,0.000289482993187995,0.000288543296326802,0.000310385875366242,0.000261766295226905,0.000263710204678343,0.000262925906086769,0.00025758407634023,0.00026405166267465,0.000260727146446518,0.000247782135661779,0.000250723331886863
780,"TTO","Trinidad and Tobago",0.00146286426711028,0.00139079880912992,0.00152365651341746,0.00131851586241939,0.00122890256679104,0.00118452181099621,0.00110855759664096,0.00125058136437649,0.00114757741380089,0.00110927732787931,0.00107747795956001,0.000965497191867768,0.000967749033000394,0.00115334333155266,0.000773905038773659,0.00073607576004786,0.000805691575648364,0.000717294526805665,0.000699384325921149,0.000722955218739055,0.000761582350834676,0.000757917903921679
788,"TUN","Tunisia",0.016598962595082,0.0166705319550539,0.0167434180172769,0.0176581732878289,0.0167279796230768,0.0176296679506836,0.0169645854812393,0.0160577686056333,0.0170583006227491,0.018064958567342,0.0169765338644669,0.0184635799864353,0.0191811916815873,0.0198870100017286,0.0191781662095576,0.0197798541519759,0.0189619778380015,0.0207123917870913,0.0209187286788125,0.0217239553622411,0.0210892124503211,0.0206855599638599
792,"TUR","Turkiye",0.0189487638064739,0.0187693352730155,0.0175329893946138,0.0166066278658965,0.0157319386980507,0.0145426733517647,0.0132828081434237,0.0120921360747878,0.0112127987897715,0.01104793595204,0.0105986764097885,0.0103143872798442,0.00963980358462768,0.00916025152948812,0.00903089593824396,0.00838055435100959,0.00810262508895031,0.00766853583583535,0.00752828092733996,0.0075841617543519,0.00766248691352376,0.00740307960342601
795,"TKM","Turkmenistan",0.00246608686026107,0.00256721010503621,0.00258560802433274,0.00265542031212306,0.00274435474018506,0.00302515094769664,0.00291091996466128,0.00333298883084173,0.00299481178614644,0.00321614768707297,0.00284988860162398,0.00308934511594263,0.00286584522952139,0.00297100658112193,0.002866581870169,0.00294412441992607,0.00294530425978315,0.00292170464663054,0.00311916126414295,0.00294832934380207,0.00307225428549615,0.00295386086924903
796,"TCA","Turks and Caicos Islands",0.00085293236647577,0.00080306704235982,0.000826994580288214,0.000847085093715014,0.000846154315837175,0.00079436166325807,0.000788765396793218,0.000799602295600871,0.000768935138555761,0.0007672465666259,0.000714985805414397,0.000784085160438777,0.000787046568140631,0.000729178400201016,0.00059712320395343,0.000579887351472915,0.000585041766382455,0.000540692977093596,0.000543406792401771,0.000548394005520006,0.000561253572032275,0.000533089712850295
798,"TUV","Tuvalu",0.000128027124488841,0.00013312888789379,0.000147551694311437,0.000137001515085873,0.000138556389804889,0.000149268214418209,0.000153338215144568,0.000158009921130164,0.000167362142323499,0.000149229562033912,0.000147324183832778,0.000155554883326222,0.00014812411557558,0.00015620516442257,0.000138377687907428,0.00014017567011065,0.000122026986818007,0.000134366502197299,0.000152181161024875,0.000158181244853234,0.000152091167593314,0.000138737112208299
800,"UGA","Uganda",0.0200363734296466,0.0192565346202694,0.0197326969710792,0.0192004368856396,0.0192545023101609,0.0191401935164041,0.0184520045819788,0.0184331057673031,0.018572962258196,0.0184240809686231,0.0178801579373431,0.0168311014394859,0.0166915354350453,0.0171817394415238,0.0170005429770142,0.016504460974858,0.0167861309408592,0.0160512812263668,0.0155069981871445,0.0155681922856649,0.0157935839682547,0.0158085124598693
804,"UKR","Ukraine",0.0194243420182065,0.0186659012323982,0.0182251521941487,0.0171543941719832,0.0162659858407001,0.0154007258051662,0.0147741087511822,0.0136257296251985,0.013922649780653,0.0127901707020214,0.0119119387336907,0.0117044482215856,0.0114462479224486,0.0109281601377955,0.0103675496030031,0.0100479139853006,0.00969642487315662,0.00907332893470396,0.00925571796912193,0.00882884103842345,0.00891603583908575,0.00891677055477463
784,"ARE","United Arab Emirates",0.0246540204129196,0.0251632779355565,0.0255059736691974,0.0254010611145164,0.0247631375297047,0.0240979222735353,0.0238938634570303,0.024378159551546,0.0236514355068699,0.0256903864360249,0.0253453293805907,0.0261459016878159,0.0276989706357569,0.028901778125715,0.0293636472739028,0.0291446743382415,0.0288358896661829,0.0308395521349129,0.0305246454623604,0.0312888828300414,0.0309436104826228,0.0296222241990834
826,"GBR","United Kingdom",0.0205042961345516,0.018099274392092,0.0162723553477984,0.0148865124975742,0.0137172505883542,0.0118160402604356,0.0109360607491324,0.0100721646377837,0.0085874586893433,0.0083097828061077,0.00756725193642309,0.00721511950950855,0.00626929623420801,0.00621947612007184,0.00531856998875572,0.00493417759282829,0.00445691277438748,0.00363245952163715,0.00381199270110052,0.00380057875566976,0.00374516489382946,0.00362548672862901
840,"USA","United States of America",0.0306438827052075,0.0278831507309369,0.0260453030053258,0.0234872673414864,0.0211208745741183,0.0189479407665419,0.0167044379139287,0.0142978523007291,0.0139228238142588,0.0136151417561038,0.0127232978034855,0.0123300830393187,0.0120204398641789,0.011319307976323,0.0106370147017861,0.0099950479392952,0.00947249424212246,0.0092109935674734,0.00912199293634332,0.00892761769948222,0.00904610876459719,0.00909898256384121
858,"URY","Uruguay",0.00209608662825018,0.00191350804456454,0.00190675495666813,0.00188771657887941,0.00185552975943107,0.00177075834212974,0.00163696409132143,0.00158252879654619,0.00150262996289354,0.00159981346184204,0.00157158696578038,0.00155564851583542,0.00155087914541099,0.00148342321071582,0.0014416152086565,0.00141296115525468,0.00149457983804889,0.0014489012091727,0.00144512813187892,0.00152558975498995,0.00144879715092716,0.00143240693135819
860,"UZB","Uzbekistan",0.0125069420902609,0.012492912931314,0.0124464640956519,0.0125886572516542,0.0130378068004639,0.013800387221055,0.0136998979554963,0.0144191976146565,0.0139081937901328,0.0140100863885678,0.0133170318868435,0.0134229516081313,0.0128677929870833,0.012809967373685,0.0126886406907417,0.0123206001957159,0.0122336200346341,0.0122221795193986,0.0122653408890472,0.0121074986707118,0.0122756664950594,0.0120168679166616
548,"VUT","Vanuatu",0.000941391486518917,0.000869474645288897,0.000945670583371035,0.000919138102379174,0.000941168189354176,0.000934189802918604,0.000848914749497384,0.000951465161453278,0.000949785324124017,0.000922397110137078,0.000981770345752402,0.00096017164234671,0.000966222533239993,0.00109004049532368,0.000745777020736564,0.000759840452512397,0.000689373973229945,0.000680039517267838,0.000670310305209693,0.000678489891480103,0.000663928501079866,0.00068927252897564
862,"VEN","Venezuela",0.00444908200789455,0.00409129254138607,0.00398194910375639,0.00355122384279879,0.00339135119852599,0.00313845194755581,0.00290255532679257,0.00304375194060503,0.00278898376350358,0.00273513006455454,0.00264133289377938,0.00247304251981367,0.0023943063719821,0.00256138074500025,0.00240210029578958,0.00227855423111137,0.00233655417847061,0.00227726740678826,0.00215581722121342,0.00218995219667601,0.00230789781252553,0.0023368829660785
704,"VNM","Viet Nam",0.0078013427143646,0.00929728382070137,0.010092987521112,0.0103016720934061,0.0102853611268772,0.0106039197502351,0.00993345028164203,0.00998515726603042,0.0105274439712904,0.0101373209407501,0.0104468699820555,0.0103695627602786,0.00987927194269687,0.0102408412765179,0.0103555514533012,0.0101167016819488,0.0102696945837025,0.0101331771480383,0.0104645477243938,0.01073824933796,0.0106767485496216,0.0105523095185511
876,"WLF","Wallis and Futuna Islands",0.000249752728384622,0.000272647543886858,0.000270028667892909,0.000249609790295882,0.000244236759628793,0.000248632762759371,0.000259176497811582,0.000284241629820635,0.000271628104029857,0.000265389406825634,0.000263812007476406,0.000278629776653907,0.000277211612935517,0.000302736312383203,0.000212171084634693,0.000230929145618965,0.000230887200261179,0.000223889177776372,0.000234668777903146,0.000230316992633055,0.000224917406639529,0.000227349963815231
732,"ESH","Western Sahara",0.00152643490764215,0.00152456903660985,0.00161201945239885,0.00155294237614685,0.00146290939471039,0.00153768851768836,0.00153644172037108,0.00162168959151859,0.00141547364117904,0.00153459256161618,0.00141795300918842,0.00130219258695549,0.00132276857408211,0.00134455375701313,0.0014786467270901,0.00137869940055586,0.00140036941613945,0.00141538799092752,0.00143971805920116,0.0014172273568185,0.00147297721881947,0.00145554726769657
887,"YEM","Yemen",0.0130147354483774,0.0126422728696582,0.0130659778911347,0.0128232072576419,0.0131611865649133,0.0135399189798682,0.0132274025026785,0.0128622406461311,0.0140374087754813,0.0145614148160237,0.0151124166776516,0.0155384949330959,0.0159902677274554,0.0163087429068592,0.0167323868146592,0.0177307373190075,0.0182178810108203,0.0192484249025033,0.0199265579723993,0.019278826149734,0.0189608046048491,0.0186658634799153
894,"ZMB","Zambia",0.00610218506528474,0.00620690908534657,0.00595959889196058,0.00630539331914697,0.0063298137330497,0.00626192432731604,0.00610264567436226,0.00623184563374344,0.0067681595221529,0.00678622965366103,0.00637331278780539,0.00622531346093175,0.00632380499864937,0.00607985508593389,0.00584609864536988,0.00594689836125315,0.00598790907858396,0.00602372096045371,0.00588946372327427,0.00572108517339909,0.00636255854481065,0.00601256238834185
716,"ZWE","Zimbabwe",0.00273639711798488,0.00295103716475506,0.00303257258415919,0.00311756756662831,0.00324411234133196,0.00329318660478579,0.00335808749544259,0.00330589008215471,0.00358335512685363,0.00352755854184716,0.00339987866789064,0.00333951319415499,0.00351701149599306,0.00319525989761488,0.00321149500404034,0.00304275327171975,0.00317144904347497,0.00293628432494468,0.00332361238971348,0.00309102692014571,0.00346747983825529,0.00324212386048218
