"code","iso","country","USD.raw.1990","USD.raw.1991","USD.raw.1992","USD.raw.1993","USD.raw.1994","USD.raw.1995","USD.raw.1996","USD.raw.1997","USD.raw.1998","USD.raw.1999","USD.raw.2000","USD.raw.2001","USD.raw.2002","USD.raw.2003","USD.raw.2004","USD.raw.2005","USD.raw.2006","USD.raw.2007","USD.raw.2008","USD.raw.2009","USD.raw.2010","USD.raw.2011","USD.raw.2012","USD.raw.2013","USD.raw.2014","USD.raw.2015","USD.raw.2016","USD.raw.2017","USD.raw.2018","USD.raw.2019","USD.raw.2020","USD.raw.2021","USD.raw.2022","USD.raw.2023"
4,"AFG","Afghanistan",2696.88147888812,2556.36131263872,2405.17186661357,2549.28661448372,2324.4733900484,2371.04646417868,2124.7963151418,2034.80071447691,1965.34039457259,1921.38243417816,1849.35305169926,1754.6355901113,1530.84515277136,1622.97992858179,1554.03975186432,1385.43355578974,1198.63615329488,1044.40254912067,894.60212813877,786.1127873795,733.99630057641,710.81200692726,688.38349013816,724.88800882121,728.14251156668,722.72834843995,724.1722128563,700.52166152201,641.73041736281,598.45952013028,550.27822912749,496.87202603274,439.05253027428,406.6861071888
8,"ALB","Albania",138.75155708765,146.08651187495,142.21566295518,132.87620506366,138.76310735426,102.82655691558,87.82110978501,74.10699071849,62.42131478719,52.98000891382,45.95300612289,38.06825512597,31.80225914499,26.64467519687,21.87137764686,18.19201242273,15.47700666617,13.33586223533,11.91078848904,11.47879070114,11.15888949261,10.97209702062,10.80465609885,10.66201390923,10.4362915941,10.21060612709,9.97217940176,9.65170908939,8.82990574831,7.8920522039,7.16680789785,6.28925409781,5.47391879738,4.93814222292
12,"DZA","Algeria",209.14131515642,186.75436615153,172.52619567622,159.79674499802,147.00576346279,134.279811278,122.10342607035,114.08208120721,103.90277112986,93.43580441453,83.70583067012,75.71610240383,67.92837716068,61.93144644309,57.43102132158,52.43297882239,47.89936797434,43.86246900336,40.10936344365,36.63382591299,33.77123072972,31.02517950722,28.69764803933,27.18442374419,25.78540425266,24.35453943523,22.71048701615,21.02440935228,19.6215983239,18.2074662103,17.170482526,16.33510680419,15.62968616575,14.73201377723
20,"AND","Andorra",1.74522444691,1.63574206055,1.57686404105,1.52332096651,1.48079069242,1.44139984992,1.40416795027,1.36947432572,1.33504322481,1.30213584465,1.27228265357,1.23999178437,1.17374484918,1.13604387625,1.08969333651,1.0403540405,0.99044968528,0.94313106647,0.89707527914,0.85282123175,0.80417850002,0.75188697899,0.73161597771,0.71829783463,0.70128232814,0.68645776985,0.6668017569,0.64503757171,0.61828823004,0.59405293919,0.57434812559,0.54570794768,0.51718350038,0.50706683205
24,"AGO","Angola",6950.71709238155,6614.95376837985,6241.63228225381,6045.11266804345,5908.98610950607,5641.60709591776,5134.56083082312,4838.2171022704,4753.44384600075,4546.91320976654,4309.8345982783,4036.740152108,3803.70233646599,3578.47075826168,3560.88653074093,3337.04754324246,3470.08678548137,3148.13094414585,2936.4969568696,2783.2754264648,2651.59133919951,2470.50509976555,2248.4275605926,2034.16454466635,1777.21966811555,1612.58068110444,1436.33096004552,1289.14748271108,1156.95288719561,1077.59340335056,1025.02259061738,932.68009517752,848.05045090726,803.10898241369
660,"AIA","Anguilla",NA,NA,NA,NA,NA,NA,NA,NA,NA,NA,NA,NA,NA,NA,NA,NA,NA,NA,NA,NA,NA,NA,NA,NA,NA,NA,NA,NA,NA,NA,NA,NA,NA,NA
28,"ATG","Antigua and Barbuda",155.83725696919,140.18901205143,134.85610196541,139.89989630995,131.15811793263,129.02240311279,123.86752629847,112.63014026837,102.31042428534,89.82816381275,78.99462216512,68.0247863762,61.65560194817,59.80488273071,57.73183705205,58.41124378941,56.19142227975,53.07353556389,49.62159931933,46.03220959962,43.62372723031,42.920564161,41.01425454823,39.15266433052,36.67538201198,34.18695470752,32.90626344757,31.46856694726,29.90501054099,31.26050993198,32.285220364,30.16108591857,29.99447647061,29.38786529013
32,"ARG","Argentina",131.28242545938,117.88716281383,103.09055681482,90.05974266604,82.96977748195,80.06641783202,76.52560795756,79.6075675743,74.22757056287,68.66313028473,61.79548520583,58.39635877572,54.98752067442,49.30420449645,42.99133873939,38.43626118122,35.09500336555,31.77253409453,29.58088741928,27.33329162472,24.94558485075,22.9793830338,21.15595544289,20.11275273561,18.91974175218,17.14436079501,15.16738970808,13.31516145397,11.03959910755,9.17579302752,7.92665372487,7.85244440949,8.05122670339,7.56247962647
51,"ARM","Armenia",484.60044828155,474.80377119451,483.16671385374,443.13077299242,416.33750498175,376.44895761316,318.06842504241,284.66598639692,237.88159982637,198.62228209844,165.74946310168,144.68135509292,119.35808705013,103.10857038912,95.21224606946,91.38996406357,79.04017648624,57.84871163132,48.66535087412,38.44106757973,30.29658695486,27.7578666384,20.40015025194,17.55145156715,16.0950017134,14.48735800991,14.69548631658,12.62312564827,11.82819658477,11.28570947937,11.7168984834,11.9417587111,13.81335920242,13.72135925202
533,"ABW","Aruba",NA,NA,NA,NA,NA,NA,NA,NA,NA,NA,NA,NA,NA,NA,NA,NA,NA,NA,NA,NA,NA,NA,NA,NA,NA,NA,NA,NA,NA,NA,NA,NA,NA,NA
36,"AUS","Australia",13.74783590381,14.4339370488,14.97305559546,15.06838874878,14.99266162693,14.52100943166,13.7468324203,12.72632850185,11.81311862107,11.16317142226,10.52208049044,10.46842356917,11.21982032097,12.56186581177,13.66488907587,14.00958182198,13.64034365107,12.96422960155,11.64941673264,10.27559779928,8.99636487904,7.97021728062,6.9739296843,5.83759184486,5.05669886845,4.51137075961,4.16543264279,3.92572438379,3.66693425308,3.46723146044,3.30005755359,3.22067422236,3.15099959942,3.06502722283
40,"AUT","Austria",9.01049384351,9.08528196886,9.02817461701,8.84490669479,8.5529605387,8.25826330643,8.01955947806,7.77505437393,7.57684584018,7.41318257843,7.27367554889,7.16001277759,7.21888092466,7.33186116005,7.36327811736,7.282202734,7.03534990502,6.62732936192,6.04850166876,5.49105540033,4.97219121413,4.45947753992,4.06444748738,3.70980763462,3.39209484908,3.16378727854,2.93152767789,2.69835264226,2.47299901935,2.28954103466,2.17745391051,2.15447443371,2.11760419664,1.90029004258
31,"AZE","Azerbaijan",955.28115451913,923.57080133645,897.30342312645,875.32719222821,838.79007202098,807.35955451293,754.26182092454,690.09500822158,622.81450297784,554.54932302196,486.94222596488,414.60757840438,352.28824985825,307.61649465338,271.77703916213,238.19744712392,208.20843913225,186.96756384611,171.15583892883,162.84999712678,158.38494734951,156.68875855986,155.47229323831,154.57085923327,154.30470299149,154.22984264711,153.67501402012,150.42136946263,143.83942235816,136.31958924,141.03260370616,134.82757261729,135.17317621886,168.61464375436
44,"BHS","Bahamas",78.33619645022,83.68911348279,85.11504110348,78.12563015682,63.06567244856,54.48178242936,47.32319576408,40.78535397985,35.61312958689,31.43894378412,27.50323358681,23.60047971185,21.77943997921,21.1512310353,20.62513354495,20.54017312296,19.78716892383,18.80345451686,17.65688231289,16.63779376622,15.68731218493,15.2802950246,14.38825717409,13.86188325565,13.25488734525,11.91493351398,11.45527422383,10.81441186578,10.14946259061,9.68568715989,9.54172341255,9.34266716344,9.33369566649,9.08229635236
48,"BHR","Bahrain",74.5882153363,68.3016763988,66.21821616101,62.00888728179,56.79148488312,52.19115656849,47.7198762723,44.42713556753,41.10191246299,37.20963104999,33.97935440572,30.99414309822,29.02752953364,27.40211513441,26.00104059473,24.85935328154,23.58573543459,22.37983796679,20.78758135755,18.79070001899,17.6479688985,16.71737935281,15.62075382884,14.22348957379,13.11573504947,12.03165544546,11.45145693936,10.69589950595,9.89825011292,9.30913204723,8.81759584486,8.41790318765,8.21903777006,7.89067896973
50,"BGD","Bangladesh",3896.44601210978,3735.62655504751,3347.96852006489,3097.11299419077,2828.41569138761,2598.05809523555,2352.78288398299,2060.40174298698,1801.64893701693,1601.18800961551,1426.26282112319,1273.35127363733,1154.74523264909,1043.24694216668,942.91548431469,855.36764873314,784.3069131464,766.22169878053,714.26349104241,670.33290122651,632.068499341,580.15773438461,526.79977785367,501.28111766474,478.85485974389,472.6266289218,453.65358189396,438.64638558102,413.32222626917,394.09640232985,372.0611862701,346.74465445451,346.84831322989,324.59143767241
52,"BRB","Barbados",79.37925139601,72.94930967151,69.72779856406,71.32867710275,66.3741847427,63.51476735371,61.3355157665,55.33921965709,43.73631359373,39.95269972875,39.37292829435,35.3933945091,33.25464755348,32.7809365733,32.04777277494,32.33895527572,31.20262097648,30.26371374459,29.15685681361,27.62798818871,26.19786787928,25.62371467362,24.55711103236,23.87911929903,23.38943427198,22.93674376908,22.3606007486,21.51036969269,20.52635217248,19.74031510809,19.36248215044,19.79929987307,20.39541053314,20.23945613885
112,"BLR","Belarus",46.28433577978,45.55651617643,45.11469141852,48.11871670728,50.81141243121,48.31303317891,41.97918295082,37.23673234308,37.60364015786,36.86373794167,31.52533469022,27.92248942,22.16165660443,19.33229627042,17.55656024395,14.99155522767,13.1349374293,12.25141815369,11.25529979635,10.5560094977,10.04506702315,9.84180488177,9.83701243511,9.83677844543,9.7427037062,9.54561004922,9.35688976965,9.11867998293,8.82880869667,8.56469567839,8.5110790615,8.72888008316,8.93744288833,8.92454355883
56,"BEL","Belgium",3.86806027557,3.70623663564,3.59573928591,3.37107290555,3.12850931717,2.98221508677,2.81271708989,2.68828494147,2.64310337018,2.63122637008,2.73698341516,2.76505138501,2.78636708989,2.9681682978,3.10066617338,3.15210834037,3.17243736914,3.14840067879,3.05882327341,2.9694963643,2.72507173508,2.35679159678,2.17404838093,2.14004743955,2.01914373609,1.98050932262,1.85966115637,1.79793206269,1.70712795996,1.59329909999,1.4187705354,1.36529718164,1.32119168921,1.27085378502
84,"BLZ","Belize",512.59893656975,441.32606004072,427.04771413489,414.25606620212,372.19713037023,352.73065101759,337.12441344813,314.73399466645,289.61936633754,252.92598073829,216.24744330983,174.49165560432,151.76254271094,152.16994896282,146.93829481685,151.0640276353,138.57382776764,126.32564386108,116.14251479949,107.77320233949,96.61276549072,92.09013501766,84.44378927538,79.12025521923,73.37623811689,67.98816818966,65.2500556751,61.59768679535,58.00266502989,54.88187504891,52.7747331419,49.85764535247,48.81649382459,47.27626066649
204,"BEN","Benin",4905.62741116702,4925.90155741219,4647.37514314877,4494.75309289837,4363.00439038207,4196.77411136186,4147.5563654122,3900.25324356962,3752.6286663047,3602.52896469889,3470.83433800834,3261.57819782831,3109.34504781431,2893.31613869673,2742.04628276899,2558.57134692694,2431.54532966141,2224.81631378884,2058.42772333841,1916.66238796146,1789.14162369676,1657.05975418225,1685.62297009794,1728.20030653715,1735.40418073066,1788.91945298465,1799.04729936839,1792.12663384613,1675.2200891,1588.28161831564,1566.35103762007,1480.19435269607,1385.07152537252,1265.00200203856
60,"BMU","Bermuda",33.18225041869,30.83062271825,30.05137557477,30.86971862618,29.3970577255,28.29719123969,27.16572457773,25.04907919964,23.05033717914,20.51375323495,18.47999450487,16.96834535722,15.96049301993,15.22398799875,14.68541004558,14.26483039698,13.66924818848,13.11338288013,12.50509051218,11.84507015706,11.34590219666,11.0677956228,10.7118052004,10.27530382554,9.90556283035,9.67480011853,9.37242694953,8.7925181578,8.21325369149,7.75811363494,7.52895611142,7.53462234936,7.71375095219,7.70362032004
64,"BTN","Bhutan",6005.33657839741,5899.08537033229,5737.20373762676,5513.24345575461,5142.17038121359,4954.01219520867,4617.95044785634,4423.46566903917,3948.80163849031,3197.61231324609,3316.7005120451,3029.42893515318,2797.88642944431,2678.20166164572,2512.16759286676,2337.46780015405,2130.61478857813,1944.93603213022,1762.22541701677,1575.17425958959,1422.40397276827,1307.30123315753,1202.81617465132,1117.22701350387,1043.06575369921,982.11356816207,921.4805039589,863.41611677143,806.71974941682,757.38812925574,723.11253135613,703.83803821974,674.73309974659,629.96264652475
68,"BOL","Bolivia",1087.85829913191,1127.38312418118,1075.42584846232,959.74420051626,829.94030341552,801.64973901159,772.19198793659,714.31079395416,674.42070626932,636.86935700724,602.94763362764,558.62931204236,509.9410377873,463.06817100044,417.75637031069,375.84513997519,335.19724145575,300.78470992083,267.56403695778,238.01656345579,210.12147802176,185.2706032984,162.44397527374,144.10448857075,128.71563401463,116.27485233243,105.15043648177,94.75113246691,85.95992535409,78.23892615719,72.30956126583,68.93936932516,64.69836312179,59.9731340943
70,"BIH","Bosnia and Herzegovina",49.37188213226,45.61860792727,42.38540159933,40.76144079443,39.71050456791,38.05680886957,34.19821776534,29.82505208603,26.13485739819,22.93845981413,21.11513153482,19.21468845533,18.20227002249,17.85175668221,17.38945683116,16.85952494416,16.11000526207,15.8970549579,15.16964180376,14.53465884823,14.02244959671,13.43120026647,12.80166786576,12.13416602022,11.52176499457,11.23196557638,10.75436534533,10.16343900425,9.46545192008,8.93005216514,8.67465177698,8.34907930433,8.17559129682,7.765286128
72,"BWA","Botswana",2764.73095780857,2608.59782905493,2534.26440699608,2473.79570154192,2348.09024315145,2198.31405474027,2117.22917273121,2037.22322064958,1981.8135992325,1724.89733277349,1631.25521729085,1730.78735110817,1668.86673982318,1570.33032779823,1505.4323976484,1503.202767173,2647.38072299378,1440.93740904958,1414.39191858187,1391.52543618162,1331.61944331583,1292.93229493408,1238.72351928917,1146.80809158772,1056.36133540851,993.56843483689,915.58123765652,864.29341133473,826.05778101868,785.32841914028,771.1048159096,741.64349154307,645.8310580597,569.98454514283
76,"BRA","Brazil",1200.1008892383,1056.81328637765,984.99836542414,952.26391235756,853.63521751154,709.49680686671,575.24683520743,490.28194969186,453.8436635908,390.1357490327,324.18292425848,284.03893166623,258.07906625456,235.18492660446,210.93506982383,189.98835556789,168.38510380205,141.59681399958,121.29683277197,103.27733325426,86.69042905006,72.66529360775,67.8832020589,64.83267589473,57.78369501135,52.99591331387,50.65807158358,46.62496988745,41.62665327151,38.28457843098,34.23574217801,34.98543493589,36.63406635845,35.63282044517
92,"VGB","British Virgin Islands",NA,NA,NA,NA,NA,NA,NA,NA,NA,NA,NA,NA,NA,NA,NA,NA,NA,NA,NA,NA,NA,NA,NA,NA,NA,NA,NA,NA,NA,NA,NA,NA,NA,NA
96,"BRN","Brunei Darussalam",7.73389826178,7.06570086317,6.56563333061,6.12409286312,5.68353120626,5.28471739048,4.9244026288,4.65859084,4.39808769045,4.10065488698,3.82096079236,3.54648266704,3.31322697371,3.23829843951,3.15350560215,3.06359535206,2.97489133595,2.99135738174,2.95439503098,2.91308051114,2.85953706769,2.80653673458,2.6927177514,2.60351335554,2.49268538448,2.38222545699,2.28979754991,2.1718003779,2.04309510323,1.9251894821,1.87621654568,1.85806022554,1.84481627277,1.83295846036
100,"BGR","Bulgaria",4.94752375371,4.72649133189,4.53449856307,4.05285062734,3.95793720209,3.13366837375,2.69270319021,2.77434169804,2.59576492082,2.17724409674,2.43661511765,2.10956201088,2.17439297988,1.99527192989,1.82592543401,1.74089887326,1.63316307243,1.57226823071,1.64674975477,1.52778899124,1.69668128664,2.06997511305,2.3491779629,2.53408687541,2.61266146871,2.49859996644,2.37377795762,2.41148908736,2.34718473318,2.29417830257,2.25407125985,2.41656491422,2.23507458448,2.09435610221
854,"BFA","Burkina Faso",5616.14607991879,5425.03346338766,5256.70998812487,5139.18817504307,4999.99079562356,4904.50506024972,4750.715927551,4562.08351305558,4401.7203179544,4243.46933774449,4237.20369603768,3935.02441138905,3804.97255784998,3484.61925727456,3241.93913579249,3044.92967775353,2841.01751967647,2483.54363223364,2293.08516552489,2100.15235899892,1946.23338607061,1810.47737408206,1703.38403581403,1584.41992040544,1439.04884020029,1387.37730426719,1343.2170938687,1263.54273737983,1183.23685983982,1128.1341866951,1039.47490097752,1022.35074869589,975.79113078167,911.03736616065
108,"BDI","Burundi",5830.05232408613,6015.33755847524,6346.57168345501,6498.50035660555,6490.39816113159,6533.38273228515,6649.86985985918,6646.46020669445,6414.70053407584,6167.2767119179,6008.75501185377,5774.06368262282,5755.11336180609,5638.39413967433,5575.04844635302,5365.3620725806,4890.39751141756,4451.73887087164,3965.29436963019,3533.06849086726,3202.11895401903,3088.35723257814,2925.578691312,2837.77838203275,2688.61551632836,2498.71719270977,2304.97553596533,2190.03322476207,2109.42284429515,2077.22412688107,1976.72357448512,1913.19392228746,1929.1143307104,1897.25442073856
132,"CPV","Cabo Verde",2657.53381063553,2521.11554993029,2395.72313602883,2266.62682642672,2477.56848364834,3979.84809080613,1900.71148890972,1745.71215735737,1613.43901505205,1477.89069186468,1362.1231475624,1259.20816584594,1156.63171985714,1056.15934665742,963.90121341242,882.05983037355,851.76410774201,788.55069975234,707.33229256031,655.30116758779,635.81647833285,591.52414357692,547.08484866916,516.6033006013,510.93561293734,486.37394471444,467.73759584016,433.94502361698,420.33477206112,381.12932601497,343.93318729535,326.41813390301,321.12438108501,306.36446726409
116,"KHM","Cambodia",2828.09303135309,2819.62269185264,2767.62846753634,2745.01457739098,2747.28570579627,2683.30289034391,2571.59699411755,2478.67180778425,2393.97268904698,2199.05406017006,1937.45654123343,1703.13226236409,1458.67899319634,1209.69991100672,1023.10352623504,867.48170200916,741.18852143135,658.95029297039,581.84168378916,516.56422009054,463.6561083158,417.6427811922,378.4583900094,336.05877346045,303.7063574836,274.2824420259,248.71723967058,224.86825959256,205.26523124368,187.27808995049,176.02940576571,168.4346892672,165.26077279152,151.95791459339
120,"CMR","Cameroon",5175.99250507363,5105.86555894386,4958.12704804116,4881.5550982095,4828.80042622713,4747.57602160381,4799.98007628943,4697.30828903563,4641.57013178792,4632.55585046102,4699.66019351832,4547.40749900306,4649.78965542011,4606.58772918456,4501.8046516751,4417.3714074149,4390.23133575799,4169.30397944797,4033.54032584082,3957.47814228403,3960.89164918475,3779.7710484712,3478.71150238637,3312.05552368851,3098.20012224375,2845.10137526374,2702.24068422053,2505.62454345279,2327.54254988737,2140.92719106218,1951.34295177236,1801.13786416805,1744.67040978082,1634.01374827364
124,"CAN","Canada",3.0940379477,3.0248288316,2.96384724828,3.01558852795,2.98581436265,2.96528288263,2.93648633428,2.97423289297,3.06445554426,3.20188427187,3.57800189212,3.69399049714,3.87214631659,4.21266918808,4.65159674481,4.78276809338,4.76081240388,4.79867716529,4.64708325231,4.56334676603,4.48821927261,4.35531912441,4.05823308787,3.5879664971,3.31139537007,3.09238155244,2.86087519988,2.63856216844,2.4323660613,2.22813357866,2.10886637998,2.02299479006,2.0573681108,2.02288007563
136,"CYM","Cayman Islands",NA,NA,NA,NA,NA,NA,NA,NA,NA,NA,NA,NA,NA,NA,NA,NA,NA,NA,NA,NA,NA,NA,NA,NA,NA,NA,NA,NA,NA,NA,NA,NA,NA,NA
140,"CAF","Central African Republic",5981.68441334816,6042.93772108876,6001.52723252514,6008.808190677,5876.23320770419,5892.35003740989,6067.31526731192,6174.62876996963,6238.00441259661,6313.1660705162,6282.09854501705,6302.8890919573,6344.78536940472,6235.02223515094,6164.73628946448,6041.70709300848,6192.29694199338,6184.16182505574,6087.30074636267,6034.27087118848,5968.06764654673,5753.44983785539,5478.29976775055,5428.73020525745,5378.89697221089,5372.25927307038,5297.23623946286,5343.41204532953,5270.42645779675,5144.80062649515,5408.1704202753,5441.412771877,5032.78520592386,4714.82708966711
148,"TCD","Chad",10273.1395088886,10584.7098079985,9866.45375808497,9810.57146792163,9603.11965619704,9414.30694991418,9434.75902704793,9657.34672611013,9695.44163518339,9770.69265958285,9964.34062133114,10105.9689504904,10200.8697318584,10237.5969689791,10088.3994094292,9807.01042457252,9823.26216885163,9900.81526492285,9677.65946755789,9388.43513592832,9203.14365101494,8805.106266959,8242.65208116005,8131.3769152811,7812.69893315602,7739.92232144902,7558.30037166697,7446.86444454841,7263.21419072573,7163.91275680693,7141.76721903601,7034.15735045969,6523.96024504139,6260.26284899654
152,"CHL","Chile",94.25160003087,85.1372604079,75.47975180666,66.84486795021,62.74608299419,60.40787945214,56.72902863679,52.93658323562,47.39634493123,42.750049104,38.43655598723,34.59159924942,31.70912044423,29.64413466551,27.11240132508,24.87957272067,22.80761639533,20.48389835443,18.99412086108,17.11023488231,15.48274140748,14.01245405005,13.0089145201,12.42986312375,12.05230160722,10.73045775642,9.32170193409,8.72140595633,8.06497898953,7.73745740431,6.90157828712,6.47671547421,6.59259849978,7.03978869279
156,"CHN","China",499.66215738244,462.84264858113,421.69626562452,388.9520024848,354.55624031522,324.96299312224,294.48587365847,266.50867973128,247.71325901969,226.89195377519,209.21504999741,186.81427398596,163.31495390039,141.73364906121,121.95949514842,102.33518381528,83.98348527429,67.04923571831,52.71257286071,41.80981473301,33.73153705062,28.16074985147,24.83759306997,21.60828470444,18.9868489481,17.14832529528,15.5337802437,13.58793729913,11.90638398258,10.55760092151,9.73753281831,9.05731530726,8.73929812931,13.39041306561
170,"COL","Colombia",341.95079180508,310.10333853574,288.73906235718,247.93261368792,224.43195402243,206.62810671194,196.99989812456,189.41497006766,189.33252009513,173.85227953852,160.14366603955,139.29050760865,142.18853732892,136.32196185531,119.37839529942,104.7348766589,89.54644666948,78.30137154401,63.75860783269,53.48743778947,43.34352328377,35.73274558486,31.80306174471,29.87995273658,28.13096930582,27.11069947866,25.4570118742,23.26347424321,23.11720504119,24.51136063195,22.52168576832,22.75885099322,23.19231081996,21.62024635828
174,"COM","Comoros",4345.83299879833,4138.64487222245,3916.97297520374,3699.37171963412,3512.0570124559,3284.79715497579,3141.68439502646,3046.65798497609,3289.13414212225,3033.68153700387,3494.81242095201,2803.16961140611,2983.64849528671,2529.25974028676,2319.70263753922,2214.14149084001,2092.36257597185,2277.68608403626,2020.17504787137,1872.41148660605,1558.55728946466,1490.96990101841,1368.33435257337,1272.73511244295,1393.77209290554,1323.94501925896,1245.33843370705,1201.61308485699,1125.68558381157,1070.49989678417,1056.51509932162,1047.46239652981,992.75242091776,937.04565990935
184,"COK","Cook Islands",74.54486063787,69.69010477567,65.81823601933,61.91698838603,57.95971740048,54.48989308945,51.30797078724,47.37195008969,44.60115766159,42.51559417676,39.68482032062,36.6452475482,34.03430328495,31.80565905537,29.90185606361,28.65406590975,27.05227621496,25.85762518933,23.6865224179,23.02340036493,22.57174744239,22.15774765467,21.52632073023,20.91839125474,20.39639984605,19.67732831035,19.10726841447,17.02039382807,15.33168015996,14.18654246386,13.10338381357,11.91566453595,11.81278723551,11.48224852704
188,"CRI","Costa Rica",119.64699081504,104.4598864719,89.22924133545,81.46198395977,76.60170355522,70.62120427415,64.68199400612,57.82043269069,52.2984237759,45.76492014037,40.09753582958,35.42108197986,31.09759721503,28.4596647702,24.73575616845,21.63389602137,18.37576593297,17.32994382962,16.10477342539,15.46002495862,14.35837785739,13.07869674481,12.38964905411,11.47828790023,11.11850142582,10.30015214493,9.62621509445,8.59874528659,7.66070751202,7.06397451896,6.00835375651,5.59027655217,5.39024473853,5.10611014614
384,"CIV","Cote d'Ivoire",3465.4473465593,3339.18583144365,3213.62347452973,3132.29756946516,3055.72518041298,2947.36319430373,2787.97975398871,2645.46487379423,2519.5799508264,2448.31934224309,2399.69259773879,2313.03547680225,2209.03791621079,2128.56052941778,2130.13623147063,2144.400251486,2229.75634140323,2185.60656050897,2109.97093522131,2011.71743694986,1889.89079540619,1778.17338550803,1843.99710709406,1891.18279049493,1827.0790673408,1798.28776990408,1721.56401527924,1596.95347125026,1450.73691331862,1327.70991062989,1233.10198055738,1124.6524684145,1048.42212546208,975.23594638997
191,"HRV","Croatia",5.5355577419,4.84736686767,4.50116731545,4.12038597583,3.89967446943,3.29801854596,2.98099514099,2.67017883378,2.27138131807,1.77201898343,1.6307140423,1.42039735386,1.2870945347,1.14748158645,1.06683327693,1.03483084093,0.99220011662,0.99011647749,1.05937715551,1.17404634054,1.40511486106,1.72094775066,1.96961831203,2.14011775916,2.28889042226,2.39323977679,2.38664583362,2.4784197486,2.48381718832,2.44881943168,2.46699107027,2.57971670474,2.44062028974,2.27438988355
192,"CUB","Cuba",131.10363307526,122.65277178035,119.39545677921,130.81032866743,127.81922087097,121.5223927413,110.71776869798,98.94877941743,89.58335387473,78.19735430002,65.40684071352,56.36301552437,49.03401679603,45.87601860846,43.25917732762,44.24224608022,40.8315207248,38.63860568438,37.76830771079,35.8022064574,34.94889428214,33.41933345664,33.32883865574,32.17990424274,29.81208917314,26.63050156029,25.42411306172,24.92857267118,24.2095573038,24.37507104771,25.52105575963,27.02929712281,26.65534354679,26.42805995378
531,"CUW","Curacao",NA,NA,NA,NA,NA,NA,NA,NA,NA,NA,NA,NA,NA,NA,NA,NA,NA,NA,NA,NA,NA,NA,NA,NA,NA,NA,NA,NA,NA,NA,NA,NA,NA,NA
196,"CYP","Cyprus",21.34504269259,19.08072397716,16.57656943965,14.25945160009,12.18541187184,10.56654310727,9.25700642849,8.2724443255,7.36994246025,6.52341521023,5.83894232701,5.31724042793,4.80873631039,4.59782673694,4.39644122579,4.22198597755,4.00776097293,3.70995238669,3.43386557841,3.23114459215,3.03962290004,2.87178566953,2.72935491066,2.60765606165,2.51353388072,2.44103504324,2.34584857532,2.25474768102,2.15665059194,2.0554644579,1.96607000099,1.90157112948,1.86914092193,1.79801290494
203,"CZE","Czechia",6.36366936953,5.56401281261,4.86694742575,3.76513685844,2.92077534427,2.09749312831,1.7246814478,1.53999609544,1.27563702847,0.96669139573,0.88724855946,0.78200133819,0.70865607219,0.65657768236,0.61835487718,0.61178337208,0.60547662802,0.64016291236,0.7114136894,0.82857164796,1.04890424822,1.35278170279,1.57381749738,1.68763361394,1.79111250126,1.88119644514,1.86786303625,1.90955052996,1.90292502138,1.88334536533,1.91567523371,2.00510580868,1.93538762109,1.83261406076
180,"COD","Dem. Rep. Congo",3287.1877400796,3263.59970922105,3185.60488304105,3156.76789204689,3421.60049433669,3137.62896000042,3193.90845868019,3208.84622994291,3329.81296169706,3348.99622554809,3436.56817595204,3410.11011730885,3257.07498292626,3132.09658289773,2866.15270013083,2647.98323436812,2466.91509243234,2308.73003731628,2157.54464535155,2016.99215046457,1866.69776131011,1685.0783512195,1503.03359405237,1334.48469940219,1212.60471204781,1076.26283938696,960.518846787,847.09170259732,787.70693728301,734.74116988163,672.46720856624,633.84304821671,562.64594750416,523.52256482765
208,"DNK","Denmark",2.40811224061,2.29178421049,2.22354647456,2.11410521542,1.97535105357,1.89348533212,1.77329011263,1.64417269212,1.595374852,1.59598383709,1.62352018499,1.64672005086,1.69446143368,1.77024910695,1.80402494307,1.88076919873,1.99130465129,2.0448807952,1.97278004472,1.93024786939,1.82829364754,1.64416375722,1.58208449132,1.5590125926,1.51708596282,1.47451217063,1.39811105031,1.33973355052,1.28138056606,1.23466874427,1.17878541191,1.18412024408,1.15426390818,1.12065280864
262,"DJI","Djibouti",5620.89215648305,5385.88633086322,5373.75755722965,6295.47053712872,5222.46582477949,5184.16139716281,5074.15899957092,5087.04324964209,4811.58740584782,4584.85944771269,4433.00202805319,4225.84221759326,4044.09994540167,3779.6172597675,3716.62601360815,3493.83602511058,3360.5145124827,3270.19481989916,3126.87694051908,3012.96372439533,2998.1078208072,2767.01032247167,2643.15403303717,2529.59988445023,2326.23784821343,2197.72253903501,2072.91240921925,1940.97297132487,1738.09058907927,1636.23557886729,1514.83362424768,1420.3754593544,1383.20280019264,1307.80432696944
212,"DMA","Dominica",212.75835918727,210.44179305293,202.26552195086,188.57640536065,172.68793602805,158.6594201844,143.48759422099,124.91949354158,111.81208311365,100.36247908519,91.33485978288,82.88826793796,75.39443798328,69.64213710977,64.41568508094,59.86462296803,56.03124153182,52.60671560961,49.07088340181,46.27493822659,43.99963820107,42.0341709892,40.16415965678,37.21056161628,34.60702157763,31.96474564273,29.42150531293,27.67169413218,26.38148089722,25.22582750751,24.88048513028,24.72137713722,25.18434896724,24.41840683789
214,"DOM","Dominican Republic",1060.33408472932,1000.80189374927,944.40556106047,891.95166549183,836.02344190235,777.10929120746,720.10711509553,630.50849153803,546.5297407328,476.05911586731,425.99600078165,378.81621385415,329.28100178721,298.80771180494,280.34091789679,261.66236143267,241.45112197376,217.77130709797,194.90230977628,175.31193084262,162.52551303403,186.83690986514,190.03172872507,134.86599508021,118.87706674743,112.4225560541,107.22765575342,91.1817254446,83.8821018491,75.61259145165,76.73049797126,72.93156549506,66.64668284123,64.92072678386
218,"ECU","Ecuador",952.32184330025,966.16386377433,857.02208754107,695.44568110777,539.81159541259,494.62380125518,486.05353102602,438.19404080497,409.54087426974,358.70095217114,335.78547537241,311.86513126636,274.63669376558,245.05883249386,210.64012925252,185.90563469061,168.29879267213,151.44275031243,127.03738100858,112.87305951738,90.77885328325,77.84187289393,65.76027223184,53.60470986893,46.77786608495,47.38605794567,40.04947763201,34.32050973474,31.10079748357,30.24516645909,31.8376966867,31.42664397638,31.37082509165,33.30395258819
818,"EGY","Egypt",1907.14916711001,1634.19443286035,1401.93836294432,1170.48404542784,986.03444936911,847.58066175714,758.0948115361,706.68172763525,654.69841033176,600.64923431117,538.70348894685,482.27368850194,427.55017816659,369.82609035525,318.47418538869,276.75693905288,253.82489260978,239.18963236648,229.59689457106,226.15531187568,221.76232603796,212.89083794759,197.2252685761,174.54418328983,153.59983321917,136.10597611825,121.50820902336,106.70015677801,93.48981357149,82.7626355526,74.43351171714,69.47564063727,63.22707626264,61.32609170099
222,"SLV","El Salvador",1417.00215043731,1394.15135145554,1224.93625328303,1127.76296349525,1081.8294195939,991.27097344951,923.75557425496,840.15239884779,744.78015703237,632.18343117369,542.54894936873,469.46408805418,410.4895686253,367.21412384143,334.12093886322,303.48889465513,273.62907095727,245.11915951874,217.98318539843,199.67879406466,178.35800310737,161.8356752481,150.92369078747,142.00915616782,133.39321496365,127.26530283714,117.64978010851,110.93822344931,103.56358852896,98.27760419173,95.14375231256,88.76885216331,84.01493884763,78.7238497356
226,"GNQ","Equatorial Guinea",7535.6548955376,7250.05852445362,6873.77423267978,6557.58060270558,6216.71506571569,5976.13075186016,5532.88224205306,4694.50187359747,4082.34515288236,3552.61055165484,3094.99142911602,2560.98357872202,2174.06658303207,1849.76111980393,1591.58074969593,1495.83227845824,1221.77655598498,1060.12864904307,924.76392191831,848.54245575754,755.22558417082,660.36571993728,568.07335628197,503.1508082297,451.46148496276,400.48731783366,373.56272673739,349.16448011079,327.76875417651,307.51419327721,294.41388889232,285.55434990812,265.83912179293,260.34372866046
232,"ERI","Eritrea",9394.60476413638,9019.20603895921,8508.11690053767,7917.1137015826,7352.01554128173,6979.22956710287,6477.64044114189,5920.95772249378,5438.96778361721,5019.23610018853,4719.20410966782,4461.44764117136,4299.63551402938,4009.41551096299,3917.50549457084,3727.93761219336,3543.58776672071,3414.5873669908,3346.91612412844,3164.62597575414,3046.23983670614,2861.19807752241,2697.87501196736,2634.36023046732,2426.39497902869,2281.69865590691,2193.2094918182,2097.91267617508,1986.05764320518,1963.33669622483,1913.14629134896,1896.81799396884,1718.16214266148,1629.10533545057
233,"EST","Estonia",33.84403347789,30.30669632227,28.20101300677,27.79586209519,27.70553713375,25.25315283968,21.39113161993,18.85235365749,17.8741981171,17.67138976906,15.56649512408,13.78989250715,12.56632681752,11.98076944943,11.42810183912,11.03924554844,10.6753290316,10.40348956334,10.07235649956,9.87502320385,9.80086313539,9.81356646667,10.08536372976,10.3852342309,10.51602942739,10.3622885723,9.97263641504,9.41903766221,8.85874444419,8.34424227243,8.01954733644,8.24431124886,8.67650738091,8.56189673722
748,"SWZ","Eswatini",2031.31208301633,1931.7045650168,1969.50396205607,1780.19612351662,1712.87769832486,1643.50108923132,1574.96392330955,1511.07426086492,1466.34300213663,1448.04126194744,1551.72824290503,1790.66008770987,1403.42312562159,1411.17581727423,1388.80792232399,1330.81392575638,1346.44122312782,1380.50366641057,1429.9420354687,1510.4452938151,1407.67169642175,1193.17121274865,1074.19698327816,966.6168730328,899.22567153595,872.29302202634,784.41973584317,729.67332961675,696.03386147059,650.58061826738,624.47315125616,576.91335800908,549.28747482511,498.26166660303
231,"ETH","Ethiopia",9313.96596242001,9203.80329621678,9154.99990533337,8990.27640024777,8794.0970407843,8440.87858999604,8046.05985037707,7676.0957382215,7263.68809484104,6855.93876666998,6421.88149303183,5937.92769611756,5505.59499153081,5039.23343952932,4599.97791078304,4309.08738905509,4026.35203555233,3760.37972583361,3403.77860450199,3071.91786970564,2739.86054264643,2533.21550161631,2323.37411736862,2148.99211106869,2078.69709470424,1942.45292631346,1831.5957642288,1745.76168615939,1652.97624069328,1542.20544943094,1382.31899504348,1268.76098019141,1201.89481942001,1109.0658670972
234,"FRO","Faeroe Islands",NA,NA,NA,NA,NA,NA,NA,NA,NA,NA,NA,NA,NA,NA,NA,NA,NA,NA,NA,NA,NA,NA,NA,NA,NA,NA,NA,NA,NA,NA,NA,NA,NA,NA
238,"FLK","Falkland Islands",NA,NA,NA,NA,NA,NA,NA,NA,NA,NA,NA,NA,NA,NA,NA,NA,NA,NA,NA,NA,NA,NA,NA,NA,NA,NA,NA,NA,NA,NA,NA,NA,NA,NA
242,"FJI","Fiji",509.78210953262,495.49866611153,477.1934646407,461.36977073561,441.26514296611,420.48033949282,398.89348054402,377.06844058447,361.80391858183,345.68637526859,332.05998551309,316.00068383646,301.71084949165,296.09885950096,290.0829375229,289.75219634376,292.51776021793,297.72143414752,286.3775219506,274.50523715859,261.64644330088,245.02985419306,228.26887936008,208.23490843357,188.80673550812,170.4846152906,154.63647838654,138.53206999371,128.74815924958,120.50174085055,113.56390534252,110.13179991229,102.62032191926,97.17075398769
246,"FIN","Finland",2.25735826319,2.18690158116,2.09852061637,1.98445975441,1.87732688141,1.77639106513,1.71149931694,1.61040105438,1.57154155444,1.52340408556,1.48260150021,1.43768136028,1.39886931054,1.40989454444,1.38053908029,1.38295714042,1.38908242217,1.38186497319,1.32175375199,1.2391916738,1.12923049722,0.98871149086,0.90999064422,0.84668051286,0.78604860885,0.73827041094,0.6889486434,0.64369765478,0.60485887722,0.56902925338,0.54040434283,0.53128282636,0.5192401075,0.51362808426
250,"FRA","France",3.80189447687,3.69915142944,3.55440251942,3.32307240807,3.042876019,2.86025430769,2.71005637822,2.5359503614,2.49635498575,2.43006029306,2.41913735698,2.31704865224,2.22804945964,2.29563979761,2.25788216698,2.25058753156,2.23750444425,2.24691608005,2.23200282647,2.15171878085,1.95775835657,1.59790913674,1.50937316558,1.44732281701,1.39050155271,1.36456799092,1.29700093284,1.24357383779,1.19791958156,1.14305672869,1.09341502408,1.07171220805,1.07657459746,1.0565940054
258,"PYF","French Polynesia",NA,NA,NA,NA,NA,NA,NA,NA,NA,NA,NA,NA,NA,NA,NA,NA,NA,NA,NA,NA,NA,NA,NA,NA,NA,NA,NA,NA,NA,NA,NA,NA,NA,NA
266,"GAB","Gabon",2882.99836697656,2769.27651497379,2639.14315227167,2481.05654683861,2380.38122438683,2314.61331883944,2203.37968761405,2114.309551265,2016.06845556628,1901.2641175248,1843.25941012838,1770.29113266801,1713.30839027172,1627.87253651113,1543.23721436649,1501.77444714019,1407.60278554622,1330.60079766995,1247.18132559408,1163.07648342155,1050.06419655608,964.97697141027,894.30552140002,859.61770467448,828.9019050171,805.36232165367,750.94004661207,686.85492848355,636.02785969866,591.13223473064,564.34235053645,519.09325684068,467.67075314231,442.71065488088
270,"GMB","Gambia",3174.51038790986,3067.41570095903,3018.34386714129,2826.55244925518,2650.59288716124,2744.17233534336,2495.5145324735,2350.39992041264,2323.2423924106,2291.06539826354,2021.76472692868,1817.15050291222,1707.1959791479,1651.11747028245,1766.5102194893,1722.68984301022,1603.21812327991,1549.31154078124,1393.5863335417,1316.42248445193,1221.22757811908,1056.64241853263,997.23333861739,940.23090849179,926.7322859568,827.91722801357,803.30479645651,799.29659130799,740.51535844148,712.56697813294,632.63124806821,588.29696899683,549.56783166207,522.55375138222
268,"GEO","Georgia",198.08640701815,169.54054849712,170.22076234948,195.16076810903,235.02701667969,235.96378814296,224.42343972815,179.93696195102,170.99365434043,155.05330793281,125.34262299597,117.18710834239,106.14839395929,87.64213648039,76.69745487862,61.77640788205,53.47571355264,51.40976671463,49.80026522082,48.04659097012,46.48593583272,43.21719339543,41.76039868086,40.65025928901,38.07335489195,36.42307711618,34.70273280476,30.3073033836,26.57690637042,23.5899964386,22.95541939666,22.75039853339,22.53245468181,19.14228792865
276,"DEU","Germany",2.89529827554,2.9214749938,2.94725978757,2.90259573502,2.83617917654,2.76780251494,2.70722029443,2.64325449061,2.58904201379,2.53724073944,2.52257874152,2.50591189821,2.46140821325,2.5403192884,2.59307101871,2.63803902498,2.67643240593,2.72570864506,2.71025966055,2.64141770626,2.48726199145,2.23345783681,2.10382786283,1.98501401749,1.83429220184,1.74002752595,1.5756693344,1.40755467719,1.26374525335,1.11481321951,1.02335605894,0.97540185319,0.96879843316,0.95042994917
288,"GHA","Ghana",2790.00662045862,2671.95419405751,2584.86300695298,2497.89451226654,2404.73855757217,2307.0599640231,2201.7816333895,2092.75776230416,2000.6549428027,1867.2819370721,1767.45016193967,1654.39075415849,1556.49037979145,1489.64671916753,1436.93227278386,1395.60583938599,1357.52666350925,1277.64440216228,1145.90766923889,1091.9726663574,1045.36046495187,999.59332882227,896.89892539696,812.38082968023,754.91562250426,707.03843380752,666.39747261239,644.34350146312,616.4062963498,591.15235542691,574.79967221368,561.26089458619,536.7872204374,510.17069727473
300,"GRC","Greece",4.92805193569,4.55974885958,4.21993563396,3.91011953754,3.6098653331,3.3397496581,3.10131696247,2.87558526353,2.66642476453,2.49186841151,2.34585283315,2.22124305426,2.16084708475,2.11840459708,2.05599023033,2.00970301672,1.96228368358,1.91548338961,1.83873309043,1.75827241984,1.66852851198,1.5813483706,1.5269295419,1.49545612124,1.4777861379,1.46897059281,1.43083149841,1.37574289105,1.30321006286,1.23591845161,1.20164661049,1.17637678854,1.14474701144,1.10908946899
304,"GRL","Greenland",8.54725760891,8.50124405212,8.48414447424,8.51037389767,8.40776835495,8.58455826441,8.77528594199,8.95018600545,8.87637485651,8.86004731098,8.84894673053,8.83961169361,8.78910942233,8.82843933269,8.94211315688,8.84353411988,8.67278261515,8.77756750903,8.92340638073,8.77918009583,8.49556624533,8.26863359244,7.81661543359,7.37556473273,6.91217529328,6.62028502377,6.35524427952,6.15985143804,5.92029632216,5.5754022428,5.21801169427,4.98229079715,4.8390316316,4.80129176832
308,"GRD","Grenada",216.40663696442,189.33689741388,185.93992109034,182.79150518386,161.97092612011,150.67881079992,140.68929813954,126.74712652706,107.9743633534,82.49150783004,72.20242812949,67.45858840988,63.09655660779,62.59018541766,62.05372331362,62.16840054711,59.9478066174,57.46134660914,55.61509824874,53.34306730473,51.29199607352,50.16509603056,48.05956160088,45.52333313303,42.75333113773,39.43024607883,36.95764203646,34.59591293204,33.94432343228,33.22117466564,33.1839742429,32.4139402533,33.78729363718,33.34613575414
320,"GTM","Guatemala",3720.23267191389,3585.68251401942,2970.52931018856,2601.30901145759,2352.04664193817,2038.68905053743,1850.53427096161,1689.75433163517,1581.63140582864,1393.94805087404,1392.72645834897,1341.42079757058,1235.63104632977,1128.89814518148,1020.11422615607,935.66734249515,843.64238446949,771.46990791183,697.89811643638,611.36897642078,571.65963226171,528.67972205979,492.05708900965,460.32032701117,444.72284186973,429.6352365647,427.74576503693,387.42988290326,358.2242989628,349.11256393532,346.16973345631,376.78805553527,370.05917026528,342.76019788135
831,"GGY","Guernsey",NA,NA,NA,NA,NA,NA,NA,NA,NA,NA,NA,NA,NA,NA,NA,NA,NA,NA,NA,NA,NA,NA,NA,NA,NA,NA,NA,NA,NA,NA,NA,NA,NA,NA
324,"GIN","Guinea",6775.6694375644,6507.45532484326,6309.77536124915,6079.07259080794,5990.36876981265,5838.80288761539,5325.05403527639,4960.34647652848,4620.41314814073,4279.96331913771,4016.00361934436,3770.16612084321,3529.28686229158,3390.18067764458,3415.16889586285,3276.69844466431,3191.77822508638,3048.23747029763,2865.30807564215,2661.03256005648,2579.35609567558,2427.37073193632,2262.33604599912,2136.16362380864,1976.33252030039,1814.6161474554,1689.40489645439,1478.06485462337,1286.17339718709,1199.32579272941,1156.14783123213,1091.62177333528,968.60235274835,899.88637989617
624,"GNB","Guinea-Bissau",5767.92869188843,5527.43683830195,5295.53395119292,5062.33932157744,5404.51073052105,4574.18281131266,7091.91615155461,6262.00316119273,3866.65429546548,3634.33325605316,3555.64814151708,3639.29604574209,3702.90183126939,3772.74726963032,3832.91802122535,4726.01031826675,3767.92995082828,3838.28870730382,4150.28182923582,3467.46804384063,3315.65670974551,3097.44032369024,2864.93921260363,2763.36998751007,2550.99862871684,2372.2844283034,2307.57944221746,2184.86592700618,2039.02174141091,1934.38454793515,1850.74138505352,1782.46568130518,1606.2445038114,1505.21466538913
328,"GUY","Guyana",1077.90299767308,955.82356769459,970.02690789282,1000.89289801023,934.42344405868,896.92883196876,850.80744075333,775.46291553665,683.14211382458,654.82045088568,688.57591348854,519.13909952941,432.06203362613,397.15829494236,365.79074481386,386.66908637664,373.97176025179,328.38109876118,299.37789188426,291.12768129436,271.91020299653,248.89840530302,226.6703675131,206.48492652614,183.34515103764,166.35971477736,147.13434415427,136.02032981145,137.75188647398,138.92372411593,121.80670477421,110.06909895795,95.91662818611,79.02843409577
332,"HTI","Haiti",6246.39721457703,5802.12471816465,5604.92052099463,5378.67219281522,5047.58164936024,4759.36100732975,4374.88540953505,4068.93335927506,3582.92986752039,3324.93505388261,3013.63027960887,2780.43791539317,2523.05715198608,2314.34329153199,2157.65914155121,1979.36607185405,1814.19675812127,1675.20629121396,1525.82148627836,1387.3217205929,1794.09084304982,3279.24603322105,1190.95499488401,1390.1684187174,1255.07384537413,1181.71461145629,1236.03902235535,1017.81954795412,950.80456934151,909.14820451196,917.87456412364,892.41932230423,979.47771926266,767.7111793386
336,"VAT","Holy See",NA,NA,NA,NA,NA,NA,NA,NA,NA,NA,NA,NA,NA,NA,NA,NA,NA,NA,NA,NA,NA,NA,NA,NA,NA,NA,NA,NA,NA,NA,NA,NA,NA,NA
340,"HND","Honduras",1691.38957945064,1580.13769212341,1482.51980979378,1419.04841290347,1315.64463576956,1220.75625839104,1101.63669837623,1004.96198336898,928.35672796383,846.16547556816,772.09351874393,704.02724778142,647.10094708472,597.5716460505,552.24105561247,508.92485162564,469.37581239091,431.92512429217,401.27477140487,368.81944315831,338.01662762621,310.47567650057,286.26047791189,260.54724563644,240.35277891768,223.51028206197,207.37046604451,193.9076520327,180.84286564377,169.0398316707,146.37318745187,130.59399601228,133.09495962448,123.50204385447
344,"HKG","Hong Kong",NA,NA,NA,NA,NA,NA,NA,NA,NA,NA,NA,NA,NA,NA,NA,NA,NA,NA,NA,NA,NA,NA,NA,NA,NA,NA,NA,NA,NA,NA,NA,NA,NA,NA
348,"HUN","Hungary",57.40542657865,52.77542268527,48.23086648605,42.84530038611,37.958137277,32.01119919082,28.26838294158,25.39081456849,22.48300488425,19.5578868406,17.94982863093,15.02889080147,10.48415167092,6.43002851793,4.23869528999,3.38802807891,3.24911228945,3.24471731979,3.36588574902,3.78969138223,4.55498858463,5.65312880743,6.72459393478,7.35671426199,7.61780725116,7.87199404784,7.74310081798,7.76123271716,7.69380574142,7.54136462189,7.60470026974,7.97375264994,8.42866058319,8.12468854122
352,"ISL","Iceland",2.27758322369,2.17252256671,2.10600215394,1.99830360566,1.91164376581,1.84500480302,1.80192296932,1.7303296435,1.68584163113,1.64144701723,1.59839731751,1.54652299751,1.49414615807,1.52527336198,1.54391175838,1.55672785322,1.56767993234,1.55717113511,1.48331769532,1.39500905312,1.29890500512,1.17738335059,1.13846981785,1.10975276715,1.0734850327,1.03554706275,0.97795966762,0.92462766446,0.86962863142,0.8147563912,0.78110507636,0.77369503164,0.7576505122,0.73518776108
356,"IND","India",6603.32316934906,6284.54684583565,5976.9311397542,5571.2052341596,5290.9024452162,5100.17267412802,4839.08637376852,4531.54888377557,4213.89792905846,3783.06899671851,3414.27183931826,3145.43927930414,2951.52509212587,2845.1615044402,2700.45848788425,2562.70053885262,2435.36184629798,2317.76452324716,2180.90946338195,2006.9560835869,1831.07505599012,1638.94875625627,1473.26043462152,1350.05904432809,1221.58221512502,1100.49048917966,1005.13589994975,931.31945302751,849.75795993011,766.7418260157,700.6088487501,625.04010076306,630.48112080335,564.21474881279
360,"IDN","Indonesia",3039.32226978977,2734.51849972443,2420.96747497033,2137.63107551586,1882.56325216477,1680.96082932927,1496.75820335845,1345.65784730095,1278.41629948907,1229.49270433149,1186.73761212359,1138.94548375051,1090.92788904347,1027.34391992714,991.68179239305,912.36906755258,856.8655330652,806.43073555318,734.54979338439,668.94315751486,604.81086852224,545.14111665239,487.04652936216,436.90722052098,397.35475313418,362.21188913527,332.99367611998,308.81729865338,285.68021392733,264.46248419415,252.16870792182,233.84163783438,219.66251537602,204.40614051101
364,"IRN","Iran",454.71017777793,389.13966118075,359.72483202754,333.62019148938,303.44482067228,279.69483325133,253.03230153569,235.23798725424,215.27794488934,192.77186746284,174.94423409355,149.92932593821,134.3632339345,121.3619536466,108.85022441258,99.60201281123,91.87366151736,85.25849512687,78.8781859958,72.10813397062,66.00776948272,62.3993477593,59.42957373332,57.52406300209,55.12567640846,52.25074548657,49.43752761893,46.17695119886,41.48471949209,38.35538428032,34.50853615538,33.7328315227,33.95204241499,32.44458177032
368,"IRQ","Iraq",524.57790628165,502.88479961482,479.21120923457,451.05360003685,425.72460105444,406.80962026152,389.72225194742,361.68282720381,324.17216777388,288.89406751307,251.81846172398,226.12638393657,210.33246938122,205.11209831244,189.82864515146,180.69423778305,170.53352304257,166.59499629704,159.45321895522,148.91708905009,137.95011186453,124.99112836582,109.4109766523,94.49965417191,83.53431053798,73.59054745485,64.362010911,56.66517214871,49.98818865457,45.0610089863,41.37891707504,38.14305844096,35.69130802421,33.81362866423
372,"IRL","Ireland",5.32737360431,5.21135885586,5.13266427847,4.95650889749,4.73504580799,4.56297539913,4.3229661389,4.04161752535,3.80068080276,3.55877364392,3.35659005067,3.14694375453,3.02352527864,2.95510955034,2.86672840277,2.82886480212,2.85167519546,2.89101350827,2.77928359154,2.61938252333,2.41452251155,2.21931525986,2.16886581535,2.15097883049,2.11247290908,2.02682781868,1.88639511579,1.71414904571,1.53467733925,1.40159535712,1.30465662415,1.26982742526,1.26096473201,1.24827630368
833,"IMN","Isle of Man",NA,NA,NA,NA,NA,NA,NA,NA,NA,NA,NA,NA,NA,NA,NA,NA,NA,NA,NA,NA,NA,NA,NA,NA,NA,NA,NA,NA,NA,NA,NA,NA,NA,NA
376,"ISR","Israel",4.2810379576,4.20638293686,4.2599265605,4.11395987342,4.01589184892,3.88428978878,3.70298620657,3.69996689608,3.918153473,4.20418005002,4.40323171843,4.55297385239,4.69856924958,5.03366404531,5.22003093067,5.31932799912,5.42848598077,5.60484081141,5.57033497573,5.38058530036,5.12308059007,4.63290039539,4.38265263918,4.12619316588,3.83000421062,3.65012528059,3.39281938714,3.16583984825,2.9077443758,2.69707765571,2.54024724359,2.4544982681,2.40979319119,2.34933247502
380,"ITA","Italy",2.92134043001,2.72419215646,2.57303661287,2.39727180909,2.22541678696,2.06574178691,1.98436409767,1.94818848681,1.91995625996,1.89358887895,1.85425490611,1.78395804262,1.69294564989,1.66524596607,1.60730223323,1.5598911523,1.4936852884,1.45738734864,1.43981263895,1.41793896352,1.41997471367,1.4176434162,1.40693066225,1.37611616256,1.35323586036,1.3134169668,1.17064099089,1.10883517444,1.03596772917,0.96728626577,0.89546120325,0.86227633102,0.807800543,0.79743274129
388,"JAM","Jamaica",440.35612390438,385.62435498611,361.14197949865,340.71808826199,317.04099360266,278.88103495748,211.17269756949,179.39292949297,166.32817495116,154.21377183507,140.69979529629,110.55119789511,96.66485243704,94.07217538189,85.46388636019,80.11316621172,81.09418696139,73.23201626789,66.596597032,64.0307082337,59.57200010777,59.31014433621,58.76125196017,56.81377921479,59.18648201551,58.38439674947,57.65779192964,56.58800364307,55.38962793905,54.76056087935,54.20303091119,53.26619795815,53.86127394095,52.46372532424
392,"JPN","Japan",5.9152023238,5.60410190578,5.33656112735,5.09298269654,4.95643511384,4.7398035543,4.50484895372,4.34139666841,4.21526715863,4.09564740485,3.98231820121,3.88238408545,3.87170984339,4.06180419016,4.19119989619,4.35103307446,4.45015415765,4.48077778346,4.39750791404,4.29247088853,4.23857377937,4.14374611368,4.1946514073,4.13605871764,4.06711297814,4.01080292536,3.9633095746,3.85088420088,3.72826248918,3.54917186748,3.41040917224,3.24445098447,3.10914653811,2.3801118007
832,"JEY","Jersey",NA,NA,NA,NA,NA,NA,NA,NA,NA,NA,NA,NA,NA,NA,NA,NA,NA,NA,NA,NA,NA,NA,NA,NA,NA,NA,NA,NA,NA,NA,NA,NA,NA,NA
400,"JOR","Jordan",71.39906780915,72.41077786557,73.51125988249,74.7392260524,75.51486576987,75.54596476789,74.65653033842,72.78247062886,73.55984045663,73.27520784653,72.72644553878,71.62347831232,69.59151233233,65.85122702078,62.07854120047,57.47308509883,53.23342181694,48.68662499477,43.04834648117,38.20245264958,35.95606095695,34.11675469679,32.53917593744,30.56958594428,28.82152051771,26.62324593052,24.58838148303,21.76670649634,19.34940876498,17.47771200115,16.42115782821,15.85286276586,15.33448970539,14.81614215426
398,"KAZ","Kazakhstan",525.67519103633,508.69811785778,517.89753132864,517.06260173397,517.65328842647,496.60159591928,435.8852033091,415.52253681642,322.36170106938,260.55982999364,199.96779213324,152.50229445651,118.40022354516,95.24122049773,76.79355175756,62.29691457669,61.86257275074,59.19080525482,53.94331987417,39.15148960869,32.28028122683,29.57368101399,23.35878393809,20.91277761449,18.6920339457,18.72232865492,17.72379772726,15.31918948649,13.62616783449,13.74715649714,13.96439989591,15.91313072455,16.11222203215,16.72984874855
404,"KEN","Kenya",5379.88939946667,5173.14496708764,5026.25274010628,4889.42258838136,4747.0578511953,4595.94666331122,4441.32648198669,4379.08957421168,4290.05984090153,4130.53013350698,3917.15882405966,3736.70747249097,3615.69679128271,3493.24333786605,3270.30802099484,3055.57739514,2881.72396969366,2746.21981050623,2578.90353763783,2506.82158996342,2394.43416818012,2251.95797147969,2090.00152705665,1948.6373324855,1799.74397427784,1671.19851308866,1537.43990991407,1443.14951214938,1320.85235706266,1217.6744677353,1150.77872445973,1080.18687716721,996.26656213457,934.72925370575
296,"KIR","Kiribati",2498.95210487792,2420.06197904392,2201.81032060062,2242.03454243717,2124.03976989263,2015.64719625724,1920.5131219634,1820.30841344439,1719.63837301787,1691.17115619752,1604.16629105189,1502.03356300611,1412.73611643162,1325.38374404478,1242.18476999534,1187.02634526514,1138.22059600918,1142.34679335034,1090.73202793764,1033.17561429287,983.71689908281,924.30690809554,850.06416731962,795.19901268642,746.96763593594,692.24072630041,642.82641923137,604.89378759654,592.36082970576,565.19340600009,549.38979749681,526.2277609269,495.15033817335,467.89628122967
689,"XKX","Kosovo",NA,NA,NA,NA,NA,NA,NA,NA,NA,NA,NA,NA,NA,NA,NA,NA,NA,NA,NA,NA,NA,NA,NA,NA,NA,NA,NA,NA,NA,NA,NA,NA,NA,NA
414,"KWT","Kuwait",22.53580631068,18.62709407038,18.68249763231,19.00829924819,18.18580430921,13.63811480769,11.51758527381,10.02690926026,11.10280619144,10.88229338819,10.70053564368,9.85947561785,9.42602841655,9.18358891454,8.56117598223,8.24326677189,7.65343864297,7.33694908205,6.90535703813,5.9841087275,5.53656877848,5.41380673523,5.28582551848,5.0575109746,4.84279013329,4.58233586555,4.36950676489,3.999701577,3.61452355687,3.32661083109,3.1587110242,3.01159359889,2.91580680296,2.88156891811
417,"KGZ","Kyrgyzstan",732.70212353172,710.52542264566,730.40085061945,686.32188983352,693.15639109898,677.27706998021,617.87382822178,661.41356474743,629.59005743915,569.06923963846,457.80299633441,381.07786128043,308.73152093045,243.36736081227,211.16440610532,202.17651741391,201.72446320385,193.19456639284,179.11880607899,146.97246883911,124.02141387756,119.13075224258,101.22278855277,80.16824723979,76.5025275498,75.22141789752,64.23777751733,55.98625385901,49.87079810377,48.95370764879,48.8845067069,49.72620960255,51.59708822268,50.21628053355
418,"LAO","Laos",9587.63932124267,9182.62224987375,8799.81889090026,8604.99659828803,8367.31816378599,7569.59296477432,7109.78297279192,6650.69404869249,6242.26556221814,5769.93021237915,5298.16596293992,4757.99101110844,4284.22732419945,3831.43571343791,3438.63654265212,3099.05624283228,2782.65965812446,2500.93823784219,2317.67067315353,2123.55103058786,1924.22031650485,1742.51303991527,1583.0395820363,1436.17144883288,1299.93309067631,1186.74062128168,1076.38350449691,976.89107239684,912.81603222513,856.30034964708,831.27840045304,828.30264706582,765.85743832822,711.59573352473
428,"LVA","Latvia",30.1141540755,27.94504847702,26.95830611641,27.29092123553,27.13211305937,24.95864328306,21.58958835591,19.34918937862,18.64051364103,18.60165396951,16.96974406576,15.34990703446,13.79431223763,12.48291025347,11.31433220917,10.54451438112,9.87032575748,9.33806306982,8.69056886073,8.20946558856,8.11229113332,8.22844069449,8.31073105143,8.45584295542,8.59150765706,8.48287589016,8.10706278188,7.52676749742,6.90698380815,6.44879302474,6.18483197007,6.26531116598,6.31301911491,6.22031525295
422,"LBN","Lebanon",233.48803768056,222.70362942914,214.01882038638,217.97926931374,189.74703574055,177.72891439016,163.68414071834,139.83296684117,117.25321893711,97.01353949743,79.70482119827,65.88912262234,53.50754026485,43.2095707444,34.68088699661,31.95707028812,29.83720792297,28.11155634391,26.23456348865,24.36497696379,22.53182881227,21.10010117938,19.53801497938,18.16664588708,16.99171544932,16.01775325344,15.46503001399,15.08242576557,14.97564587826,15.34844252212,16.0227891971,14.98537158424,14.26637888225,14.02309727811
426,"LSO","Lesotho",3919.39828003629,3801.05536024929,3670.10969700963,3540.93973731252,3465.9167899774,3387.19465266778,3367.3121078949,3359.51480372257,3379.90875009162,3454.9088466664,3503.02011839684,3709.5152260583,3888.47303875848,3728.11130516764,3416.09544112618,2763.5129862032,2316.52775862381,2177.08591431902,2142.57865431981,2136.55141360707,2122.6352005286,2095.99749222442,2012.20676291458,1910.37624838058,1826.9227921379,1749.08065213009,1648.18706625231,1567.27513686545,1482.27675888364,1389.71520479492,1342.36903899413,1291.30630873841,1226.3392316506,1164.80203554819
430,"LBR","Liberia",7904.32095246022,7667.1074302898,6811.36240915217,6819.23855054607,7147.60163147575,7139.01597739923,7038.35964891072,6424.08906911452,6292.38269713949,5758.14210772236,5000.02445147804,4180.91294771828,3532.02675421677,3241.65204062591,3237.66450593199,2964.89525634898,2776.98738501072,2543.76675188597,2410.80636096455,2320.21952651418,2225.48922991822,2097.00391029913,2062.12099562471,1925.73297425503,1732.38190299856,1627.18388107312,1529.71938125528,1422.28718881449,1325.49910631478,1298.89100662641,1179.18603817593,1141.6001175568,1082.59137391073,1035.157037815
434,"LBY","Libya",244.70404270055,208.90174000022,188.61856355275,170.07124490456,150.09904958405,135.43848109971,117.84480094758,106.64081673309,95.46541706787,83.83724500648,73.81360859003,66.83837782409,61.95424983451,56.79757349072,52.48925019915,48.9320881177,45.96121187995,45.08450401087,41.27899407979,37.70545796027,34.44927748412,33.45671053448,31.07857754983,29.18538937684,28.18887642256,27.04282037024,26.59682110686,25.477260012,24.08554399268,23.26464260425,22.95492868478,22.96221992255,23.69514295724,23.41186255755
438,"LIE","Liechtenstein",NA,NA,NA,NA,NA,NA,NA,NA,NA,NA,NA,NA,NA,NA,NA,NA,NA,NA,NA,NA,NA,NA,NA,NA,NA,NA,NA,NA,NA,NA,NA,NA,NA,NA
440,"LTU","Lithuania",56.29165320228,54.8215820139,53.81448945763,55.77394727081,56.9093854638,53.25598203343,45.73075449022,40.11587574005,37.36577277062,36.79406353917,32.58372585371,28.47860705502,25.06257346624,22.23551953539,20.08580032854,18.4083081933,17.18411721982,16.33403277405,15.40669015977,14.38856273027,13.97314742118,13.57519799972,13.40807931561,13.376980881,13.37023851207,13.29023816533,12.99174406374,12.61471215429,12.10067707498,11.60483168912,11.3558990798,11.37467484929,11.79470088657,11.71055584064
442,"LUX","Luxembourg",2.77447846131,2.63254501355,2.58663609777,2.45993035953,2.25086782669,2.0790081148,1.98166682039,1.8758803274,1.86859237373,1.86795229686,1.88117004829,1.86168147075,1.86387707973,1.95165470925,1.96035523902,1.99830442298,2.0515053626,2.04657485713,1.90534021262,1.76514346596,1.60983650374,1.39719154055,1.29802190933,1.24193721213,1.15657286776,1.1094172974,1.03552807764,0.98942498778,0.93766690731,0.8957553983,0.84633077712,0.81461250442,0.79186398361,0.77164707982
446,"MAC","Macao",NA,NA,NA,NA,NA,NA,NA,NA,NA,NA,NA,NA,NA,NA,NA,NA,NA,NA,NA,NA,NA,NA,NA,NA,NA,NA,NA,NA,NA,NA,NA,NA,NA,NA
450,"MDG","Madagascar",8138.44346315562,7851.29376803237,7549.16264000054,7231.67935319876,6882.03593455534,6540.87026136112,6254.60282871529,6005.59824129804,5854.88378082756,5888.86907484416,5641.68513001242,5435.4180969416,5196.9567822779,5041.20634053703,4883.26245296514,5075.6168035696,4993.62569804038,4939.76160459423,4921.57854190374,4828.55427195225,4603.77003393921,4612.55235500947,4528.10608338042,4284.52166245632,4148.7585129659,3972.83829438682,3680.96096232387,3478.16291420538,3202.6657946853,2905.76711284901,2917.61866840686,2716.0755465353,2433.26682221128,2288.31819791708
454,"MWI","Malawi",8842.12090676241,8393.42614001201,7898.07246766483,7551.75642508725,7015.25371919572,6653.55064540279,6212.29293087633,5857.99937130461,5571.5655927497,5590.33785062841,5260.77019388227,5036.07005311493,4585.04635206688,4130.06698743967,3755.0938334628,3419.83697466694,3206.27298830436,2950.55944437598,2724.39530673454,2610.59975066991,2510.87934537081,2493.3532572237,2408.52166594181,2247.54983074357,2150.11777126816,2081.69134507845,2017.70181153039,2023.88406176271,2076.70004957316,2060.9737674216,1886.40685553183,1676.92679138544,1862.54286179789,1562.37037382414
458,"MYS","Malaysia",194.2483457239,174.06420685643,165.20740211077,153.0118289367,135.57739287277,126.77000855227,109.85417138355,96.8406286744,88.17844407827,80.94559297396,69.92781548526,65.64491963699,62.93204228869,61.12544966241,58.35339566639,55.88500581628,54.38653826828,52.11718998886,49.79313333402,47.18066861374,45.14496290746,43.36500179778,40.90211309802,39.17152776243,37.77148673179,36.36013002471,34.90595773657,33.97485788262,31.81113496943,29.32352956288,27.59340876764,27.07629202286,28.40480598508,26.64373991541
462,"MDV","Maldives",3697.58132663466,3302.61466976464,2888.85427315062,2470.36435850481,2046.5906735872,1646.00048054023,1460.68529091554,1165.73035488383,978.64110462877,775.66792678038,656.92180372665,542.1404960544,436.3853676306,372.14979665595,314.01849267743,260.14352664318,228.56481698016,194.51244601734,165.65617991406,144.12047989667,122.04827333016,102.2104812428,85.20756045595,70.929859212,58.39733326904,48.00146010217,39.63063146084,36.76271494128,33.8053253099,31.25961331804,30.69392132362,28.84059971118,27.02416017279,25.50333164315
466,"MLI","Mali",7734.67154076481,7383.52072887799,7086.1234593776,6779.48005244441,6452.3192046557,6247.95447094694,6237.4862410668,5798.16569406908,5562.44468465832,5352.10079674716,5165.74506701747,4781.79241246442,4833.78329644254,4486.22823296009,4075.70699625398,3785.72547970947,3523.96342621063,3126.18467496991,2928.24613287706,2644.10704593599,2318.09421546924,2066.29581985139,1901.90426904076,1843.56787591811,1799.24075402146,1811.6367685262,1978.25801873006,1976.7416369608,1887.75974977892,1740.90916403897,1619.7253952781,1573.92805768546,1414.56227969413,1305.44111718193
470,"MLT","Malta",4.89765587817,4.71443476513,4.44520030342,4.15466889033,3.8696954221,3.68228112451,3.50752920612,3.3093728719,3.1250194679,2.97501113182,2.8150839713,2.69338625643,2.56369963607,2.54168229362,2.49535047762,2.45045800563,2.41057897016,2.34484463905,2.2256354725,2.09663057329,1.94453249388,1.78214155282,1.71096437268,1.65709120329,1.59141965463,1.52602589973,1.43707522429,1.34768795429,1.25399752237,1.1721922633,1.11746381263,1.07014484497,1.03094221784,0.99965228811
584,"MHL","Marshall Islands",920.98217105175,889.85372478469,848.50159508126,805.41241242562,756.12093484206,714.33878509244,683.65785020473,645.53980911921,627.5450280573,609.02686126717,938.54266209632,565.86848203362,547.01214162607,528.71600067994,524.99063412609,510.17450821135,486.46709900023,459.12826062767,415.80824984977,389.75826550248,363.66756084693,337.0747193486,314.22625178221,293.68283126587,278.82081655633,264.98474436721,253.82816149439,232.13026843052,217.3843831355,198.45602687873,179.94635956094,166.91120619088,155.01151224057,141.32907064369
478,"MRT","Mauritania",4332.99013848187,4124.63707846014,3991.0334615325,3860.53664532224,3570.30303057442,3384.55249539634,3452.39080131512,3297.26381682604,3254.86992140253,3070.76220646493,3026.65732356828,2996.5848724855,3000.34913679467,2895.69014636305,3022.57897682229,3042.50077756762,2984.92769512881,2764.65403494308,2519.57322259987,2450.45118827061,2268.95233617095,2076.77204581469,2037.5158721525,1929.43060991743,1735.5989732449,1621.48634284675,1487.09041943472,1416.33129694505,1306.27272010478,1273.44574067217,1161.16018249787,1123.53570968429,1037.3668697457,994.57594142722
480,"MUS","Mauritius",275.52979109517,193.98928252516,175.16455285926,152.02146056113,151.37483508434,130.43074951342,115.06182848769,100.0397255345,95.10119102415,90.01404887681,85.21002949596,78.65218891363,69.7809469994,62.11548015518,60.43791226376,58.00538405779,61.20061747393,59.1401637544,56.75929496249,52.31733223766,46.23947850877,42.13960864025,40.59699053445,37.70373280117,34.18868294723,32.84938116124,32.0624953108,30.02827481805,27.17136769107,24.56548147974,23.98112576435,23.92409024376,25.01690851993,24.18707253593
484,"MEX","Mexico",948.63606387167,846.05928138473,701.19647035392,600.09361705821,498.5340924304,442.91218216442,385.71733877976,340.43612096305,289.55103597892,241.70434104987,210.57102553384,191.56460800699,173.8500205177,158.04311067515,139.76000565997,129.5108103825,114.61233760929,102.07916827373,87.86782423179,76.48559895196,68.9721711237,64.9857389765,63.0575759669,60.53688022731,55.04167090781,51.89728604036,47.97482781671,40.48357322545,36.85727981567,36.67818408027,35.55013806883,31.81502926339,30.14536274878,31.44676369007
583,"FSM","Micronesia",1078.1293246506,990.78067348157,941.67355125579,885.98752960203,836.78372029256,788.20956175973,749.21643388053,701.50731800559,669.84723681229,638.0516628333,1181.430043894,574.15991838164,548.3186812759,524.03498932544,502.35492825708,486.65839330923,456.76041399465,429.55263285993,384.26496931263,357.94412903298,331.68218080032,316.92850891223,300.82214200878,289.59295997137,281.08713536765,275.31515981301,269.74518227461,251.18122054298,242.71163044359,229.28449327844,209.69183127281,201.44051993638,202.69871214645,191.94635030508
498,"MDA","Moldova",167.03162405477,145.88503249112,146.69489371197,157.91286004005,172.8575311814,160.61264580418,149.8468563838,136.00196564675,124.68614078411,119.51836630509,110.50793476732,101.74370919276,90.43626458047,81.47672881199,71.7879028065,62.42042302963,53.73836738664,50.16100516411,48.78378439544,47.95730290032,45.14971466406,44.49322824179,39.42732073577,35.86039679435,33.64820841885,33.86294245586,32.26662574252,32.9572990771,32.62933405384,31.17977239394,30.44858127405,30.24543730459,30.50263042359,29.81838058691
492,"MCO","Monaco",0.98673194002,0.94224777165,0.90442403218,0.87326748462,0.83983457101,0.80859503709,0.78153977771,0.75787625638,0.73666943776,0.72016587372,0.7029220922,0.69118463051,0.6685613134,0.66770287843,0.66136481209,0.64844175917,0.63178590623,0.61563904805,0.59535799079,0.57145022557,0.5477310406,0.5240855542,0.51424585464,0.50386511839,0.49836846103,0.48892393454,0.4766596305,0.46051652811,0.44418915892,0.4303844906,0.41674144841,0.4141211455,0.41391383049,0.41133983724
496,"MNG","Mongolia",774.54143624908,705.79811820016,626.75932399679,549.12755189676,476.26785997827,422.9551373801,392.02977395097,334.880099903,299.30191921498,266.11096152576,233.23490434715,204.25392276479,181.94133911669,136.51189327572,103.58671435016,83.45647881564,69.9182639155,61.91846939748,57.13404173821,52.84203758838,48.61927565122,44.91071823409,40.62039310192,35.72198132646,30.91079006558,25.91187462422,22.42958085306,20.39176806111,17.72187123208,15.84621280496,15.18947162531,13.71862057883,13.44417348896,13.6180737386
499,"MNE","Montenegro",8.32724122916,7.93050449196,7.73658184261,7.77371443993,7.81897461505,7.75564493121,7.52731780108,7.21571285872,6.82193318072,6.41759902728,5.91765703824,5.38911491348,4.87456670874,4.44302852465,4.09991958114,3.83407484139,3.59881944283,3.37323429619,3.17517383068,3.02551891005,2.84785736872,2.65938683166,2.48578653923,2.32794719695,2.20508327156,2.09474076795,1.96979643565,1.82124599778,1.64255450883,1.50262715882,1.43111503664,1.35349633663,1.25602231905,1.18538576426
504,"MAR","Morocco",1371.03835474005,1250.01242038765,1161.00725513219,1060.32108460875,958.96983053445,874.4910377357,793.56327265448,722.69647744087,659.18426889441,600.14309240912,547.19948744789,502.77046037974,462.24174181545,422.20590723205,387.41698418203,357.74912800229,327.31776978594,296.90040493088,260.28084467361,230.43667846405,206.07855188671,177.06367642036,150.98837814822,129.2267716238,117.53793234781,101.79532330684,89.22018036389,78.66344027247,70.03248830158,61.05683981933,56.67751522446,50.09656887836,44.04783602813,39.96259769617
508,"MOZ","Mozambique",4938.35738965558,4733.9391528137,4700.0376163315,4529.98331585688,4267.00258763665,4197.51591955324,4092.2694014953,3962.9023286325,3806.57903135781,3707.3908357493,3375.84818552461,3059.16269040038,2830.92360283882,2786.96775588202,2782.78604662739,2679.71927040317,2822.31524101462,2838.17791874473,2791.7101026567,2604.60527198752,2338.97323671426,2083.31852260468,2049.29957640323,1990.14116439146,1945.73520609104,1901.43182220508,1820.88498556744,1729.36928703634,1607.53489866892,1595.19271044782,1496.39140484557,1467.21084383491,1328.73548214083,1227.39237567041
104,"MMR","Myanmar",4022.41933339411,3898.74722186712,3668.59536732756,3436.38842717511,3164.64520019224,2908.81765042423,2676.92424871964,2468.58643922258,2284.71575653321,2076.4631257769,1889.644702266,1655.34656957661,1450.93476379337,1267.64507571392,1169.26402080421,1065.35317091664,956.88001468792,857.4247152799,816.30830840827,720.00758233231,662.23367418786,622.89024453538,586.8169692344,560.85870912686,532.54352830625,503.75995563293,475.81440072292,448.66617261093,421.21743397724,396.48699158464,390.40701305166,369.24977664381,342.36435300421,318.46570508353
516,"NAM","Namibia",1952.58214856701,1920.51779495755,1880.07294956429,1841.1900671463,1791.86669396599,1738.15349171875,1692.31717121082,1657.50046959841,1646.58382521016,1612.20567354935,1571.95776732566,1487.01459090626,1437.60164495828,1364.71688138295,1289.2656888183,1254.79166485191,1223.08106528767,1201.41477007826,1135.61905329916,1074.51486625882,1004.09750164395,923.72073645535,855.00437241165,841.56212861804,785.76831029063,713.61721711241,661.98224341451,612.32101613877,575.55755454693,544.30068887544,524.99736910019,501.93497611311,504.08088966226,482.29730634051
520,"NRU","Nauru",455.23934577255,469.15200990131,472.52673631307,477.22635297573,481.07103663216,486.62236809407,493.61181607022,490.02575717578,513.94335635287,521.19126103565,524.20775217741,524.78270831693,520.22616637373,505.80427886698,504.82420484902,507.68699913982,501.05336347189,500.14569550776,448.5820483264,423.18178908769,395.65502633712,361.47060060986,321.80096632467,286.27344772019,248.47427829754,226.13504275783,208.16648400473,187.09072657701,174.03979071208,162.30854790489,145.22812974861,133.20614515756,122.05252443325,114.23602299842
524,"NPL","Nepal",3875.19633586723,3814.49432581474,3472.76955345356,3266.59466176005,3075.65071205412,2878.81925837883,2678.2819537135,2461.75539102863,2257.98161359076,2049.62831504939,1865.96719276703,1698.97133489765,1530.41412189461,1390.32500479534,1269.70397118259,1220.17553082354,1138.47598058837,998.60799151512,867.54063177922,815.66010692942,679.28323552244,594.60664730348,534.77408260131,503.22868007237,458.81698455655,411.7271202248,370.1021026346,336.20090232325,298.59781844363,270.12974306779,256.14343747205,227.77141103443,219.14188206646,205.48803658109
528,"NLD","Netherlands",0.97391785935,0.95283324274,0.93144906561,0.90069065435,0.86354541108,0.82189475297,0.80715581674,0.76201908921,0.75037850954,0.75526848654,0.78108844875,0.79855922738,0.81109293815,0.85471086835,0.86754148361,0.87615118662,0.86389229734,0.80713604772,0.71570570959,0.60832149004,0.53613598428,0.46078250162,0.42905851113,0.38867008339,0.35683630918,0.34894896386,0.33682829912,0.322249006,0.32059647357,0.29766210797,0.27251726829,0.2730722496,0.26487590508,0.26919261011
540,"NCL","New Caledonia",NA,NA,NA,NA,NA,NA,NA,NA,NA,NA,NA,NA,NA,NA,NA,NA,NA,NA,NA,NA,NA,NA,NA,NA,NA,NA,NA,NA,NA,NA,NA,NA,NA,NA
554,"NZL","New Zealand",11.60374347313,10.37756854512,9.40775929252,8.81817654022,8.46631748896,7.9798333919,7.45477723146,7.10206675254,6.23316361537,5.83992187313,5.55264065222,4.86366069311,4.38789018651,4.09265100592,3.96452331779,3.9470763467,4.1958428147,4.88736268346,5.15021987493,5.40703639831,4.94996657015,4.84354970337,4.7111879296,4.28470161094,4.43047410925,4.08622247677,3.71270649616,3.58860390521,3.17663390189,2.9098424341,2.73338013553,2.66640128342,2.61270652335,2.78840547133
558,"NIC","Nicaragua",2449.46042331446,2170.88016119559,1922.45797720867,1860.22558271462,1596.6679957581,1439.55541956969,1218.98809296476,996.62953266942,903.4002313243,751.52191665559,661.71240798125,596.59915331842,534.38109709729,484.66797494024,440.29391774263,403.62060466379,352.75699898113,312.27307138309,278.1599705287,248.49213223507,222.8667165109,205.50123343987,191.64882747641,180.7108242301,170.24369614716,159.92958892168,150.84496340111,140.94096910534,134.14559369618,128.90081291871,127.31044786454,123.40102265975,121.16193836693,117.67291991996
562,"NER","Niger",14158.0802148351,14055.0121542639,13749.9180237443,13269.59073511,12734.4537571536,12138.7633461994,11593.1207208235,11021.7147637282,10523.8154498737,10094.8934152442,9862.57096903143,9375.99962810385,8939.93506527464,8465.12684537181,7922.94105007557,8140.95658565768,7891.18486304777,7158.14760688189,6364.51694309605,5777.3640714362,5002.050571464,4506.33740219237,3990.098445601,4047.83210127974,3892.85236648556,3623.39207494713,3545.96632008299,3423.02585446057,3134.24270233271,2991.95199117657,3059.34070200339,3072.12008218939,2875.73132737114,2819.52509078512
566,"NGA","Nigeria",10136.8522178854,10533.3176428859,9743.32031304425,9415.34574034537,9040.45083862539,8599.96207440993,8218.82879817797,7645.44454015239,7199.99524407995,6754.90634626544,6396.53607978428,5980.33140642777,5573.34828646298,5103.96158879275,4653.41846986843,4238.93459733007,4085.59959018121,3901.16504109081,3724.97136484375,3550.10963036378,3443.4959055604,3164.17603961641,2940.67363392923,2769.23458520865,2592.38815232791,2397.95426089885,2240.35509006583,2036.14195592142,1848.45350859518,1677.97837366808,1540.09609064645,1493.47614494972,1325.88039104762,1175.4625846667
570,"NIU","Niue",217.40930871064,183.45948484699,195.56322158415,184.86432180335,173.75184968603,163.67479789402,155.97287518147,144.18389856668,141.47462697205,135.39312647425,128.80706960934,121.61629876551,114.71002910473,107.24089892213,101.42241303139,94.09479750726,86.93072586207,80.5048307803,70.87220770809,66.87921681583,63.39937944413,60.18123932933,57.47878440717,54.68159159556,51.9529120578,49.49324629537,46.60180611275,41.53653530855,37.22984556354,32.96089481265,27.70353517863,25.42472265455,24.8065361846,23.74554225375
408,"PRK","North Korea",63.35134470446,60.91156636971,59.17273302919,57.88471293561,55.5411026383,54.3527492465,53.82366692819,52.98567014363,53.81223422035,53.45341070984,52.80682418831,52.16860591879,51.73892874523,50.83507189956,50.05696877607,49.15027811593,48.76695128962,48.4129024221,47.79585801369,46.83747826777,47.46755110792,47.9902419969,49.1179906422,50.01573603434,50.82606218162,51.24970829647,51.54241784773,52.22865891426,52.74397156115,53.45078746454,55.01718968383,59.05794630744,61.48534862381,61.62785777661
807,"MKD","North Macedonia",212.79491462535,190.7643001942,172.25707966851,153.10869208133,136.39832973334,119.11659626715,100.19246054673,83.94402060889,70.3873791752,58.28071967666,48.19485601723,40.10181877624,33.36422151847,29.05632757708,25.6662404012,23.52093665708,21.43649038199,19.63127819393,18.1173233778,17.09337820698,16.0932559318,15.42324665802,15.70551873886,15.72618793851,15.71623731329,15.56125185587,15.1653538754,14.41935290267,13.43538045691,12.48752127498,12.02945257213,11.04462593209,9.81406315355,9.23279923465
578,"NOR","Norway",2.44558500416,2.19203307743,2.08603814576,1.98539129746,1.92575530457,1.89294146323,1.84851063738,1.70161479641,1.60295405112,1.58110963497,1.5316897235,1.47289246255,1.47407666019,1.4932610176,1.4412487656,1.56085045275,1.5729033288,1.60918979694,1.6915105841,1.67028828011,1.56304504824,1.45020708189,1.37810709462,1.28520971428,1.20950248349,1.15504834803,1.06470436417,1.03178265319,1.00386222213,0.98000708172,0.9633771636,0.9739282879,0.95706806091,0.9648558647
512,"OMN","Oman",240.84672127688,204.32465010538,178.29279039575,150.12301367728,122.21128129677,96.23768426321,74.89280657491,57.49530677861,43.84206353953,33.07426795511,25.45495654718,20.84181258708,17.81248145377,15.38882728498,13.50260701847,12.13069694652,11.14507346084,10.50841522927,9.85393442575,9.11623800632,8.44525474391,7.96653450492,7.55166507415,7.14995614517,6.91424539685,6.6125617273,6.47395619724,6.29133600323,6.07417171092,5.87736948447,5.53943587999,5.26073622123,5.20426690599,5.00978393819
586,"PAK","Pakistan",3566.47719757693,3409.96795187158,3265.01110828243,3116.20239136544,2933.29968976302,2754.28882737614,2558.57342600778,2381.26541695455,2217.4209555512,2060.35002014047,1931.21407544146,1824.10596437749,1791.64647099286,1770.3142417273,1760.07666523759,1759.25802296878,1682.20394939272,1648.7297678969,1661.72817498824,1636.82269738329,1561.92421596101,1473.67490383456,1378.38900092334,1309.31542662218,1237.74430473409,1168.54810153578,1092.42556860452,1011.29075306277,913.09251395698,826.55012799906,744.13144389589,670.78612524189,602.62125305583,553.3915743191
585,"PLW","Palau",371.09463122467,346.91183653251,325.72855163289,311.7929406297,294.95705495686,278.87136677039,262.81986446671,238.23209379019,226.52285444157,217.94105806344,210.37634910032,202.85171149753,195.35688765846,189.261614614,184.74263827535,179.79678905847,170.74880529164,160.96730779768,142.78917778094,134.41388386317,125.89674828639,117.81315587749,111.13169976253,108.17846960386,103.66976978753,99.46644432775,97.3308541748,90.6454064577,84.89799428621,74.09181684711,70.51952070707,68.99063372427,67.03796700542,66.08944422703
591,"PAN","Panama",385.29916368862,353.84099680141,321.95007945136,279.07555226901,259.40317084105,251.96552048,244.09489669581,234.45284985667,236.7180957102,212.95310500657,206.18900334999,200.85491825752,191.06724259298,193.07971463054,190.05641532473,189.89489955102,167.92195819427,169.05031337618,154.17048974891,161.24102096762,145.98981085454,133.35341794372,125.82891032129,122.14876475452,116.33999609178,103.32638099516,107.72600109209,101.5473809973,89.28405537879,77.76054706411,73.8278652721,70.83111761038,66.54617848624,60.73696569716
598,"PNG","Papua New Guinea",1843.49867114277,1780.97668790503,1706.75669795793,1623.7091334718,1535.66010799922,1463.11587173663,1405.7233562417,1336.87389001027,1314.86689766866,1282.58707222777,1238.40178350842,1190.1268193623,1149.80405104934,1091.00612721412,1060.04640315817,1057.20724195941,1046.42239974082,1025.14107230887,993.88824465671,1029.45868684134,1006.49650342622,947.95261609564,929.25189096498,894.6051133034,861.90626646156,843.97589414142,817.80397723462,787.63012309247,753.37881026848,737.82599668928,751.41439784119,791.57337588493,725.93320289245,682.36473681106
600,"PRY","Paraguay",597.97202890756,545.71149146435,519.24717158155,479.44868972998,442.41705725435,407.77579435327,380.04110546133,349.05583975081,325.09205237348,304.33214788911,285.82534701315,267.24413425334,252.52876478077,234.75281159599,219.08575596798,202.66382891904,184.80727236635,166.52210477754,148.2493234591,136.61296578043,121.30486138015,106.42913347737,94.64416355981,84.75698936929,74.9855233152,68.51588978335,64.13730623787,58.37750057476,54.02451371536,50.41099352832,48.62122040504,46.9901787871,45.19777276282,42.47704751307
604,"PER","Peru",863.67698652432,1012.46263841727,809.26538736624,742.26350357311,629.12286976414,559.72704464394,476.32339016792,419.80783692734,367.1592361351,315.26965741417,276.43411007132,245.13984726404,222.63829049658,204.35444103687,187.63836936619,172.19162417229,156.7496312018,141.23245849294,128.33978663743,118.52018798706,108.17740837154,99.29962826028,91.97905737266,85.77650050526,79.8458280998,74.43022280691,69.92130962981,66.14183219905,62.22244227544,57.31959923885,52.30003172522,49.612162009,47.69000625366,57.79591925995
608,"PHL","Philippines",1092.58587017754,979.97741186652,920.65804403396,851.86350130582,758.01368021701,682.41841003329,620.68836540126,555.0995346271,504.81636080914,489.79473616891,468.3360796631,442.50026439752,412.59105880188,381.69582210325,343.90327648766,336.9408386536,318.17804635997,292.88582764726,275.38799386959,264.37907383664,247.85052996465,231.88906603873,216.96476831807,195.50306382367,182.7239423554,172.10886160376,164.73515332711,152.55951714043,136.90653925203,120.26467175829,118.33478248739,119.0898180666,108.86934336334,95.20771308762
616,"POL","Poland",8.28188889817,6.81523673569,6.07895920003,4.86086489829,4.09939755232,3.75024591994,3.55723233024,3.01910567429,2.44487846962,2.0942842215,1.83324335392,1.66748581506,1.4377589914,1.19528248635,1.05524744172,1.05026689196,1.01272718014,1.17875924495,1.22391361802,1.36225176009,1.57991128549,1.61775824685,1.71319363016,1.99043186411,2.19255207127,2.4075776197,2.60446775476,3.03916997025,3.08787370917,2.93772268316,2.72401724892,3.0868941692,3.4682569346,3.15486253693
620,"PRT","Portugal",12.10888257461,10.38260406523,9.49080851326,9.131193646,7.29364931612,6.22186399951,5.99558623999,5.41184576263,4.93367265994,4.30150811622,3.82790563728,3.57478557689,3.22342605397,3.09055207773,2.84855056472,2.71282196179,2.59598337804,2.51326046627,2.27572352682,2.05330156444,1.80452361206,1.5511519938,1.4840018677,1.45590799012,1.38260399605,1.32167917428,1.26492936718,1.20988027296,1.14727724124,1.10185141792,1.03204192153,0.96474349933,0.93507102367,0.97421316711
634,"QAT","Qatar",33.72600435898,30.91455081551,28.91317638345,26.57311505027,23.58325688947,20.87401972959,19.51139254995,18.14191063911,16.47596953296,14.98415711284,13.8277083145,12.958397314,12.08216874005,11.22872519113,10.45778852945,9.89072040906,9.33585761541,8.76802237851,8.15457722098,7.39262725069,6.77031174648,6.13514722873,5.57226946784,5.07907811798,4.71907016212,4.37469938112,4.13386865316,3.89723840062,3.66605093463,3.49610527287,3.38313367927,3.33318564573,3.31656104851,3.24817807378
178,"COG","Republic of Congo",4422.70394545491,4248.66254324683,4127.52064427436,4021.29096247227,4080.80396744686,3979.38156948824,3893.91983753328,3897.92384726126,3664.8482943208,3589.7538030051,3486.99869520942,3297.91222581702,3254.55784314369,3185.91743926354,3052.69672244156,3058.37406189197,2921.06730314885,2839.83094651266,2718.89299044675,2550.83236022577,2320.40290401998,2125.62480850379,1965.42481649773,1788.76793658376,1627.25542699687,1498.44595334685,1383.67997315113,1279.79314265723,1179.51003527328,1309.6617464487,1106.35362955058,1095.41475069256,1050.61451561307,1047.37524967982
642,"ROU","Romania",171.56236330436,144.30206843206,135.51010427676,127.77436142713,128.53874536794,108.25274463912,105.22865414492,94.67912856319,82.66462105227,64.02151733187,60.04849136515,52.49074940925,48.45090263108,43.19699198535,37.34429025826,33.58364554027,29.11964465802,23.97494227692,22.89419305384,21.97887878075,22.66518965457,23.89148779009,24.1905062505,24.97837842928,24.29749036118,24.15387953766,23.86206159093,24.16323338397,23.24085538659,21.88290853869,21.357516926,20.5274730017,19.82915039112,18.69783836233
643,"RUS","Russia",89.20266039596,85.49809573276,83.60764669354,89.80352948865,91.58977549877,87.83231516312,78.0364422771,71.86128739315,70.44832553164,73.5373400244,68.77693239807,61.0639535755,53.44601392222,47.36826789491,41.48828010478,37.37956926318,32.91853827937,30.2941063138,27.24722696451,24.95087058835,24.14728616574,22.67595791152,22.00835343248,21.19994259848,20.34724612811,19.1225983165,17.81461582861,16.6375073617,15.36286645167,14.3396730747,13.62086787998,13.27762532134,13.90655098632,13.64251196378
646,"RWA","Rwanda",5583.40983438255,5695.0461716768,5784.8563089893,6226.45211686463,11125.8552387061,7078.38506881904,6949.98238613964,6980.13345645707,6980.00364051561,6722.75664944365,6177.20919004283,5559.51062636791,5097.06070086655,4594.63739556088,4419.11193005364,4042.42670262892,3621.15766593132,3220.50845381309,2825.71403900243,2456.40816486057,2199.93926423461,2048.2648588604,1877.38972810622,1758.70563886498,1703.89534052552,1612.91822262953,1502.68651137482,1428.87204701986,1384.84215121966,1354.36016080263,1331.97813151209,1270.31008783372,1196.50648909943,1096.79936915814
652,"BLM","Saint Barthelemy",NA,NA,NA,NA,NA,NA,NA,NA,NA,NA,NA,NA,NA,NA,NA,NA,NA,NA,NA,NA,NA,NA,NA,NA,NA,NA,NA,NA,NA,NA,NA,NA,NA,NA
659,"KNA","Saint Kitts and Nevis",450.19155522419,387.64406224111,362.05335303479,366.55484782856,340.74456194678,324.13703150791,295.90408026347,246.08543004832,220.6014999936,186.01181257044,160.2719235975,129.98012957434,113.83624984167,107.16889852479,101.33053987428,96.96072632934,87.44526775597,79.34907200479,72.99126472703,67.02392070581,61.91367721856,61.98131139992,56.54300682974,51.45481004584,47.16713372973,41.65293826629,40.08316384551,37.85992936507,35.76005860125,34.03210771579,32.93804245853,32.55948443929,32.05426748875,31.03334858303
662,"LCA","Saint Lucia",324.34155536521,283.76330353499,260.18960035412,262.03038050966,235.25771678953,217.57015127326,198.35787256934,174.49944955602,149.61978732736,123.94913167005,104.72910411459,87.62449284569,77.816315,74.87180807636,71.92443021661,72.5536013548,68.32029530535,64.64999103032,61.1762584859,56.51498554483,53.15865356206,51.51434323252,48.18570754091,46.88231429528,43.97072013466,40.794996547,38.6356947027,36.40975423112,34.53160910424,35.77770130467,38.17341034305,37.59724855449,38.40327371848,37.78868599689
882,"WSM","Samoa",109.38505436399,104.96436715165,101.11286112118,97.25716134801,94.10851827568,90.77671630264,87.17402061199,83.1299765227,76.70869771883,72.53675279911,66.35981704583,59.3414845525,52.93297630192,47.30468177465,42.62835940854,38.37114452932,34.32977261104,31.02947941834,27.99514954701,27.36373679719,26.86151745645,26.23539229257,25.95352526449,25.8034786596,25.53283572752,25.2185582926,24.73228567512,23.90603209547,23.3187286223,21.89943023571,21.81081167142,21.05199082752,21.00264039112,20.38225869451
674,"SMR","San Marino",1.66962292323,1.55694052958,1.46540858411,1.37861107558,1.29662368186,1.21929576011,1.15280825618,1.08712644214,1.03226660847,0.98291160139,0.946057744,0.92431341646,0.89136449937,0.89245817003,0.88541177679,0.87232222803,0.84926031551,0.82617836098,0.79896836964,0.7676623778,0.7340540898,0.69908123888,0.68688497023,0.67444712074,0.6655096639,0.66587557815,0.65931204212,0.64596084008,0.6259965964,0.60604324974,0.59011577751,0.58659043575,0.57658985399,0.56054953394
678,"STP","Sao Tome and Principe",3079.40058995718,2778.82371739884,2690.41559110699,2599.30893284598,2517.23592933625,2358.86921721746,2282.63572928266,2195.46217457027,2105.88978742437,2014.18000769429,1809.84377462138,1695.03710929047,1509.0215288855,1344.37105365591,1202.09700484757,1612.6508458537,1231.59936730502,950.78839128207,953.21895104101,802.16957457454,745.54623409591,651.66121752008,569.79511033992,526.14726343386,498.34789389392,463.35261323883,427.1507832735,391.60027188905,359.38538737232,327.3345415962,286.90782952307,268.18930271504,256.57756618687,246.41239197597
682,"SAU","Saudi Arabia",277.0690542983,244.11422269304,226.46699423195,206.22112974984,183.06716538108,163.34465155597,144.5153561021,127.98293479037,112.76744683917,97.93727782427,85.57162222158,76.08589254912,69.6914773223,63.14911081801,57.39275573988,52.38930469283,47.67876569556,44.02676843976,39.85093226005,35.41558937705,32.03389324258,28.93450702809,26.40692418382,24.01909773613,22.32739907482,20.46597296945,19.12954093297,17.62758627043,16.25931108053,15.17554794445,14.44453158541,14.58929471348,14.6872834282,14.07749749567
686,"SEN","Senegal",6252.93881214848,6011.02350999774,5748.68331424526,5437.80964497119,5187.29258515015,4891.11466662093,4682.51742930813,4340.01641461535,4180.20813001393,3989.08276777088,3595.30096279834,4044.6485350583,3741.20847496795,3265.5428052386,3407.78501361109,3219.40279708422,2776.04666238057,2547.46014204053,2313.73575723465,2050.6811946516,1736.64548143627,1579.58290872443,1362.20482432818,1261.11919507483,1256.12902498993,1097.10793995078,1058.63637543747,967.9160900994,876.38552782211,836.83718033264,755.32939176782,689.4539606329,694.8543913683,656.37114236977
688,"SRB","Serbia",20.75679750365,17.37365017599,15.09674478074,13.76044616339,13.42626807476,12.95508641388,12.07849085195,10.99667437159,9.82818623763,8.85542214479,8.22982213437,7.73546319843,7.29225332298,7.23159388654,7.01172708942,6.80079350361,6.72204873005,6.68928840209,6.64996350364,6.87043849363,6.83357307706,6.55517898512,6.41613252046,6.33507957592,6.3997968031,6.47504324254,6.41996140082,6.25823778836,5.9447409385,5.7138710294,5.56089559856,5.29991566962,4.86827876601,4.51939481894
690,"SYC","Seychelles",207.34902548037,193.73773487042,182.09627128642,170.73989612526,156.92832863447,145.94044287958,135.59317785179,125.1384905912,116.27633010035,111.37680229735,104.29036431988,98.07368571254,93.59535381658,89.45936705157,86.66147850622,84.00624024606,81.2685046651,101.50672615297,74.62935480632,71.34000017011,68.58050843008,64.2590614255,60.69299766967,56.84798059902,52.95248185498,49.09120934014,45.49950482723,42.83878037899,38.93983166713,34.72483868332,33.01439436892,31.06483664379,30.07203735057,29.02456682439
694,"SLE","Sierra Leone",15406.1875290693,15220.1259009378,15220.0126946765,14896.5713305216,15047.0514483679,14760.120510273,14349.8406345198,14173.3249147199,14253.9263363652,14111.3709259492,13997.699686978,12909.3382488393,11984.4035846003,11204.4738130134,11019.5318892947,10262.0143263857,9373.64911939463,8369.70111823089,7364.72986785566,6360.08941373346,5998.99750576127,5498.56250612707,5184.37198595492,4675.55570209704,4323.83107782806,4005.02695667796,3768.29856579337,3621.86533424298,3366.55251137814,3223.3007522246,3000.99242806644,2997.59137327093,2791.35513878461,2661.44694047181
702,"SGP","Singapore",7.69864566202,6.19935508365,5.12596802194,4.55634817138,4.19897045078,3.44870565518,2.90206350452,2.51121055372,2.4765647858,2.01073766856,1.85899951671,1.62376713829,1.42564068212,1.36751032867,1.30505730795,1.29753082252,1.33759504548,1.29992260381,1.17580902521,1.12075446572,1.12776184802,1.10569428354,1.09982273808,1.05072078433,0.99370239175,0.95901962715,0.9490429622,0.90878421206,0.87673947804,0.82648272544,0.80390072886,0.74650477986,0.75385646401,0.83199786907
534,"SXM","Sint Maarten",NA,NA,NA,NA,NA,NA,NA,NA,NA,NA,NA,NA,NA,NA,NA,NA,NA,NA,NA,NA,NA,NA,NA,NA,NA,NA,NA,NA,NA,NA,NA,NA,NA,NA
703,"SVK","Slovakia",7.63363500795,6.96920499297,6.09656487772,5.08669458115,4.14142874415,3.52037147269,3.07193574286,2.69832017155,2.36977561786,2.09717732599,1.85277925412,1.58787078204,1.42011086299,1.34844758271,1.34124748286,1.34228161151,1.29462273789,1.29797302628,1.32149211695,1.43003762079,1.51474520792,1.55159462062,1.66173908161,1.80747939598,1.9161436597,2.04853854311,2.15093558396,2.20242948554,2.19367338282,2.15515341249,2.21870728598,2.14058661831,1.97317845766,1.77620773458
705,"SVN","Slovenia",3.57651663243,3.27533593002,3.11620075753,2.7855439669,2.54777152733,2.19441772039,2.00823605535,1.87588129548,1.67285858802,1.43447079917,1.35229966221,1.25316381022,1.19005364464,1.11390733829,1.0610758897,1.02352308204,0.99383059956,0.99596454221,1.02523698482,1.08315249919,1.17367227304,1.30135990424,1.40424029779,1.47899291943,1.50635896423,1.53442045274,1.51444439851,1.51681783893,1.47931715651,1.439755073,1.42100811551,1.36976149016,1.31957513817,1.26828139988
90,"SLB","Solomon Islands",1148.09937649169,1117.85425989593,1058.16775398417,1011.0855764409,959.5741941176,899.32931982966,850.81368211646,811.50465998707,788.40775097826,760.14746820308,737.4142519499,705.17738637168,682.42123116389,652.25231820196,621.3180572708,606.82384393555,591.31501676789,567.79378969217,531.16048108002,511.67201697174,476.47689758791,459.22702020403,431.26573979891,410.96088013275,395.55387914317,384.08914530925,366.41565498868,350.35415779807,343.68965665279,337.04593196976,323.80667167289,310.15007715938,296.3617853502,279.72089615677
706,"SOM","Somalia",9821.17040269767,9401.6782559585,9261.00665486948,8776.638024021,9389.24578195392,9100.73185926164,9108.3503661784,8957.30318708567,8716.3047440551,8459.93448915041,8418.41076145049,7895.6694047348,7612.4942269993,7306.60682342234,6941.89970180395,6454.2885885659,5921.5117874972,5988.21518039963,5635.11391365703,5306.83608208948,4922.7194443796,4731.62461808642,4413.82249921392,4406.86395725066,4309.92916746751,4098.41521273657,3978.79438845163,3697.23453820827,3506.19792204164,3423.86131751001,3442.95073079789,3190.68512460985,3069.50587457096,2881.94607997883
710,"ZAF","South Africa",2108.42976596344,1954.81183134111,1831.86932653125,1740.85541089578,1705.10310531908,1658.35770812139,1646.59410445314,1607.04122027747,1595.7706350462,1579.04570471914,1579.33135115713,1650.874063345,1780.09162815347,1864.11787247654,1973.61212692153,2117.22733060012,2154.24418040462,2089.93311546039,1979.83776729637,1786.45200773787,1552.57659635428,1309.64580358786,1154.9762666538,1058.07198702884,947.4592745417,820.16562102244,781.76256199798,742.0943268687,712.27288147946,681.88831465974,672.97494304993,681.37281778759,639.141891498,606.73881914258
410,"KOR","South Korea",15.31449618306,12.85853378452,11.00406800365,9.43789446797,8.15121140895,6.97593181124,5.9833048507,5.23219505877,4.61010535441,3.99403583437,3.46706453049,3.05019001134,2.73944708261,2.60987123761,2.48905889594,2.38537575344,2.30571860385,2.30353748591,2.29378302984,2.29062842206,2.27613427683,2.24217147769,2.18538687559,2.09543686347,2.00988694859,1.93518418515,1.84733429383,1.75357462983,1.66607365295,1.56611764719,1.51154909629,1.43449794715,1.36589915083,1.35880735808
728,"SSD","South Sudan",7280.62937176211,7072.94569092713,7025.99751352098,6958.01015637389,6818.13232924727,6890.12473577489,6630.93402182368,6242.95637139128,6043.10081676875,5787.3765262002,5596.48785990643,5381.80748532167,5335.70957500297,5334.34124642657,5375.87191336668,5376.6112167938,5936.50847432308,5768.47980849614,5623.41138945306,5458.76419854631,5267.73661580894,4989.96158295376,5038.59305832402,5155.10632290626,5261.35017374239,5333.75414604913,5480.25481674017,5466.0926098198,5490.29357810435,5349.75171491548,5502.97094096311,5567.31468335638,5280.53425731084,5095.06574392484
724,"ESP","Spain",4.88224659866,4.50827419183,4.23251302485,3.97181276801,3.74738339605,3.57911658715,3.4103477372,3.26906798069,3.21342033575,3.16383237943,3.1733914496,3.13816763547,2.80609991109,2.81752616682,2.78885811534,2.78727825171,2.7971071697,2.81616612371,2.68388435914,2.55620836256,2.43995730731,2.27198360948,2.18627507685,2.10057411246,2.03289004807,1.99953465324,1.90230042572,1.80742885116,1.73050783177,1.61352149328,1.51494260081,1.45174678929,1.40269935808,1.40239959649
144,"LKA","Sri Lanka",653.97021120248,569.3965461101,507.70499404607,448.55170049131,406.21009108922,357.97374515636,326.92383280229,293.52251103062,261.00132318287,224.87258947815,197.82465921095,176.20197477971,156.73939035223,141.56620905411,136.00440942643,126.31873216625,118.09120724454,109.37186675266,103.66281900131,96.42920561455,88.93463564219,81.86749697222,74.95407690021,69.47403426185,64.32112086511,59.82545827273,55.47897147209,52.0810298519,48.9450031239,46.32046602846,42.72450037596,40.19510884226,42.48852881899,40.85113709233
670,"VCT","St. Vincent and the Grenadines",473.47022993368,441.01433503932,415.67058651351,400.57222849643,373.69168342821,344.71602197934,314.62312883086,275.15583557902,236.61778765455,199.76559421981,170.07369400484,141.49316884553,121.89921138996,121.40928853435,114.52601427691,114.96530265479,106.9444259671,101.53723661131,96.06362829319,88.8193413471,83.93936956634,83.13769129238,79.57243966306,75.45285947268,70.99889225775,62.5992475435,56.06888396779,51.07272141251,47.28496260284,49.16489068982,49.67156188671,43.20090977943,41.49772602773,39.29661479698
275,"PSE","State of Palestine",169.54618150747,152.59208216274,135.89391427048,119.27172234368,104.07398474314,91.57298487491,81.21427164389,72.31176965275,64.44115377715,57.6884068845,52.88983099998,49.04651042199,46.40497633883,43.66076962929,40.6131991733,38.40119376915,35.43396244742,34.45905829128,32.4536798541,29.99203819602,27.74271781565,25.88436493131,23.91828073802,22.27151812887,20.94425246378,19.90768956765,18.16958225475,16.25594256351,14.52416963533,13.16357440863,12.44293217303,12.08444072462,12.1283145663,12.01170516142
729,"SDN","Sudan",1345.0614049217,1308.10011134411,1273.47855604321,1244.97060293844,1197.97296902918,1155.64042359232,1207.59642130794,1060.23663077348,1186.04064014814,970.18762782379,871.40284522693,816.76178567607,769.82951714503,730.60238956756,706.84456477547,715.45378694632,778.45667057976,662.51248697783,633.75298813005,591.46791882461,524.78261500872,463.25053589234,417.2741564586,375.6942852624,345.8131716615,301.03604310417,262.74314718197,309.18478280061,204.449620553,184.23815208355,166.94319166278,154.6170829038,142.4729100944,130.48958344129
740,"SUR","Suriname",680.58077754843,654.68358375217,637.76891743064,608.20125285902,574.85448795896,527.2936339107,487.24687852159,447.16420016199,409.10155538325,373.80671358872,322.62336208961,285.26167615689,262.42723644379,237.63801889444,214.48263020457,198.19011555476,184.3262860743,174.08475307251,163.5252610916,153.82898772496,144.87188415057,134.27925361196,125.00839104262,118.83811721781,112.21228551537,106.78753871832,103.10034409787,99.05415502355,95.66085478163,92.2592693605,93.81997599452,91.32217299358,91.73145784427,93.6966325251
752,"SWE","Sweden",2.20952926663,2.07724300451,1.96285203952,1.82713423459,1.66629131547,1.54624433008,1.45034374451,1.36770216089,1.3301625016,1.3055637057,1.31439242771,1.35077266143,1.36069729458,1.42254382217,1.40759435686,1.46096607833,1.50710715837,1.5519651198,1.50141233232,1.48547826983,1.32850292489,1.18051339261,1.11319637176,1.07127532662,1.01638798786,0.98755588948,0.95438179634,0.91437958273,0.87087838637,0.8133816303,0.76248621639,0.72738035532,0.70739659428,0.76687616157
756,"CHE","Switzerland",1.09332868976,1.06593129702,1.0449179236,0.98715671919,0.93543165371,0.86931721516,0.82570046812,0.79855741714,0.79294494949,0.78927810916,0.79428592959,0.79000180995,0.78198066452,0.82057013373,0.83044211005,0.84525474176,0.86189068392,0.85836240288,0.83505055394,0.80046214121,0.76144969124,0.70088747465,0.67738858102,0.66375885532,0.64615186716,0.64202671825,0.61654952513,0.59946190151,0.58326810108,0.56532168074,0.53631928428,0.53680162112,0.53949934636,0.52817141435
760,"SYR","Syria",208.76787811798,190.48867523352,173.57290406939,154.36278463454,139.32167771836,125.66686302968,111.24265680375,98.32868394786,86.54745884814,80.391706184,71.19486831527,62.67858144556,56.65698365629,50.4584147332,45.21591850411,41.03840349784,37.37900108917,35.13487455162,33.80067108909,32.02520239203,29.71281784218,27.48094831565,25.52382636693,24.36285373399,24.00921943077,23.70052121471,23.54216949636,23.15272613946,22.74920602556,21.87241348754,21.02656219572,20.1299099745,22.09332447638,18.45741786503
158,"TWN","Taiwan",36.15982028782,36.01672776273,30.72406470161,27.22045689298,25.92951875659,23.12822753281,20.49664144733,17.51329044519,15.64064791677,14.13065644129,12.75479155788,11.7983655822,10.55207908944,9.54888674903,10.94073845311,10.63660532872,9.67751005532,9.04869930912,8.85718944493,8.76773460135,8.97212942856,9.28289341669,9.79460141471,9.91688084934,10.12409189609,10.19396535373,10.14449314766,10.06329362023,10.08020017745,10.06751911448,10.01763582917,10.12015884262,10.12933718742,9.96037301346
762,"TJK","Tajikistan",2110.06718864936,2124.91858317611,2120.24882917902,2112.63517980088,2120.50865568532,2094.8822785256,2043.71723986735,1990.44361799357,1948.00366028915,1891.68189874949,1803.09605392971,1641.11744253127,1463.32038439898,1276.17483726194,1103.72363143931,954.91019003799,839.06528380608,739.40319823792,652.23466282658,577.421078807,505.87630447435,451.82377104381,411.05352575689,390.48897973976,373.55461293386,346.54776281695,320.55689803701,295.40218478143,271.8171450791,249.96406461866,254.33238925623,247.8130590381,224.21710071076,207.28478352721
834,"TZA","Tanzania",3527.0021417015,3475.65813896493,3752.23634129906,3584.96913433565,3655.04449146826,3635.12481751774,3546.65233320267,3617.41081327938,3383.21588595745,3023.91689019553,2806.78997064002,2692.08369738834,2636.28085434168,2539.20475154702,2414.65360582317,2272.14110988637,2230.00001745921,2199.86353004208,2139.61576720913,2107.06000790308,2028.28413893039,1902.37750722258,1830.44022197086,1677.24153632358,1492.69681326468,1409.97708568052,1305.45380746636,1203.77463096655,1097.8891013727,1001.28364551678,895.09452587123,819.91192164107,788.9089240858,731.7004419333
764,"THA","Thailand",507.32212175222,444.52967796345,387.45155224744,334.34290698493,288.96494329624,247.46873566457,208.60274350089,178.32941826385,163.23619202878,152.07727353216,142.17458519069,127.34735307025,116.00056690949,107.25594776526,97.91750926857,87.83344927447,82.26065853838,75.83480511526,68.20549710644,60.60153713822,54.68365197815,49.27560789534,43.77789653351,39.95001362472,36.59613918757,33.45059565773,31.58511683805,29.20475071372,26.90430288467,24.95396714058,24.24856550869,23.07029908209,22.15654697335,21.1495221562
626,"TLS","Timor-Leste",2998.13880640806,2756.13758939828,2508.39619207291,2284.22647276499,2051.17835526245,1817.03083836141,1622.73423691811,1438.9073127677,1285.85333918818,1163.27209872915,1070.21979016921,942.57313353371,824.99589636288,764.09147744449,630.8835433773,588.30606274115,519.85557062941,476.61658966351,413.7781145852,387.44693735308,357.37684771338,346.4850405929,332.51724418941,312.13228518711,296.79330878107,281.57176859659,269.73762366394,257.92294488883,248.55452533523,235.8285167119,233.70916743254,218.87716845152,201.38087008849,194.10798598815
768,"TGO","Togo",6235.55610015105,6272.45670772173,6228.42916434219,6210.16699816953,6145.11699803615,6026.80670026567,5893.56514049675,5699.58595103606,5753.21897109451,5496.8433113263,5479.27027474364,5451.64584509061,5637.47335587172,5648.3735961055,5519.81856054269,5451.13051470388,5406.481104141,5073.07521708361,4908.62570125022,4835.01099563899,4628.98441313963,4427.27243484906,4101.05684564429,3776.90743138235,3550.6642757378,3354.11334437008,3206.16048910561,3071.22546030042,2832.24106321192,2703.65427164558,2574.61691786524,2446.32911382797,2265.42680794339,2093.92566578635
776,"TON","Tonga",83.87349589591,78.6121793558,73.72509617886,70.15209739253,66.42255633604,62.03454383284,58.65255395582,54.63524739146,51.81532288629,50.98836590556,47.69030460002,44.23971401246,41.17117425809,38.45520008709,35.83346183058,34.14457167454,32.92318039963,31.72439124855,29.46251985605,28.34306135232,26.88510714268,25.58242971099,24.46964297196,23.52071348211,22.56691905888,21.61804103446,20.5757846339,19.1267165732,18.21339462617,17.26005625847,16.46461413168,15.73620330981,15.33349534095,14.86403952999
780,"TTO","Trinidad and Tobago",181.08925170968,169.23703254549,165.92458164647,178.57854573625,170.11965184665,161.81907367333,152.04001499953,140.17648488527,127.02946885286,114.57694038035,97.59869179218,78.28055713394,68.0635749858,65.06390724228,55.88584126913,55.29962719343,49.11311497435,43.25803453346,41.14162110237,36.89528572834,33.63573664464,32.49381601607,30.56608223929,28.87135606369,27.28725070287,25.67325578658,24.7942299928,23.65691521454,22.55074751204,21.55719764666,21.00409594281,20.40849014211,20.58027805247,20.68571785631
788,"TUN","Tunisia",697.27783529791,633.27777269915,574.51826184443,512.6413718577,451.26525215888,401.88870840341,352.69148468548,309.75050273909,274.15392499714,244.16513315755,216.09534813085,190.35394995347,175.39855276473,160.24144381737,145.67279285265,134.5965636364,125.17531794251,116.15833906956,107.6617080046,99.78691024947,92.96200784355,87.67876575244,82.78981777949,78.42729423631,74.40228959555,71.65573695087,68.97969841859,66.46988146852,63.80519448485,59.87738704121,55.72672451243,54.54197337279,52.22186982672,51.37192039598
792,"TUR","Turkiye",393.04435273933,357.66711871576,325.26329379777,296.24826900426,269.55672438777,242.43452773837,214.03264608477,190.70448489468,171.0766321982,151.64079746449,135.41181836036,122.08454977773,110.66824325876,97.7910861206,86.54671813818,77.26356038711,69.57486384332,62.80640050104,57.05904637157,51.03673097051,45.69692543993,41.1806245196,37.85189480974,35.32640910591,33.20699575108,30.49777108576,27.44610955896,24.06408907348,20.80022364495,18.28422345304,16.77795013018,15.62035182345,14.6022448296,13.82205979707
795,"TKM","Turkmenistan",1251.18867757548,1248.27965893953,1277.01138368894,1344.74366649867,1386.09816177105,1404.24441689879,1324.88102748008,1145.15766598785,950.20781153627,792.30866927468,650.55014143865,535.80674415653,431.56155285639,337.55446178918,270.95539942556,255.45184527265,222.20099575451,195.42189906033,182.59109422689,163.98368292908,142.30975025752,122.02474260748,86.63783156969,77.44797971863,61.26196034425,63.88471644988,62.07525256112,60.27521230399,57.75857918548,55.4385955684,58.295238409,54.25881636319,48.67834227358,44.90453925724
796,"TCA","Turks and Caicos Islands",NA,NA,NA,NA,NA,NA,NA,NA,NA,NA,NA,NA,NA,NA,NA,NA,NA,NA,NA,NA,NA,NA,NA,NA,NA,NA,NA,NA,NA,NA,NA,NA,NA,NA
798,"TUV","Tuvalu",1112.17112917387,1008.84215490447,929.54787637571,857.31209224432,786.3563401621,735.82019499312,700.57966230509,645.29797089554,597.68765031324,581.36460847023,540.14078035182,495.08497212219,451.9856826701,418.2556700268,386.59091711356,370.00275349432,368.66743821625,350.51052513342,323.21841903898,317.75613756575,312.07357007456,304.77723305136,303.05336446632,299.71757228221,293.11133330556,285.83483585739,278.2476774285,256.93539603818,238.49537821403,216.93510487873,203.2692301729,183.7598136287,171.19018413672,168.20948803786
800,"UGA","Uganda",5874.8998963029,5545.03263861078,4990.06335458342,4506.79318068283,4118.64068660622,3745.95312967433,3679.2265927808,3610.9969218687,3513.75010608691,3410.07866742246,3309.46375440689,3160.09032047116,3004.53260168679,2734.77884937721,2601.61861903261,2394.91791413628,2186.64986059514,2028.79303695466,1873.74141497414,1718.53949834747,1622.19625442876,1526.18447537111,1480.16349990639,1481.61078588025,1435.56568960157,1343.30592762037,1283.91548611698,1198.21868654663,1090.82481876493,981.08608646926,892.17267128754,817.26770635994,766.11009059626,728.93909193151
804,"UKR","Ukraine",47.25310060334,48.18932954066,52.69198296993,58.86187118621,72.41224920122,66.65785352221,60.27912876939,55.52471172445,46.69051230496,41.6869561665,34.15581159401,28.89983150265,26.45819747339,22.4888984463,19.06919414718,17.35797083062,16.19733586998,14.79360334963,14.74839326233,13.55870679383,12.88506262729,12.45971957038,12.13466666206,11.94387106787,10.52945739565,10.82019556039,10.73152234879,10.20038094466,9.44233521886,8.8898561578,8.66184146646,8.80354010366,9.14734268896,8.95110999201
784,"ARE","United Arab Emirates",55.97711591915,45.2811167915,39.07351590932,33.49309338307,28.28554964518,24.01489200952,20.82621248145,18.35649887311,16.28515841325,14.25203623235,12.68244036405,11.38971028029,10.23889258359,9.09286353097,8.29881877468,7.53357952716,6.94887954047,6.46669650795,5.92713463634,5.38709531846,5.05743337425,4.9232041354,4.84535775903,4.78068975872,4.74505856039,4.57332126876,4.45711342333,4.26202079203,4.0007481743,3.7681535947,3.62301044356,3.63787426243,3.71430925571,3.67235531758
826,"GBR","United Kingdom",0.81971023331,0.75939396437,0.72075859257,0.69725512395,0.67687608684,0.68202274372,0.70665880689,0.72364466878,0.74007486602,0.75409666503,0.78331441326,0.83557059787,0.86756464664,0.92491972838,1.00709210252,1.17235067841,1.40345528747,1.47176929374,1.28553425827,1.10174031845,0.96130910095,0.87215910771,0.80145736884,0.75402623741,0.717190037,0.70372514567,0.67841913997,0.64702185635,0.62365697671,0.60316195307,0.59472613451,0.59692153984,0.60322128826,0.34013957677
840,"USA","United States of America",3.81940222642406,3.46093778215111,3.01988296416271,2.71641484580183,2.61724951405441,2.52026033835635,2.57488989116873,2.67542462460563,2.7318302978014,2.80044202417039,3.05197211081835,3.1658891745474,3.38147931901687,3.60164984800418,3.82060354736761,3.88771891927572,3.96731179705966,3.88879885326706,3.82165157414916,3.55184542149123,3.35457598454481,3.3583187344888,3.14893777784105,2.99155984479881,2.82609508172906,2.73139555789724,2.53889544871182,2.30656722787606,2.05761694242776,1.86756998056842,1.77995846594851,1.80902716231293,1.81520713382986,1.7915712679667
858,"URY","Uruguay",72.45875557253,64.31030013358,53.11944599946,48.68862461909,47.80165438594,48.34471760267,47.65255852063,45.67650796441,39.56025166745,34.50419056374,29.78790198556,26.63552869622,25.23198538257,24.62072272122,23.81585780734,22.59269963108,19.79572459465,17.97991338245,15.99087335786,14.13451930299,13.2959157571,12.67430695936,12.21464873692,11.68448118045,10.77090164077,9.67144641397,8.32989317955,7.56149959017,6.95131993204,6.45161112536,5.6304533744,5.1084974216,4.92323243565,4.6774921113
860,"UZB","Uzbekistan",668.47702792753,684.64173384619,747.32908441001,757.40303526906,767.95970761211,669.7711625532,532.65557618749,415.61817481837,290.0767163614,219.74962048642,179.07268702913,151.69789656979,117.1549949799,86.05970577485,61.08865742337,49.45933858145,47.89420741343,45.80302024033,43.76749337373,40.86784441119,42.0673340017,39.80213415665,34.42803482009,27.79235346524,27.79067591786,28.74758240517,27.74182286249,19.87855137005,23.05229507466,24.1769221146,28.60074627245,27.59523247329,24.64355470224,23.20704693068
548,"VUT","Vanuatu",1139.97078182986,1119.28207466309,1090.697615847,1057.3953706992,1033.96257335193,981.43114418791,948.07949586038,903.26914617021,862.62501514482,878.42336058244,830.9297652233,797.70545986444,741.13214219718,693.35218055574,651.50637663841,644.0784312723,623.56497234848,633.46276477765,624.22570788451,598.75212264604,581.89997103111,567.73410532205,539.70096602293,527.67170531428,523.80138273949,512.06295931055,520.24969755817,504.64185929139,484.8157483954,460.60118724134,444.58590080543,431.54731447331,403.79321295946,383.16401463808
862,"VEN","Venezuela",455.24724740431,414.19302235743,379.4504882444,362.61920043044,378.42424640784,356.57687461368,331.97526598295,283.26846476876,245.51278671889,223.22874699388,186.8298623329,172.33392970121,175.92305224927,191.60409879886,173.04864113529,151.01062723713,124.01126411666,101.24660547784,84.42905359748,77.4735503698,75.56746254634,70.23225932947,65.39865274235,64.99235764315,73.2246013974,86.02618638168,105.29255430667,112.48950209976,114.45341648894,115.70520946211,130.86810727258,143.91758869386,149.23207346853,150.52276795735
704,"VNM","Viet Nam",313.23879007619,289.90796901647,273.65485648883,246.01529768401,230.12859062433,211.97939705926,192.67354949962,178.18658071657,168.63507693193,159.87648779228,151.50138135025,143.44374573588,135.82347523354,130.86482906872,126.9174981224,122.1364419615,117.13327825318,110.8169642221,105.77921834764,101.20480697366,95.90847260524,91.30547152234,86.23643874126,81.65546889929,78.17447116684,75.49015672814,71.80353520413,68.54291164454,65.06438944055,61.54748671707,58.56159291814,56.56772442243,57.10397122942,48.65712800984
876,"WLF","Wallis and Futuna Islands",NA,NA,NA,NA,NA,NA,NA,NA,NA,NA,NA,NA,NA,NA,NA,NA,NA,NA,NA,NA,NA,NA,NA,NA,NA,NA,NA,NA,NA,NA,NA,NA,NA,NA
732,"ESH","Western Sahara",NA,NA,NA,NA,NA,NA,NA,NA,NA,NA,NA,NA,NA,NA,NA,NA,NA,NA,NA,NA,NA,NA,NA,NA,NA,NA,NA,NA,NA,NA,NA,NA,NA,NA
887,"YEM","Yemen",1373.02280157561,1290.55421790623,1227.99136204949,1167.08614156191,1106.09561957262,1044.98066902393,984.6069646716,928.42464697867,864.44137302343,803.36090212584,736.47600981174,665.94952806071,627.47067132525,569.99786356498,485.5402300201,414.41414030766,357.30227836271,364.47221392681,359.60017551507,346.25712274143,328.5956526026,328.17507905737,289.50827570517,280.79004602042,255.98501146543,241.62337553947,260.91605970689,356.84595616792,267.37629883755,240.10475119005,156.73324124185,145.809668054,136.28255275586,128.6555009032
894,"ZMB","Zambia",6244.96726913897,6410.28675835673,6263.10036203031,6032.28948520807,5859.78266063866,5781.35740013154,5654.49415163328,5513.43318087845,5373.44403438163,5335.90630144797,5029.75326580185,5592.0345428854,4359.44224511811,4113.96715759556,4031.36633706085,3802.10543976342,3586.28605287997,3337.52070017909,3183.02277807564,2960.8015736264,2702.12341852157,2486.56590320484,2259.29948327454,2097.30980958727,1945.89239449902,1820.85085214507,1705.90639098924,1642.78134696373,1492.93201312274,1373.90016985585,1261.29054517702,1154.2476724235,1101.4338425294,1066.8920224808
716,"ZWE","Zimbabwe",1328.8590759657,1283.24689034531,1344.31812263581,1353.87844613509,1290.11941343244,1290.63208400729,1289.51052335369,1313.49775114049,1358.6118410153,1440.6151943831,1521.54434936771,1516.77524251756,1564.07773333918,1565.29971706398,1615.60712196213,1695.0667155041,1651.68894612757,1550.147157511,2059.00989568092,2209.96423893788,1621.56776641806,1654.4529305864,1554.7213462002,1401.04062992445,1244.12943427582,1142.66107965457,1087.68383635011,1005.3590845107,952.42437426017,910.5407483788,879.6656727057,860.02326170255,867.49752724916,952.31389483125
