"code","iso","country","UWD.raw.1990","UWD.raw.1991","UWD.raw.1992","UWD.raw.1993","UWD.raw.1994","UWD.raw.1995","UWD.raw.1996","UWD.raw.1997","UWD.raw.1998","UWD.raw.1999","UWD.raw.2000","UWD.raw.2001","UWD.raw.2002","UWD.raw.2003","UWD.raw.2004","UWD.raw.2005","UWD.raw.2006","UWD.raw.2007","UWD.raw.2008","UWD.raw.2009","UWD.raw.2010","UWD.raw.2011","UWD.raw.2012","UWD.raw.2013","UWD.raw.2014","UWD.raw.2015","UWD.raw.2016","UWD.raw.2017","UWD.raw.2018","UWD.raw.2019","UWD.raw.2020","UWD.raw.2021","UWD.raw.2022","UWD.raw.2023"
4,"AFG","Afghanistan",3214.47193513962,3049.1849469415,2871.99879276081,3044.23704352708,2779.62297891718,2838.97760401531,2548.54392519116,2442.6681942977,2359.93281106613,2309.84181320071,2222.29422150481,2110.31955566161,1844.77802092498,1956.34734722987,1876.09049733743,1674.0427682942,1451.16927324532,1264.94529952132,1086.74365858391,956.58287277326,896.44851003086,870.12957574983,845.81117026386,892.76418477014,900.27839386223,896.51765812103,899.61264963911,872.15084415349,800.0157625062,748.29057814148,689.05244349893,622.22165532981,549.45440619699,508.84021726462
8,"ALB","Albania",232.76108196821,244.79798909081,237.53113020808,222.45522122079,233.39135717018,174.74929313265,151.06684861949,128.79463189572,110.34506987813,95.84236823856,85.23428493142,73.32932259902,63.65475865837,55.64215445849,47.90814498977,41.08061328063,35.54916027991,31.09238385601,28.09479161333,27.5377954142,27.18296708768,27.11260718291,27.14940894217,27.21148479811,27.0977652526,26.96074050072,26.79066896842,26.40048882447,24.66573886542,22.47557169738,20.71943113839,18.50501962566,16.34968921694,14.97426927922
12,"DZA","Algeria",267.27416478404,241.79576505922,226.62137943776,217.26939536512,207.16472162605,195.84135509221,185.27001117133,180.5384127506,171.62094873052,161.00467138435,150.48006389742,141.9108260113,132.51013627079,125.7632057334,121.21953952051,115.20998084654,109.83006548564,105.48286887085,101.50708606782,97.79456249167,94.9640915151,92.20072059591,89.89250699719,87.66601361306,85.75893985493,83.84733248815,81.23868508334,78.40106481677,76.51845352011,74.29034174473,71.89753961855,70.39405146965,68.97451307131,66.38295466913
20,"AND","Andorra",2.13962517437,2.08371138903,2.01963418492,1.95516840848,1.89944805218,1.84340694755,1.79191049088,1.74790258132,1.70471256107,1.6656550603,1.62885137547,1.59729711828,1.59989478357,1.60194923906,1.58616908592,1.56658429202,1.5387672349,1.51430030602,1.4900503163,1.46649524246,1.43775208324,1.406363662,1.39631839662,1.39001453501,1.37760082344,1.37018922075,1.34915329444,1.32070776013,1.28365301404,1.25012720958,1.21169981456,1.15766754135,1.10526569294,1.09033372055
24,"AGO","Angola",8385.149427496,7993.08930801586,7551.60934322418,7323.33258123276,7166.72310962599,6853.37476570349,6246.46751632855,5896.61765776582,5805.98719354713,5561.66781209158,5284.52696896536,4962.40241137447,4688.44654180291,4425.38721576204,4420.69868041672,4160.94649564305,4353.77250620708,3978.61556082677,3738.44472874626,3564.56504187931,3425.4974990716,3223.10337048578,2972.46320147112,2727.7347917816,2421.70684998817,2240.82680945614,2014.49936926018,1825.26685756742,1652.78241541449,1552.10500956884,1492.75665758539,1370.82643943718,1253.958741618,1189.3591781984
660,"AIA","Anguilla",NA,NA,NA,NA,NA,NA,NA,NA,NA,NA,NA,NA,NA,NA,NA,NA,NA,NA,NA,NA,NA,NA,NA,NA,NA,NA,NA,NA,NA,NA,NA,NA,NA,NA
28,"ATG","Antigua and Barbuda",209.74090783183,190.35066444277,181.9008277457,187.20928010891,173.72715715695,168.82925032058,160.18567652296,143.94764517783,129.30321028714,112.38571247999,97.85228274663,83.2881027453,76.56232473448,75.3380837036,73.86689265793,76.07697573252,74.66457013091,71.87278751788,68.69797710878,65.25021666525,63.261437378,63.6192089635,62.09997650485,60.39834883031,57.43970120612,54.10884017197,52.70569432503,50.94905660575,49.04688599113,52.0822147474,53.96898606237,50.65741114779,50.70420204948,50.0170596121
32,"ARG","Argentina",184.47221906941,167.06207985521,147.75546558292,130.50422587231,121.54491227839,118.23864639017,113.78847492257,119.13647385305,111.9568170466,104.31552435781,94.69673059567,90.16201958855,87.52916702923,80.20041427514,71.9694141707,67.17660812242,64.00821071682,60.17275044875,58.50304117396,56.61149235465,54.67277571569,51.39442914118,48.02016413494,46.13213499653,44.1128632615,41.19621104632,37.62226221607,34.13806476072,29.60141592394,25.94214753326,23.07334965461,23.21691514539,23.9979788395,22.70899496396
51,"ARM","Armenia",540.63831000773,530.27133908127,540.32622412957,496.23075761929,466.93417465717,423.52603585176,359.6063393303,323.92817824096,272.66202799025,229.64234262206,193.62265370914,167.72270877416,136.14313348064,115.79107455874,105.59455237341,100.14738051218,86.28184662868,62.98402226023,52.78805034359,41.42200435777,32.36249287831,29.68358782651,21.44421683123,18.09127300856,16.22390731594,14.26925840301,14.54248803465,12.55314946606,11.8320282493,11.34918263215,11.83633863008,12.11985512514,14.0828000459,14.03734803977
533,"ABW","Aruba",NA,NA,NA,NA,NA,NA,NA,NA,NA,NA,NA,NA,NA,NA,NA,NA,NA,NA,NA,NA,NA,NA,NA,NA,NA,NA,NA,NA,NA,NA,NA,NA,NA,NA
36,"AUS","Australia",20.69218908363,22.49507932156,23.84625874238,24.65574244787,25.13835866855,24.95784065052,24.21432849903,22.96181444187,21.79407795493,21.04238223984,20.25529009593,20.49450680834,23.03859441175,26.4468777164,29.37908655352,30.69358641692,30.7008297236,29.34357090748,26.71802271732,23.98518746381,21.40362794739,19.4350772252,17.35252832029,14.86317575076,13.15417900001,11.96850947698,11.27346712062,10.83661356424,10.33103732699,9.98624315519,9.6570621139,9.53133185609,9.3791780127,9.20572577149
40,"AUT","Austria",14.92757056054,14.91371576944,14.28356952166,13.45859954671,12.49719598523,11.49506194358,10.59538589339,9.72706910493,8.97027308015,8.26677051535,7.69616362793,7.21056047501,7.3385210842,7.50930848227,7.61698170728,7.62794534974,7.45756974116,7.11878704709,6.57211016853,6.03455729944,5.53369276015,5.03988030054,4.64904842019,4.3108737338,3.99607460645,3.76553744692,3.53091382181,3.30324273608,3.08305340463,2.90026486033,2.79158774212,2.79067211853,2.77189992749,2.50524158402
31,"AZE","Azerbaijan",993.31509807203,957.94145608552,928.1739505202,905.18123357646,866.59902386675,835.18043994206,782.99472686261,718.67755400612,649.3107176967,580.01217323137,510.36153399367,436.30110869095,372.80269864151,326.68826085526,290.15126300149,255.80826072585,225.4459759035,203.48753474354,187.24052430386,178.96929304844,175.00932849617,173.50735118618,172.83150273416,172.23895319621,172.36430473508,172.78884427243,172.79306880251,169.86146399067,163.34421687041,155.55890053979,161.52548751354,154.97749532968,155.54657766903,193.27544001551
44,"BHS","Bahamas",161.25059815556,169.48853861881,171.65892515985,162.90044009552,140.20410041855,129.13517748786,118.00491720323,105.61198091636,94.9603627719,85.46130978457,75.45620944832,64.77996345413,60.60044578969,60.06487461137,59.79809142918,60.68184381729,59.52143155594,57.6826868083,55.63864217264,54.01651085926,52.61089134914,52.82198921878,51.0319580609,50.29678672887,49.02577258495,44.76658154525,43.77924230193,42.06465547121,40.20751026177,39.09702775827,38.39526540463,37.79347481499,38.09721332045,37.7177568567
48,"BHR","Bahrain",104.60909660304,97.9354906897,96.94208739969,93.13485611284,87.38880442641,82.16094249869,77.52943426847,74.74001353577,71.4578470163,66.98483061871,63.5557477944,60.02955973445,57.81844821953,56.21880740429,54.70266828123,53.04809542338,51.35574361709,50.35860486852,48.52659267702,45.87202319084,44.22709194016,42.96329180973,41.33504648779,38.73838954176,36.84838545393,35.01319212602,34.59913742853,33.89975368408,33.01675696414,32.45651742668,31.68980455388,31.0258850118,30.85574443841,30.09278079383
50,"BGD","Bangladesh",4533.36307890802,4351.4091950423,3906.64151102534,3620.98186026609,3312.89695203102,3047.15105131142,2762.65597827678,2422.67358789065,2122.89234724311,1890.04989453258,1685.68291030252,1507.15213959149,1369.82273428275,1241.22283973642,1124.02907139423,1022.31919591832,940.44844626818,921.43888518644,861.6605499522,811.98857598945,768.64612367332,708.19071116675,647.71988455355,620.52933932483,597.76740362692,595.64225154564,577.83532228294,565.17457569702,539.1711949332,520.97152017827,497.58817127452,469.44992745602,474.27247990774,447.05905867878
52,"BRB","Barbados",107.48149287953,100.21142845199,97.29936898097,101.56768076587,96.36655197779,93.51828779494,91.13907804925,82.8208817872,65.8581996067,60.534665534,59.93125884803,54.85815446876,53.05476132966,53.88946459747,54.20094102166,56.12096346891,55.49003909995,54.95429507093,54.31302342705,53.12114236048,52.02773295156,52.50478174669,51.83083888044,51.90204184247,51.90216488089,51.50075171164,50.88561720339,49.69185472203,48.16161446354,47.15708197689,46.30951502193,47.28888211057,48.80290960349,48.93684754767
112,"BLR","Belarus",58.01774921828,57.43617726759,57.30048668681,61.61832188246,65.59765527538,62.8466365571,55.03284953535,49.11010784803,49.75057637505,49.04803067852,41.68346266339,36.83839059388,29.19220165503,25.40199581076,23.08260190621,19.70706887088,17.27658106001,16.14893935814,14.95492286123,14.13554567247,13.54739750881,13.30200826349,13.30610655418,13.33991350276,13.26796526968,13.01564627663,12.80055994503,12.52930373456,12.15336668882,11.75052072525,11.74641228436,12.12778392748,12.46558958964,12.50816641432
56,"BEL","Belgium",4.48001238965,4.47120393006,4.41493750751,4.20858798083,3.96584940842,3.82034850412,3.63603499526,3.51165012124,3.48234297597,3.48331125096,3.66008716634,3.73763797359,4.00841583556,4.36990879595,4.67234588498,4.88098936423,5.03753628927,5.13679259654,5.14083274965,5.15996288877,4.92745896653,4.45414930299,4.20168771644,4.24407733579,4.0939743899,4.09613763739,3.92818187924,3.88534880616,3.76683483708,3.57692849812,3.22661780041,3.14998729973,3.09006965811,3.01219041042
84,"BLZ","Belize",683.38677401928,595.20124272334,583.55477027552,574.38328707728,523.55609442843,503.44205078725,486.97849950767,459.34806962498,425.95868886982,374.62409476925,321.59331288651,260.99224732133,229.5059110901,233.46389964332,229.2390941467,240.22718504535,225.42520764632,210.27441459297,198.02675369391,187.93375111917,172.29028476306,167.67596128592,155.78108401606,148.06111638041,138.94991491611,130.27337523595,126.40290714414,120.73036615666,115.03730030224,110.13876088348,106.27642746054,101.06110760154,99.37342747635,97.06865877647
204,"BEN","Benin",5733.39504163107,5755.07330943884,5424.24633329171,5241.69700836736,5082.36268818856,4884.32044699002,4822.72168788336,4531.58732274468,4359.37332355613,4183.39705167516,4027.45551535082,3781.13258524652,3605.67849612375,3357.15892610094,3182.67550265237,2969.77766702493,2823.18947721,2584.27097687052,2391.81301535377,2228.51384916344,2080.36368142689,1926.71857292748,1959.09791605503,2008.07210615481,2017.0174395009,2079.56388312784,2093.5381718509,2087.43609943414,1951.42083837485,1850.03346345583,1821.97138385622,1718.81586072458,1604.62097238428,1465.37996479429
60,"BMU","Bermuda",69.54571978152,65.11961652256,63.83379879246,65.93464001282,63.02944993928,61.0540308247,59.1705889277,55.24895383716,51.53925469782,46.73470021782,42.80946578764,40.15856461165,38.93421403332,38.3386363892,38.23565039836,38.46703952669,38.20900776345,37.76878004731,37.42384947273,36.95431700971,36.94383718127,37.50224940363,37.61766370053,37.41020643053,37.13452645203,36.89174193959,36.23394597861,34.49796957556,32.69415171421,31.32586363613,30.44461853687,30.42638352594,30.99467504877,31.30561900948
64,"BTN","Bhutan",6185.22827191197,6043.62823358129,5844.66592560569,5580.21357270631,5165.15544907348,4937.49745300309,4559.42946949533,4322.85636922653,3811.23860401215,3036.00050156529,3097.67172323517,2779.33884459799,2510.9608883619,2350.49925741518,2149.3004492283,1944.69419957468,1737.19270594416,1546.38398457687,1358.40969613527,1176.94521723724,1030.40222854444,920.05233327216,818.38744998654,730.20358939655,655.59696400647,591.40382973433,530.88123959087,476.60110249499,446.40886948516,419.50140782519,399.08975450123,387.80118192899,370.34828482723,344.38463717525
68,"BOL","Bolivia",1328.64804083996,1373.97149873375,1309.04216568738,1170.89639423301,1016.63291322201,975.65876965652,939.20449009969,865.49867591855,812.34113786021,762.70580010719,714.49236835849,655.5859532745,598.51176319703,543.48851848142,490.54741460725,442.51514598509,397.01963582587,358.97007792533,321.52975578379,288.41225273971,256.61712763138,228.91038332987,203.02317037479,182.68511583299,165.68487347347,151.9639709306,140.05186490469,128.63391801065,119.18959223391,110.41869297028,103.76301137759,100.48055465003,95.42766786852,89.27096101315
70,"BIH","Bosnia and Herzegovina",64.99181472531,60.10112190268,55.66195150155,53.27441123442,51.73171472438,49.56224604776,44.98851048858,40.14259448421,36.15211115165,32.71373544666,31.06413165546,28.97202024129,28.22715497278,28.25991373239,27.84979383727,27.54876288447,26.81187021233,26.64989810253,25.59903526116,24.6745887202,23.83674718412,22.88339342063,22.19280018168,21.43277935912,20.66538146894,20.49373525986,19.98638574364,19.17342157163,18.1770525582,17.42686020289,17.20869538549,16.8312403157,16.74741692055,16.17116251394
72,"BWA","Botswana",3265.37898391277,3078.72553768652,2986.54854712458,2910.55779139824,2759.50764636254,2578.64020030439,2480.34448774649,2384.88463777846,2318.53781707442,2015.26620349555,1903.57986969898,2016.72712777392,1940.93834190645,1822.5003697719,1741.65817636324,1730.98335628121,3027.33027317988,1638.14607585558,1603.39061428462,1571.66843317041,1497.19152914955,1445.24671174189,1376.29370601446,1265.58492400855,1165.37826993936,1095.73463400108,1009.33826388601,952.84142862282,910.54073047823,865.96596714063,849.95014272929,816.17971213411,709.72897931959,625.11146521708
76,"BRA","Brazil",1542.49482187103,1362.61359289589,1269.05496824168,1226.44760143294,1099.70031370578,913.08330109384,738.53640227049,630.44286711899,585.35103159422,505.69473730636,423.41330209801,373.49525987557,342.47289640932,316.13903723323,283.71026802041,255.44686285754,226.25076619124,189.89910332053,162.73108483687,138.56027200158,116.82231358673,98.89587530807,93.41487251624,90.28055137418,82.10894759618,76.36123730214,73.25187264551,67.52007590184,60.83938592993,56.33205550236,50.53138276936,51.71427488459,54.25700800247,53.14059488525
92,"VGB","British Virgin Islands",NA,NA,NA,NA,NA,NA,NA,NA,NA,NA,NA,NA,NA,NA,NA,NA,NA,NA,NA,NA,NA,NA,NA,NA,NA,NA,NA,NA,NA,NA,NA,NA,NA,NA
96,"BRN","Brunei Darussalam",9.95792530246,9.41848500538,8.96503314237,8.57494821755,8.15822387215,7.76983272461,7.42100869683,7.19067308191,6.95173333936,6.63772037738,6.34260683565,6.0150774519,5.92470433654,5.98206746047,6.00927205601,6.00768286644,6.06675840621,6.21118277349,6.2489129552,6.27760522422,6.26987803927,6.30049099655,6.17367534273,6.09525975303,5.95297171763,5.79987114872,5.68116154163,5.50098364328,5.27085045492,5.05918731115,4.99682366093,5.00991842625,5.00456043792,5.00920190061
100,"BGR","Bulgaria",33.50465375655,34.18819626686,34.63077502596,32.54976833456,33.44206206644,27.58895505644,23.50627650604,23.40837757746,20.6847761561,16.32010199501,17.54046217535,14.72867299922,14.82937142364,13.40188790878,12.17638532573,11.54401110011,10.83109491558,10.42204839062,10.88722680326,10.1509897089,11.34279934897,13.85274094332,16.03974515069,17.59369525221,18.48809930321,18.06132403546,17.51333279567,18.13751380207,18.0195073003,18.00511457644,17.99947823704,19.69649218555,18.66226593446,17.82235895021
854,"BFA","Burkina Faso",6588.05686032415,6362.44602702496,6161.42798981534,6022.32577524563,5856.91064701804,5743.7445128527,5562.10595205961,5339.91318478044,5152.13664566417,4967.78928507033,4961.28674887482,4607.10806394114,4452.18105630604,4074.65765165656,3790.33164285205,3558.30135504963,3319.9297699821,2904.49247247746,2684.06123216085,2459.75856895368,2281.82075146463,2124.29620522572,2000.94162207503,1862.99764601044,1694.26789970378,1634.20527156055,1583.39251770132,1490.69795089179,1397.15795568809,1333.51881495993,1229.83931587398,1210.43969123183,1155.38618465956,1078.47463298881
108,"BDI","Burundi",6906.29157113267,7124.94570781659,7513.34703780991,7685.83464877734,7668.79263314764,7714.717974278,7849.88742584193,7845.22347108774,7574.15087482499,7284.37695306333,7096.93707477545,6818.85446593679,6794.77455522626,6655.42285446199,6578.60235983039,6329.26494308432,5768.89152827744,5251.80630706929,4679.29306171083,4170.52112884052,3780.27358019374,3643.45064057738,3450.34777875449,3342.85682264523,3163.69939214085,2939.2409789646,2711.06227467044,2576.41680812779,2481.71736024442,2443.45235454661,2323.71673112501,2246.65045928644,2265.7537348083,2229.75417119824
132,"CPV","Cabo Verde",3097.41303022608,2934.08635744936,2783.75257421109,2628.85500120005,2866.5561783762,4594.35733914123,2192.13045185039,2009.90902796757,1854.69565310448,1696.72655875823,1561.46263380842,1441.77169666792,1322.82044389618,1206.79174318997,1100.20074188089,1005.43947342094,970.1300373599,896.75311226011,802.71398593211,742.13573436486,717.90203613214,668.36914747803,618.90416417211,585.59959386136,580.80029133944,554.37454754467,535.18246251614,498.41405252472,484.59025186954,441.33319339215,399.81929353444,380.62133217252,374.78858839343,357.69804735894
116,"KHM","Cambodia",3139.66812683172,3133.81560681021,3075.91450969054,3051.45582512527,3055.52284361092,2986.00736872173,2867.13394361853,2769.19843985842,2680.71408487207,2467.34749187101,2179.56405436863,1920.98023500718,1651.20231507774,1373.57994746131,1167.26811973653,996.89595911561,857.01956263444,767.31288897868,682.32597772453,612.24703016545,556.0966633113,507.94957312025,466.49683935883,419.72051343289,384.3431697814,350.90882682375,322.03399356366,294.55877866789,272.3233911369,251.95212226949,239.47440312159,231.68154935118,229.64185386554,212.87327751649
120,"CMR","Cameroon",6189.1083013868,6098.2256212144,5912.79288059335,5812.87456892474,5744.58767340186,5641.61660805645,5697.60863433458,5571.42057799789,5505.60795568366,5490.74912541118,5564.43495619936,5378.02029122045,5495.98317741265,5441.91439933689,5314.62867497487,5215.7741590527,5186.50331387637,4929.55567720442,4774.20489283344,4691.11180281158,4703.83892242478,4495.05913375648,4144.93856271382,3953.90970890395,3706.31195526094,3410.40753264687,3247.0544900894,3020.91493999645,2816.92801552294,2600.7587485595,2378.44395045346,2202.07896468995,2138.02344264055,2004.79972975665
124,"CAN","Canada",3.61569807581,3.56719774026,3.52775758914,3.61631739492,3.61192007937,3.64323970551,3.67822513505,3.79856774024,3.9900955194,4.27716030487,4.91974784862,4.85648440344,4.86104167978,4.9662216015,5.16791132869,5.02587195342,4.91687362809,4.82293146502,4.56698104375,4.39552350111,4.24960745958,4.21763677233,3.94822402089,3.51579168788,3.26091155804,3.06881311644,2.86073220281,2.66364680659,2.47494157665,2.28419327215,2.16445264691,2.07598005809,2.10771076496,2.07906761461
136,"CYM","Cayman Islands",NA,NA,NA,NA,NA,NA,NA,NA,NA,NA,NA,NA,NA,NA,NA,NA,NA,NA,NA,NA,NA,NA,NA,NA,NA,NA,NA,NA,NA,NA,NA,NA,NA,NA
140,"CAF","Central African Republic",7166.00634404918,7238.66559663159,7188.6207444668,7196.19548498124,7033.32919332732,7047.46845006159,7250.05528907052,7375.33198124832,7454.51771372894,7540.90037162331,7501.04694260302,7523.39435744502,7566.78055927047,7432.74653575525,7347.47361681281,7201.16492251445,7377.35191253181,7365.24613636901,7241.69204554844,7172.38290963523,7084.95612322658,6828.43224293123,6500.95425668079,6436.83700134041,6375.94831143238,6361.60403719235,6268.56477430786,6317.67337839396,6230.91823228558,6078.35599416555,6386.94378539509,6424.1044766052,5938.03034473338,5563.11003531549
148,"TCD","Chad",12105.5536450029,12473.3771651621,11625.851605735,11557.1704067351,11312.1968937495,11082.9558685429,11105.0429359618,11367.7022373694,11414.020479282,11500.564825097,11723.0403965069,11886.6066233782,11994.6782848191,12030.8851950657,11854.957114347,11524.5518361835,11544.2462933419,11636.6064147204,11374.5057401059,11033.047778667,10814.672111734,10345.7098200286,9682.6736125555,9553.95166290548,9178.55064265745,9091.58768574513,8882.60839430141,8751.83112383415,8538.7477933628,8421.71387522664,8397.1961078708,8269.32045325947,7667.36671813753,7355.51472238565
152,"CHL","Chile",95.97684299468,86.81015437817,76.92897797122,68.06475285409,63.80412936715,61.47831707099,57.7918419313,54.05533726103,48.71169594332,44.29374797259,40.19139342837,36.61867446274,34.13878326112,32.56431314649,30.39033413896,28.46970181382,26.49560784728,24.00991013281,22.56450259353,20.70975775702,19.22271152626,17.83881200093,16.92674891308,16.62210789846,16.61241825925,15.34877212698,13.83508694691,13.34490364362,12.75004714203,12.6030055494,11.44812795189,10.91165271405,11.22691347873,12.10541083145
156,"CHN","China",557.45937786903,515.43057491496,469.32776369089,432.6721648488,395.04447796385,362.68532432668,329.49619883789,299.09282159644,279.04760089433,256.78818619438,238.12144312111,213.80662794194,188.06649492453,164.54055863836,142.90732812249,121.00909061476,100.28654844795,80.79017337046,64.07382425556,51.28704331081,41.93843514661,35.45505287011,31.47537240238,27.62269233232,24.48336886178,22.24829507105,20.34352643433,18.09861565119,16.15304112173,14.61017622174,13.74856061734,13.03486544441,12.76213396962,19.97714813305
170,"COL","Colombia",539.73066578323,487.63765905661,453.56998358603,390.47334581335,355.54231931057,330.17305066115,318.91914089503,311.02458572806,312.87058200737,288.86801561781,267.49633362728,234.6189775276,241.78459804847,234.2292582623,207.92455504972,183.04128408542,164.67803307046,152.38451453319,130.82703558076,114.89276296856,96.58920541236,82.102723424,75.40903992037,73.22097829804,71.29269179354,71.04351539703,68.62023923673,64.4283034719,65.71867406383,71.74389569396,67.35055460157,69.66763813627,72.4005124575,68.51090642084
174,"COM","Comoros",5028.80976519932,4787.63394919961,4525.07632203464,4265.89404352809,4042.69399267265,3776.28022711921,3606.70032515082,3497.48777415605,3775.62092031905,3481.09402455713,4006.03481608514,3215.51131256846,3421.57434802524,2899.28954606378,2658.78611801169,2536.28111914313,2393.92895336266,2603.9484493585,2305.47089991008,2134.97721883404,1772.18955638456,1693.27646985055,1549.74970095361,1441.52040862395,1578.59476664214,1500.22494836802,1411.92149152624,1363.25563227498,1278.31781926972,1215.95221496274,1200.14111580255,1189.13996284655,1126.58478752759,1063.50281820548
184,"COK","Cook Islands",128.57063170882,122.88532728633,118.89904812758,114.8157210082,110.66438185606,107.14156958219,104.05892584578,101.2319487813,98.84758585887,98.01635658302,95.77355700668,93.59715930531,91.94738337448,90.76449351767,89.95481002784,90.02873708487,90.09892255308,90.68399087711,89.27668044696,88.98712257334,89.09523646447,89.07492915638,88.92588308588,88.96579041537,89.24674511381,89.40200747586,90.67459715901,87.66052650274,86.79671927188,87.70892713099,85.64026129509,79.01872111797,81.29434872614,81.48161216299
188,"CRI","Costa Rica",182.15184831644,161.15111789807,139.72534218089,129.61138588041,123.00962617178,114.74987494219,107.15792826091,97.80742954132,90.36181984424,80.97277978534,73.06729913098,68.23464103348,63.50490653982,61.50748460177,56.74867297294,52.69095036112,48.23634636551,46.20773223478,44.26040502651,44.38750040664,43.13322238768,41.24145083029,40.41162034487,38.64425661263,38.89681222768,37.79679542091,37.30266221445,34.81680759699,32.79098126746,32.53324564883,29.4138686065,28.70731965023,28.51232711424,27.79371768633
384,"CIV","Cote d'Ivoire",4225.24722700627,4059.19523144674,3892.96030995209,3783.0279535457,3680.53345614829,3539.87551789148,3338.37167554741,3159.37622119201,3002.8135870657,2912.38792812157,2850.98485341613,2745.0451103741,2619.35748826805,2521.79450186602,2520.21310792014,2533.89504638456,2638.39778208216,2590.65504597538,2505.34352002595,2392.17724290429,2249.65301006584,2119.29562825135,2200.10492967217,2261.65973303357,2191.16272621999,2161.98186323765,2075.1254700746,1931.51555043126,1760.98471794022,1616.97418767648,1506.63240810643,1378.38405311554,1287.05642879083,1197.6872292434
191,"HRV","Croatia",17.30581093723,15.61592921021,14.76505691571,13.58778180073,12.86193110313,10.88906857638,9.93415180173,9.12200018949,7.93718403908,6.32158758418,5.96576751331,5.34654700148,4.99144996449,4.6010394785,4.35250865631,4.29589295941,4.19895218587,4.25400127114,4.62181542636,5.20484234209,6.30938600519,7.79949377484,9.09561825918,10.07905839916,10.9639261082,11.65847240697,11.84447548992,12.53925176319,12.77154021475,12.81907185914,13.06589857064,13.91258551181,13.39661744731,12.713600333
192,"CUB","Cuba",199.02937226577,188.03169812006,183.99098124843,200.82242444958,194.68643776289,183.72651456529,166.71476136219,148.88542527966,134.98779087315,118.64197496666,100.42907240312,88.05219651189,78.50314133198,75.2481700935,72.57015982871,75.81792157795,71.56189373738,68.34539801368,67.36598617357,64.4703858548,63.77119067528,61.98883783355,63.05170009627,62.11565523014,58.60794944403,53.21916417121,51.50929187859,51.0549267772,50.17163415618,51.21387130331,54.22103707612,57.97975108853,57.51442363206,57.3904524129
531,"CUW","Curacao",NA,NA,NA,NA,NA,NA,NA,NA,NA,NA,NA,NA,NA,NA,NA,NA,NA,NA,NA,NA,NA,NA,NA,NA,NA,NA,NA,NA,NA,NA,NA,NA,NA,NA
196,"CYP","Cyprus",19.11535672086,17.79612961199,15.84555254741,14.06741271812,12.38803283134,11.13985434258,10.09964444376,9.32408885442,8.61835996403,7.93872860763,7.39911413375,7.02887759434,6.94313992358,6.99103907359,7.02784737506,7.08750849727,7.07342040473,6.96620437036,6.90492525253,6.90772099968,6.87620031234,6.86026494943,6.67076082959,6.51738560334,6.37147356839,6.25150011335,6.0545825133,5.88449734746,5.69298324902,5.49675141429,5.30345628769,5.18336930134,5.17002285566,5.02382768749
203,"CZE","Czechia",33.33198486393,30.34404379629,27.99180238664,23.29430183198,19.58607892193,14.96656677318,12.81204378094,11.77296401776,10.01241294199,7.79032869862,7.33439343171,6.62048070364,6.19656886697,5.81283638799,5.52154661257,5.49004104304,5.45559210208,5.78882106551,6.45909490991,7.52313445907,9.5140650654,12.28677922705,14.48688535482,15.70263950818,16.78017352356,17.72749189783,17.73318097739,18.38379487612,18.62726066265,18.74827474723,19.28273982516,20.41367218989,19.88129991184,18.9454750377
180,"COD","Dem. Rep. Congo",3923.09125985399,3893.61593769357,3800.03253751038,3765.14159131306,4078.37382957817,3739.01438260058,3799.78617722771,3813.07978539407,3953.75959610281,3973.68373155634,4077.23099867532,4042.61192380154,3858.72634393163,3708.96373789627,3391.75626529576,3131.99811234822,2917.14254731428,2729.30435032543,2550.16174277281,2384.36353104245,2207.39605446492,1994.45043116491,1780.83914688371,1581.45275085612,1434.643386953,1270.40518218359,1130.73979863963,999.66864735218,932.20484175294,871.39149595518,798.80038984339,754.16213754937,670.06759165362,624.08869753126
208,"DNK","Denmark",3.46037759703,3.42838832802,3.37550628308,3.23873999574,3.06370181684,2.97418760072,2.82942896387,2.66455528396,2.61829908673,2.65243901208,2.73101369414,2.81446126811,3.0916587523,3.30990270259,3.45601528362,3.68701472839,3.99620605922,4.18930272718,4.14399805819,4.17176656934,4.0878482485,3.82423855114,3.72366473588,3.73320014346,3.68117428369,3.62308102655,3.48717102533,3.41000603495,3.34104038148,3.30224898354,3.21587723833,3.29158145667,3.25506623938,3.2026593581
262,"DJI","Djibouti",6659.71340680384,6380.59619618359,6358.63359927424,7440.98093975006,6165.4747811491,6111.48667736571,5972.19703675609,5982.94567612602,5654.14068826206,5378.50622441021,5195.82395553218,4944.4166333861,4723.94014052936,4407.14666209801,4322.62318687408,4053.32219171638,3886.58567870358,3789.40025625154,3630.71780535577,3499.81729261806,3486.34560062525,3219.2006253341,3073.68288454745,2944.21818506742,2710.27664409688,2564.21604164199,2422.50903035903,2272.05046886448,2041.51925592272,1926.15298689191,1787.46308899755,1677.67516707891,1636.97217632277,1549.7969692111
212,"DMA","Dominica",276.16774086697,274.58287878545,265.87659643992,251.06548264781,233.64302840269,219.09403465524,203.17887530532,181.26552920254,165.84780259623,151.98791831039,141.0051398339,130.3388567554,120.95500715226,114.14301558508,107.83270715014,102.38703081284,98.18460467058,94.26530400788,90.26103155626,87.40179193337,85.25857892518,83.60995010723,81.95458103032,78.21881263016,75.07725095545,71.27235472863,67.46408205509,64.83474174347,62.95256895026,61.33494848302,60.5725154495,60.32359630618,61.50515357004,60.10645978111
214,"DOM","Dominican Republic",1311.78514941755,1245.57111037453,1178.33340205886,1116.04719004555,1050.68778941111,980.8503545089,913.86516851468,803.83967909759,701.03295882608,615.13645518834,554.30467299427,494.76744548254,432.78272305093,395.79533270917,373.62871855671,351.19660629821,328.66795789267,301.49656516704,277.36361957476,257.10620778006,245.18070938813,289.94780735323,303.24777351065,221.87035319262,199.94435689486,193.31499762435,188.81772620712,164.98272818716,156.76687534374,146.52466657798,150.75424782373,145.82120266296,135.38300949599,133.73718579709
218,"ECU","Ecuador",1079.26489772131,1093.57906437578,970.95428192826,790.60741334897,618.07234471776,570.52266928917,569.62459330792,516.238979017,484.60720436505,427.28423400974,403.17295494953,378.89545336099,338.42290437435,306.25003819823,266.44369608874,238.32411459198,218.20132786602,198.48566550247,169.22780684163,153.49853325974,126.81901727548,113.03740194063,99.79780459495,84.11542362707,75.6624028733,78.56328964573,67.87874236869,59.60824202768,55.58713759992,55.85366699099,60.65597691336,61.52936231671,62.52518098992,67.05943004207
818,"EGY","Egypt",1829.30190115945,1565.6803386199,1348.70936089868,1134.43485008034,963.61686189044,834.77191031312,756.97597754459,709.11703938941,656.24702141689,600.38488985511,537.58930308142,484.53977806272,432.51710717758,376.32333952199,323.11558216349,278.73233343782,252.0168014848,236.92025741767,226.05241744201,220.5518201688,214.14687184747,205.15405521604,190.38218437917,169.34938660251,151.50609472141,137.12082198177,125.09812778366,112.51672368402,101.04801828516,91.61029444503,84.41963159985,80.62304577418,74.55486422235,73.2123505046
222,"SLV","El Salvador",1716.76443902974,1681.34333176619,1471.62709951832,1345.75951536424,1283.06834856238,1169.06225851086,1084.63366564832,984.191453397,870.3477165399,739.26244451215,635.75277880967,550.48997362272,482.21794973691,432.23248696003,394.13316734351,358.7927071633,324.79589862654,291.87317454498,262.32482574366,243.9630636352,221.57235484427,204.68047352676,194.59550287028,186.47876803768,179.13380573899,173.24203288834,162.40200013141,155.10067823738,146.87216599085,141.3430908403,138.44041954034,130.9963564462,125.33577985469,118.56800216795
226,"GNQ","Equatorial Guinea",9020.07808802401,8678.42346502108,8228.40023497575,7856.39192676411,7453.62333885597,7180.1806323247,6670.04430603628,5696.73649291411,4990.9106341709,4377.66461573462,3849.29683934704,3215.21881074541,2753.2443407583,2361.98150354096,2051.93918538778,1946.8972540943,1604.0066985936,1404.74474167137,1238.73308819638,1147.36854537394,1032.6906685648,916.24862102808,801.14718455894,722.43549427599,658.95495435265,595.41953655417,563.65299583083,533.90440992297,507.02403779238,480.54557043725,466.85876447724,458.43973222162,429.39404652111,420.43341651172
232,"ERI","Eritrea",10907.2454447794,10469.8559144117,9871.17671480788,9170.21185102882,8506.44635394449,8064.69415884954,7477.61353128779,6828.64830500185,6268.09735953688,5779.09113431781,5428.03952933985,5127.19980940908,4933.52360678392,4603.81090408239,4503.39858510189,4289.42912274887,4079.43224256066,3931.90099093851,3853.21854777908,3644.28381976046,3507.25123172105,3292.09607751445,3102.08238203982,3026.56396694478,2786.40269907496,2620.52536914862,2520.30332149138,2412.27733883774,2285.29517544851,2261.15204527472,2204.94932113075,2185.40321230679,1979.54430560527,1878.33289877056
233,"EST","Estonia",40.90516371328,37.11698421301,35.09414072038,35.01731042149,35.18491202291,32.32016433724,27.63280918666,24.62693738762,23.52605014261,23.45300707842,20.89830451943,18.72043606488,17.24147042581,16.55663847343,16.03836585812,15.7303314995,15.41193066893,15.26840488415,15.07807986453,15.06440126455,15.22943697505,15.54022267953,16.20932608923,16.88346874446,17.3033902397,17.27296407537,16.84676213724,16.05771551155,15.26960914431,14.56340549131,14.20247971193,14.81264980844,15.75789404363,15.63028821009
748,"SWZ","Eswatini",2454.6002498542,2329.47746511536,2369.91191887003,2138.05163665803,2053.25542554123,1966.21067089222,1881.69698327883,1803.09438962761,1748.98187590077,1726.08231320057,1848.70505374465,2127.35210248331,1665.07230741926,1670.93580100306,1640.85127808904,1570.22061185866,1585.41014010072,1630.93300637,1695.65026767371,1798.32723582135,1682.63492584574,1429.65553410065,1291.25065113794,1166.17421632253,1089.96614430056,1059.60563485154,955.51977680787,891.2429471639,852.33524796895,798.63038998325,768.59286482364,711.9410843381,679.29693026975,616.35731474675
231,"ETH","Ethiopia",10863.8932896748,10738.9763121529,10684.4428444787,10490.1712419053,10257.7519311024,9844.23480227209,9380.0167370793,8946.52788844511,8462.95631803424,7986.08158724538,7476.50082449134,6906.61917747348,6401.09055038664,5854.45778532952,5339.98833377526,4996.89366526911,4664.11287463299,4348.56646690381,3930.55417709069,3540.15374684311,3152.25717306363,2907.44712702495,2660.47500290533,2454.83923912892,2371.59933284883,2212.94649889755,2084.77631039192,1986.17272312972,1879.98617762208,1754.1865932699,1570.35616917851,1438.56692817218,1360.08695487799,1253.72664100136
234,"FRO","Faeroe Islands",NA,NA,NA,NA,NA,NA,NA,NA,NA,NA,NA,NA,NA,NA,NA,NA,NA,NA,NA,NA,NA,NA,NA,NA,NA,NA,NA,NA,NA,NA,NA,NA,NA,NA
238,"FLK","Falkland Islands",NA,NA,NA,NA,NA,NA,NA,NA,NA,NA,NA,NA,NA,NA,NA,NA,NA,NA,NA,NA,NA,NA,NA,NA,NA,NA,NA,NA,NA,NA,NA,NA,NA,NA
242,"FJI","Fiji",621.20395352459,605.97214963969,585.94999499359,569.09814290188,547.87353560091,525.87216816135,503.69777563156,477.18918767176,458.9421922949,440.27512178964,424.21750247925,405.01693466925,388.01955120754,381.93007134475,375.47846233171,373.18079431567,374.15506707458,377.48687832391,363.84852915087,349.22779310703,333.86241912474,315.74464551568,297.69703665946,277.34903855318,258.64425720524,241.64129712981,227.3628735501,211.29917406576,204.57188574794,199.48307924923,192.29877700807,189.08718721724,178.42296682296,170.94673236322
246,"FIN","Finland",2.652248178,2.65453222341,2.56465752716,2.43754949148,2.32402781976,2.22018163537,2.15499352475,2.04517492177,2.01618383564,1.96272335498,1.92936140022,1.89071122602,1.96335416742,2.02323472294,2.03931182563,2.09609534556,2.16386839318,2.21756782972,2.18743950353,2.11959891786,2.00421382443,1.82501435183,1.7089494193,1.61974129906,1.53271409969,1.4663639142,1.40156382392,1.34147928148,1.28752958227,1.23377611737,1.18733971937,1.18561498662,1.17275332252,1.17005050991
250,"FRA","France",4.97294080762,5.02893574738,4.99396023086,4.8265965922,4.54731322778,4.37931816859,4.24858868884,4.05858618064,4.06085796079,3.99449537445,3.9978437142,3.85047389785,3.92124343423,4.1355871687,4.17304018725,4.27259606272,4.36732243782,4.51577333583,4.62649640623,4.5956201063,4.32662036301,3.67423461449,3.54461384037,3.47512118424,3.41097439135,3.42983372452,3.3291882613,3.25814461229,3.19908658962,3.11733265249,3.02453873791,3.0075830501,3.05939809504,3.03198605751
258,"PYF","French Polynesia",NA,NA,NA,NA,NA,NA,NA,NA,NA,NA,NA,NA,NA,NA,NA,NA,NA,NA,NA,NA,NA,NA,NA,NA,NA,NA,NA,NA,NA,NA,NA,NA,NA,NA
266,"GAB","Gabon",3275.63396460243,3139.97382970592,2986.38501801293,2803.70535571425,2684.01869752987,2601.21289701213,2469.65272214031,2364.03937668375,2249.76440870377,2118.1004770865,2049.91288895465,1973.53091145957,1915.12199886347,1824.70871106492,1737.39002194901,1695.50922992744,1597.5771158842,1517.84863905168,1429.34510387035,1339.87775265321,1217.10497221622,1125.09635668119,1049.62916669054,1020.12820991972,996.01108888758,981.9542289642,929.12717568012,864.93823211602,816.14249639644,773.58984143446,753.44513436223,706.84794264789,641.54477140745,609.95936761768
270,"GMB","Gambia",3732.35481309002,3604.52233163278,3544.88256361793,3317.27496718884,3111.71557300383,3224.22635130896,2932.92934582868,2764.1472415482,2735.32937205316,2701.82746983461,2388.52553524403,2149.76181802528,2021.13687555941,1956.22484317505,2094.61588287692,2045.86609463138,1905.81535576287,1845.16515758279,1662.41274651774,1573.31374820208,1462.49004557594,1267.78803881142,1199.27826584285,1132.94663148687,1120.37220017256,1004.70966265958,978.88181065882,978.42158037203,911.29487967313,882.59091830923,789.01831102333,735.74203104847,688.93772665813,655.89315870162
268,"GEO","Georgia",225.47862989732,193.33747850435,194.10801342154,222.10985788534,266.62719353559,266.75412796531,252.95473839973,202.35564684617,192.10176783406,174.23654046026,140.85381038714,131.95366889061,119.73087683973,98.94544571327,86.22971739303,69.21347966017,60.41825420049,58.68766441365,57.46449210375,56.03124743412,54.74748236985,50.91614622321,49.18142784204,47.83003183862,44.75008094672,42.81080630265,40.83607038233,35.72057638706,31.40492872842,28.13305571392,27.5530799306,27.46394779677,27.34267240312,23.35025220935
276,"DEU","Germany",3.8488800936,4.06934036741,4.17676033286,4.15737257732,4.08886115096,4.00441366677,3.92065997717,3.84122639316,3.77819661298,3.71622418745,3.71275858615,3.7103268524,3.85872390773,4.06072519171,4.22979437555,4.40155218945,4.56922067196,4.77745240624,4.90070952936,4.91558342278,4.78028076071,4.4495637344,4.24777665919,4.06397587097,3.79837815404,3.6312503934,3.32670775828,3.02516004986,2.76357864929,2.47547915075,2.29797909431,2.21499060803,2.21803026284,2.18989222357
288,"GHA","Ghana",3328.01361515215,3187.41926151024,3084.43960756943,2981.45397917875,2871.47303600056,2754.66827317529,2630.80446981213,2501.19907741675,2392.77656299062,2234.10591867985,2115.83106721868,1983.07685879413,1869.63250658777,1793.20302104337,1734.39450676233,1688.52933377887,1646.42414673039,1553.39343153408,1399.30144551376,1339.30793076074,1288.32107011417,1239.13562225542,1118.75819354023,1020.58302666114,955.0641980282,899.61755549961,852.21180404713,828.3233928579,796.85395156201,769.26215887674,751.9999803367,738.17593260231,708.64759010023,675.75627780831
300,"GRC","Greece",1.56705173504,1.52844909876,1.50407336485,1.49256739229,1.47515668953,1.47309981113,1.47400935733,1.48070599235,1.4913858233,1.51272560483,1.54098633647,1.56462510337,1.57624098393,1.59930552092,1.60310362238,1.61091813452,1.61279728822,1.61527889578,1.59039580744,1.56405381254,1.52734106242,1.48541132026,1.45788459538,1.45207561224,1.45233642717,1.45127126251,1.42576133696,1.3876421028,1.33317379094,1.28348570347,1.26373083669,1.25498482315,1.24670955138,1.23620828646
304,"GRL","Greenland",9.03328325621,8.97230397964,8.92010159695,8.94801568124,8.87831839987,9.06265035016,9.2663647623,9.51963493512,9.57028985955,9.70083636829,9.87993187617,9.43306888631,9.00850663608,8.56384295707,8.20130591522,7.73727522857,7.5712514826,7.53863943368,7.52017695116,7.28882186711,6.98695740267,7.01325452353,6.6899347894,6.34908505664,5.97994575138,5.74051397216,5.51563806557,5.34338434526,5.14163129953,4.88188856639,4.62950673567,4.47234311031,4.34949374752,4.32356329122
308,"GRD","Grenada",269.51865818863,236.84461522007,233.82827261001,231.23006579757,206.29260443571,193.33381184348,182.12701844078,165.82344444542,143.06189725907,110.95848145219,98.65903171762,93.74905070762,89.44589604342,90.58173189558,91.55324167898,93.58290161033,92.04913566676,89.91662859543,88.84549018753,86.85826517381,85.1200436502,84.78536649677,82.56846728316,79.52906350037,75.99154562334,71.21488847113,67.96173310941,64.85583944029,64.90426159982,64.79785133361,65.27366165106,64.26522700404,67.32962757671,67.18126148336
320,"GTM","Guatemala",4570.27563653801,4414.47167903271,3672.9670496821,3236.26843041714,2943.1094088159,2566.29736462113,2349.69167978386,2171.38894338365,2062.08187488571,1834.21906646931,1841.00302955123,1786.643343253,1666.16659652694,1538.2856133047,1405.83792235533,1300.99721486107,1181.76487608327,1103.95680112652,1022.50214810707,907.83828678315,859.20914116466,804.25485821779,756.6180732635,715.23865640882,700.36631215349,682.52105401338,686.06161757632,627.90939894304,588.08850577931,582.00892957309,584.18524619216,643.44144497011,636.68138004461,591.23851346027
831,"GGY","Guernsey",NA,NA,NA,NA,NA,NA,NA,NA,NA,NA,NA,NA,NA,NA,NA,NA,NA,NA,NA,NA,NA,NA,NA,NA,NA,NA,NA,NA,NA,NA,NA,NA,NA,NA
324,"GIN","Guinea",8039.9151531038,7719.95613223513,7482.67338852451,7203.49838620921,7094.12573924691,6912.68518380736,6303.44693218223,5867.76850884232,5461.45834482338,5056.60346327336,4741.87738600813,4448.79156371191,4163.71474710714,3997.76563069414,4026.34820175499,3861.11124512046,3762.9971228922,3596.54330631158,3381.57624630073,3144.34544050374,3048.70302480026,2870.31457345699,2677.13940078175,2529.78105523488,2342.72485750082,2153.50633037445,2007.42535128599,1759.42300477075,1533.35977525544,1432.53150476624,1382.67785498519,1307.7205630647,1161.32045274314,1079.40324196793
624,"GNB","Guinea-Bissau",6807.15089655012,6524.73933202357,6245.49368787061,5965.5416851561,6365.38786492443,5384.35736776553,8346.18622231337,7368.37281158162,4550.46904728517,4277.33860502356,4187.05730263869,4287.64795703087,4366.4558992343,4451.14781509503,4525.0304899819,5580.75513831954,4455.1032422157,4547.10780004696,4924.11076940548,4123.64946493248,3950.51620169654,3699.18362999038,3429.80252422178,3316.89873707079,3070.85291502232,2862.55910856672,2790.82572731744,2649.32710540079,2479.51438253087,2360.02406968546,2260.34649918987,2179.41919197337,1965.24287071606,1843.38342838184
328,"GUY","Guyana",1370.5693534838,1217.14130026341,1240.35269357742,1287.08769122887,1209.9775966444,1170.87492086861,1121.90104614598,1034.61735033863,922.01844712865,895.02311177521,951.25918449777,724.91050080396,610.71813965093,569.63025576265,532.35785395136,571.36941393573,561.67938724158,502.11816109567,466.94044812137,463.6226302058,441.67607533744,412.99030130453,384.61633359157,358.95789034221,326.63173909412,300.93075672642,270.32964685159,254.26493521359,262.20116634571,269.75891191572,244.34463404889,229.22984598748,211.48514908234,185.45014666514
332,"HTI","Haiti",7453.54354347888,6917.75229961705,6676.16051682741,6397.15432255605,6000.54023353295,5647.26982236706,5191.72895841426,4836.47427315627,4263.63468299408,3963.3488086518,3597.90497743872,3325.2001501852,3017.8601716901,2771.71965291577,2587.28363102253,2378.5264391171,2183.71181373314,2020.84600111241,1843.72508887777,1683.23694433761,2178.90581589416,3988.03971159157,1452.69376411976,1699.83920362506,1538.67817081443,1451.74042877061,1523.84577832906,1257.61201625904,1178.06525279706,1126.6442101841,1139.81269428403,1108.81184905391,1215.68478440046,954.56949974762
336,"VAT","Holy See",NA,NA,NA,NA,NA,NA,NA,NA,NA,NA,NA,NA,NA,NA,NA,NA,NA,NA,NA,NA,NA,NA,NA,NA,NA,NA,NA,NA,NA,NA,NA,NA,NA,NA
340,"HND","Honduras",1806.93945162268,1683.48694772056,1571.67018135074,1497.0257653068,1380.3640602695,1273.6636533535,1145.48088373424,1045.3199869011,965.51122083015,881.30173458846,805.26140036662,736.6293143735,683.08357264129,637.15909747698,596.07057263335,550.46551216238,511.26726277336,473.8893161111,444.61772204985,412.68140015679,382.25051181519,355.06268205512,331.07834552745,304.27806140267,283.963699109,267.03933844011,250.39996724712,236.71864105672,223.22876238977,211.17287976289,184.70806117702,166.77443220267,171.37024831874,160.30946789676
344,"HKG","Hong Kong",NA,NA,NA,NA,NA,NA,NA,NA,NA,NA,NA,NA,NA,NA,NA,NA,NA,NA,NA,NA,NA,NA,NA,NA,NA,NA,NA,NA,NA,NA,NA,NA,NA,NA
348,"HUN","Hungary",72.1413767914,68.41630055195,65.01735853465,60.28575952882,55.9498917463,49.55295392324,45.87095896642,43.17074183351,39.94072080184,36.2523975217,34.66393394356,30.35212729683,24.30625424164,17.16985123536,11.51900949552,9.31784255476,9.03270185339,9.08400734243,9.4844263176,10.71893935768,12.89256756133,16.00003575975,19.15767730338,21.13737010392,22.04074708062,22.9994591281,22.93154845401,23.35005114049,23.49739836774,23.40300878628,23.9058731488,25.51948209247,27.44693624494,26.81403025397
352,"ISL","Iceland",2.62694840363,2.61170375422,2.54934304682,2.43525520133,2.34739287814,2.2724581842,2.23080069013,2.14941424219,2.10907722103,2.0715160985,2.04551022894,2.01121044637,2.06900400091,2.16599048302,2.24581338269,2.32633856733,2.41023374571,2.4699749487,2.44154069461,2.38059679539,2.30201715843,2.1776379567,2.1443825205,2.12709807532,2.09899038554,2.07387680751,2.00506167854,1.93185912297,1.85554379907,1.76610539554,1.71074465,1.71374722428,1.69938241081,1.67180546098
356,"IND","India",7558.48833451845,7198.14799809751,6847.96360362718,6387.71325192893,6074.58203058831,5863.33768113158,5574.61290335061,5229.89789470863,4865.45940920069,4378.62845784479,3961.54581255317,3658.25742258735,3440.10605838223,3329.75630511773,3174.81143317955,3020.87106064273,2887.68087349094,2764.93926827353,2619.89036415281,2428.44416385965,2236.58805204684,2018.88981282155,1834.41339654169,1704.15666139981,1565.9360900364,1436.08052343098,1337.93136218598,1265.96003388871,1182.08616443223,1092.78264806884,1016.67603141144,926.39732614321,947.28317936681,860.42533315152
360,"IDN","Indonesia",3509.46280697518,3174.98982879501,2831.18796668098,2523.47985628076,2245.85041413365,2033.51726928792,1840.68806170977,1687.78148678696,1639.04148235712,1608.89675511589,1585.695232593,1554.32138525185,1519.913797118,1461.86731552245,1442.42964254297,1356.85066659091,1311.07427675125,1273.38914948059,1207.386293298,1145.25979051165,1082.26181894684,1020.73423207816,955.98927287655,888.23193321504,834.05539605378,785.09919043062,743.55679538661,709.22058485318,676.33527305873,645.99849457838,630.48157269666,598.50196206945,574.06260578295,544.10443615907
364,"IRN","Iran",394.24959443439,335.49482038547,310.92272873678,289.25201513795,264.11322017267,243.81409332951,221.70982813684,206.91991110157,190.21466337516,170.73340364131,155.30921576686,133.2109030027,119.24279393683,107.76939252209,96.26392876216,87.44971009983,80.24787322287,76.5915952587,72.947050086,68.77644886936,64.94152574025,63.16556678103,61.80827779124,61.25207366391,59.91498225291,57.82708776151,55.77083871426,53.36993441803,49.33224742697,46.633506243,42.73420901951,42.41460746164,43.28139181356,41.87784287683
368,"IRQ","Iraq",593.75684043848,567.44292613734,539.68626842982,508.86574509811,480.84387052816,459.5124797888,442.70251395652,413.38399760093,376.52156281831,341.50757166246,303.38205350206,276.35413719553,260.23684049588,255.89553594364,240.25211283874,231.55734421618,221.88341970945,221.76015958108,218.06562260934,210.51609371258,202.52123400453,191.7294899072,175.5272312936,159.1706226648,147.76760853469,137.5642535142,127.94590846113,120.64804401889,114.32876969802,107.43969281914,101.93180128855,97.16986659395,92.86653363073,88.77845334626
372,"IRL","Ireland",2.86225976332,2.90166557723,2.86274437334,2.77129585098,2.65516158742,2.56342137469,2.4435384742,2.3208247905,2.221575561,2.1457334444,2.09515766108,2.04801033421,2.06892537653,2.09142368426,2.09903714655,2.13624309898,2.19945244441,2.27608698263,2.24340843381,2.18443287973,2.08917604325,1.99306283345,1.98311316699,2.01021817258,2.02253111967,1.9985293713,1.91383900491,1.79157855966,1.65962201592,1.54634271124,1.46475248629,1.44211989221,1.44468930261,1.44161877171
833,"IMN","Isle of Man",NA,NA,NA,NA,NA,NA,NA,NA,NA,NA,NA,NA,NA,NA,NA,NA,NA,NA,NA,NA,NA,NA,NA,NA,NA,NA,NA,NA,NA,NA,NA,NA,NA,NA
376,"ISR","Israel",4.43123756681,4.51818587766,4.61323393021,4.48541604633,4.40621385174,4.28870681062,4.11158503159,4.1187758734,4.36803488483,4.7028680478,4.95945619698,5.14632305609,5.61464102522,6.14377909612,6.51136356939,6.81303946655,7.12698086039,7.52955722019,7.65392150177,7.58252654901,7.44527854651,6.9780385442,6.70276771991,6.41733101268,6.04662588974,5.84580404513,5.51833050338,5.24021002947,4.91407584308,4.6498435418,4.46218409947,4.38892172357,4.37174604194,4.30482001591
380,"ITA","Italy",3.74146250456,3.59719863447,3.4226245372,3.20471825419,2.98401846157,2.77434371293,2.66461889487,2.60782217273,2.55171085063,2.50371044782,2.45358597136,2.3733419948,2.3179184288,2.33585828922,2.30380355908,2.28570829123,2.22897033104,2.20947537008,2.21780987922,2.2165559215,2.25513206853,2.28062637745,2.30200887823,2.29671947576,2.29791056149,2.26757572627,2.05010508223,1.97228829162,1.87338881762,1.776725174,1.65607937692,1.60969277988,1.52199088244,1.51646747056
388,"JAM","Jamaica",581.38844043482,512.73862216555,483.02887008901,459.24864741262,431.15950073381,383.12318622143,293.79624973885,253.44957360591,237.19693846859,222.58014983328,205.21690065461,162.75203439929,143.53737401699,140.9008183278,128.81608072244,122.41472709758,125.57830218845,114.79347396359,105.70623082051,102.87475239883,96.7674361365,97.34136078579,97.25617786546,94.66339160627,99.02834692973,97.80436629182,96.66212992852,94.70335315148,92.50287573808,91.10612541662,89.11879918879,86.54786637393,86.37156394788,84.20668404593
392,"JPN","Japan",10.70880831888,10.56068515008,10.31189716572,10.09400192742,10.06240676654,9.84164551743,9.55962406551,9.38057472949,9.24685700624,9.10084204095,8.94526450877,8.78445496016,9.12745834893,9.75925396944,10.26857976815,10.85338751732,11.45387465697,11.63802662489,11.53794451076,11.36841523274,11.35116846347,11.3068490377,11.60706015921,11.607957492,11.56633673332,11.58093874885,11.62093374731,11.48999869425,11.32714448746,10.98146367772,10.67654559841,10.25428128095,9.88418805462,7.60930781006
832,"JEY","Jersey",NA,NA,NA,NA,NA,NA,NA,NA,NA,NA,NA,NA,NA,NA,NA,NA,NA,NA,NA,NA,NA,NA,NA,NA,NA,NA,NA,NA,NA,NA,NA,NA,NA,NA
400,"JOR","Jordan",100.31111062488,102.7286290763,105.58514889441,109.08010003258,112.0470856935,113.72461216259,114.39615659401,113.72553834216,114.06263367902,112.89912691256,111.49050951146,109.36288538467,106.00998694361,102.30695984989,98.58467712486,94.53984060516,91.01172451953,86.9196462424,82.14820331379,78.5365830173,75.43102373672,72.98810861096,70.71394273376,67.16455063861,63.63062810492,58.91436296353,54.35570291829,49.17935796254,44.67004117398,41.1744818306,39.3578212514,38.61445331256,37.83156373662,36.86832646404
398,"KAZ","Kazakhstan",565.04102777484,546.79274165276,557.44654604512,557.14421955897,558.52133302765,536.9587885108,474.31073966344,454.12904140845,353.65540497662,287.02961957989,219.71325191342,167.1793990061,129.19649483757,103.72811044805,83.55596249478,67.78430856876,67.30060087477,64.38840130846,58.69626717339,42.63979139346,35.16984967102,32.18773754048,25.34065830503,22.63617912482,20.1890134125,20.18750319636,19.18475349301,16.60561121072,14.78502092524,14.94391586376,15.16024929702,17.28911325409,17.51700444188,18.19942997557
404,"KEN","Kenya",6377.45293372216,6133.09777174298,5958.73389605318,5795.30506219451,5624.10582189965,5443.79764464899,5260.63205481756,5186.72725939163,5083.03628084791,4892.27674639263,4636.05033978904,4417.73744813203,4270.35756668294,4123.55748329196,3862.09425624106,3608.96047792396,3405.04789334852,3245.82768975196,3048.98973830536,2967.20931530126,2836.08058852465,2669.601406554,2481.53657918793,2318.18302851213,2145.20792170884,1996.81872227733,1842.04903459309,1735.5692528575,1592.74028114063,1474.67922662718,1398.26392534542,1317.01262550181,1220.45013028135,1147.5115725005
296,"KIR","Kiribati",2793.34848138595,2705.20979548911,2464.97424380345,2515.39031490949,2387.35737386209,2271.06263273169,2171.85429950674,2067.50187266828,1960.75460669231,1938.06963092649,1846.33073961987,1735.7319052425,1639.50923755483,1543.16098072064,1450.98372236404,1392.31685406394,1339.62228873916,1351.20038328936,1293.36300951002,1226.6686765744,1166.85992953036,1097.08581058391,1012.00605725848,950.5389262081,896.11850175395,836.67899184467,782.5044769331,741.68014422244,731.26948088428,702.1314918471,688.68528319612,665.83510992537,631.7224215274,599.9621770811
689,"XKX","Kosovo",NA,NA,NA,NA,NA,NA,NA,NA,NA,NA,NA,NA,NA,NA,NA,NA,NA,NA,NA,NA,NA,NA,NA,NA,NA,NA,NA,NA,NA,NA,NA,NA,NA,NA
414,"KWT","Kuwait",43.61677683794,36.81318042198,37.01676937363,37.81985682935,36.41286159812,27.6740585567,24.44309360839,22.77762865538,27.14589942085,28.32921531246,29.34697800362,27.95449903051,27.31640208405,27.35460559024,26.26793939612,26.01422000628,24.98132799758,25.23138616238,25.10447777284,23.32156313811,22.61916539381,23.20170491612,23.73678194017,23.63934594285,23.53148233653,23.24179516837,23.12847476959,22.21808823089,21.02387700535,20.1255417025,19.60597614537,19.07602708478,18.79119207747,18.71864946699
417,"KGZ","Kyrgyzstan",755.50237283113,729.59020813645,747.0043780034,698.65515481139,702.60277732504,684.74531353774,623.1209855676,665.41293043374,633.39903007756,575.0189532318,463.63602147068,386.58027654687,313.75509958998,247.49538042959,214.82817117696,205.91191259367,205.332794441,196.44264735005,181.76665855875,148.82005248222,125.23503416566,119.70111548179,101.57495838012,80.1955486958,76.25111225565,74.68759038512,63.44492138549,54.95022019201,48.62647251497,47.55013616628,47.36292287171,47.94681851634,49.62439388488,48.23079516309
418,"LAO","Laos",10789.4593413686,10327.5591528081,9891.1099593101,9659.66921939804,9391.7138597021,8491.74635077265,7973.27273488746,7461.92097958123,7006.78050575599,6475.25611156099,5948.76036427921,5350.9230756903,4831.86856137875,4327.66741941901,3899.12997520066,3532.6001106597,3191.01039137452,2879.37176857714,2686.85254161889,2476.80054855242,2259.68414919452,2060.31381918702,1885.07209882524,1720.71720954719,1566.97038861964,1441.35635859086,1315.60707529922,1201.06152211898,1131.76947902095,1071.43139151357,1047.89403923662,1052.10207073129,980.03603824061,914.85610352524
428,"LVA","Latvia",38.70593290651,36.39356414621,35.61060854983,36.69080177946,37.01287251129,34.4176950134,29.96839082206,26.98274213848,26.08887235548,26.12941201907,24.00386761826,21.93887230179,19.95989568223,18.31304005944,16.93491439057,16.06990987667,15.29413884321,14.78245613518,14.16895891353,13.74434992585,13.73826590932,13.9819869393,14.22923894192,14.55219893082,14.84940416091,14.80049793399,14.35012547655,13.55494083798,12.62901988495,11.90064146235,11.56800304945,11.86163839648,12.06560592654,11.993971156
422,"LBN","Lebanon",363.05704588417,350.56284090893,341.83816541954,354.45970410225,314.38333198112,300.17903880823,284.03495173006,270.67237796058,255.80763741755,240.52273810337,225.31348445385,211.15129377656,195.55479679521,180.63667357668,167.61406516647,158.19311330678,151.27048097221,147.87240235624,144.3781724734,142.33661769086,139.0031849358,136.86559841386,132.14606938566,127.97835168608,124.50717768808,121.90114201587,120.87682988336,121.07705097119,122.75045658335,127.79185677757,132.77622964341,123.06641162178,115.14332557968,110.89437860312
426,"LSO","Lesotho",4591.46362193377,4449.24353313452,4292.40817637773,4139.4638449137,4049.8765102879,3956.02974663932,3933.14119318048,3924.47815388856,3950.39890994923,4039.49373183257,4096.33438002358,4334.571587345,4541.31839543548,4351.00623402253,3984.93232105101,3224.0769428756,2702.76516081837,2541.049954527,2501.71347771922,2495.36284874002,2481.266430451,2452.14903461598,2356.50100471475,2238.29995611051,2141.99459883886,2052.58002905697,1936.16086368343,1843.04238176405,1745.82377100102,1639.03937214569,1585.62615761568,1526.4150890287,1449.5818438067,1377.00955153524
430,"LBR","Liberia",9424.83217458266,9143.56216454278,8122.1586593458,8133.0650405736,8525.50394109876,8511.32658804841,8388.14807871885,7652.09279482108,7498.07530903952,6866.62189185578,5969.32675397973,4998.85796716793,4232.78862379202,3889.23804987513,3887.91878102358,3566.163284723,3345.65929412628,3070.86182622906,2916.4055735831,2811.11161933315,2701.12608277681,2550.25856130981,2512.32283220966,2355.49034593905,2126.83286734796,2005.71769600275,1892.35158816877,1767.45715977768,1655.37228311339,1629.38306711108,1485.87194262581,1443.65873824829,1373.08590284077,1314.23804626339
434,"LBY","Libya",261.38416798517,223.47140626551,202.54987095858,183.6532445848,162.8760090366,147.64932723472,130.64070948138,120.68758938114,110.65162469737,99.82694977195,90.33243880188,83.8989799417,79.80488164475,75.34368282555,71.48205717523,68.38624795387,65.89595815765,66.33279147775,62.65300813296,59.17272162297,55.89078807124,55.13109436945,52.78388979152,50.60598275755,49.54338051929,48.06523348857,47.81317635156,46.83550654068,45.52357437691,44.77389333009,44.47169004381,45.11263787448,46.97944947776,46.97467384783
438,"LIE","Liechtenstein",NA,NA,NA,NA,NA,NA,NA,NA,NA,NA,NA,NA,NA,NA,NA,NA,NA,NA,NA,NA,NA,NA,NA,NA,NA,NA,NA,NA,NA,NA,NA,NA,NA,NA
440,"LTU","Lithuania",66.88220711382,65.43877921338,64.76276485755,67.58928429923,69.24889130469,65.05119807775,56.10112252564,49.48744119952,46.35631240593,45.9970646371,40.95868570728,35.96459522232,31.80670040892,28.40560080717,25.86692372258,23.90148543167,22.36177858853,21.30995230447,20.42079461389,19.41024849017,19.13036316652,18.77582668568,18.69393066308,18.8458321873,18.98303503345,19.07919019459,18.89236609383,18.61959261323,18.11501106632,17.62259607797,17.53473034117,17.81246497363,18.66909865084,18.68815733395
442,"LUX","Luxembourg",3.4389288789,3.41906805056,3.39812103138,3.27716686429,3.05418265133,2.87352182095,2.77737750007,2.66568543295,2.69340110403,2.72527474254,2.76440649809,2.7615264412,2.93797912961,3.14767932666,3.24166684845,3.39425868202,3.59057437319,3.70849461538,3.56698105806,3.4176468744,3.22531067364,2.91087916163,2.75949186419,2.70463205661,2.57397780997,2.52732362208,2.41653921547,2.35372507585,2.27107577813,2.19990600101,2.10847542329,2.05796866809,2.02441334842,1.99544246414
446,"MAC","Macao",NA,NA,NA,NA,NA,NA,NA,NA,NA,NA,NA,NA,NA,NA,NA,NA,NA,NA,NA,NA,NA,NA,NA,NA,NA,NA,NA,NA,NA,NA,NA,NA,NA,NA
450,"MDG","Madagascar",9440.38831122934,9110.11964229511,8756.91404056707,8377.4246486668,7966.27270734652,7566.10179356473,7231.45938589486,6940.66663460835,6760.77790988122,6795.90564784277,6510.11287394705,6267.38775990137,5992.03780020956,5810.27057489315,5621.24363352661,5837.14203499857,5739.75864551532,5673.53476322413,5650.00194191586,5545.4497611732,5287.19707233794,5296.1587251498,5198.27583317358,4918.67538849484,4764.02858396041,4563.18846343811,4226.85738699156,3996.50310953011,3679.32238704512,3339.77264970471,3353.24030351711,3122.4829707031,2798.56825956385,2630.39815480864
454,"MWI","Malawi",10337.5134678545,9809.69693833709,9227.53172955343,8816.88519144721,8184.97995332719,7759.26842510478,7242.74819735473,6827.64302069343,6491.67205560222,6505.61457933806,6118.70793967391,5853.09253916813,5325.66316098096,4793.57551775233,4353.85865014953,3958.14712320037,3707.97461638309,3409.51930622436,3147.51912986724,3014.76454332323,2898.75624999277,2879.00260456666,2781.36337639834,2597.6085343453,2484.86228290164,2409.13431056088,2335.77256395923,2343.06741286159,2405.81727195872,2388.43924123018,2188.04363357053,1945.94114699661,2164.10994476371,1816.58631351349
458,"MYS","Malaysia",313.91854230281,285.37241863466,276.32732218622,262.08495771383,238.67903104355,229.58210681912,205.34807107153,187.41573847297,175.8967036712,166.09536467263,147.46980436598,134.06370906303,123.70242155599,114.8194413052,114.07726149674,113.60065068711,114.75089458691,114.36497790203,114.1673895837,113.23130314675,113.81569741182,115.0825668884,114.32775743276,114.30477333842,114.9938901903,115.65351501759,115.74714895331,117.17434536034,113.95877381725,109.46575919842,106.00571330211,107.16314420722,116.18428806959,110.68613782359
462,"MDV","Maldives",4606.25745351391,4146.24382645774,3662.36032737108,3172.73232820195,2669.49906762358,2188.33797616218,1988.87530079145,1634.02148313317,1418.92035637251,1167.22906355038,1028.79620526705,887.50138505241,747.90994481427,670.23786623201,597.19833882162,519.50770158486,483.8750674398,438.19868405589,398.69802980713,369.05876003303,342.61897525456,318.86810331239,298.31287779427,281.43225122668,265.92659857737,252.36220238573,241.42179482057,233.90963891231,225.21849809278,217.63131893601,216.4296316571,209.39524112995,202.65773073925,197.74877152149
466,"MLI","Mali",9231.43723573995,8811.313500273,8458.01679588876,8089.10163653032,7697.24898989205,7451.68239557393,7434.39248110506,6909.64679594464,6628.61703166874,6372.95308947282,6145.91496894182,5684.32637496704,5739.75237745153,5323.27480885259,4832.64624256736,4488.07667682386,4177.42546106285,3707.80439990986,3474.48499003421,3138.87196675685,2752.26783805344,2452.58089537881,2258.06169794366,2188.84092773419,2136.36781172892,2151.66850962063,2350.82935414875,2351.93099714092,2248.1653188236,2074.77929016034,1930.76279359973,1878.30108648361,1687.40085933075,1557.00566354334
470,"MLT","Malta",4.3242576766,4.3049981526,4.09593832918,3.86268371319,3.62453831951,3.46785585745,3.31289021153,3.14706106028,3.00317292465,2.88347703425,2.76398614944,2.67773958136,2.70537679864,2.74854113381,2.76402997482,2.79492108829,2.82534899694,2.83171477321,2.77379246995,2.69499063756,2.58898058516,2.47543181177,2.42107553177,2.39520753986,2.34602849127,2.30341496515,2.21539031434,2.12554034221,2.02281267189,1.93107531012,1.86703648727,1.8232585252,1.78746163887,1.75984643583
584,"MHL","Marshall Islands",1159.24255887556,1127.16455576889,1081.51301403266,1033.75247489702,977.527051192,931.32888194924,897.07597097635,858.02222650968,840.45708780361,822.10365588353,1277.71340790509,777.15410270504,759.42808181332,741.97263834723,744.89090577566,732.24462704388,710.39780250184,684.12644398122,637.13138454775,605.32623625444,573.48117819723,539.67949377828,511.18297404685,487.06735567028,471.5283048814,457.76075502129,448.95474529903,428.27977303919,421.26667527524,406.90261035408,388.37301508302,370.20615258009,352.71376834246,327.5421766255
478,"MRT","Mauritania",5085.60350503275,4837.12157797663,4678.82382687369,4524.51037340078,4180.69863738172,3959.526015896,4038.15447311042,3856.83162573534,3807.1117807874,3591.3164867575,3539.76746227666,3509.89290249404,3519.18030815765,3403.09270499611,3556.46558273137,3583.1756141749,3522.19241506596,3269.96052555928,2983.52601728277,2906.85244758717,2695.08160114639,2471.28058940561,2433.3494513565,2312.85707399241,2087.59736478572,1958.39873232616,1803.63057204926,1727.33505904804,1601.82638767885,1569.97393463485,1438.37749846294,1398.49249831446,1293.56342072786,1243.13424211503
480,"MUS","Mauritius",222.37468432757,156.91749698782,142.23577499919,124.4101566051,125.22042428506,109.028436455,97.27015220401,85.51860248538,81.88552808387,77.91777299171,74.38034382115,70.7937686951,64.82274315843,59.6218306958,61.09673618049,61.59058028665,68.09446694019,68.98563722918,69.70369535607,67.69213553537,63.10665285033,61.46880071302,63.81944788151,63.35083922504,60.97798672645,62.23071471389,64.14411379851,62.97831829426,59.71357162934,56.74782544335,57.18711247885,59.11455028423,64.29600958244,63.36261474876
484,"MEX","Mexico",1068.00473720082,955.18504537112,794.83061861505,684.61227606211,573.4595302651,513.87543793656,453.09674014696,406.63969072765,352.68512809956,303.04161177887,271.41221480653,253.45640233537,237.3025214013,223.80296551565,205.56028229704,197.38564050898,180.24012305833,164.73408215768,146.38527817388,130.83676136537,121.43338063635,118.34100746928,118.82247889025,117.47798661954,110.37190963507,107.64703982132,103.15690466718,90.92090693583,85.8336990879,87.51669141118,86.26073926216,78.57203458653,75.57025979292,79.02286083159
583,"FSM","Micronesia",1403.24343436487,1302.38706069221,1250.43682209087,1189.55535459269,1135.59715715947,1081.10902611238,1037.56624078175,989.4076925981,955.36960603862,920.94209845341,1728.41125969488,851.46049788034,824.51904708334,799.32347993193,776.98199380318,763.02491805509,730.53712791894,701.07431146106,647.27661452482,609.89536303792,572.31987155274,554.53317389155,533.56695543902,520.03874397796,510.30106758674,506.63943128346,503.53370502285,484.34884803099,484.39677532458,474.60460978244,448.10993284043,434.22384904922,442.30406117562,423.01101086163
498,"MDA","Moldova",197.02669862223,172.2256173806,173.31331706636,186.87617892652,204.8284420265,190.61241038757,178.0063653193,161.72068583558,148.35330228935,142.15736090298,131.4602171885,120.97230561255,107.49257597306,96.82859060626,85.41542274375,74.4233082909,64.09886862956,59.83054968881,58.23214010875,57.20720784154,53.84789797447,53.07705876541,47.01163300091,42.88173801223,40.35465061207,40.75000659262,38.9791141179,39.99926912682,39.80311563176,38.20120214615,37.43164080451,37.35569785762,37.82968622541,37.06561430125
492,"MCO","Monaco",1.47614955136,1.46429943657,1.41673809797,1.37634827657,1.33348649838,1.29155328193,1.25646317901,1.22359267577,1.19611423275,1.17857981124,1.15507922022,1.14283928657,1.16944291626,1.19425532805,1.21010172864,1.2154750041,1.21919589809,1.21764473867,1.21646350966,1.20807820037,1.20132275461,1.19492712064,1.19087524849,1.18578395645,1.18697574205,1.1798280543,1.16598642471,1.14323506377,1.11651946284,1.09311772246,1.07256406912,1.07450113661,1.08397077904,1.08717361668
496,"MNG","Mongolia",868.91212539938,792.65500154691,703.83347940144,616.32724597073,534.01972699694,474.48072476373,440.01097138949,376.74832065633,337.25812463048,299.86571750336,263.06753721122,231.01846938973,206.29820285145,155.32268384202,118.28790361017,95.66733053399,80.26478985232,71.27290709945,65.913217084,61.24253474219,56.55448389742,52.31144019142,47.40636563965,41.79572931819,36.30000954,30.55543921207,26.53935542095,24.2279842659,21.17176367283,18.97898182111,18.26735069936,16.51615375536,16.20851669456,16.41926376265
499,"MNE","Montenegro",22.71800593855,21.75951250354,21.17297094901,21.004699141,20.84991338006,20.5271879828,19.93264423808,19.24875509791,18.41362135337,17.50838893685,16.45697099447,15.39331165016,14.3776003277,13.61589067471,13.05533211182,12.67194758205,12.3897287456,12.12702001294,11.9736312265,11.90489210672,11.71163051409,11.45778073233,11.20657214238,10.97047928277,10.68193309205,10.42201643262,10.05858669419,9.54480806783,8.83034833576,8.29689720594,8.01158078635,7.72521227236,7.28732513561,7.00826857179
504,"MAR","Morocco",2021.42404021223,1868.9024507968,1745.37914157925,1609.80462941411,1473.07873039268,1350.23094272599,1237.5875759478,1140.28759290537,1053.01659284876,970.83381017621,895.52739321934,825.92152543185,762.21908786253,699.52541443739,654.47092576492,613.7140254821,573.14651572847,534.52493730711,484.69040573667,447.82236678352,406.46740778571,355.689239787,308.90645481179,269.23840945984,249.49546069545,221.30313312306,198.59683754498,179.91702493273,164.59996873728,147.67895514354,140.16189041689,127.17676510197,113.90347998834,104.90069906823
508,"MOZ","Mozambique",5818.44019541306,5578.10459224443,5540.04310034722,5336.48416913183,5025.52560592085,4945.69810709181,4824.23416150938,4671.61385065424,4488.1640637416,4372.02606001003,3981.9325278137,3607.24302740275,3336.99546907277,3284.41106104742,3279.86814741612,3157.46148606935,3323.85137810454,3341.74576882062,3286.14607266185,3063.98615092947,2750.85687285752,2448.5462858033,2408.97626644315,2338.89559183045,2288.89476574508,2237.29109817014,2143.02366057693,2037.51295605526,1895.76805392396,1884.11683214092,1770.52883930999,1739.4844660758,1578.66295253931,1461.22093497512
104,"MMR","Myanmar",4697.39918318617,4549.88073142671,4280.16485693367,4009.67010235738,3696.5878270989,3399.28191908331,3131.00411783033,2890.44584633788,2679.92751421673,2443.11904778014,2228.24209774938,1959.14228194101,1723.00729156055,1511.65032046532,1398.849569935,1279.6215291191,1154.94421155518,1040.36405550918,995.27958677129,882.11498693735,815.39564241344,770.35087357959,728.91379077447,699.0215903726,665.61422187716,631.17473777698,601.62279825943,571.81853855748,541.57471711819,514.94566260463,511.20817430051,487.33579425641,453.98452095776,423.50648640025
516,"NAM","Namibia",2312.91790565214,2277.4440009336,2232.63696308441,2185.34644345764,2125.92503978448,2060.92668676787,2005.90319980217,1965.22330619455,1953.92420903447,1915.03868858345,1868.81639756966,1768.82438855127,1710.98807415931,1625.8975660149,1536.6091512626,1496.86319422969,1460.43945600174,1436.69650980269,1360.9030362141,1291.53690931195,1210.65333954025,1117.73143987214,1038.57168949203,1027.07528773794,965.08615300342,882.81186374356,824.09933595211,767.61283290136,726.21057166156,691.16740464736,669.16131348346,642.12227570167,646.4397150149,619.95274498314
520,"NRU","Nauru",718.04952502707,736.97593144806,737.60825502399,740.14854424057,741.82797293612,745.48150818155,750.83228018196,750.17272520435,784.67103504199,792.06605658944,796.02023105731,797.36819582742,789.44711932666,769.15460316991,769.31952519036,774.08627527453,769.14475439036,773.47316909493,720.9601858877,691.06149571301,656.8261220908,613.29138441085,563.9740752436,518.15954963176,465.75092664821,437.35339332363,415.47621836414,390.64428223289,380.58906115245,373.78070736037,350.6328097132,328.62948077683,307.6667386402,291.45589581806
524,"NPL","Nepal",4477.67480351185,4407.79522013488,4013.90335102785,3776.59373674112,3558.5108213981,3332.74413811929,3101.04819863029,2857.52130236267,2627.57089881908,2391.86227634648,2183.34903782909,1995.23644044807,1804.34947005312,1646.9804751179,1512.89608693995,1463.74382752527,1376.74600832021,1216.91900755837,1067.15555329234,1013.6390761951,853.0784026129,755.38356687075,687.61967593742,655.66067038659,607.18972459405,552.50287143155,503.55914399144,464.93357562913,420.94759027191,388.97440682699,373.15020671312,335.53810048818,325.65235654255,308.16347048725
528,"NLD","Netherlands",1.31076274766,1.34030543414,1.33100027103,1.30210069049,1.26618187993,1.218682811,1.20602027355,1.14671859937,1.14106868499,1.15529803206,1.20421405247,1.24386843664,1.33843805362,1.44102326147,1.49906115483,1.5559936176,1.57526393855,1.51284148003,1.38262247347,1.20885652973,1.10224200836,0.98505933703,0.9295614666,0.8570616082,0.79969678932,0.79581691919,0.78043020234,0.75930062827,0.76814321697,0.72514607737,0.67274383792,0.68342725546,0.67283201078,0.69140863429
540,"NCL","New Caledonia",NA,NA,NA,NA,NA,NA,NA,NA,NA,NA,NA,NA,NA,NA,NA,NA,NA,NA,NA,NA,NA,NA,NA,NA,NA,NA,NA,NA,NA,NA,NA,NA,NA,NA
554,"NZL","New Zealand",18.51107708771,17.14897713486,15.9353517886,15.35464181264,15.11546296266,14.55196911141,13.94429884674,13.59073018373,12.16996018451,11.55500582311,11.14219283841,9.94379376051,9.42817640259,8.98107120206,8.85653784422,8.92023037766,9.62296735084,11.15735031399,11.87825794875,12.64039596719,11.82068032855,11.8832083499,11.82447776202,11.04641301308,11.59674801191,10.94327946206,10.23528933956,10.14619131378,9.24000385321,8.67808210582,8.31194175635,8.22985544219,8.13651814939,8.77535880569
558,"NIC","Nicaragua",2727.03445440403,2412.3240497997,2133.30725910605,2070.90488396041,1780.16969970292,1608.84259545741,1366.02789768759,1120.24278214021,1019.54274173711,851.38933670879,751.93866161419,679.62149214321,612.73573157523,558.84847962062,510.49183849249,470.69235931753,412.56448439728,366.45205490041,327.42138619759,293.20575400278,263.74653589362,243.90519273166,228.0825263921,215.88949315408,204.37809057411,192.88897097515,182.7878788583,171.65429503451,164.18535328871,158.56489967536,157.3432348676,153.39371865377,151.27682916266,147.46993140656
562,"NER","Niger",16599.00902206,16476.3465198865,16112.980196566,15550.9153028886,14915.5050098071,14209.367558936,13569.0410145205,12898.7778024281,12314.7062517049,11813.50681049,11537.1055151295,10970.0925070624,10461.2603930501,9909.32873577126,9272.58806668792,9529.68026990527,9236.73528425756,8378.05406588066,7446.68041758924,6760.27914237791,5854.11323712338,5272.60021176069,4667.26538413133,4728.47346857055,4542.12846792005,4222.52796564991,4134.43229093891,3994.5703367452,3662.24919130215,3497.48662875189,3576.30448480412,3591.33293023752,3359.57794075571,3290.97530975171
566,"NGA","Nigeria",12241.0535190631,12723.2174212611,11771.9944796452,11378.5290321306,10930.0449407943,10400.7535791565,9942.71580723232,9259.04028233789,8727.2643717412,8194.52715836909,7764.28104638698,7263.04174428211,6773.07488845095,6207.07898878349,5663.99139616037,5166.5365093085,4984.69702385587,4767.42353824777,4563.06211622692,4357.89386002476,4241.54356288757,3907.04166278768,3640.25600795376,3442.28725050409,3236.28115169785,3009.50653420811,2828.31835643643,2584.22722125804,2359.63429808377,2155.64762500619,1994.03844163793,1950.41328182672,1739.36651128956,1548.42823965541
570,"NIU","Niue",380.44125739718,327.58319385387,357.02384190886,344.44824785727,330.1951950808,316.98194756304,307.91955402083,296.23091674154,297.56051189306,291.50810579612,283.87445181077,275.02133417605,266.33098696278,257.13946554998,250.76015640881,241.19644516346,233.28299312538,226.07460657508,213.20999537103,205.46689799312,198.75585709757,192.62794011941,187.57628670571,183.2975445872,179.43549628805,176.06417290559,170.94358824656,161.46171733073,154.26031899131,145.81341433674,129.58622939815,121.62292672709,122.2063731942,119.90321573035
408,"PRK","North Korea",60.1184448316,57.6721135404,55.79939563988,54.45973103898,52.1773394494,50.92130848002,50.39523204588,49.55092783747,50.22576303344,50.01223092684,49.30178132264,48.57460137004,48.10924792641,47.19757587639,46.41733165447,45.55591773082,45.11083192722,44.59053435256,43.96401191973,43.84818204152,45.30762447533,46.77667827954,49.06349188772,51.26199875769,53.50931762977,55.50193401318,57.49973365259,59.89222713552,60.60608324492,61.5913580009,63.48674835359,68.09747677297,70.85934279183,70.88812171133
807,"MKD","North Macedonia",324.82684478048,293.23752927071,266.08441374038,237.07882416878,211.93913913108,186.65284655592,158.50483217634,134.43911171959,114.37579690928,96.13228964462,80.84555842131,68.37799686797,58.12590244012,51.86084150648,46.75905169021,43.52617486391,40.17707796228,37.29962711346,34.82913269546,33.16748387818,31.52480987938,30.46516895102,31.74732251359,32.44979102009,33.11323025178,33.50057256017,33.42109367629,32.48051619743,30.90949522353,29.24027068749,28.57459716755,26.60960274617,23.85332932208,22.75086747244
578,"NOR","Norway",3.18828523383,2.97336188036,2.86603192619,2.76257681124,2.71079339407,2.69375733998,2.66689005059,2.49591214359,2.38119226386,2.37518578791,2.33733967791,2.28596480538,2.44268737141,2.53453395521,2.50815190951,2.78262642566,2.87109212725,3.00635104428,3.23305869039,3.29469373177,3.20868276571,3.114345338,3.02596825579,2.88649457678,2.77331405791,2.70165885969,2.54612887799,2.51899237002,2.50131904393,2.48545213029,2.48209453479,2.53437913436,2.5048362536,2.54219961534
512,"OMN","Oman",416.41753009273,370.11775389368,341.99163454063,310.66679408459,276.89307712566,241.42350101376,211.91743871284,185.5980231887,161.39709674458,138.14399911256,119.60820625809,103.08967248399,91.19974416105,80.34889388172,71.81222422344,64.90937565085,60.05671115762,57.59387230189,55.19682554499,52.43233396222,49.22651949785,47.2541810988,45.5063992308,43.60149128707,42.5411984589,41.33099368657,41.20129864058,40.9111076213,40.33805175827,39.82845689542,38.15432212086,36.89362500878,36.854787739,35.6670844963
586,"PAK","Pakistan",4514.02789141279,4337.18346227383,4165.65573558589,3990.2278407415,3770.80039401284,3557.47408274809,3323.10853957668,3110.55301829405,2914.40076664703,2715.81180699608,2553.48464513849,2418.07911377176,2383.46400323467,2364.77123042102,2362.04800533343,2369.13750330865,2281.50265906682,2243.76108438508,2273.63550143257,2254.3113445082,2168.1756530619,2063.33086514124,1949.07698241196,1858.3158603738,1765.48683105359,1673.80126618121,1573.95942727787,1465.84948816354,1334.3906783915,1220.09225890479,1108.52680354185,1010.04344365201,916.54185394595,844.01530675977
585,"PLW","Palau",904.04086251368,866.24424483592,833.97236086464,811.76019358735,781.57096090432,757.28794817889,734.06895325729,702.73490590788,688.03870809816,677.91373371981,664.46323863996,652.65062744375,641.25567802028,631.142072908,626.76995006801,619.6691839392,606.64235082112,591.55285188628,556.61936497557,529.4276993058,501.23979530362,477.31174579882,459.31641239175,455.21302912594,445.34407672291,438.62185192564,440.37555710274,432.94373534305,429.09598371947,396.24639935856,391.06218068458,378.74853234106,366.93699059953,359.09461321057
591,"PAN","Panama",490.53367701141,449.28585055723,407.71597399533,352.47524448578,325.6897976412,314.37976835158,303.39114467319,291.34105066845,292.28938958353,261.28689723165,251.65461213551,244.47649314561,231.49190424314,232.25888571784,230.31587709387,231.56881055604,206.64797739812,210.08653979534,194.28067476832,206.01123715547,188.81375762074,174.31453913448,167.03392598118,165.1531099743,161.49977748874,147.50343853951,158.52685430535,154.5533860347,141.51775218208,128.60300000703,125.67016550331,123.84170092516,118.95682980558,110.59076118496
598,"PNG","Papua New Guinea",2172.48745689391,2100.02592815514,2012.92958797707,1915.26555111873,1812.33092185584,1728.34544976556,1662.19558178973,1582.41433232025,1557.97513715121,1521.31991699968,1471.15394083252,1415.76383976666,1368.71581414924,1299.86017901591,1263.37228983352,1261.22361272133,1249.42907962862,1224.91692771403,1188.74661520681,1231.81379387092,1204.68031979099,1135.60372164753,1113.28241967441,1071.69557934457,1033.64263677798,1013.64302584144,983.25692850464,947.38664714737,906.65140512576,888.40772906835,906.69389497472,955.84969088081,875.81193851515,823.55114550362
600,"PRY","Paraguay",810.1938277851,741.45567581359,708.38208553503,655.81661472742,607.15313834924,562.53034611596,524.25608124164,480.69026370685,446.70317085405,415.01803772743,385.73372354788,356.52853836943,332.62053302793,305.8471771157,281.95834725539,261.4553257999,239.27701247146,216.88640727298,195.0009068379,180.67606596212,162.05643436179,143.72862459323,129.25880126323,117.39015401155,105.35284275253,97.57051659028,92.7307403609,85.7074657608,80.41303808989,76.1068168133,74.27411359422,72.67417413138,70.4748132266,66.7367338948
604,"PER","Peru",1039.70323054022,1212.46205066588,964.84573789133,880.4221528846,746.13259491215,663.59984918986,567.44403587539,498.55065562627,434.89058522696,371.48008592641,324.21653758949,286.55540104088,259.39628439398,237.43399835836,217.56742325371,199.18648553852,181.53781246123,163.64724864374,149.3068984814,138.30072743089,127.61587386191,118.40455720552,110.96649609726,104.96015970874,99.17602187693,93.78386336189,89.32517165271,85.61548194242,81.49387155436,76.10989976248,70.16196630833,67.42556932277,65.48036824548,79.85561526727
608,"PHL","Philippines",1615.80226880193,1462.15506756983,1385.45395635126,1294.45239515402,1165.25236412837,1062.74340621459,980.1437954521,888.32854309142,818.06801583869,800.10496836037,773.64596155818,736.2464923103,690.66709844171,643.51707385609,591.69023387738,589.29279139626,567.71098678124,535.25686025192,516.95232028749,508.88372858285,492.50398348371,477.33250111854,464.13494155835,437.0073228029,425.61904767657,419.18390832899,421.26556205315,410.35262718087,386.78099044628,357.51593235994,363.52396746615,379.59095937919,360.82530370522,320.66062662572
616,"POL","Poland",15.43761704447,13.10844441563,12.17367139295,10.18991833287,9.02179505616,8.64713925042,8.42076045042,7.35894100092,6.14129614927,5.42035366623,4.90410494612,4.62729951717,4.18248086402,3.64212473739,3.2982040899,3.34111667273,3.24539114836,3.7915356227,3.95803741557,4.45690868844,5.23390205616,5.44666529786,5.97991841691,7.21108820469,8.16071865076,9.18963870476,10.18152783424,12.21616565451,12.73015315833,12.45133571616,11.81279991132,13.65968747946,15.64061084814,14.47468531985
620,"PRT","Portugal",15.34035982481,13.04025619063,11.90285207722,11.42101075328,9.09711622268,7.68872050545,7.33470766093,6.54453470924,5.89395361974,5.06598473899,4.46479126382,4.13982615671,3.84086072645,3.79228981715,3.61034785181,3.56186366634,3.53017866977,3.53955718264,3.32747751273,3.11113114945,2.85328725556,2.5593327647,2.51512977803,2.53384621159,2.46403105988,2.40883167509,2.35304849362,2.30145063674,2.23489699967,2.20239978669,2.1116089563,2.01838171966,2.00145218866,2.13189567205
634,"QAT","Qatar",57.88722772131,54.41073929324,52.29582435629,49.71609762381,45.69562412512,41.80029919244,40.91374098937,40.17898219844,38.42447569804,36.60932982776,35.22874214904,34.26571607195,32.98437634701,31.75184407915,30.56469428797,29.50184690993,28.70471424396,28.17023970767,27.50117474885,26.54633992365,25.42629990269,24.18139222082,22.99623329362,21.76561307025,20.9539329532,20.2174802683,19.87942533681,19.62290719445,19.32756274844,19.16326383115,19.02267577068,19.19380331271,19.36475939111,19.17782250176
178,"COG","Republic of Congo",5184.66809699178,4977.389471739,4830.94064919271,4702.41293078797,4766.19075597522,4642.10123846362,4540.48740848975,4539.47314331714,4268.3829051876,4178.887401298,4057.87470973372,3833.10825328189,3778.54688228862,3694.83622349295,3538.50558681348,3538.87311255793,3379.23422334745,3284.87517948498,3143.60978492666,2947.92146142872,2684.33196334873,2461.04167344095,2277.19197914353,2075.33207964605,1891.2511452783,1742.48399766586,1610.62562832357,1491.38345372264,1376.29818631352,1529.56627417334,1293.21515604318,1281.18698604732,1229.17769193732,1225.41971612732
642,"ROU","Romania",223.00339447458,189.40185785549,178.80004983206,168.03381337395,168.54583695245,141.48038283978,136.53380805129,121.58519956682,104.91987103386,80.25197740837,74.33606778491,64.15251639146,58.60340545155,52.48350050076,45.74982754973,41.48605412596,36.17239043755,29.99792069238,28.89146750513,27.9832565546,29.11437373022,30.8710064913,31.69992437445,33.16458174362,32.56868971964,32.78958074872,32.86828623576,33.89874764046,33.01704992274,31.47921544341,31.07984577847,30.16773664227,29.39217131263,27.97834971163
643,"RUS","Russia",84.61303928588,80.92890712393,79.0263057538,84.85904883943,86.70740692407,83.15034821044,73.87616015937,68.07079629417,66.78663380009,69.89416795184,65.39354981442,57.97545961483,50.67877175157,44.82127805177,39.05074074247,35.00487139967,30.60228572015,27.97442103411,25.32289459481,23.3169046907,22.73681959062,21.5089996675,21.06098477553,20.36940024193,19.64938959966,18.55061555433,17.40977430756,16.39517021816,15.21727047793,14.29503913959,13.64730783204,13.31972946236,13.94503064045,13.71072492945
646,"RWA","Rwanda",6647.25184125807,6781.39873668685,6878.06481765234,7393.85886218223,13200.8512643168,8383.61134137156,8225.83915805231,8261.58798043497,8261.97274795399,7959.5921035678,7315.44095421244,6583.15802308222,6034.34510588698,5439.27325678385,5231.59660006203,4785.68365025627,4288.07198163246,3812.42350812717,3340.19975678167,2901.25665033001,2595.3526088476,2415.06894223239,2211.51396446449,2070.45961846721,2004.16340371315,1897.31049368158,1768.64252847467,1683.11784487296,1632.33484753857,1597.44287911649,1572.46317084783,1499.00153990281,1411.74893067197,1294.11801435602
652,"BLM","Saint Barthelemy",NA,NA,NA,NA,NA,NA,NA,NA,NA,NA,NA,NA,NA,NA,NA,NA,NA,NA,NA,NA,NA,NA,NA,NA,NA,NA,NA,NA,NA,NA,NA,NA,NA,NA
659,"KNA","Saint Kitts and Nevis",654.37563646143,572.35713917436,542.2093684873,555.6557650389,522.47108798999,502.35791752288,464.01817908481,390.41658948044,353.49384698741,301.84442993458,262.68241384187,215.62496183398,192.73190159437,185.37421970232,180.67217651904,181.35743573618,172.16458421241,162.13855005722,155.2864542066,148.17291276925,142.13995255851,147.37084913622,138.53324596727,129.76520014921,121.67455249784,109.04719664309,106.77088318421,103.0436196918,99.65384723335,97.27650317041,94.60564200699,93.65972118678,92.18134742211,90.22635182295
662,"LCA","Saint Lucia",395.15882762204,349.12030257447,323.92594260173,330.1779017076,300.3019810558,281.5732710643,260.44345252548,232.37957296726,202.1758100281,170.0506298638,145.5875057141,123.2889913637,111.65391521993,109.71629672532,107.93596770702,111.56384851241,107.8881712726,104.86552574586,102.27612199505,97.28044064237,94.0397202157,94.36232467547,91.24045852617,90.38120614333,86.15947986334,81.09951873449,77.97322130595,74.65762271057,72.02355265512,75.83223742618,80.95912488525,80.06136310133,82.47860000941,82.07604675631
882,"WSM","Samoa",228.88502643514,223.01498530739,218.05448307986,212.90125374716,209.17158592804,204.91323268333,200.42765699342,195.65596939098,189.45347487591,188.70805319051,182.85130753965,174.20712570152,166.03007799812,158.98595874296,153.61484082073,148.31687946816,142.45463188849,137.6825579707,132.44560623341,131.41141023315,130.39684887384,129.21105737728,128.74041983584,128.54606734084,127.47387832294,126.50327268936,125.36608710082,122.26183561342,120.03362009896,113.70105348973,114.78618992719,112.51744103081,113.39341739284,111.19469842896
674,"SMR","San Marino",2.05748076899,2.00265498498,1.91502635306,1.8217258328,1.73282999878,1.65068224304,1.58111435626,1.50877821311,1.45159584504,1.39537239586,1.35670198668,1.33292735856,1.35823217932,1.38820408762,1.40571537421,1.41637033252,1.41388624621,1.40745585059,1.40258238373,1.38950734217,1.37772850464,1.36225383983,1.35731070916,1.35032662646,1.351696698,1.35743900191,1.3512127473,1.33198335799,1.30379271657,1.27743665648,1.25425662469,1.25914576866,1.25158934729,1.2437181073
678,"STP","Sao Tome and Principe",3629.39006889109,3274.82144904361,3171.7928713815,3065.19989866513,2970.30895295135,2784.04478247962,2694.65398969975,2593.15535814258,2489.04084251886,2382.48603111914,2140.55883261649,2004.13601495863,1785.44710243617,1591.21038603176,1424.33755757419,1912.05687182262,1464.01353450213,1133.39410617482,1138.54351985048,961.99589467933,898.39533796925,789.05907550608,693.24600348822,644.2467451448,614.82877331673,576.90490426167,536.5171525094,496.58333632505,460.17474410853,423.4581266281,374.36241098211,352.35072026614,338.2937778002,325.88075740055
682,"SAU","Saudi Arabia",410.24071502932,373.22243147382,357.29113902276,337.03290052491,309.45349624099,285.76848422725,264.83369277421,245.85934968683,226.66672149322,205.72723669028,188.31097065318,175.0746734788,166.7494405341,158.06347237025,150.51571508706,140.50112617824,131.50523357272,126.02475303529,119.47669281519,112.28256801361,105.77411528689,100.43389152262,96.06718829733,91.01832253787,87.61523512915,83.14828875768,80.31943966251,76.84108090661,73.65548685509,71.08901560225,69.0100562421,71.11757188411,72.83977872231,70.73790292035
686,"SEN","Senegal",7245.22711877122,6953.47838388901,6631.36998266221,6258.91895714852,5957.85962842505,5605.55005215661,5353.77105023894,4951.83204606409,4760.53074736231,4534.31366968452,4079.09648371205,4587.18837912794,4241.63655331429,3703.40942898674,3866.14654360448,3652.86210322372,3158.64940275479,2908.40493701791,2649.54482662265,2352.38416389845,1995.73736663819,1818.08664949932,1570.92119282154,1459.48803649022,1459.64810368013,1282.97621016765,1245.1336674142,1146.33957826454,1044.14007771974,1004.9369771131,913.04595825991,839.50919344175,847.76413942236,802.46521838527
688,"SRB","Serbia",38.68654439255,32.96389835115,28.86382183289,26.27478158886,25.58996286649,24.58234669367,22.98714146217,21.00793831609,18.90640848781,17.20375358775,16.14604763558,15.35813221101,14.78039803604,14.98998299116,14.99454933506,15.01717600412,15.0528050259,15.15865621536,15.17303889842,15.82037940176,15.97145939899,15.92907196625,16.05876616483,16.20988837859,16.68142411394,17.16398160392,17.29647577373,17.16899663536,16.60437063609,16.24659344405,16.07106626089,15.59086874924,14.57499072731,13.7734600688
690,"SYC","Seychelles",286.89108648885,276.37671220555,268.62272018564,261.1837974941,248.98864489979,239.98629643087,231.79353153939,222.83221092532,215.32990172498,213.82935400989,207.35582287094,201.5700867168,198.35585826226,194.60471103706,193.77946918171,193.74112034555,193.45009401151,249.97668502756,189.13880827767,186.27947495663,185.50498759054,181.82900913921,180.32918808975,175.79898474016,170.53975296606,164.89356700492,160.12132585736,156.94116124836,149.71018696343,140.8604169024,138.88833852822,135.66140102643,136.03163324301,133.48368016659
694,"SLE","Sierra Leone",18183.4901192782,17978.0340286862,17982.9733724066,17606.4094413963,17787.1409901729,17454.4754501681,16971.3084419901,16775.0347473783,16876.174761411,16716.737203357,16588.6728575698,15301.7237641569,14215.963163478,13304.5106364525,13094.9039413195,12205.0642053341,11157.6350352517,9972.03331471012,8788.35684415289,7599.39507159066,7175.52140123701,6585.43487937329,6218.80856043227,5618.39615654579,5203.7188802124,4825.22623122821,4546.02179661907,4376.4549113086,4074.64616869029,3910.21405662133,3643.83531906812,3644.57522399439,3396.87776756205,3240.62199973205
702,"SGP","Singapore",10.57171380161,8.91298233205,7.61827777334,7.03257764991,6.73219094054,5.73793202937,5.01115266635,4.49153691423,4.56918309433,3.81103062749,3.62296177306,3.23897548282,2.99233954106,2.94614816432,2.89703004055,2.98096453828,3.22259449162,3.22183193639,3.00391984001,2.9247815776,2.99027738045,2.99610112276,3.02795664758,2.93414515366,2.80872232212,2.74893269553,2.75668979092,2.67537800426,2.6166293231,2.50021198087,2.4580553783,2.30047068136,2.33103675927,2.59101914216
534,"SXM","Sint Maarten",NA,NA,NA,NA,NA,NA,NA,NA,NA,NA,NA,NA,NA,NA,NA,NA,NA,NA,NA,NA,NA,NA,NA,NA,NA,NA,NA,NA,NA,NA,NA,NA,NA,NA
703,"SVK","Slovakia",29.25865372359,27.51509757482,25.06441985974,22.10808821137,19.19801026555,17.16142406093,15.53254965942,14.16123824408,12.91958769906,11.83475157934,10.86679215528,9.68587698188,8.96550878683,8.80984848734,8.85444016225,9.00125883142,8.85828062213,9.02034991839,9.28414395872,10.11476046497,10.82402477338,11.23639717865,12.32190748694,13.62102768255,14.63765512935,15.78665149912,16.68595586898,17.2541181034,17.39766006845,17.29069810129,17.93911074595,17.4939214858,16.25428504543,14.78038101322
705,"SVN","Slovenia",9.21687917069,8.67031940709,8.44588979997,7.66577837611,7.12536813456,6.24405202879,5.79588436786,5.51836573047,5.01305297737,4.38185990182,4.22193776569,4.00202768371,3.91301976838,3.77736907752,3.72237404058,3.71738500333,3.71203357478,3.8103017758,4.01742149547,4.30333999158,4.72985161263,5.29868696107,5.81217714144,6.2511129707,6.49097408644,6.75954918853,6.79947517761,6.95840940335,6.88375420723,6.80473357794,6.80152504209,6.65984606615,6.50790439201,6.31732879399
90,"SLB","Solomon Islands",1317.94926591495,1282.9770683716,1214.77381782946,1161.61315342003,1103.23900267823,1034.95400310333,980.32784035843,936.75502950672,911.83224088686,880.82869937678,855.33633283705,818.80919169658,792.91473062059,758.86043553045,723.73107026423,707.70155343756,690.89173445803,664.87876770061,622.11116770592,599.60567361505,559.03236757884,539.64394347852,507.63191358306,484.86301260143,467.75893631869,455.45409709142,435.92605086558,417.0506180455,409.50984082997,402.13196057168,387.53218009002,371.59671725118,355.4492328315,335.63131767386
706,"SOM","Somalia",11621.9613647935,11127.1189544868,10957.8981495664,10379.6422146671,11102.9528958761,10758.6061596825,10770.3362577117,10588.910576902,10305.3313373312,10001.8785092771,9954.30944454375,9333.37627473793,9000.60721917597,8635.25042712484,8203.86184840375,7620.47736011557,6994.4749913431,7073.55034016518,6655.19069558108,6268.38161388088,5814.68519459363,5594.41414807988,5214.68295527009,5203.77282905548,5089.4511707907,4841.50525020615,4708.1584548908,4379.50567903505,4160.73510381145,4070.28229971782,4095.23857847611,3795.81569800359,3652.9458451945,3431.98474958598
710,"ZAF","South Africa",2597.99588117741,2425.60135793567,2287.24672084902,2185.82271656434,2149.96491500951,2098.96696506714,2094.53045603419,2049.47908748853,2041.25182236965,2025.29254342462,2029.19445827737,2124.0607156499,2293.59459951925,2400.13460254468,2540.69967280068,2718.8351306633,2771.23964443499,2701.43059101455,2570.72901672286,2333.76162679038,2039.9443909494,1732.49268539895,1541.99575847441,1425.32153645948,1285.58233672263,1123.25217081174,1075.62127141148,1028.5492208976,994.03603190799,957.57524032476,947.12769199676,961.63932649305,906.8177937664,863.3441521936
410,"KOR","South Korea",20.84391175091,18.40479835647,16.31651395578,14.57152390772,13.13531308445,11.67888094182,10.41663784613,9.44983279338,8.5772018532,7.65970716809,6.86991422056,6.2028084531,5.90021197816,5.80166399993,5.6979305746,5.6096843709,5.64927858699,5.75440329689,5.83275168407,5.932344907,6.00469169298,6.0595288591,6.03048123051,5.90446853054,5.77200295965,5.67834419228,5.54311800941,5.39061872827,5.24611587278,5.04780597287,4.9462749547,4.75655257164,4.57376771973,4.59488445633
728,"SSD","South Sudan",8653.80351818314,8402.40144441252,8336.69487221181,8254.39711506161,8080.2387718477,8158.57635739219,7850.25617131184,7394.00296897992,7156.19811543144,6852.95150687682,6627.97184847489,6365.98396333608,6307.76599238793,6302.61846178039,6353.47257298642,6350.39627730688,7008.92714808547,6811.9888449042,6644.21701656989,6448.44276519385,6221.41839528164,5888.19287714305,5940.94758980133,6072.88424915464,6197.81454506318,6279.85446015921,6453.41166051215,6436.26271282417,6464.25494362058,6300.09591474439,6481.23606670483,6553.73492335733,6216.10155177613,5998.11662001873
724,"ESP","Spain",2.95622112965,2.8416161514,2.78194472289,2.71574774886,2.66215432548,2.63907378477,2.60159675489,2.57788814409,2.61586335349,2.65152593501,2.7336637417,2.78448582792,2.85785103762,2.93938184618,2.97578532451,3.03938078636,3.11776414225,3.20252545649,3.13530489252,3.0727436732,3.0230496075,2.89199843832,2.85152933667,2.80789469381,2.783217871,2.80064830586,2.73049305574,2.66362630149,2.62109107628,2.51072223794,2.40981266376,2.36523625008,2.33443397377,2.38867402509
144,"LKA","Sri Lanka",749.45668950221,656.32159955688,589.81717448733,526.58152089279,483.66124034209,433.50420811373,404.38653938995,372.41104698738,340.35275650168,301.86169840467,273.9471001381,251.95962994587,231.94571947219,217.16787036048,212.43724141774,201.0441259195,191.96469544183,182.3042958188,177.73279768855,170.42576480171,162.52063269527,155.47907975766,148.88492737887,143.89359521379,139.14180329512,135.32830265972,131.1372868808,128.24404896232,125.25146747459,123.20614739669,117.02386622622,113.55606840536,122.87777719594,118.71016910553
670,"VCT","St. Vincent and the Grenadines",606.0840564293,565.61505522165,534.70442028275,517.08840948538,484.49088446745,449.66587909882,413.66988353688,364.90653246754,316.59837362158,269.90055667228,232.06437640158,195.04435241962,170.53898740758,172.45470147045,164.94415024257,167.69448081296,158.17897477489,152.11960661174,146.22608431422,137.61548199117,132.21523157861,132.72432842497,128.2329223162,123.03792023632,117.30556570342,105.15078262198,96.19484506549,89.6205159808,84.95791804703,90.45279176674,92.96316150911,81.98297002487,79.51028827242,76.13480973437
275,"PSE","State of Palestine",245.44388479426,223.62302794412,202.22211100495,181.50759136658,162.24411175969,146.11831065202,133.22919281919,122.5226486803,113.01520912016,104.89746136131,99.24949079266,95.01244516077,92.31388424253,89.59600107582,86.89735187233,86.10247681266,83.529509115,81.55039934791,78.39296137866,74.74668224123,71.45923868576,69.12913412045,66.51497678676,64.43515619449,62.94227720994,61.31359255421,57.37411972207,52.41722272858,47.47260813403,43.42541189018,40.80472654591,40.69775686088,41.45103690938,41.12975756093
729,"SDN","Sudan",1420.0499269779,1384.64630103731,1349.90610351171,1325.13510861417,1280.04872551015,1238.80221380266,1300.59264018658,1148.92785609645,1290.84411657368,1061.31243380564,956.47208315464,897.18870034765,846.14302708156,805.38836984818,780.18194969086,790.08101119288,859.11674956769,730.80632171337,699.47093842649,654.79495169766,582.73377822619,514.54191005267,464.13079489216,417.78001009572,384.81714791074,335.02696413287,292.51427916496,345.4248617315,228.79905276583,206.69542718402,187.62215349113,173.74624929102,160.26063534654,146.78679435989
740,"SUR","Suriname",1041.9520053638,1014.39481188277,1002.34677813504,968.20201434607,926.33023928066,860.27703732501,806.85279852583,754.6230271107,702.75155289521,653.71375839339,573.54314109284,516.94272403331,487.65426633821,454.34289796668,422.31230739229,397.08729052361,376.56953142828,362.73562943619,348.17388894493,335.04453457213,322.71625655198,306.89850146421,292.19632286836,285.29630794999,275.0243313411,266.45643618059,260.22521829347,253.57930920138,248.519591899,243.4033481578,249.4748170904,243.98851572068,245.25554236471,251.3583340683
752,"SWE","Sweden",2.89675373846,2.84601898153,2.73424027474,2.58792113661,2.40473853609,2.2663932201,2.15891058082,2.06076591404,2.03298858842,2.01789718774,2.05397366597,2.12529801602,2.26697527896,2.42120882252,2.45677038322,2.60791723868,2.75021523409,2.90105597472,2.88642740719,2.93653948849,2.72181167995,2.51748385782,2.40753681835,2.36319190103,2.28085829281,2.2595805458,2.21825319903,2.15863897418,2.09755561406,1.99894171957,1.90744929249,1.84500659786,1.81580725942,1.98932165411
756,"CHE","Switzerland",1.83702878092,1.85607878643,1.83576267723,1.75247246615,1.66783964888,1.55216345102,1.48038958903,1.43748526211,1.42891570456,1.43141221536,1.45596029418,1.46232606474,1.53250093905,1.639946338,1.69885215073,1.77221157719,1.86275375557,1.91149216524,1.92752163006,1.91066952453,1.88655449636,1.81330508806,1.78594243864,1.78018379683,1.76019773901,1.77441102922,1.725154084,1.69926811372,1.67450803849,1.64178221008,1.57264525593,1.58806018126,1.607082423,1.58030871039
760,"SYR","Syria",252.97217083687,231.42173135441,211.91583978511,189.67181205975,173.44400865958,158.37185743417,142.17890728846,127.42026199924,113.56311665737,106.85362080559,95.94852616081,85.58875474733,78.90436810674,71.73521487664,65.91567870164,61.68516112513,58.10901602229,56.26840525574,55.85989765005,54.74074744296,52.55654883285,50.18476067077,47.62113658525,45.74175419459,45.0351758978,44.54707421756,44.54601316887,44.38540553043,44.35121288308,43.54260491935,42.67281458995,41.59094926309,46.42221560142,39.16965599969
158,"TWN","Taiwan",46.18672076222,46.5604869486,40.32607597033,36.27930462088,35.47218983139,32.52240744712,29.74838566411,26.25667721717,24.21162473433,22.46785918022,20.84918250524,19.88214161932,18.35800146247,17.02294028353,20.00277485952,19.81909790455,18.36836089281,17.4445981236,17.26509379718,17.57102234196,18.49652677321,19.66951329446,21.32189952724,22.26022836135,23.46848705411,24.44874398776,25.20250245549,25.92388961974,26.56312329267,27.19268407567,27.65664160628,28.51037755504,29.12552409461,29.20187666421
762,"TJK","Tajikistan",2114.48340557155,2120.70340600148,2110.16630561694,2100.14786756217,2104.71022675873,2077.79251479052,2033.34403611112,1987.25915097339,1951.33868018141,1901.25412526039,1815.64804582849,1657.78905669597,1478.81372094247,1289.33824127345,1115.90300044423,965.51678184493,846.97151607938,746.13093178861,657.1638079308,581.78707876167,509.31181100492,454.53336767782,412.66523378808,390.87973197371,372.55579793373,344.16254368139,316.63214574398,289.72035554773,266.30299352544,244.32324481321,247.95982227119,240.99652448192,216.53718113704,199.97874141443
834,"TZA","Tanzania",4177.22804802785,4116.4455979689,4443.16828437648,4244.64974995233,4324.62783183245,4297.74010122383,4190.65264029293,4270.82332148278,3992.91278913772,3568.31133189108,3311.90019198709,3176.50835346644,3110.11876977417,2994.45050038368,2848.11060443554,2678.34165861259,2627.57610523633,2589.60706894309,2517.5712456058,2478.22074164453,2387.93191122903,2237.81369480923,2151.5958500411,1971.18732626021,1754.32177654196,1656.53696726926,1534.49720994803,1416.09800847299,1292.56675534546,1179.51114544914,1054.98540896504,966.62869113017,930.31755727369,863.0260727876
764,"THA","Thailand",931.180054754,839.7248516054,756.78798974666,676.5991943317,608.70324919114,545.7859452217,483.61335781892,433.50752748379,416.5412742664,407.33183423842,400.44805760583,380.33228417597,367.51593517586,362.45031126286,358.30173875212,348.72484148467,340.10570200913,329.85231176731,315.9193021047,301.80309085201,294.18147911836,285.32283877683,276.25084731907,266.27147200302,259.01847924609,252.34987937225,251.71952328501,246.21578187703,242.59048828296,240.59498936099,241.20141855623,236.72136404832,234.20342384209,227.95101154111
626,"TLS","Timor-Leste",3328.67034137551,3064.89181383114,2791.66548529104,2545.85663438204,2290.03411777233,2031.80906229345,1818.17267362236,1617.19987168329,1449.54287858592,1312.87978448342,1210.4947197943,1067.45169354394,934.60877014267,863.858533036,711.98237136557,663.84889932072,585.87127135542,536.79818815778,468.28357618546,440.42683408668,408.95815677902,399.483627163,386.13090201486,365.16857747896,349.59149045403,334.61934531078,323.02968465508,311.43342946752,302.43407688038,289.54654702483,290.03685377928,276.16760184526,256.58177060255,247.61210462819
768,"TGO","Togo",7395.49335206422,7429.53841434884,7370.48657285945,7342.91955774475,7257.23194418613,7111.0839033239,6949.67078941284,6717.27400912946,6779.33153387625,6490.92641197001,6480.55694043389,6450.24962445193,6677.42598301369,6698.11661023332,6556.47795810105,6487.3880144113,6449.51182118607,6063.6079828211,5878.02230675191,5802.20375788056,5569.15197128576,5337.79099702655,4959.35321965951,4582.35916098456,4323.06569868888,4099.57528433104,3936.89760671533,3790.20657741704,3509.28886005032,3362.980022872,3215.05404245627,3064.08075931307,2843.12122263808,2634.77735876285
776,"TON","Tonga",152.44401740882,146.89874771821,141.30106804957,137.71480840535,133.59054151406,128.11458656274,124.24319439738,120.86269112021,119.43418917696,122.36219613785,118.9687230858,114.57167838396,110.62145948408,107.03373780556,102.85451671736,100.71329934881,100.2101551807,99.29989475558,95.73291310156,94.3693569603,91.53470934303,89.25517158558,87.48892698289,86.27932298146,85.13889846781,84.12183387981,83.062860042,80.49520914393,79.69591755227,78.30825070404,77.00653516271,75.40299738953,74.84755343816,73.59676636366
780,"TTO","Trinidad and Tobago",274.02951094061,259.2175383919,257.75919296332,281.42697779911,272.00989841754,262.77403895137,251.27628254481,236.02224537898,218.08527199032,201.11669602087,175.17902155364,144.2927876204,129.37046107434,128.04953414033,113.97257956888,116.84283428364,108.09367017735,97.72993871913,95.60697080336,87.5385005829,81.40618816972,80.20799832586,76.72611616555,73.91393884499,71.13338018465,67.90992773761,66.26069437784,63.84395390404,61.48210197581,59.31885543523,57.85076008651,56.1711665763,56.42770503695,56.8391468611
788,"TUN","Tunisia",959.5080666043,886.75130570452,819.89901138985,747.92537670301,673.29560793815,613.48895804073,553.76860974733,500.72077367468,455.64707241919,417.34776172445,380.01417040804,344.8124356712,319.52274428818,294.21305630831,270.03102390878,251.08027018927,235.73466120508,222.19930196902,209.72491173134,198.92906985822,188.93693126606,181.38779943592,174.90606258228,169.00800622459,163.35299446996,160.44960366931,157.51376197036,154.88263044744,151.57047047581,145.16528854348,137.04979711795,136.36463036634,132.33641949084,131.6033866481
792,"TUR","Turkiye",525.5700937948,482.70378222813,443.87105846653,409.93681891967,377.9067421345,344.67265239918,309.62381218604,281.67298204666,257.61550218801,231.79245981775,210.60718663264,194.18235142307,179.85890090996,162.58997586778,148.66547615367,136.95800624695,127.83157520662,120.14927376446,113.70820580465,105.61224088576,98.20299377631,92.42109746797,88.93834623976,87.05458873437,84.61897237183,80.6796312027,75.4189376009,68.93576358901,62.15985825832,56.81122891824,54.05486559692,52.30617159447,50.34953628829,48.71818309497
795,"TKM","Turkmenistan",1311.01212197948,1306.51085709674,1336.10856757603,1406.16217624943,1449.54341185665,1468.19823374297,1386.50782530956,1200.48372427958,998.16965895232,833.648509229,684.82296390429,564.45745053067,454.78908897181,355.93549768298,285.66609811493,269.3089244911,234.61436114699,205.85248874118,191.88368408602,171.82178578231,148.71744292788,127.05764197537,89.89507236334,80.00525320049,63.03145555431,65.49460377974,63.61808530133,61.73719198043,59.18911640996,56.78605211099,59.76839686967,55.5286708298,49.59556254433,45.7543001786
796,"TCA","Turks and Caicos Islands",NA,NA,NA,NA,NA,NA,NA,NA,NA,NA,NA,NA,NA,NA,NA,NA,NA,NA,NA,NA,NA,NA,NA,NA,NA,NA,NA,NA,NA,NA,NA,NA,NA,NA
798,"TUV","Tuvalu",1374.70879257532,1258.31334743389,1170.82376443335,1090.59198748525,1011.35613189027,955.46762576214,918.20424373466,860.9179985345,810.16661287716,800.39709526641,754.33569087153,702.98626207468,653.44822313141,615.15831539604,577.48677970688,560.34454147402,569.20726063104,552.29742865395,527.25029487613,525.12896824189,521.52276231706,515.81391361706,518.90762743846,520.36372400951,516.22006163674,513.02150047338,509.78771788044,489.17327626711,473.17247429908,452.41284546287,441.92308754111,406.09066791824,385.7233728754,385.22367845775
800,"UGA","Uganda",6939.18655737114,6548.45733477219,5886.15778288722,5310.27198277699,4848.88887346251,4406.44186542953,4323.5264209673,4240.95129893274,4126.09387984756,4003.77753804513,3884.40988327083,3708.61355055904,3525.27340474792,3204.72193495936,3046.16967825746,2801.252303797,2554.07952457346,2366.89195779885,2182.84646839356,2000.015346852,1885.25921072297,1770.41588244878,1715.83546507072,1715.43283820665,1659.49213259479,1551.80163691138,1483.45618397656,1384.72379482532,1261.1174099223,1134.53005305064,1031.58876078853,944.65105007072,885.32132291458,842.76379222073
804,"UKR","Ukraine",54.84571324871,56.1743849905,61.73399280959,69.33256951079,85.50967781532,78.880718227,71.39504590649,65.80014474737,55.31657420932,49.3541725604,40.40407574355,34.17191380424,31.34013387518,26.78494220209,22.88380918006,20.96592715227,19.60176741094,17.92087457595,18.00158997266,16.63017923134,15.86388566496,15.3756428943,15.01724714611,14.88087125353,13.25210102381,13.70458171267,13.66088189119,13.03247100761,12.22359692886,11.60784237068,11.3646840568,11.6046445768,12.03641451846,11.76910962127
784,"ARE","United Arab Emirates",116.62959347654,101.63801044485,94.54100383285,87.50470779526,79.66068723432,72.6038815505,67.81178294838,64.62397026665,61.62175345605,57.72999756587,54.5040603156,51.81503603333,49.13176723708,46.09707686982,43.46643253198,40.72324050734,39.14370886288,38.50695478526,37.0917708048,35.24660376277,33.87851405377,33.48041507935,33.18537749954,32.68890748606,32.29112986657,31.2412078445,30.76033380526,30.08576559469,29.02297443757,27.94262139437,27.34189144335,27.87229493033,28.65716395912,28.42973189762
826,"GBR","United Kingdom",2.93888886057,2.79311055621,2.63056529021,2.52011748104,2.41021172405,2.37035729122,2.38959992829,2.38732352884,2.38179837422,2.37281803525,2.41098514665,2.5025624042,2.63842063491,2.83794870525,3.12316796646,3.67069693251,4.41730557123,4.64677600224,4.07602456284,3.51013263411,3.08659219071,2.82722569234,2.66792376536,2.58871883691,2.52674520335,2.53595034107,2.49880053807,2.44234193415,2.40999343478,2.38410579044,2.3828895938,2.41755211392,2.46410484898,1.38905651518
840,"USA","United States of America",5.25492496977715,4.83269805519159,4.38195048133783,4.13303087304249,4.02757819884842,3.93797171779592,3.99166938629885,4.06580417445923,4.101158366934,4.15482145442721,4.45521263703251,4.28242083371014,4.24206588793696,4.18912469622237,4.14012899848043,3.95523247597973,3.89826103466758,3.7182392885259,3.57488139078469,3.28978140268563,3.05276944166912,3.0721988720985,2.9192067163572,2.7927897432571,2.67489363329861,2.58994373327034,2.43941372661615,2.26262752283274,2.08193977964824,1.96990092387797,1.92185835391955,1.96720541454305,2.09871469236346,2.06591407553501
858,"URY","Uruguay",111.24867731198,101.51858909581,86.30839016307,81.554653286,82.47654558009,85.5493029258,86.90056744106,89.21216450414,83.42854192017,78.47726496877,72.4923837148,68.82174207901,69.28310247875,68.43629138928,66.8912025416,64.12412534014,59.0044769361,53.72224362701,48.00061863636,42.2484378742,39.15113464629,35.83590985168,34.2560294817,33.04815730801,31.13214158339,28.87404392625,25.959246628,24.66048351135,23.56661021464,22.58572728631,20.07675849212,18.56383605893,18.13637319447,17.45920310726
860,"UZB","Uzbekistan",603.55980253095,617.45746275745,673.44799923436,680.90963668923,688.57062688499,597.96062034445,472.77892918318,367.77960415915,255.913273589,193.4571168888,157.14683042339,132.84031745394,102.40259509047,75.20141392439,53.41444698306,43.29871737177,41.95557734205,40.13951304798,38.41886965505,35.91600078135,37.06576370702,35.11510703989,30.44330878825,24.60826985131,24.63917872783,25.52442030569,24.66790361017,17.71920128307,20.60735207101,21.6165354651,25.58855065999,24.6229777464,21.92383698538,20.59474052174
548,"VUT","Vanuatu",1373.56791049439,1349.93306583915,1317.06644745497,1278.68025977266,1252.13370915731,1190.23895410969,1151.55504884517,1100.88232102372,1054.31793004384,1077.05214270967,1021.39719950418,982.63993451361,914.66677945558,857.47197334679,807.15805556327,799.74211983564,777.05024219291,791.81199333746,781.90451124269,751.8284428042,732.45363794546,716.49320669526,683.42506657125,670.53388253311,667.2756702614,654.99696384463,668.3968265288,651.94414974497,630.31509637945,602.96229339249,585.30062734393,569.8813664049,533.98978238347,507.03798477891
862,"VEN","Venezuela",788.41978477658,719.69368834725,665.65550574522,642.06178736889,675.10792863081,639.96538431802,598.69088520983,515.3480990732,450.9706167138,411.85010491192,346.71977167503,318.26504283163,316.19692455124,330.20455450111,290.24152017771,252.78390422891,213.94217826892,182.07236695092,158.42014702591,149.06636179291,148.26774143655,141.00720909034,134.31860875337,135.89999446419,154.06887140096,180.28587300726,219.19870178497,231.19671603574,229.86382918444,225.08147957156,244.96005578225,259.05394987243,257.23778688504,248.02262786275
704,"VNM","Viet Nam",329.47713643916,304.78071552122,287.60286507208,258.7282334479,242.19964940923,223.37357806636,203.3991050332,188.67161740924,179.22755117644,170.44257151202,162.23299251231,154.57086772419,147.33907713591,143.15415843544,139.99537488921,135.77936978925,131.95694163103,126.87916855117,123.27513702531,120.26674360718,116.37220566867,113.24027597472,109.48752108318,106.12884631548,103.86081593306,102.82009151535,100.47024502561,98.59135086774,96.54704735432,94.54463407017,93.14690189078,93.34685976561,96.43535478912,83.81146125536
876,"WLF","Wallis and Futuna Islands",NA,NA,NA,NA,NA,NA,NA,NA,NA,NA,NA,NA,NA,NA,NA,NA,NA,NA,NA,NA,NA,NA,NA,NA,NA,NA,NA,NA,NA,NA,NA,NA,NA,NA
732,"ESH","Western Sahara",NA,NA,NA,NA,NA,NA,NA,NA,NA,NA,NA,NA,NA,NA,NA,NA,NA,NA,NA,NA,NA,NA,NA,NA,NA,NA,NA,NA,NA,NA,NA,NA,NA,NA
887,"YEM","Yemen",1585.49668323014,1489.89099300214,1419.37689244053,1351.48244066912,1283.74506061957,1215.59802055538,1148.04713285977,1086.13956982624,1014.61169790049,946.10063862824,870.00576243281,787.96607309603,743.7848193937,677.04793040566,577.66700072343,493.65359514261,427.54620081362,437.88394961414,434.37671555932,420.99141695514,402.56964776883,404.88565020632,359.9680798036,351.82593395702,320.61945841319,301.6703864031,326.56123500409,447.54740198903,336.23711974036,302.188013153,197.40452576448,183.31134992853,171.01666042316,160.8342040426
894,"ZMB","Zambia",7320.91812075659,7494.41851221657,7302.79823697127,7012.68671667016,6794.44285390289,6684.57318182963,6522.51715153411,6343.81381653061,6169.17596306595,6109.6227384065,5746.72724115805,6369.20576958905,4954.84839664268,4665.70581831763,4557.62742624077,4283.71186916123,4028.95457582991,3733.88476702209,3542.50265743497,3271.36512978376,2963.42009691484,2702.49874533182,2432.67812702553,2235.19042096719,2067.35637542674,1929.00487657457,1804.09249091949,1735.08021220582,1574.86952047651,1447.79414535125,1327.39191416897,1212.71451406383,1155.84316244698,1118.72896955865
716,"ZWE","Zimbabwe",1736.12235866567,1678.27979204204,1757.32513671592,1765.98214189149,1680.03881006971,1679.66405274973,1678.93088740288,1709.01384157791,1765.69305721244,1869.79580757369,1969.80802144934,1961.86960004552,2020.56195122282,2015.64903950126,2069.78141879495,2159.46432552973,2091.1001302374,1954.26320629881,2585.83298103058,2772.04128711681,2035.57281933215,2078.40079838774,1962.24148560949,1779.29060068699,1591.315990168,1472.49249897432,1410.88740461457,1312.78131683024,1252.41356293005,1204.54622908361,1165.37502187072,1142.06640879989,1153.6494976552,1266.45596683011
